mesh_code,ward_code,ward_ja,lat,lon,est_total,emp_total,est_retail,emp_retail,est_restaurant,emp_restaurant
533925463,13111,大田区,35.53958333333333,139.703125,11,118,0,0,0,0
533925464,13111,大田区,35.53958333333333,139.709375,65,457,12,109,9,33
533925473,13111,大田区,35.53958333333333,139.71562500000002,5,93,0,0,0,0
533925561,13111,大田区,35.543749999999996,139.703125,95,1457,5,96,2,30
533925562,13111,大田区,35.543749999999996,139.709375,143,1594,11,136,4,8
533925563,13111,大田区,35.547916666666666,139.703125,46,224,1,1,1,1
533925564,13111,大田区,35.547916666666666,139.709375,132,774,12,65,5,34
533925571,13111,大田区,35.543749999999996,139.71562500000002,164,1687,8,93,6,10
533925572,13111,大田区,35.543749999999996,139.721875,69,649,6,17,4,12
533925573,13111,大田区,35.547916666666666,139.71562500000002,209,1790,32,324,20,118
533925574,13111,大田区,35.547916666666666,139.721875,256,1716,22,314,18,57
533925581,13111,大田区,35.543749999999996,139.728125,37,179,0,0,1,1
533925582,13111,大田区,35.543749999999996,139.734375,4,58,0,0,0,0
533925583,13111,大田区,35.547916666666666,139.728125,175,1441,12,111,4,10
533925584,13111,大田区,35.547916666666666,139.734375,136,1209,7,200,3,18
533925593,13111,大田区,35.547916666666666,139.74062500000002,118,1001,12,66,4,59
533925594,13111,大田区,35.547916666666666,139.74687500000002,174,1362,30,231,16,50
533925662,13111,大田区,35.55208333333333,139.709375,183,1132,26,136,16,37
533925663,13111,大田区,35.55625,139.703125,125,752,7,81,2,4
533925664,13111,大田区,35.55625,139.709375,122,1031,15,86,3,16
533925671,13111,大田区,35.55208333333333,139.71562500000002,336,2215,79,736,66,359
533925672,13111,大田区,35.55208333333333,139.721875,177,1191,17,76,17,41
533925673,13111,大田区,35.55625,139.71562500000002,159,5482,13,68,16,32
533925674,13111,大田区,35.55625,139.721875,239,5118,22,193,14,107
533925681,13111,大田区,35.55208333333333,139.728125,326,2140,61,417,57,266
533925682,13111,大田区,35.55208333333333,139.734375,215,1642,27,189,13,73
533925683,13111,大田区,35.55625,139.728125,272,1862,55,387,34,184
533925684,13111,大田区,35.55625,139.734375,165,1049,22,88,7,26
533925691,13111,大田区,35.55208333333333,139.74062500000002,258,2201,44,317,42,304
533925692,13111,大田区,35.55208333333333,139.74687500000002,203,5776,21,191,34,200
533925693,13111,大田区,35.55625,139.74062500000002,206,2745,23,532,6,35
533925694,13111,大田区,35.55625,139.74687500000002,89,1647,6,115,2,19
533925742,13111,大田区,35.56041666666666,139.68437500000002,6,230,0,0,0,0
533925743,13111,大田区,35.56458333333333,139.67812500000002,9,135,2,19,0,0
533925744,13111,大田区,35.56458333333333,139.68437500000002,101,1699,6,116,2,13
533925751,13111,大田区,35.56041666666666,139.690625,140,1335,8,58,1,15
533925752,13111,大田区,35.56041666666666,139.696875,261,2640,42,284,19,121
533925753,13111,大田区,35.56458333333333,139.690625,238,2893,25,214,14,54
533925754,13111,大田区,35.56458333333333,139.696875,211,1975,20,268,12,47
533925761,13111,大田区,35.56041666666666,139.703125,219,1956,36,227,12,40
533925762,13111,大田区,35.56041666666666,139.709375,293,3808,38,565,33,87
533925763,13111,大田区,35.56458333333333,139.703125,173,1280,26,201,6,17
533925764,13111,大田区,35.56458333333333,139.709375,397,4367,50,258,51,126
533925771,13111,大田区,35.56041666666666,139.71562500000002,880,20912,243,2540,173,1676
533925772,13111,大田区,35.56041666666666,139.721875,622,6195,61,672,120,871
533925773,13111,大田区,35.56458333333333,139.71562500000002,931,9303,123,1188,297,2015
533925774,13111,大田区,35.56458333333333,139.721875,279,2966,37,250,31,272
533925781,13111,大田区,35.56041666666666,139.728125,234,1877,33,193,24,47
533925782,13111,大田区,35.56041666666666,139.734375,209,1221,11,26,6,35
533925783,13111,大田区,35.56458333333333,139.728125,198,1353,22,235,14,42
533925784,13111,大田区,35.56458333333333,139.734375,167,1180,15,71,10,134
533925791,13111,大田区,35.56041666666666,139.74062500000002,225,2157,13,258,2,3
533925792,13111,大田区,35.56041666666666,139.74687500000002,184,2435,1,2,2,10
533925793,13111,大田区,35.56458333333333,139.74062500000002,238,1683,17,134,17,57
533925794,13111,大田区,35.56458333333333,139.74687500000002,184,2225,17,121,11,20
533925841,13111,大田区,35.56875,139.67812500000002,26,176,1,8,1,6
533925842,13111,大田区,35.56875,139.68437500000002,231,8099,28,167,21,129
533925843,13111,大田区,35.57291666666667,139.67812500000002,130,941,10,86,5,14
533925844,13111,大田区,35.57291666666667,139.68437500000002,166,1394,23,207,12,112
533925851,13111,大田区,35.56875,139.690625,273,1707,42,325,43,193
533925852,13111,大田区,35.56875,139.696875,155,2674,18,412,4,15
533925853,13111,大田区,35.57291666666667,139.690625,168,1184,25,226,24,123
533925854,13111,大田区,35.57291666666667,139.696875,161,1691,17,137,7,63
533925861,13111,大田区,35.56875,139.703125,155,860,17,107,4,8
533925862,13111,大田区,35.56875,139.709375,133,763,22,138,6,12
533925863,13111,大田区,35.57291666666667,139.703125,519,5243,101,818,87,652
533925864,13111,大田区,35.57291666666667,139.709375,157,1156,13,56,9,24
533925871,13111,大田区,35.56875,139.71562500000002,162,1214,26,193,18,31
533925872,13111,大田区,35.56875,139.721875,202,4297,45,426,18,212
533925873,13111,大田区,35.57291666666667,139.71562500000002,182,1044,20,166,5,10
533925874,13111,大田区,35.57291666666667,139.721875,169,2357,16,176,6,23
533925881,13111,大田区,35.56875,139.728125,301,2088,55,493,37,157
533925882,13111,大田区,35.56875,139.734375,213,1512,31,441,12,44
533925883,13111,大田区,35.57291666666667,139.728125,217,2034,43,608,15,153
533925884,13111,大田区,35.57291666666667,139.734375,219,2033,31,243,28,270
533925891,13111,大田区,35.56875,139.74062500000002,150,1344,26,128,6,20
533925892,13111,大田区,35.56875,139.74687500000002,113,935,2,27,0,0
533925893,13111,大田区,35.57291666666667,139.74062500000002,35,314,0,0,2,8
533925894,13111,大田区,35.57291666666667,139.74687500000002,47,1528,0,0,2,13
533925932,13111,大田区,35.577083333333334,139.671875,3,66,0,0,0,0
533925934,13111,大田区,35.581250000000004,139.671875,61,491,8,61,6,18
533925941,13111,大田区,35.577083333333334,139.67812500000002,220,1563,38,319,18,100
533925942,13111,大田区,35.577083333333334,139.68437500000002,113,642,14,52,5,9
533925943,13111,大田区,35.581250000000004,139.67812500000002,76,769,8,64,4,8
533925944,13111,大田区,35.581250000000004,139.68437500000002,190,1185,44,350,18,63
533925951,13111,大田区,35.577083333333334,139.690625,46,241,3,9,1,12
533925952,13111,大田区,35.577083333333334,139.696875,112,1610,12,85,5,51
533925953,13111,大田区,35.581250000000004,139.690625,128,760,27,136,8,51
533925954,13111,大田区,35.581250000000004,139.696875,149,1895,22,416,13,56
533925961,13111,大田区,35.577083333333334,139.703125,167,1596,29,249,11,93
533925962,13111,大田区,35.577083333333334,139.709375,112,700,15,93,4,7
533925963,13111,大田区,35.581250000000004,139.703125,99,1181,12,81,6,134
533925964,13111,大田区,35.581250000000004,139.709375,46,159,2,3,0,0
533925971,13111,大田区,35.577083333333334,139.71562500000002,206,2383,38,317,16,72
533925972,13111,大田区,35.577083333333334,139.721875,175,1448,14,64,6,9
533925973,13111,大田区,35.581250000000004,139.71562500000002,115,963,13,83,6,19
533925974,13111,大田区,35.581250000000004,139.721875,209,2232,42,726,33,135
533925981,13111,大田区,35.577083333333334,139.728125,165,1532,19,195,7,17
533925982,13111,大田区,35.577083333333334,139.734375,324,2334,56,413,54,338
533925983,13111,大田区,35.581250000000004,139.728125,191,1800,23,190,6,18
533925984,13111,大田区,35.581250000000004,139.734375,196,1209,25,138,18,55
533925991,13111,大田区,35.577083333333334,139.74062500000002,54,1076,4,7,1,4
533925992,13111,大田区,35.577083333333334,139.74687500000002,136,5225,8,203,3,19
533925993,13111,大田区,35.581250000000004,139.74062500000002,60,3193,5,359,2,12
533925994,13111,大田区,35.581250000000004,139.74687500000002,100,3338,5,630,4,24
533926414,13111,大田区,35.53958333333333,139.771875,11,407,0,0,0,0
533926423,13111,大田区,35.53958333333333,139.77812500000002,9,462,1,11,0,0
533926431,13111,大田区,35.53541666666666,139.790625,7,2150,0,0,2,20
533926432,13111,大田区,35.53541666666666,139.796875,6,209,0,0,0,0
533926433,13111,大田区,35.53958333333333,139.790625,15,1353,2,19,0,0
533926434,13111,大田区,35.53958333333333,139.796875,13,433,1,2,2,19
533926502,13111,大田区,35.543749999999996,139.759375,2,12,0,0,0,0
533926503,13111,大田区,35.547916666666666,139.753125,46,238,5,15,4,20
533926504,13111,大田区,35.547916666666666,139.759375,6,440,1,10,1,8
533926511,13111,大田区,35.543749999999996,139.765625,17,208,5,83,0,0
533926512,13111,大田区,35.543749999999996,139.771875,81,3389,14,178,21,511
533926513,13111,大田区,35.547916666666666,139.765625,3,64,0,0,3,64
533926521,13111,大田区,35.543749999999996,139.77812500000002,36,186,0,0,0,0
533926524,13111,大田区,35.547916666666666,139.784375,178,17692,52,1218,36,654
533926531,13111,大田区,35.543749999999996,139.790625,31,4380,3,15,1,23
533926533,13111,大田区,35.547916666666666,139.790625,2,23,1,8,0,0
533926601,13111,大田区,35.55208333333333,139.753125,97,4530,5,117,5,44
533926602,13111,大田区,35.55208333333333,139.759375,1,63,0,0,0,0
533926603,13111,大田区,35.55625,139.753125,67,3542,2,12,4,24
533926604,13111,大田区,35.55625,139.759375,2,52,0,0,0,0
533926622,13111,大田区,35.55208333333333,139.784375,73,15036,21,352,22,325
533926623,13111,大田区,35.55625,139.77812500000002,9,250,1,0,1,6
533926624,13111,大田区,35.55625,139.784375,10,481,2,22,0,0
533926631,13111,大田区,35.55208333333333,139.790625,37,998,11,95,14,249
533926701,13111,大田区,35.56041666666666,139.753125,57,782,1,8,0,0
533926721,13111,大田区,35.56041666666666,139.77812500000002,17,1128,0,0,0,0
533926722,13111,大田区,35.56041666666666,139.784375,4,151,0,0,0,0
533926801,13111,大田区,35.56875,139.753125,1,0,0,0,0,0
533926802,13111,大田区,35.56875,139.759375,37,1109,1,3,0,0
533926803,13111,大田区,35.57291666666667,139.753125,27,885,0,0,0,0
533926804,13111,大田区,35.57291666666667,139.759375,16,645,0,0,0,0
533926811,13111,大田区,35.56875,139.765625,103,1998,0,0,0,0
533926812,13111,大田区,35.56875,139.771875,3,29,0,0,0,0
533926813,13111,大田区,35.57291666666667,139.765625,77,1402,4,66,1,4
533926814,13111,大田区,35.57291666666667,139.771875,9,169,0,0,0,0
533926903,13111,大田区,35.581250000000004,139.753125,63,1324,1,1,1,2
533926904,13111,大田区,35.581250000000004,139.759375,188,3035,7,173,0,0
533926913,13111,大田区,35.581250000000004,139.765625,87,529,10,34,13,55
533926914,13111,大田区,35.581250000000004,139.771875,19,691,2,33,0,0
533926921,13111,大田区,35.577083333333334,139.77812500000002,12,216,0,0,0,0
533926923,13111,大田区,35.581250000000004,139.77812500000002,78,1390,0,0,0,0
533926924,13111,大田区,35.581250000000004,139.784375,39,930,1,36,0,0
533934393,13112,世田谷区,35.614583333333336,139.61562500000002,1,2,0,0,0,0
533934394,13112,世田谷区,35.614583333333336,139.62187500000002,100,658,10,60,8,40
533934472,13112,世田谷区,35.61875,139.596875,7,53,1,2,0,0
533934473,13112,世田谷区,35.62291666666667,139.59062500000002,60,281,5,17,1,9
533934474,13112,世田谷区,35.62291666666667,139.596875,75,1034,1,1,0,0
533934481,13112,世田谷区,35.61875,139.603125,21,181,0,0,0,0
533934482,13112,世田谷区,35.61875,139.609375,61,479,7,26,4,12
533934483,13112,世田谷区,35.62291666666667,139.603125,77,427,5,11,3,7
533934484,13112,世田谷区,35.62291666666667,139.609375,85,816,13,126,5,51
533934491,13112,世田谷区,35.61875,139.61562500000002,102,916,16,124,0,0
533934492,13112,世田谷区,35.61875,139.62187500000002,66,1525,5,53,4,51
533934493,13112,世田谷区,35.62291666666667,139.61562500000002,43,440,6,33,0,0
533934494,13112,世田谷区,35.62291666666667,139.62187500000002,21,327,0,0,2,17
533934572,13112,世田谷区,35.62708333333333,139.596875,57,303,14,102,2,3
533934574,13112,世田谷区,35.63125,139.596875,37,463,8,207,2,2
533934581,13112,世田谷区,35.62708333333333,139.603125,58,552,8,60,2,4
533934582,13112,世田谷区,35.62708333333333,139.609375,27,237,3,6,0,0
533934583,13112,世田谷区,35.63125,139.603125,73,951,17,329,3,126
533934584,13112,世田谷区,35.63125,139.609375,27,276,4,42,1,9
533934591,13112,世田谷区,35.62708333333333,139.61562500000002,51,410,4,7,1,3
533934592,13112,世田谷区,35.62708333333333,139.62187500000002,29,147,0,0,2,6
533934593,13112,世田谷区,35.63125,139.61562500000002,7,149,0,0,1,7
533934594,13112,世田谷区,35.63125,139.62187500000002,39,719,1,22,3,35
533934671,13112,世田谷区,35.635416666666664,139.59062500000002,187,1730,43,495,16,241
533934672,13112,世田谷区,35.635416666666664,139.596875,61,768,9,94,0,0
533934673,13112,世田谷区,35.639583333333334,139.59062500000002,31,780,2,2,2,13
533934674,13112,世田谷区,35.639583333333334,139.596875,417,4499,98,1130,51,755
533934681,13112,世田谷区,35.635416666666664,139.603125,55,889,5,32,2,19
533934682,13112,世田谷区,35.635416666666664,139.609375,97,1111,11,166,12,29
533934683,13112,世田谷区,35.639583333333334,139.603125,152,1427,14,189,12,83
533934684,13112,世田谷区,35.639583333333334,139.609375,163,819,34,219,13,45
533934691,13112,世田谷区,35.635416666666664,139.61562500000002,76,1361,13,102,3,51
533934692,13112,世田谷区,35.635416666666664,139.62187500000002,109,1457,21,370,2,5
533934693,13112,世田谷区,35.639583333333334,139.61562500000002,69,331,8,58,2,7
533934694,13112,世田谷区,35.639583333333334,139.62187500000002,71,823,21,292,1,3
533934771,13112,世田谷区,35.64375,139.59062500000002,22,79,2,5,0,0
533934772,13112,世田谷区,35.64375,139.596875,79,456,11,30,4,24
533934774,13112,世田谷区,35.64791666666667,139.596875,53,723,8,72,1,6
533934781,13112,世田谷区,35.64375,139.603125,72,1820,14,83,2,37
533934782,13112,世田谷区,35.64375,139.609375,290,2206,61,603,72,571
533934783,13112,世田谷区,35.64791666666667,139.603125,35,189,1,1,0,0
533934784,13112,世田谷区,35.64791666666667,139.609375,103,588,26,178,7,18
533934791,13112,世田谷区,35.64375,139.61562500000002,84,1283,12,312,1,2
533934792,13112,世田谷区,35.64375,139.62187500000002,83,546,14,34,3,14
533934793,13112,世田谷区,35.64791666666667,139.61562500000002,62,351,3,10,3,72
533934794,13112,世田谷区,35.64791666666667,139.62187500000002,390,3288,90,748,78,529
533934872,13112,世田谷区,35.65208333333334,139.596875,34,624,3,135,1,38
533934873,13112,世田谷区,35.65625000000001,139.59062500000002,110,964,11,100,10,78
533934874,13112,世田谷区,35.65625000000001,139.596875,45,387,3,81,0,0
533934881,13112,世田谷区,35.65208333333334,139.603125,30,167,2,4,0,0
533934882,13112,世田谷区,35.65208333333334,139.609375,80,674,13,236,5,40
533934883,13112,世田谷区,35.65625000000001,139.603125,60,432,8,104,2,28
533934884,13112,世田谷区,35.65625000000001,139.609375,89,887,11,192,2,4
533934891,13112,世田谷区,35.65208333333334,139.61562500000002,99,1744,16,123,3,11
533934892,13112,世田谷区,35.65208333333334,139.62187500000002,47,575,6,21,1,4
533934893,13112,世田谷区,35.65625000000001,139.61562500000002,56,992,7,156,3,110
533934894,13112,世田谷区,35.65625000000001,139.62187500000002,94,1120,11,371,4,29
533934971,13112,世田谷区,35.66041666666667,139.59062500000002,86,557,16,63,10,93
533934972,13112,世田谷区,35.66041666666667,139.596875,27,281,2,4,0,0
533934973,13112,世田谷区,35.66458333333334,139.59062500000002,77,913,15,137,2,91
533934974,13112,世田谷区,35.66458333333334,139.596875,40,325,8,31,2,5
533934981,13112,世田谷区,35.66041666666667,139.603125,49,310,8,58,0,0
533934982,13112,世田谷区,35.66041666666667,139.609375,81,1149,11,177,1,7
533934983,13112,世田谷区,35.66458333333334,139.603125,179,987,37,163,15,47
533934984,13112,世田谷区,35.66458333333334,139.609375,49,816,1,3,2,44
533934991,13112,世田谷区,35.66041666666667,139.61562500000002,58,1260,5,56,3,20
533934992,13112,世田谷区,35.66041666666667,139.62187500000002,89,1260,8,81,1,1
533934993,13112,世田谷区,35.66458333333334,139.61562500000002,65,433,9,25,1,1
533934994,13112,世田谷区,35.66458333333334,139.62187500000002,30,639,4,7,0,0
533935032,13111,大田区,35.58541666666667,139.671875,77,401,13,75,10,104
533935033,13111,大田区,35.58958333333334,139.665625,42,172,2,4,2,27
533935034,13111,大田区,35.58958333333334,139.671875,98,689,18,154,6,37
533935041,13111,大田区,35.58541666666667,139.67812500000002,88,475,11,50,2,7
533935042,13111,大田区,35.58541666666667,139.68437500000002,182,1386,35,577,18,143
533935043,13111,大田区,35.58958333333334,139.67812500000002,238,2445,45,509,30,167
533935044,13111,大田区,35.58958333333334,139.68437500000002,110,624,14,106,7,19
533935051,13111,大田区,35.58541666666667,139.690625,71,625,4,23,2,2
533935052,13111,大田区,35.58541666666667,139.696875,173,2281,14,408,2,5
533935053,13111,大田区,35.58958333333334,139.690625,57,290,6,21,2,3
533935054,13111,大田区,35.58958333333334,139.696875,168,1226,29,188,16,54
533935061,13111,大田区,35.58541666666667,139.703125,181,1700,32,356,18,87
533935062,13111,大田区,35.58541666666667,139.709375,132,774,19,138,15,38
533935063,13111,大田区,35.58958333333334,139.703125,109,700,6,40,2,10
533935064,13111,大田区,35.58958333333334,139.709375,138,1107,22,162,6,40
533935071,13111,大田区,35.58541666666667,139.71562500000002,54,315,7,87,0,0
533935072,13111,大田区,35.58541666666667,139.721875,158,898,34,163,4,12
533935073,13111,大田区,35.58958333333334,139.71562500000002,84,549,13,76,1,2
533935074,13111,大田区,35.58958333333334,139.721875,118,569,12,63,8,33
533935081,13111,大田区,35.58541666666667,139.728125,834,7037,81,455,190,1032
533935082,13111,大田区,35.58541666666667,139.734375,351,6754,48,966,30,337
533935083,13111,大田区,35.58958333333334,139.728125,843,19133,163,2102,136,1511
533935084,13109,品川区,35.58958333333334,139.734375,474,16934,39,427,53,485
533935091,13111,大田区,35.58541666666667,139.74062500000002,82,3477,5,223,9,168
533935092,13111,大田区,35.58541666666667,139.74687500000002,96,1966,4,109,0,0
533935093,13109,品川区,35.58958333333334,139.74062500000002,5,37,2,16,1,13
533935094,13111,大田区,35.58958333333334,139.74687500000002,1,1,0,0,0,0
533935114,13112,世田谷区,35.59791666666667,139.646875,49,717,8,94,0,0
533935121,13112,世田谷区,35.59375,139.65312500000002,28,366,3,28,1,8
533935122,13111,大田区,35.59375,139.659375,45,202,2,7,2,5
533935123,13112,世田谷区,35.59791666666667,139.65312500000002,87,1426,10,52,5,41
533935124,13111,大田区,35.59791666666667,139.659375,60,238,1,1,1,3
533935131,13111,大田区,35.59375,139.665625,42,181,2,5,1,10
533935132,13111,大田区,35.59375,139.671875,99,608,15,60,10,31
533935133,13111,大田区,35.59791666666667,139.665625,156,1417,43,498,13,145
533935134,13112,世田谷区,35.59791666666667,139.671875,142,802,24,96,8,50
533935141,13112,世田谷区,35.59375,139.67812500000002,133,2672,17,101,11,65
533935142,13111,大田区,35.59375,139.68437500000002,192,1334,41,243,13,89
533935143,13112,世田谷区,35.59791666666667,139.67812500000002,60,372,0,0,4,8
533935144,13111,大田区,35.59791666666667,139.68437500000002,164,1129,25,204,14,31
533935151,13111,大田区,35.59375,139.690625,93,1609,13,92,6,16
533935152,13111,大田区,35.59375,139.696875,117,960,14,240,3,43
533935153,13111,大田区,35.59791666666667,139.690625,170,877,27,261,18,55
533935154,13111,大田区,35.59791666666667,139.696875,60,357,3,8,3,21
533935161,13111,大田区,35.59375,139.703125,124,1168,8,200,3,37
533935162,13111,大田区,35.59375,139.709375,131,1037,19,113,3,21
533935163,13111,大田区,35.59791666666667,139.703125,129,3389,8,224,4,65
533935164,13111,大田区,35.59791666666667,139.709375,161,1325,17,203,16,109
533935171,13111,大田区,35.59375,139.71562500000002,107,1074,14,362,6,17
533935172,13111,大田区,35.59375,139.721875,157,719,29,130,10,21
533935173,13109,品川区,35.59791666666667,139.71562500000002,186,851,15,58,4,10
533935174,13109,品川区,35.59791666666667,139.721875,153,805,16,95,5,7
533935181,13111,大田区,35.59375,139.728125,116,611,11,52,11,65
533935182,13109,品川区,35.59375,139.734375,283,3444,14,78,16,197
533935183,13109,品川区,35.59791666666667,139.728125,148,1128,20,132,7,15
533935184,13109,品川区,35.59791666666667,139.734375,149,876,24,154,12,35
533935191,13109,品川区,35.59375,139.74062500000002,36,605,2,24,6,16
533935192,13109,品川区,35.59375,139.74687500000002,38,308,0,0,2,2
533935193,13109,品川区,35.59791666666667,139.74062500000002,177,1181,27,171,29,128
533935194,13109,品川区,35.59791666666667,139.74687500000002,87,2469,10,250,5,77
533935204,13112,世田谷区,35.60625,139.634375,28,179,3,6,2,34
533935211,13112,世田谷区,35.60208333333333,139.640625,34,519,2,6,0,0
533935212,13112,世田谷区,35.60208333333333,139.646875,46,316,3,21,2,14
533935213,13112,世田谷区,35.60625,139.640625,37,166,7,50,3,8
533935214,13112,世田谷区,35.60625,139.646875,118,1055,18,150,10,94
533935221,13112,世田谷区,35.60208333333333,139.65312500000002,81,618,24,340,2,4
533935222,13112,世田谷区,35.60208333333333,139.659375,116,796,35,156,13,74
533935223,13112,世田谷区,35.60625,139.65312500000002,297,2319,55,500,41,251
533935224,13112,世田谷区,35.60625,139.659375,125,643,22,116,7,35
533935231,13112,世田谷区,35.60208333333333,139.665625,119,1002,21,273,2,7
533935232,13112,世田谷区,35.60208333333333,139.671875,240,1395,48,288,23,91
533935233,13112,世田谷区,35.60625,139.665625,574,5319,109,952,91,860
533935234,13112,世田谷区,35.60625,139.671875,553,4800,168,1433,101,910
533935241,13112,世田谷区,35.60208333333333,139.67812500000002,72,414,9,20,2,3
533935242,13111,大田区,35.60208333333333,139.68437500000002,65,252,7,16,3,5
533935243,13112,世田谷区,35.60625,139.67812500000002,113,553,21,122,13,60
533935244,13110,目黒区,35.60625,139.68437500000002,199,4750,31,444,45,353
533935251,13111,大田区,35.60208333333333,139.690625,56,432,3,13,4,35
533935252,13111,大田区,35.60208333333333,139.696875,306,1968,65,477,37,222
533935253,13111,大田区,35.60625,139.690625,89,651,11,94,6,15
533935254,13109,品川区,35.60625,139.696875,133,1109,10,28,3,31
533935261,13109,品川区,35.60208333333333,139.703125,190,1227,34,201,8,27
533935262,13109,品川区,35.60208333333333,139.709375,326,2178,60,464,43,228
533935263,13109,品川区,35.60625,139.703125,329,2455,50,376,68,370
533935264,13109,品川区,35.60625,139.709375,223,1370,41,268,19,96
533935271,13109,品川区,35.60208333333333,139.71562500000002,246,1634,26,217,16,41
533935272,13109,品川区,35.60208333333333,139.721875,275,1733,32,219,29,217
533935273,13109,品川区,35.60625,139.71562500000002,307,1782,52,440,36,184
533935274,13109,品川区,35.60625,139.721875,215,1212,17,59,14,26
533935281,13109,品川区,35.60208333333333,139.728125,179,1677,13,112,6,12
533935282,13109,品川区,35.60208333333333,139.734375,251,2988,35,176,25,88
533935283,13109,品川区,35.60625,139.728125,344,4884,32,260,50,193
533935284,13109,品川区,35.60625,139.734375,1009,14360,180,2352,290,2295
533935291,13109,品川区,35.60208333333333,139.74062500000002,181,2713,12,120,9,107
533935292,13109,品川区,35.60208333333333,139.74687500000002,37,10029,5,45,2,3
533935293,13109,品川区,35.60625,139.74062500000002,255,2275,28,270,34,304
533935294,13109,品川区,35.60625,139.74687500000002,146,4589,13,223,5,16
533935301,13112,世田谷区,35.610416666666666,139.628125,339,15821,149,1485,35,660
533935302,13112,世田谷区,35.610416666666666,139.634375,68,945,5,28,3,9
533935303,13112,世田谷区,35.614583333333336,139.628125,714,7137,294,2768,115,1665
533935304,13112,世田谷区,35.614583333333336,139.634375,74,704,10,108,2,8
533935311,13112,世田谷区,35.610416666666666,139.640625,123,886,19,103,10,58
533935312,13112,世田谷区,35.610416666666666,139.646875,166,1540,27,237,16,112
533935313,13112,世田谷区,35.614583333333336,139.640625,145,938,30,236,16,138
533935314,13112,世田谷区,35.614583333333336,139.646875,84,1402,11,45,5,65
533935321,13112,世田谷区,35.610416666666666,139.65312500000002,125,934,13,76,7,44
533935322,13112,世田谷区,35.610416666666666,139.659375,57,420,8,116,0,0
533935323,13112,世田谷区,35.614583333333336,139.65312500000002,79,676,13,99,3,29
533935324,13112,世田谷区,35.614583333333336,139.659375,106,1834,14,197,7,20
533935331,13110,目黒区,35.610416666666666,139.665625,353,2577,110,629,34,396
533935332,13110,目黒区,35.610416666666666,139.671875,488,2953,144,653,95,517
533935333,13110,目黒区,35.614583333333336,139.665625,151,1918,21,699,5,61
533935334,13110,目黒区,35.614583333333336,139.671875,137,795,17,86,4,95
533935341,13110,目黒区,35.610416666666666,139.67812500000002,110,720,7,40,3,11
533935342,13110,目黒区,35.610416666666666,139.68437500000002,271,1472,64,499,32,158
533935343,13110,目黒区,35.614583333333336,139.67812500000002,178,1406,25,154,14,77
533935344,13110,目黒区,35.614583333333336,139.68437500000002,119,774,16,73,3,17
533935351,13111,大田区,35.610416666666666,139.690625,106,1554,13,131,2,5
533935352,13109,品川区,35.610416666666666,139.696875,152,2177,25,270,13,62
533935353,13110,目黒区,35.614583333333336,139.690625,101,657,7,39,4,11
533935354,13110,目黒区,35.614583333333336,139.696875,417,1991,70,565,74,328
533935361,13109,品川区,35.610416666666666,139.703125,163,6047,27,155,12,101
533935362,13109,品川区,35.610416666666666,139.709375,352,1805,60,375,54,176
533935363,13109,品川区,35.614583333333336,139.703125,237,1525,18,202,13,44
533935364,13109,品川区,35.614583333333336,139.709375,289,2607,39,238,17,122
533935371,13109,品川区,35.610416666666666,139.71562500000002,376,3064,45,386,28,209
533935372,13109,品川区,35.610416666666666,139.721875,138,682,15,123,5,8
533935373,13109,品川区,35.614583333333336,139.71562500000002,431,2905,69,518,59,482
533935374,13109,品川区,35.614583333333336,139.721875,276,1143,53,232,28,76
533935381,13109,品川区,35.610416666666666,139.728125,146,2749,9,83,12,38
533935382,13109,品川区,35.610416666666666,139.734375,73,1673,8,88,10,23
533935383,13109,品川区,35.614583333333336,139.728125,206,9752,13,69,17,54
533935384,13109,品川区,35.614583333333336,139.734375,77,2723,4,7,2,28
533935391,13109,品川区,35.610416666666666,139.74062500000002,318,3786,28,182,37,264
533935392,13109,品川区,35.610416666666666,139.74687500000002,356,22617,51,1104,56,503
533935393,13109,品川区,35.614583333333336,139.74062500000002,233,2564,16,59,13,34
533935394,13109,品川区,35.614583333333336,139.74687500000002,211,3637,28,267,11,42
533935401,13112,世田谷区,35.61875,139.628125,132,882,20,134,9,83
533935402,13112,世田谷区,35.61875,139.634375,100,1030,18,168,3,15
533935403,13112,世田谷区,35.62291666666667,139.628125,153,1214,16,132,12,59
533935404,13112,世田谷区,35.62291666666667,139.634375,183,1861,22,229,5,49
533935411,13112,世田谷区,35.61875,139.640625,133,739,22,174,13,35
533935412,13112,世田谷区,35.61875,139.646875,51,286,7,32,0,0
533935413,13112,世田谷区,35.62291666666667,139.640625,47,1439,6,61,1,4
533935414,13112,世田谷区,35.62291666666667,139.646875,50,876,2,8,1,2
533935421,13112,世田谷区,35.61875,139.65312500000002,125,1225,26,312,6,9
533935422,13112,世田谷区,35.61875,139.659375,82,491,13,41,8,25
533935423,13112,世田谷区,35.62291666666667,139.65312500000002,104,596,23,135,16,187
533935424,13112,世田谷区,35.62291666666667,139.659375,97,968,8,114,8,310
533935431,13112,世田谷区,35.61875,139.665625,97,524,11,57,4,10
533935432,13110,目黒区,35.61875,139.671875,190,1447,44,269,18,86
533935433,13110,目黒区,35.62291666666667,139.665625,68,401,7,69,2,26
533935434,13110,目黒区,35.62291666666667,139.671875,73,546,7,38,5,11
533935441,13110,目黒区,35.61875,139.67812500000002,412,3751,58,559,55,778
533935442,13110,目黒区,35.61875,139.68437500000002,85,762,8,74,2,46
533935443,13110,目黒区,35.62291666666667,139.67812500000002,93,585,11,93,1,2
533935444,13110,目黒区,35.62291666666667,139.68437500000002,198,2375,38,1068,12,130
533935451,13110,目黒区,35.61875,139.690625,140,867,15,91,3,7
533935452,13110,目黒区,35.61875,139.696875,192,903,18,102,10,35
533935453,13110,目黒区,35.62291666666667,139.690625,133,910,12,111,10,80
533935454,13110,目黒区,35.62291666666667,139.696875,229,1419,42,290,12,33
533935461,13109,品川区,35.61875,139.703125,597,3935,139,1090,118,934
533935462,13109,品川区,35.61875,139.709375,267,1776,57,540,34,202
533935463,13109,品川区,35.62291666666667,139.703125,136,952,15,85,24,90
533935464,13109,品川区,35.62291666666667,139.709375,179,1585,14,69,13,43
533935471,13109,品川区,35.61875,139.71562500000002,265,5068,24,664,13,54
533935472,13109,品川区,35.61875,139.721875,191,1867,13,259,7,14
533935473,13109,品川区,35.62291666666667,139.71562500000002,306,4641,16,157,12,40
533935474,13109,品川区,35.62291666666667,139.721875,1164,23876,124,1527,139,1119
533935481,13109,品川区,35.61875,139.728125,675,36241,64,1576,93,1267
533935482,13109,品川区,35.61875,139.734375,228,14810,9,877,3,81
533935483,13109,品川区,35.62291666666667,139.728125,397,34867,24,627,33,393
533935484,13109,品川区,35.62291666666667,139.734375,227,11045,15,559,7,75
533935491,13109,品川区,35.61875,139.74062500000002,249,2990,37,213,40,170
533935492,13109,品川区,35.61875,139.74687500000002,135,3513,19,109,9,21
533935493,13109,品川区,35.62291666666667,139.74062500000002,311,8974,32,271,35,218
533935494,13109,品川区,35.62291666666667,139.74687500000002,249,13030,16,551,17,392
533935501,13112,世田谷区,35.62708333333333,139.628125,68,1864,14,702,4,132
533935502,13112,世田谷区,35.62708333333333,139.634375,585,10507,89,1256,79,777
533935503,13112,世田谷区,35.63125,139.628125,60,663,11,74,3,14
533935504,13112,世田谷区,35.63125,139.634375,130,1011,15,57,2,6
533935511,13112,世田谷区,35.62708333333333,139.640625,74,3392,8,80,5,253
533935512,13112,世田谷区,35.62708333333333,139.646875,105,1249,12,348,7,29
533935513,13112,世田谷区,35.63125,139.640625,245,3182,37,862,20,172
533935514,13112,世田谷区,35.63125,139.646875,258,2258,55,613,40,443
533935521,13112,世田谷区,35.62708333333333,139.65312500000002,93,853,18,84,7,29
533935522,13112,世田谷区,35.62708333333333,139.659375,12,1422,4,28,2,16
533935523,13112,世田谷区,35.63125,139.65312500000002,208,1506,32,250,21,104
533935524,13112,世田谷区,35.63125,139.659375,300,3041,51,534,38,292
533935531,13110,目黒区,35.62708333333333,139.665625,54,2169,9,41,6,46
533935532,13110,目黒区,35.62708333333333,139.671875,96,840,15,150,2,23
533935533,13110,目黒区,35.63125,139.665625,102,490,7,34,4,18
533935534,13112,世田谷区,35.63125,139.671875,137,1000,24,325,9,31
533935541,13112,世田谷区,35.62708333333333,139.67812500000002,111,879,15,217,4,34
533935542,13110,目黒区,35.62708333333333,139.68437500000002,416,2800,97,701,67,544
533935543,13112,世田谷区,35.63125,139.67812500000002,90,419,8,54,3,26
533935544,13110,目黒区,35.63125,139.68437500000002,461,2840,82,502,90,550
533935551,13110,目黒区,35.62708333333333,139.690625,209,2326,35,582,18,91
533935552,13110,目黒区,35.62708333333333,139.696875,156,1992,18,141,8,30
533935553,13110,目黒区,35.63125,139.690625,206,2167,17,144,12,37
533935554,13110,目黒区,35.63125,139.696875,156,990,37,166,13,37
533935561,13110,目黒区,35.62708333333333,139.703125,83,283,3,13,2,5
533935562,13110,目黒区,35.62708333333333,139.709375,174,1701,20,566,9,57
533935563,13110,目黒区,35.63125,139.703125,202,1105,43,245,14,48
533935564,13110,目黒区,35.63125,139.709375,383,5304,47,322,26,152
533935571,13109,品川区,35.62708333333333,139.71562500000002,369,6480,50,945,49,346
533935572,13109,品川区,35.62708333333333,139.721875,1131,24244,123,2391,143,1414
533935573,13109,品川区,35.63125,139.71562500000002,228,9280,18,454,10,133
533935574,13109,品川区,35.63125,139.721875,173,1793,9,27,2,4
533935581,13109,品川区,35.62708333333333,139.728125,718,16071,40,432,75,650
533935582,13103,港区,35.62708333333333,139.734375,320,9042,38,339,32,897
533935583,13109,品川区,35.63125,139.728125,264,4325,24,229,22,92
533935584,13103,港区,35.63125,139.734375,195,5219,20,149,11,128
533935591,13103,港区,35.62708333333333,139.74062500000002,874,42008,166,1947,124,1616
533935592,13103,港区,35.62708333333333,139.74687500000002,237,11238,12,304,23,233
533935593,13103,港区,35.63125,139.74062500000002,348,26739,27,462,57,1158
533935594,13103,港区,35.63125,139.74687500000002,259,16544,12,104,10,226
533935601,13112,世田谷区,35.635416666666664,139.628125,68,1455,6,28,1,3
533935602,13112,世田谷区,35.635416666666664,139.634375,21,408,1,27,1,1
533935603,13112,世田谷区,35.639583333333334,139.628125,87,520,18,133,9,87
533935604,13112,世田谷区,35.639583333333334,139.634375,82,989,12,162,15,222
533935611,13112,世田谷区,35.635416666666664,139.640625,130,1125,18,220,8,52
533935612,13112,世田谷区,35.635416666666664,139.646875,109,788,20,121,5,32
533935613,13112,世田谷区,35.639583333333334,139.640625,164,1434,26,181,10,76
533935614,13112,世田谷区,35.639583333333334,139.646875,114,885,18,76,6,19
533935621,13112,世田谷区,35.635416666666664,139.65312500000002,99,647,14,55,4,16
533935622,13112,世田谷区,35.635416666666664,139.659375,140,1241,19,162,15,78
533935623,13112,世田谷区,35.639583333333334,139.65312500000002,99,793,9,93,3,11
533935624,13112,世田谷区,35.639583333333334,139.659375,112,764,19,102,6,27
533935631,13112,世田谷区,35.635416666666664,139.665625,233,2277,34,381,12,92
533935632,13112,世田谷区,35.635416666666664,139.671875,103,771,10,89,1,9
533935633,13112,世田谷区,35.639583333333334,139.665625,242,3346,32,190,17,42
533935634,13112,世田谷区,35.639583333333334,139.671875,232,2208,35,229,27,118
533935641,13112,世田谷区,35.635416666666664,139.67812500000002,90,540,15,35,7,22
533935642,13112,世田谷区,35.635416666666664,139.68437500000002,91,346,10,42,5,19
533935643,13112,世田谷区,35.639583333333334,139.67812500000002,111,900,6,101,5,33
533935644,13112,世田谷区,35.639583333333334,139.68437500000002,156,870,36,182,7,36
533935651,13110,目黒区,35.635416666666664,139.690625,337,2206,63,539,43,289
533935652,13110,目黒区,35.635416666666664,139.696875,122,1109,18,96,12,48
533935653,13110,目黒区,35.639583333333334,139.690625,224,1333,34,152,24,134
533935654,13110,目黒区,35.639583333333334,139.696875,239,3063,40,203,35,152
533935661,13110,目黒区,35.635416666666664,139.703125,117,885,8,92,6,20
533935662,13110,目黒区,35.635416666666664,139.709375,313,5348,24,576,41,178
533935663,13110,目黒区,35.639583333333334,139.703125,243,2799,19,134,23,304
533935664,13110,目黒区,35.639583333333334,139.709375,139,1299,16,57,10,28
533935671,13109,品川区,35.635416666666664,139.71562500000002,887,18750,99,1175,150,2540
533935672,13103,港区,35.635416666666664,139.721875,279,2983,40,492,25,121
533935673,13109,品川区,35.639583333333334,139.71562500000002,116,2986,11,212,8,62
533935674,13103,港区,35.639583333333334,139.721875,148,2019,20,152,24,177
533935681,13103,港区,35.635416666666664,139.728125,143,1159,11,121,5,47
533935682,13103,港区,35.635416666666664,139.734375,199,3486,22,223,8,26
533935683,13103,港区,35.639583333333334,139.728125,150,3664,26,152,7,104
533935684,13103,港区,35.639583333333334,139.734375,147,1418,17,84,10,72
533935691,13103,港区,35.635416666666664,139.74062500000002,122,2841,7,149,5,42
533935692,13103,港区,35.635416666666664,139.74687500000002,66,2207,5,743,1,5
533935693,13103,港区,35.639583333333334,139.74062500000002,281,8324,26,360,17,176
533935694,13103,港区,35.639583333333334,139.74687500000002,324,20773,20,218,13,129
533935701,13112,世田谷区,35.64375,139.628125,72,620,6,162,4,36
533935702,13112,世田谷区,35.64375,139.634375,41,721,2,6,2,4
533935703,13112,世田谷区,35.64791666666667,139.628125,117,902,14,168,4,10
533935704,13112,世田谷区,35.64791666666667,139.634375,241,2777,38,565,38,400
533935711,13112,世田谷区,35.64375,139.640625,72,351,11,25,0,0
533935712,13112,世田谷区,35.64375,139.646875,218,1890,47,391,28,91
533935713,13112,世田谷区,35.64791666666667,139.640625,47,447,2,17,0,0
533935714,13112,世田谷区,35.64791666666667,139.646875,54,385,5,15,8,32
533935721,13112,世田谷区,35.64375,139.65312500000002,364,2600,77,487,76,330
533935722,13112,世田谷区,35.64375,139.659375,157,2092,32,382,12,66
533935723,13112,世田谷区,35.64791666666667,139.65312500000002,88,3892,16,72,6,47
533935724,13112,世田谷区,35.64791666666667,139.659375,115,809,19,96,8,38
533935731,13112,世田谷区,35.64375,139.665625,266,1472,40,283,35,178
533935732,13112,世田谷区,35.64375,139.671875,853,14187,155,1811,205,1868
533935733,13112,世田谷区,35.64791666666667,139.665625,144,749,13,31,10,42
533935734,13112,世田谷区,35.64791666666667,139.671875,208,1217,53,359,32,134
533935741,13112,世田谷区,35.64375,139.67812500000002,117,2296,18,175,10,149
533935742,13110,目黒区,35.64375,139.68437500000002,53,2779,8,51,3,15
533935743,13112,世田谷区,35.64791666666667,139.67812500000002,358,3134,40,524,41,248
533935744,13110,目黒区,35.64791666666667,139.68437500000002,198,1848,24,185,25,125
533935751,13110,目黒区,35.64375,139.690625,127,1086,18,70,9,15
533935752,13110,目黒区,35.64375,139.696875,580,8960,85,1769,131,1191
533935753,13110,目黒区,35.64791666666667,139.690625,262,5277,30,978,31,454
533935754,13110,目黒区,35.64791666666667,139.696875,463,6512,71,770,63,697
533935761,13110,目黒区,35.64375,139.703125,396,5560,34,327,45,429
533935762,13113,渋谷区,35.64375,139.709375,684,9932,54,785,92,731
533935763,13113,渋谷区,35.64791666666667,139.703125,759,7881,183,1125,61,646
533935764,13113,渋谷区,35.64791666666667,139.709375,2033,25036,291,2481,403,3737
533935771,13113,渋谷区,35.64375,139.71562500000002,515,17707,38,450,73,1053
533935772,13103,港区,35.64375,139.721875,343,1975,48,207,38,243
533935773,13113,渋谷区,35.64791666666667,139.71562500000002,822,16613,62,844,103,691
533935774,13113,渋谷区,35.64791666666667,139.721875,408,4430,61,823,55,289
533935781,13103,港区,35.64375,139.728125,199,2542,18,107,16,78
533935782,13103,港区,35.64375,139.734375,434,8266,56,579,41,249
533935783,13103,港区,35.64791666666667,139.728125,193,2684,17,173,15,73
533935784,13103,港区,35.64791666666667,139.734375,275,2582,27,178,27,201
533935791,13103,港区,35.64375,139.74062500000002,304,12685,12,190,9,69
533935792,13103,港区,35.64375,139.74687500000002,602,43635,48,1011,68,651
533935793,13103,港区,35.64791666666667,139.74062500000002,282,6027,21,257,19,90
533935794,13103,港区,35.64791666666667,139.74687500000002,1150,29712,77,561,173,1712
533935801,13112,世田谷区,35.65208333333334,139.628125,47,238,4,36,0,0
533935802,13112,世田谷区,35.65208333333334,139.634375,459,3492,106,1073,99,989
533935803,13112,世田谷区,35.65625000000001,139.628125,87,977,10,140,8,42
533935804,13112,世田谷区,35.65625000000001,139.634375,91,572,18,90,8,44
533935811,13112,世田谷区,35.65208333333334,139.640625,216,2198,36,534,21,302
533935812,13112,世田谷区,35.65208333333334,139.646875,212,1223,44,256,37,185
533935813,13112,世田谷区,35.65625000000001,139.640625,73,539,9,77,0,0
533935814,13112,世田谷区,35.65625000000001,139.646875,161,1328,29,170,13,53
533935821,13112,世田谷区,35.65208333333334,139.65312500000002,72,460,6,47,3,5
533935822,13112,世田谷区,35.65208333333334,139.659375,105,672,17,98,4,52
533935823,13112,世田谷区,35.65625000000001,139.65312500000002,295,3004,51,513,51,304
533935824,13112,世田谷区,35.65625000000001,139.659375,112,629,18,159,6,18
533935831,13112,世田谷区,35.65208333333334,139.665625,174,1309,32,395,17,40
533935832,13112,世田谷区,35.65208333333334,139.671875,124,1119,24,115,9,39
533935833,13112,世田谷区,35.65625000000001,139.665625,198,1531,25,141,28,171
533935834,13112,世田谷区,35.65625000000001,139.671875,77,623,10,120,8,59
533935841,13112,世田谷区,35.65208333333334,139.67812500000002,137,1283,11,182,13,65
533935842,13110,目黒区,35.65208333333334,139.68437500000002,280,7103,42,624,34,336
533935843,13112,世田谷区,35.65625000000001,139.67812500000002,71,894,11,52,3,10
533935844,13110,目黒区,35.65625000000001,139.68437500000002,155,1385,27,109,14,40
533935851,13110,目黒区,35.65208333333334,139.690625,308,6728,29,790,17,62
533935852,13113,渋谷区,35.65208333333334,139.696875,192,5095,22,308,12,229
533935853,13110,目黒区,35.65625000000001,139.690625,372,5037,30,262,38,171
533935854,13113,渋谷区,35.65625000000001,139.696875,2154,54065,135,1448,303,4203
533935861,13113,渋谷区,35.65208333333334,139.703125,641,6343,105,968,58,486
533935862,13113,渋谷区,35.65208333333334,139.709375,601,6919,48,269,34,201
533935863,13113,渋谷区,35.65625000000001,139.703125,1404,35444,161,1186,179,1880
533935864,13113,渋谷区,35.65625000000001,139.709375,563,13875,48,801,25,196
533935871,13113,渋谷区,35.65208333333334,139.71562500000002,137,3379,8,74,4,35
533935872,13113,渋谷区,35.65208333333334,139.721875,410,4971,68,730,58,580
533935873,13113,渋谷区,35.65625000000001,139.71562500000002,193,2997,28,113,25,155
533935874,13103,港区,35.65625000000001,139.721875,251,2620,23,149,37,300
533935881,13103,港区,35.65208333333334,139.728125,84,1526,5,35,2,13
533935882,13103,港区,35.65208333333334,139.734375,347,3193,30,233,42,209
533935883,13103,港区,35.65625000000001,139.728125,183,1738,18,103,15,115
533935884,13103,港区,35.65625000000001,139.734375,818,6555,119,954,148,1527
533935891,13103,港区,35.65208333333334,139.74062500000002,96,4634,3,9,9,96
533935892,13103,港区,35.65208333333334,139.74687500000002,752,27780,53,552,32,1785
533935893,13103,港区,35.65625000000001,139.74062500000002,548,5951,44,457,39,321
533935894,13103,港区,35.65625000000001,139.74687500000002,164,3403,15,137,11,189
533935901,13112,世田谷区,35.66041666666667,139.628125,47,356,5,15,1,5
533935902,13112,世田谷区,35.66041666666667,139.634375,25,1257,2,11,3,40
533935903,13112,世田谷区,35.66458333333334,139.628125,47,610,5,20,2,3
533935904,13112,世田谷区,35.66458333333334,139.634375,71,481,10,50,6,15
533935911,13112,世田谷区,35.66041666666667,139.640625,103,676,18,283,9,21
533935912,13112,世田谷区,35.66041666666667,139.646875,39,131,6,13,3,17
533935913,13112,世田谷区,35.66458333333334,139.640625,296,2197,65,502,48,426
533935914,13112,世田谷区,35.66458333333334,139.646875,63,551,7,78,3,6
533935921,13112,世田谷区,35.66041666666667,139.65312500000002,123,1041,27,218,13,51
533935922,13112,世田谷区,35.66041666666667,139.659375,114,908,15,348,13,142
533935923,13112,世田谷区,35.66458333333334,139.65312500000002,109,549,12,54,10,36
533935924,13112,世田谷区,35.66458333333334,139.659375,106,720,9,39,7,19
533935931,13112,世田谷区,35.66041666666667,139.665625,633,5140,146,1314,145,1382
533935932,13112,世田谷区,35.66041666666667,139.671875,288,2011,50,419,56,310
533935933,13112,世田谷区,35.66458333333334,139.665625,389,2428,116,589,76,452
533935934,13112,世田谷区,35.66458333333334,139.671875,228,1225,29,152,44,193
533935941,13110,目黒区,35.66041666666667,139.67812500000002,38,1052,2,7,1,1
533935942,13110,目黒区,35.66041666666667,139.68437500000002,59,2025,12,139,12,127
533935943,13113,渋谷区,35.66458333333334,139.67812500000002,151,1123,14,44,6,39
533935944,13113,渋谷区,35.66458333333334,139.68437500000002,122,1123,14,74,9,33
533935951,13113,渋谷区,35.66041666666667,139.690625,150,2777,9,80,18,104
533935952,13113,渋谷区,35.66041666666667,139.696875,2188,33085,598,6824,623,7313
533935953,13113,渋谷区,35.66458333333334,139.690625,269,5070,37,300,24,126
533935954,13113,渋谷区,35.66458333333334,139.696875,563,17148,63,901,95,900
533935961,13113,渋谷区,35.66041666666667,139.703125,2100,52615,519,6564,236,4369
533935962,13113,渋谷区,35.66041666666667,139.709375,909,17342,91,1052,58,733
533935963,13113,渋谷区,35.66458333333334,139.703125,1162,17644,255,2987,65,756
533935964,13103,港区,35.66458333333334,139.709375,1063,18491,243,3816,102,1415
533935971,13103,港区,35.66041666666667,139.71562500000002,810,8863,147,1183,43,615
533935972,13103,港区,35.66041666666667,139.721875,549,5737,48,314,127,879
533935973,13103,港区,35.66458333333334,139.71562500000002,893,9858,166,2159,46,677
533935974,13103,港区,35.66458333333334,139.721875,66,465,7,17,3,29
533935981,13103,港区,35.66041666666667,139.728125,838,26257,121,1739,121,1581
533935982,13103,港区,35.66041666666667,139.734375,462,8448,51,495,100,1350
533935983,13103,港区,35.66458333333334,139.728125,643,15589,97,1591,120,1229
533935984,13103,港区,35.66458333333334,139.734375,771,10279,60,587,230,2285
533935991,13103,港区,35.66041666666667,139.74062500000002,266,4290,12,267,15,82
533935992,13103,港区,35.66041666666667,139.74687500000002,740,14404,26,235,38,372
533935993,13103,港区,35.66458333333334,139.74062500000002,676,33546,34,1009,42,470
533935994,13103,港区,35.66458333333334,139.74687500000002,902,32448,47,623,45,431
533936001,13111,大田区,35.58541666666667,139.753125,33,516,3,50,0,0
533936002,13109,品川区,35.58541666666667,139.759375,37,719,0,0,1,9
533936003,13109,品川区,35.58958333333334,139.753125,1,0,0,0,0,0
533936004,13109,品川区,35.58958333333334,139.759375,8,345,0,0,0,0
533936011,13111,大田区,35.58541666666667,139.765625,41,847,1,3,0,0
533936012,13111,大田区,35.58541666666667,139.771875,12,196,0,0,0,0
533936013,13111,大田区,35.58958333333334,139.765625,75,1281,1,36,0,0
533936014,13111,大田区,35.58958333333334,139.771875,58,1188,3,38,0,0
533936021,13111,大田区,35.58541666666667,139.77812500000002,16,200,0,0,0,0
533936101,13109,品川区,35.59375,139.753125,2,28,0,0,1,2
533936102,13109,品川区,35.59375,139.759375,18,2510,2,18,2,6
533936103,13109,品川区,35.59791666666667,139.753125,71,2166,7,200,4,23
533936104,13109,品川区,35.59791666666667,139.759375,27,638,0,0,1,6
533936111,13111,大田区,35.59375,139.765625,38,902,1,9,0,0
533936112,13111,大田区,35.59375,139.771875,31,1015,0,0,0,0
533936113,13109,品川区,35.59791666666667,139.765625,17,230,0,0,0,0
533936132,13108,江東区,35.59375,139.796875,1,3,0,0,0,0
533936134,13108,江東区,35.59791666666667,139.796875,11,352,0,0,0,0
533936141,13111,大田区,35.59375,139.80312500000002,9,118,0,0,0,0
533936143,13108,江東区,35.59791666666667,139.80312500000002,2,84,0,0,0,0
533936201,13109,品川区,35.60208333333333,139.753125,23,215,1,9,0,0
533936202,13109,品川区,35.60208333333333,139.759375,23,423,1,23,1,2
533936203,13109,品川区,35.60625,139.753125,24,1399,1,15,1,9
533936204,13109,品川区,35.60625,139.759375,11,374,0,0,0,0
533936211,13109,品川区,35.60208333333333,139.765625,8,78,0,0,0,0
533936224,13108,江東区,35.60625,139.784375,25,336,2,4,0,0
533936232,13108,江東区,35.60208333333333,139.796875,10,178,0,0,0,0
533936243,13108,江東区,35.60625,139.80312500000002,2,12,0,0,0,0
533936301,13109,品川区,35.610416666666666,139.753125,37,1492,4,146,0,0
533936302,13109,品川区,35.610416666666666,139.759375,10,348,0,0,0,0
533936303,13109,品川区,35.614583333333336,139.753125,36,1117,0,0,1,4
533936322,13108,江東区,35.610416666666666,139.784375,55,1152,0,0,0,0
533936323,13108,江東区,35.614583333333336,139.77812500000002,27,1814,3,20,1,3
533936324,13108,江東区,35.614583333333336,139.784375,22,300,0,0,0,0
533936331,13108,江東区,35.610416666666666,139.790625,16,196,0,0,0,0
533936404,13109,品川区,35.62291666666667,139.759375,13,401,0,0,0,0
533936414,13108,江東区,35.62291666666667,139.771875,23,316,8,76,6,146
533936421,13108,江東区,35.61875,139.77812500000002,222,5674,12,378,5,42
533936422,13108,江東区,35.61875,139.784375,30,948,1,11,1,6
533936423,13108,江東区,35.62291666666667,139.77812500000002,104,957,60,474,22,232
533936431,13108,江東区,35.61875,139.790625,2,37,0,0,0,0
533936433,13108,江東区,35.62291666666667,139.790625,34,349,1,9,1,5
533936462,13108,江東区,35.61875,139.834375,7,161,0,0,0,0
533936463,13108,江東区,35.62291666666667,139.828125,7,63,1,0,0,0
533936464,13108,江東区,35.62291666666667,139.834375,3,9,0,0,0,0
533936502,13109,品川区,35.62708333333333,139.759375,50,2913,3,107,1,14
533936512,13103,港区,35.62708333333333,139.771875,137,3610,57,380,33,515
533936521,13108,江東区,35.62708333333333,139.77812500000002,261,11511,104,968,59,907
533936523,13103,港区,35.63125,139.77812500000002,59,2064,10,219,3,27
533936524,13108,江東区,35.63125,139.784375,25,1090,5,77,3,9
533936532,13108,江東区,35.62708333333333,139.796875,21,618,2,5,4,22
533936533,13108,江東区,35.63125,139.790625,191,10824,24,474,27,280
533936534,13108,江東区,35.63125,139.796875,20,371,3,26,10,99
533936561,13108,江東区,35.62708333333333,139.828125,3,59,0,0,0,0
533936562,13108,江東区,35.62708333333333,139.834375,21,434,1,9,0,0
533936564,13108,江東区,35.63125,139.834375,12,132,1,13,0,0
533936603,13103,港区,35.639583333333334,139.753125,146,6046,9,99,14,106
533936604,13103,港区,35.639583333333334,139.759375,91,5339,3,16,5,30
533936622,13108,江東区,35.635416666666664,139.784375,71,2327,4,59,1,4
533936631,13108,江東区,35.635416666666664,139.790625,14,272,4,50,4,63
533936632,13108,江東区,35.635416666666664,139.796875,11,2587,2,25,2,30
533936633,13108,江東区,35.639583333333334,139.790625,166,1802,99,734,20,439
533936634,13108,江東区,35.639583333333334,139.796875,41,1262,2,68,0,0
533936643,13108,江東区,35.639583333333334,139.80312500000002,83,3586,11,265,1,15
533936652,13108,江東区,35.635416666666664,139.821875,30,1070,1,38,0,0
533936654,13108,江東区,35.639583333333334,139.821875,51,2641,0,0,1,108
533936662,13108,江東区,35.635416666666664,139.834375,83,1568,2,15,1,5
533936663,13108,江東区,35.639583333333334,139.828125,56,1218,0,0,0,0
533936664,13108,江東区,35.639583333333334,139.834375,76,1476,2,27,2,47
533936673,13108,江東区,35.639583333333334,139.84062500000002,13,345,1,5,0,0
533936684,13123,江戸川区,35.639583333333334,139.859375,3,211,0,0,0,0
533936701,13103,港区,35.64375,139.753125,342,10582,18,256,15,156
533936702,13103,港区,35.64375,139.759375,106,2844,5,73,6,27
533936703,13103,港区,35.64791666666667,139.753125,632,23609,33,458,32,168
533936704,13103,港区,35.64791666666667,139.759375,95,6720,4,44,8,92
533936714,13102,中央区,35.64791666666667,139.771875,3,176,0,0,0,0
533936721,13108,江東区,35.64375,139.77812500000002,407,3749,21,117,16,85
533936722,13108,江東区,35.64375,139.784375,69,2852,4,14,8,30
533936724,13108,江東区,35.64791666666667,139.784375,5,43,1,10,0,0
533936733,13108,江東区,35.64791666666667,139.790625,32,484,6,31,3,22
533936741,13108,江東区,35.64375,139.80312500000002,78,1758,11,311,3,15
533936742,13108,江東区,35.64375,139.80937500000002,28,860,4,122,0,0
533936743,13108,江東区,35.64791666666667,139.80312500000002,129,2091,18,654,13,209
533936744,13108,江東区,35.64791666666667,139.80937500000002,36,683,6,70,1,1
533936751,13108,江東区,35.64375,139.815625,51,1255,4,52,0,0
533936752,13108,江東区,35.64375,139.821875,119,1901,11,215,2,83
533936753,13108,江東区,35.64791666666667,139.815625,15,726,1,11,2,8
533936754,13108,江東区,35.64791666666667,139.821875,3,31,0,0,0,0
533936761,13108,江東区,35.64375,139.828125,105,8147,13,130,14,176
533936763,13108,江東区,35.64791666666667,139.828125,19,582,1,8,6,72
533936764,13108,江東区,35.64791666666667,139.834375,39,1286,0,0,0,0
533936771,13108,江東区,35.64375,139.84062500000002,22,514,0,0,1,34
533936773,13108,江東区,35.64791666666667,139.84062500000002,3,179,0,0,0,0
533936781,13123,江戸川区,35.64375,139.853125,2,188,0,0,0,0
533936782,13123,江戸川区,35.64375,139.859375,13,337,1,24,4,116
533936783,13123,江戸川区,35.64791666666667,139.853125,7,166,1,10,0,0
533936784,13123,江戸川区,35.64791666666667,139.859375,46,1370,4,46,1,1
533936791,13123,江戸川区,35.64375,139.86562500000002,21,806,1,29,1,33
533936792,13123,江戸川区,35.64375,139.87187500000002,58,1344,3,20,0,0
533936793,13123,江戸川区,35.64791666666667,139.86562500000002,114,2858,3,12,1,7
533936794,13123,江戸川区,35.64791666666667,139.87187500000002,144,2420,25,313,10,118
533936801,13103,港区,35.65208333333334,139.753125,1043,25640,48,398,66,374
533936802,13103,港区,35.65208333333334,139.759375,252,21194,11,92,16,345
533936803,13103,港区,35.65625000000001,139.753125,1536,39528,78,882,149,1298
533936804,13103,港区,35.65625000000001,139.759375,530,30278,25,246,62,622
533936814,13102,中央区,35.65625000000001,139.771875,160,2894,15,87,8,216
533936821,13102,中央区,35.65208333333334,139.77812500000002,23,2376,1,9,3,44
533936823,13102,中央区,35.65625000000001,139.77812500000002,178,2731,14,174,17,114
533936824,13102,中央区,35.65625000000001,139.784375,248,23050,27,527,31,428
533936832,13108,江東区,35.65208333333334,139.796875,160,13233,19,293,15,205
533936834,13108,江東区,35.65625000000001,139.796875,337,46052,60,1914,67,951
533936841,13108,江東区,35.65208333333334,139.80312500000002,33,561,1,4,4,19
533936842,13108,江東区,35.65208333333334,139.80937500000002,58,1225,10,129,5,104
533936843,13108,江東区,35.65625000000001,139.80312500000002,77,1407,7,79,6,16
533936844,13108,江東区,35.65625000000001,139.80937500000002,72,1076,3,51,2,6
533936851,13108,江東区,35.65208333333334,139.815625,27,369,1,3,0,0
533936852,13108,江東区,35.65208333333334,139.821875,2,8,0,0,0,0
533936853,13108,江東区,35.65625000000001,139.815625,102,1766,7,48,5,21
533936854,13108,江東区,35.65625000000001,139.821875,40,1885,5,94,2,8
533936861,13108,江東区,35.65208333333334,139.828125,2,7,0,0,0,0
533936862,13108,江東区,35.65208333333334,139.834375,4,58,1,6,1,6
533936863,13108,江東区,35.65625000000001,139.828125,18,646,2,18,1,1
533936864,13108,江東区,35.65625000000001,139.834375,2,104,0,0,0,0
533936871,13108,江東区,35.65208333333334,139.84062500000002,2,26,0,0,0,0
533936873,13108,江東区,35.65625000000001,139.84062500000002,3,44,0,0,0,0
533936881,13123,江戸川区,35.65208333333334,139.853125,10,1230,2,29,0,0
533936882,13123,江戸川区,35.65208333333334,139.859375,14,246,2,39,0,0
533936883,13123,江戸川区,35.65625000000001,139.853125,27,421,1,3,1,2
533936884,13123,江戸川区,35.65625000000001,139.859375,44,693,4,15,2,6
533936891,13123,江戸川区,35.65208333333334,139.86562500000002,39,792,6,207,0,0
533936892,13123,江戸川区,35.65208333333334,139.87187500000002,91,1079,16,166,7,159
533936893,13123,江戸川区,35.65625000000001,139.86562500000002,114,864,9,50,6,13
533936894,13123,江戸川区,35.65625000000001,139.87187500000002,110,933,12,197,7,25
533936901,13103,港区,35.66041666666667,139.753125,1418,31137,75,1202,56,294
533936902,13102,中央区,35.66041666666667,139.759375,551,13528,22,228,18,109
533936903,13103,港区,35.66458333333334,139.753125,1683,34887,91,759,206,1354
533936904,13102,中央区,35.66458333333334,139.759375,1450,56997,111,1117,416,3209
533936911,13102,中央区,35.66041666666667,139.765625,23,1885,1,5,1,7
533936912,13102,中央区,35.66041666666667,139.771875,70,4623,0,0,3,10
533936913,13102,中央区,35.66458333333334,139.765625,493,26302,30,268,38,994
533936914,13102,中央区,35.66458333333334,139.771875,741,9226,134,737,105,1640
533936921,13102,中央区,35.66041666666667,139.77812500000002,438,6734,40,433,99,558
533936922,13102,中央区,35.66041666666667,139.784375,140,2135,29,319,18,87
533936923,13102,中央区,35.66458333333334,139.77812500000002,203,6313,21,372,48,1180
533936924,13102,中央区,35.66458333333334,139.784375,398,3302,50,498,90,642
533936931,13108,江東区,35.66041666666667,139.790625,86,9711,11,144,10,160
533936932,13108,江東区,35.66041666666667,139.796875,52,1300,6,95,2,22
533936933,13108,江東区,35.66458333333334,139.790625,14,51,2,5,1,9
533936934,13108,江東区,35.66458333333334,139.796875,77,3516,4,8,2,44
533936941,13108,江東区,35.66041666666667,139.80312500000002,79,1031,12,183,2,15
533936942,13108,江東区,35.66041666666667,139.80937500000002,87,1686,7,131,6,60
533936943,13108,江東区,35.66458333333334,139.80312500000002,141,5127,26,811,15,277
533936944,13108,江東区,35.66458333333334,139.80937500000002,82,968,9,197,9,32
533936951,13108,江東区,35.66041666666667,139.815625,66,2444,8,85,7,67
533936952,13108,江東区,35.66041666666667,139.821875,48,2085,3,103,1,6
533936953,13108,江東区,35.66458333333334,139.815625,52,2736,3,543,2,16
533936954,13108,江東区,35.66458333333334,139.821875,54,1423,5,106,3,50
533936961,13108,江東区,35.66041666666667,139.828125,33,3251,3,30,0,0
533936962,13108,江東区,35.66041666666667,139.834375,2,14,0,0,0,0
533936963,13108,江東区,35.66458333333334,139.828125,20,974,0,0,0,0
533936964,13108,江東区,35.66458333333334,139.834375,131,3916,50,807,19,263
533936973,13108,江東区,35.66458333333334,139.84062500000002,52,1687,1,1,0,0
533936981,13123,江戸川区,35.66041666666667,139.853125,61,473,11,156,1,3
533936982,13123,江戸川区,35.66041666666667,139.859375,98,1561,12,167,8,51
533936983,13123,江戸川区,35.66458333333334,139.853125,58,738,6,194,1,5
533936984,13123,江戸川区,35.66458333333334,139.859375,644,7819,89,1049,112,1318
533936991,13123,江戸川区,35.66041666666667,139.86562500000002,134,1291,20,255,8,75
533936992,13123,江戸川区,35.66041666666667,139.87187500000002,278,2756,40,629,20,187
533936993,13123,江戸川区,35.66458333333334,139.86562500000002,192,1563,30,278,15,68
533936994,13123,江戸川区,35.66458333333334,139.87187500000002,488,5500,61,814,74,1023
533937701,13123,江戸川区,35.64375,139.878125,28,359,6,70,0,0
533937703,13123,江戸川区,35.64791666666667,139.878125,102,809,9,122,5,29
533937704,13123,江戸川区,35.64791666666667,139.884375,2,55,0,0,0,0
533937801,13123,江戸川区,35.65208333333334,139.878125,89,655,12,113,4,29
533937802,13123,江戸川区,35.65208333333334,139.884375,99,2064,52,1340,18,365
533937803,13123,江戸川区,35.65625000000001,139.878125,80,536,9,66,4,15
533937804,13123,江戸川区,35.65625000000001,139.884375,31,399,2,4,1,13
533937901,13123,江戸川区,35.66041666666667,139.878125,114,2288,13,251,7,135
533937902,13123,江戸川区,35.66041666666667,139.884375,60,395,5,32,1,14
533937903,13123,江戸川区,35.66458333333334,139.878125,135,1340,16,157,3,12
533937904,13123,江戸川区,35.66458333333334,139.884375,66,746,9,149,3,82
533944064,13112,世田谷区,35.67291666666667,139.584375,63,688,6,132,1,1
533944071,13112,世田谷区,35.66875,139.59062500000002,68,582,8,90,4,36
533944072,13112,世田谷区,35.66875,139.596875,300,2496,41,374,53,245
533944073,13112,世田谷区,35.67291666666667,139.59062500000002,42,590,2,5,0,0
533944074,13112,世田谷区,35.67291666666667,139.596875,76,1134,10,102,2,3
533944081,13112,世田谷区,35.66875,139.603125,498,4337,112,1214,90,783
533944082,13112,世田谷区,35.66875,139.609375,99,1158,13,281,8,37
533944083,13112,世田谷区,35.67291666666667,139.603125,131,1065,20,94,3,145
533944084,13115,杉並区,35.67291666666667,139.609375,145,1020,22,142,9,25
533944091,13112,世田谷区,35.66875,139.61562500000002,199,3204,40,589,28,322
533944092,13112,世田谷区,35.66875,139.62187500000002,176,1558,37,320,22,71
533944093,13112,世田谷区,35.67291666666667,139.61562500000002,159,2192,20,243,21,98
533944094,13115,杉並区,35.67291666666667,139.62187500000002,78,678,8,82,3,21
533944171,13112,世田谷区,35.677083333333336,139.59062500000002,64,680,7,74,1,21
533944172,13112,世田谷区,35.677083333333336,139.596875,58,454,5,89,1,2
533944173,13112,世田谷区,35.681250000000006,139.59062500000002,55,432,9,178,6,14
533944174,13112,世田谷区,35.681250000000006,139.596875,71,1709,8,28,5,17
533944181,13112,世田谷区,35.677083333333336,139.603125,49,393,6,77,0,0
533944182,13115,杉並区,35.677083333333336,139.609375,49,256,4,13,0,0
533944183,13115,杉並区,35.681250000000006,139.603125,26,214,0,0,0,0
533944184,13115,杉並区,35.681250000000006,139.609375,72,1430,12,88,0,0
533944191,13115,杉並区,35.677083333333336,139.61562500000002,83,1817,7,46,3,43
533944192,13115,杉並区,35.677083333333336,139.62187500000002,35,413,4,203,0,0
533944193,13115,杉並区,35.681250000000006,139.61562500000002,135,735,17,83,14,81
533944194,13115,杉並区,35.681250000000006,139.62187500000002,44,480,3,18,2,5
533944272,13115,杉並区,35.68541666666667,139.596875,140,884,27,217,19,39
533944274,13115,杉並区,35.68958333333334,139.596875,131,983,21,278,11,102
533944281,13115,杉並区,35.68541666666667,139.603125,36,471,0,0,2,11
533944282,13115,杉並区,35.68541666666667,139.609375,148,742,22,151,16,70
533944283,13115,杉並区,35.68958333333334,139.603125,127,714,12,32,14,78
533944284,13115,杉並区,35.68958333333334,139.609375,89,969,9,59,2,6
533944291,13115,杉並区,35.68541666666667,139.61562500000002,123,1507,24,313,15,133
533944292,13115,杉並区,35.68541666666667,139.62187500000002,102,1546,15,283,1,2
533944293,13115,杉並区,35.68958333333334,139.61562500000002,115,3377,16,360,10,98
533944294,13115,杉並区,35.68958333333334,139.62187500000002,75,590,10,128,8,67
533944371,13115,杉並区,35.69375,139.59062500000002,94,766,19,157,10,34
533944372,13115,杉並区,35.69375,139.596875,57,482,6,30,2,3
533944374,13115,杉並区,35.69791666666667,139.596875,154,1167,33,187,12,22
533944381,13115,杉並区,35.69375,139.603125,97,917,10,75,3,25
533944382,13115,杉並区,35.69375,139.609375,69,1040,7,201,1,26
533944383,13115,杉並区,35.69791666666667,139.603125,98,395,14,44,4,9
533944384,13115,杉並区,35.69791666666667,139.609375,53,385,8,51,2,4
533944391,13115,杉並区,35.69375,139.61562500000002,86,661,14,174,2,5
533944392,13115,杉並区,35.69375,139.62187500000002,72,366,10,55,0,0
533944393,13115,杉並区,35.69791666666667,139.61562500000002,107,479,8,30,7,11
533944394,13115,杉並区,35.69791666666667,139.62187500000002,75,337,7,29,1,4
533944472,13115,杉並区,35.702083333333334,139.596875,442,2628,63,783,129,583
533944474,13115,杉並区,35.706250000000004,139.596875,311,1515,60,249,61,342
533944481,13115,杉並区,35.702083333333334,139.603125,404,2669,80,498,82,494
533944482,13115,杉並区,35.702083333333334,139.609375,73,634,6,121,0,0
533944483,13115,杉並区,35.706250000000004,139.603125,335,2074,55,293,52,249
533944484,13115,杉並区,35.706250000000004,139.609375,105,606,11,103,5,56
533944491,13115,杉並区,35.702083333333334,139.61562500000002,351,3341,38,362,27,80
533944492,13115,杉並区,35.702083333333334,139.62187500000002,570,4454,63,671,92,584
533944493,13115,杉並区,35.706250000000004,139.61562500000002,447,3872,45,376,98,866
533944494,13115,杉並区,35.706250000000004,139.62187500000002,746,8171,217,2092,126,1182
533944564,13120,練馬区,35.71458333333334,139.584375,84,348,10,47,3,4
533944571,13115,杉並区,35.71041666666667,139.59062500000002,48,930,10,104,7,31
533944572,13115,杉並区,35.71041666666667,139.596875,76,387,16,46,6,14
533944573,13115,杉並区,35.71458333333334,139.59062500000002,45,222,0,0,1,2
533944574,13115,杉並区,35.71458333333334,139.596875,58,758,13,302,4,112
533944581,13115,杉並区,35.71041666666667,139.603125,171,1370,31,344,17,120
533944582,13115,杉並区,35.71041666666667,139.609375,159,1988,24,157,9,26
533944583,13115,杉並区,35.71458333333334,139.603125,108,601,14,102,2,10
533944584,13115,杉並区,35.71458333333334,139.609375,90,1537,8,43,2,10
533944591,13115,杉並区,35.71041666666667,139.61562500000002,137,824,19,131,9,21
533944592,13115,杉並区,35.71041666666667,139.62187500000002,91,1183,6,14,5,9
533944593,13115,杉並区,35.71458333333334,139.61562500000002,79,634,12,122,3,17
533944594,13115,杉並区,35.71458333333334,139.62187500000002,61,652,3,5,0,0
533944653,13120,練馬区,35.72291666666667,139.565625,71,765,5,68,6,53
533944654,13120,練馬区,35.72291666666667,139.571875,96,1252,17,333,3,64
533944661,13120,練馬区,35.71875,139.578125,33,351,1,4,1,3
533944662,13120,練馬区,35.71875,139.584375,62,348,6,130,2,11
533944663,13120,練馬区,35.72291666666667,139.578125,105,1229,15,197,4,129
533944664,13120,練馬区,35.72291666666667,139.584375,67,794,12,52,6,103
533944671,13115,杉並区,35.71875,139.59062500000002,71,465,8,52,4,115
533944672,13115,杉並区,35.71875,139.596875,76,956,8,41,2,5
533944673,13120,練馬区,35.72291666666667,139.59062500000002,106,1226,19,351,8,36
533944674,13120,練馬区,35.72291666666667,139.596875,48,625,3,5,1,1
533944681,13115,杉並区,35.71875,139.603125,77,766,6,120,2,30
533944682,13115,杉並区,35.71875,139.609375,65,620,10,201,1,7
533944683,13115,杉並区,35.72291666666667,139.603125,102,880,14,114,11,44
533944684,13115,杉並区,35.72291666666667,139.609375,85,673,4,27,0,0
533944691,13115,杉並区,35.71875,139.61562500000002,100,1080,17,219,2,33
533944692,13115,杉並区,35.71875,139.62187500000002,87,662,7,53,1,3
533944693,13115,杉並区,35.72291666666667,139.61562500000002,203,1546,40,356,30,104
533944694,13115,杉並区,35.72291666666667,139.62187500000002,192,1549,30,220,21,115
533944752,13120,練馬区,35.72708333333333,139.571875,85,458,10,17,7,12
533944754,13120,練馬区,35.73125,139.571875,62,895,8,76,3,158
533944761,13120,練馬区,35.72708333333333,139.578125,348,2627,66,600,48,240
533944762,13120,練馬区,35.72708333333333,139.584375,86,453,4,47,4,12
533944763,13120,練馬区,35.73125,139.578125,105,1157,15,146,6,158
533944764,13120,練馬区,35.73125,139.584375,43,660,6,293,4,41
533944771,13120,練馬区,35.72708333333333,139.59062500000002,320,2362,57,512,62,366
533944772,13120,練馬区,35.72708333333333,139.596875,59,495,5,7,3,41
533944773,13120,練馬区,35.73125,139.59062500000002,64,1036,10,56,2,4
533944774,13120,練馬区,35.73125,139.596875,99,905,22,182,9,128
533944781,13120,練馬区,35.72708333333333,139.603125,166,1696,21,236,22,89
533944782,13115,杉並区,35.72708333333333,139.609375,91,1247,11,58,3,82
533944783,13120,練馬区,35.73125,139.603125,80,516,7,55,4,39
533944784,13120,練馬区,35.73125,139.609375,83,520,7,172,5,26
533944791,13115,杉並区,35.72708333333333,139.61562500000002,102,1181,14,250,6,32
533944792,13115,杉並区,35.72708333333333,139.62187500000002,127,882,11,81,7,29
533944793,13120,練馬区,35.73125,139.61562500000002,84,642,12,76,2,65
533944794,13120,練馬区,35.73125,139.62187500000002,55,425,3,15,6,17
533944852,13120,練馬区,35.73541666666667,139.571875,66,530,4,60,5,134
533944854,13120,練馬区,35.73958333333334,139.571875,55,334,3,35,1,5
533944861,13120,練馬区,35.73541666666667,139.578125,100,913,12,182,4,14
533944862,13120,練馬区,35.73541666666667,139.584375,60,394,3,41,0,0
533944863,13120,練馬区,35.73958333333334,139.578125,84,531,11,33,3,6
533944864,13120,練馬区,35.73958333333334,139.584375,82,1369,9,71,5,69
533944871,13120,練馬区,35.73541666666667,139.59062500000002,86,644,7,184,4,11
533944872,13120,練馬区,35.73541666666667,139.596875,58,441,3,8,3,24
533944873,13120,練馬区,35.73958333333334,139.59062500000002,65,512,10,95,5,9
533944874,13120,練馬区,35.73958333333334,139.596875,33,574,2,8,3,13
533944881,13120,練馬区,35.73541666666667,139.603125,59,405,7,45,1,9
533944882,13120,練馬区,35.73541666666667,139.609375,72,497,8,41,1,1
533944883,13120,練馬区,35.73958333333334,139.603125,50,285,1,2,3,11
533944884,13120,練馬区,35.73958333333334,139.609375,71,477,13,103,4,40
533944891,13120,練馬区,35.73541666666667,139.61562500000002,76,1101,17,263,0,0
533944892,13120,練馬区,35.73541666666667,139.62187500000002,118,722,18,82,7,18
533944893,13120,練馬区,35.73958333333334,139.61562500000002,123,1262,34,542,14,192
533944894,13120,練馬区,35.73958333333334,139.62187500000002,79,478,9,37,3,6
533944952,13120,練馬区,35.743750000000006,139.571875,77,740,7,69,0,0
533944954,13120,練馬区,35.747916666666676,139.571875,138,877,26,160,16,102
533944961,13120,練馬区,35.743750000000006,139.578125,38,306,4,17,0,0
533944962,13120,練馬区,35.743750000000006,139.584375,56,294,3,15,1,13
533944963,13120,練馬区,35.747916666666676,139.578125,85,715,16,67,5,14
533944964,13120,練馬区,35.747916666666676,139.584375,248,2798,64,894,33,439
533944971,13120,練馬区,35.743750000000006,139.59062500000002,44,493,4,9,3,5
533944972,13120,練馬区,35.743750000000006,139.596875,86,873,8,45,5,93
533944973,13120,練馬区,35.747916666666676,139.59062500000002,176,1591,24,162,13,121
533944974,13120,練馬区,35.747916666666676,139.596875,58,338,5,10,3,8
533944981,13120,練馬区,35.743750000000006,139.603125,499,4245,88,1050,85,736
533944982,13120,練馬区,35.743750000000006,139.609375,245,2168,44,528,29,248
533944983,13120,練馬区,35.747916666666676,139.603125,44,290,1,3,0,0
533944984,13120,練馬区,35.747916666666676,139.609375,68,1176,5,109,4,6
533944991,13120,練馬区,35.743750000000006,139.61562500000002,98,2227,9,68,7,35
533944992,13120,練馬区,35.743750000000006,139.62187500000002,82,679,4,138,1,5
533944993,13120,練馬区,35.747916666666676,139.61562500000002,90,853,11,165,4,67
533944994,13120,練馬区,35.747916666666676,139.62187500000002,143,2744,12,168,10,133
533945001,13112,世田谷区,35.66875,139.628125,126,1300,15,131,8,22
533945002,13115,杉並区,35.66875,139.634375,218,2284,33,458,30,238
533945003,13115,杉並区,35.67291666666667,139.628125,62,269,8,54,1,2
533945004,13115,杉並区,35.67291666666667,139.634375,55,337,6,20,1,2
533945011,13115,杉並区,35.66875,139.640625,117,1663,13,163,12,45
533945012,13115,杉並区,35.66875,139.646875,201,2203,21,217,32,193
533945013,13115,杉並区,35.67291666666667,139.640625,66,425,6,31,3,27
533945014,13115,杉並区,35.67291666666667,139.646875,56,1274,5,81,2,21
533945021,13112,世田谷区,35.66875,139.65312500000002,242,2732,40,314,38,426
533945022,13112,世田谷区,35.66875,139.659375,133,880,23,198,7,14
533945023,13115,杉並区,35.67291666666667,139.65312500000002,90,1450,11,128,6,52
533945024,13115,杉並区,35.67291666666667,139.659375,247,3043,40,294,28,127
533945031,13112,世田谷区,35.66875,139.665625,80,388,8,54,1,2
533945032,13112,世田谷区,35.66875,139.671875,124,785,20,125,12,68
533945033,13113,渋谷区,35.67291666666667,139.665625,499,5320,84,879,83,923
533945034,13113,渋谷区,35.67291666666667,139.671875,213,4991,35,437,22,269
533945041,13113,渋谷区,35.66875,139.67812500000002,293,3619,32,417,38,409
533945042,13113,渋谷区,35.66875,139.68437500000002,508,3232,73,399,82,366
533945043,13113,渋谷区,35.67291666666667,139.67812500000002,105,1060,8,37,6,22
533945044,13113,渋谷区,35.67291666666667,139.68437500000002,254,2975,21,260,15,77
533945051,13113,渋谷区,35.66875,139.690625,430,4161,48,486,58,403
533945053,13113,渋谷区,35.67291666666667,139.690625,104,1359,12,45,5,65
533945061,13113,渋谷区,35.66875,139.703125,756,8014,256,2487,85,1106
533945062,13113,渋谷区,35.66875,139.709375,954,9218,336,2723,100,1322
533945063,13113,渋谷区,35.67291666666667,139.703125,327,3106,62,654,39,338
533945064,13113,渋谷区,35.67291666666667,139.709375,829,12869,152,2254,69,443
533945071,13103,港区,35.66875,139.71562500000002,894,15364,143,1456,76,681
533945072,13103,港区,35.66875,139.721875,356,2515,38,192,22,170
533945073,13113,渋谷区,35.67291666666667,139.71562500000002,448,9822,50,448,34,229
533945074,13103,港区,35.67291666666667,139.721875,713,16412,57,1465,42,837
533945081,13103,港区,35.66875,139.728125,484,7305,26,243,39,1071
533945082,13103,港区,35.66875,139.734375,619,6520,34,181,52,360
533945083,13103,港区,35.67291666666667,139.728125,563,19437,64,2745,28,399
533945084,13103,港区,35.67291666666667,139.734375,789,28867,48,524,132,1218
533945091,13103,港区,35.66875,139.74062500000002,944,41390,48,489,88,772
533945092,13103,港区,35.66875,139.74687500000002,1155,51560,86,1170,81,751
533945093,13103,港区,35.67291666666667,139.74062500000002,1069,34977,46,489,194,1434
533945094,13101,千代田区,35.67291666666667,139.74687500000002,564,53290,23,246,41,305
533945101,13115,杉並区,35.677083333333336,139.628125,47,138,6,18,0,0
533945102,13115,杉並区,35.677083333333336,139.634375,162,817,22,292,16,62
533945103,13115,杉並区,35.681250000000006,139.628125,287,1627,60,455,54,299
533945104,13115,杉並区,35.681250000000006,139.634375,158,1773,20,530,12,103
533945111,13115,杉並区,35.677083333333336,139.640625,215,1961,37,394,24,171
533945112,13115,杉並区,35.677083333333336,139.646875,174,1522,28,177,25,209
533945113,13115,杉並区,35.681250000000006,139.640625,71,900,9,74,3,12
533945114,13115,杉並区,35.681250000000006,139.646875,172,1018,27,170,8,48
533945121,13115,杉並区,35.677083333333336,139.65312500000002,72,446,7,12,3,3
533945122,13115,杉並区,35.677083333333336,139.659375,160,2411,21,226,8,22
533945123,13115,杉並区,35.681250000000006,139.65312500000002,86,637,11,184,4,6
533945124,13115,杉並区,35.681250000000006,139.659375,196,1346,31,336,29,132
533945131,13113,渋谷区,35.677083333333336,139.665625,252,1414,44,299,32,151
533945132,13113,渋谷区,35.677083333333336,139.671875,353,4690,27,254,24,123
533945133,13114,中野区,35.681250000000006,139.665625,118,464,8,16,6,14
533945134,13113,渋谷区,35.681250000000006,139.671875,166,860,27,118,11,30
533945141,13113,渋谷区,35.677083333333336,139.67812500000002,497,5163,69,874,102,604
533945142,13113,渋谷区,35.677083333333336,139.68437500000002,152,2030,27,170,4,26
533945143,13113,渋谷区,35.681250000000006,139.67812500000002,234,1675,38,233,35,170
533945144,13113,渋谷区,35.681250000000006,139.68437500000002,599,21519,48,768,86,1436
533945151,13113,渋谷区,35.677083333333336,139.690625,197,1310,24,200,25,129
533945152,13113,渋谷区,35.677083333333336,139.696875,4,647,0,0,0,0
533945153,13113,渋谷区,35.681250000000006,139.690625,321,10047,25,260,16,133
533945154,13113,渋谷区,35.681250000000006,139.696875,349,4147,23,521,28,168
533945161,13113,渋谷区,35.677083333333336,139.703125,306,4132,21,643,16,177
533945162,13113,渋谷区,35.677083333333336,139.709375,826,10683,100,1377,39,266
533945163,13113,渋谷区,35.681250000000006,139.703125,982,17169,56,810,86,695
533945164,13113,渋谷区,35.681250000000006,139.709375,363,6572,20,595,17,118
533945171,13104,新宿区,35.677083333333336,139.71562500000002,5,180,2,17,0,0
533945172,13103,港区,35.677083333333336,139.721875,16,1347,1,3,2,7
533945173,13104,新宿区,35.681250000000006,139.71562500000002,68,5678,9,76,6,83
533945174,13104,新宿区,35.681250000000006,139.721875,170,5299,20,192,25,226
533945181,13103,港区,35.677083333333336,139.728125,1,78,0,0,0,0
533945182,13103,港区,35.677083333333336,139.734375,1100,26206,85,817,176,2085
533945183,13103,港区,35.681250000000006,139.728125,39,675,1,6,2,35
533945184,13101,千代田区,35.681250000000006,139.734375,520,29439,74,1532,37,475
533945191,13101,千代田区,35.677083333333336,139.74062500000002,530,12072,17,208,26,252
533945192,13101,千代田区,35.677083333333336,139.74687500000002,11,1086,2,8,2,13
533945193,13101,千代田区,35.681250000000006,139.74062500000002,1140,21568,56,1095,61,594
533945194,13101,千代田区,35.681250000000006,139.74687500000002,1,34,0,0,0,0
533945201,13115,杉並区,35.68541666666667,139.628125,148,1084,28,240,13,149
533945202,13115,杉並区,35.68541666666667,139.634375,45,186,1,2,1,2
533945203,13115,杉並区,35.68958333333334,139.628125,49,542,3,17,4,4
533945204,13115,杉並区,35.68958333333334,139.634375,58,278,5,8,1,11
533945211,13115,杉並区,35.68541666666667,139.640625,16,139,2,8,1,5
533945212,13115,杉並区,35.68541666666667,139.646875,44,438,0,0,0,0
533945213,13115,杉並区,35.68958333333334,139.640625,96,464,14,39,3,13
533945214,13115,杉並区,35.68958333333334,139.646875,34,282,2,24,1,1
533945221,13115,杉並区,35.68541666666667,139.65312500000002,90,1765,8,61,6,31
533945222,13114,中野区,35.68541666666667,139.659375,242,2317,45,513,44,285
533945223,13115,杉並区,35.68958333333334,139.65312500000002,154,1069,20,197,11,44
533945224,13115,杉並区,35.68958333333334,139.659375,89,1688,12,66,0,0
533945231,13114,中野区,35.68541666666667,139.665625,155,1718,18,271,7,25
533945232,13114,中野区,35.68541666666667,139.671875,227,1370,39,322,18,56
533945233,13114,中野区,35.68958333333334,139.665625,182,2108,20,271,19,62
533945234,13114,中野区,35.68958333333334,139.671875,282,1829,44,293,28,95
533945241,13113,渋谷区,35.68541666666667,139.67812500000002,161,669,15,67,8,15
533945242,13113,渋谷区,35.68541666666667,139.68437500000002,290,3571,42,269,43,295
533945243,13114,中野区,35.68958333333334,139.67812500000002,265,2189,39,433,22,97
533945244,13104,新宿区,35.68958333333334,139.68437500000002,370,6377,30,222,33,207
533945251,13104,新宿区,35.68541666666667,139.690625,802,21431,63,646,46,551
533945252,13113,渋谷区,35.68541666666667,139.696875,1028,31301,59,913,51,663
533945253,13104,新宿区,35.68958333333334,139.690625,659,45765,32,629,54,865
533945254,13104,新宿区,35.68958333333334,139.696875,1567,52585,437,5848,283,4630
533945261,13113,渋谷区,35.68541666666667,139.703125,960,27162,125,2467,112,2521
533945262,13104,新宿区,35.68541666666667,139.709375,2,41,0,0,1,16
533945263,13104,新宿区,35.68958333333334,139.703125,1621,36016,694,9653,314,5521
533945264,13104,新宿区,35.68958333333334,139.709375,2104,27277,128,1303,398,2406
533945271,13104,新宿区,35.68541666666667,139.71562500000002,220,2793,14,88,11,95
533945272,13104,新宿区,35.68541666666667,139.721875,504,4993,29,171,32,192
533945273,13104,新宿区,35.68958333333334,139.71562500000002,1121,14848,69,784,67,854
533945274,13104,新宿区,35.68958333333334,139.721875,966,9119,74,606,238,859
533945281,13104,新宿区,35.68541666666667,139.728125,797,12436,77,794,120,969
533945282,13101,千代田区,35.68541666666667,139.734375,704,31262,43,1734,33,510
533945283,13104,新宿区,35.68958333333334,139.728125,584,11102,26,790,34,235
533945284,13101,千代田区,35.68958333333334,139.734375,709,19111,32,547,50,502
533945291,13101,千代田区,35.68541666666667,139.74062500000002,1400,25543,78,1044,64,721
533945292,13101,千代田区,35.68541666666667,139.74687500000002,23,1779,2,558,0,0
533945293,13101,千代田区,35.68958333333334,139.74062500000002,489,7960,29,201,26,373
533945294,13101,千代田区,35.68958333333334,139.74687500000002,147,6981,5,226,3,7
533945301,13115,杉並区,35.69375,139.628125,42,225,5,25,1,3
533945302,13115,杉並区,35.69375,139.634375,93,567,11,42,1,3
533945303,13115,杉並区,35.69791666666667,139.628125,55,267,2,19,0,0
533945304,13115,杉並区,35.69791666666667,139.634375,299,4779,35,135,16,140
533945311,13115,杉並区,35.69375,139.640625,130,736,25,283,9,20
533945312,13115,杉並区,35.69375,139.646875,85,680,9,44,2,4
533945313,13115,杉並区,35.69791666666667,139.640625,222,1504,36,169,28,105
533945314,13115,杉並区,35.69791666666667,139.646875,368,2714,59,547,57,342
533945321,13115,杉並区,35.69375,139.65312500000002,116,1101,18,118,7,22
533945322,13115,杉並区,35.69375,139.659375,95,832,7,14,7,27
533945323,13115,杉並区,35.69791666666667,139.65312500000002,212,2199,20,133,14,87
533945324,13115,杉並区,35.69791666666667,139.659375,295,1891,45,291,50,257
533945331,13115,杉並区,35.69375,139.665625,176,1496,25,146,11,29
533945332,13114,中野区,35.69375,139.671875,264,2137,42,269,30,184
533945333,13114,中野区,35.69791666666667,139.665625,356,3008,39,374,18,117
533945334,13114,中野区,35.69791666666667,139.671875,381,4088,54,519,58,299
533945341,13114,中野区,35.69375,139.67812500000002,190,1495,11,102,7,25
533945342,13114,中野区,35.69375,139.68437500000002,268,2435,29,205,22,102
533945343,13114,中野区,35.69791666666667,139.67812500000002,316,3783,35,306,44,286
533945344,13114,中野区,35.69791666666667,139.68437500000002,413,12946,36,1417,51,457
533945351,13104,新宿区,35.69375,139.690625,1135,57978,71,833,81,2647
533945352,13104,新宿区,35.69375,139.696875,1876,82305,149,1505,322,4114
533945353,13104,新宿区,35.69791666666667,139.690625,241,17724,23,466,18,133
533945354,13104,新宿区,35.69791666666667,139.696875,976,20058,62,498,101,719
533945361,13104,新宿区,35.69375,139.703125,1448,22358,256,4007,704,7269
533945362,13104,新宿区,35.69375,139.709375,836,15618,82,1233,94,1215
533945363,13104,新宿区,35.69791666666667,139.703125,657,10206,60,907,218,1745
533945364,13104,新宿区,35.69791666666667,139.709375,462,15927,37,1130,37,463
533945371,13104,新宿区,35.69375,139.71562500000002,223,3986,22,269,16,71
533945372,13104,新宿区,35.69375,139.721875,575,6132,51,434,71,411
533945373,13104,新宿区,35.69791666666667,139.71562500000002,194,1812,42,191,12,78
533945374,13104,新宿区,35.69791666666667,139.721875,156,6384,31,497,12,62
533945381,13104,新宿区,35.69375,139.728125,88,15309,17,106,10,99
533945382,13104,新宿区,35.69375,139.734375,344,7423,20,203,32,312
533945383,13104,新宿区,35.69791666666667,139.728125,207,2042,21,257,17,65
533945384,13104,新宿区,35.69791666666667,139.734375,251,3429,31,380,33,154
533945391,13101,千代田区,35.69375,139.74062500000002,792,19480,41,903,53,493
533945392,13101,千代田区,35.69375,139.74687500000002,277,8446,23,160,15,145
533945393,13104,新宿区,35.69791666666667,139.74062500000002,141,5017,18,231,7,93
533945394,13101,千代田区,35.69791666666667,139.74687500000002,1019,22432,44,345,92,675
533945401,13115,杉並区,35.702083333333334,139.628125,173,1200,15,51,19,45
533945402,13115,杉並区,35.702083333333334,139.634375,487,3741,119,1088,74,435
533945403,13115,杉並区,35.706250000000004,139.628125,55,462,5,20,0,0
533945404,13115,杉並区,35.706250000000004,139.634375,541,3694,96,954,196,1221
533945411,13115,杉並区,35.702083333333334,139.640625,120,604,12,46,5,11
533945412,13115,杉並区,35.702083333333334,139.646875,508,3037,142,683,99,380
533945413,13115,杉並区,35.706250000000004,139.640625,197,2455,26,165,49,123
533945414,13115,杉並区,35.706250000000004,139.646875,641,4069,140,1034,194,1086
533945421,13115,杉並区,35.702083333333334,139.65312500000002,275,3063,46,228,26,94
533945422,13115,杉並区,35.702083333333334,139.659375,159,1134,17,174,19,61
533945423,13115,杉並区,35.706250000000004,139.65312500000002,496,5057,59,494,72,449
533945424,13114,中野区,35.706250000000004,139.659375,147,9254,9,268,11,170
533945431,13114,中野区,35.702083333333334,139.665625,415,4782,53,472,46,357
533945432,13114,中野区,35.702083333333334,139.671875,176,1583,18,196,6,12
533945433,13114,中野区,35.706250000000004,139.665625,773,12110,142,1503,224,2160
533945434,13114,中野区,35.706250000000004,139.671875,166,1493,12,203,8,40
533945441,13114,中野区,35.702083333333334,139.67812500000002,150,1301,13,128,11,39
533945442,13114,中野区,35.702083333333334,139.68437500000002,227,2898,23,146,18,75
533945443,13114,中野区,35.706250000000004,139.67812500000002,114,630,7,32,4,23
533945444,13114,中野区,35.706250000000004,139.68437500000002,553,4139,66,965,78,478
533945451,13104,新宿区,35.702083333333334,139.690625,149,1048,12,45,9,41
533945452,13104,新宿区,35.702083333333334,139.696875,604,6185,76,802,82,753
533945453,13104,新宿区,35.706250000000004,139.690625,206,1808,23,231,10,41
533945454,13104,新宿区,35.706250000000004,139.696875,150,3979,15,134,9,64
533945461,13104,新宿区,35.702083333333334,139.703125,448,3950,64,684,80,745
533945462,13104,新宿区,35.702083333333334,139.709375,438,7502,57,568,40,195
533945463,13104,新宿区,35.706250000000004,139.703125,84,5769,9,72,3,23
533945464,13104,新宿区,35.706250000000004,139.709375,96,3289,15,284,5,57
533945471,13104,新宿区,35.702083333333334,139.71562500000002,104,5665,22,152,14,93
533945472,13104,新宿区,35.702083333333334,139.721875,197,1611,28,159,12,38
533945473,13104,新宿区,35.706250000000004,139.71562500000002,83,1273,9,98,18,112
533945474,13104,新宿区,35.706250000000004,139.721875,410,14294,64,627,59,546
533945481,13104,新宿区,35.702083333333334,139.728125,104,808,7,38,5,16
533945482,13104,新宿区,35.702083333333334,139.734375,509,5234,73,455,53,543
533945483,13104,新宿区,35.706250000000004,139.728125,611,6847,47,329,42,178
533945484,13104,新宿区,35.706250000000004,139.734375,548,4273,65,384,44,152
533945491,13104,新宿区,35.702083333333334,139.74062500000002,1278,19214,111,883,357,2646
533945492,13101,千代田区,35.702083333333334,139.74687500000002,936,26984,51,492,84,868
533945493,13104,新宿区,35.706250000000004,139.74062500000002,362,7281,31,527,23,107
533945494,13105,文京区,35.706250000000004,139.74687500000002,333,13259,19,263,24,123
533945501,13115,杉並区,35.71041666666667,139.628125,78,614,15,130,0,0
533945502,13115,杉並区,35.71041666666667,139.634375,195,1113,39,170,30,76
533945503,13115,杉並区,35.71458333333334,139.628125,60,426,10,194,3,12
533945504,13115,杉並区,35.71458333333334,139.634375,130,953,31,194,9,30
533945511,13115,杉並区,35.71041666666667,139.640625,89,548,5,13,3,6
533945512,13114,中野区,35.71041666666667,139.646875,169,674,27,123,22,60
533945513,13115,杉並区,35.71458333333334,139.640625,65,354,7,36,2,6
533945514,13114,中野区,35.71458333333334,139.646875,95,366,7,46,4,13
533945521,13114,中野区,35.71041666666667,139.65312500000002,224,1281,28,199,19,197
533945522,13114,中野区,35.71041666666667,139.659375,109,2587,16,147,6,27
533945523,13114,中野区,35.71458333333334,139.65312500000002,111,538,11,32,4,19
533945524,13114,中野区,35.71458333333334,139.659375,56,475,6,50,2,4
533945531,13114,中野区,35.71041666666667,139.665625,926,10493,235,1603,187,1148
533945532,13114,中野区,35.71041666666667,139.671875,172,1530,24,217,6,32
533945533,13114,中野区,35.71458333333334,139.665625,224,1487,40,446,17,51
533945534,13114,中野区,35.71458333333334,139.671875,274,1424,41,225,67,238
533945541,13114,中野区,35.71041666666667,139.67812500000002,134,1262,14,104,10,33
533945542,13114,中野区,35.71041666666667,139.68437500000002,276,3664,33,369,25,162
533945543,13114,中野区,35.71458333333334,139.67812500000002,60,248,5,9,1,8
533945544,13104,新宿区,35.71458333333334,139.68437500000002,175,979,22,210,22,117
533945551,13114,中野区,35.71041666666667,139.690625,191,1805,21,198,10,36
533945552,13104,新宿区,35.71041666666667,139.696875,298,4312,40,382,14,46
533945553,13104,新宿区,35.71458333333334,139.690625,216,1260,20,100,27,75
533945554,13104,新宿区,35.71458333333334,139.696875,175,2026,14,76,14,51
533945561,13104,新宿区,35.71041666666667,139.703125,860,10052,55,487,59,594
533945562,13104,新宿区,35.71041666666667,139.709375,577,7345,58,452,79,685
533945563,13104,新宿区,35.71458333333334,139.703125,981,12952,89,1343,194,1999
533945564,13116,豊島区,35.71458333333334,139.709375,537,10242,30,373,56,318
533945571,13104,新宿区,35.71041666666667,139.71562500000002,224,1693,38,228,34,126
533945572,13104,新宿区,35.71041666666667,139.721875,262,2914,32,241,36,226
533945573,13116,豊島区,35.71458333333334,139.71562500000002,152,989,21,197,8,18
533945574,13105,文京区,35.71458333333334,139.721875,93,810,15,197,4,7
533945581,13105,文京区,35.71041666666667,139.728125,413,5939,29,255,27,576
533945582,13105,文京区,35.71041666666667,139.734375,381,3650,43,339,26,526
533945583,13105,文京区,35.71458333333334,139.728125,212,1740,18,87,14,100
533945584,13105,文京区,35.71458333333334,139.734375,116,1094,11,32,5,8
533945591,13105,文京区,35.71041666666667,139.74062500000002,263,7009,20,235,14,60
533945592,13105,文京区,35.71041666666667,139.74687500000002,211,2019,16,116,16,50
533945593,13105,文京区,35.71458333333334,139.74062500000002,302,5100,33,510,16,52
533945594,13105,文京区,35.71458333333334,139.74687500000002,191,1311,12,35,10,41
533945601,13115,杉並区,35.71875,139.628125,104,664,10,59,2,6
533945602,13114,中野区,35.71875,139.634375,82,547,5,39,1,1
533945603,13114,中野区,35.72291666666667,139.628125,103,686,21,212,10,74
533945604,13114,中野区,35.72291666666667,139.634375,73,512,8,112,8,18
533945611,13114,中野区,35.71875,139.640625,48,414,8,81,3,5
533945612,13114,中野区,35.71875,139.646875,118,417,16,65,7,17
533945613,13114,中野区,35.72291666666667,139.640625,272,1413,48,279,51,222
533945614,13114,中野区,35.72291666666667,139.646875,221,1185,43,412,18,84
533945621,13114,中野区,35.71875,139.65312500000002,351,2029,68,427,82,432
533945622,13114,中野区,35.71875,139.659375,59,260,3,11,5,20
533945623,13114,中野区,35.72291666666667,139.65312500000002,200,1385,30,189,21,69
533945624,13114,中野区,35.72291666666667,139.659375,112,847,17,121,3,6
533945631,13114,中野区,35.71875,139.665625,189,1121,28,207,30,111
533945632,13114,中野区,35.71875,139.671875,184,1293,29,258,11,24
533945633,13114,中野区,35.72291666666667,139.665625,210,1319,41,215,18,77
533945634,13114,中野区,35.72291666666667,139.671875,90,834,11,47,1,2
533945641,13104,新宿区,35.71875,139.67812500000002,93,1749,17,106,8,36
533945642,13104,新宿区,35.71875,139.68437500000002,90,359,5,12,7,17
533945643,13104,新宿区,35.72291666666667,139.67812500000002,151,1229,21,354,6,46
533945644,13116,豊島区,35.72291666666667,139.68437500000002,214,2452,38,619,17,148
533945651,13104,新宿区,35.71875,139.690625,119,651,7,40,3,7
533945652,13104,新宿区,35.71875,139.696875,93,1499,8,60,1,2
533945653,13116,豊島区,35.72291666666667,139.690625,193,1315,38,137,20,53
533945654,13116,豊島区,35.72291666666667,139.696875,204,1638,38,345,7,25
533945661,13104,新宿区,35.71875,139.703125,132,1692,5,28,1,2
533945662,13116,豊島区,35.71875,139.709375,52,3240,6,29,4,46
533945663,13104,新宿区,35.72291666666667,139.703125,366,2799,70,427,32,315
533945664,13116,豊島区,35.72291666666667,139.709375,353,3913,37,493,32,153
533945671,13116,豊島区,35.71875,139.71562500000002,242,2424,30,152,24,71
533945672,13105,文京区,35.71875,139.721875,123,3553,17,94,8,15
533945673,13116,豊島区,35.72291666666667,139.71562500000002,194,1569,27,173,12,91
533945674,13116,豊島区,35.72291666666667,139.721875,115,742,17,95,1,9
533945681,13105,文京区,35.71875,139.728125,219,6291,15,128,17,157
533945682,13105,文京区,35.71875,139.734375,272,4803,34,502,26,272
533945683,13105,文京区,35.72291666666667,139.728125,150,1493,11,72,4,16
533945684,13105,文京区,35.72291666666667,139.734375,197,3873,18,120,10,38
533945691,13105,文京区,35.71875,139.74062500000002,319,2656,20,91,27,199
533945692,13105,文京区,35.71875,139.74687500000002,96,2190,14,76,8,53
533945693,13105,文京区,35.72291666666667,139.74062500000002,131,985,12,95,6,16
533945694,13105,文京区,35.72291666666667,139.74687500000002,127,1172,14,69,2,9
533945701,13114,中野区,35.72708333333333,139.628125,88,623,9,29,5,26
533945702,13114,中野区,35.72708333333333,139.634375,81,611,8,57,1,37
533945703,13114,中野区,35.73125,139.628125,57,342,3,11,0,0
533945704,13114,中野区,35.73125,139.634375,59,349,4,12,0,0
533945711,13120,練馬区,35.72708333333333,139.640625,136,1120,20,301,8,123
533945712,13120,練馬区,35.72708333333333,139.646875,58,518,12,179,1,15
533945713,13120,練馬区,35.73125,139.640625,120,1020,11,74,2,7
533945714,13120,練馬区,35.73125,139.646875,97,1055,12,89,4,84
533945721,13120,練馬区,35.72708333333333,139.65312500000002,88,1715,8,141,4,168
533945722,13120,練馬区,35.72708333333333,139.659375,100,1576,11,205,3,12
533945723,13120,練馬区,35.73125,139.65312500000002,107,1129,14,252,7,55
533945724,13120,練馬区,35.73125,139.659375,157,1274,20,232,13,27
533945731,13114,中野区,35.72708333333333,139.665625,128,2758,29,134,6,24
533945732,13114,中野区,35.72708333333333,139.671875,98,748,10,124,4,7
533945733,13114,中野区,35.73125,139.665625,87,789,12,130,3,30
533945734,13114,中野区,35.73125,139.671875,140,1005,16,143,12,105
533945741,13104,新宿区,35.72708333333333,139.67812500000002,85,580,3,28,0,0
533945742,13116,豊島区,35.72708333333333,139.68437500000002,224,1152,46,214,29,131
533945743,13120,練馬区,35.73125,139.67812500000002,142,3743,23,115,8,26
533945744,13116,豊島区,35.73125,139.68437500000002,295,1870,50,353,54,237
533945751,13116,豊島区,35.72708333333333,139.690625,245,1458,42,345,34,100
533945752,13116,豊島区,35.72708333333333,139.696875,226,1610,24,197,29,185
533945753,13116,豊島区,35.73125,139.690625,122,789,14,159,6,11
533945754,13116,豊島区,35.73125,139.696875,196,1667,24,236,11,47
533945761,13116,豊島区,35.72708333333333,139.703125,170,1663,19,217,2,2
533945762,13116,豊島区,35.72708333333333,139.709375,1222,26802,404,5304,128,2527
533945763,13116,豊島区,35.73125,139.703125,519,8796,38,322,50,391
533945764,13116,豊島区,35.73125,139.709375,1716,24072,461,5538,430,6261
533945771,13116,豊島区,35.72708333333333,139.71562500000002,1238,27284,108,2228,152,1943
533945772,13116,豊島区,35.72708333333333,139.721875,432,6354,90,887,35,439
533945773,13116,豊島区,35.73125,139.71562500000002,1696,31762,274,4241,255,4250
533945774,13116,豊島区,35.73125,139.721875,698,23363,76,846,59,1139
533945781,13116,豊島区,35.72708333333333,139.728125,604,10510,64,1307,41,207
533945782,13116,豊島区,35.72708333333333,139.734375,193,1856,22,437,4,24
533945783,13116,豊島区,35.73125,139.728125,1117,13557,136,1277,201,1410
533945784,13116,豊島区,35.73125,139.734375,279,4272,30,192,20,85
533945791,13105,文京区,35.72708333333333,139.74062500000002,248,1303,29,138,19,85
533945792,13105,文京区,35.72708333333333,139.74687500000002,251,2363,40,217,16,99
533945793,13116,豊島区,35.73125,139.74062500000002,682,7104,77,487,71,488
533945794,13105,文京区,35.73125,139.74687500000002,214,7368,20,227,10,66
533945801,13120,練馬区,35.73541666666667,139.628125,303,2116,66,680,45,263
533945802,13120,練馬区,35.73541666666667,139.634375,138,1146,18,91,9,74
533945803,13120,練馬区,35.73958333333334,139.628125,78,573,4,19,3,14
533945804,13120,練馬区,35.73958333333334,139.634375,188,1313,24,239,17,49
533945811,13120,練馬区,35.73541666666667,139.640625,302,2356,50,492,40,242
533945812,13120,練馬区,35.73541666666667,139.646875,144,1467,13,245,3,43
533945813,13120,練馬区,35.73958333333334,139.640625,96,804,16,117,8,128
533945814,13120,練馬区,35.73958333333334,139.646875,111,840,12,116,3,23
533945821,13120,練馬区,35.73541666666667,139.65312500000002,693,10019,85,914,151,1381
533945822,13120,練馬区,35.73541666666667,139.659375,245,2174,30,187,20,128
533945823,13120,練馬区,35.73958333333334,139.65312500000002,341,3064,56,954,38,314
533945824,13120,練馬区,35.73958333333334,139.659375,384,2051,58,382,63,317
533945831,13120,練馬区,35.73541666666667,139.665625,128,2584,8,106,4,11
533945832,13120,練馬区,35.73541666666667,139.671875,361,2938,55,648,77,595
533945833,13120,練馬区,35.73958333333334,139.665625,138,1146,17,203,13,55
533945834,13120,練馬区,35.73958333333334,139.671875,338,2222,85,569,60,206
533945841,13120,練馬区,35.73541666666667,139.67812500000002,106,1100,12,118,6,17
533945842,13116,豊島区,35.73541666666667,139.68437500000002,84,1154,11,172,4,14
533945843,13120,練馬区,35.73958333333334,139.67812500000002,74,1772,9,39,4,16
533945844,13116,豊島区,35.73958333333334,139.68437500000002,139,946,14,115,11,48
533945851,13116,豊島区,35.73541666666667,139.690625,185,1132,21,169,10,35
533945852,13116,豊島区,35.73541666666667,139.696875,248,2077,49,464,29,192
533945853,13116,豊島区,35.73958333333334,139.690625,165,1744,30,583,17,166
533945854,13116,豊島区,35.73958333333334,139.696875,83,534,7,41,5,17
533945861,13116,豊島区,35.73541666666667,139.703125,250,2204,33,197,29,112
533945862,13116,豊島区,35.73541666666667,139.709375,936,11280,103,880,76,525
533945863,13119,板橋区,35.73958333333334,139.703125,184,1830,19,156,5,21
533945864,13116,豊島区,35.73958333333334,139.709375,273,3040,37,354,12,57
533945871,13116,豊島区,35.73541666666667,139.71562500000002,411,9026,28,250,12,26
533945872,13116,豊島区,35.73541666666667,139.721875,170,1301,29,224,12,38
533945873,13116,豊島区,35.73958333333334,139.71562500000002,153,1300,17,104,6,36
533945874,13116,豊島区,35.73958333333334,139.721875,217,1471,27,243,11,39
533945881,13116,豊島区,35.73541666666667,139.728125,327,2852,30,349,40,119
533945882,13116,豊島区,35.73541666666667,139.734375,338,3074,95,636,40,275
533945883,13116,豊島区,35.73958333333334,139.728125,188,1110,38,176,11,48
533945884,13116,豊島区,35.73958333333334,139.734375,166,1672,27,169,10,28
533945891,13116,豊島区,35.73541666666667,139.74062500000002,284,3301,53,805,57,690
533945892,13116,豊島区,35.73541666666667,139.74687500000002,496,5008,62,539,57,693
533945893,13116,豊島区,35.73958333333334,139.74062500000002,141,852,32,130,11,54
533945894,13116,豊島区,35.73958333333334,139.74687500000002,400,2476,81,629,50,200
533945901,13120,練馬区,35.743750000000006,139.628125,100,1030,12,104,1,2
533945902,13120,練馬区,35.743750000000006,139.634375,104,857,13,147,6,14
533945903,13120,練馬区,35.747916666666676,139.628125,111,1036,11,68,3,26
533945904,13120,練馬区,35.747916666666676,139.634375,63,546,5,14,1,8
533945911,13120,練馬区,35.743750000000006,139.640625,41,197,7,27,0,0
533945912,13120,練馬区,35.743750000000006,139.646875,123,1080,19,179,28,197
533945913,13120,練馬区,35.747916666666676,139.640625,79,443,13,111,4,8
533945914,13120,練馬区,35.747916666666676,139.646875,113,769,16,167,8,85
533945921,13120,練馬区,35.743750000000006,139.65312500000002,55,348,4,8,1,1
533945922,13120,練馬区,35.743750000000006,139.659375,66,335,8,45,3,12
533945923,13120,練馬区,35.747916666666676,139.65312500000002,66,264,9,53,1,2
533945924,13120,練馬区,35.747916666666676,139.659375,49,179,4,6,2,6
533945931,13120,練馬区,35.743750000000006,139.665625,120,739,14,88,4,6
533945932,13120,練馬区,35.743750000000006,139.671875,72,629,7,65,4,57
533945933,13120,練馬区,35.747916666666676,139.665625,114,1576,20,402,10,122
533945934,13120,練馬区,35.747916666666676,139.671875,96,794,9,39,1,4
533945941,13120,練馬区,35.743750000000006,139.67812500000002,150,1751,23,237,12,106
533945942,13119,板橋区,35.743750000000006,139.68437500000002,102,1531,13,220,1,1
533945943,13119,板橋区,35.747916666666676,139.67812500000002,164,2089,24,276,14,153
533945944,13119,板橋区,35.747916666666676,139.68437500000002,111,1212,21,125,7,21
533945951,13119,板橋区,35.743750000000006,139.690625,92,453,6,31,0,0
533945952,13119,板橋区,35.743750000000006,139.696875,119,1103,18,174,7,17
533945953,13119,板橋区,35.747916666666676,139.690625,108,3344,19,157,20,126
533945954,13119,板橋区,35.747916666666676,139.696875,229,2166,57,742,25,105
533945961,13119,板橋区,35.743750000000006,139.703125,256,2471,27,292,16,69
533945962,13116,豊島区,35.743750000000006,139.709375,189,1546,13,134,7,17
533945963,13119,板橋区,35.747916666666676,139.703125,573,4370,105,714,136,1024
533945964,13119,板橋区,35.747916666666676,139.709375,244,2983,29,587,30,107
533945971,13116,豊島区,35.743750000000006,139.71562500000002,192,1096,29,193,13,52
533945972,13117,北区,35.743750000000006,139.721875,351,2742,59,513,33,285
533945973,13119,板橋区,35.747916666666676,139.71562500000002,504,4349,60,501,57,276
533945974,13117,北区,35.747916666666676,139.721875,437,4229,45,541,91,405
533945981,13116,豊島区,35.743750000000006,139.728125,215,3186,25,271,33,199
533945982,13117,北区,35.743750000000006,139.734375,181,798,24,82,16,38
533945983,13117,北区,35.747916666666676,139.728125,144,1090,28,241,7,14
533945984,13117,北区,35.747916666666676,139.734375,154,1041,13,89,9,14
533945991,13117,北区,35.743750000000006,139.74062500000002,163,1720,29,195,8,17
533945992,13117,北区,35.743750000000006,139.74687500000002,116,944,13,30,7,27
533945993,13117,北区,35.747916666666676,139.74062500000002,104,2671,10,31,2,7
533945994,13117,北区,35.747916666666676,139.74687500000002,106,1057,11,74,8,17
533946001,13103,港区,35.66875,139.753125,2342,47677,111,952,251,1711
533946002,13102,中央区,35.66875,139.759375,1967,57295,218,2302,919,7140
533946003,13101,千代田区,35.67291666666667,139.753125,324,29279,28,180,40,422
533946004,13101,千代田区,35.67291666666667,139.759375,1460,36940,312,2251,374,4474
533946011,13102,中央区,35.66875,139.765625,2190,43632,374,4983,356,3445
533946012,13102,中央区,35.66875,139.771875,1373,28505,97,813,178,1408
533946013,13102,中央区,35.67291666666667,139.765625,2686,48600,808,11022,420,5616
533946014,13102,中央区,35.67291666666667,139.771875,2010,31725,180,1422,136,651
533946021,13102,中央区,35.66875,139.77812500000002,562,17851,41,499,33,364
533946022,13102,中央区,35.66875,139.784375,175,3497,17,179,12,68
533946023,13102,中央区,35.67291666666667,139.77812500000002,1298,16551,61,541,74,545
533946024,13102,中央区,35.67291666666667,139.784375,233,8056,10,88,10,51
533946031,13108,江東区,35.66875,139.790625,86,1006,7,72,3,27
533946032,13108,江東区,35.66875,139.796875,280,2447,25,203,67,287
533946033,13108,江東区,35.67291666666667,139.790625,280,4261,19,165,17,53
533946034,13108,江東区,35.67291666666667,139.796875,628,8163,92,744,142,1175
533946041,13108,江東区,35.66875,139.80312500000002,386,14441,34,415,52,380
533946042,13108,江東区,35.66875,139.80937500000002,486,5207,59,399,72,349
533946043,13108,江東区,35.67291666666667,139.80312500000002,223,4545,17,336,10,36
533946044,13108,江東区,35.67291666666667,139.80937500000002,148,3016,12,101,11,32
533946051,13108,江東区,35.66875,139.815625,360,10449,29,562,34,492
533946052,13108,江東区,35.66875,139.821875,218,10359,19,189,30,255
533946053,13108,江東区,35.67291666666667,139.815625,262,8128,16,196,24,197
533946054,13108,江東区,35.67291666666667,139.821875,118,3127,23,736,6,36
533946061,13108,江東区,35.66875,139.828125,68,5003,6,91,6,46
533946062,13108,江東区,35.66875,139.834375,119,1904,17,98,10,171
533946063,13108,江東区,35.67291666666667,139.828125,135,1822,19,410,10,59
533946064,13108,江東区,35.67291666666667,139.834375,164,2338,34,847,27,429
533946071,13108,江東区,35.66875,139.84062500000002,122,1077,11,67,7,27
533946073,13108,江東区,35.67291666666667,139.84062500000002,116,1017,11,68,10,25
533946081,13123,江戸川区,35.66875,139.853125,61,560,9,89,3,28
533946082,13123,江戸川区,35.66875,139.859375,204,3532,61,1064,20,260
533946083,13123,江戸川区,35.67291666666667,139.853125,90,584,11,36,6,13
533946084,13123,江戸川区,35.67291666666667,139.859375,83,1698,11,180,7,153
533946091,13123,江戸川区,35.66875,139.86562500000002,113,2918,24,327,4,101
533946092,13123,江戸川区,35.66875,139.87187500000002,131,1038,18,150,16,101
533946093,13123,江戸川区,35.67291666666667,139.86562500000002,120,1837,17,282,4,37
533946094,13123,江戸川区,35.67291666666667,139.87187500000002,116,910,15,147,6,37
533946101,13101,千代田区,35.677083333333336,139.753125,102,24665,11,120,14,106
533946102,13101,千代田区,35.677083333333336,139.759375,1544,35292,51,496,51,1131
533946104,13101,千代田区,35.681250000000006,139.759375,125,5357,4,768,4,32
533946111,13101,千代田区,35.677083333333336,139.765625,1082,67755,100,1958,163,2054
533946112,13102,中央区,35.677083333333336,139.771875,1683,48787,109,893,120,990
533946113,13101,千代田区,35.681250000000006,139.765625,1252,53048,423,4270,210,3889
533946114,13102,中央区,35.681250000000006,139.771875,2211,77469,377,5984,242,3292
533946121,13102,中央区,35.677083333333336,139.77812500000002,1864,35928,92,690,182,1356
533946122,13102,中央区,35.677083333333336,139.784375,835,30866,46,493,54,478
533946123,13102,中央区,35.681250000000006,139.77812500000002,1176,38713,56,2381,80,639
533946124,13102,中央区,35.681250000000006,139.784375,1100,20374,68,519,73,800
533946131,13108,江東区,35.677083333333336,139.790625,224,7440,15,98,15,63
533946132,13108,江東区,35.677083333333336,139.796875,269,3158,37,334,20,92
533946133,13102,中央区,35.681250000000006,139.790625,197,8870,16,981,16,2116
533946134,13108,江東区,35.681250000000006,139.796875,276,2417,40,308,21,91
533946141,13108,江東区,35.677083333333336,139.80312500000002,196,1913,21,241,5,67
533946142,13108,江東区,35.677083333333336,139.80937500000002,85,1038,7,169,3,23
533946143,13108,江東区,35.681250000000006,139.80312500000002,350,2221,50,260,24,78
533946144,13108,江東区,35.681250000000006,139.80937500000002,189,2128,21,192,12,101
533946151,13108,江東区,35.677083333333336,139.815625,192,6328,27,524,9,104
533946152,13108,江東区,35.677083333333336,139.821875,116,1934,12,895,3,10
533946153,13108,江東区,35.681250000000006,139.815625,400,2637,57,391,49,153
533946154,13108,江東区,35.681250000000006,139.821875,195,2000,13,212,8,19
533946161,13108,江東区,35.677083333333336,139.828125,133,2421,19,227,16,271
533946162,13108,江東区,35.677083333333336,139.834375,182,1372,25,162,9,49
533946163,13108,江東区,35.681250000000006,139.828125,331,2898,115,1209,43,529
533946164,13108,江東区,35.681250000000006,139.834375,222,1227,68,310,23,76
533946171,13108,江東区,35.677083333333336,139.84062500000002,193,1557,28,151,18,40
533946172,13108,江東区,35.677083333333336,139.846875,8,36,0,0,0,0
533946173,13108,江東区,35.681250000000006,139.84062500000002,127,1026,14,51,6,10
533946174,13123,江戸川区,35.681250000000006,139.846875,41,309,2,8,1,8
533946181,13123,江戸川区,35.677083333333336,139.853125,38,302,3,20,2,8
533946182,13123,江戸川区,35.677083333333336,139.859375,110,802,11,54,7,36
533946183,13123,江戸川区,35.681250000000006,139.853125,3,5,1,3,0,0
533946184,13123,江戸川区,35.681250000000006,139.859375,109,1344,24,93,6,26
533946191,13123,江戸川区,35.677083333333336,139.86562500000002,106,1067,9,35,2,3
533946192,13123,江戸川区,35.677083333333336,139.87187500000002,120,907,25,342,5,29
533946193,13123,江戸川区,35.681250000000006,139.86562500000002,225,2404,30,311,21,298
533946194,13123,江戸川区,35.681250000000006,139.87187500000002,156,1705,12,313,3,23
533946201,13101,千代田区,35.68541666666667,139.753125,7,775,2,70,1,8
533946202,13101,千代田区,35.68541666666667,139.759375,165,16633,14,195,14,273
533946203,13101,千代田区,35.68958333333334,139.753125,12,843,1,3,1,7
533946204,13101,千代田区,35.68958333333334,139.759375,277,17207,14,108,26,323
533946211,13101,千代田区,35.68541666666667,139.765625,1096,94144,79,1415,148,2089
533946212,13102,中央区,35.68541666666667,139.771875,853,42410,159,3406,105,1269
533946213,13101,千代田区,35.68958333333334,139.765625,1377,63642,56,527,115,977
533946214,13102,中央区,35.68958333333334,139.771875,1995,39078,127,1247,234,4110
533946221,13102,中央区,35.68541666666667,139.77812500000002,1544,31417,62,321,115,687
533946222,13102,中央区,35.68541666666667,139.784375,1699,21178,160,1118,298,2051
533946223,13102,中央区,35.68958333333334,139.77812500000002,1769,39924,92,1292,83,607
533946224,13102,中央区,35.68958333333334,139.784375,1310,24235,82,1015,77,389
533946231,13102,中央区,35.68541666666667,139.790625,451,8731,40,633,26,143
533946232,13108,江東区,35.68541666666667,139.796875,353,3413,49,393,28,122
533946233,13107,墨田区,35.68958333333334,139.790625,245,3250,20,291,6,48
533946234,13107,墨田区,35.68958333333334,139.796875,392,2686,37,221,42,258
533946241,13108,江東区,35.68541666666667,139.80312500000002,235,2199,27,167,13,36
533946242,13108,江東区,35.68541666666667,139.80937500000002,178,1867,16,79,7,51
533946243,13107,墨田区,35.68958333333334,139.80312500000002,429,3457,38,441,34,232
533946244,13107,墨田区,35.68958333333334,139.80937500000002,322,3707,29,492,24,181
533946251,13108,江東区,35.68541666666667,139.815625,202,2161,24,789,15,42
533946252,13108,江東区,35.68541666666667,139.821875,81,2381,7,137,3,5
533946253,13108,江東区,35.68958333333334,139.815625,325,2759,47,299,50,234
533946254,13108,江東区,35.68958333333334,139.821875,150,4444,12,156,7,34
533946261,13108,江東区,35.68541666666667,139.828125,93,1381,10,108,10,20
533946262,13108,江東区,35.68541666666667,139.834375,90,801,7,40,15,44
533946263,13108,江東区,35.68958333333334,139.828125,338,3656,52,382,44,270
533946264,13108,江東区,35.68958333333334,139.834375,343,3008,73,558,56,327
533946271,13108,江東区,35.68541666666667,139.84062500000002,100,660,13,176,2,10
533946272,13123,江戸川区,35.68541666666667,139.846875,40,900,1,210,0,0
533946273,13108,江東区,35.68958333333334,139.84062500000002,257,1779,45,440,31,186
533946274,13108,江東区,35.68958333333334,139.846875,99,1122,16,159,5,74
533946282,13123,江戸川区,35.68541666666667,139.859375,78,1029,8,302,9,143
533946283,13123,江戸川区,35.68958333333334,139.853125,26,204,2,45,1,4
533946284,13123,江戸川区,35.68958333333334,139.859375,30,234,0,0,0,0
533946291,13123,江戸川区,35.68541666666667,139.86562500000002,241,3128,27,534,36,291
533946292,13123,江戸川区,35.68541666666667,139.87187500000002,135,1044,14,83,7,13
533946293,13123,江戸川区,35.68958333333334,139.86562500000002,153,1701,9,56,3,67
533946294,13123,江戸川区,35.68958333333334,139.87187500000002,155,2197,8,25,1,5
533946301,13101,千代田区,35.69375,139.753125,519,16270,45,336,32,340
533946302,13101,千代田区,35.69375,139.759375,1218,39940,135,2915,110,1014
533946303,13101,千代田区,35.69791666666667,139.753125,1412,32583,64,480,80,605
533946304,13101,千代田区,35.69791666666667,139.759375,1242,21147,132,1003,149,1028
533946311,13101,千代田区,35.69375,139.765625,2072,40016,127,2713,137,990
533946312,13101,千代田区,35.69375,139.771875,2197,30042,131,1074,177,1290
533946313,13101,千代田区,35.69791666666667,139.765625,1116,41611,102,1183,122,1547
533946314,13101,千代田区,35.69791666666667,139.771875,1308,42252,281,3893,157,2418
533946321,13101,千代田区,35.69375,139.77812500000002,1877,28842,60,470,66,792
533946322,13102,中央区,35.69375,139.784375,1236,17263,122,1437,64,418
533946323,13101,千代田区,35.69791666666667,139.77812500000002,1670,28401,90,1033,106,987
533946324,13106,台東区,35.69791666666667,139.784375,1212,11915,137,1077,131,950
533946331,13107,墨田区,35.69375,139.790625,474,8273,33,156,62,905
533946332,13107,墨田区,35.69375,139.796875,641,7933,74,638,62,378
533946333,13106,台東区,35.69791666666667,139.790625,423,6721,33,243,19,228
533946334,13107,墨田区,35.69791666666667,139.796875,298,3860,29,224,17,88
533946341,13107,墨田区,35.69375,139.80312500000002,355,3789,39,292,20,52
533946342,13107,墨田区,35.69375,139.80937500000002,426,5139,28,502,20,114
533946343,13107,墨田区,35.69791666666667,139.80312500000002,351,2979,34,402,7,42
533946344,13107,墨田区,35.69791666666667,139.80937500000002,691,15021,90,1192,49,669
533946351,13107,墨田区,35.69375,139.815625,670,10680,108,1044,176,1352
533946352,13108,江東区,35.69375,139.821875,202,3573,6,91,3,17
533946353,13107,墨田区,35.69791666666667,139.815625,859,10004,183,1906,186,2248
533946354,13108,江東区,35.69791666666667,139.821875,388,6407,28,316,38,149
533946361,13108,江東区,35.69375,139.828125,312,2937,32,210,45,159
533946362,13108,江東区,35.69375,139.834375,136,1406,21,86,6,19
533946363,13108,江東区,35.69791666666667,139.828125,613,8862,153,1655,120,1251
533946364,13108,江東区,35.69791666666667,139.834375,187,1969,21,134,13,54
533946371,13108,江東区,35.69375,139.84062500000002,137,1039,24,97,5,67
533946372,13108,江東区,35.69375,139.846875,39,939,5,52,0,0
533946373,13108,江東区,35.69791666666667,139.84062500000002,153,1520,20,443,13,85
533946374,13123,江戸川区,35.69791666666667,139.846875,115,857,7,41,3,38
533946381,13123,江戸川区,35.69375,139.853125,12,47,4,29,0,0
533946382,13123,江戸川区,35.69375,139.859375,14,336,0,0,2,8
533946383,13123,江戸川区,35.69791666666667,139.853125,65,625,14,112,4,11
533946384,13123,江戸川区,35.69791666666667,139.859375,12,49,0,0,0,0
533946391,13123,江戸川区,35.69375,139.86562500000002,147,1098,11,111,6,37
533946392,13123,江戸川区,35.69375,139.87187500000002,198,1791,20,141,14,29
533946393,13123,江戸川区,35.69791666666667,139.86562500000002,137,1187,25,75,8,30
533946394,13123,江戸川区,35.69791666666667,139.87187500000002,243,2060,37,385,9,25
533946401,13101,千代田区,35.702083333333334,139.753125,851,23168,57,571,123,1617
533946402,13105,文京区,35.702083333333334,139.759375,501,17764,34,516,13,114
533946403,13105,文京区,35.706250000000004,139.753125,444,10852,71,814,63,1147
533946404,13105,文京区,35.706250000000004,139.759375,1095,13895,78,612,96,670
533946411,13105,文京区,35.702083333333334,139.765625,724,25103,50,350,36,197
533946412,13101,千代田区,35.702083333333334,139.771875,1634,56960,246,2966,129,1361
533946413,13105,文京区,35.706250000000004,139.765625,1008,13268,63,419,36,208
533946414,13106,台東区,35.706250000000004,139.771875,1764,24327,257,3365,270,1912
533946421,13106,台東区,35.702083333333334,139.77812500000002,1327,24068,93,1311,60,482
533946422,13106,台東区,35.702083333333334,139.784375,715,9463,76,397,27,100
533946423,13106,台東区,35.706250000000004,139.77812500000002,1754,18243,182,1466,95,617
533946424,13106,台東区,35.706250000000004,139.784375,817,7012,74,615,30,135
533946431,13106,台東区,35.702083333333334,139.790625,534,5844,46,304,26,165
533946432,13107,墨田区,35.702083333333334,139.796875,273,4435,21,298,15,85
533946433,13106,台東区,35.706250000000004,139.790625,777,8289,72,510,43,154
533946434,13107,墨田区,35.706250000000004,139.796875,396,5518,35,258,29,230
533946441,13107,墨田区,35.702083333333334,139.80312500000002,392,2800,52,306,36,124
533946442,13107,墨田区,35.702083333333334,139.80937500000002,414,3631,38,337,17,45
533946443,13107,墨田区,35.706250000000004,139.80312500000002,454,2677,35,166,35,117
533946444,13107,墨田区,35.706250000000004,139.80937500000002,244,2280,17,86,12,52
533946451,13107,墨田区,35.702083333333334,139.815625,582,9679,85,927,66,479
533946452,13108,江東区,35.702083333333334,139.821875,282,2679,41,319,31,135
533946453,13107,墨田区,35.706250000000004,139.815625,409,3485,35,327,40,104
533946454,13108,江東区,35.706250000000004,139.821875,153,1300,13,50,8,54
533946461,13108,江東区,35.702083333333334,139.828125,246,2187,44,301,16,100
533946462,13108,江東区,35.702083333333334,139.834375,76,884,8,123,4,23
533946463,13107,墨田区,35.706250000000004,139.828125,176,4447,21,176,13,138
533946464,13107,墨田区,35.706250000000004,139.834375,156,1168,15,159,8,49
533946471,13123,江戸川区,35.702083333333334,139.84062500000002,71,932,5,8,0,0
533946472,13123,江戸川区,35.702083333333334,139.846875,185,1366,21,181,9,22
533946473,13123,江戸川区,35.706250000000004,139.84062500000002,337,2898,60,512,58,501
533946474,13123,江戸川区,35.706250000000004,139.846875,210,1544,48,384,11,105
533946481,13123,江戸川区,35.702083333333334,139.853125,62,424,8,19,0,0
533946482,13123,江戸川区,35.702083333333334,139.859375,33,158,6,32,2,8
533946483,13123,江戸川区,35.706250000000004,139.853125,13,232,1,1,0,0
533946484,13123,江戸川区,35.706250000000004,139.859375,39,301,1,4,2,8
533946491,13123,江戸川区,35.702083333333334,139.86562500000002,163,2117,30,220,11,73
533946492,13123,江戸川区,35.702083333333334,139.87187500000002,195,1749,32,222,7,25
533946493,13123,江戸川区,35.706250000000004,139.86562500000002,199,4330,26,169,14,63
533946494,13123,江戸川区,35.706250000000004,139.87187500000002,202,1706,28,372,21,69
533946501,13105,文京区,35.71041666666667,139.753125,561,12177,70,773,46,329
533946502,13105,文京区,35.71041666666667,139.759375,333,11405,30,159,22,138
533946503,13105,文京区,35.71458333333334,139.753125,330,3522,39,647,19,92
533946504,13105,文京区,35.71458333333334,139.759375,174,2268,29,196,25,167
533946511,13105,文京区,35.71041666666667,139.765625,169,7657,13,148,12,170
533946512,13106,台東区,35.71041666666667,139.771875,698,7430,167,1581,239,2365
533946513,13105,文京区,35.71458333333334,139.765625,209,2219,15,114,16,81
533946514,13106,台東区,35.71458333333334,139.771875,24,857,1,7,6,246
533946521,13106,台東区,35.71041666666667,139.77812500000002,1801,24962,374,2593,272,2977
533946522,13106,台東区,35.71041666666667,139.784375,774,9726,82,613,39,260
533946523,13106,台東区,35.71458333333334,139.77812500000002,675,10530,135,1087,98,733
533946524,13106,台東区,35.71458333333334,139.784375,600,5778,59,382,35,172
533946531,13106,台東区,35.71041666666667,139.790625,727,6823,132,731,151,949
533946532,13106,台東区,35.71041666666667,139.796875,927,8503,280,1768,207,1909
533946533,13106,台東区,35.71458333333334,139.790625,688,5257,158,1376,198,1270
533946534,13106,台東区,35.71458333333334,139.796875,564,3575,168,682,161,835
533946541,13107,墨田区,35.71041666666667,139.80312500000002,293,6154,35,721,47,351
533946542,13107,墨田区,35.71041666666667,139.80937500000002,558,6863,195,1877,103,1434
533946543,13106,台東区,35.71458333333334,139.80312500000002,197,1447,32,150,12,70
533946544,13107,墨田区,35.71458333333334,139.80937500000002,332,2234,36,152,46,140
533946551,13107,墨田区,35.71041666666667,139.815625,432,7010,55,839,75,732
533946552,13107,墨田区,35.71041666666667,139.821875,172,1112,20,75,12,32
533946553,13107,墨田区,35.71458333333334,139.815625,238,1361,17,110,28,133
533946554,13107,墨田区,35.71458333333334,139.821875,267,1142,78,253,36,78
533946561,13107,墨田区,35.71041666666667,139.828125,222,2021,20,171,21,64
533946562,13107,墨田区,35.71041666666667,139.834375,173,1294,9,86,4,11
533946563,13107,墨田区,35.71458333333334,139.828125,221,2150,24,207,14,30
533946564,13123,江戸川区,35.71458333333334,139.834375,57,1414,4,101,0,0
533946571,13123,江戸川区,35.71041666666667,139.84062500000002,130,1086,20,376,5,9
533946572,13123,江戸川区,35.71041666666667,139.846875,62,296,7,16,2,5
533946573,13123,江戸川区,35.71458333333334,139.84062500000002,102,783,8,143,1,2
533946574,13123,江戸川区,35.71458333333334,139.846875,7,67,0,0,0,0
533946581,13123,江戸川区,35.71041666666667,139.853125,4,23,0,0,0,0
533946582,13123,江戸川区,35.71041666666667,139.859375,128,809,11,79,6,21
533946583,13122,葛飾区,35.71458333333334,139.853125,23,160,3,13,0,0
533946584,13122,葛飾区,35.71458333333334,139.859375,597,5344,127,1077,148,1152
533946591,13123,江戸川区,35.71041666666667,139.86562500000002,196,1635,25,192,12,87
533946592,13123,江戸川区,35.71041666666667,139.87187500000002,185,2019,21,419,3,17
533946593,13122,葛飾区,35.71458333333334,139.86562500000002,153,751,28,116,13,63
533946594,13123,江戸川区,35.71458333333334,139.87187500000002,163,1486,15,310,6,9
533946601,13105,文京区,35.71875,139.753125,373,2859,38,282,23,94
533946602,13105,文京区,35.71875,139.759375,135,2115,29,308,11,68
533946603,13105,文京区,35.72291666666667,139.753125,349,4636,67,528,65,523
533946604,13105,文京区,35.72291666666667,139.759375,259,4814,38,276,29,147
533946611,13105,文京区,35.71875,139.765625,486,2209,96,434,100,396
533946612,13106,台東区,35.71875,139.771875,98,1641,15,38,10,98
533946613,13106,台東区,35.72291666666667,139.765625,358,1393,73,202,39,236
533946614,13106,台東区,35.72291666666667,139.771875,166,1029,31,151,8,51
533946621,13106,台東区,35.71875,139.77812500000002,125,1796,5,87,16,106
533946622,13106,台東区,35.71875,139.784375,579,5842,52,407,57,218
533946623,13106,台東区,35.72291666666667,139.77812500000002,321,2686,37,277,59,380
533946624,13106,台東区,35.72291666666667,139.784375,485,2883,59,386,48,164
533946631,13106,台東区,35.71875,139.790625,477,2752,54,377,41,142
533946632,13106,台東区,35.71875,139.796875,592,3108,91,359,180,518
533946633,13106,台東区,35.72291666666667,139.790625,406,2545,41,225,32,97
533946634,13106,台東区,35.72291666666667,139.796875,415,2674,46,268,49,135
533946641,13106,台東区,35.71875,139.80312500000002,288,1909,23,140,12,39
533946642,13107,墨田区,35.71875,139.80937500000002,131,651,21,130,30,117
533946643,13106,台東区,35.72291666666667,139.80312500000002,382,2369,41,257,18,61
533946644,13107,墨田区,35.72291666666667,139.80937500000002,129,1493,10,229,3,6
533946651,13107,墨田区,35.71875,139.815625,376,3570,70,952,85,544
533946652,13107,墨田区,35.71875,139.821875,237,2216,41,356,28,234
533946653,13107,墨田区,35.72291666666667,139.815625,209,1557,37,175,21,147
533946654,13107,墨田区,35.72291666666667,139.821875,222,1455,30,259,19,64
533946661,13107,墨田区,35.71875,139.828125,194,1389,14,82,4,20
533946662,13107,墨田区,35.71875,139.834375,80,1151,4,21,0,0
533946663,13107,墨田区,35.72291666666667,139.828125,241,1394,31,181,14,36
533946664,13107,墨田区,35.72291666666667,139.834375,90,830,2,14,0,0
533946671,13107,墨田区,35.71875,139.84062500000002,16,186,1,1,0,0
533946672,13122,葛飾区,35.71875,139.846875,48,333,2,10,1,1
533946673,13122,葛飾区,35.72291666666667,139.84062500000002,8,41,0,0,0,0
533946674,13122,葛飾区,35.72291666666667,139.846875,114,907,8,51,1,3
533946681,13122,葛飾区,35.71875,139.853125,122,1150,17,118,7,14
533946682,13122,葛飾区,35.71875,139.859375,325,2794,43,507,70,572
533946683,13122,葛飾区,35.72291666666667,139.853125,181,1342,28,169,7,17
533946684,13122,葛飾区,35.72291666666667,139.859375,178,1506,34,172,17,56
533946691,13122,葛飾区,35.71875,139.86562500000002,112,754,11,130,4,11
533946692,13123,江戸川区,35.71875,139.87187500000002,127,970,19,222,4,52
533946693,13122,葛飾区,35.72291666666667,139.86562500000002,60,687,5,66,5,76
533946694,13123,江戸川区,35.72291666666667,139.87187500000002,69,626,8,63,2,8
533946701,13105,文京区,35.72708333333333,139.753125,146,919,16,83,4,18
533946702,13105,文京区,35.72708333333333,139.759375,162,1064,12,62,12,42
533946703,13105,文京区,35.73125,139.753125,242,3185,26,100,6,36
533946704,13105,文京区,35.73125,139.759375,322,1854,50,381,33,125
533946711,13106,台東区,35.72708333333333,139.765625,480,2117,128,547,87,298
533946712,13106,台東区,35.72708333333333,139.771875,461,5047,70,464,67,749
533946713,13118,荒川区,35.73125,139.765625,494,5381,49,347,64,607
533946714,13118,荒川区,35.73125,139.771875,548,6741,54,578,51,327
533946721,13118,荒川区,35.72708333333333,139.77812500000002,410,3984,66,922,25,86
533946722,13106,台東区,35.72708333333333,139.784375,310,2639,32,216,13,61
533946723,13118,荒川区,35.73125,139.77812500000002,310,2044,46,328,33,178
533946724,13118,荒川区,35.73125,139.784375,240,1811,22,147,2,6
533946731,13106,台東区,35.72708333333333,139.790625,388,3523,49,342,28,103
533946732,13106,台東区,35.72708333333333,139.796875,351,1829,50,209,32,122
533946733,13118,荒川区,35.73125,139.790625,373,2688,78,473,61,389
533946734,13118,荒川区,35.73125,139.796875,237,2731,31,214,26,142
533946741,13106,台東区,35.72708333333333,139.80312500000002,319,1585,44,187,28,113
533946742,13106,台東区,35.72708333333333,139.80937500000002,142,2382,13,65,7,76
533946743,13118,荒川区,35.73125,139.80312500000002,97,2417,4,29,2,23
533946744,13118,荒川区,35.73125,139.80937500000002,46,639,2,12,1,1
533946751,13107,墨田区,35.72708333333333,139.815625,167,1182,23,267,15,74
533946752,13107,墨田区,35.72708333333333,139.821875,302,1949,59,383,40,220
533946753,13107,墨田区,35.73125,139.815625,140,946,17,125,7,22
533946754,13107,墨田区,35.73125,139.821875,244,1372,32,124,24,71
533946761,13107,墨田区,35.72708333333333,139.828125,167,1160,21,146,10,30
533946762,13122,葛飾区,35.72708333333333,139.834375,4,9,0,0,0,0
533946763,13107,墨田区,35.73125,139.828125,26,188,2,9,0,0
533946764,13122,葛飾区,35.73125,139.834375,79,320,14,79,13,37
533946771,13122,葛飾区,35.72708333333333,139.84062500000002,100,735,2,15,2,5
533946772,13122,葛飾区,35.72708333333333,139.846875,100,614,5,21,2,15
533946773,13122,葛飾区,35.73125,139.84062500000002,208,1346,19,160,3,6
533946774,13122,葛飾区,35.73125,139.846875,178,2122,14,194,2,43
533946781,13122,葛飾区,35.72708333333333,139.853125,111,766,6,102,4,16
533946782,13122,葛飾区,35.72708333333333,139.859375,120,1000,15,80,7,15
533946783,13122,葛飾区,35.73125,139.853125,63,411,4,17,0,0
533946784,13122,葛飾区,35.73125,139.859375,110,975,10,48,5,38
533946791,13122,葛飾区,35.72708333333333,139.86562500000002,95,1023,14,173,3,54
533946792,13123,江戸川区,35.72708333333333,139.87187500000002,111,682,16,175,7,13
533946793,13122,葛飾区,35.73125,139.86562500000002,111,2082,19,561,4,144
533946794,13122,葛飾区,35.73125,139.87187500000002,87,514,14,111,2,4
533946801,13117,北区,35.73541666666667,139.753125,361,1912,60,330,48,163
533946802,13117,北区,35.73541666666667,139.759375,196,1078,24,207,12,25
533946803,13117,北区,35.73958333333334,139.753125,138,1196,13,152,3,10
533946804,13117,北区,35.73958333333334,139.759375,243,6720,36,316,36,313
533946811,13118,荒川区,35.73541666666667,139.765625,200,2206,15,213,9,34
533946812,13118,荒川区,35.73541666666667,139.771875,311,2793,36,179,18,76
533946813,13117,北区,35.73958333333334,139.765625,258,3044,19,82,20,156
533946814,13118,荒川区,35.73958333333334,139.771875,264,1862,29,252,13,27
533946821,13118,荒川区,35.73541666666667,139.77812500000002,250,2273,39,198,25,85
533946822,13118,荒川区,35.73541666666667,139.784375,225,3838,42,281,13,45
533946823,13118,荒川区,35.73958333333334,139.77812500000002,225,1332,26,207,14,53
533946824,13118,荒川区,35.73958333333334,139.784375,148,2572,14,52,14,29
533946831,13118,荒川区,35.73541666666667,139.790625,173,1480,42,452,15,34
533946832,13118,荒川区,35.73541666666667,139.796875,216,1932,35,159,20,213
533946833,13118,荒川区,35.73958333333334,139.790625,93,854,7,19,3,7
533946834,13121,足立区,35.73958333333334,139.796875,101,1179,11,72,5,20
533946841,13118,荒川区,35.73541666666667,139.80312500000002,89,1525,31,637,7,196
533946842,13118,荒川区,35.73541666666667,139.80937500000002,19,441,2,8,1,5
533946843,13121,足立区,35.73958333333334,139.80312500000002,98,1376,3,245,3,9
533946844,13118,荒川区,35.73958333333334,139.80937500000002,75,938,12,126,5,18
533946851,13107,墨田区,35.73541666666667,139.815625,54,923,11,82,2,5
533946852,13107,墨田区,35.73541666666667,139.821875,96,495,13,68,14,28
533946853,13107,墨田区,35.73958333333334,139.815625,28,949,0,0,0,0
533946854,13107,墨田区,35.73958333333334,139.821875,17,80,2,2,0,0
533946861,13122,葛飾区,35.73541666666667,139.828125,34,231,1,8,1,2
533946862,13122,葛飾区,35.73541666666667,139.834375,182,998,25,143,13,46
533946863,13122,葛飾区,35.73958333333334,139.828125,122,876,10,110,1,2
533946864,13122,葛飾区,35.73958333333334,139.834375,144,932,17,236,1,3
533946871,13122,葛飾区,35.73541666666667,139.84062500000002,207,2024,27,431,14,42
533946872,13122,葛飾区,35.73541666666667,139.846875,272,1721,46,209,29,116
533946873,13122,葛飾区,35.73958333333334,139.84062500000002,167,3372,21,188,7,99
533946874,13122,葛飾区,35.73958333333334,139.846875,448,3106,77,774,140,594
533946881,13122,葛飾区,35.73541666666667,139.853125,91,824,7,31,7,56
533946882,13122,葛飾区,35.73541666666667,139.859375,122,1313,19,308,7,18
533946883,13122,葛飾区,35.73958333333334,139.853125,158,1035,17,80,13,35
533946884,13122,葛飾区,35.73958333333334,139.859375,67,542,2,3,0,0
533946891,13122,葛飾区,35.73541666666667,139.86562500000002,121,1025,16,139,4,160
533946892,13122,葛飾区,35.73541666666667,139.87187500000002,84,385,11,27,2,2
533946893,13122,葛飾区,35.73958333333334,139.86562500000002,62,506,10,97,3,31
533946894,13122,葛飾区,35.73958333333334,139.87187500000002,128,1024,13,63,5,25
533946901,13117,北区,35.743750000000006,139.753125,68,806,3,6,4,12
533946902,13117,北区,35.743750000000006,139.759375,144,1194,12,58,4,7
533946903,13117,北区,35.747916666666676,139.753125,244,2954,19,203,24,166
533946904,13118,荒川区,35.747916666666676,139.759375,259,1958,52,325,23,156
533946911,13118,荒川区,35.743750000000006,139.765625,310,1974,59,374,23,47
533946912,13118,荒川区,35.743750000000006,139.771875,233,1211,28,187,20,48
533946913,13118,荒川区,35.747916666666676,139.765625,239,2889,52,262,35,126
533946914,13118,荒川区,35.747916666666676,139.771875,173,985,26,146,17,51
533946921,13118,荒川区,35.743750000000006,139.77812500000002,360,2525,70,468,78,641
533946922,13118,荒川区,35.743750000000006,139.784375,302,2018,43,285,58,347
533946923,13118,荒川区,35.747916666666676,139.77812500000002,151,1020,24,263,14,52
533946924,13118,荒川区,35.747916666666676,139.784375,308,2141,51,412,31,99
533946931,13121,足立区,35.743750000000006,139.790625,84,1185,4,13,3,19
533946932,13121,足立区,35.743750000000006,139.796875,207,2241,43,574,20,230
533946933,13121,足立区,35.747916666666676,139.790625,92,673,12,20,4,7
533946934,13121,足立区,35.747916666666676,139.796875,211,3155,22,196,9,161
533946941,13121,足立区,35.743750000000006,139.80312500000002,136,1435,18,154,8,31
533946942,13121,足立区,35.743750000000006,139.80937500000002,84,3878,5,52,11,45
533946943,13121,足立区,35.747916666666676,139.80312500000002,844,11160,246,2440,195,2172
533946944,13121,足立区,35.747916666666676,139.80937500000002,315,3823,67,343,37,216
533946951,13121,足立区,35.743750000000006,139.815625,102,1880,9,152,4,47
533946952,13122,葛飾区,35.743750000000006,139.821875,24,151,0,0,0,0
533946953,13121,足立区,35.747916666666676,139.815625,55,305,6,12,4,10
533946954,13122,葛飾区,35.747916666666676,139.821875,45,441,3,8,1,6
533946961,13122,葛飾区,35.743750000000006,139.828125,138,548,21,73,6,15
533946962,13122,葛飾区,35.743750000000006,139.834375,170,2482,12,90,7,73
533946963,13122,葛飾区,35.747916666666676,139.828125,342,1638,64,389,86,273
533946964,13122,葛飾区,35.747916666666676,139.834375,165,1086,16,106,6,8
533946971,13122,葛飾区,35.743750000000006,139.84062500000002,170,2329,24,283,6,128
533946972,13122,葛飾区,35.743750000000006,139.846875,152,3071,15,103,15,91
533946973,13122,葛飾区,35.747916666666676,139.84062500000002,278,1990,48,472,52,221
533946974,13122,葛飾区,35.747916666666676,139.846875,140,1745,21,445,13,67
533946981,13122,葛飾区,35.743750000000006,139.853125,359,2542,72,523,44,316
533946982,13122,葛飾区,35.743750000000006,139.859375,85,431,4,10,1,1
533946983,13122,葛飾区,35.747916666666676,139.853125,276,1884,40,265,38,144
533946984,13122,葛飾区,35.747916666666676,139.859375,142,1196,34,357,14,66
533946991,13122,葛飾区,35.743750000000006,139.86562500000002,56,389,4,24,1,3
533946992,13122,葛飾区,35.743750000000006,139.87187500000002,110,841,12,91,5,14
533946993,13122,葛飾区,35.747916666666676,139.86562500000002,112,478,4,27,12,35
533946994,13122,葛飾区,35.747916666666676,139.87187500000002,66,622,14,85,11,27
533947001,13123,江戸川区,35.66875,139.878125,88,676,13,84,3,131
533947002,13123,江戸川区,35.66875,139.884375,46,802,2,5,2,6
533947003,13123,江戸川区,35.67291666666667,139.878125,93,895,15,63,5,42
533947004,13123,江戸川区,35.67291666666667,139.884375,51,337,2,7,2,6
533947101,13123,江戸川区,35.677083333333336,139.878125,93,870,10,87,3,33
533947102,13123,江戸川区,35.677083333333336,139.884375,54,480,4,31,2,9
533947103,13123,江戸川区,35.681250000000006,139.878125,99,1241,8,77,1,14
533947104,13123,江戸川区,35.681250000000006,139.884375,57,426,8,57,1,2
533947113,13123,江戸川区,35.681250000000006,139.890625,33,101,8,16,1,2
533947201,13123,江戸川区,35.68541666666667,139.878125,104,1080,18,261,6,132
533947202,13123,江戸川区,35.68541666666667,139.884375,228,2663,29,489,23,251
533947203,13123,江戸川区,35.68958333333334,139.878125,169,1155,27,161,22,41
533947204,13123,江戸川区,35.68958333333334,139.884375,90,650,5,61,8,38
533947211,13123,江戸川区,35.68541666666667,139.890625,97,627,19,150,7,15
533947212,13123,江戸川区,35.68541666666667,139.896875,65,326,9,70,5,8
533947213,13123,江戸川区,35.68958333333334,139.890625,105,505,14,114,5,11
533947214,13123,江戸川区,35.68958333333334,139.896875,114,1068,21,195,8,87
533947221,13123,江戸川区,35.68541666666667,139.90312500000002,55,522,8,63,2,4
533947223,13123,江戸川区,35.68958333333334,139.90312500000002,122,963,21,130,6,17
533947224,13123,江戸川区,35.68958333333334,139.909375,22,123,3,20,0,0
533947301,13123,江戸川区,35.69375,139.878125,115,659,11,56,9,24
533947302,13123,江戸川区,35.69375,139.884375,84,503,13,88,7,98
533947303,13123,江戸川区,35.69791666666667,139.878125,117,1379,9,67,2,3
533947304,13123,江戸川区,35.69791666666667,139.884375,72,873,11,111,6,175
533947311,13123,江戸川区,35.69375,139.890625,110,557,8,76,9,30
533947312,13123,江戸川区,35.69375,139.896875,401,4808,67,1191,54,776
533947313,13123,江戸川区,35.69791666666667,139.890625,112,1120,14,227,5,21
533947314,13123,江戸川区,35.69791666666667,139.896875,136,957,16,134,5,9
533947321,13123,江戸川区,35.69375,139.90312500000002,173,1624,24,197,8,59
533947322,13123,江戸川区,35.69375,139.909375,107,1330,12,119,6,20
533947323,13123,江戸川区,35.69791666666667,139.90312500000002,119,1371,16,110,3,13
533947324,13123,江戸川区,35.69791666666667,139.909375,124,1034,15,374,18,53
533947331,13123,江戸川区,35.69375,139.915625,7,60,1,2,0,0
533947333,13123,江戸川区,35.69791666666667,139.915625,65,634,16,43,7,12
533947401,13123,江戸川区,35.702083333333334,139.878125,116,1405,20,194,6,124
533947402,13123,江戸川区,35.702083333333334,139.884375,66,741,4,16,3,38
533947403,13123,江戸川区,35.706250000000004,139.878125,145,1225,22,202,5,49
533947404,13123,江戸川区,35.706250000000004,139.884375,91,683,2,4,2,5
533947411,13123,江戸川区,35.702083333333334,139.890625,136,1295,18,139,8,189
533947412,13123,江戸川区,35.702083333333334,139.896875,75,573,13,112,3,38
533947413,13123,江戸川区,35.706250000000004,139.890625,151,1003,11,253,5,20
533947414,13123,江戸川区,35.706250000000004,139.896875,71,937,7,54,4,39
533947421,13123,江戸川区,35.702083333333334,139.90312500000002,118,1271,14,189,9,78
533947422,13123,江戸川区,35.702083333333334,139.909375,96,921,7,31,1,3
533947423,13123,江戸川区,35.706250000000004,139.90312500000002,324,3038,43,751,31,328
533947424,13123,江戸川区,35.706250000000004,139.909375,68,862,7,84,2,34
533947431,13123,江戸川区,35.702083333333334,139.915625,51,749,2,33,0,0
533947433,13123,江戸川区,35.706250000000004,139.915625,6,107,0,0,0,0
533947501,13123,江戸川区,35.71041666666667,139.878125,158,925,21,83,11,115
533947502,13123,江戸川区,35.71041666666667,139.884375,87,465,6,8,2,3
533947503,13123,江戸川区,35.71458333333334,139.878125,107,713,10,79,7,25
533947504,13123,江戸川区,35.71458333333334,139.884375,72,458,7,25,1,2
533947511,13123,江戸川区,35.71041666666667,139.890625,118,808,14,160,4,15
533947512,13123,江戸川区,35.71041666666667,139.896875,89,769,8,29,6,15
533947513,13123,江戸川区,35.71458333333334,139.890625,117,1210,16,162,6,72
533947514,13123,江戸川区,35.71458333333334,139.896875,33,88,3,5,0,0
533947521,13123,江戸川区,35.71041666666667,139.90312500000002,153,816,27,113,11,32
533947522,13123,江戸川区,35.71041666666667,139.909375,36,280,3,25,2,37
533947523,13123,江戸川区,35.71458333333334,139.90312500000002,38,230,4,14,2,3
533947601,13123,江戸川区,35.71875,139.878125,73,1220,6,183,6,56
533947602,13123,江戸川区,35.71875,139.884375,114,913,17,81,12,23
533947603,13123,江戸川区,35.72291666666667,139.878125,57,545,3,111,2,8
533947604,13123,江戸川区,35.72291666666667,139.884375,139,680,12,54,25,45
533947611,13123,江戸川区,35.71875,139.890625,140,844,19,199,7,83
533947612,13123,江戸川区,35.71875,139.896875,73,366,10,29,2,5
533947613,13123,江戸川区,35.72291666666667,139.890625,104,701,11,122,7,13
533947614,13123,江戸川区,35.72291666666667,139.896875,23,176,1,2,0,0
533947701,13123,江戸川区,35.72708333333333,139.878125,80,401,9,44,2,5
533947702,13123,江戸川区,35.72708333333333,139.884375,223,1589,52,407,26,88
533947703,13123,江戸川区,35.73125,139.878125,195,1310,39,326,19,155
533947704,13123,江戸川区,35.73125,139.884375,419,3567,143,1270,58,616
533947711,13123,江戸川区,35.72708333333333,139.890625,125,2023,20,98,13,39
533947712,13123,江戸川区,35.72708333333333,139.896875,2,8,0,0,0,0
533947713,13123,江戸川区,35.73125,139.890625,104,811,15,162,3,7
533947714,13123,江戸川区,35.73125,139.896875,3,16,0,0,0,0
533947801,13123,江戸川区,35.73541666666667,139.878125,308,2933,44,479,29,294
533947802,13123,江戸川区,35.73541666666667,139.884375,403,3546,66,805,75,418
533947803,13123,江戸川区,35.73958333333334,139.878125,132,1157,22,256,8,19
533947804,13123,江戸川区,35.73958333333334,139.884375,167,865,27,125,17,41
533947811,13123,江戸川区,35.73541666666667,139.890625,158,1433,28,190,5,46
533947812,13123,江戸川区,35.73541666666667,139.896875,38,313,5,29,4,44
533947813,13123,江戸川区,35.73958333333334,139.890625,107,779,7,31,4,76
533947814,13123,江戸川区,35.73958333333334,139.896875,47,191,8,74,6,15
533947901,13122,葛飾区,35.743750000000006,139.878125,92,821,15,211,4,13
533947902,13123,江戸川区,35.743750000000006,139.884375,256,1937,49,337,34,137
533947903,13122,葛飾区,35.747916666666676,139.878125,104,650,8,99,10,62
533947904,13123,江戸川区,35.747916666666676,139.884375,108,539,17,89,2,4
533947911,13123,江戸川区,35.743750000000006,139.890625,75,405,4,52,0,0
533947912,13123,江戸川区,35.743750000000006,139.896875,12,88,2,3,0,0
533947913,13123,江戸川区,35.747916666666676,139.890625,8,32,0,0,0,0
533954052,13120,練馬区,35.75208333333333,139.571875,57,384,7,58,1,1
533954054,13120,練馬区,35.75625,139.571875,48,386,8,57,0,0
533954061,13120,練馬区,35.75208333333333,139.578125,61,316,4,30,6,11
533954062,13120,練馬区,35.75208333333333,139.584375,351,3363,59,440,57,588
533954063,13120,練馬区,35.75625,139.578125,35,424,4,263,1,1
533954064,13120,練馬区,35.75625,139.584375,66,468,5,43,2,4
533954071,13120,練馬区,35.75208333333333,139.59062500000002,275,1486,34,238,28,154
533954072,13120,練馬区,35.75208333333333,139.596875,128,2283,34,716,15,163
533954073,13120,練馬区,35.75625,139.59062500000002,103,780,12,67,6,64
533954074,13120,練馬区,35.75625,139.596875,65,866,17,372,6,155
533954081,13120,練馬区,35.75208333333333,139.603125,74,551,14,123,1,3
533954082,13120,練馬区,35.75208333333333,139.609375,102,972,12,161,6,24
533954083,13120,練馬区,35.75625,139.603125,77,728,11,104,1,2
533954084,13120,練馬区,35.75625,139.609375,97,818,8,35,5,9
533954091,13120,練馬区,35.75208333333333,139.61562500000002,104,910,14,99,2,4
533954092,13120,練馬区,35.75208333333333,139.62187500000002,103,1142,20,221,2,38
533954093,13120,練馬区,35.75625,139.61562500000002,100,942,10,114,3,47
533954094,13120,練馬区,35.75625,139.62187500000002,119,2530,19,147,6,138
533954151,13120,練馬区,35.760416666666664,139.565625,84,463,10,30,4,9
533954152,13120,練馬区,35.760416666666664,139.571875,72,585,7,54,0,0
533954154,13120,練馬区,35.764583333333334,139.571875,45,322,2,3,0,0
533954161,13120,練馬区,35.760416666666664,139.578125,93,558,12,52,7,43
533954162,13120,練馬区,35.760416666666664,139.584375,58,757,1,2,0,0
533954163,13120,練馬区,35.764583333333334,139.578125,78,725,3,31,2,11
533954164,13120,練馬区,35.764583333333334,139.584375,51,333,8,67,0,0
533954171,13120,練馬区,35.760416666666664,139.59062500000002,77,587,13,73,4,79
533954172,13120,練馬区,35.760416666666664,139.596875,43,263,4,35,1,3
533954173,13120,練馬区,35.764583333333334,139.59062500000002,86,785,13,94,2,9
533954174,13120,練馬区,35.764583333333334,139.596875,97,873,13,121,3,15
533954181,13120,練馬区,35.760416666666664,139.603125,86,867,10,91,0,0
533954182,13120,練馬区,35.760416666666664,139.609375,91,693,9,23,7,93
533954183,13120,練馬区,35.764583333333334,139.603125,105,560,6,28,1,1
533954184,13120,練馬区,35.764583333333334,139.609375,120,857,10,368,11,33
533954191,13120,練馬区,35.760416666666664,139.61562500000002,99,773,9,154,2,5
533954192,13120,練馬区,35.760416666666664,139.62187500000002,102,1174,10,134,5,84
533954193,13120,練馬区,35.764583333333334,139.61562500000002,115,963,13,71,5,53
533954194,13120,練馬区,35.764583333333334,139.62187500000002,130,1139,16,215,8,27
533954261,13120,練馬区,35.76875,139.578125,69,391,8,23,1,1
533954262,13120,練馬区,35.76875,139.584375,95,992,19,218,7,72
533954264,13120,練馬区,35.77291666666667,139.584375,93,978,20,307,9,70
533954271,13120,練馬区,35.76875,139.59062500000002,84,795,11,85,11,24
533954272,13120,練馬区,35.76875,139.596875,57,331,6,27,0,0
533954273,13120,練馬区,35.77291666666667,139.59062500000002,75,619,12,76,4,17
533954274,13120,練馬区,35.77291666666667,139.596875,76,788,12,52,1,1
533954281,13120,練馬区,35.76875,139.603125,61,333,2,27,2,11
533954282,13120,練馬区,35.76875,139.609375,72,316,3,8,0,0
533954291,13120,練馬区,35.76875,139.61562500000002,42,266,2,5,1,1
533954371,13120,練馬区,35.77708333333333,139.59062500000002,38,677,2,5,1,1
533954372,13120,練馬区,35.77708333333333,139.596875,8,5206,1,3,1,36
533955001,13120,練馬区,35.75208333333333,139.628125,113,1205,10,114,9,182
533955002,13120,練馬区,35.75208333333333,139.634375,126,1040,14,172,5,25
533955003,13120,練馬区,35.75625,139.628125,94,947,9,119,1,94
533955004,13120,練馬区,35.75625,139.634375,81,640,9,151,6,195
533955011,13120,練馬区,35.75208333333333,139.640625,158,1250,28,367,11,90
533955012,13120,練馬区,35.75208333333333,139.646875,83,426,9,49,1,1
533955013,13120,練馬区,35.75625,139.640625,92,636,11,44,5,15
533955014,13120,練馬区,35.75625,139.646875,99,949,17,148,7,91
533955021,13120,練馬区,35.75208333333333,139.65312500000002,84,443,3,31,0,0
533955022,13120,練馬区,35.75208333333333,139.659375,68,296,3,7,3,23
533955023,13120,練馬区,35.75625,139.65312500000002,158,1630,26,453,17,204
533955024,13120,練馬区,35.75625,139.659375,93,966,14,219,3,14
533955031,13120,練馬区,35.75208333333333,139.665625,191,1055,29,169,17,110
533955032,13120,練馬区,35.75208333333333,139.671875,85,1431,5,238,0,0
533955033,13120,練馬区,35.75625,139.665625,105,1378,16,102,4,16
533955034,13120,練馬区,35.75625,139.671875,45,262,2,3,4,11
533955041,13119,板橋区,35.75208333333333,139.67812500000002,87,904,9,62,0,0
533955042,13119,板橋区,35.75208333333333,139.68437500000002,149,1023,28,194,9,20
533955043,13119,板橋区,35.75625,139.67812500000002,50,479,2,9,1,8
533955044,13119,板橋区,35.75625,139.68437500000002,138,1046,22,91,8,151
533955051,13119,板橋区,35.75208333333333,139.690625,177,1578,20,744,13,28
533955052,13119,板橋区,35.75208333333333,139.696875,169,1631,25,247,5,20
533955053,13119,板橋区,35.75625,139.690625,272,1766,42,338,26,118
533955054,13119,板橋区,35.75625,139.696875,345,2035,76,603,49,228
533955061,13119,板橋区,35.75208333333333,139.703125,129,3994,24,182,5,19
533955062,13119,板橋区,35.75208333333333,139.709375,471,6704,69,622,59,378
533955063,13119,板橋区,35.75625,139.703125,169,827,22,92,8,22
533955064,13119,板橋区,35.75625,139.709375,203,1499,41,501,20,97
533955071,13119,板橋区,35.75208333333333,139.71562500000002,173,1129,20,86,9,24
533955072,13119,板橋区,35.75208333333333,139.721875,84,1872,5,32,0,0
533955073,13119,板橋区,35.75625,139.71562500000002,75,777,7,36,0,0
533955074,13117,北区,35.75625,139.721875,61,3037,3,35,3,25
533955081,13117,北区,35.75208333333333,139.728125,63,515,11,191,5,10
533955082,13117,北区,35.75208333333333,139.734375,231,3867,25,291,40,237
533955083,13117,北区,35.75625,139.728125,86,3481,12,44,2,10
533955084,13117,北区,35.75625,139.734375,260,3205,38,228,19,256
533955091,13117,北区,35.75208333333333,139.74062500000002,136,1683,25,256,27,332
533955092,13117,北区,35.75208333333333,139.74687500000002,240,2701,52,492,15,48
533955093,13117,北区,35.75625,139.74062500000002,418,5440,54,651,62,402
533955094,13117,北区,35.75625,139.74687500000002,73,734,7,67,0,0
533955101,13120,練馬区,35.760416666666664,139.628125,214,4792,92,1686,25,558
533955102,13120,練馬区,35.760416666666664,139.634375,140,1140,16,144,6,19
533955103,13120,練馬区,35.764583333333334,139.628125,38,394,5,77,1,13
533955104,13120,練馬区,35.764583333333334,139.634375,60,810,8,102,1,2
533955111,13120,練馬区,35.760416666666664,139.640625,112,674,14,89,5,12
533955112,13120,練馬区,35.760416666666664,139.646875,149,792,23,117,13,25
533955113,13120,練馬区,35.764583333333334,139.640625,86,498,9,82,0,0
533955114,13120,練馬区,35.764583333333334,139.646875,133,743,21,85,9,15
533955121,13120,練馬区,35.760416666666664,139.65312500000002,98,1384,17,557,9,98
533955122,13120,練馬区,35.760416666666664,139.659375,80,581,14,52,4,31
533955123,13120,練馬区,35.764583333333334,139.65312500000002,99,625,9,34,2,3
533955124,13120,練馬区,35.764583333333334,139.659375,31,2698,7,67,3,14
533955131,13120,練馬区,35.760416666666664,139.665625,101,696,13,71,2,2
533955132,13119,板橋区,35.760416666666664,139.671875,178,1320,33,301,21,126
533955133,13120,練馬区,35.764583333333334,139.665625,118,1357,25,370,7,33
533955134,13119,板橋区,35.764583333333334,139.671875,214,1647,31,413,24,59
533955141,13119,板橋区,35.760416666666664,139.67812500000002,208,2006,35,313,12,114
533955142,13119,板橋区,35.760416666666664,139.68437500000002,181,1067,14,70,16,32
533955143,13119,板橋区,35.764583333333334,139.67812500000002,426,3226,85,635,81,425
533955144,13119,板橋区,35.764583333333334,139.68437500000002,168,2307,24,257,12,130
533955151,13119,板橋区,35.760416666666664,139.690625,260,2154,31,282,44,486
533955152,13119,板橋区,35.760416666666664,139.696875,113,855,14,151,5,12
533955153,13119,板橋区,35.764583333333334,139.690625,216,1669,25,80,17,34
533955154,13119,板橋区,35.764583333333334,139.696875,159,1886,17,351,4,55
533955161,13119,板橋区,35.760416666666664,139.703125,163,2425,16,234,9,68
533955162,13119,板橋区,35.760416666666664,139.709375,177,1452,24,136,19,73
533955163,13119,板橋区,35.764583333333334,139.703125,183,1757,32,191,19,76
533955164,13119,板橋区,35.764583333333334,139.709375,106,962,16,118,19,318
533955171,13119,板橋区,35.760416666666664,139.71562500000002,152,5444,30,280,16,110
533955172,13117,北区,35.760416666666664,139.721875,382,2204,92,576,84,555
533955173,13117,北区,35.764583333333334,139.71562500000002,115,662,12,72,5,18
533955174,13117,北区,35.764583333333334,139.721875,236,1006,50,328,24,86
533955181,13117,北区,35.760416666666664,139.728125,137,628,14,53,11,21
533955182,13117,北区,35.760416666666664,139.734375,161,1336,16,49,1,21
533955183,13117,北区,35.764583333333334,139.728125,342,4455,66,485,83,401
533955184,13117,北区,35.764583333333334,139.734375,144,2209,24,576,8,106
533955191,13117,北区,35.760416666666664,139.74062500000002,144,2533,25,291,9,30
533955192,13117,北区,35.760416666666664,139.74687500000002,156,992,30,191,13,30
533955193,13117,北区,35.764583333333334,139.74062500000002,151,1741,26,335,11,45
533955194,13117,北区,35.764583333333334,139.74687500000002,134,1530,22,97,18,40
533955201,13120,練馬区,35.76875,139.628125,7,27,0,0,0,0
533955202,13120,練馬区,35.76875,139.634375,22,326,3,106,0,0
533955203,13120,練馬区,35.77291666666667,139.628125,96,543,8,29,7,27
533955204,13119,板橋区,35.77291666666667,139.634375,131,1131,21,278,10,20
533955211,13120,練馬区,35.76875,139.640625,87,725,15,137,7,48
533955212,13120,練馬区,35.76875,139.646875,244,1780,44,496,39,276
533955213,13119,板橋区,35.77291666666667,139.640625,109,1148,15,161,8,48
533955214,13119,板橋区,35.77291666666667,139.646875,177,1013,47,364,29,119
533955221,13120,練馬区,35.76875,139.65312500000002,148,1157,16,125,6,16
533955222,13120,練馬区,35.76875,139.659375,418,4251,73,1579,93,742
533955223,13119,板橋区,35.77291666666667,139.65312500000002,67,660,6,120,1,1
533955224,13119,板橋区,35.77291666666667,139.659375,94,1026,7,48,2,9
533955231,13119,板橋区,35.76875,139.665625,227,1556,32,147,44,116
533955232,13119,板橋区,35.76875,139.671875,100,1072,4,26,7,12
533955233,13119,板橋区,35.77291666666667,139.665625,127,978,9,66,3,7
533955234,13119,板橋区,35.77291666666667,139.671875,78,712,7,76,1,4
533955241,13119,板橋区,35.76875,139.67812500000002,106,570,5,18,7,9
533955242,13119,板橋区,35.76875,139.68437500000002,80,963,6,13,3,5
533955243,13119,板橋区,35.77291666666667,139.67812500000002,80,672,2,16,0,0
533955244,13119,板橋区,35.77291666666667,139.68437500000002,75,786,2,2,1,6
533955251,13119,板橋区,35.76875,139.690625,185,1936,35,295,13,35
533955252,13119,板橋区,35.76875,139.696875,90,835,6,198,5,22
533955253,13119,板橋区,35.77291666666667,139.690625,118,1315,16,471,10,111
533955254,13119,板橋区,35.77291666666667,139.696875,170,3307,17,184,16,76
533955261,13119,板橋区,35.76875,139.703125,206,2289,31,223,31,194
533955262,13117,北区,35.76875,139.709375,52,1246,1,17,1,26
533955263,13119,板橋区,35.77291666666667,139.703125,162,2946,17,135,9,19
533955264,13117,北区,35.77291666666667,139.709375,53,640,5,43,1,2
533955271,13117,北区,35.76875,139.71562500000002,84,431,8,28,1,4
533955272,13117,北区,35.76875,139.721875,70,875,5,16,3,3
533955273,13117,北区,35.77291666666667,139.71562500000002,104,666,12,48,4,26
533955274,13117,北区,35.77291666666667,139.721875,131,2212,12,113,7,150
533955281,13117,北区,35.76875,139.728125,257,1423,51,267,28,119
533955282,13117,北区,35.76875,139.734375,133,1683,21,167,6,34
533955283,13117,北区,35.77291666666667,139.728125,132,1412,20,61,5,11
533955284,13117,北区,35.77291666666667,139.734375,63,2904,4,174,2,9
533955291,13117,北区,35.76875,139.74062500000002,61,1133,6,28,4,13
533955292,13121,足立区,35.76875,139.74687500000002,60,513,8,175,4,16
533955293,13121,足立区,35.77291666666667,139.74062500000002,110,1699,16,165,9,16
533955294,13121,足立区,35.77291666666667,139.74687500000002,35,226,2,19,1,1
533955301,13120,練馬区,35.77708333333333,139.628125,270,3141,39,418,51,416
533955302,13119,板橋区,35.77708333333333,139.634375,418,4917,59,879,56,831
533955303,13119,板橋区,35.78125,139.628125,78,730,10,63,8,13
533955304,13119,板橋区,35.78125,139.634375,90,648,8,29,4,9
533955311,13119,板橋区,35.77708333333333,139.640625,101,529,12,64,13,26
533955312,13119,板橋区,35.77708333333333,139.646875,95,710,10,67,5,19
533955313,13119,板橋区,35.78125,139.640625,52,348,8,76,0,0
533955314,13119,板橋区,35.78125,139.646875,68,499,11,65,4,8
533955321,13119,板橋区,35.77708333333333,139.65312500000002,81,515,6,62,0,0
533955322,13119,板橋区,35.77708333333333,139.659375,99,763,12,81,1,2
533955323,13119,板橋区,35.78125,139.65312500000002,87,1006,18,188,4,134
533955324,13119,板橋区,35.78125,139.659375,73,598,7,19,1,12
533955331,13119,板橋区,35.77708333333333,139.665625,99,1100,12,73,3,7
533955332,13119,板橋区,35.77708333333333,139.671875,84,629,8,17,1,1
533955333,13119,板橋区,35.78125,139.665625,138,1450,26,328,11,248
533955334,13119,板橋区,35.78125,139.671875,112,1738,16,190,9,138
533955341,13119,板橋区,35.77708333333333,139.67812500000002,100,1115,9,128,6,74
533955342,13119,板橋区,35.77708333333333,139.68437500000002,152,1895,23,461,25,172
533955343,13119,板橋区,35.78125,139.67812500000002,191,1251,31,137,19,102
533955344,13119,板橋区,35.78125,139.68437500000002,107,2366,17,186,6,25
533955351,13119,板橋区,35.77708333333333,139.690625,187,3174,34,204,29,125
533955352,13119,板橋区,35.77708333333333,139.696875,226,11973,40,247,38,347
533955353,13119,板橋区,35.78125,139.690625,168,2761,25,453,18,108
533955354,13119,板橋区,35.78125,139.696875,80,2042,12,444,3,163
533955361,13119,板橋区,35.77708333333333,139.703125,124,1797,21,154,6,15
533955362,13117,北区,35.77708333333333,139.709375,69,646,15,58,6,14
533955363,13117,北区,35.78125,139.703125,98,857,11,174,4,4
533955364,13117,北区,35.78125,139.709375,49,611,6,58,2,4
533955371,13117,北区,35.77708333333333,139.71562500000002,180,1549,14,130,10,41
533955372,13117,北区,35.77708333333333,139.721875,596,10772,153,3605,107,1706
533955373,13117,北区,35.78125,139.71562500000002,56,681,7,16,4,26
533955374,13117,北区,35.78125,139.721875,800,6859,124,964,195,1644
533955381,13117,北区,35.77708333333333,139.728125,159,1269,30,376,10,23
533955382,13117,北区,35.77708333333333,139.734375,98,1722,9,113,5,54
533955383,13117,北区,35.78125,139.728125,272,1336,42,171,32,80
533955384,13117,北区,35.78125,139.734375,76,341,7,15,5,28
533955391,13121,足立区,35.77708333333333,139.74062500000002,14,203,1,15,0,0
533955392,13121,足立区,35.77708333333333,139.74687500000002,28,232,1,9,2,16
533955394,13121,足立区,35.78125,139.74687500000002,65,347,6,21,1,2
533955402,13119,板橋区,35.78541666666666,139.634375,63,517,6,52,3,9
533955404,13119,板橋区,35.78958333333333,139.634375,26,235,5,29,4,9
533955411,13119,板橋区,35.78541666666666,139.640625,58,353,6,47,2,3
533955412,13119,板橋区,35.78541666666666,139.646875,57,614,4,14,2,14
533955413,13119,板橋区,35.78958333333333,139.640625,70,991,7,35,3,5
533955414,13119,板橋区,35.78958333333333,139.646875,40,411,3,26,0,0
533955421,13119,板橋区,35.78541666666666,139.65312500000002,42,585,5,46,3,41
533955422,13119,板橋区,35.78541666666666,139.659375,72,1764,15,158,2,11
533955423,13119,板橋区,35.78958333333333,139.65312500000002,137,1285,15,139,24,96
533955424,13119,板橋区,35.78958333333333,139.659375,191,2056,41,686,38,359
533955431,13119,板橋区,35.78541666666666,139.665625,98,1667,19,177,10,41
533955432,13119,板橋区,35.78541666666666,139.671875,264,2517,51,793,39,329
533955433,13119,板橋区,35.78958333333333,139.665625,135,1333,36,432,14,190
533955434,13119,板橋区,35.78958333333333,139.671875,104,1509,9,96,4,49
533955441,13119,板橋区,35.78541666666666,139.67812500000002,234,1730,38,418,51,298
533955442,13119,板橋区,35.78541666666666,139.68437500000002,116,1345,20,313,5,18
533955443,13119,板橋区,35.78958333333333,139.67812500000002,126,1726,13,101,6,18
533955444,13119,板橋区,35.78958333333333,139.68437500000002,79,1212,9,88,5,36
533955451,13117,北区,35.78541666666666,139.690625,70,1999,3,10,0,0
533955452,13117,北区,35.78541666666666,139.696875,86,3746,10,246,4,11
533955453,13117,北区,35.78958333333333,139.690625,76,1076,8,109,6,96
533955454,13117,北区,35.78958333333333,139.696875,171,1840,17,134,11,48
533955461,13117,北区,35.78541666666666,139.703125,78,611,6,31,14,47
533955462,13117,北区,35.78541666666666,139.709375,138,2024,18,249,18,180
533955463,13117,北区,35.78958333333333,139.703125,137,1478,20,360,11,70
533955464,13117,北区,35.78958333333333,139.709375,14,253,0,0,2,5
533955471,13117,北区,35.78541666666666,139.71562500000002,76,731,10,41,3,7
533955472,13117,北区,35.78541666666666,139.721875,96,503,9,96,2,4
533955473,13117,北区,35.78958333333333,139.71562500000002,4,70,0,0,0,0
533955481,13117,北区,35.78541666666666,139.728125,45,400,2,4,0,0
533955482,13117,北区,35.78541666666666,139.734375,4,12,0,0,0,0
533955492,13121,足立区,35.78541666666666,139.74687500000002,30,990,3,19,1,1
533955511,13119,板橋区,35.793749999999996,139.640625,42,747,4,10,1,10
533955512,13119,板橋区,35.793749999999996,139.646875,67,1381,3,11,0,0
533955521,13119,板橋区,35.793749999999996,139.65312500000002,78,1011,7,38,3,17
533955522,13119,板橋区,35.793749999999996,139.659375,56,1424,1,4,1,5
533955523,13119,板橋区,35.797916666666666,139.65312500000002,2,26,0,0,0,0
533955524,13119,板橋区,35.797916666666666,139.659375,36,444,2,4,0,0
533955531,13119,板橋区,35.793749999999996,139.665625,63,983,11,30,1,2
533955532,13119,板橋区,35.793749999999996,139.671875,27,1213,1,1,2,8
533955533,13119,板橋区,35.797916666666666,139.665625,69,974,3,71,0,0
533955534,13119,板橋区,35.797916666666666,139.671875,24,318,1,1,0,0
533955541,13119,板橋区,35.793749999999996,139.67812500000002,72,1692,1,5,1,6
533955542,13119,板橋区,35.793749999999996,139.68437500000002,145,3259,17,240,4,24
533955544,13119,板橋区,35.797916666666666,139.68437500000002,1,5,0,0,0,0
533955551,13119,板橋区,35.793749999999996,139.690625,122,2246,9,148,9,129
533955552,13117,北区,35.793749999999996,139.696875,70,811,1,2,2,14
533955553,13119,板橋区,35.797916666666666,139.690625,17,100,2,5,0,0
533955561,13117,北区,35.793749999999996,139.703125,6,93,0,0,0,0
533956001,13118,荒川区,35.75208333333333,139.753125,174,1678,15,185,7,17
533956002,13118,荒川区,35.75208333333333,139.759375,193,1131,35,173,25,90
533956003,13121,足立区,35.75625,139.753125,52,675,5,20,0,0
533956004,13121,足立区,35.75625,139.759375,123,749,15,78,8,19
533956011,13118,荒川区,35.75208333333333,139.765625,76,979,10,28,0,0
533956012,13118,荒川区,35.75208333333333,139.771875,41,1534,5,23,4,27
533956013,13121,足立区,35.75625,139.765625,34,692,4,286,1,10
533956014,13121,足立区,35.75625,139.771875,13,214,1,65,1,2
533956021,13118,荒川区,35.75208333333333,139.77812500000002,41,413,0,0,2,3
533956022,13118,荒川区,35.75208333333333,139.784375,125,1326,11,232,6,34
533956023,13121,足立区,35.75625,139.77812500000002,4,43,0,0,0,0
533956024,13121,足立区,35.75625,139.784375,6,52,0,0,0,0
533956031,13121,足立区,35.75208333333333,139.790625,64,1013,5,37,3,17
533956032,13121,足立区,35.75208333333333,139.796875,312,2270,54,270,38,112
533956033,13121,足立区,35.75625,139.790625,74,744,11,70,5,7
533956034,13121,足立区,35.75625,139.796875,126,573,15,90,9,30
533956041,13121,足立区,35.75208333333333,139.80312500000002,705,6416,248,2066,109,1204
533956042,13121,足立区,35.75208333333333,139.80937500000002,120,999,15,68,5,26
533956043,13121,足立区,35.75625,139.80312500000002,96,524,13,51,5,15
533956044,13121,足立区,35.75625,139.80937500000002,6,54,0,0,0,0
533956051,13122,葛飾区,35.75208333333333,139.815625,1,4,0,0,0,0
533956052,13122,葛飾区,35.75208333333333,139.821875,40,456,1,4,1,3
533956053,13122,葛飾区,35.75625,139.815625,43,638,9,119,2,6
533956054,13121,足立区,35.75625,139.821875,60,509,4,16,3,40
533956061,13122,葛飾区,35.75208333333333,139.828125,130,1055,15,80,6,43
533956062,13122,葛飾区,35.75208333333333,139.834375,116,707,9,65,5,15
533956063,13122,葛飾区,35.75625,139.828125,141,1047,31,299,4,15
533956064,13122,葛飾区,35.75625,139.834375,88,654,6,38,4,9
533956071,13122,葛飾区,35.75208333333333,139.84062500000002,173,1354,31,228,6,19
533956072,13122,葛飾区,35.75208333333333,139.846875,124,1766,20,488,5,38
533956073,13122,葛飾区,35.75625,139.84062500000002,92,814,6,78,2,7
533956074,13122,葛飾区,35.75625,139.846875,98,1092,11,76,15,72
533956081,13122,葛飾区,35.75208333333333,139.853125,157,2026,22,144,10,50
533956082,13122,葛飾区,35.75208333333333,139.859375,84,1507,10,62,3,129
533956083,13122,葛飾区,35.75625,139.853125,98,875,15,76,7,22
533956084,13122,葛飾区,35.75625,139.859375,55,400,4,30,2,4
533956091,13122,葛飾区,35.75208333333333,139.86562500000002,248,1556,37,436,45,229
533956092,13122,葛飾区,35.75208333333333,139.87187500000002,139,1355,19,92,15,53
533956093,13122,葛飾区,35.75625,139.86562500000002,74,540,2,9,3,4
533956094,13122,葛飾区,35.75625,139.87187500000002,160,717,32,145,11,25
533956101,13121,足立区,35.760416666666664,139.753125,60,680,2,15,5,10
533956102,13121,足立区,35.760416666666664,139.759375,102,828,9,55,3,12
533956103,13117,北区,35.764583333333334,139.753125,64,1340,12,194,3,42
533956104,13121,足立区,35.764583333333334,139.759375,10,118,0,0,0,0
533956111,13121,足立区,35.760416666666664,139.765625,17,78,0,0,0,0
533956112,13121,足立区,35.760416666666664,139.771875,56,368,5,23,1,3
533956113,13121,足立区,35.764583333333334,139.765625,64,508,7,64,2,6
533956114,13121,足立区,35.764583333333334,139.771875,111,1228,8,283,6,54
533956121,13121,足立区,35.760416666666664,139.77812500000002,66,450,5,39,1,7
533956122,13121,足立区,35.760416666666664,139.784375,102,932,11,65,1,1
533956123,13121,足立区,35.764583333333334,139.77812500000002,132,612,14,44,5,13
533956124,13121,足立区,35.764583333333334,139.784375,186,1272,25,123,10,22
533956131,13121,足立区,35.760416666666664,139.790625,32,268,2,7,3,13
533956132,13121,足立区,35.760416666666664,139.796875,9,62,1,21,0,0
533956133,13121,足立区,35.764583333333334,139.790625,151,757,32,96,13,30
533956134,13121,足立区,35.764583333333334,139.796875,142,1131,16,79,12,37
533956141,13121,足立区,35.760416666666664,139.80312500000002,23,143,3,17,0,0
533956142,13121,足立区,35.760416666666664,139.80937500000002,77,473,7,14,5,12
533956143,13121,足立区,35.764583333333334,139.80312500000002,179,1144,40,165,12,29
533956144,13121,足立区,35.764583333333334,139.80937500000002,220,1485,39,281,35,302
533956151,13121,足立区,35.760416666666664,139.815625,38,1158,8,54,2,3
533956152,13121,足立区,35.760416666666664,139.821875,267,2067,52,534,73,443
533956153,13121,足立区,35.764583333333334,139.815625,99,598,14,57,8,54
533956154,13121,足立区,35.764583333333334,139.821875,227,2167,26,176,23,241
533956161,13121,足立区,35.760416666666664,139.828125,260,2075,33,269,37,201
533956162,13122,葛飾区,35.760416666666664,139.834375,106,609,17,58,3,8
533956163,13121,足立区,35.764583333333334,139.828125,210,2415,30,449,17,153
533956164,13121,足立区,35.764583333333334,139.834375,111,853,17,139,4,11
533956171,13122,葛飾区,35.760416666666664,139.84062500000002,87,762,11,104,1,1
533956172,13122,葛飾区,35.760416666666664,139.846875,124,1449,20,238,8,33
533956173,13122,葛飾区,35.764583333333334,139.84062500000002,125,1209,10,88,14,68
533956174,13122,葛飾区,35.764583333333334,139.846875,590,7238,148,1391,119,688
533956181,13122,葛飾区,35.760416666666664,139.853125,62,564,8,60,1,1
533956182,13122,葛飾区,35.760416666666664,139.859375,95,1378,9,109,6,52
533956183,13122,葛飾区,35.764583333333334,139.853125,230,2751,89,1331,31,531
533956184,13122,葛飾区,35.764583333333334,139.859375,48,327,2,94,1,5
533956191,13122,葛飾区,35.760416666666664,139.86562500000002,84,1658,11,297,3,21
533956192,13122,葛飾区,35.760416666666664,139.87187500000002,95,843,9,20,3,8
533956193,13122,葛飾区,35.764583333333334,139.86562500000002,139,1943,24,185,11,152
533956194,13122,葛飾区,35.764583333333334,139.87187500000002,125,1035,10,36,4,6
533956201,13121,足立区,35.76875,139.753125,9,83,1,2,0,0
533956202,13117,北区,35.76875,139.759375,14,50,1,3,5,12
533956203,13121,足立区,35.77291666666667,139.753125,4,501,0,0,1,8
533956204,13121,足立区,35.77291666666667,139.759375,82,650,9,40,4,7
533956211,13121,足立区,35.76875,139.765625,106,742,16,104,6,19
533956212,13121,足立区,35.76875,139.771875,119,1074,16,172,5,61
533956213,13121,足立区,35.77291666666667,139.765625,87,834,11,24,13,20
533956214,13121,足立区,35.77291666666667,139.771875,107,1991,19,520,8,154
533956221,13121,足立区,35.76875,139.77812500000002,136,619,20,94,10,19
533956222,13121,足立区,35.76875,139.784375,145,808,18,228,7,23
533956223,13121,足立区,35.77291666666667,139.77812500000002,102,842,17,51,10,18
533956224,13121,足立区,35.77291666666667,139.784375,234,2432,71,1088,37,548
533956231,13121,足立区,35.76875,139.790625,170,789,30,117,11,25
533956232,13121,足立区,35.76875,139.796875,195,1437,34,287,18,163
533956233,13121,足立区,35.77291666666667,139.790625,189,1686,41,210,24,79
533956234,13121,足立区,35.77291666666667,139.796875,238,2071,45,480,35,208
533956241,13121,足立区,35.76875,139.80312500000002,115,2018,19,108,11,954
533956242,13121,足立区,35.76875,139.80937500000002,146,1444,25,307,17,97
533956243,13121,足立区,35.77291666666667,139.80312500000002,141,1586,19,132,12,83
533956244,13121,足立区,35.77291666666667,139.80937500000002,107,953,12,49,4,11
533956251,13121,足立区,35.76875,139.815625,102,829,9,190,7,29
533956252,13121,足立区,35.76875,139.821875,106,805,8,45,13,56
533956253,13121,足立区,35.77291666666667,139.815625,127,623,17,127,11,25
533956254,13121,足立区,35.77291666666667,139.821875,72,1604,11,76,8,35
533956261,13121,足立区,35.76875,139.828125,181,1349,16,96,17,127
533956262,13121,足立区,35.76875,139.834375,91,775,13,66,7,29
533956263,13121,足立区,35.77291666666667,139.828125,96,1102,12,150,7,80
533956264,13121,足立区,35.77291666666667,139.834375,135,1471,13,89,3,6
533956271,13121,足立区,35.76875,139.84062500000002,136,837,30,175,10,40
533956272,13122,葛飾区,35.76875,139.846875,368,2561,77,469,92,700
533956273,13121,足立区,35.77291666666667,139.84062500000002,110,950,15,95,9,20
533956274,13121,足立区,35.77291666666667,139.846875,36,2125,5,61,0,0
533956281,13121,足立区,35.76875,139.853125,83,528,9,27,5,24
533956282,13122,葛飾区,35.76875,139.859375,22,500,2,117,0,0
533956283,13121,足立区,35.77291666666667,139.853125,34,118,5,8,3,6
533956284,13122,葛飾区,35.77291666666667,139.859375,18,77,2,3,2,4
533956291,13122,葛飾区,35.76875,139.86562500000002,165,1220,35,388,19,156
533956292,13122,葛飾区,35.76875,139.87187500000002,512,4408,114,1091,105,977
533956293,13122,葛飾区,35.77291666666667,139.86562500000002,83,1967,12,100,8,49
533956294,13122,葛飾区,35.77291666666667,139.87187500000002,187,1331,28,107,26,89
533956301,13121,足立区,35.77708333333333,139.753125,135,1689,18,181,11,182
533956302,13121,足立区,35.77708333333333,139.759375,151,1434,23,219,5,39
533956303,13121,足立区,35.78125,139.753125,143,1271,20,208,7,53
533956304,13121,足立区,35.78125,139.759375,201,1611,30,167,19,80
533956311,13121,足立区,35.77708333333333,139.765625,77,839,23,167,7,109
533956312,13121,足立区,35.77708333333333,139.771875,127,1234,13,194,19,141
533956313,13121,足立区,35.78125,139.765625,98,874,19,115,8,27
533956314,13121,足立区,35.78125,139.771875,137,2001,30,224,10,166
533956321,13121,足立区,35.77708333333333,139.77812500000002,179,1499,45,266,29,116
533956322,13121,足立区,35.77708333333333,139.784375,250,2253,42,328,25,74
533956323,13121,足立区,35.78125,139.77812500000002,143,1192,26,247,23,158
533956324,13121,足立区,35.78125,139.784375,128,660,22,55,17,121
533956331,13121,足立区,35.77708333333333,139.790625,320,4348,61,923,49,381
533956332,13121,足立区,35.77708333333333,139.796875,136,1212,25,175,11,49
533956333,13121,足立区,35.78125,139.790625,109,529,10,45,10,39
533956334,13121,足立区,35.78125,139.796875,116,945,22,338,12,181
533956341,13121,足立区,35.77708333333333,139.80312500000002,164,5666,18,631,4,28
533956342,13121,足立区,35.77708333333333,139.80937500000002,120,1339,20,239,11,160
533956343,13121,足立区,35.78125,139.80312500000002,96,812,13,138,8,118
533956344,13121,足立区,35.78125,139.80937500000002,124,1297,12,281,3,33
533956351,13121,足立区,35.77708333333333,139.815625,90,674,14,146,9,81
533956352,13121,足立区,35.77708333333333,139.821875,84,1124,12,142,5,175
533956353,13121,足立区,35.78125,139.815625,110,1148,17,99,12,27
533956354,13121,足立区,35.78125,139.821875,50,666,3,32,3,12
533956361,13121,足立区,35.77708333333333,139.828125,128,1623,23,255,3,114
533956362,13121,足立区,35.77708333333333,139.834375,171,1432,29,349,20,157
533956363,13121,足立区,35.78125,139.828125,107,1108,8,69,3,13
533956364,13121,足立区,35.78125,139.834375,72,1083,8,52,2,15
533956371,13121,足立区,35.77708333333333,139.84062500000002,137,1078,19,165,13,144
533956372,13121,足立区,35.77708333333333,139.846875,73,626,17,122,4,20
533956373,13121,足立区,35.78125,139.84062500000002,107,972,14,351,6,50
533956374,13121,足立区,35.78125,139.846875,49,316,5,13,1,2
533956381,13122,葛飾区,35.77708333333333,139.853125,43,172,3,11,1,2
533956382,13122,葛飾区,35.77708333333333,139.859375,118,642,18,76,16,29
533956383,13122,葛飾区,35.78125,139.853125,87,702,18,131,1,61
533956384,13122,葛飾区,35.78125,139.859375,74,1095,14,159,3,29
533956391,13122,葛飾区,35.77708333333333,139.86562500000002,55,323,5,15,10,22
533956392,13122,葛飾区,35.77708333333333,139.87187500000002,72,534,10,50,1,26
533956393,13122,葛飾区,35.78125,139.86562500000002,108,1021,20,185,5,40
533956394,13122,葛飾区,35.78125,139.87187500000002,10,34,0,0,0,0
533956401,13121,足立区,35.78541666666666,139.753125,95,1162,17,127,6,44
533956402,13121,足立区,35.78541666666666,139.759375,152,997,15,77,5,46
533956404,13121,足立区,35.78958333333333,139.759375,156,1216,26,199,14,69
533956411,13121,足立区,35.78541666666666,139.765625,144,1284,17,224,8,46
533956412,13121,足立区,35.78541666666666,139.771875,129,957,15,112,7,31
533956413,13121,足立区,35.78958333333333,139.765625,132,1088,8,74,2,7
533956414,13121,足立区,35.78958333333333,139.771875,133,867,15,127,5,25
533956421,13121,足立区,35.78541666666666,139.77812500000002,153,1677,24,107,7,20
533956422,13121,足立区,35.78541666666666,139.784375,108,943,16,229,8,75
533956423,13121,足立区,35.78958333333333,139.77812500000002,64,699,6,94,4,15
533956424,13121,足立区,35.78958333333333,139.784375,89,822,12,167,1,24
533956431,13121,足立区,35.78541666666666,139.790625,84,574,9,54,6,11
533956432,13121,足立区,35.78541666666666,139.796875,81,646,13,45,7,20
533956433,13121,足立区,35.78958333333333,139.790625,76,428,11,79,9,38
533956434,13121,足立区,35.78958333333333,139.796875,119,1055,16,104,7,19
533956441,13121,足立区,35.78541666666666,139.80312500000002,95,950,17,159,5,35
533956442,13121,足立区,35.78541666666666,139.80937500000002,117,718,13,89,13,83
533956443,13121,足立区,35.78958333333333,139.80312500000002,109,1723,16,108,4,28
533956444,13121,足立区,35.78958333333333,139.80937500000002,141,1524,23,368,10,108
533956451,13121,足立区,35.78541666666666,139.815625,113,803,13,73,7,18
533956452,13121,足立区,35.78541666666666,139.821875,120,1119,11,283,11,70
533956453,13121,足立区,35.78958333333333,139.815625,115,924,15,116,6,45
533956454,13121,足立区,35.78958333333333,139.821875,173,1308,20,101,12,106
533956461,13121,足立区,35.78541666666666,139.828125,71,2167,2,7,1,4
533956462,13121,足立区,35.78541666666666,139.834375,90,614,11,85,12,30
533956463,13121,足立区,35.78958333333333,139.828125,94,595,9,46,3,8
533956464,13121,足立区,35.78958333333333,139.834375,121,901,13,120,11,30
533956471,13121,足立区,35.78541666666666,139.84062500000002,130,1053,11,57,11,32
533956472,13122,葛飾区,35.78541666666666,139.846875,57,387,1,3,0,0
533956473,13121,足立区,35.78958333333333,139.84062500000002,110,1083,23,211,7,44
533956474,13122,葛飾区,35.78958333333333,139.846875,43,342,2,9,0,0
533956481,13122,葛飾区,35.78541666666666,139.853125,121,845,14,145,7,20
533956482,13122,葛飾区,35.78541666666666,139.859375,93,1090,11,385,5,18
533956483,13122,葛飾区,35.78958333333333,139.853125,58,502,4,16,1,6
533956484,13122,葛飾区,35.78958333333333,139.859375,86,505,13,50,6,9
533956491,13122,葛飾区,35.78541666666666,139.86562500000002,79,558,5,63,6,56
533956493,13122,葛飾区,35.78958333333333,139.86562500000002,61,399,3,31,4,21
533956511,13121,足立区,35.793749999999996,139.765625,95,654,1,1,3,9
533956512,13121,足立区,35.793749999999996,139.771875,31,283,5,13,1,30
533956513,13121,足立区,35.797916666666666,139.765625,78,1831,1,1,2,4
533956514,13121,足立区,35.797916666666666,139.771875,1,4,0,0,0,0
533956521,13121,足立区,35.793749999999996,139.77812500000002,88,691,7,90,6,21
533956522,13121,足立区,35.793749999999996,139.784375,68,415,9,34,7,14
533956523,13121,足立区,35.797916666666666,139.77812500000002,82,567,7,31,5,15
533956524,13121,足立区,35.797916666666666,139.784375,78,319,10,25,6,14
533956531,13121,足立区,35.793749999999996,139.790625,397,3210,67,547,103,825
533956532,13121,足立区,35.793749999999996,139.796875,300,3507,64,1007,28,287
533956533,13121,足立区,35.797916666666666,139.790625,95,819,14,112,13,63
533956534,13121,足立区,35.797916666666666,139.796875,115,928,14,90,9,46
533956541,13121,足立区,35.793749999999996,139.80312500000002,128,2670,25,323,12,131
533956542,13121,足立区,35.793749999999996,139.80937500000002,112,1360,24,335,9,87
533956543,13121,足立区,35.797916666666666,139.80312500000002,96,1091,16,140,5,145
533956544,13121,足立区,35.797916666666666,139.80937500000002,146,1257,13,96,14,38
533956551,13121,足立区,35.793749999999996,139.815625,116,917,13,115,6,41
533956552,13121,足立区,35.793749999999996,139.821875,106,796,13,57,3,10
533956553,13121,足立区,35.797916666666666,139.815625,69,861,10,78,5,13
533956561,13121,足立区,35.793749999999996,139.828125,43,263,7,47,1,2
533956562,13121,足立区,35.793749999999996,139.834375,104,864,12,112,5,12
533956571,13121,足立区,35.793749999999996,139.84062500000002,86,1441,10,217,5,22
533956572,13122,葛飾区,35.793749999999996,139.846875,25,396,2,5,0,0
533956573,13121,足立区,35.797916666666666,139.84062500000002,77,696,5,16,1,3
533956582,13122,葛飾区,35.793749999999996,139.859375,14,38,3,9,0,0
533956591,13122,葛飾区,35.793749999999996,139.86562500000002,12,33,0,0,0,0
533956602,13121,足立区,35.80208333333333,139.759375,97,2069,10,154,10,71
533956603,13121,足立区,35.80625,139.753125,51,703,1,2,0,0
533956604,13121,足立区,35.80625,139.759375,101,1164,7,34,6,25
533956611,13121,足立区,35.80208333333333,139.765625,65,1359,6,89,0,0
533956612,13121,足立区,35.80208333333333,139.771875,43,519,7,95,2,54
533956613,13121,足立区,35.80625,139.765625,75,785,7,103,4,15
533956614,13121,足立区,35.80625,139.771875,106,803,14,126,2,29
533956621,13121,足立区,35.80208333333333,139.77812500000002,85,1140,7,120,2,10
533956622,13121,足立区,35.80208333333333,139.784375,94,1086,18,369,12,108
533956623,13121,足立区,35.80625,139.77812500000002,85,484,7,56,5,12
533956624,13121,足立区,35.80625,139.784375,55,338,4,34,2,21
533956631,13121,足立区,35.80208333333333,139.790625,107,851,12,36,4,81
533956632,13121,足立区,35.80208333333333,139.796875,67,1122,12,115,4,15
533956641,13121,足立区,35.80208333333333,139.80312500000002,81,756,5,44,4,6
533956642,13121,足立区,35.80208333333333,139.80937500000002,76,870,9,134,3,9
533956643,13121,足立区,35.80625,139.80312500000002,85,1408,13,67,6,48
533956644,13121,足立区,35.80625,139.80937500000002,112,1344,22,226,12,94
533956651,13121,足立区,35.80208333333333,139.815625,66,551,9,37,0,0
533956653,13121,足立区,35.80625,139.815625,44,428,3,16,1,3
533956701,13121,足立区,35.81041666666666,139.753125,49,965,6,41,1,7
533956702,13121,足立区,35.81041666666666,139.759375,109,1070,9,41,7,28
533956711,13121,足立区,35.81041666666666,139.765625,112,1061,25,166,5,10
533956712,13121,足立区,35.81041666666666,139.771875,119,721,11,41,14,65
533956713,13121,足立区,35.81458333333333,139.765625,58,491,1,5,3,5
533956714,13121,足立区,35.81458333333333,139.771875,54,360,8,98,4,34
533956752,13121,足立区,35.81041666666666,139.821875,24,211,2,4,1,2
533956754,13121,足立区,35.81458333333333,139.821875,14,267,3,38,1,1
533957001,13122,葛飾区,35.75208333333333,139.878125,123,1024,16,334,12,67
533957002,13122,葛飾区,35.75208333333333,139.884375,32,140,4,5,0,0
533957003,13122,葛飾区,35.75625,139.878125,195,1232,63,396,22,86
533957004,13122,葛飾区,35.75625,139.884375,2,2,0,0,0,0
533957101,13122,葛飾区,35.760416666666664,139.878125,28,311,3,8,3,53
533957103,13122,葛飾区,35.764583333333334,139.878125,8,20,0,0,0,0
533957201,13122,葛飾区,35.76875,139.878125,54,315,4,5,1,7
533957203,13122,葛飾区,35.77291666666667,139.878125,83,698,5,17,6,10
533957301,13122,葛飾区,35.77708333333333,139.878125,99,539,11,56,5,9
533957302,13122,葛飾区,35.77708333333333,139.884375,41,568,7,39,0,0
533957303,13122,葛飾区,35.78125,139.878125,19,67,1,1,0,0
533957304,13122,葛飾区,35.78125,139.884375,22,238,3,10,1,10
533957313,13122,葛飾区,35.78125,139.890625,6,31,1,6,0,0
