mesh_code,ward_code,ward_ja,lat,lon,night_pop,day_pop,day_resident,inflow_work,inflow_school
5339254544,13111,大田区,35.540625,139.6984375,1017,480,282,71,127
5339254614,13111,大田区,35.53645833333333,139.7046875,321,2728,125,2560,43
5339254623,13111,大田区,35.53645833333333,139.7078125,420,365,122,243,0
5339254631,13111,大田区,35.53854166666667,139.7015625,0,30,0,30,0
5339254632,13111,大田区,35.53854166666667,139.7046875,0,29,0,29,0
5339254633,13111,大田区,35.540625,139.7015625,0,30,0,30,0
5339254634,13111,大田区,35.540625,139.7046875,444,211,181,30,0
5339254641,13111,大田区,35.53854166666667,139.7078125,0,115,0,115,0
5339254642,13111,大田区,35.53854166666667,139.7109375,0,114,0,114,0
5339254643,13111,大田区,35.540625,139.7078125,861,346,231,115,0
5339254644,13111,大田区,35.540625,139.7109375,981,421,307,114,0
5339254731,13111,大田区,35.53854166666667,139.7140625,0,25,0,25,0
5339254732,13111,大田区,35.53854166666667,139.71718750000002,0,23,0,23,0
5339254733,13111,大田区,35.540625,139.7140625,333,106,83,23,0
5339254734,13111,大田区,35.540625,139.71718750000002,0,23,0,23,0
5339255522,13111,大田区,35.54270833333333,139.6984375,11,258,2,63,193
5339255524,13111,大田区,35.54479166666666,139.6984375,0,256,0,64,192
5339255611,13111,大田区,35.54270833333333,139.7015625,324,421,55,366,0
5339255612,13111,大田区,35.54270833333333,139.7046875,1542,809,444,365,0
5339255613,13111,大田区,35.54479166666666,139.7015625,417,486,120,366,0
5339255614,13111,大田区,35.54479166666666,139.7046875,1603,1059,694,365,0
5339255621,13111,大田区,35.54270833333333,139.7078125,1806,964,439,400,125
5339255622,13111,大田区,35.54270833333333,139.7109375,1085,823,300,399,124
5339255623,13111,大田区,35.54479166666666,139.7078125,1396,1049,524,400,125
5339255624,13111,大田区,35.54479166666666,139.7109375,1630,1091,566,400,125
5339255631,13111,大田区,35.546875,139.7015625,0,56,0,56,0
5339255632,13111,大田区,35.546875,139.7046875,1067,352,296,56,0
5339255634,13111,大田区,35.54895833333333,139.7046875,460,208,152,56,0
5339255641,13111,大田区,35.546875,139.7078125,2719,1262,936,194,132
5339255642,13111,大田区,35.546875,139.7109375,1383,733,408,194,131
5339255643,13111,大田区,35.54895833333333,139.7078125,1264,694,369,194,131
5339255644,13111,大田区,35.54895833333333,139.7109375,1457,728,403,194,131
5339255711,13111,大田区,35.54270833333333,139.7140625,643,824,212,424,188
5339255712,13111,大田区,35.54270833333333,139.71718750000002,1917,1238,629,423,186
5339255713,13111,大田区,35.54479166666666,139.7140625,1000,890,280,423,187
5339255714,13111,大田区,35.54479166666666,139.71718750000002,1128,963,353,423,187
5339255721,13111,大田区,35.54270833333333,139.7203125,262,211,48,163,0
5339255722,13111,大田区,35.54270833333333,139.72343750000002,0,163,0,163,0
5339255723,13111,大田区,35.54479166666666,139.7203125,2151,908,746,162,0
5339255724,13111,大田区,35.54479166666666,139.72343750000002,1125,625,462,163,0
5339255731,13111,大田区,35.546875,139.7140625,1433,1315,423,449,443
5339255732,13111,大田区,35.546875,139.71718750000002,1098,1153,263,449,441
5339255733,13111,大田区,35.54895833333333,139.7140625,1266,1294,404,448,442
5339255734,13111,大田区,35.54895833333333,139.71718750000002,1410,1337,446,450,441
5339255741,13111,大田区,35.546875,139.7203125,1644,857,427,430,0
5339255742,13111,大田区,35.546875,139.72343750000002,1253,814,383,431,0
5339255743,13111,大田区,35.54895833333333,139.7203125,1816,926,496,430,0
5339255744,13111,大田区,35.54895833333333,139.72343750000002,1807,963,532,431,0
5339255813,13111,大田区,35.54479166666666,139.7265625,710,275,231,44,0
5339255814,13111,大田区,35.54479166666666,139.7296875,444,175,130,45,0
5339255821,13111,大田区,35.54270833333333,139.7328125,0,15,0,15,0
5339255822,13111,大田区,35.54270833333333,139.7359375,0,14,0,14,0
5339255823,13111,大田区,35.54479166666666,139.7328125,153,52,38,14,0
5339255824,13111,大田区,35.54479166666666,139.7359375,221,105,90,15,0
5339255831,13111,大田区,35.546875,139.7265625,1454,994,398,362,234
5339255832,13111,大田区,35.546875,139.7296875,1951,1133,538,362,233
5339255833,13111,大田区,35.54895833333333,139.7265625,824,866,273,361,232
5339255834,13111,大田区,35.54895833333333,139.7296875,1200,882,288,361,233
5339255841,13111,大田区,35.546875,139.7328125,1753,987,491,304,192
5339255842,13111,大田区,35.546875,139.7359375,751,721,228,303,190
5339255843,13111,大田区,35.54895833333333,139.7328125,1341,957,463,303,191
5339255844,13111,大田区,35.54895833333333,139.7359375,1101,865,370,303,192
5339255923,13111,大田区,35.54479166666666,139.7453125,615,275,186,89,0
5339255924,13111,大田区,35.54479166666666,139.74843750000002,310,183,93,90,0
5339255931,13111,大田区,35.546875,139.73906250000002,63,539,11,251,277
5339255932,13111,大田区,35.546875,139.74218750000003,917,836,308,251,277
5339255933,13111,大田区,35.54895833333333,139.73906250000002,215,579,53,251,275
5339255934,13111,大田区,35.54895833333333,139.74218750000003,1347,865,337,251,277
5339255941,13111,大田区,35.546875,139.7453125,1250,841,399,342,100
5339255942,13111,大田区,35.546875,139.74843750000002,1271,851,411,341,99
5339255943,13111,大田区,35.54895833333333,139.7453125,1221,774,334,341,99
5339255944,13111,大田区,35.54895833333333,139.74843750000002,1251,878,436,342,100
5339256534,13111,大田区,35.557291666666664,139.69218750000002,58,28,21,7,0
5339256543,13111,大田区,35.557291666666664,139.6953125,460,310,121,189,0
5339256544,13111,大田区,35.557291666666664,139.6984375,950,537,347,190,0
5339256612,13111,大田区,35.55104166666666,139.7046875,507,217,198,19,0
5339256614,13111,大田区,35.553124999999994,139.7046875,829,294,275,19,0
5339256621,13111,大田区,35.55104166666666,139.7078125,1240,814,419,284,111
5339256622,13111,大田区,35.55104166666666,139.7109375,1157,799,405,284,110
5339256623,13111,大田区,35.553124999999994,139.7078125,1545,869,474,284,111
5339256624,13111,大田区,35.553124999999994,139.7109375,1364,863,469,284,110
5339256631,13111,大田区,35.55520833333333,139.7015625,935,568,379,189,0
5339256632,13111,大田区,35.55520833333333,139.7046875,2298,871,683,188,0
5339256633,13111,大田区,35.557291666666664,139.7015625,1835,715,526,189,0
5339256634,13111,大田区,35.557291666666664,139.7046875,1774,700,512,188,0
5339256641,13111,大田区,35.55520833333333,139.7078125,1379,1039,383,259,397
5339256642,13111,大田区,35.55520833333333,139.7109375,879,843,186,259,398
5339256643,13111,大田区,35.557291666666664,139.7078125,1101,994,340,258,396
5339256644,13111,大田区,35.557291666666664,139.7109375,1132,916,260,259,397
5339256711,13111,大田区,35.55104166666666,139.7140625,1309,1122,351,556,215
5339256712,13111,大田区,35.55104166666666,139.71718750000002,964,993,224,555,214
5339256713,13111,大田区,35.553124999999994,139.7140625,1474,1183,415,555,213
5339256714,13111,大田区,35.553124999999994,139.71718750000002,1017,1046,276,556,214
5339256721,13111,大田区,35.55104166666666,139.7203125,1596,861,562,299,0
5339256722,13111,大田区,35.55104166666666,139.72343750000002,1356,647,348,299,0
5339256723,13111,大田区,35.553124999999994,139.7203125,1764,938,640,298,0
5339256724,13111,大田区,35.553124999999994,139.72343750000002,1554,761,462,299,0
5339256731,13111,大田区,35.55520833333333,139.7140625,2462,2462,793,1374,295
5339256732,13111,大田区,35.55520833333333,139.71718750000002,2088,2285,617,1374,294
5339256733,13111,大田区,35.557291666666664,139.7140625,402,1750,83,1373,294
5339256734,13111,大田区,35.557291666666664,139.71718750000002,1771,2153,483,1375,295
5339256741,13111,大田区,35.55520833333333,139.7203125,958,1576,291,1285,0
5339256742,13111,大田区,35.55520833333333,139.72343750000002,1038,1642,358,1284,0
5339256743,13111,大田区,35.557291666666664,139.7203125,1102,1529,245,1284,0
5339256744,13111,大田区,35.557291666666664,139.72343750000002,1507,1624,338,1286,0
5339256811,13111,大田区,35.55104166666666,139.7265625,1115,931,294,536,101
5339256812,13111,大田区,35.55104166666666,139.7296875,2546,1362,724,537,101
5339256813,13111,大田区,35.553124999999994,139.7265625,1439,1091,454,537,100
5339256814,13111,大田区,35.553124999999994,139.7296875,1440,984,347,537,100
5339256821,13111,大田区,35.55104166666666,139.7328125,1207,795,383,412,0
5339256822,13111,大田区,35.55104166666666,139.7359375,1186,725,314,411,0
5339256823,13111,大田区,35.553124999999994,139.7328125,1513,869,457,412,0
5339256824,13111,大田区,35.553124999999994,139.7359375,1493,727,315,412,0
5339256831,13111,大田区,35.55520833333333,139.7265625,1890,1103,520,468,115
5339256832,13111,大田区,35.55520833333333,139.7296875,1521,951,372,466,113
5339256833,13111,大田区,35.557291666666664,139.7265625,1146,878,298,467,113
5339256834,13111,大田区,35.557291666666664,139.7296875,1741,1065,484,467,114
5339256841,13111,大田区,35.55520833333333,139.7328125,1409,954,402,264,288
5339256842,13111,大田区,35.55520833333333,139.7359375,1364,897,346,263,288
5339256843,13111,大田区,35.557291666666664,139.7328125,1339,952,402,263,287
5339256844,13111,大田区,35.557291666666664,139.7359375,1378,873,322,263,288
5339256911,13111,大田区,35.55104166666666,139.73906250000002,1073,772,225,547,0
5339256912,13111,大田区,35.55104166666666,139.74218750000003,979,799,252,547,0
5339256913,13111,大田区,35.553124999999994,139.73906250000002,1298,914,367,547,0
5339256914,13111,大田区,35.553124999999994,139.74218750000003,1373,832,285,547,0
5339256921,13111,大田区,35.55104166666666,139.7453125,998,1694,241,1453,0
5339256922,13111,大田区,35.55104166666666,139.74843750000002,754,1635,181,1454,0
5339256923,13111,大田区,35.553124999999994,139.7453125,998,1681,227,1454,0
5339256924,13111,大田区,35.553124999999994,139.74843750000002,18,1455,1,1454,0
5339256931,13111,大田区,35.55520833333333,139.73906250000002,933,872,183,689,0
5339256932,13111,大田区,35.55520833333333,139.74218750000003,999,894,206,688,0
5339256933,13111,大田区,35.557291666666664,139.73906250000002,1078,921,233,688,0
5339256934,13111,大田区,35.557291666666664,139.74218750000003,1654,1046,357,689,0
5339256941,13111,大田区,35.55520833333333,139.7453125,721,575,162,413,0
5339256942,13111,大田区,35.55520833333333,139.74843750000002,16,416,3,413,0
5339256943,13111,大田区,35.557291666666664,139.7453125,653,760,347,413,0
5339256944,13111,大田区,35.557291666666664,139.74843750000002,1041,996,583,413,0
5339257423,13111,大田区,35.56145833333333,139.6828125,0,59,0,59,0
5339257424,13111,大田区,35.56145833333333,139.68593750000002,436,285,227,58,0
5339257432,13111,大田区,35.563541666666666,139.67968750000003,0,40,0,40,0
5339257434,13111,大田区,35.565625,139.67968750000003,0,41,0,41,0
5339257441,13111,大田区,35.563541666666666,139.6828125,2576,1255,688,427,140
5339257442,13111,大田区,35.563541666666666,139.68593750000002,1738,1204,639,426,139
5339257443,13111,大田区,35.565625,139.6828125,1359,854,291,425,138
5339257444,13111,大田区,35.565625,139.68593750000002,1266,928,361,427,140
5339257511,13111,大田区,35.559374999999996,139.6890625,308,566,87,334,145
5339257512,13111,大田区,35.559374999999996,139.69218750000002,1659,1061,582,334,145
5339257513,13111,大田区,35.56145833333333,139.6890625,1866,1351,873,334,144
5339257514,13111,大田区,35.56145833333333,139.69218750000002,1248,821,342,334,145
5339257521,13111,大田区,35.559374999999996,139.6953125,878,917,254,663,0
5339257522,13111,大田区,35.559374999999996,139.6984375,1173,1007,343,664,0
5339257523,13111,大田区,35.56145833333333,139.6953125,1627,1270,608,662,0
5339257524,13111,大田区,35.56145833333333,139.6984375,1383,1011,348,663,0
5339257531,13111,大田区,35.563541666666666,139.6890625,1428,1044,318,726,0
5339257532,13111,大田区,35.563541666666666,139.69218750000002,1064,981,255,726,0
5339257533,13111,大田区,35.565625,139.6890625,1536,1187,462,725,0
5339257534,13111,大田区,35.565625,139.69218750000002,1251,1072,347,725,0
5339257541,13111,大田区,35.563541666666666,139.6953125,1294,983,345,496,142
5339257542,13111,大田区,35.563541666666666,139.6984375,1185,906,267,496,143
5339257543,13111,大田区,35.565625,139.6953125,910,938,302,494,142
5339257544,13111,大田区,35.565625,139.6984375,1189,1050,411,496,143
5339257611,13111,大田区,35.559374999999996,139.7015625,1122,854,364,490,0
5339257612,13111,大田区,35.559374999999996,139.7046875,1387,904,413,491,0
5339257613,13111,大田区,35.56145833333333,139.7015625,1291,863,372,491,0
5339257614,13111,大田区,35.56145833333333,139.7046875,982,757,267,490,0
5339257621,13111,大田区,35.559374999999996,139.7078125,920,1599,285,955,359
5339257622,13111,大田区,35.559374999999996,139.7109375,1136,1644,329,956,359
5339257623,13111,大田区,35.56145833333333,139.7078125,1497,1646,333,955,358
5339257624,13111,大田区,35.56145833333333,139.7109375,1038,1538,224,955,359
5339257631,13111,大田区,35.563541666666666,139.7015625,1313,913,350,321,242
5339257632,13111,大田区,35.563541666666666,139.7046875,1464,951,389,321,241
5339257633,13111,大田区,35.565625,139.7015625,1394,964,402,321,241
5339257634,13111,大田区,35.565625,139.7046875,1365,973,411,321,241
5339257641,13111,大田区,35.563541666666666,139.7078125,2159,1852,652,1096,104
5339257642,13111,大田区,35.563541666666666,139.7109375,2057,1683,485,1095,103
5339257643,13111,大田区,35.565625,139.7078125,1213,1560,361,1095,104
5339257644,13111,大田区,35.565625,139.7109375,1548,1608,409,1095,104
5339257711,13111,大田区,35.559374999999996,139.7140625,823,5525,280,5245,0
5339257712,13111,大田区,35.559374999999996,139.71718750000002,1370,5649,403,5246,0
5339257713,13111,大田区,35.56145833333333,139.7140625,702,5435,190,5245,0
5339257714,13111,大田区,35.56145833333333,139.71718750000002,408,5338,93,5245,0
5339257721,13111,大田区,35.559374999999996,139.7203125,1483,1933,285,1554,94
5339257722,13111,大田区,35.559374999999996,139.72343750000002,1151,1882,234,1554,94
5339257723,13111,大田区,35.56145833333333,139.7203125,2229,2009,363,1553,93
5339257724,13111,大田区,35.56145833333333,139.72343750000002,1739,2113,465,1554,94
5339257731,13111,大田区,35.563541666666666,139.7140625,995,3422,205,2334,883
5339257732,13111,大田区,35.563541666666666,139.71718750000002,696,3370,154,2333,883
5339257733,13111,大田区,35.565625,139.7140625,1235,3499,283,2333,883
5339257734,13111,大田区,35.565625,139.71718750000002,984,3466,249,2334,883
5339257741,13111,大田区,35.563541666666666,139.7203125,963,1181,251,744,186
5339257742,13111,大田区,35.563541666666666,139.72343750000002,1534,1331,400,744,187
5339257743,13111,大田区,35.565625,139.7203125,1184,1242,314,743,185
5339257744,13111,大田区,35.565625,139.72343750000002,1275,1278,347,744,187
5339257811,13111,大田区,35.559374999999996,139.7265625,1364,1005,408,472,125
5339257812,13111,大田区,35.559374999999996,139.7296875,1302,993,399,470,124
5339257813,13111,大田区,35.56145833333333,139.7265625,1210,918,323,471,124
5339257814,13111,大田区,35.56145833333333,139.7296875,1002,902,306,471,125
5339257821,13111,大田区,35.559374999999996,139.7328125,1611,867,462,307,98
5339257822,13111,大田区,35.559374999999996,139.7359375,1516,923,520,306,97
5339257823,13111,大田区,35.56145833333333,139.7328125,1113,720,316,306,98
5339257824,13111,大田区,35.56145833333333,139.7359375,1295,743,339,306,98
5339257831,13111,大田区,35.563541666666666,139.7265625,1294,762,338,340,84
5339257832,13111,大田区,35.563541666666666,139.7296875,1391,793,369,339,85
5339257833,13111,大田区,35.565625,139.7265625,1102,817,394,339,84
5339257834,13111,大田区,35.565625,139.7296875,1779,858,435,339,84
5339257841,13111,大田区,35.563541666666666,139.7328125,1077,757,316,296,145
5339257842,13111,大田区,35.563541666666666,139.7359375,1501,895,457,295,143
5339257843,13111,大田区,35.565625,139.7328125,1307,819,380,295,144
5339257844,13111,大田区,35.565625,139.7359375,1241,788,348,296,144
5339257911,13111,大田区,35.559374999999996,139.73906250000002,1616,998,456,542,0
5339257912,13111,大田区,35.559374999999996,139.74218750000003,1031,802,262,540,0
5339257913,13111,大田区,35.56145833333333,139.73906250000002,1266,824,283,541,0
5339257914,13111,大田区,35.56145833333333,139.74218750000003,827,756,215,541,0
5339257921,13111,大田区,35.559374999999996,139.7453125,197,860,99,609,152
5339257922,13111,大田区,35.559374999999996,139.74843750000002,27,768,7,608,153
5339257923,13111,大田区,35.56145833333333,139.7453125,1126,1069,309,608,152
5339257924,13111,大田区,35.56145833333333,139.74843750000002,547,911,150,608,153
5339257931,13111,大田区,35.563541666666666,139.73906250000002,1274,1013,457,423,133
5339257932,13111,大田区,35.563541666666666,139.74218750000003,1267,968,412,423,133
5339257933,13111,大田区,35.565625,139.73906250000002,1303,993,439,422,132
5339257934,13111,大田区,35.565625,139.74218750000003,1036,844,288,422,134
5339257941,13111,大田区,35.563541666666666,139.7453125,1617,1070,511,559,0
5339257942,13111,大田区,35.563541666666666,139.74843750000002,748,744,186,558,0
5339257943,13111,大田区,35.565625,139.7453125,1024,913,355,558,0
5339257944,13111,大田区,35.565625,139.74843750000002,70,566,8,558,0
5339258344,13111,大田区,35.57395833333334,139.6734375,0,332,0,142,190
5339258411,13111,大田区,35.567708333333336,139.67656250000002,0,44,0,44,0
5339258412,13111,大田区,35.567708333333336,139.67968750000003,1483,436,392,44,0
5339258413,13111,大田区,35.56979166666667,139.67656250000002,114,79,34,45,0
5339258414,13111,大田区,35.56979166666667,139.67968750000003,1099,324,280,44,0
5339258421,13111,大田区,35.567708333333336,139.6828125,357,2258,96,2031,131
5339258422,13111,大田区,35.567708333333336,139.68593750000002,1216,2505,341,2032,132
5339258423,13111,大田区,35.56979166666667,139.6828125,987,2447,286,2031,130
5339258424,13111,大田区,35.56979166666667,139.68593750000002,1227,2495,332,2031,132
5339258431,13111,大田区,35.571875000000006,139.67656250000002,1014,819,397,237,185
5339258432,13111,大田区,35.571875000000006,139.67968750000003,1432,1070,648,236,186
5339258433,13111,大田区,35.57395833333334,139.67656250000002,1198,818,396,236,186
5339258434,13111,大田区,35.57395833333334,139.67968750000003,1639,904,484,235,185
5339258441,13111,大田区,35.571875000000006,139.6828125,1212,698,347,351,0
5339258442,13111,大田区,35.571875000000006,139.68593750000002,643,517,168,349,0
5339258443,13111,大田区,35.57395833333334,139.6828125,1039,626,277,349,0
5339258444,13111,大田区,35.57395833333334,139.68593750000002,776,585,235,350,0
5339258511,13111,大田区,35.567708333333336,139.6890625,1745,907,479,428,0
5339258512,13111,大田区,35.567708333333336,139.69218750000002,1201,737,308,429,0
5339258513,13111,大田区,35.56979166666667,139.6890625,1290,773,346,427,0
5339258514,13111,大田区,35.56979166666667,139.69218750000002,1381,872,443,429,0
5339258521,13111,大田区,35.567708333333336,139.6953125,1070,1318,383,671,264
5339258522,13111,大田区,35.567708333333336,139.6984375,1206,1282,349,670,263
5339258523,13111,大田区,35.56979166666667,139.6953125,1001,1228,295,670,263
5339258524,13111,大田区,35.56979166666667,139.6984375,1477,1324,389,671,264
5339258531,13111,大田区,35.571875000000006,139.6890625,1741,913,532,297,84
5339258532,13111,大田区,35.571875000000006,139.69218750000002,1541,774,393,297,84
5339258533,13111,大田区,35.57395833333334,139.6890625,1017,742,361,297,84
5339258534,13111,大田区,35.57395833333334,139.69218750000002,981,669,287,297,85
5339258541,13111,大田区,35.571875000000006,139.6953125,1363,819,360,425,34
5339258542,13111,大田区,35.571875000000006,139.6984375,1346,817,359,424,34
5339258543,13111,大田区,35.57395833333334,139.6953125,878,748,292,423,33
5339258544,13111,大田区,35.57395833333334,139.6984375,1459,868,409,425,34
5339258611,13111,大田区,35.567708333333336,139.7015625,1399,752,419,215,118
5339258612,13111,大田区,35.567708333333336,139.7046875,1668,852,520,216,116
5339258613,13111,大田区,35.56979166666667,139.7015625,1228,702,370,216,116
5339258614,13111,大田区,35.56979166666667,139.7046875,1538,782,449,216,117
5339258621,13111,大田区,35.567708333333336,139.7078125,1215,694,379,191,124
5339258622,13111,大田区,35.567708333333336,139.7109375,1466,755,438,192,125
5339258623,13111,大田区,35.56979166666667,139.7078125,1226,673,360,190,123
5339258624,13111,大田区,35.56979166666667,139.7109375,1301,710,394,192,124
5339258631,13111,大田区,35.571875000000006,139.7015625,1579,1788,473,1315,0
5339258632,13111,大田区,35.571875000000006,139.7046875,1377,1730,414,1316,0
5339258633,13111,大田区,35.57395833333334,139.7015625,1535,1709,395,1314,0
5339258634,13111,大田区,35.57395833333334,139.7046875,1447,1720,405,1315,0
5339258641,13111,大田区,35.571875000000006,139.7078125,1731,985,528,290,167
5339258642,13111,大田区,35.571875000000006,139.7109375,1305,875,419,290,166
5339258643,13111,大田区,35.57395833333334,139.7078125,1523,966,510,290,166
5339258644,13111,大田区,35.57395833333334,139.7109375,1575,1009,553,290,166
5339258711,13111,大田区,35.567708333333336,139.7140625,1428,858,438,305,115
5339258712,13111,大田区,35.567708333333336,139.71718750000002,1363,760,343,304,113
5339258713,13111,大田区,35.56979166666667,139.7140625,1301,788,370,304,114
5339258714,13111,大田区,35.56979166666667,139.71718750000002,1664,946,528,305,113
5339258721,13111,大田区,35.567708333333336,139.7203125,2271,1829,750,1079,0
5339258722,13111,大田区,35.567708333333336,139.72343750000002,1658,1542,465,1077,0
5339258723,13111,大田区,35.56979166666667,139.7203125,1228,1442,364,1078,0
5339258724,13111,大田区,35.56979166666667,139.72343750000002,621,1285,208,1077,0
5339258731,13111,大田区,35.571875000000006,139.7140625,1459,838,434,262,142
5339258732,13111,大田区,35.571875000000006,139.71718750000002,1604,881,476,262,143
5339258733,13111,大田区,35.57395833333334,139.7140625,1287,804,400,262,142
5339258734,13111,大田区,35.57395833333334,139.71718750000002,1458,849,444,262,143
5339258741,13111,大田区,35.571875000000006,139.7203125,1732,1715,613,591,511
5339258742,13111,大田区,35.571875000000006,139.72343750000002,1868,1746,646,591,509
5339258743,13111,大田区,35.57395833333334,139.7203125,1281,1491,390,591,510
5339258744,13111,大田区,35.57395833333334,139.72343750000002,1801,1654,553,591,510
5339258811,13111,大田区,35.567708333333336,139.7265625,1430,892,368,524,0
5339258812,13111,大田区,35.567708333333336,139.7296875,1659,1039,515,524,0
5339258813,13111,大田区,35.56979166666667,139.7265625,1081,886,363,523,0
5339258814,13111,大田区,35.56979166666667,139.7296875,1200,825,301,524,0
5339258821,13111,大田区,35.567708333333336,139.7328125,1429,1036,400,379,257
5339258822,13111,大田区,35.567708333333336,139.7359375,1415,1016,379,380,257
5339258823,13111,大田区,35.56979166666667,139.7328125,1643,1089,453,379,257
5339258824,13111,大田区,35.56979166666667,139.7359375,827,855,218,379,258
5339258831,13111,大田区,35.571875000000006,139.7265625,1274,1275,344,511,420
5339258832,13111,大田区,35.571875000000006,139.7296875,1540,1339,410,509,420
5339258833,13111,大田区,35.57395833333334,139.7265625,1805,1551,622,510,419
5339258834,13111,大田区,35.57395833333334,139.7296875,1315,1343,413,511,419
5339258841,13111,大田区,35.571875000000006,139.7328125,1840,979,470,509,0
5339258842,13111,大田区,35.571875000000006,139.7359375,1386,868,358,510,0
5339258843,13111,大田区,35.57395833333334,139.7328125,1829,988,478,510,0
5339258844,13111,大田区,35.57395833333334,139.7359375,1894,928,419,509,0
5339258911,13111,大田区,35.567708333333336,139.73906250000002,1445,858,419,337,102
5339258912,13111,大田区,35.567708333333336,139.74218750000003,1162,784,346,338,100
5339258913,13111,大田区,35.56979166666667,139.73906250000002,1043,735,298,337,100
5339258914,13111,大田区,35.56979166666667,139.74218750000003,877,757,319,337,101
5339258921,13111,大田区,35.567708333333336,139.7453125,618,403,168,235,0
5339258922,13111,大田区,35.567708333333336,139.74843750000002,0,234,0,234,0
5339258923,13111,大田区,35.56979166666667,139.7453125,660,434,200,234,0
5339258924,13111,大田区,35.56979166666667,139.74843750000002,0,235,0,235,0
5339258931,13111,大田区,35.571875000000006,139.73906250000002,1009,330,251,79,0
5339258932,13111,大田区,35.571875000000006,139.74218750000003,28,84,5,79,0
5339258933,13111,大田区,35.57395833333334,139.73906250000002,385,178,99,79,0
5339258934,13111,大田区,35.57395833333334,139.74218750000003,0,79,0,79,0
5339258941,13111,大田区,35.571875000000006,139.7453125,0,383,0,383,0
5339258942,13111,大田区,35.571875000000006,139.74843750000002,0,383,0,383,0
5339258943,13111,大田区,35.57395833333334,139.7453125,0,384,0,384,0
5339258944,13111,大田区,35.57395833333334,139.74843750000002,0,383,0,383,0
5339259322,13111,大田区,35.57604166666667,139.6734375,30,237,10,59,168
5339259324,13111,大田区,35.578125,139.6734375,182,293,65,60,168
5339259342,13111,大田区,35.58020833333334,139.6734375,1109,442,319,123,0
5339259343,13111,大田区,35.58229166666667,139.6703125,0,123,0,123,0
5339259344,13111,大田区,35.58229166666667,139.6734375,1146,427,304,123,0
5339259411,13111,大田区,35.57604166666667,139.67656250000002,1605,861,469,392,0
5339259412,13111,大田区,35.57604166666667,139.67968750000003,1374,736,343,393,0
5339259413,13111,大田区,35.578125,139.67656250000002,1640,844,453,391,0
5339259414,13111,大田区,35.578125,139.67968750000003,1436,811,419,392,0
5339259421,13111,大田区,35.57604166666667,139.6828125,1051,646,319,162,165
5339259422,13111,大田区,35.57604166666667,139.68593750000002,1076,717,391,160,166
5339259423,13111,大田区,35.578125,139.6828125,1807,916,590,161,165
5339259424,13111,大田区,35.578125,139.68593750000002,1362,734,408,161,165
5339259431,13111,大田区,35.58020833333334,139.67656250000002,1286,1067,398,194,475
5339259432,13111,大田区,35.58020833333334,139.67968750000003,580,840,175,192,473
5339259433,13111,大田区,35.58229166666667,139.67656250000002,514,815,148,193,474
5339259434,13111,大田区,35.58229166666667,139.67968750000003,996,969,303,193,473
5339259441,13111,大田区,35.58020833333334,139.6828125,1059,647,349,298,0
5339259442,13111,大田区,35.58020833333334,139.68593750000002,1097,597,300,297,0
5339259443,13111,大田区,35.58229166666667,139.6828125,1255,682,385,297,0
5339259444,13111,大田区,35.58229166666667,139.68593750000002,896,638,341,297,0
5339259511,13111,大田区,35.57604166666667,139.6890625,1014,526,314,61,151
5339259512,13111,大田区,35.57604166666667,139.69218750000002,838,472,262,60,150
5339259513,13111,大田区,35.578125,139.6890625,907,526,315,60,151
5339259514,13111,大田区,35.578125,139.69218750000002,902,541,331,60,150
5339259521,13111,大田区,35.57604166666667,139.6953125,894,728,323,405,0
5339259522,13111,大田区,35.57604166666667,139.6984375,2020,1038,635,403,0
5339259523,13111,大田区,35.578125,139.6953125,858,681,278,403,0
5339259524,13111,大田区,35.578125,139.6984375,1206,771,366,405,0
5339259531,13111,大田区,35.58020833333334,139.6890625,1312,564,374,190,0
5339259532,13111,大田区,35.58020833333334,139.69218750000002,1017,552,361,191,0
5339259533,13111,大田区,35.58229166666667,139.6890625,878,514,323,191,0
5339259534,13111,大田区,35.58229166666667,139.69218750000002,1045,513,323,190,0
5339259541,13111,大田区,35.58020833333334,139.6953125,873,916,271,476,169
5339259542,13111,大田区,35.58020833333334,139.6984375,1395,1140,497,475,168
5339259543,13111,大田区,35.58229166666667,139.6953125,1015,941,297,475,169
5339259544,13111,大田区,35.58229166666667,139.6984375,1885,1124,481,475,168
5339259611,13111,大田区,35.57604166666667,139.7015625,1263,975,398,401,176
5339259612,13111,大田区,35.57604166666667,139.7046875,874,825,250,400,175
5339259613,13111,大田区,35.578125,139.7015625,1722,1039,465,400,174
5339259614,13111,大田区,35.578125,139.7046875,263,660,83,401,176
5339259621,13111,大田区,35.57604166666667,139.7078125,689,478,193,175,110
5339259622,13111,大田区,35.57604166666667,139.7109375,1256,639,354,176,109
5339259623,13111,大田区,35.578125,139.7078125,121,318,33,175,110
5339259624,13111,大田区,35.578125,139.7109375,1039,684,398,176,110
5339259631,13111,大田区,35.58020833333334,139.7015625,897,552,255,297,0
5339259632,13111,大田区,35.58020833333334,139.7046875,68,303,7,296,0
5339259633,13111,大田区,35.58229166666667,139.7015625,870,487,191,296,0
5339259634,13111,大田区,35.58229166666667,139.7046875,652,471,175,296,0
5339259641,13111,大田区,35.58020833333334,139.7078125,569,248,208,40,0
5339259642,13111,大田区,35.58020833333334,139.7109375,1101,320,280,40,0
5339259643,13111,大田区,35.58229166666667,139.7078125,1489,433,394,39,0
5339259644,13111,大田区,35.58229166666667,139.7109375,1390,455,415,40,0
5339259711,13111,大田区,35.57604166666667,139.7140625,1390,1138,452,598,88
5339259712,13111,大田区,35.57604166666667,139.71718750000002,1613,1159,473,598,88
5339259713,13111,大田区,35.578125,139.7140625,1141,1066,382,597,87
5339259714,13111,大田区,35.578125,139.71718750000002,1098,1063,378,598,87
5339259721,13111,大田区,35.57604166666667,139.7203125,1384,979,440,363,176
5339259722,13111,大田区,35.57604166666667,139.72343750000002,1542,990,452,364,174
5339259723,13111,大田区,35.578125,139.7203125,1200,945,407,363,175
5339259724,13111,大田区,35.578125,139.72343750000002,1692,1096,557,363,176
5339259731,13111,大田区,35.58020833333334,139.7140625,916,641,272,242,127
5339259732,13111,大田区,35.58020833333334,139.71718750000002,1027,700,332,241,127
5339259733,13111,大田区,35.58229166666667,139.7140625,1083,725,357,241,127
5339259734,13111,大田区,35.58229166666667,139.71718750000002,1265,794,425,242,127
5339259741,13111,大田区,35.58020833333334,139.7203125,1419,1044,484,560,0
5339259742,13111,大田区,35.58020833333334,139.72343750000002,1695,1022,462,560,0
5339259743,13111,大田区,35.58229166666667,139.7203125,1087,887,327,560,0
5339259744,13111,大田区,35.58229166666667,139.72343750000002,1364,943,384,559,0
5339259811,13111,大田区,35.57604166666667,139.7265625,916,856,303,385,168
5339259812,13111,大田区,35.57604166666667,139.7296875,1293,939,388,384,167
5339259813,13111,大田区,35.578125,139.7265625,1675,1037,485,384,168
5339259814,13111,大田区,35.578125,139.7296875,1723,996,445,384,167
5339259821,13111,大田区,35.57604166666667,139.7328125,2006,1218,498,586,134
5339259822,13111,大田区,35.57604166666667,139.7359375,1358,1053,335,585,133
5339259823,13111,大田区,35.578125,139.7328125,1548,1078,360,585,133
5339259824,13111,大田区,35.578125,139.7359375,1244,1019,300,586,133
5339259831,13111,大田区,35.58020833333334,139.7265625,1498,829,377,452,0
5339259832,13111,大田区,35.58020833333334,139.7296875,1743,913,462,451,0
5339259833,13111,大田区,35.58229166666667,139.7265625,1699,896,445,451,0
5339259834,13111,大田区,35.58229166666667,139.7296875,1395,859,407,452,0
5339259841,13111,大田区,35.58020833333334,139.7328125,1406,871,326,304,241
5339259842,13111,大田区,35.58020833333334,139.7359375,1575,950,407,303,240
5339259843,13111,大田区,35.58229166666667,139.7328125,1729,1079,536,303,240
5339259844,13111,大田区,35.58229166666667,139.7359375,1413,928,385,303,240
5339259911,13111,大田区,35.57604166666667,139.73906250000002,1589,1111,614,270,227
5339259912,13111,大田区,35.57604166666667,139.74218750000003,732,739,243,270,226
5339259913,13111,大田区,35.578125,139.73906250000002,945,817,321,270,226
5339259914,13111,大田区,35.578125,139.74218750000003,0,495,0,269,226
5339259921,13111,大田区,35.57604166666667,139.7453125,126,1327,15,1312,0
5339259922,13111,大田区,35.57604166666667,139.74843750000002,0,1310,0,1310,0
5339259923,13111,大田区,35.578125,139.7453125,0,1310,0,1310,0
5339259924,13111,大田区,35.578125,139.74843750000002,0,1311,0,1311,0
5339259931,13111,大田区,35.58020833333334,139.73906250000002,1182,1321,409,801,111
5339259932,13111,大田区,35.58020833333334,139.74218750000003,0,911,0,801,110
5339259933,13111,大田区,35.58229166666667,139.73906250000002,163,934,24,800,110
5339259934,13111,大田区,35.58229166666667,139.74218750000003,0,912,0,801,111
5339259941,13111,大田区,35.58020833333334,139.7453125,0,838,0,838,0
5339259942,13111,大田区,35.58020833333334,139.74843750000002,0,836,0,836,0
5339259943,13111,大田区,35.58229166666667,139.7453125,0,837,0,837,0
5339259944,13111,大田区,35.58229166666667,139.74843750000002,0,838,0,838,0
5339264124,13111,大田区,35.53645833333333,139.7734375,0,52,0,52,0
5339264141,13111,大田区,35.53854166666667,139.7703125,0,102,0,102,0
5339264142,13111,大田区,35.53854166666667,139.7734375,0,102,0,102,0
5339264143,13111,大田区,35.540625,139.7703125,0,102,0,102,0
5339264144,13111,大田区,35.540625,139.7734375,0,102,0,102,0
5339264231,13111,大田区,35.53854166666667,139.7765625,0,117,0,117,0
5339264232,13111,大田区,35.53854166666667,139.77968750000002,0,115,0,115,0
5339264233,13111,大田区,35.540625,139.7765625,0,115,0,115,0
5339264234,13111,大田区,35.540625,139.77968750000002,0,117,0,117,0
5339264311,13111,大田区,35.534375,139.7890625,0,539,0,539,0
5339264312,13111,大田区,35.534375,139.7921875,0,539,0,539,0
5339264313,13111,大田区,35.53645833333333,139.7890625,0,539,0,539,0
5339264314,13111,大田区,35.53645833333333,139.7921875,0,540,0,540,0
5339264321,13111,大田区,35.534375,139.7953125,0,53,0,53,0
5339264322,13111,大田区,35.534375,139.7984375,0,52,0,52,0
5339264323,13111,大田区,35.53645833333333,139.7953125,0,52,0,52,0
5339264324,13111,大田区,35.53645833333333,139.7984375,0,52,0,52,0
5339264331,13111,大田区,35.53854166666667,139.7890625,0,341,0,341,0
5339264332,13111,大田区,35.53854166666667,139.7921875,0,339,0,339,0
5339264333,13111,大田区,35.540625,139.7890625,0,339,0,339,0
5339264334,13111,大田区,35.540625,139.7921875,0,339,0,339,0
5339264341,13111,大田区,35.53854166666667,139.7953125,0,109,0,109,0
5339264342,13111,大田区,35.53854166666667,139.7984375,0,109,0,109,0
5339264343,13111,大田区,35.540625,139.7953125,0,108,0,108,0
5339264344,13111,大田区,35.540625,139.7984375,0,108,0,108,0
5339265013,13111,大田区,35.54479166666666,139.7515625,23,11,8,3,0
5339265014,13111,大田区,35.54479166666666,139.75468750000002,0,3,0,3,0
5339265022,13111,大田区,35.54270833333333,139.7609375,0,3,0,3,0
5339265023,13111,大田区,35.54479166666666,139.7578125,0,3,0,3,0
5339265024,13111,大田区,35.54479166666666,139.7609375,0,3,0,3,0
5339265031,13111,大田区,35.546875,139.7515625,835,329,268,61,0
5339265032,13111,大田区,35.546875,139.75468750000002,0,59,0,59,0
5339265033,13111,大田区,35.54895833333333,139.7515625,922,323,264,59,0
5339265034,13111,大田区,35.54895833333333,139.75468750000002,0,60,0,60,0
5339265041,13111,大田区,35.546875,139.7578125,0,110,0,110,0
5339265042,13111,大田区,35.546875,139.7609375,0,111,0,111,0
5339265043,13111,大田区,35.54895833333333,139.7578125,0,110,0,110,0
5339265044,13111,大田区,35.54895833333333,139.7609375,0,111,0,111,0
5339265111,13111,大田区,35.54270833333333,139.7640625,0,52,0,52,0
5339265112,13111,大田区,35.54270833333333,139.7671875,0,52,0,52,0
5339265113,13111,大田区,35.54479166666666,139.7640625,0,52,0,52,0
5339265114,13111,大田区,35.54479166666666,139.7671875,0,52,0,52,0
5339265121,13111,大田区,35.54270833333333,139.7703125,0,851,0,851,0
5339265122,13111,大田区,35.54270833333333,139.7734375,0,850,0,850,0
5339265123,13111,大田区,35.54479166666666,139.7703125,0,850,0,850,0
5339265124,13111,大田区,35.54479166666666,139.7734375,0,849,0,849,0
5339265131,13111,大田区,35.546875,139.7640625,0,16,0,16,0
5339265132,13111,大田区,35.546875,139.7671875,0,16,0,16,0
5339265133,13111,大田区,35.54895833333333,139.7640625,0,17,0,17,0
5339265134,13111,大田区,35.54895833333333,139.7671875,0,16,0,16,0
5339265211,13111,大田区,35.54270833333333,139.7765625,0,47,0,47,0
5339265212,13111,大田区,35.54270833333333,139.77968750000002,0,46,0,46,0
5339265213,13111,大田区,35.54479166666666,139.7765625,0,46,0,46,0
5339265214,13111,大田区,35.54479166666666,139.77968750000002,0,47,0,47,0
5339265241,13111,大田区,35.546875,139.7828125,0,4438,0,4438,0
5339265242,13111,大田区,35.546875,139.78593750000002,0,4437,0,4437,0
5339265243,13111,大田区,35.54895833333333,139.7828125,0,4438,0,4438,0
5339265244,13111,大田区,35.54895833333333,139.78593750000002,0,4437,0,4437,0
5339265311,13111,大田区,35.54270833333333,139.7890625,0,1099,0,1099,0
5339265312,13111,大田区,35.54270833333333,139.7921875,0,1098,0,1098,0
5339265313,13111,大田区,35.54479166666666,139.7890625,0,1099,0,1099,0
5339265314,13111,大田区,35.54479166666666,139.7921875,0,1099,0,1099,0
5339265331,13111,大田区,35.546875,139.7890625,0,6,0,6,0
5339265332,13111,大田区,35.546875,139.7921875,0,6,0,6,0
5339265333,13111,大田区,35.54895833333333,139.7890625,0,5,0,5,0
5339265334,13111,大田区,35.54895833333333,139.7921875,0,6,0,6,0
5339266011,13111,大田区,35.55104166666666,139.7515625,794,1183,47,1136,0
5339266012,13111,大田区,35.55104166666666,139.75468750000002,0,1136,0,1136,0
5339266013,13111,大田区,35.553124999999994,139.7515625,0,1136,0,1136,0
5339266014,13111,大田区,35.553124999999994,139.75468750000002,0,1136,0,1136,0
5339266021,13111,大田区,35.55104166666666,139.7578125,0,17,0,17,0
5339266022,13111,大田区,35.55104166666666,139.7609375,0,16,0,16,0
5339266023,13111,大田区,35.553124999999994,139.7578125,0,15,0,15,0
5339266024,13111,大田区,35.553124999999994,139.7609375,0,16,0,16,0
5339266031,13111,大田区,35.55520833333333,139.7515625,0,1006,0,889,117
5339266032,13111,大田区,35.55520833333333,139.75468750000002,0,1002,0,887,115
5339266033,13111,大田区,35.557291666666664,139.7515625,0,1003,0,888,115
5339266034,13111,大田区,35.557291666666664,139.75468750000002,0,1005,0,889,116
5339266041,13111,大田区,35.55520833333333,139.7578125,0,13,0,13,0
5339266042,13111,大田区,35.55520833333333,139.7609375,0,13,0,13,0
5339266043,13111,大田区,35.557291666666664,139.7578125,0,13,0,13,0
5339266044,13111,大田区,35.557291666666664,139.7609375,0,13,0,13,0
5339266221,13111,大田区,35.55104166666666,139.7828125,0,3772,0,3772,0
5339266222,13111,大田区,35.55104166666666,139.78593750000002,0,3771,0,3771,0
5339266223,13111,大田区,35.553124999999994,139.7828125,0,3771,0,3771,0
5339266224,13111,大田区,35.553124999999994,139.78593750000002,0,3772,0,3772,0
5339266231,13111,大田区,35.55520833333333,139.7765625,0,63,0,63,0
5339266232,13111,大田区,35.55520833333333,139.77968750000002,0,62,0,62,0
5339266233,13111,大田区,35.557291666666664,139.7765625,0,62,0,62,0
5339266234,13111,大田区,35.557291666666664,139.77968750000002,0,64,0,64,0
5339266241,13111,大田区,35.55520833333333,139.7828125,0,121,0,121,0
5339266242,13111,大田区,35.55520833333333,139.78593750000002,0,120,0,120,0
5339266243,13111,大田区,35.557291666666664,139.7828125,0,121,0,121,0
5339266244,13111,大田区,35.557291666666664,139.78593750000002,0,120,0,120,0
5339266311,13111,大田区,35.55104166666666,139.7890625,0,251,0,251,0
5339266312,13111,大田区,35.55104166666666,139.7921875,0,250,0,250,0
5339266313,13111,大田区,35.553124999999994,139.7890625,0,250,0,250,0
5339266314,13111,大田区,35.553124999999994,139.7921875,0,250,0,250,0
5339267011,13111,大田区,35.559374999999996,139.7515625,213,494,214,199,81
5339267012,13111,大田区,35.559374999999996,139.75468750000002,0,280,0,199,81
5339267013,13111,大田区,35.56145833333333,139.7515625,111,329,51,198,80
5339267014,13111,大田区,35.56145833333333,139.75468750000002,0,281,0,199,82
5339267132,13111,大田区,35.563541666666666,139.7671875,0,126,0,126,0
5339267211,13111,大田区,35.559374999999996,139.7765625,0,283,0,283,0
5339267212,13111,大田区,35.559374999999996,139.77968750000002,0,283,0,283,0
5339267213,13111,大田区,35.56145833333333,139.7765625,0,282,0,282,0
5339267214,13111,大田区,35.56145833333333,139.77968750000002,0,283,0,283,0
5339267221,13111,大田区,35.559374999999996,139.7828125,0,38,0,38,0
5339267222,13111,大田区,35.559374999999996,139.78593750000002,0,39,0,39,0
5339267223,13111,大田区,35.56145833333333,139.7828125,0,37,0,37,0
5339267224,13111,大田区,35.56145833333333,139.78593750000002,0,38,0,38,0
5339268022,13111,大田区,35.567708333333336,139.7609375,0,278,0,278,0
5339268024,13111,大田区,35.56979166666667,139.7609375,0,277,0,277,0
5339268031,13111,大田区,35.571875000000006,139.7515625,0,223,0,223,0
5339268032,13111,大田区,35.571875000000006,139.75468750000002,0,222,0,222,0
5339268033,13111,大田区,35.57395833333334,139.7515625,0,222,0,222,0
5339268041,13111,大田区,35.571875000000006,139.7578125,0,163,0,163,0
5339268042,13111,大田区,35.571875000000006,139.7609375,0,161,0,161,0
5339268043,13111,大田区,35.57395833333334,139.7578125,0,162,0,162,0
5339268044,13111,大田区,35.57395833333334,139.7609375,0,161,0,161,0
5339268111,13111,大田区,35.567708333333336,139.7640625,0,502,0,502,0
5339268112,13111,大田区,35.567708333333336,139.7671875,0,501,0,501,0
5339268113,13111,大田区,35.56979166666667,139.7640625,0,500,0,500,0
5339268114,13111,大田区,35.56979166666667,139.7671875,0,502,0,502,0
5339268121,13111,大田区,35.567708333333336,139.7703125,0,8,0,8,0
5339268122,13111,大田区,35.567708333333336,139.7734375,0,7,0,7,0
5339268131,13111,大田区,35.571875000000006,139.7640625,0,352,0,352,0
5339268132,13111,大田区,35.571875000000006,139.7671875,0,351,0,351,0
5339268133,13111,大田区,35.57395833333334,139.7640625,0,352,0,352,0
5339268134,13111,大田区,35.57395833333334,139.7671875,0,352,0,352,0
5339268141,13111,大田区,35.571875000000006,139.7703125,0,43,0,43,0
5339268143,13111,大田区,35.57395833333334,139.7703125,0,42,0,42,0
5339269013,13111,大田区,35.578125,139.7515625,0,61,0,61,0
5339269014,13111,大田区,35.578125,139.75468750000002,0,61,0,61,0
5339269023,13111,大田区,35.578125,139.7578125,0,620,0,620,0
5339269024,13111,大田区,35.578125,139.7609375,0,621,0,621,0
5339269031,13111,大田区,35.58020833333334,139.7515625,0,332,0,332,0
5339269032,13111,大田区,35.58020833333334,139.75468750000002,0,332,0,332,0
5339269034,13111,大田区,35.58229166666667,139.75468750000002,0,333,0,333,0
5339269041,13111,大田区,35.58020833333334,139.7578125,0,761,0,761,0
5339269042,13111,大田区,35.58020833333334,139.7609375,0,762,0,762,0
5339269043,13111,大田区,35.58229166666667,139.7578125,0,760,0,760,0
5339269044,13111,大田区,35.58229166666667,139.7609375,0,762,0,762,0
5339269113,13111,大田区,35.578125,139.7640625,0,26,0,26,0
5339269114,13111,大田区,35.578125,139.7671875,0,27,0,27,0
5339269123,13111,大田区,35.578125,139.7703125,0,9,0,9,0
5339269124,13111,大田区,35.578125,139.7734375,0,10,0,10,0
5339269131,13111,大田区,35.58020833333334,139.7640625,0,133,0,133,0
5339269133,13111,大田区,35.58229166666667,139.7640625,0,132,0,132,0
5339269134,13111,大田区,35.58229166666667,139.7671875,0,133,0,133,0
5339269141,13111,大田区,35.58020833333334,139.7703125,0,173,0,173,0
5339269142,13111,大田区,35.58020833333334,139.7734375,0,174,0,174,0
5339269143,13111,大田区,35.58229166666667,139.7703125,0,172,0,172,0
5339269144,13111,大田区,35.58229166666667,139.7734375,0,174,0,174,0
5339269213,13111,大田区,35.578125,139.7765625,0,55,0,55,0
5339269214,13111,大田区,35.578125,139.77968750000002,0,54,0,54,0
5339269223,13111,大田区,35.578125,139.7828125,0,27,0,27,0
5339269231,13111,大田区,35.58020833333334,139.7765625,0,349,0,349,0
5339269232,13111,大田区,35.58020833333334,139.77968750000002,0,348,0,348,0
5339269233,13111,大田区,35.58229166666667,139.7765625,0,348,0,348,0
5339269234,13111,大田区,35.58229166666667,139.77968750000002,0,350,0,350,0
5339269241,13111,大田区,35.58020833333334,139.7828125,0,233,0,233,0
5339269242,13111,大田区,35.58020833333334,139.78593750000002,0,233,0,233,0
5339269243,13111,大田区,35.58229166666667,139.7828125,0,233,0,233,0
5339343924,13112,世田谷区,35.61145833333333,139.62343750000002,48,20,13,7,0
5339343933,13112,世田谷区,35.615625,139.61406250000002,21,8,8,0,0
5339343934,13112,世田谷区,35.615625,139.61718750000003,0,1,0,1,0
5339343941,13112,世田谷区,35.61354166666667,139.6203125,0,166,0,166,0
5339343942,13112,世田谷区,35.61354166666667,139.62343750000002,483,353,188,165,0
5339343943,13112,世田谷区,35.615625,139.6203125,29,172,8,164,0
5339343944,13112,世田谷区,35.615625,139.62343750000002,1303,529,363,166,0
5339344712,13112,世田谷区,35.61770833333333,139.59218750000002,151,80,76,4,0
5339344714,13112,世田谷区,35.619791666666664,139.59218750000002,0,5,0,5,0
5339344723,13112,世田谷区,35.619791666666664,139.5953125,26,22,9,13,0
5339344724,13112,世田谷区,35.619791666666664,139.59843750000002,177,52,39,13,0
5339344732,13112,世田谷区,35.621875,139.59218750000002,38,75,4,71,0
5339344741,13112,世田谷区,35.621875,139.5953125,455,385,125,260,0
5339344742,13112,世田谷区,35.621875,139.59843750000002,828,425,166,259,0
5339344743,13112,世田谷区,35.623958333333334,139.5953125,847,591,332,259,0
5339344744,13112,世田谷区,35.623958333333334,139.59843750000002,741,456,197,259,0
5339344811,13112,世田谷区,35.61770833333333,139.6015625,0,47,0,47,0
5339344812,13112,世田谷区,35.61770833333333,139.6046875,26,51,6,45,0
5339344813,13112,世田谷区,35.619791666666664,139.6015625,357,145,100,45,0
5339344814,13112,世田谷区,35.619791666666664,139.6046875,806,307,262,45,0
5339344821,13112,世田谷区,35.61770833333333,139.6078125,78,156,28,120,8
5339344822,13112,世田谷区,35.61770833333333,139.6109375,647,277,149,121,7
5339344823,13112,世田谷区,35.619791666666664,139.6078125,625,318,192,119,7
5339344824,13112,世田谷区,35.619791666666664,139.6109375,925,362,234,121,7
5339344831,13112,世田谷区,35.621875,139.6015625,518,266,159,107,0
5339344832,13112,世田谷区,35.621875,139.6046875,753,382,275,107,0
5339344833,13112,世田谷区,35.623958333333334,139.6015625,519,291,184,107,0
5339344834,13112,世田谷区,35.623958333333334,139.6046875,736,388,281,107,0
5339344841,13112,世田谷区,35.621875,139.6078125,613,618,163,205,250
5339344842,13112,世田谷区,35.621875,139.6109375,372,562,108,204,250
5339344843,13112,世田谷区,35.623958333333334,139.6078125,480,648,195,205,248
5339344844,13112,世田谷区,35.623958333333334,139.6109375,714,640,185,205,250
5339344911,13112,世田谷区,35.61770833333333,139.61406250000002,622,424,195,229,0
5339344912,13112,世田谷区,35.61770833333333,139.61718750000003,916,538,308,230,0
5339344913,13112,世田谷区,35.619791666666664,139.61406250000002,728,447,217,230,0
5339344914,13112,世田谷区,35.619791666666664,139.61718750000003,944,546,316,230,0
5339344921,13112,世田谷区,35.61770833333333,139.6203125,685,786,225,383,178
5339344922,13112,世田谷区,35.61770833333333,139.62343750000002,1148,945,387,382,176
5339344923,13112,世田谷区,35.619791666666664,139.6203125,673,814,255,382,177
5339344924,13112,世田谷区,35.619791666666664,139.62343750000002,1219,1094,533,383,178
5339344931,13112,世田谷区,35.621875,139.61406250000002,714,432,204,110,118
5339344932,13112,世田谷区,35.621875,139.61718750000003,630,421,193,110,118
5339344933,13112,世田谷区,35.623958333333334,139.61406250000002,623,378,148,111,119
5339344934,13112,世田谷区,35.623958333333334,139.61718750000003,437,364,136,110,118
5339344941,13112,世田谷区,35.621875,139.6203125,229,646,67,82,497
5339344942,13112,世田谷区,35.621875,139.62343750000002,646,805,226,83,496
5339344943,13112,世田谷区,35.623958333333334,139.6203125,252,668,90,81,497
5339344944,13112,世田谷区,35.623958333333334,139.62343750000002,878,882,303,82,497
5339345721,13112,世田谷区,35.626041666666666,139.5953125,440,237,161,76,0
5339345722,13112,世田谷区,35.626041666666666,139.59843750000002,837,306,230,76,0
5339345723,13112,世田谷区,35.628125,139.5953125,578,278,203,75,0
5339345724,13112,世田谷区,35.628125,139.59843750000002,563,233,156,77,0
5339345734,13112,世田谷区,35.63229166666667,139.59218750000002,815,369,238,131,0
5339345741,13112,世田谷区,35.630208333333336,139.5953125,717,329,212,117,0
5339345742,13112,世田谷区,35.630208333333336,139.59843750000002,547,280,164,116,0
5339345743,13112,世田谷区,35.63229166666667,139.5953125,866,403,287,116,0
5339345744,13112,世田谷区,35.63229166666667,139.59843750000002,306,189,73,116,0
5339345811,13112,世田谷区,35.626041666666666,139.6015625,353,497,89,138,270
5339345812,13112,世田谷区,35.626041666666666,139.6046875,77,437,30,139,268
5339345813,13112,世田谷区,35.628125,139.6015625,655,604,197,138,269
5339345814,13112,世田谷区,35.628125,139.6046875,325,495,87,139,269
5339345821,13112,世田谷区,35.626041666666666,139.6078125,245,107,47,60,0
5339345822,13112,世田谷区,35.626041666666666,139.6109375,351,132,73,59,0
5339345823,13112,世田谷区,35.628125,139.6078125,875,327,268,59,0
5339345824,13112,世田谷区,35.628125,139.6109375,490,244,184,60,0
5339345831,13112,世田谷区,35.630208333333336,139.6015625,246,837,76,238,523
5339345832,13112,世田谷区,35.630208333333336,139.6046875,638,944,182,239,523
5339345833,13112,世田谷区,35.63229166666667,139.6015625,667,967,207,238,522
5339345834,13112,世田谷区,35.63229166666667,139.6046875,497,929,167,239,523
5339345841,13112,世田谷区,35.630208333333336,139.6078125,640,283,214,69,0
5339345842,13112,世田谷区,35.630208333333336,139.6109375,23,78,9,69,0
5339345843,13112,世田谷区,35.63229166666667,139.6078125,432,271,202,69,0
5339345844,13112,世田谷区,35.63229166666667,139.6109375,353,137,67,70,0
5339345911,13112,世田谷区,35.626041666666666,139.61406250000002,663,311,209,102,0
5339345912,13112,世田谷区,35.626041666666666,139.61718750000003,742,313,211,102,0
5339345913,13112,世田谷区,35.628125,139.61406250000002,619,307,204,103,0
5339345914,13112,世田谷区,35.628125,139.61718750000003,478,220,118,102,0
5339345921,13112,世田谷区,35.626041666666666,139.6203125,785,265,227,38,0
5339345922,13112,世田谷区,35.626041666666666,139.62343750000002,665,251,214,37,0
5339345923,13112,世田谷区,35.628125,139.6203125,302,120,83,37,0
5339345924,13112,世田谷区,35.628125,139.62343750000002,401,159,122,37,0
5339345931,13112,世田谷区,35.630208333333336,139.61406250000002,0,38,0,38,0
5339345932,13112,世田谷区,35.630208333333336,139.61718750000003,0,38,0,38,0
5339345933,13112,世田谷区,35.63229166666667,139.61406250000002,630,193,156,37,0
5339345934,13112,世田谷区,35.63229166666667,139.61718750000003,108,54,17,37,0
5339345941,13112,世田谷区,35.630208333333336,139.6203125,0,180,0,180,0
5339345942,13112,世田谷区,35.630208333333336,139.62343750000002,0,181,0,181,0
5339345943,13112,世田谷区,35.63229166666667,139.6203125,33,183,3,180,0
5339345944,13112,世田谷区,35.63229166666667,139.62343750000002,0,180,0,180,0
5339346642,13112,世田谷区,35.63854166666667,139.5859375,957,428,316,112,0
5339346644,13112,世田谷区,35.640625,139.5859375,1022,439,326,113,0
5339346712,13112,世田谷区,35.634375,139.59218750000002,663,900,209,433,258
5339346713,13112,世田谷区,35.63645833333333,139.5890625,801,866,176,433,257
5339346714,13112,世田谷区,35.63645833333333,139.59218750000002,832,934,241,435,258
5339346721,13112,世田谷区,35.634375,139.5953125,446,637,149,192,296
5339346722,13112,世田谷区,35.634375,139.59843750000002,545,692,204,193,295
5339346723,13112,世田谷区,35.63645833333333,139.5953125,490,655,167,193,295
5339346724,13112,世田谷区,35.63645833333333,139.59843750000002,728,738,251,192,295
5339346731,13112,世田谷区,35.63854166666667,139.5890625,264,289,93,196,0
5339346732,13112,世田谷区,35.63854166666667,139.59218750000002,444,338,142,196,0
5339346733,13112,世田谷区,35.640625,139.5890625,395,309,114,195,0
5339346734,13112,世田谷区,35.640625,139.59218750000002,350,299,103,196,0
5339346741,13112,世田谷区,35.63854166666667,139.5953125,452,1254,125,1129,0
5339346742,13112,世田谷区,35.63854166666667,139.59843750000002,580,1328,200,1128,0
5339346743,13112,世田谷区,35.640625,139.5953125,561,1306,178,1128,0
5339346744,13112,世田谷区,35.640625,139.59843750000002,431,1278,149,1129,0
5339346811,13112,世田谷区,35.634375,139.6015625,912,1018,293,223,502
5339346812,13112,世田谷区,35.634375,139.6046875,482,866,143,223,500
5339346813,13112,世田谷区,35.63645833333333,139.6015625,705,986,262,223,501
5339346814,13112,世田谷区,35.63645833333333,139.6046875,242,792,68,223,501
5339346821,13112,世田谷区,35.634375,139.6078125,708,1338,278,279,781
5339346822,13112,世田谷区,35.634375,139.6109375,695,1280,220,278,782
5339346823,13112,世田谷区,35.63645833333333,139.6078125,780,1288,230,278,780
5339346824,13112,世田谷区,35.63645833333333,139.6109375,862,1385,324,279,782
5339346831,13112,世田谷区,35.63854166666667,139.6015625,563,536,178,358,0
5339346832,13112,世田谷区,35.63854166666667,139.6046875,711,597,238,359,0
5339346833,13112,世田谷区,35.640625,139.6015625,703,566,209,357,0
5339346834,13112,世田谷区,35.640625,139.6046875,849,633,275,358,0
5339346841,13112,世田谷区,35.63854166666667,139.6078125,920,484,283,201,0
5339346842,13112,世田谷区,35.63854166666667,139.6109375,1326,542,342,200,0
5339346843,13112,世田谷区,35.640625,139.6078125,1044,513,312,201,0
5339346844,13112,世田谷区,35.640625,139.6109375,1127,491,290,201,0
5339346911,13112,世田谷区,35.634375,139.61406250000002,605,490,148,342,0
5339346912,13112,世田谷区,35.634375,139.61718750000003,1139,673,332,341,0
5339346913,13112,世田谷区,35.63645833333333,139.61406250000002,1382,874,533,341,0
5339346914,13112,世田谷区,35.63645833333333,139.61718750000003,1036,698,357,341,0
5339346921,13112,世田谷区,35.634375,139.6203125,785,577,211,366,0
5339346922,13112,世田谷区,35.634375,139.62343750000002,640,567,202,365,0
5339346923,13112,世田谷区,35.63645833333333,139.6203125,869,617,251,366,0
5339346924,13112,世田谷区,35.63645833333333,139.62343750000002,983,653,288,365,0
5339346931,13112,世田谷区,35.63854166666667,139.61406250000002,1693,556,468,88,0
5339346932,13112,世田谷区,35.63854166666667,139.61718750000003,1214,443,356,87,0
5339346933,13112,世田谷区,35.640625,139.61406250000002,1472,517,429,88,0
5339346934,13112,世田谷区,35.640625,139.61718750000003,972,431,343,88,0
5339346941,13112,世田谷区,35.63854166666667,139.6203125,807,553,346,207,0
5339346942,13112,世田谷区,35.63854166666667,139.62343750000002,631,388,182,206,0
5339346943,13112,世田谷区,35.640625,139.6203125,805,462,256,206,0
5339346944,13112,世田谷区,35.640625,139.62343750000002,883,459,252,207,0
5339347711,13112,世田谷区,35.64270833333333,139.5890625,480,183,163,20,0
5339347712,13112,世田谷区,35.64270833333333,139.59218750000002,552,207,187,20,0
5339347713,13112,世田谷区,35.64479166666666,139.5890625,852,341,322,19,0
5339347714,13112,世田谷区,35.64479166666666,139.59218750000002,732,274,254,20,0
5339347721,13112,世田谷区,35.64270833333333,139.5953125,512,273,159,114,0
5339347722,13112,世田谷区,35.64270833333333,139.59843750000002,475,324,209,115,0
5339347723,13112,世田谷区,35.64479166666666,139.5953125,693,330,216,114,0
5339347724,13112,世田谷区,35.64479166666666,139.59843750000002,462,307,192,115,0
5339347732,13112,世田谷区,35.646875,139.59218750000002,741,388,248,140,0
5339347734,13112,世田谷区,35.64895833333333,139.59218750000002,1045,468,328,140,0
5339347741,13112,世田谷区,35.646875,139.5953125,616,404,222,182,0
5339347742,13112,世田谷区,35.646875,139.59843750000002,669,423,241,182,0
5339347743,13112,世田谷区,35.64895833333333,139.5953125,1677,1050,870,180,0
5339347744,13112,世田谷区,35.64895833333333,139.59843750000002,768,431,249,182,0
5339347811,13112,世田谷区,35.64270833333333,139.6015625,284,2782,121,456,2205
5339347812,13112,世田谷区,35.64270833333333,139.6046875,1218,3093,432,457,2204
5339347813,13112,世田谷区,35.64479166666666,139.6015625,236,2753,92,456,2205
5339347814,13112,世田谷区,35.64479166666666,139.6046875,602,2856,194,457,2205
5339347821,13112,世田谷区,35.64270833333333,139.6078125,946,813,259,554,0
5339347822,13112,世田谷区,35.64270833333333,139.6109375,1059,803,251,552,0
5339347823,13112,世田谷区,35.64479166666666,139.6078125,1069,853,300,553,0
5339347824,13112,世田谷区,35.64479166666666,139.6109375,1077,889,335,554,0
5339347831,13112,世田谷区,35.646875,139.6015625,490,374,164,48,162
5339347832,13112,世田谷区,35.646875,139.6046875,1001,551,341,47,163
5339347833,13112,世田谷区,35.64895833333333,139.6015625,707,427,219,47,161
5339347834,13112,世田谷区,35.64895833333333,139.6046875,904,525,314,48,163
5339347841,13112,世田谷区,35.646875,139.6078125,1080,472,325,147,0
5339347842,13112,世田谷区,35.646875,139.6109375,869,458,310,148,0
5339347843,13112,世田谷区,35.64895833333333,139.6078125,1335,571,424,147,0
5339347844,13112,世田谷区,35.64895833333333,139.6109375,948,556,408,148,0
5339347911,13112,世田谷区,35.64270833333333,139.61406250000002,948,918,265,322,331
5339347912,13112,世田谷区,35.64270833333333,139.61718750000003,1090,966,314,322,330
5339347913,13112,世田谷区,35.64479166666666,139.61406250000002,1248,1036,385,321,330
5339347914,13112,世田谷区,35.64479166666666,139.61718750000003,1913,1244,591,322,331
5339347921,13112,世田谷区,35.64270833333333,139.6203125,1109,637,295,137,205
5339347922,13112,世田谷区,35.64270833333333,139.62343750000002,1212,707,366,137,204
5339347923,13112,世田谷区,35.64479166666666,139.6203125,1156,679,340,136,203
5339347924,13112,世田谷区,35.64479166666666,139.62343750000002,1166,689,346,138,205
5339347931,13112,世田谷区,35.646875,139.61406250000002,1969,699,611,88,0
5339347932,13112,世田谷区,35.646875,139.61718750000003,905,347,259,88,0
5339347933,13112,世田谷区,35.64895833333333,139.61406250000002,796,376,289,87,0
5339347934,13112,世田谷区,35.64895833333333,139.61718750000003,1340,480,391,89,0
5339347941,13112,世田谷区,35.646875,139.6203125,1129,1153,329,824,0
5339347942,13112,世田谷区,35.646875,139.62343750000002,846,1072,247,825,0
5339347943,13112,世田谷区,35.64895833333333,139.6203125,1626,1290,465,825,0
5339347944,13112,世田谷区,35.64895833333333,139.62343750000002,997,1122,298,824,0
5339348712,13112,世田谷区,35.65104166666667,139.59218750000002,1295,583,425,158,0
5339348721,13112,世田谷区,35.65104166666667,139.5953125,270,722,98,157,467
5339348722,13112,世田谷区,35.65104166666667,139.59843750000002,496,770,149,156,465
5339348723,13112,世田谷区,35.653125,139.5953125,1080,889,266,157,466
5339348724,13112,世田谷区,35.653125,139.59843750000002,847,890,269,156,465
5339348734,13112,世田谷区,35.65729166666667,139.59218750000002,1099,645,374,241,30
5339348741,13112,世田谷区,35.65520833333334,139.5953125,740,330,232,98,0
5339348742,13112,世田谷区,35.65520833333334,139.59843750000002,309,197,100,97,0
5339348743,13112,世田谷区,35.65729166666667,139.5953125,815,405,309,96,0
5339348744,13112,世田谷区,35.65729166666667,139.59843750000002,340,198,100,98,0
5339348811,13112,世田谷区,35.65104166666667,139.6015625,585,292,250,42,0
5339348812,13112,世田谷区,35.65104166666667,139.6046875,988,350,308,42,0
5339348813,13112,世田谷区,35.653125,139.6015625,655,236,195,41,0
5339348814,13112,世田谷区,35.653125,139.6046875,873,310,268,42,0
5339348821,13112,世田谷区,35.65104166666667,139.6078125,697,418,248,170,0
5339348822,13112,世田谷区,35.65104166666667,139.6109375,904,503,335,168,0
5339348823,13112,世田谷区,35.653125,139.6078125,837,447,278,169,0
5339348824,13112,世田谷区,35.653125,139.6109375,822,422,253,169,0
5339348831,13112,世田谷区,35.65520833333334,139.6015625,947,585,277,109,199
5339348832,13112,世田谷区,35.65520833333334,139.6046875,1034,579,271,108,200
5339348833,13112,世田谷区,35.65729166666667,139.6015625,909,562,255,108,199
5339348834,13112,世田谷区,35.65729166666667,139.6046875,1154,653,345,109,199
5339348841,13112,世田谷区,35.65520833333334,139.6078125,1135,784,301,223,260
5339348842,13112,世田谷区,35.65520833333334,139.6109375,945,755,274,222,259
5339348843,13112,世田谷区,35.65729166666667,139.6078125,2921,1196,715,222,259
5339348844,13112,世田谷区,35.65729166666667,139.6109375,927,714,231,223,260
5339348911,13112,世田谷区,35.65104166666667,139.61406250000002,864,986,224,437,325
5339348912,13112,世田谷区,35.65104166666667,139.61718750000003,1429,1293,531,438,324
5339348913,13112,世田谷区,35.653125,139.61406250000002,1415,1095,334,437,324
5339348914,13112,世田谷区,35.653125,139.61718750000003,417,867,106,437,324
5339348921,13112,世田谷区,35.65104166666667,139.6203125,974,622,319,145,158
5339348922,13112,世田谷区,35.65104166666667,139.62343750000002,1215,655,353,144,158
5339348923,13112,世田谷区,35.653125,139.6203125,1063,619,318,144,157
5339348924,13112,世田谷区,35.653125,139.62343750000002,1590,753,450,144,159
5339348931,13112,世田谷区,35.65520833333334,139.61406250000002,799,878,167,249,462
5339348932,13112,世田谷区,35.65520833333334,139.61718750000003,1433,1127,416,249,462
5339348933,13112,世田谷区,35.65729166666667,139.61406250000002,1201,959,249,249,461
5339348934,13112,世田谷区,35.65729166666667,139.61718750000003,1600,1375,664,249,462
5339348941,13112,世田谷区,35.65520833333334,139.6203125,932,752,267,280,205
5339348942,13112,世田谷区,35.65520833333334,139.62343750000002,1418,914,430,281,203
5339348943,13112,世田谷区,35.65729166666667,139.6203125,1765,1185,700,281,204
5339348944,13112,世田谷区,35.65729166666667,139.62343750000002,1176,817,331,281,205
5339349712,13112,世田谷区,35.659375000000004,139.59218750000002,910,656,321,139,196
5339349714,13112,世田谷区,35.661458333333336,139.59218750000002,369,468,133,139,196
5339349721,13112,世田谷区,35.659375000000004,139.5953125,698,319,248,71,0
5339349722,13112,世田谷区,35.659375000000004,139.59843750000002,1020,365,294,71,0
5339349723,13112,世田谷区,35.661458333333336,139.5953125,418,289,219,70,0
5339349724,13112,世田谷区,35.661458333333336,139.59843750000002,909,351,281,70,0
5339349731,13112,世田谷区,35.663541666666674,139.5890625,938,845,299,230,316
5339349732,13112,世田谷区,35.663541666666674,139.59218750000002,568,770,228,228,314
5339349734,13112,世田谷区,35.665625000000006,139.59218750000002,1233,931,387,229,315
5339349741,13112,世田谷区,35.663541666666674,139.5953125,633,563,277,82,204
5339349742,13112,世田谷区,35.663541666666674,139.59843750000002,978,584,297,82,205
5339349743,13112,世田谷区,35.665625000000006,139.5953125,452,430,145,81,204
5339349744,13112,世田谷区,35.665625000000006,139.59843750000002,884,532,247,81,204
5339349811,13112,世田谷区,35.659375000000004,139.6015625,1102,519,295,78,146
5339349812,13112,世田谷区,35.659375000000004,139.6046875,423,386,163,78,145
5339349813,13112,世田谷区,35.661458333333336,139.6015625,703,409,187,77,145
5339349814,13112,世田谷区,35.661458333333336,139.6046875,1030,548,325,78,145
5339349821,13112,世田谷区,35.659375000000004,139.6078125,963,547,258,289,0
5339349822,13112,世田谷区,35.659375000000004,139.6109375,1071,550,262,288,0
5339349823,13112,世田谷区,35.661458333333336,139.6078125,1485,709,421,288,0
5339349824,13112,世田谷区,35.661458333333336,139.6109375,470,421,133,288,0
5339349831,13112,世田谷区,35.663541666666674,139.6015625,801,535,287,248,0
5339349832,13112,世田谷区,35.663541666666674,139.6046875,1211,587,340,247,0
5339349833,13112,世田谷区,35.665625000000006,139.6015625,793,457,210,247,0
5339349834,13112,世田谷区,35.665625000000006,139.6046875,1138,509,261,248,0
5339349841,13112,世田谷区,35.663541666666674,139.6078125,1129,1143,388,205,550
5339349842,13112,世田谷区,35.663541666666674,139.6109375,804,987,233,204,550
5339349843,13112,世田谷区,35.665625000000006,139.6078125,1847,1482,727,205,550
5339349844,13112,世田谷区,35.665625000000006,139.6109375,694,1056,302,205,549
5339349911,13112,世田谷区,35.659375000000004,139.61406250000002,963,719,198,316,205
5339349912,13112,世田谷区,35.659375000000004,139.61718750000003,247,597,77,316,204
5339349913,13112,世田谷区,35.661458333333336,139.61406250000002,235,567,48,316,203
5339349914,13112,世田谷区,35.661458333333336,139.61718750000003,417,625,104,316,205
5339349921,13112,世田谷区,35.659375000000004,139.6203125,1174,1082,512,316,254
5339349922,13112,世田谷区,35.659375000000004,139.62343750000002,1148,932,363,316,253
5339349923,13112,世田谷区,35.661458333333336,139.6203125,914,869,301,316,252
5339349924,13112,世田谷区,35.661458333333336,139.62343750000002,1007,871,302,316,253
5339349931,13112,世田谷区,35.663541666666674,139.61406250000002,1433,476,367,109,0
5339349932,13112,世田谷区,35.663541666666674,139.61718750000003,695,339,230,109,0
5339349933,13112,世田谷区,35.665625000000006,139.61406250000002,690,432,324,108,0
5339349934,13112,世田谷区,35.665625000000006,139.61718750000003,832,414,306,108,0
5339349941,13112,世田谷区,35.663541666666674,139.6203125,689,428,267,161,0
5339349942,13112,世田谷区,35.663541666666674,139.62343750000002,994,540,380,160,0
5339349943,13112,世田谷区,35.665625000000006,139.6203125,65,181,21,160,0
5339349944,13112,世田谷区,35.665625000000006,139.62343750000002,772,434,273,161,0
5339350234,13112,世田谷区,35.590625,139.65468750000002,0,23,0,23,0
5339350243,13111,大田区,35.590625,139.6578125,0,2,0,2,0
5339350244,13111,大田区,35.590625,139.66093750000002,0,2,0,2,0
5339350321,13111,大田区,35.584375,139.6703125,266,182,81,101,0
5339350322,13111,大田区,35.584375,139.6734375,1024,365,264,101,0
5339350323,13111,大田区,35.58645833333333,139.6703125,1095,413,313,100,0
5339350324,13111,大田区,35.58645833333333,139.6734375,1613,616,516,100,0
5339350332,13111,大田区,35.58854166666667,139.6671875,141,86,42,44,0
5339350333,13111,大田区,35.590625,139.6640625,54,62,19,43,0
5339350334,13111,大田区,35.590625,139.6671875,326,167,124,43,0
5339350341,13111,大田区,35.58854166666667,139.6703125,511,328,155,173,0
5339350342,13111,大田区,35.58854166666667,139.6734375,1252,584,411,173,0
5339350343,13111,大田区,35.590625,139.6703125,511,345,173,172,0
5339350344,13111,大田区,35.590625,139.6734375,1144,563,390,173,0
5339350411,13111,大田区,35.584375,139.67656250000002,975,414,295,119,0
5339350412,13111,大田区,35.584375,139.67968750000003,1076,402,282,120,0
5339350413,13111,大田区,35.58645833333333,139.67656250000002,1280,499,381,118,0
5339350414,13111,大田区,35.58645833333333,139.67968750000003,1170,415,295,120,0
5339350421,13111,大田区,35.584375,139.6828125,1323,704,356,348,0
5339350422,13111,大田区,35.584375,139.68593750000002,915,668,321,347,0
5339350423,13111,大田区,35.58645833333333,139.6828125,1275,724,377,347,0
5339350424,13111,大田区,35.58645833333333,139.68593750000002,1061,672,324,348,0
5339350431,13111,大田区,35.58854166666667,139.67656250000002,1437,1096,359,614,123
5339350432,13111,大田区,35.58854166666667,139.67968750000003,1267,1107,370,613,124
5339350433,13111,大田区,35.590625,139.67656250000002,853,1007,272,613,122
5339350434,13111,大田区,35.590625,139.67968750000003,1051,1020,283,613,124
5339350441,13111,大田区,35.58854166666667,139.6828125,1105,633,338,157,138
5339350442,13111,大田区,35.58854166666667,139.68593750000002,983,649,355,156,138
5339350443,13111,大田区,35.590625,139.6828125,1565,752,458,157,137
5339350444,13111,大田区,35.590625,139.68593750000002,841,583,290,156,137
5339350511,13111,大田区,35.584375,139.6890625,860,743,283,158,302
5339350512,13111,大田区,35.584375,139.69218750000002,956,795,338,156,301
5339350513,13111,大田区,35.58645833333333,139.6890625,605,631,173,157,301
5339350514,13111,大田区,35.58645833333333,139.69218750000002,1158,781,324,156,301
5339350521,13111,大田区,35.584375,139.6953125,1150,900,327,573,0
5339350522,13111,大田区,35.584375,139.6984375,1741,1221,649,572,0
5339350523,13111,大田区,35.58645833333333,139.6953125,1240,879,307,572,0
5339350524,13111,大田区,35.58645833333333,139.6984375,1518,938,366,572,0
5339350531,13111,大田区,35.58854166666667,139.6890625,874,437,265,73,99
5339350532,13111,大田区,35.58854166666667,139.69218750000002,1343,551,381,72,98
5339350533,13111,大田区,35.590625,139.6890625,1040,443,273,72,98
5339350534,13111,大田区,35.590625,139.69218750000002,1233,520,347,74,99
5339350541,13111,大田区,35.58854166666667,139.6953125,868,726,249,308,169
5339350542,13111,大田区,35.58854166666667,139.6984375,993,768,292,307,169
5339350543,13111,大田区,35.590625,139.6953125,1048,768,293,307,168
5339350544,13111,大田区,35.590625,139.6984375,1269,818,341,308,169
5339350611,13111,大田区,35.584375,139.7015625,1039,907,246,426,235
5339350612,13111,大田区,35.584375,139.7046875,535,784,125,426,233
5339350613,13111,大田区,35.58645833333333,139.7015625,994,924,263,427,234
5339350614,13111,大田区,35.58645833333333,139.7046875,1091,1040,379,426,235
5339350621,13111,大田区,35.584375,139.7078125,1059,593,233,195,165
5339350622,13111,大田区,35.584375,139.7109375,1761,910,550,194,166
5339350623,13111,大田区,35.58645833333333,139.7078125,1344,754,396,193,165
5339350624,13111,大田区,35.58645833333333,139.7109375,845,606,246,195,165
5339350631,13111,大田区,35.58854166666667,139.7015625,969,431,256,175,0
5339350632,13111,大田区,35.58854166666667,139.7046875,1303,518,342,176,0
5339350633,13111,大田区,35.590625,139.7015625,1250,536,360,176,0
5339350634,13111,大田区,35.590625,139.7046875,1401,536,361,175,0
5339350641,13111,大田区,35.58854166666667,139.7078125,1238,1030,314,278,438
5339350642,13111,大田区,35.58854166666667,139.7109375,787,920,206,278,436
5339350643,13111,大田区,35.590625,139.7078125,756,930,217,277,436
5339350644,13111,大田区,35.590625,139.7109375,793,1003,287,278,438
5339350711,13111,大田区,35.584375,139.7140625,1169,542,343,79,120
5339350712,13111,大田区,35.584375,139.71718750000002,980,541,342,79,120
5339350713,13111,大田区,35.58645833333333,139.7140625,1187,564,366,79,119
5339350714,13111,大田区,35.58645833333333,139.71718750000002,980,545,346,79,120
5339350721,13111,大田区,35.584375,139.7203125,1189,594,368,226,0
5339350722,13111,大田区,35.584375,139.72343750000002,1506,619,395,224,0
5339350723,13111,大田区,35.58645833333333,139.7203125,1323,663,438,225,0
5339350724,13111,大田区,35.58645833333333,139.72343750000002,1301,641,415,226,0
5339350731,13111,大田区,35.58854166666667,139.7140625,1256,611,371,138,102
5339350732,13111,大田区,35.58854166666667,139.71718750000002,1042,576,337,138,101
5339350733,13111,大田区,35.590625,139.7140625,981,530,293,137,100
5339350734,13111,大田区,35.590625,139.71718750000002,1189,569,329,138,102
5339350741,13111,大田区,35.58854166666667,139.7203125,1043,449,306,143,0
5339350742,13111,大田区,35.58854166666667,139.72343750000002,1021,442,300,142,0
5339350743,13111,大田区,35.590625,139.7203125,1359,529,386,143,0
5339350744,13111,大田区,35.590625,139.72343750000002,1239,488,346,142,0
5339350811,13111,大田区,35.584375,139.7265625,1378,2518,347,1764,407
5339350812,13111,大田区,35.584375,139.7296875,1277,2443,274,1763,406
5339350813,13111,大田区,35.58645833333333,139.7265625,993,2369,199,1763,407
5339350814,13111,大田区,35.58645833333333,139.7296875,2211,2708,539,1763,406
5339350821,13111,大田区,35.584375,139.7328125,1830,2176,479,1697,0
5339350822,13111,大田区,35.584375,139.7359375,2723,2399,703,1696,0
5339350823,13111,大田区,35.58645833333333,139.7328125,1273,2062,367,1695,0
5339350824,13111,大田区,35.58645833333333,139.7359375,2309,2368,672,1696,0
5339350831,13111,大田区,35.58854166666667,139.7265625,926,5083,260,4799,24
5339350832,13111,大田区,35.58854166666667,139.7296875,298,4927,104,4799,24
5339350833,13111,大田区,35.590625,139.7265625,1141,5175,353,4799,23
5339350834,13109,品川区,35.590625,139.7296875,1873,5453,631,4798,24
5339350841,13109,品川区,35.58854166666667,139.7328125,1485,4597,349,4248,0
5339350842,13109,品川区,35.58854166666667,139.7359375,3619,5398,1151,4247,0
5339350843,13109,品川区,35.590625,139.7328125,2319,4854,607,4247,0
5339350844,13109,品川区,35.590625,139.7359375,2669,4846,598,4248,0
5339350911,13111,大田区,35.584375,139.73906250000002,357,1013,140,873,0
5339350912,13111,大田区,35.584375,139.74218750000003,0,872,0,872,0
5339350913,13111,大田区,35.58645833333333,139.73906250000002,0,871,0,871,0
5339350914,13111,大田区,35.58645833333333,139.74218750000003,0,872,0,872,0
5339350921,13111,大田区,35.584375,139.7453125,73,494,0,494,0
5339350922,13111,大田区,35.584375,139.74843750000002,0,492,0,492,0
5339350923,13111,大田区,35.58645833333333,139.7453125,93,493,0,493,0
5339350924,13111,大田区,35.58645833333333,139.74843750000002,9,494,0,494,0
5339350931,13109,品川区,35.58854166666667,139.73906250000002,0,10,0,10,0
5339350932,13111,大田区,35.58854166666667,139.74218750000003,0,9,0,9,0
5339350933,13109,品川区,35.590625,139.73906250000002,10,12,3,9,0
5339350934,13109,品川区,35.590625,139.74218750000003,0,9,0,9,0
5339350941,13111,大田区,35.58854166666667,139.7453125,0,1,0,1,0
5339351134,13112,世田谷区,35.598958333333336,139.6421875,29,104,8,96,0
5339351142,13112,世田谷区,35.596875000000004,139.6484375,787,544,212,176,156
5339351143,13112,世田谷区,35.598958333333336,139.6453125,322,418,87,176,155
5339351144,13112,世田谷区,35.598958333333336,139.6484375,887,610,277,176,157
5339351211,13112,世田谷区,35.592708333333334,139.6515625,0,111,0,93,18
5339351212,13112,世田谷区,35.592708333333334,139.65468750000002,116,174,66,91,17
5339351213,13112,世田谷区,35.594791666666666,139.6515625,647,281,173,91,17
5339351214,13111,大田区,35.594791666666666,139.65468750000002,942,440,331,92,17
5339351221,13111,大田区,35.592708333333334,139.6578125,734,317,265,52,0
5339351222,13111,大田区,35.592708333333334,139.66093750000002,534,221,171,50,0
5339351223,13111,大田区,35.594791666666666,139.6578125,467,199,149,50,0
5339351224,13111,大田区,35.594791666666666,139.66093750000002,454,218,167,51,0
5339351231,13112,世田谷区,35.596875000000004,139.6515625,1035,1355,319,361,675
5339351232,13111,大田区,35.596875000000004,139.65468750000002,1066,1389,352,362,675
5339351233,13112,世田谷区,35.598958333333336,139.6515625,368,1154,117,361,676
5339351234,13112,世田谷区,35.598958333333336,139.65468750000002,714,1290,254,361,675
5339351241,13111,大田区,35.596875000000004,139.6578125,545,431,162,60,209
5339351242,13111,大田区,35.596875000000004,139.66093750000002,473,434,167,59,208
5339351243,13111,大田区,35.598958333333336,139.6578125,371,383,115,59,209
5339351244,13111,大田区,35.598958333333336,139.66093750000002,470,432,162,61,209
5339351311,13111,大田区,35.592708333333334,139.6640625,331,303,111,46,146
5339351312,13111,大田区,35.592708333333334,139.6671875,349,303,112,45,146
5339351313,13111,大田区,35.594791666666666,139.6640625,311,290,100,45,145
5339351314,13111,大田区,35.594791666666666,139.6671875,211,256,65,45,146
5339351321,13111,大田区,35.592708333333334,139.6703125,781,706,263,153,290
5339351322,13111,大田区,35.592708333333334,139.6734375,853,734,292,152,290
5339351323,13111,大田区,35.594791666666666,139.6703125,750,715,272,153,290
5339351324,13111,大田区,35.594791666666666,139.6734375,847,700,257,152,291
5339351331,13111,大田区,35.596875000000004,139.6640625,364,475,119,356,0
5339351332,13111,大田区,35.596875000000004,139.6671875,311,468,112,356,0
5339351333,13111,大田区,35.598958333333336,139.6640625,341,472,117,355,0
5339351334,13112,世田谷区,35.598958333333336,139.6671875,492,530,175,355,0
5339351341,13111,大田区,35.596875000000004,139.6703125,966,856,299,202,355
5339351342,13112,世田谷区,35.596875000000004,139.6734375,958,858,302,200,356
5339351343,13112,世田谷区,35.598958333333336,139.6703125,1039,846,290,201,355
5339351344,13112,世田谷区,35.598958333333336,139.6734375,1203,932,375,202,355
5339351411,13112,世田谷区,35.592708333333334,139.67656250000002,1125,1018,348,670,0
5339351412,13111,大田区,35.592708333333334,139.67968750000003,1265,1084,414,670,0
5339351413,13112,世田谷区,35.594791666666666,139.67656250000002,998,1003,333,670,0
5339351414,13112,世田谷区,35.594791666666666,139.67968750000003,1058,1026,356,670,0
5339351421,13111,大田区,35.592708333333334,139.6828125,1324,867,359,335,173
5339351422,13111,大田区,35.592708333333334,139.68593750000002,1269,859,354,334,171
5339351423,13111,大田区,35.594791666666666,139.6828125,1820,1000,493,335,172
5339351424,13111,大田区,35.594791666666666,139.68593750000002,1815,954,447,335,172
5339351431,13112,世田谷区,35.596875000000004,139.67656250000002,1050,629,344,93,192
5339351432,13112,世田谷区,35.596875000000004,139.67968750000003,1251,696,413,93,190
5339351433,13112,世田谷区,35.598958333333336,139.67656250000002,1077,626,341,94,191
5339351434,13112,世田谷区,35.598958333333336,139.67968750000003,1183,662,377,93,192
5339351441,13111,大田区,35.596875000000004,139.6828125,1577,1100,478,284,338
5339351442,13111,大田区,35.596875000000004,139.68593750000002,1479,999,379,283,337
5339351443,13111,大田区,35.598958333333336,139.6828125,1282,1040,420,283,337
5339351444,13111,大田区,35.598958333333336,139.68593750000002,1034,915,294,283,338
5339351511,13111,大田区,35.592708333333334,139.6890625,1565,880,476,404,0
5339351512,13111,大田区,35.592708333333334,139.69218750000002,997,720,317,403,0
5339351513,13111,大田区,35.594791666666666,139.6890625,1328,801,397,404,0
5339351514,13111,大田区,35.594791666666666,139.69218750000002,824,639,236,403,0
5339351521,13111,大田区,35.592708333333334,139.6953125,1833,997,490,241,266
5339351522,13111,大田区,35.592708333333334,139.6984375,1472,941,435,240,266
5339351523,13111,大田区,35.594791666666666,139.6953125,1249,887,381,241,265
5339351524,13111,大田区,35.594791666666666,139.6984375,1287,858,351,241,266
5339351531,13111,大田区,35.596875000000004,139.6890625,1114,562,341,221,0
5339351532,13111,大田区,35.596875000000004,139.69218750000002,1143,562,343,219,0
5339351533,13111,大田区,35.598958333333336,139.6890625,977,513,293,220,0
5339351534,13111,大田区,35.598958333333336,139.69218750000002,1532,619,399,220,0
5339351541,13111,大田区,35.596875000000004,139.6953125,1109,561,312,90,159
5339351542,13111,大田区,35.596875000000004,139.6984375,1182,592,344,89,159
5339351543,13111,大田区,35.598958333333336,139.6953125,940,557,309,90,158
5339351544,13111,大田区,35.598958333333336,139.6984375,953,553,305,89,159
5339351611,13111,大田区,35.592708333333334,139.7015625,1844,1027,487,293,247
5339351612,13111,大田区,35.592708333333334,139.7046875,1095,849,308,293,248
5339351613,13111,大田区,35.594791666666666,139.7015625,1544,1084,544,293,247
5339351614,13111,大田区,35.594791666666666,139.7046875,1594,970,429,293,248
5339351621,13111,大田区,35.592708333333334,139.7078125,1255,533,272,261,0
5339351622,13111,大田区,35.592708333333334,139.7109375,1115,577,317,260,0
5339351623,13111,大田区,35.594791666666666,139.7078125,1648,684,425,259,0
5339351624,13111,大田区,35.594791666666666,139.7109375,1352,593,333,260,0
5339351631,13111,大田区,35.596875000000004,139.7015625,1565,1264,413,851,0
5339351632,13111,大田区,35.596875000000004,139.7046875,1891,1402,552,850,0
5339351633,13111,大田区,35.598958333333336,139.7015625,1370,1279,429,850,0
5339351634,13111,大田区,35.598958333333336,139.7046875,1489,1300,451,849,0
5339351641,13111,大田区,35.596875000000004,139.7078125,1454,853,358,333,162
5339351642,13111,大田区,35.596875000000004,139.7109375,964,742,246,333,163
5339351643,13111,大田区,35.598958333333336,139.7078125,1144,833,340,332,161
5339351644,13111,大田区,35.598958333333336,139.7109375,1316,830,335,332,163
5339351711,13111,大田区,35.592708333333334,139.7140625,1043,561,291,270,0
5339351712,13111,大田区,35.592708333333334,139.71718750000002,1269,604,336,268,0
5339351713,13111,大田区,35.594791666666666,139.7140625,1280,590,321,269,0
5339351714,13111,大田区,35.594791666666666,139.71718750000002,1394,697,427,270,0
5339351721,13109,品川区,35.592708333333334,139.7203125,1495,612,431,181,0
5339351722,13111,大田区,35.592708333333334,139.72343750000002,1184,552,372,180,0
5339351723,13109,品川区,35.594791666666666,139.7203125,1304,585,405,180,0
5339351724,13109,品川区,35.594791666666666,139.72343750000002,1495,626,445,181,0
5339351731,13111,大田区,35.596875000000004,139.7140625,1292,804,388,213,203
5339351732,13109,品川区,35.596875000000004,139.71718750000002,1483,842,427,214,201
5339351733,13111,大田区,35.598958333333336,139.7140625,1598,873,458,213,202
5339351734,13109,品川区,35.598958333333336,139.71718750000002,1686,901,485,213,203
5339351741,13109,品川区,35.596875000000004,139.7203125,1290,571,368,203,0
5339351742,13109,品川区,35.596875000000004,139.72343750000002,1455,675,473,202,0
5339351743,13109,品川区,35.598958333333336,139.7203125,1594,682,481,201,0
5339351744,13109,品川区,35.598958333333336,139.72343750000002,1680,805,603,202,0
5339351811,13111,大田区,35.592708333333334,139.7265625,1135,688,385,154,149
5339351812,13109,品川区,35.592708333333334,139.7296875,1261,572,269,153,150
5339351813,13109,品川区,35.594791666666666,139.7265625,1483,731,430,153,148
5339351814,13109,品川区,35.594791666666666,139.7296875,1208,687,384,153,150
5339351821,13109,品川区,35.592708333333334,139.7328125,1930,1517,517,864,136
5339351822,13109,品川区,35.592708333333334,139.7359375,1431,1297,296,864,137
5339351823,13109,品川区,35.594791666666666,139.7328125,1798,1497,498,864,135
5339351824,13109,品川区,35.594791666666666,139.7359375,1728,1384,385,863,136
5339351831,13109,品川区,35.596875000000004,139.7265625,1509,910,477,283,150
5339351832,13109,品川区,35.596875000000004,139.7296875,1557,975,543,283,149
5339351833,13109,品川区,35.598958333333336,139.7265625,1664,978,546,283,149
5339351834,13109,品川区,35.598958333333336,139.7296875,1437,788,356,283,149
5339351841,13109,品川区,35.596875000000004,139.7328125,1824,950,574,220,156
5339351842,13109,品川区,35.596875000000004,139.7359375,1756,858,484,219,155
5339351843,13109,品川区,35.598958333333336,139.7328125,1313,761,385,220,156
5339351844,13109,品川区,35.598958333333336,139.7359375,1637,844,469,220,155
5339351911,13109,品川区,35.592708333333334,139.73906250000002,148,302,45,152,105
5339351912,13109,品川区,35.592708333333334,139.74218750000003,17,256,0,152,104
5339351913,13109,品川区,35.594791666666666,139.73906250000002,1614,765,511,151,103
5339351914,13109,品川区,35.594791666666666,139.74218750000003,0,257,0,152,105
5339351921,13109,品川区,35.592708333333334,139.7453125,0,77,0,77,0
5339351923,13109,品川区,35.594791666666666,139.7453125,187,96,18,78,0
5339351931,13109,品川区,35.596875000000004,139.73906250000002,1471,689,392,297,0
5339351932,13109,品川区,35.596875000000004,139.74218750000003,1580,764,468,296,0
5339351933,13109,品川区,35.598958333333336,139.73906250000002,1815,789,493,296,0
5339351934,13109,品川区,35.598958333333336,139.74218750000003,493,414,118,296,0
5339351941,13109,品川区,35.596875000000004,139.7453125,826,840,220,620,0
5339351943,13109,品川区,35.598958333333336,139.7453125,1878,1159,540,619,0
5339352041,13112,世田谷区,35.60520833333334,139.6328125,0,108,0,46,62
5339352042,13112,世田谷区,35.60520833333334,139.6359375,943,415,309,45,61
5339352043,13112,世田谷区,35.60729166666667,139.6328125,20,111,6,44,61
5339352044,13112,世田谷区,35.60729166666667,139.6359375,698,335,227,45,63
5339352111,13112,世田谷区,35.60104166666667,139.6390625,25,139,9,130,0
5339352112,13112,世田谷区,35.60104166666667,139.6421875,545,313,182,131,0
5339352113,13112,世田谷区,35.603125,139.6390625,920,386,257,129,0
5339352114,13112,世田谷区,35.603125,139.6421875,665,331,200,131,0
5339352121,13112,世田谷区,35.60104166666667,139.6453125,636,242,163,79,0
5339352122,13112,世田谷区,35.60104166666667,139.6484375,757,348,269,79,0
5339352123,13112,世田谷区,35.603125,139.6453125,435,225,145,80,0
5339352124,13112,世田谷区,35.603125,139.6484375,646,337,258,79,0
5339352131,13112,世田谷区,35.60520833333334,139.6390625,528,176,134,42,0
5339352132,13112,世田谷区,35.60520833333334,139.6421875,189,76,35,41,0
5339352133,13112,世田谷区,35.60729166666667,139.6390625,589,203,162,41,0
5339352134,13112,世田谷区,35.60729166666667,139.6421875,577,224,182,42,0
5339352141,13112,世田谷区,35.60520833333334,139.6453125,382,385,120,265,0
5339352142,13112,世田谷区,35.60520833333334,139.6484375,703,486,221,265,0
5339352143,13112,世田谷区,35.60729166666667,139.6453125,570,463,199,264,0
5339352144,13112,世田谷区,35.60729166666667,139.6484375,1069,557,292,265,0
5339352211,13112,世田谷区,35.60104166666667,139.6515625,760,404,249,155,0
5339352212,13112,世田谷区,35.60104166666667,139.65468750000002,582,357,202,155,0
5339352213,13112,世田谷区,35.603125,139.6515625,797,405,251,154,0
5339352214,13112,世田谷区,35.603125,139.65468750000002,835,394,238,156,0
5339352221,13112,世田谷区,35.60104166666667,139.6578125,633,573,180,199,194
5339352222,13112,世田谷区,35.60104166666667,139.66093750000002,534,553,158,200,195
5339352223,13112,世田谷区,35.603125,139.6578125,926,715,320,200,195
5339352224,13112,世田谷区,35.603125,139.66093750000002,905,676,283,199,194
5339352231,13112,世田谷区,35.60520833333334,139.6515625,926,1239,281,582,376
5339352232,13112,世田谷区,35.60520833333334,139.65468750000002,801,1174,216,582,376
5339352233,13112,世田谷区,35.60729166666667,139.6515625,1309,1328,372,581,375
5339352234,13112,世田谷区,35.60729166666667,139.65468750000002,1225,1289,331,582,376
5339352241,13112,世田谷区,35.60520833333334,139.6578125,1157,509,347,162,0
5339352242,13112,世田谷区,35.60520833333334,139.66093750000002,976,455,294,161,0
5339352243,13112,世田谷区,35.60729166666667,139.6578125,1010,452,291,161,0
5339352244,13112,世田谷区,35.60729166666667,139.66093750000002,489,337,176,161,0
5339352311,13112,世田谷区,35.60104166666667,139.6640625,666,610,188,252,170
5339352312,13112,世田谷区,35.60104166666667,139.6671875,637,611,192,251,168
5339352313,13112,世田谷区,35.603125,139.6640625,769,663,243,251,169
5339352314,13112,世田谷区,35.603125,139.6671875,786,665,246,251,168
5339352321,13112,世田谷区,35.60104166666667,139.6703125,1134,664,313,351,0
5339352322,13112,世田谷区,35.60104166666667,139.6734375,1237,749,399,350,0
5339352323,13112,世田谷区,35.603125,139.6703125,1077,645,296,349,0
5339352324,13112,世田谷区,35.603125,139.6734375,1499,845,495,350,0
5339352331,13112,世田谷区,35.60520833333334,139.6640625,1227,1992,348,1334,310
5339352332,13112,世田谷区,35.60520833333334,139.6671875,935,1907,263,1335,309
5339352333,13112,世田谷区,35.60729166666667,139.6640625,872,1924,282,1333,309
5339352334,13110,目黒区,35.60729166666667,139.6671875,270,1718,74,1334,310
5339352341,13112,世田谷区,35.60520833333334,139.6703125,986,1463,259,1204,0
5339352342,13112,世田谷区,35.60520833333334,139.6734375,1021,1483,279,1204,0
5339352343,13110,目黒区,35.60729166666667,139.6703125,674,1354,150,1204,0
5339352344,13112,世田谷区,35.60729166666667,139.6734375,908,1519,315,1204,0
5339352411,13112,世田谷区,35.60104166666667,139.67656250000002,1055,560,346,103,111
5339352412,13112,世田谷区,35.60104166666667,139.67968750000003,1009,519,307,103,109
5339352413,13112,世田谷区,35.603125,139.67656250000002,1236,584,373,102,109
5339352414,13112,世田谷区,35.603125,139.67968750000003,999,575,361,103,111
5339352421,13111,大田区,35.60104166666667,139.6828125,907,353,288,65,0
5339352422,13111,大田区,35.60104166666667,139.68593750000002,1065,393,329,64,0
5339352423,13111,大田区,35.603125,139.6828125,610,316,252,64,0
5339352424,13111,大田区,35.603125,139.68593750000002,1139,404,340,64,0
5339352431,13112,世田谷区,35.60520833333334,139.67656250000002,1073,456,316,140,0
5339352432,13110,目黒区,35.60520833333334,139.67968750000003,853,401,263,138,0
5339352433,13112,世田谷区,35.60729166666667,139.67656250000002,1094,480,341,139,0
5339352434,13110,目黒区,35.60729166666667,139.67968750000003,411,254,116,138,0
5339352441,13111,大田区,35.60520833333334,139.6828125,0,3259,0,1192,2067
5339352442,13111,大田区,35.60520833333334,139.68593750000002,1318,3613,356,1191,2066
5339352443,13110,目黒区,35.60729166666667,139.6828125,526,3399,142,1191,2066
5339352444,13111,大田区,35.60729166666667,139.68593750000002,1065,3627,368,1192,2067
5339352511,13111,大田区,35.60104166666667,139.6890625,644,455,223,108,124
5339352512,13111,大田区,35.60104166666667,139.69218750000002,301,321,88,108,125
5339352513,13111,大田区,35.603125,139.6890625,463,388,155,109,124
5339352514,13111,大田区,35.603125,139.69218750000002,728,469,237,108,124
5339352521,13111,大田区,35.60104166666667,139.6953125,1291,851,357,494,0
5339352522,13111,大田区,35.60104166666667,139.6984375,1092,762,269,493,0
5339352523,13111,大田区,35.603125,139.6953125,1208,883,389,494,0
5339352524,13111,大田区,35.603125,139.6984375,1309,871,377,494,0
5339352531,13111,大田区,35.60520833333334,139.6890625,1119,620,352,163,105
5339352532,13111,大田区,35.60520833333334,139.69218750000002,1080,644,377,164,103
5339352533,13111,大田区,35.60729166666667,139.6890625,1064,603,338,162,103
5339352534,13111,大田区,35.60729166666667,139.69218750000002,1334,683,415,164,104
5339352541,13111,大田区,35.60520833333334,139.6953125,1395,710,431,279,0
5339352542,13109,品川区,35.60520833333334,139.6984375,1375,677,399,278,0
5339352543,13111,大田区,35.60729166666667,139.6953125,1406,691,414,277,0
5339352544,13109,品川区,35.60729166666667,139.6984375,1016,538,260,278,0
5339352611,13111,大田区,35.60104166666667,139.7015625,1550,970,458,308,204
5339352612,13111,大田区,35.60104166666667,139.7046875,1360,917,405,308,204
5339352613,13109,品川区,35.603125,139.7015625,1435,920,409,307,204
5339352614,13109,品川区,35.603125,139.7046875,1817,1028,517,308,203
5339352621,13109,品川区,35.60104166666667,139.7078125,1682,1120,465,547,108
5339352622,13109,品川区,35.60104166666667,139.7109375,1933,1245,592,546,107
5339352623,13109,品川区,35.603125,139.7078125,1397,1000,347,546,107
5339352624,13109,品川区,35.603125,139.7109375,1715,1130,476,547,107
5339352631,13109,品川区,35.60520833333334,139.7015625,1927,1753,529,616,608
5339352632,13109,品川区,35.60520833333334,139.7046875,1154,1529,306,616,607
5339352633,13109,品川区,35.60729166666667,139.7015625,877,1461,239,615,607
5339352634,13109,品川区,35.60729166666667,139.7046875,1300,1537,313,616,608
5339352641,13109,品川区,35.60520833333334,139.7078125,1302,752,377,344,31
5339352642,13109,品川区,35.60520833333334,139.7109375,1488,833,459,343,31
5339352643,13109,品川区,35.60729166666667,139.7078125,1893,947,574,343,30
5339352644,13109,品川区,35.60729166666667,139.7109375,1646,844,469,344,31
5339352711,13109,品川区,35.60104166666667,139.7140625,1613,1096,376,410,310
5339352712,13109,品川区,35.60104166666667,139.71718750000002,1792,1265,545,410,310
5339352713,13109,品川区,35.603125,139.7140625,1438,1074,355,409,310
5339352714,13109,品川区,35.603125,139.71718750000002,1523,1244,524,410,310
5339352721,13109,品川区,35.60104166666667,139.7203125,1350,827,391,436,0
5339352722,13109,品川区,35.60104166666667,139.72343750000002,1939,976,542,434,0
5339352723,13109,品川区,35.603125,139.7203125,1783,962,527,435,0
5339352724,13109,品川区,35.603125,139.72343750000002,951,676,242,434,0
5339352731,13109,品川区,35.60520833333334,139.7140625,1585,959,422,448,89
5339352732,13109,品川区,35.60520833333334,139.71718750000002,1659,1024,491,446,87
5339352733,13109,品川区,35.60729166666667,139.7140625,1545,968,435,446,87
5339352734,13109,品川区,35.60729166666667,139.71718750000002,1619,988,453,448,87
5339352741,13109,品川区,35.60520833333334,139.7203125,1688,903,599,304,0
5339352742,13109,品川区,35.60520833333334,139.72343750000002,1031,634,330,304,0
5339352743,13109,品川区,35.60729166666667,139.7203125,1622,848,544,304,0
5339352744,13109,品川区,35.60729166666667,139.72343750000002,1162,652,348,304,0
5339352811,13109,品川区,35.60104166666667,139.7265625,1208,1371,336,421,614
5339352812,13109,品川区,35.60104166666667,139.7296875,2574,1649,614,421,614
5339352813,13109,品川区,35.603125,139.7265625,1122,1363,330,420,613
5339352814,13109,品川区,35.603125,139.7296875,2106,1561,527,420,614
5339352821,13109,品川区,35.60104166666667,139.7328125,1313,1157,404,750,3
5339352822,13109,品川区,35.60104166666667,139.7359375,1487,1145,394,749,2
5339352823,13109,品川区,35.603125,139.7328125,1789,1147,395,750,2
5339352824,13109,品川区,35.603125,139.7359375,1241,1087,336,749,2
5339352831,13109,品川区,35.60520833333334,139.7265625,1669,1950,481,1225,244
5339352832,13109,品川区,35.60520833333334,139.7296875,2312,2198,730,1225,243
5339352833,13109,品川区,35.60729166666667,139.7265625,1503,1992,524,1225,243
5339352834,13109,品川区,35.60729166666667,139.7296875,1990,1990,522,1225,243
5339352841,13109,品川区,35.60520833333334,139.7328125,1397,4016,340,3602,74
5339352842,13109,品川区,35.60520833333334,139.7359375,1028,3961,286,3602,73
5339352843,13109,品川区,35.60729166666667,139.7328125,719,3861,186,3602,73
5339352844,13109,品川区,35.60729166666667,139.7359375,999,3910,234,3601,75
5339352911,13109,品川区,35.60104166666667,139.73906250000002,1418,1302,380,682,240
5339352912,13109,品川区,35.60104166666667,139.74218750000003,570,1059,138,680,241
5339352913,13109,品川区,35.603125,139.73906250000002,1206,1237,316,680,241
5339352914,13109,品川区,35.603125,139.74218750000003,1361,1252,331,680,241
5339352921,13109,品川区,35.60104166666667,139.7453125,764,2755,239,2516,0
5339352923,13109,品川区,35.603125,139.7453125,531,2673,158,2515,0
5339352924,13109,品川区,35.603125,139.74843750000002,0,2515,0,2515,0
5339352931,13109,品川区,35.60520833333334,139.73906250000002,1821,1152,464,571,117
5339352932,13109,品川区,35.60520833333334,139.74218750000003,1367,1036,348,571,117
5339352933,13109,品川区,35.60729166666667,139.73906250000002,2849,1453,767,570,116
5339352934,13109,品川区,35.60729166666667,139.74218750000003,1611,1113,426,571,116
5339352941,13109,品川区,35.60520833333334,139.7453125,1316,2005,333,1151,521
5339352942,13109,品川区,35.60520833333334,139.74843750000002,1463,2199,528,1151,520
5339352943,13109,品川区,35.60729166666667,139.7453125,1122,1982,312,1151,519
5339352944,13109,品川区,35.60729166666667,139.74843750000002,2677,2447,775,1151,521
5339353011,13112,世田谷区,35.609375,139.6265625,52,3985,16,3969,0
5339353012,13112,世田谷区,35.609375,139.62968750000002,1135,4323,355,3968,0
5339353013,13112,世田谷区,35.61145833333333,139.6265625,964,4291,324,3967,0
5339353014,13112,世田谷区,35.61145833333333,139.62968750000002,139,4010,42,3968,0
5339353021,13112,世田谷区,35.609375,139.6328125,1226,654,416,238,0
5339353022,13112,世田谷区,35.609375,139.6359375,993,532,295,237,0
5339353023,13112,世田谷区,35.61145833333333,139.6328125,909,508,271,237,0
5339353024,13112,世田谷区,35.61145833333333,139.6359375,254,326,89,237,0
5339353031,13112,世田谷区,35.61354166666667,139.6265625,142,2004,46,1790,168
5339353032,13112,世田谷区,35.61354166666667,139.62968750000002,848,2233,276,1790,167
5339353033,13112,世田谷区,35.615625,139.6265625,528,2121,164,1790,167
5339353034,13112,世田谷区,35.615625,139.62968750000002,901,2243,286,1790,167
5339353041,13112,世田谷区,35.61354166666667,139.6328125,446,641,140,177,324
5339353042,13112,世田谷区,35.61354166666667,139.6359375,820,812,313,176,323
5339353043,13112,世田谷区,35.615625,139.6328125,662,721,221,177,323
5339353044,13112,世田谷区,35.615625,139.6359375,961,766,267,176,323
5339353111,13112,世田谷区,35.609375,139.6390625,797,741,252,223,266
5339353112,13112,世田谷区,35.609375,139.6421875,805,735,247,222,266
5339353113,13112,世田谷区,35.61145833333333,139.6390625,805,711,224,221,266
5339353114,13112,世田谷区,35.61145833333333,139.6421875,687,665,176,223,266
5339353121,13112,世田谷区,35.609375,139.6453125,842,615,229,386,0
5339353122,13112,世田谷区,35.609375,139.6484375,574,545,158,387,0
5339353123,13112,世田谷区,35.61145833333333,139.6453125,702,602,216,386,0
5339353124,13112,世田谷区,35.61145833333333,139.6484375,920,698,312,386,0
5339353131,13112,世田谷区,35.61354166666667,139.6390625,1464,676,440,236,0
5339353132,13112,世田谷区,35.61354166666667,139.6421875,1065,570,335,235,0
5339353133,13112,世田谷区,35.615625,139.6390625,1412,712,477,235,0
5339353134,13112,世田谷区,35.615625,139.6421875,869,504,269,235,0
5339353141,13112,世田谷区,35.61354166666667,139.6453125,783,582,215,352,15
5339353142,13112,世田谷区,35.61354166666667,139.6484375,1032,645,279,352,14
5339353143,13112,世田谷区,35.615625,139.6453125,883,617,252,351,14
5339353144,13112,世田谷区,35.615625,139.6484375,1023,706,340,352,14
5339353211,13112,世田谷区,35.609375,139.6515625,898,498,263,235,0
5339353212,13112,世田谷区,35.609375,139.65468750000002,837,509,276,233,0
5339353213,13112,世田谷区,35.61145833333333,139.6515625,799,486,252,234,0
5339353214,13112,世田谷区,35.61145833333333,139.65468750000002,924,532,297,235,0
5339353221,13112,世田谷区,35.609375,139.6578125,826,508,260,105,143
5339353222,13112,世田谷区,35.609375,139.66093750000002,400,389,142,106,141
5339353223,13112,世田谷区,35.61145833333333,139.6578125,1188,578,331,105,142
5339353224,13112,世田谷区,35.61145833333333,139.66093750000002,863,507,261,105,141
5339353231,13112,世田谷区,35.61354166666667,139.6515625,693,1074,194,170,710
5339353232,13112,世田谷区,35.61354166666667,139.65468750000002,1272,1233,353,169,711
5339353233,13112,世田谷区,35.615625,139.6515625,1029,1204,325,170,709
5339353234,13112,世田谷区,35.615625,139.65468750000002,927,1125,245,170,710
5339353241,13112,世田谷区,35.61354166666667,139.6578125,1241,1870,388,460,1022
5339353242,13112,世田谷区,35.61354166666667,139.66093750000002,1013,1758,278,460,1020
5339353243,13112,世田谷区,35.615625,139.6578125,1346,1864,385,459,1020
5339353244,13112,世田谷区,35.615625,139.66093750000002,1254,1892,409,461,1022
5339353311,13110,目黒区,35.609375,139.6640625,944,1040,242,644,154
5339353312,13110,目黒区,35.609375,139.6671875,539,945,147,644,154
5339353313,13110,目黒区,35.61145833333333,139.6640625,764,1043,246,644,153
5339353314,13110,目黒区,35.61145833333333,139.6671875,642,1000,202,644,154
5339353321,13110,目黒区,35.609375,139.6703125,732,1042,179,743,120
5339353322,13110,目黒区,35.609375,139.6734375,1020,1172,310,743,119
5339353323,13110,目黒区,35.61145833333333,139.6703125,922,1112,250,742,120
5339353324,13110,目黒区,35.61145833333333,139.6734375,875,1155,292,744,119
5339353331,13110,目黒区,35.61354166666667,139.6640625,830,872,280,481,111
5339353332,13110,目黒区,35.61354166666667,139.6671875,1255,1005,414,481,110
5339353333,13110,目黒区,35.615625,139.6640625,993,882,292,480,110
5339353334,13110,目黒区,35.615625,139.6671875,872,832,239,482,111
5339353341,13110,目黒区,35.61354166666667,139.6703125,981,510,310,200,0
5339353342,13110,目黒区,35.61354166666667,139.6734375,846,452,253,199,0
5339353343,13110,目黒区,35.615625,139.6703125,1270,572,373,199,0
5339353344,13110,目黒区,35.615625,139.6734375,1006,506,306,200,0
5339353411,13110,目黒区,35.609375,139.67656250000002,1172,612,337,180,95
5339353412,13110,目黒区,35.609375,139.67968750000003,1121,589,313,181,95
5339353413,13110,目黒区,35.61145833333333,139.67656250000002,798,520,244,180,96
5339353414,13110,目黒区,35.61145833333333,139.67968750000003,1148,634,358,181,95
5339353421,13110,目黒区,35.609375,139.6828125,1367,792,423,369,0
5339353422,13111,大田区,35.609375,139.68593750000002,1289,634,265,369,0
5339353423,13110,目黒区,35.61145833333333,139.6828125,1307,805,435,370,0
5339353424,13111,大田区,35.61145833333333,139.68593750000002,1426,771,402,369,0
5339353431,13110,目黒区,35.61354166666667,139.67656250000002,981,729,240,353,136
5339353432,13110,目黒区,35.61354166666667,139.67968750000003,1209,849,360,352,137
5339353433,13110,目黒区,35.615625,139.67656250000002,1301,847,360,352,135
5339353434,13110,目黒区,35.615625,139.67968750000003,1124,824,334,353,137
5339353441,13110,目黒区,35.61354166666667,139.6828125,1386,742,369,195,178
5339353442,13110,目黒区,35.61354166666667,139.68593750000002,1195,713,340,194,179
5339353443,13110,目黒区,35.615625,139.6828125,1047,657,287,193,177
5339353444,13110,目黒区,35.615625,139.68593750000002,1381,817,443,195,179
5339353511,13111,大田区,35.609375,139.6890625,805,750,253,390,107
5339353512,13111,大田区,35.609375,139.69218750000002,1062,788,292,389,107
5339353513,13110,目黒区,35.61145833333333,139.6890625,1380,895,399,390,106
5339353514,13110,目黒区,35.61145833333333,139.69218750000002,887,778,281,390,107
5339353521,13110,目黒区,35.609375,139.6953125,1040,871,324,547,0
5339353522,13109,品川区,35.609375,139.6984375,927,854,308,546,0
5339353523,13110,目黒区,35.61145833333333,139.6953125,1006,861,316,545,0
5339353524,13109,品川区,35.61145833333333,139.6984375,1006,853,307,546,0
5339353531,13110,目黒区,35.61354166666667,139.6890625,928,583,286,166,131
5339353532,13110,目黒区,35.61354166666667,139.69218750000002,1120,655,362,164,129
5339353533,13110,目黒区,35.615625,139.6890625,1394,729,434,165,130
5339353534,13110,目黒区,35.615625,139.69218750000002,1507,738,445,164,129
5339353541,13110,目黒区,35.61354166666667,139.6953125,1169,957,364,500,93
5339353542,13109,品川区,35.61354166666667,139.6984375,2100,1198,605,500,93
5339353543,13110,目黒区,35.615625,139.6953125,1395,978,388,498,92
5339353544,13109,品川区,35.615625,139.6984375,1455,964,372,500,92
5339353611,13109,品川区,35.609375,139.7015625,794,4105,249,1517,2339
5339353612,13109,品川区,35.609375,139.7046875,746,4027,171,1517,2339
5339353613,13109,品川区,35.61145833333333,139.7015625,1705,4440,586,1516,2338
5339353614,13109,品川区,35.61145833333333,139.7046875,1799,4305,449,1517,2339
5339353621,13109,品川区,35.609375,139.7078125,1776,1164,506,453,205
5339353622,13109,品川区,35.609375,139.7109375,1712,1083,426,453,204
5339353623,13109,品川区,35.61145833333333,139.7078125,1504,1089,433,452,204
5339353624,13109,品川区,35.61145833333333,139.7109375,1963,1350,692,453,205
5339353631,13109,品川区,35.61354166666667,139.7015625,2040,1007,533,383,91
5339353632,13109,品川区,35.61354166666667,139.7046875,1620,923,451,382,90
5339353633,13109,品川区,35.615625,139.7015625,1587,832,360,382,90
5339353634,13109,品川区,35.615625,139.7046875,1504,872,397,383,92
5339353641,13109,品川区,35.61354166666667,139.7078125,1649,1296,412,654,230
5339353642,13109,品川区,35.61354166666667,139.7109375,1969,1550,666,654,230
5339353643,13109,品川区,35.615625,139.7078125,2252,1505,622,653,230
5339353644,13109,品川区,35.615625,139.7109375,1700,1354,470,654,230
5339353711,13109,品川区,35.609375,139.7140625,2015,1391,541,769,81
5339353712,13109,品川区,35.609375,139.71718750000002,1420,1229,380,768,81
5339353713,13109,品川区,35.61145833333333,139.7140625,1959,1348,497,769,82
5339353714,13109,品川区,35.61145833333333,139.71718750000002,1895,1385,536,768,81
5339353721,13109,品川区,35.609375,139.7203125,843,661,219,172,270
5339353722,13109,品川区,35.609375,139.72343750000002,1336,854,414,170,270
5339353723,13109,品川区,35.61145833333333,139.7203125,964,733,293,171,269
5339353724,13109,品川区,35.61145833333333,139.72343750000002,1671,967,526,171,270
5339353731,13109,品川区,35.61354166666667,139.7140625,1631,1390,484,730,176
5339353732,13109,品川区,35.61354166666667,139.71718750000002,1896,1444,541,728,175
5339353733,13109,品川区,35.615625,139.7140625,1552,1340,436,729,175
5339353734,13109,品川区,35.615625,139.71718750000002,1726,1350,446,728,176
5339353741,13109,品川区,35.61354166666667,139.7203125,1650,872,489,287,96
5339353742,13109,品川区,35.61354166666667,139.72343750000002,1920,958,576,287,95
5339353743,13109,品川区,35.615625,139.7203125,1683,807,425,286,96
5339353744,13109,品川区,35.615625,139.72343750000002,1250,752,370,287,95
5339353811,13109,品川区,35.609375,139.7265625,570,1230,198,690,342
5339353812,13109,品川区,35.609375,139.7296875,639,1166,135,689,342
5339353813,13109,品川区,35.61145833333333,139.7265625,1744,1571,541,689,341
5339353814,13109,品川区,35.61145833333333,139.7296875,1553,1478,446,690,342
5339353821,13109,品川区,35.609375,139.7328125,0,640,0,420,220
5339353822,13109,品川区,35.609375,139.7359375,945,880,241,419,220
5339353823,13109,品川区,35.61145833333333,139.7328125,0,639,0,420,219
5339353824,13109,品川区,35.61145833333333,139.7359375,784,800,161,419,220
5339353831,13109,品川区,35.61354166666667,139.7265625,1784,3004,447,2446,111
5339353832,13109,品川区,35.61354166666667,139.7296875,1300,2867,311,2446,110
5339353833,13109,品川区,35.615625,139.7265625,2433,3171,616,2446,109
5339353834,13109,品川区,35.615625,139.7296875,911,2838,281,2446,111
5339353841,13109,品川区,35.61354166666667,139.7328125,118,711,28,683,0
5339353842,13109,品川区,35.61354166666667,139.7359375,752,866,182,684,0
5339353843,13109,品川区,35.615625,139.7328125,0,682,0,682,0
5339353844,13109,品川区,35.615625,139.7359375,0,683,0,683,0
5339353911,13109,品川区,35.609375,139.73906250000002,1822,1698,550,946,202
5339353912,13109,品川区,35.609375,139.74218750000003,1470,1596,447,946,203
5339353913,13109,品川区,35.61145833333333,139.73906250000002,1493,1496,348,945,203
5339353914,13109,品川区,35.61145833333333,139.74218750000003,1100,1441,293,946,202
5339353921,13109,品川区,35.609375,139.7453125,3238,6884,1007,5677,200
5339353922,13109,品川区,35.609375,139.74843750000002,884,6112,236,5677,199
5339353923,13109,品川区,35.61145833333333,139.7453125,1666,6277,403,5676,198
5339353924,13109,品川区,35.61145833333333,139.74843750000002,0,5877,0,5677,200
5339353931,13109,品川区,35.61354166666667,139.73906250000002,1674,1224,451,643,130
5339353932,13109,品川区,35.61354166666667,139.74218750000003,776,984,211,643,130
5339353933,13109,品川区,35.615625,139.73906250000002,1257,1139,367,643,129
5339353934,13109,品川区,35.615625,139.74218750000003,727,969,196,643,130
5339353941,13109,品川区,35.61354166666667,139.7453125,2777,1800,786,913,101
5339353942,13109,品川区,35.61354166666667,139.74843750000002,2040,1759,747,912,100
5339353943,13109,品川区,35.615625,139.7453125,1929,1521,508,912,101
5339353944,13109,品川区,35.615625,139.74843750000002,3039,1781,769,912,100
5339354011,13112,世田谷区,35.61770833333333,139.6265625,1283,647,425,222,0
5339354012,13112,世田谷区,35.61770833333333,139.62968750000002,809,476,256,220,0
5339354013,13112,世田谷区,35.619791666666664,139.6265625,479,361,140,221,0
5339354014,13112,世田谷区,35.619791666666664,139.62968750000002,1295,615,393,222,0
5339354021,13112,世田谷区,35.61770833333333,139.6328125,497,789,180,259,350
5339354022,13112,世田谷区,35.61770833333333,139.6359375,1049,942,334,258,350
5339354023,13112,世田谷区,35.619791666666664,139.6328125,1385,1005,399,257,349
5339354024,13112,世田谷区,35.619791666666664,139.6359375,1379,1065,456,259,350
5339354031,13112,世田谷区,35.621875,139.6265625,813,580,275,305,0
5339354032,13112,世田谷区,35.621875,139.62968750000002,1295,638,334,304,0
5339354033,13112,世田谷区,35.623958333333334,139.6265625,709,534,230,304,0
5339354034,13112,世田谷区,35.623958333333334,139.62968750000002,1189,742,437,305,0
5339354041,13112,世田谷区,35.621875,139.6328125,1165,752,284,468,0
5339354042,13112,世田谷区,35.621875,139.6359375,1071,760,294,466,0
5339354043,13112,世田谷区,35.623958333333334,139.6328125,1041,747,280,467,0
5339354044,13112,世田谷区,35.623958333333334,139.6359375,1184,777,311,466,0
5339354111,13112,世田谷区,35.61770833333333,139.6390625,916,803,302,186,315
5339354112,13112,世田谷区,35.61770833333333,139.6421875,974,782,281,185,316
5339354113,13112,世田谷区,35.619791666666664,139.6390625,1210,860,360,185,315
5339354114,13112,世田谷区,35.619791666666664,139.6421875,1034,851,350,186,315
5339354121,13112,世田谷区,35.61770833333333,139.6453125,534,420,163,72,185
5339354122,13112,世田谷区,35.61770833333333,139.6484375,373,368,111,71,186
5339354123,13112,世田谷区,35.619791666666664,139.6453125,798,508,253,71,184
5339354124,13112,世田谷区,35.619791666666664,139.6484375,748,468,209,73,186
5339354131,13112,世田谷区,35.621875,139.6390625,1235,1303,385,361,557
5339354132,13112,世田谷区,35.621875,139.6421875,1335,1544,627,361,556
5339354133,13112,世田谷区,35.623958333333334,139.6390625,981,1188,273,360,555
5339354134,13112,世田谷区,35.623958333333334,139.6421875,667,1131,213,361,557
5339354141,13112,世田谷区,35.621875,139.6453125,659,1481,235,220,1026
5339354142,13112,世田谷区,35.621875,139.6484375,693,1434,190,220,1024
5339354143,13112,世田谷区,35.623958333333334,139.6453125,742,1514,270,220,1024
5339354144,13112,世田谷区,35.623958333333334,139.6484375,576,1446,201,219,1026
5339354211,13112,世田谷区,35.61770833333333,139.6515625,1550,914,462,308,144
5339354212,13112,世田谷区,35.61770833333333,139.65468750000002,892,714,262,307,145
5339354213,13112,世田谷区,35.619791666666664,139.6515625,1196,787,336,307,144
5339354214,13112,世田谷区,35.619791666666664,139.65468750000002,975,760,308,307,145
5339354221,13112,世田谷区,35.61770833333333,139.6578125,1024,969,339,124,506
5339354222,13112,世田谷区,35.61770833333333,139.66093750000002,788,885,256,123,506
5339354223,13112,世田谷区,35.619791666666664,139.6578125,274,701,73,122,506
5339354224,13112,世田谷区,35.619791666666664,139.66093750000002,976,928,298,124,506
5339354231,13112,世田谷区,35.621875,139.6515625,708,319,170,149,0
5339354232,13112,世田谷区,35.621875,139.65468750000002,900,440,290,150,0
5339354233,13112,世田谷区,35.623958333333334,139.6515625,680,369,220,149,0
5339354234,13112,世田谷区,35.623958333333334,139.65468750000002,727,358,208,150,0
5339354241,13112,世田谷区,35.621875,139.6578125,692,464,221,243,0
5339354242,13112,世田谷区,35.621875,139.66093750000002,674,454,212,242,0
5339354243,13112,世田谷区,35.623958333333334,139.6578125,958,538,295,243,0
5339354244,13112,世田谷区,35.623958333333334,139.66093750000002,97,267,24,243,0
5339354311,13112,世田谷区,35.61770833333333,139.6640625,796,377,246,131,0
5339354312,13110,目黒区,35.61770833333333,139.6671875,1036,449,317,132,0
5339354313,13112,世田谷区,35.619791666666664,139.6640625,1667,776,645,131,0
5339354314,13110,目黒区,35.619791666666664,139.6671875,1207,538,406,132,0
5339354321,13110,目黒区,35.61770833333333,139.6703125,838,1017,297,363,357
5339354322,13110,目黒区,35.61770833333333,139.6734375,1473,1144,423,363,358
5339354323,13110,目黒区,35.619791666666664,139.6703125,777,937,218,362,357
5339354324,13110,目黒区,35.619791666666664,139.6734375,846,968,248,363,357
5339354331,13112,世田谷区,35.621875,139.6640625,936,503,285,102,116
5339354332,13110,目黒区,35.621875,139.6671875,1104,541,325,100,116
5339354333,13110,目黒区,35.623958333333334,139.6640625,93,249,34,100,115
5339354334,13110,目黒区,35.623958333333334,139.6671875,680,420,204,101,115
5339354341,13110,目黒区,35.621875,139.6703125,728,600,218,137,245
5339354342,13110,目黒区,35.621875,139.6734375,761,658,277,137,244
5339354343,13110,目黒区,35.623958333333334,139.6703125,608,570,190,136,244
5339354344,13110,目黒区,35.623958333333334,139.6734375,879,655,272,138,245
5339354411,13110,目黒区,35.61770833333333,139.67656250000002,1040,1347,282,941,124
5339354412,13110,目黒区,35.61770833333333,139.67968750000003,829,1344,280,941,123
5339354413,13110,目黒区,35.619791666666664,139.67656250000002,1282,1501,437,940,124
5339354414,13110,目黒区,35.619791666666664,139.67968750000003,1050,1372,307,941,124
5339354421,13110,目黒区,35.61770833333333,139.6828125,1019,1055,317,191,547
5339354422,13110,目黒区,35.61770833333333,139.68593750000002,820,1016,279,191,546
5339354423,13110,目黒区,35.619791666666664,139.6828125,775,975,238,191,546
5339354424,13110,目黒区,35.619791666666664,139.68593750000002,981,1069,333,191,545
5339354431,13110,目黒区,35.621875,139.67656250000002,833,427,279,148,0
5339354432,13110,目黒区,35.621875,139.67968750000003,1016,438,292,146,0
5339354433,13110,目黒区,35.623958333333334,139.67656250000002,903,450,303,147,0
5339354434,13110,目黒区,35.623958333333334,139.67968750000003,1061,445,299,146,0
5339354441,13110,目黒区,35.621875,139.6828125,607,779,183,596,0
5339354442,13110,目黒区,35.621875,139.68593750000002,678,816,220,596,0
5339354443,13110,目黒区,35.623958333333334,139.6828125,1088,902,307,595,0
5339354444,13110,目黒区,35.623958333333334,139.68593750000002,859,884,288,596,0
5339354511,13110,目黒区,35.61770833333333,139.6890625,1211,763,356,218,189
5339354512,13110,目黒区,35.61770833333333,139.69218750000002,1475,883,478,217,188
5339354513,13110,目黒区,35.619791666666664,139.6890625,759,676,272,217,187
5339354514,13110,目黒区,35.619791666666664,139.69218750000002,1221,765,359,218,188
5339354521,13110,目黒区,35.61770833333333,139.6953125,1196,725,371,227,127
5339354522,13110,目黒区,35.61770833333333,139.6984375,1411,724,371,226,127
5339354523,13110,目黒区,35.619791666666664,139.6953125,1625,824,472,226,126
5339354524,13110,目黒区,35.619791666666664,139.6984375,1489,820,467,227,126
5339354531,13110,目黒区,35.621875,139.6890625,1441,786,429,229,128
5339354532,13110,目黒区,35.621875,139.69218750000002,1415,786,432,227,127
5339354533,13110,目黒区,35.623958333333334,139.6890625,1294,749,394,228,127
5339354534,13110,目黒区,35.623958333333334,139.69218750000002,1487,810,454,229,127
5339354541,13110,目黒区,35.621875,139.6953125,1306,852,386,356,110
5339354542,13110,目黒区,35.621875,139.6984375,1723,1002,536,355,111
5339354543,13110,目黒区,35.623958333333334,139.6953125,1501,920,456,355,109
5339354544,13110,目黒区,35.623958333333334,139.6984375,1528,903,437,355,111
5339354611,13109,品川区,35.61770833333333,139.7015625,1578,1504,420,983,101
5339354612,13109,品川区,35.61770833333333,139.7046875,1959,1642,559,982,101
5339354613,13110,目黒区,35.619791666666664,139.7015625,1605,1510,426,982,102
5339354614,13109,品川区,35.619791666666664,139.7046875,2535,2049,966,982,101
5339354621,13109,品川区,35.61770833333333,139.7078125,2188,1058,607,451,0
5339354622,13109,品川区,35.61770833333333,139.7109375,1502,979,529,450,0
5339354623,13109,品川区,35.619791666666664,139.7078125,1952,1006,556,450,0
5339354624,13109,品川区,35.619791666666664,139.7109375,881,726,276,450,0
5339354631,13110,目黒区,35.621875,139.7015625,1392,954,410,240,304
5339354632,13109,品川区,35.621875,139.7046875,1136,857,315,239,303
5339354633,13109,品川区,35.623958333333334,139.7015625,415,653,111,239,303
5339354634,13109,品川区,35.623958333333334,139.7046875,1257,951,409,239,303
5339354641,13109,品川区,35.621875,139.7078125,1733,969,469,399,101
5339354642,13109,品川区,35.621875,139.7109375,1638,907,410,397,100
5339354643,13109,品川区,35.623958333333334,139.7078125,1669,977,479,397,101
5339354644,13109,品川区,35.623958333333334,139.7109375,2160,1090,592,398,100
5339354711,13109,品川区,35.61770833333333,139.7140625,2000,2208,471,1271,466
5339354712,13109,品川区,35.61770833333333,139.71718750000002,1494,2153,418,1271,464
5339354713,13109,品川区,35.619791666666664,139.7140625,1295,2079,343,1271,465
5339354714,13109,品川区,35.619791666666664,139.71718750000002,2146,2170,434,1271,465
5339354721,13109,品川区,35.61770833333333,139.7203125,1637,1053,451,469,133
5339354722,13109,品川区,35.61770833333333,139.72343750000002,1583,1054,454,468,132
5339354723,13109,品川区,35.619791666666664,139.7203125,1744,1082,482,468,132
5339354724,13109,品川区,35.619791666666664,139.72343750000002,1083,938,337,468,133
5339354731,13109,品川区,35.621875,139.7140625,1385,1872,304,1165,403
5339354732,13109,品川区,35.621875,139.71718750000002,835,1807,240,1164,403
5339354733,13109,品川区,35.623958333333334,139.7140625,1156,1909,343,1164,402
5339354734,13109,品川区,35.623958333333334,139.71718750000002,1142,1858,293,1163,402
5339354741,13109,品川区,35.621875,139.7203125,1076,8161,386,5989,1786
5339354742,13109,品川区,35.621875,139.72343750000002,1383,8190,417,5988,1785
5339354743,13109,品川区,35.623958333333334,139.7203125,932,7984,212,5987,1785
5339354744,13109,品川区,35.623958333333334,139.72343750000002,469,7916,142,5988,1786
5339354811,13109,品川区,35.61770833333333,139.7265625,1757,9569,479,9090,0
5339354812,13109,品川区,35.61770833333333,139.7296875,406,9201,111,9090,0
5339354813,13109,品川区,35.619791666666664,139.7265625,592,9232,142,9090,0
5339354814,13109,品川区,35.619791666666664,139.7296875,63,9111,21,9090,0
5339354821,13109,品川区,35.61770833333333,139.7328125,1197,4023,308,3715,0
5339354822,13109,品川区,35.61770833333333,139.7359375,441,3836,122,3714,0
5339354823,13109,品川区,35.619791666666664,139.7328125,2075,4412,698,3714,0
5339354824,13109,品川区,35.619791666666664,139.7359375,870,3981,266,3715,0
5339354831,13109,品川区,35.621875,139.7265625,1405,9462,459,8747,256
5339354832,13109,品川区,35.621875,139.7296875,1602,9600,599,8745,256
5339354833,13109,品川区,35.623958333333334,139.7265625,3119,9838,836,8746,256
5339354834,13109,品川区,35.623958333333334,139.7296875,658,9168,166,8746,256
5339354841,13109,品川区,35.621875,139.7328125,2989,3851,954,2771,126
5339354842,13109,品川区,35.621875,139.7359375,636,3097,199,2771,127
5339354843,13109,品川区,35.623958333333334,139.7328125,328,2992,96,2770,126
5339354844,13103,港区,35.623958333333334,139.7359375,441,2996,99,2770,127
5339354911,13109,品川区,35.61770833333333,139.73906250000002,996,1260,248,750,262
5339354912,13109,品川区,35.61770833333333,139.74218750000003,1156,1310,297,750,263
5339354913,13109,品川区,35.619791666666664,139.73906250000002,1767,1585,573,749,263
5339354914,13109,品川区,35.619791666666664,139.74218750000003,1488,1428,415,750,263
5339354921,13109,品川区,35.61770833333333,139.7453125,1459,1383,501,882,0
5339354922,13109,品川区,35.61770833333333,139.74843750000002,382,1029,148,881,0
5339354923,13109,品川区,35.619791666666664,139.7453125,1380,1294,413,881,0
5339354924,13109,品川区,35.619791666666664,139.74843750000002,613,1219,338,881,0
5339354931,13109,品川区,35.621875,139.73906250000002,802,2829,199,2251,379
5339354932,13109,品川区,35.621875,139.74218750000003,1464,3085,456,2251,378
5339354933,13109,品川区,35.623958333333334,139.73906250000002,781,3019,390,2250,379
5339354934,13109,品川区,35.623958333333334,139.74218750000003,1195,3085,455,2251,379
5339354941,13109,品川区,35.621875,139.7453125,927,4504,197,3269,1038
5339354942,13109,品川区,35.621875,139.74843750000002,731,4461,154,3268,1039
5339354943,13103,港区,35.623958333333334,139.7453125,981,4644,339,3267,1038
5339354944,13109,品川区,35.623958333333334,139.74843750000002,287,4330,23,3269,1038
5339355011,13112,世田谷区,35.626041666666666,139.6265625,669,656,188,468,0
5339355012,13112,世田谷区,35.626041666666666,139.62968750000002,857,743,276,467,0
5339355013,13112,世田谷区,35.628125,139.6265625,412,588,120,468,0
5339355014,13112,世田谷区,35.628125,139.62968750000002,768,683,216,467,0
5339355021,13112,世田谷区,35.626041666666666,139.6328125,621,3109,177,2636,296
5339355022,13112,世田谷区,35.626041666666666,139.6359375,1200,3267,337,2635,295
5339355023,13112,世田谷区,35.628125,139.6328125,790,3140,210,2635,295
5339355024,13112,世田谷区,35.628125,139.6359375,1067,3185,254,2636,295
5339355031,13112,世田谷区,35.630208333333336,139.6265625,433,443,117,166,160
5339355032,13112,世田谷区,35.630208333333336,139.62968750000002,968,575,250,167,158
5339355033,13112,世田谷区,35.63229166666667,139.6265625,965,699,375,165,159
5339355034,13112,世田谷区,35.63229166666667,139.62968750000002,963,684,358,167,159
5339355041,13112,世田谷区,35.630208333333336,139.6328125,1165,593,339,254,0
5339355042,13112,世田谷区,35.630208333333336,139.6359375,1987,788,536,252,0
5339355043,13112,世田谷区,35.63229166666667,139.6328125,1163,597,344,253,0
5339355044,13112,世田谷区,35.63229166666667,139.6359375,977,556,303,253,0
5339355111,13112,世田谷区,35.626041666666666,139.6390625,810,1827,309,848,670
5339355112,13112,世田谷区,35.626041666666666,139.6421875,768,1749,233,847,669
5339355113,13112,世田谷区,35.628125,139.6390625,467,1649,135,846,668
5339355114,13112,世田谷区,35.628125,139.6421875,1149,1903,387,847,669
5339355121,13112,世田谷区,35.626041666666666,139.6453125,662,691,197,317,177
5339355122,13112,世田谷区,35.626041666666666,139.6484375,610,703,211,317,175
5339355123,13112,世田谷区,35.628125,139.6453125,1094,826,333,317,176
5339355124,13112,世田谷区,35.628125,139.6484375,1050,784,292,317,175
5339355131,13112,世田谷区,35.630208333333336,139.6390625,1220,1213,414,799,0
5339355132,13112,世田谷区,35.630208333333336,139.6421875,990,1075,277,798,0
5339355133,13112,世田谷区,35.63229166666667,139.6390625,1102,1149,352,797,0
5339355134,13112,世田谷区,35.63229166666667,139.6421875,1552,1284,485,799,0
5339355141,13112,世田谷区,35.630208333333336,139.6453125,987,859,292,567,0
5339355142,13112,世田谷区,35.630208333333336,139.6484375,1062,912,346,566,0
5339355143,13112,世田谷区,35.63229166666667,139.6453125,634,747,180,567,0
5339355144,13112,世田谷区,35.63229166666667,139.6484375,1082,907,340,567,0
5339355211,13112,世田谷区,35.626041666666666,139.6515625,749,712,243,215,254
5339355212,13112,世田谷区,35.626041666666666,139.65468750000002,924,728,260,214,254
5339355213,13112,世田谷区,35.628125,139.6515625,943,761,295,213,253
5339355214,13112,世田谷区,35.628125,139.65468750000002,1049,821,353,214,254
5339355221,13112,世田谷区,35.626041666666666,139.6578125,75,2439,15,357,2067
5339355222,13112,世田谷区,35.626041666666666,139.66093750000002,0,2422,0,356,2066
5339355223,13112,世田谷区,35.628125,139.6578125,51,2430,8,356,2066
5339355224,13112,世田谷区,35.628125,139.66093750000002,89,2447,22,358,2067
5339355231,13112,世田谷区,35.630208333333336,139.6515625,1135,702,312,378,12
5339355232,13112,世田谷区,35.630208333333336,139.65468750000002,1340,734,345,377,12
5339355233,13112,世田谷区,35.63229166666667,139.6515625,951,715,327,377,11
5339355234,13112,世田谷区,35.63229166666667,139.65468750000002,1248,697,306,379,12
5339355241,13112,世田谷区,35.630208333333336,139.6578125,1534,1568,435,763,370
5339355242,13112,世田谷区,35.630208333333336,139.66093750000002,888,1394,261,763,370
5339355243,13112,世田谷区,35.63229166666667,139.6578125,1090,1425,292,762,371
5339355244,13112,世田谷区,35.63229166666667,139.66093750000002,1156,1410,277,763,370
5339355311,13110,目黒区,35.626041666666666,139.6640625,0,748,0,544,204
5339355312,13110,目黒区,35.626041666666666,139.6671875,134,785,37,544,204
5339355313,13110,目黒区,35.628125,139.6640625,872,1037,289,544,204
5339355314,13110,目黒区,35.628125,139.6671875,864,950,202,544,204
5339355321,13110,目黒区,35.626041666666666,139.6703125,957,566,356,210,0
5339355322,13110,目黒区,35.626041666666666,139.6734375,982,514,303,211,0
5339355323,13110,目黒区,35.628125,139.6703125,1004,488,277,211,0
5339355324,13110,目黒区,35.628125,139.6734375,1215,585,375,210,0
5339355331,13110,目黒区,35.630208333333336,139.6640625,1057,420,296,124,0
5339355332,13110,目黒区,35.630208333333336,139.6671875,920,425,303,122,0
5339355333,13112,世田谷区,35.63229166666667,139.6640625,1079,491,368,123,0
5339355334,13112,世田谷区,35.63229166666667,139.6671875,1198,507,384,123,0
5339355341,13110,目黒区,35.630208333333336,139.6703125,1258,800,389,251,160
5339355342,13112,世田谷区,35.630208333333336,139.6734375,1377,844,435,251,158
5339355343,13112,世田谷区,35.63229166666667,139.6703125,838,625,216,250,159
5339355344,13112,世田谷区,35.63229166666667,139.6734375,815,696,286,251,159
5339355411,13110,目黒区,35.626041666666666,139.67656250000002,1073,539,318,221,0
5339355412,13112,世田谷区,35.626041666666666,139.67968750000003,1007,544,323,221,0
5339355413,13112,世田谷区,35.628125,139.67656250000002,1423,656,437,219,0
5339355414,13112,世田谷区,35.628125,139.67968750000003,1125,551,330,221,0
5339355421,13110,目黒区,35.626041666666666,139.6828125,585,880,178,702,0
5339355422,13110,目黒区,35.626041666666666,139.68593750000002,1275,1137,434,703,0
5339355423,13110,目黒区,35.628125,139.6828125,850,956,254,702,0
5339355424,13110,目黒区,35.628125,139.68593750000002,1010,978,276,702,0
5339355431,13112,世田谷区,35.630208333333336,139.67656250000002,1305,532,426,106,0
5339355432,13112,世田谷区,35.630208333333336,139.67968750000003,1173,491,386,105,0
5339355433,13112,世田谷区,35.63229166666667,139.67656250000002,948,422,318,104,0
5339355434,13112,世田谷区,35.63229166666667,139.67968750000003,997,458,352,106,0
5339355441,13110,目黒区,35.630208333333336,139.6828125,1230,1082,370,712,0
5339355442,13110,目黒区,35.630208333333336,139.68593750000002,1166,989,277,712,0
5339355443,13112,世田谷区,35.63229166666667,139.6828125,961,1065,352,713,0
5339355444,13110,目黒区,35.63229166666667,139.68593750000002,1189,1043,331,712,0
5339355511,13110,目黒区,35.626041666666666,139.6890625,1272,1072,323,584,165
5339355512,13110,目黒区,35.626041666666666,139.69218750000002,1212,1099,350,583,166
5339355513,13110,目黒区,35.628125,139.6890625,1050,1033,285,583,165
5339355514,13110,目黒区,35.628125,139.69218750000002,987,1051,301,584,166
5339355521,13110,目黒区,35.626041666666666,139.6953125,1646,1179,528,499,152
5339355522,13110,目黒区,35.626041666666666,139.6984375,1145,998,345,500,153
5339355523,13110,目黒区,35.628125,139.6953125,1260,1014,363,500,151
5339355524,13110,目黒区,35.628125,139.6984375,940,944,292,499,153
5339355531,13110,目黒区,35.630208333333336,139.6890625,1254,973,429,544,0
5339355532,13110,目黒区,35.630208333333336,139.69218750000002,1388,862,318,544,0
5339355533,13110,目黒区,35.63229166666667,139.6890625,1115,886,343,543,0
5339355534,13110,目黒区,35.63229166666667,139.69218750000002,1771,1156,613,543,0
5339355541,13110,目黒区,35.630208333333336,139.6953125,1597,909,475,249,185
5339355542,13110,目黒区,35.630208333333336,139.6984375,1286,811,378,248,185
5339355543,13110,目黒区,35.63229166666667,139.6953125,1190,816,384,248,184
5339355544,13110,目黒区,35.63229166666667,139.6984375,1066,758,324,249,185
5339355611,13110,目黒区,35.626041666666666,139.7015625,674,292,221,71,0
5339355612,13110,目黒区,35.626041666666666,139.7046875,587,236,165,71,0
5339355613,13110,目黒区,35.628125,139.7015625,1452,510,440,70,0
5339355614,13110,目黒区,35.628125,139.7046875,1170,447,376,71,0
5339355621,13109,品川区,35.626041666666666,139.7078125,1233,890,338,428,124
5339355622,13109,品川区,35.626041666666666,139.7109375,1303,861,313,426,122
5339355623,13110,目黒区,35.628125,139.7078125,784,770,221,427,122
5339355624,13110,目黒区,35.628125,139.7109375,1704,963,413,426,124
5339355631,13110,目黒区,35.630208333333336,139.7015625,1165,780,330,278,172
5339355632,13110,目黒区,35.630208333333336,139.7046875,1147,821,371,277,173
5339355633,13110,目黒区,35.63229166666667,139.7015625,1504,936,488,277,171
5339355634,13110,目黒区,35.63229166666667,139.7046875,890,733,283,277,173
5339355641,13110,目黒区,35.630208333333336,139.7078125,995,1789,300,1330,159
5339355642,13110,目黒区,35.630208333333336,139.7109375,1957,1952,463,1330,159
5339355643,13110,目黒区,35.63229166666667,139.7078125,1737,1965,475,1331,159
5339355644,13110,目黒区,35.63229166666667,139.7109375,1573,1872,383,1330,159
5339355711,13109,品川区,35.626041666666666,139.7140625,1169,1896,271,1625,0
5339355712,13109,品川区,35.626041666666666,139.71718750000002,2196,2222,596,1626,0
5339355713,13109,品川区,35.628125,139.7140625,1750,1954,329,1625,0
5339355714,13109,品川区,35.628125,139.71718750000002,2276,2276,651,1625,0
5339355721,13109,品川区,35.626041666666666,139.7203125,1005,6318,237,6081,0
5339355722,13109,品川区,35.626041666666666,139.72343750000002,358,6158,77,6081,0
5339355723,13109,品川区,35.628125,139.7203125,655,6256,175,6081,0
5339355724,13109,品川区,35.628125,139.72343750000002,641,6254,173,6081,0
5339355731,13110,目黒区,35.630208333333336,139.7140625,1647,3145,538,2323,284
5339355732,13109,品川区,35.630208333333336,139.71718750000002,1089,2920,314,2323,283
5339355733,13110,目黒区,35.63229166666667,139.7140625,457,2693,87,2323,283
5339355734,13109,品川区,35.63229166666667,139.71718750000002,1746,3216,610,2322,284
5339355741,13109,品川区,35.630208333333336,139.7203125,1167,919,338,455,126
5339355742,13109,品川区,35.630208333333336,139.72343750000002,647,778,197,454,127
5339355743,13109,品川区,35.63229166666667,139.7203125,1016,876,295,455,126
5339355744,13109,品川区,35.63229166666667,139.72343750000002,714,775,195,454,126
5339355811,13109,品川区,35.626041666666666,139.7265625,1073,5153,299,4031,823
5339355812,13109,品川区,35.626041666666666,139.7296875,931,5079,225,4031,823
5339355813,13109,品川区,35.628125,139.7265625,1411,5223,371,4031,821
5339355814,13109,品川区,35.628125,139.7296875,670,5034,180,4031,823
5339355821,13103,港区,35.626041666666666,139.7328125,989,2536,268,2268,0
5339355822,13103,港区,35.626041666666666,139.7359375,1299,2646,378,2268,0
5339355823,13103,港区,35.628125,139.7328125,649,2503,236,2267,0
5339355824,13103,港区,35.628125,139.7359375,315,2379,111,2268,0
5339355831,13109,品川区,35.630208333333336,139.7265625,1355,2514,364,1086,1064
5339355832,13109,品川区,35.630208333333336,139.7296875,1451,2557,409,1085,1063
5339355833,13109,品川区,35.63229166666667,139.7265625,996,2410,262,1084,1064
5339355834,13103,港区,35.63229166666667,139.7296875,1255,2536,388,1085,1063
5339355841,13103,港区,35.630208333333336,139.7328125,188,1365,56,1309,0
5339355842,13103,港区,35.630208333333336,139.7359375,21,1312,3,1309,0
5339355843,13103,港区,35.63229166666667,139.7328125,629,1494,186,1308,0
5339355844,13103,港区,35.63229166666667,139.7359375,338,1414,104,1310,0
5339355911,13103,港区,35.626041666666666,139.73906250000002,453,10689,142,10536,11
5339355912,13103,港区,35.626041666666666,139.74218750000003,165,10604,57,10537,10
5339355913,13103,港区,35.628125,139.73906250000002,0,10546,0,10536,10
5339355914,13103,港区,35.628125,139.74218750000003,18,10552,5,10536,11
5339355921,13103,港区,35.626041666666666,139.7453125,343,2946,126,2820,0
5339355922,13103,港区,35.626041666666666,139.74843750000002,0,2818,0,2818,0
5339355923,13103,港区,35.628125,139.7453125,169,2887,69,2818,0
5339355924,13103,港区,35.628125,139.74843750000002,0,2819,0,2819,0
5339355931,13103,港区,35.630208333333336,139.73906250000002,77,6716,9,6707,0
5339355932,13103,港区,35.630208333333336,139.74218750000003,9,6708,1,6707,0
5339355933,13103,港区,35.63229166666667,139.73906250000002,119,6737,31,6706,0
5339355934,13103,港区,35.63229166666667,139.74218750000003,0,6707,0,6707,0
5339355941,13103,港区,35.630208333333336,139.7453125,243,4656,61,4150,445
5339355942,13103,港区,35.630208333333336,139.74843750000002,2944,5613,1020,4149,444
5339355943,13103,港区,35.63229166666667,139.7453125,52,4605,11,4150,444
5339355944,13103,港区,35.63229166666667,139.74843750000002,2947,5485,892,4149,444
5339356011,13112,世田谷区,35.634375,139.6265625,826,857,255,365,237
5339356012,13112,世田谷区,35.634375,139.62968750000002,1102,940,337,366,237
5339356013,13112,世田谷区,35.63645833333333,139.6265625,302,717,118,364,235
5339356014,13112,世田谷区,35.63645833333333,139.62968750000002,901,935,333,365,237
5339356021,13112,世田谷区,35.634375,139.6328125,868,644,289,102,253
5339356022,13112,世田谷区,35.634375,139.6359375,308,528,172,103,253
5339356023,13112,世田谷区,35.63645833333333,139.6328125,0,354,0,102,252
5339356024,13112,世田谷区,35.63645833333333,139.6359375,265,421,67,102,252
5339356031,13112,世田谷区,35.63854166666667,139.6265625,615,324,193,131,0
5339356032,13112,世田谷区,35.63854166666667,139.62968750000002,1179,597,467,130,0
5339356033,13112,世田谷区,35.640625,139.6265625,1211,520,389,131,0
5339356034,13112,世田谷区,35.640625,139.62968750000002,942,440,310,130,0
5339356041,13112,世田谷区,35.63854166666667,139.6328125,661,815,299,249,267
5339356042,13112,世田谷区,35.63854166666667,139.6359375,1013,848,334,248,266
5339356043,13112,世田谷区,35.640625,139.6328125,236,578,65,247,266
5339356044,13112,世田谷区,35.640625,139.6359375,1357,933,419,248,266
5339356111,13112,世田谷区,35.634375,139.6390625,1912,941,658,283,0
5339356112,13112,世田谷区,35.634375,139.6421875,1395,711,429,282,0
5339356113,13112,世田谷区,35.63645833333333,139.6390625,1650,848,566,282,0
5339356114,13112,世田谷区,35.63645833333333,139.6421875,1425,652,370,282,0
5339356121,13112,世田谷区,35.634375,139.6453125,1237,773,405,198,170
5339356122,13112,世田谷区,35.634375,139.6484375,1007,678,310,197,171
5339356123,13112,世田谷区,35.63645833333333,139.6453125,1380,751,382,198,171
5339356124,13112,世田谷区,35.63645833333333,139.6484375,1180,760,392,198,170
5339356131,13112,世田谷区,35.63854166666667,139.6390625,1161,661,301,360,0
5339356132,13112,世田谷区,35.63854166666667,139.6421875,1267,788,429,359,0
5339356133,13112,世田谷区,35.640625,139.6390625,831,582,223,359,0
5339356134,13112,世田谷区,35.640625,139.6421875,1719,829,469,360,0
5339356141,13112,世田谷区,35.63854166666667,139.6453125,1046,861,374,223,264
5339356142,13112,世田谷区,35.63854166666667,139.6484375,1077,775,290,222,263
5339356143,13112,世田谷区,35.640625,139.6453125,1032,795,311,221,263
5339356144,13112,世田谷区,35.640625,139.6484375,1146,814,329,222,263
5339356211,13112,世田谷区,35.634375,139.6515625,1315,746,441,163,142
5339356212,13112,世田谷区,35.634375,139.65468750000002,1168,650,347,162,141
5339356213,13112,世田谷区,35.63645833333333,139.6515625,1369,708,404,162,142
5339356214,13112,世田谷区,35.63645833333333,139.65468750000002,1248,745,442,162,141
5339356221,13112,世田谷区,35.634375,139.6578125,1026,710,315,312,83
5339356222,13112,世田谷区,35.634375,139.66093750000002,1056,671,279,311,81
5339356223,13112,世田谷区,35.63645833333333,139.6578125,1047,728,336,311,81
5339356224,13112,世田谷区,35.63645833333333,139.66093750000002,1106,706,313,311,82
5339356231,13112,世田谷区,35.63854166666667,139.6515625,1043,780,304,200,276
5339356232,13112,世田谷区,35.63854166666667,139.65468750000002,1049,757,283,199,275
5339356233,13112,世田谷区,35.640625,139.6515625,1161,831,358,198,275
5339356234,13112,世田谷区,35.640625,139.65468750000002,1287,865,390,199,276
5339356241,13112,世田谷区,35.63854166666667,139.6578125,1042,541,349,192,0
5339356242,13112,世田谷区,35.63854166666667,139.66093750000002,1105,470,279,191,0
5339356243,13112,世田谷区,35.640625,139.6578125,1210,538,346,192,0
5339356244,13112,世田谷区,35.640625,139.66093750000002,1343,568,377,191,0
5339356311,13112,世田谷区,35.634375,139.6640625,1455,976,398,572,6
5339356312,13112,世田谷区,35.634375,139.6671875,1374,979,402,571,6
5339356313,13112,世田谷区,35.63645833333333,139.6640625,1360,899,322,571,6
5339356314,13112,世田谷区,35.63645833333333,139.6671875,1617,1018,441,571,6
5339356321,13112,世田谷区,35.634375,139.6703125,1094,1009,369,194,446
5339356322,13112,世田谷区,35.634375,139.6734375,1437,1085,448,193,444
5339356323,13112,世田谷区,35.63645833333333,139.6703125,1165,972,335,193,444
5339356324,13112,世田谷区,35.63645833333333,139.6734375,1468,1050,412,193,445
5339356331,13112,世田谷区,35.63854166666667,139.6640625,1418,1353,383,840,130
5339356332,13112,世田谷区,35.63854166666667,139.6671875,1756,1442,473,839,130
5339356333,13112,世田谷区,35.640625,139.6640625,1319,1298,330,839,129
5339356334,13112,世田谷区,35.640625,139.6671875,1039,1239,270,839,130
5339356341,13112,世田谷区,35.63854166666667,139.6703125,1373,1134,412,554,168
5339356342,13112,世田谷区,35.63854166666667,139.6734375,1481,1177,454,554,169
5339356343,13112,世田谷区,35.640625,139.6703125,1495,1416,694,554,168
5339356344,13112,世田谷区,35.640625,139.6734375,1131,1007,284,554,169
5339356411,13112,世田谷区,35.634375,139.67656250000002,227,503,80,135,288
5339356412,13112,世田谷区,35.634375,139.67968750000003,867,707,283,136,288
5339356413,13112,世田谷区,35.63645833333333,139.67656250000002,737,639,217,135,287
5339356414,13112,世田谷区,35.63645833333333,139.67968750000003,1095,736,313,135,288
5339356421,13112,世田谷区,35.634375,139.6828125,951,425,337,88,0
5339356422,13110,目黒区,35.634375,139.68593750000002,1213,509,423,86,0
5339356423,13112,世田谷区,35.63645833333333,139.6828125,1054,398,312,86,0
5339356424,13110,目黒区,35.63645833333333,139.68593750000002,1127,445,357,88,0
5339356431,13112,世田谷区,35.63854166666667,139.67656250000002,986,731,325,225,181
5339356432,13112,世田谷区,35.63854166666667,139.67968750000003,1186,753,345,226,182
5339356433,13112,世田谷区,35.640625,139.67656250000002,1646,1123,716,226,181
5339356434,13112,世田谷区,35.640625,139.67968750000003,1213,712,305,225,182
5339356441,13112,世田谷区,35.63854166666667,139.6828125,1411,637,418,219,0
5339356442,13112,世田谷区,35.63854166666667,139.68593750000002,1123,562,344,218,0
5339356443,13112,世田谷区,35.640625,139.6828125,1493,638,420,218,0
5339356444,13112,世田谷区,35.640625,139.68593750000002,1500,720,502,218,0
5339356511,13110,目黒区,35.634375,139.6890625,907,1135,257,554,324
5339356512,13110,目黒区,35.634375,139.69218750000002,1061,1174,298,553,323
5339356513,13110,目黒区,35.63645833333333,139.6890625,1147,1185,309,553,323
5339356514,13110,目黒区,35.63645833333333,139.69218750000002,1215,1171,293,554,324
5339356521,13110,目黒区,35.634375,139.6953125,933,719,318,278,123
5339356522,13110,目黒区,35.634375,139.6984375,1309,810,410,278,122
5339356523,13110,目黒区,35.63645833333333,139.6953125,670,564,165,278,121
5339356524,13110,目黒区,35.63645833333333,139.6984375,729,638,237,278,123
5339356531,13110,目黒区,35.63854166666667,139.6890625,1036,767,322,335,110
5339356532,13110,目黒区,35.63854166666667,139.69218750000002,728,663,218,334,111
5339356533,13110,目黒区,35.640625,139.6890625,1114,781,337,334,110
5339356534,13110,目黒区,35.640625,139.69218750000002,1348,870,425,335,110
5339356541,13110,目黒区,35.63854166666667,139.6953125,1233,1331,387,768,176
5339356542,13110,目黒区,35.63854166666667,139.6984375,1027,1241,298,769,174
5339356543,13110,目黒区,35.640625,139.6953125,1542,1372,430,767,175
5339356544,13110,目黒区,35.640625,139.6984375,764,1171,226,769,176
5339356611,13110,目黒区,35.634375,139.7015625,1073,624,402,222,0
5339356612,13110,目黒区,35.634375,139.7046875,925,536,314,222,0
5339356613,13110,目黒区,35.63645833333333,139.7015625,1435,710,488,222,0
5339356614,13110,目黒区,35.63645833333333,139.7046875,1806,777,555,222,0
5339356621,13110,目黒区,35.634375,139.7078125,1257,2342,358,1341,643
5339356622,13110,目黒区,35.634375,139.7109375,1244,2345,361,1341,643
5339356623,13110,目黒区,35.63645833333333,139.7078125,869,2203,218,1342,643
5339356624,13110,目黒区,35.63645833333333,139.7109375,1435,2495,511,1341,643
5339356631,13110,目黒区,35.63854166666667,139.7015625,768,926,224,702,0
5339356632,13110,目黒区,35.63854166666667,139.7046875,1087,961,258,703,0
5339356633,13110,目黒区,35.640625,139.7015625,748,876,175,701,0
5339356634,13110,目黒区,35.640625,139.7046875,487,868,166,702,0
5339356641,13110,目黒区,35.63854166666667,139.7078125,381,416,90,326,0
5339356642,13110,目黒区,35.63854166666667,139.7109375,1292,706,380,326,0
5339356643,13110,目黒区,35.640625,139.7078125,416,411,86,325,0
5339356644,13110,目黒区,35.640625,139.7109375,1323,750,424,326,0
5339356711,13110,目黒区,35.634375,139.7140625,728,4929,205,4704,20
5339356712,13109,品川区,35.634375,139.71718750000002,495,4848,126,4702,20
5339356713,13109,品川区,35.63645833333333,139.7140625,1063,5031,308,4703,20
5339356714,13109,品川区,35.63645833333333,139.71718750000002,1079,5051,328,4703,20
5339356721,13109,品川区,35.634375,139.7203125,1106,1037,289,748,0
5339356722,13109,品川区,35.634375,139.72343750000002,866,1019,270,749,0
5339356723,13103,港区,35.63645833333333,139.7203125,62,763,16,747,0
5339356724,13103,港区,35.63645833333333,139.72343750000002,1325,1252,503,749,0
5339356731,13110,目黒区,35.63854166666667,139.7140625,722,917,168,749,0
5339356732,13103,港区,35.63854166666667,139.71718750000002,207,817,68,749,0
5339356733,13110,目黒区,35.640625,139.7140625,1378,1176,428,748,0
5339356734,13109,品川区,35.640625,139.71718750000002,702,1000,250,750,0
5339356741,13103,港区,35.63854166666667,139.7203125,0,552,0,506,46
5339356742,13103,港区,35.63854166666667,139.72343750000002,711,775,223,507,45
5339356743,13103,港区,35.640625,139.7203125,367,678,127,505,46
5339356744,13103,港区,35.640625,139.72343750000002,416,668,116,507,45
5339356811,13109,品川区,35.634375,139.7265625,1072,1006,329,291,386
5339356812,13103,港区,35.634375,139.7296875,1212,1051,374,291,386
5339356813,13103,港区,35.63645833333333,139.7265625,956,1005,329,290,386
5339356814,13103,港区,35.63645833333333,139.7296875,483,816,139,291,386
5339356821,13103,港区,35.634375,139.7328125,1272,1461,376,875,210
5339356822,13103,港区,35.634375,139.7359375,773,1338,255,874,209
5339356823,13103,港区,35.63645833333333,139.7328125,1403,1510,426,874,210
5339356824,13103,港区,35.63645833333333,139.7359375,1106,1421,337,874,210
5339356831,13103,港区,35.63854166666667,139.7265625,1060,3292,307,919,2066
5339356832,13103,港区,35.63854166666667,139.7296875,400,3123,138,919,2066
5339356833,13103,港区,35.640625,139.7265625,508,3144,159,919,2066
5339356834,13103,港区,35.640625,139.7296875,929,3289,303,919,2067
5339356841,13103,港区,35.63854166666667,139.7328125,1596,1698,468,357,873
5339356842,13103,港区,35.63854166666667,139.7359375,882,1552,324,355,873
5339356843,13103,港区,35.640625,139.7328125,839,1483,255,355,873
5339356844,13103,港区,35.640625,139.7359375,854,1520,290,356,874
5339356911,13103,港区,35.634375,139.73906250000002,473,833,120,713,0
5339356912,13103,港区,35.634375,139.74218750000003,0,713,0,713,0
5339356913,13103,港区,35.63645833333333,139.73906250000002,832,990,278,712,0
5339356914,13103,港区,35.63645833333333,139.74218750000003,0,712,0,712,0
5339356921,13103,港区,35.634375,139.7453125,0,554,0,554,0
5339356922,13103,港区,35.634375,139.74843750000002,785,769,215,554,0
5339356923,13103,港区,35.63645833333333,139.7453125,99,590,37,553,0
5339356924,13103,港区,35.63645833333333,139.74843750000002,493,690,136,554,0
5339356931,13103,港区,35.63854166666667,139.73906250000002,948,2349,262,2087,0
5339356932,13103,港区,35.63854166666667,139.74218750000003,7,2092,4,2088,0
5339356933,13103,港区,35.640625,139.73906250000002,1289,2482,394,2088,0
5339356934,13103,港区,35.640625,139.74218750000003,41,2099,11,2088,0
5339356941,13103,港区,35.63854166666667,139.7453125,1033,5863,366,5211,286
5339356942,13103,港区,35.63854166666667,139.74843750000002,889,5770,275,5210,285
5339356943,13103,港区,35.640625,139.7453125,2851,6308,813,5210,285
5339356944,13103,港区,35.640625,139.74843750000002,1434,5920,425,5210,285
5339357011,13112,世田谷区,35.64270833333333,139.6265625,1417,862,420,155,287
5339357012,13112,世田谷区,35.64270833333333,139.62968750000002,734,608,166,156,286
5339357013,13112,世田谷区,35.64479166666666,139.6265625,1626,928,487,155,286
5339357014,13112,世田谷区,35.64479166666666,139.62968750000002,937,782,341,156,285
5339357021,13112,世田谷区,35.64270833333333,139.6328125,427,768,115,182,471
5339357022,13112,世田谷区,35.64270833333333,139.6359375,1081,947,296,180,471
5339357023,13112,世田谷区,35.64479166666666,139.6328125,1439,1071,421,181,469
5339357024,13112,世田谷区,35.64479166666666,139.6359375,1173,1011,360,180,471
5339357031,13112,世田谷区,35.646875,139.6265625,1630,657,430,227,0
5339357032,13112,世田谷区,35.646875,139.62968750000002,1046,506,280,226,0
5339357033,13112,世田谷区,35.64895833333333,139.6265625,1046,546,320,226,0
5339357034,13112,世田谷区,35.64895833333333,139.62968750000002,1092,563,337,226,0
5339357041,13112,世田谷区,35.646875,139.6328125,1248,1110,356,698,56
5339357042,13112,世田谷区,35.646875,139.6359375,1124,1077,325,696,56
5339357043,13112,世田谷区,35.64895833333333,139.6328125,1058,1043,292,696,55
5339357044,13112,世田谷区,35.64895833333333,139.6359375,1315,1093,341,696,56
5339357111,13112,世田谷区,35.64270833333333,139.6390625,1240,573,382,89,102
5339357112,13112,世田谷区,35.64270833333333,139.6421875,1385,573,384,88,101
5339357113,13112,世田谷区,35.64479166666666,139.6390625,1348,617,429,87,101
5339357114,13112,世田谷区,35.64479166666666,139.6421875,1391,717,526,89,102
5339357121,13112,世田谷区,35.64270833333333,139.6453125,1075,1049,241,474,334
5339357122,13112,世田谷区,35.64270833333333,139.6484375,1026,1097,289,474,334
5339357123,13112,世田谷区,35.64479166666666,139.6453125,1066,1108,302,473,333
5339357124,13112,世田谷区,35.64479166666666,139.6484375,1706,1340,531,475,334
5339357131,13112,世田谷区,35.646875,139.6390625,916,776,282,112,382
5339357132,13112,世田谷区,35.646875,139.6421875,744,712,217,113,382
5339357133,13112,世田谷区,35.64895833333333,139.6390625,1056,763,271,111,381
5339357134,13112,世田谷区,35.64895833333333,139.6421875,1072,834,340,112,382
5339357141,13112,世田谷区,35.646875,139.6453125,906,612,302,98,212
5339357142,13112,世田谷区,35.646875,139.6484375,802,584,278,96,210
5339357143,13112,世田谷区,35.64895833333333,139.6453125,393,445,138,96,211
5339357144,13112,世田谷区,35.64895833333333,139.6484375,494,478,171,96,211
5339357211,13112,世田谷区,35.64270833333333,139.6515625,1095,950,297,653,0
5339357212,13112,世田谷区,35.64270833333333,139.65468750000002,1318,1000,348,652,0
5339357213,13112,世田谷区,35.64479166666666,139.6515625,1481,1066,414,652,0
5339357214,13112,世田谷区,35.64479166666666,139.65468750000002,1219,1011,359,652,0
5339357221,13112,世田谷区,35.64270833333333,139.6578125,1343,910,385,525,0
5339357222,13112,世田谷区,35.64270833333333,139.66093750000002,1464,937,413,524,0
5339357223,13112,世田谷区,35.64479166666666,139.6578125,1129,852,327,525,0
5339357224,13112,世田谷区,35.64479166666666,139.66093750000002,1150,823,298,525,0
5339357231,13112,世田谷区,35.646875,139.6515625,702,3488,239,976,2273
5339357232,13112,世田谷区,35.646875,139.65468750000002,506,3367,118,976,2273
5339357233,13112,世田谷区,35.64895833333333,139.6515625,380,3363,115,976,2272
5339357234,13112,世田谷区,35.64895833333333,139.65468750000002,938,3551,301,977,2273
5339357241,13112,世田谷区,35.646875,139.6578125,1408,790,405,203,182
5339357242,13112,世田谷区,35.646875,139.66093750000002,1243,722,337,203,182
5339357243,13112,世田谷区,35.64895833333333,139.6578125,1131,684,300,203,181
5339357244,13112,世田谷区,35.64895833333333,139.66093750000002,1390,829,445,202,182
5339357311,13112,世田谷区,35.64270833333333,139.6640625,2070,935,566,369,0
5339357312,13112,世田谷区,35.64270833333333,139.6671875,1531,730,360,370,0
5339357313,13112,世田谷区,35.64479166666666,139.6640625,1398,720,351,369,0
5339357314,13112,世田谷区,35.64479166666666,139.6671875,1002,619,250,369,0
5339357321,13112,世田谷区,35.64270833333333,139.6703125,1030,4482,266,3559,657
5339357322,13112,世田谷区,35.64270833333333,139.6734375,1326,4528,314,3558,656
5339357323,13112,世田谷区,35.64479166666666,139.6703125,710,4378,164,3558,656
5339357324,13112,世田谷区,35.64479166666666,139.6734375,1029,4463,248,3559,656
5339357331,13112,世田谷区,35.646875,139.6640625,1152,748,362,188,198
5339357332,13112,世田谷区,35.646875,139.6671875,1360,741,355,188,198
5339357333,13112,世田谷区,35.64895833333333,139.6640625,1308,782,398,187,197
5339357334,13112,世田谷区,35.64895833333333,139.6671875,1455,791,405,188,198
5339357341,13112,世田谷区,35.646875,139.6703125,1322,627,321,306,0
5339357342,13112,世田谷区,35.646875,139.6734375,1372,685,380,305,0
5339357343,13112,世田谷区,35.64895833333333,139.6703125,1332,687,382,305,0
5339357344,13112,世田谷区,35.64895833333333,139.6734375,1327,709,404,305,0
5339357411,13112,世田谷区,35.64270833333333,139.67656250000002,397,3726,224,576,2926
5339357412,13112,世田谷区,35.64270833333333,139.67968750000003,1028,3914,414,576,2924
5339357413,13112,世田谷区,35.64479166666666,139.67656250000002,377,3571,70,576,2925
5339357414,13112,世田谷区,35.64479166666666,139.67968750000003,746,3631,130,576,2925
5339357421,13112,世田谷区,35.64270833333333,139.6828125,174,738,12,697,29
5339357422,13110,目黒区,35.64270833333333,139.68593750000002,928,969,243,697,29
5339357423,13112,世田谷区,35.64479166666666,139.6828125,541,832,106,696,30
5339357424,13110,目黒区,35.64479166666666,139.68593750000002,1671,1057,330,698,29
5339357431,13112,世田谷区,35.646875,139.67656250000002,1262,1434,259,786,389
5339357432,13112,世田谷区,35.646875,139.67968750000003,1125,1451,276,786,389
5339357433,13112,世田谷区,35.64895833333333,139.67656250000002,1231,1499,326,785,388
5339357434,13112,世田谷区,35.64895833333333,139.67968750000003,1470,1540,363,787,390
5339357441,13112,世田谷区,35.646875,139.6828125,1797,1429,571,463,395
5339357442,13110,目黒区,35.646875,139.68593750000002,706,1131,273,464,394
5339357443,13112,世田谷区,35.64895833333333,139.6828125,1225,1146,287,464,395
5339357444,13110,目黒区,35.64895833333333,139.68593750000002,1499,1235,378,463,394
5339357511,13110,目黒区,35.64270833333333,139.6890625,1087,668,278,273,117
5339357512,13110,目黒区,35.64270833333333,139.69218750000002,1450,821,432,272,117
5339357513,13110,目黒区,35.64479166666666,139.6890625,1212,711,323,272,116
5339357514,13110,目黒区,35.64479166666666,139.69218750000002,1214,779,389,273,117
5339357521,13110,目黒区,35.64270833333333,139.6953125,955,2482,257,2225,0
5339357522,13110,目黒区,35.64270833333333,139.6984375,1050,2506,282,2224,0
5339357523,13110,目黒区,35.64479166666666,139.6953125,1178,2593,369,2224,0
5339357524,13110,目黒区,35.64479166666666,139.6984375,531,2370,145,2225,0
5339357531,13110,目黒区,35.646875,139.6890625,2274,1988,553,1324,111
5339357532,13110,目黒区,35.646875,139.69218750000002,1084,1732,300,1323,109
5339357533,13110,目黒区,35.64895833333333,139.6890625,1872,1996,563,1324,109
5339357534,13110,目黒区,35.64895833333333,139.69218750000002,1274,1840,406,1323,111
5339357541,13110,目黒区,35.646875,139.6953125,1300,3641,356,1633,1652
5339357542,13110,目黒区,35.646875,139.6984375,601,3470,183,1634,1653
5339357543,13110,目黒区,35.64895833333333,139.6953125,839,3510,226,1633,1651
5339357544,13110,目黒区,35.64895833333333,139.6984375,316,3391,106,1633,1652
5339357611,13110,目黒区,35.64270833333333,139.7015625,866,1835,239,1418,178
5339357612,13110,目黒区,35.64270833333333,139.7046875,697,1744,149,1418,177
5339357613,13110,目黒区,35.64479166666666,139.7015625,1205,1950,358,1416,176
5339357614,13113,渋谷区,35.64479166666666,139.7046875,1444,2056,460,1418,178
5339357621,13113,渋谷区,35.64270833333333,139.7078125,531,2704,153,2491,60
5339357622,13113,渋谷区,35.64270833333333,139.7109375,1013,2822,271,2491,60
5339357623,13113,渋谷区,35.64479166666666,139.7078125,746,2739,189,2491,59
5339357624,13113,渋谷区,35.64479166666666,139.7109375,638,2728,176,2491,61
5339357631,13110,目黒区,35.646875,139.7015625,605,2204,155,1978,71
5339357632,13113,渋谷区,35.646875,139.7046875,849,2295,248,1976,71
5339357633,13113,渋谷区,35.64895833333333,139.7015625,418,2197,149,1977,71
5339357634,13113,渋谷区,35.64895833333333,139.7046875,1305,2466,419,1976,71
5339357641,13113,渋谷区,35.646875,139.7078125,490,6391,111,6280,0
5339357642,13113,渋谷区,35.646875,139.7109375,300,6363,84,6279,0
5339357643,13113,渋谷区,35.64895833333333,139.7078125,746,6509,229,6280,0
5339357644,13113,渋谷区,35.64895833333333,139.7109375,874,6503,224,6279,0
5339357711,13113,渋谷区,35.64270833333333,139.7140625,241,4700,82,4442,176
5339357712,13113,渋谷区,35.64270833333333,139.71718750000002,1080,4910,293,4441,176
5339357713,13113,渋谷区,35.64479166666666,139.7140625,896,4872,256,4441,175
5339357714,13113,渋谷区,35.64479166666666,139.71718750000002,1281,4940,323,4441,176
5339357721,13103,港区,35.64270833333333,139.7203125,1164,895,399,496,0
5339357722,13103,港区,35.64270833333333,139.72343750000002,1848,1184,688,496,0
5339357723,13113,渋谷区,35.64479166666666,139.7203125,1482,946,452,494,0
5339357724,13103,港区,35.64479166666666,139.72343750000002,1445,916,420,496,0
5339357731,13113,渋谷区,35.646875,139.7140625,1090,4571,278,4167,126
5339357732,13113,渋谷区,35.646875,139.71718750000002,2100,4861,567,4167,127
5339357733,13113,渋谷区,35.64895833333333,139.7140625,1254,4636,343,4167,126
5339357734,13113,渋谷区,35.64895833333333,139.71718750000002,1114,4560,268,4166,126
5339357741,13113,渋谷区,35.646875,139.7203125,1270,1929,330,1112,487
5339357742,13103,港区,35.646875,139.72343750000002,366,1697,100,1111,486
5339357743,13113,渋谷区,35.64895833333333,139.7203125,816,1803,208,1110,485
5339357744,13103,港区,35.64895833333333,139.72343750000002,1619,2335,736,1112,487
5339357811,13103,港区,35.64270833333333,139.7265625,176,2391,52,638,1701
5339357812,13103,港区,35.64270833333333,139.7296875,842,2598,259,637,1702
5339357813,13103,港区,35.64479166666666,139.7265625,950,2582,244,637,1701
5339357814,13103,港区,35.64479166666666,139.7296875,1613,2782,442,638,1702
5339357821,13103,港区,35.64270833333333,139.7328125,802,2414,248,2074,92
5339357822,13103,港区,35.64270833333333,139.7359375,1045,2476,310,2073,93
5339357823,13103,港区,35.64479166666666,139.7328125,2354,2905,740,2073,92
5339357824,13103,港区,35.64479166666666,139.7359375,1603,2584,419,2073,92
5339357831,13103,港区,35.646875,139.7265625,667,1011,207,673,131
5339357832,13103,港区,35.646875,139.7296875,1459,1149,346,674,129
5339357833,13103,港区,35.64895833333333,139.7265625,397,993,191,673,129
5339357834,13103,港区,35.64895833333333,139.7296875,888,1074,271,673,130
5339357841,13103,港区,35.646875,139.7328125,833,977,189,648,140
5339357842,13103,港区,35.646875,139.7359375,1191,1137,350,647,140
5339357843,13103,港区,35.64895833333333,139.7328125,754,1016,230,647,139
5339357844,13103,港区,35.64895833333333,139.7359375,1853,1315,526,649,140
5339357911,13103,港区,35.64270833333333,139.73906250000002,702,3680,229,3182,269
5339357912,13103,港区,35.64270833333333,139.74218750000003,394,3563,115,3181,267
5339357913,13103,港区,35.64479166666666,139.73906250000002,916,3665,215,3182,268
5339357914,13103,港区,35.64479166666666,139.74218750000003,227,3520,70,3181,269
5339357921,13103,港区,35.64270833333333,139.7453125,1100,11730,325,10945,460
5339357922,13103,港区,35.64270833333333,139.74843750000002,440,11528,124,10945,459
5339357923,13103,港区,35.64479166666666,139.7453125,30,11421,18,10943,460
5339357924,13103,港区,35.64479166666666,139.74843750000002,184,11445,41,10945,459
5339357931,13103,港区,35.646875,139.73906250000002,2728,5083,881,1512,2690
5339357932,13103,港区,35.646875,139.74218750000003,808,4425,223,1512,2690
5339357933,13103,港区,35.64895833333333,139.73906250000002,989,4524,323,1511,2690
5339357934,13103,港区,35.64895833333333,139.74218750000003,133,4232,31,1512,2689
5339357941,13103,港区,35.646875,139.7453125,332,7697,112,7452,133
5339357942,13103,港区,35.646875,139.74843750000002,287,7694,110,7453,131
5339357943,13103,港区,35.64895833333333,139.7453125,992,7785,201,7452,132
5339357944,13103,港区,35.64895833333333,139.74843750000002,894,8100,516,7452,132
5339358011,13112,世田谷区,35.65104166666667,139.6265625,988,414,353,61,0
5339358012,13112,世田谷区,35.65104166666667,139.62968750000002,1059,420,361,59,0
5339358013,13112,世田谷区,35.653125,139.6265625,1920,670,611,59,0
5339358014,13112,世田谷区,35.653125,139.62968750000002,1094,466,406,60,0
5339358021,13112,世田谷区,35.65104166666667,139.6328125,1221,1186,310,876,0
5339358022,13112,世田谷区,35.65104166666667,139.6359375,657,1055,179,876,0
5339358023,13112,世田谷区,35.653125,139.6328125,1203,1225,349,876,0
5339358024,13112,世田谷区,35.653125,139.6359375,1176,1255,379,876,0
5339358031,13112,世田谷区,35.65520833333334,139.6265625,1480,1280,516,245,519
5339358032,13112,世田谷区,35.65520833333334,139.62968750000002,648,932,169,245,518
5339358033,13112,世田谷区,35.65729166666667,139.6265625,1302,1125,363,245,517
5339358034,13112,世田谷区,35.65729166666667,139.62968750000002,747,964,201,245,518
5339358041,13112,世田谷区,35.65520833333334,139.6328125,1131,677,332,143,202
5339358042,13112,世田谷区,35.65520833333334,139.6359375,979,649,305,144,200
5339358043,13112,世田谷区,35.65729166666667,139.6328125,1406,801,457,143,201
5339358044,13112,世田谷区,35.65729166666667,139.6359375,1428,763,418,144,201
5339358111,13112,世田谷区,35.65104166666667,139.6390625,1007,819,268,551,0
5339358112,13112,世田谷区,35.65104166666667,139.6421875,1065,848,297,551,0
5339358113,13112,世田谷区,35.653125,139.6390625,1202,928,377,551,0
5339358114,13112,世田谷区,35.653125,139.6421875,787,792,240,552,0
5339358121,13112,世田谷区,35.65104166666667,139.6453125,977,629,322,307,0
5339358122,13112,世田谷区,35.65104166666667,139.6484375,924,583,276,307,0
5339358123,13112,世田谷区,35.653125,139.6453125,960,579,273,306,0
5339358124,13112,世田谷区,35.653125,139.6484375,1217,654,347,307,0
5339358131,13112,世田谷区,35.65520833333334,139.6390625,823,403,268,135,0
5339358132,13112,世田谷区,35.65520833333334,139.6421875,1002,479,343,136,0
5339358133,13112,世田谷区,35.65729166666667,139.6390625,958,388,254,134,0
5339358134,13112,世田谷区,35.65729166666667,139.6421875,1071,466,330,136,0
5339358141,13112,世田谷区,35.65520833333334,139.6453125,1044,628,295,333,0
5339358142,13112,世田谷区,35.65520833333334,139.6484375,1350,712,379,333,0
5339358143,13112,世田谷区,35.65729166666667,139.6453125,1009,639,306,333,0
5339358144,13112,世田谷区,35.65729166666667,139.6484375,1166,638,305,333,0
5339358211,13112,世田谷区,35.65104166666667,139.6515625,1077,868,338,115,415
5339358212,13112,世田谷区,35.65104166666667,139.65468750000002,848,813,283,116,414
5339358213,13112,世田谷区,35.653125,139.6515625,1124,871,341,115,415
5339358214,13112,世田谷区,35.653125,139.65468750000002,1203,867,337,116,414
5339358221,13112,世田谷区,35.65104166666667,139.6578125,1254,534,366,168,0
5339358222,13112,世田谷区,35.65104166666667,139.66093750000002,963,438,269,169,0
5339358223,13112,世田谷区,35.653125,139.6578125,1123,508,340,168,0
5339358224,13112,世田谷区,35.653125,139.66093750000002,836,367,198,169,0
5339358231,13112,世田谷区,35.65520833333334,139.6515625,1015,1188,313,753,122
5339358232,13112,世田谷区,35.65520833333334,139.65468750000002,1263,1213,336,754,123
5339358233,13112,世田谷区,35.65729166666667,139.6515625,738,1163,288,753,122
5339358234,13112,世田谷区,35.65729166666667,139.65468750000002,391,979,102,754,123
5339358241,13112,世田谷区,35.65520833333334,139.6578125,1152,635,328,158,149
5339358242,13112,世田谷区,35.65520833333334,139.66093750000002,969,591,283,158,150
5339358243,13112,世田谷区,35.65729166666667,139.6578125,792,553,248,157,148
5339358244,13112,世田谷区,35.65729166666667,139.66093750000002,1040,603,295,158,150
5339358311,13112,世田谷区,35.65104166666667,139.6640625,1114,736,297,329,110
5339358312,13112,世田谷区,35.65104166666667,139.6671875,1176,767,330,328,109
5339358313,13112,世田谷区,35.653125,139.6640625,1231,760,322,328,110
5339358314,13112,世田谷区,35.653125,139.6671875,1181,762,324,328,110
5339358321,13112,世田谷区,35.65104166666667,139.6703125,1788,1087,527,281,279
5339358322,13112,世田谷区,35.65104166666667,139.6734375,1036,895,335,281,279
5339358323,13112,世田谷区,35.653125,139.6703125,1000,871,312,280,279
5339358324,13112,世田谷区,35.653125,139.6734375,1067,841,281,281,279
5339358331,13112,世田谷区,35.65520833333334,139.6640625,825,655,271,384,0
5339358332,13112,世田谷区,35.65520833333334,139.6671875,711,590,206,384,0
5339358333,13112,世田谷区,35.65729166666667,139.6640625,1096,765,382,383,0
5339358334,13112,世田谷区,35.65729166666667,139.6671875,859,589,204,385,0
5339358341,13112,世田谷区,35.65520833333334,139.6703125,972,458,302,156,0
5339358342,13112,世田谷区,35.65520833333334,139.6734375,930,429,272,157,0
5339358343,13112,世田谷区,35.65729166666667,139.6703125,873,464,309,155,0
5339358344,13112,世田谷区,35.65729166666667,139.6734375,759,426,269,157,0
5339358411,13112,世田谷区,35.65104166666667,139.67656250000002,1522,758,436,322,0
5339358412,13112,世田谷区,35.65104166666667,139.67968750000003,1233,683,361,322,0
5339358413,13112,世田谷区,35.653125,139.67656250000002,1663,865,544,321,0
5339358414,13112,世田谷区,35.653125,139.67968750000003,1341,739,417,322,0
5339358421,13112,世田谷区,35.65104166666667,139.6828125,690,2191,147,1782,262
5339358422,13110,目黒区,35.65104166666667,139.68593750000002,1189,2328,284,1781,263
5339358423,13112,世田谷区,35.653125,139.6828125,501,2200,157,1781,262
5339358424,13110,目黒区,35.653125,139.68593750000002,870,2282,237,1782,263
5339358431,13112,世田谷区,35.65520833333334,139.67656250000002,1410,1211,417,225,569
5339358432,13112,世田谷区,35.65520833333334,139.67968750000003,1197,1155,362,224,569
5339358433,13112,世田谷区,35.65729166666667,139.67656250000002,934,1088,296,223,569
5339358434,13110,目黒区,35.65729166666667,139.67968750000003,463,955,162,225,568
5339358441,13110,目黒区,35.65520833333334,139.6828125,1451,1886,694,348,844
5339358442,13110,目黒区,35.65520833333334,139.68593750000002,523,1354,164,347,843
5339358443,13110,目黒区,35.65729166666667,139.6828125,961,1487,297,347,843
5339358444,13110,目黒区,35.65729166666667,139.68593750000002,928,1430,240,348,842
5339358511,13110,目黒区,35.65104166666667,139.6890625,2003,2407,497,1687,223
5339358512,13110,目黒区,35.65104166666667,139.69218750000002,781,2148,238,1688,222
5339358513,13110,目黒区,35.653125,139.6890625,951,2176,267,1687,222
5339358514,13110,目黒区,35.653125,139.69218750000002,817,2117,208,1688,221
5339358521,13110,目黒区,35.65104166666667,139.6953125,179,1513,64,1278,171
5339358522,13113,渋谷区,35.65104166666667,139.6984375,489,1596,148,1278,170
5339358523,13113,渋谷区,35.653125,139.6953125,543,1657,210,1277,170
5339358524,13113,渋谷区,35.653125,139.6984375,913,1787,338,1278,171
5339358531,13110,目黒区,35.65520833333334,139.6890625,1395,1869,401,1264,204
5339358532,13113,渋谷区,35.65520833333334,139.69218750000002,1366,1785,317,1264,204
5339358533,13110,目黒区,35.65729166666667,139.6890625,1222,1830,363,1263,204
5339358534,13113,渋谷区,35.65729166666667,139.69218750000002,1074,1816,350,1263,203
5339358541,13113,渋谷区,35.65520833333334,139.6953125,749,13997,223,13561,213
5339358542,13113,渋谷区,35.65520833333334,139.6984375,640,13960,186,13561,213
5339358543,13113,渋谷区,35.65729166666667,139.6953125,512,13863,92,13560,211
5339358544,13113,渋谷区,35.65729166666667,139.6984375,37,13791,18,13560,213
5339358611,13113,渋谷区,35.65104166666667,139.7015625,952,2267,306,1591,370
5339358612,13113,渋谷区,35.65104166666667,139.7046875,688,2177,215,1592,370
5339358613,13113,渋谷区,35.653125,139.7015625,1128,2324,363,1590,371
5339358614,13113,渋谷区,35.653125,139.7046875,627,2144,183,1591,370
5339358621,13113,渋谷区,35.65104166666667,139.7078125,1003,2269,247,1736,286
5339358622,13113,渋谷区,35.65104166666667,139.7109375,767,2232,211,1735,286
5339358623,13113,渋谷区,35.653125,139.7078125,977,2379,359,1735,285
5339358624,13113,渋谷区,35.653125,139.7109375,956,2307,285,1736,286
5339358631,13113,渋谷区,35.65520833333334,139.7015625,412,9566,108,8890,568
5339358632,13113,渋谷区,35.65520833333334,139.7046875,401,9548,90,8890,568
5339358633,13113,渋谷区,35.65729166666667,139.7015625,34,9472,14,8890,568
5339358634,13113,渋谷区,35.65729166666667,139.7046875,274,9492,34,8890,568
5339358641,13113,渋谷区,35.65520833333334,139.7078125,788,6160,224,3480,2456
5339358642,13113,渋谷区,35.65520833333334,139.7109375,216,5999,62,3481,2456
5339358643,13113,渋谷区,35.65729166666667,139.7078125,625,6157,222,3479,2456
5339358644,13113,渋谷区,35.65729166666667,139.7109375,266,6051,115,3480,2456
5339358711,13113,渋谷区,35.65104166666667,139.7140625,710,1024,176,848,0
5339358712,13113,渋谷区,35.65104166666667,139.71718750000002,542,1063,215,848,0
5339358713,13113,渋谷区,35.653125,139.7140625,688,1087,240,847,0
5339358714,13113,渋谷区,35.653125,139.71718750000002,724,1039,192,847,0
5339358721,13113,渋谷区,35.65104166666667,139.7203125,331,2856,112,1247,1497
5339358722,13103,港区,35.65104166666667,139.72343750000002,598,2957,213,1248,1496
5339358723,13113,渋谷区,35.653125,139.7203125,1001,3184,442,1246,1496
5339358724,13103,港区,35.653125,139.72343750000002,503,2916,173,1247,1496
5339358731,13113,渋谷区,35.65520833333334,139.7140625,1255,1733,419,752,562
5339358732,13113,渋谷区,35.65520833333334,139.71718750000002,867,1759,446,752,561
5339358733,13113,渋谷区,35.65729166666667,139.7140625,1158,1651,339,751,561
5339358734,13103,港区,35.65729166666667,139.71718750000002,1130,1674,361,751,562
5339358741,13113,渋谷区,35.65520833333334,139.7203125,1801,2049,705,658,686
5339358742,13103,港区,35.65520833333334,139.72343750000002,895,1666,323,657,686
5339358743,13103,港区,35.65729166666667,139.7203125,767,1582,240,657,685
5339358744,13103,港区,35.65729166666667,139.72343750000002,795,1575,233,657,685
5339358811,13103,港区,35.65104166666667,139.7265625,326,1180,306,383,491
5339358812,13103,港区,35.65104166666667,139.7296875,616,1079,206,383,490
5339358813,13103,港区,35.653125,139.7265625,221,950,77,382,491
5339358814,13103,港区,35.653125,139.7296875,594,1050,177,383,490
5339358821,13103,港区,35.65104166666667,139.7328125,1007,1299,327,802,170
5339358822,13103,港区,35.65104166666667,139.7359375,1408,1347,377,800,170
5339358823,13103,港区,35.653125,139.7328125,813,1235,266,801,168
5339358824,13103,港区,35.653125,139.7359375,1796,1341,370,801,170
5339358831,13103,港区,35.65520833333334,139.7265625,890,857,298,436,123
5339358832,13103,港区,35.65520833333334,139.7296875,694,775,217,435,123
5339358833,13103,港区,35.65729166666667,139.7265625,668,766,207,436,123
5339358834,13103,港区,35.65729166666667,139.7296875,665,751,192,436,123
5339358841,13103,港区,35.65520833333334,139.7328125,696,2152,214,1645,293
5339358842,13103,港区,35.65520833333334,139.7359375,1344,2254,317,1644,293
5339358843,13103,港区,35.65729166666667,139.7328125,577,2106,171,1643,292
5339358844,13103,港区,35.65729166666667,139.7359375,884,2154,216,1645,293
5339358911,13103,港区,35.65104166666667,139.73906250000002,372,1605,142,1163,300
5339358912,13103,港区,35.65104166666667,139.74218750000003,787,1727,267,1161,299
5339358913,13103,港区,35.653125,139.73906250000002,1206,1874,413,1162,299
5339358914,13103,港区,35.653125,139.74218750000003,222,1541,78,1163,300
5339358921,13103,港区,35.65104166666667,139.7453125,1217,7542,323,6968,251
5339358922,13103,港区,35.65104166666667,139.74843750000002,1108,7521,304,6967,250
5339358923,13103,港区,35.653125,139.7453125,689,7374,157,6968,249
5339358924,13103,港区,35.653125,139.74843750000002,313,7293,75,6968,250
5339358931,13103,港区,35.65520833333334,139.73906250000002,1187,1818,325,1493,0
5339358932,13103,港区,35.65520833333334,139.74218750000003,983,1756,263,1493,0
5339358933,13103,港区,35.65729166666667,139.73906250000002,944,1755,263,1492,0
5339358934,13103,港区,35.65729166666667,139.74218750000003,1163,1819,326,1493,0
5339358941,13103,港区,35.65520833333334,139.7453125,657,993,140,853,0
5339358942,13103,港区,35.65520833333334,139.74843750000002,0,854,0,854,0
5339358943,13103,港区,35.65729166666667,139.7453125,313,911,58,853,0
5339358944,13103,港区,35.65729166666667,139.74843750000002,0,854,0,854,0
5339359011,13112,世田谷区,35.659375000000004,139.6265625,857,494,248,89,157
5339359012,13112,世田谷区,35.659375000000004,139.62968750000002,772,454,209,89,156
5339359013,13112,世田谷区,35.661458333333336,139.6265625,821,492,246,90,156
5339359014,13112,世田谷区,35.661458333333336,139.62968750000002,592,435,190,89,156
5339359021,13112,世田谷区,35.659375000000004,139.6328125,876,2816,258,316,2242
5339359022,13112,世田谷区,35.659375000000004,139.6359375,964,2844,288,315,2241
5339359023,13112,世田谷区,35.661458333333336,139.6328125,292,2634,79,315,2240
5339359024,13112,世田谷区,35.661458333333336,139.6359375,890,2809,252,315,2242
5339359031,13112,世田谷区,35.663541666666674,139.6265625,1364,655,502,153,0
5339359032,13112,世田谷区,35.663541666666674,139.62968750000002,1284,512,359,153,0
5339359033,13112,世田谷区,35.665625000000006,139.6265625,1077,529,377,152,0
5339359034,13112,世田谷区,35.665625000000006,139.62968750000002,1115,478,324,154,0
5339359041,13112,世田谷区,35.663541666666674,139.6328125,1236,876,473,121,282
5339359042,13112,世田谷区,35.663541666666674,139.6359375,508,565,161,121,283
5339359043,13112,世田谷区,35.665625000000006,139.6328125,1331,842,440,120,282
5339359044,13112,世田谷区,35.665625000000006,139.6359375,937,657,253,121,283
5339359111,13112,世田谷区,35.659375000000004,139.6390625,832,425,256,169,0
5339359112,13112,世田谷区,35.659375000000004,139.6421875,1101,434,264,170,0
5339359113,13112,世田谷区,35.661458333333336,139.6390625,1032,476,307,169,0
5339359114,13112,世田谷区,35.661458333333336,139.6421875,1068,498,328,170,0
5339359121,13112,世田谷区,35.659375000000004,139.6453125,932,343,310,33,0
5339359122,13112,世田谷区,35.659375000000004,139.6484375,1356,437,404,33,0
5339359123,13112,世田谷区,35.661458333333336,139.6453125,1053,344,312,32,0
5339359124,13112,世田谷区,35.661458333333336,139.6484375,1139,392,359,33,0
5339359131,13112,世田谷区,35.663541666666674,139.6390625,1179,1346,351,552,443
5339359132,13112,世田谷区,35.663541666666674,139.6421875,1374,1344,352,551,441
5339359133,13112,世田谷区,35.665625000000006,139.6390625,1031,1313,320,551,442
5339359134,13112,世田谷区,35.665625000000006,139.6421875,1046,1230,239,550,441
5339359141,13112,世田谷区,35.663541666666674,139.6453125,1121,786,343,139,304
5339359142,13112,世田谷区,35.663541666666674,139.6484375,1124,841,400,138,303
5339359143,13112,世田谷区,35.665625000000006,139.6453125,1282,828,387,138,303
5339359144,13112,世田谷区,35.665625000000006,139.6484375,734,660,219,138,303
5339359211,13112,世田谷区,35.659375000000004,139.6515625,1070,719,330,262,127
5339359212,13112,世田谷区,35.659375000000004,139.65468750000002,331,476,87,261,128
5339359213,13112,世田谷区,35.661458333333336,139.6515625,1100,705,318,261,126
5339359214,13112,世田谷区,35.661458333333336,139.65468750000002,1038,648,259,261,128
5339359221,13112,世田谷区,35.659375000000004,139.6578125,840,492,265,227,0
5339359222,13112,世田谷区,35.659375000000004,139.66093750000002,1067,513,285,228,0
5339359223,13112,世田谷区,35.661458333333336,139.6578125,1079,561,333,228,0
5339359224,13112,世田谷区,35.661458333333336,139.66093750000002,1066,482,254,228,0
5339359231,13112,世田谷区,35.663541666666674,139.6515625,851,554,225,138,191
5339359232,13112,世田谷区,35.663541666666674,139.65468750000002,1309,695,366,137,192
5339359233,13112,世田谷区,35.665625000000006,139.6515625,1109,609,280,138,191
5339359234,13112,世田谷区,35.665625000000006,139.65468750000002,1225,683,355,137,191
5339359241,13112,世田谷区,35.663541666666674,139.6578125,826,411,230,181,0
5339359242,13112,世田谷区,35.663541666666674,139.66093750000002,967,426,245,181,0
5339359243,13112,世田谷区,35.665625000000006,139.6578125,1256,540,360,180,0
5339359244,13112,世田谷区,35.665625000000006,139.66093750000002,1019,457,276,181,0
5339359311,13112,世田谷区,35.659375000000004,139.6640625,875,1520,231,1289,0
5339359312,13112,世田谷区,35.659375000000004,139.6671875,955,1526,237,1289,0
5339359313,13112,世田谷区,35.661458333333336,139.6640625,866,1508,219,1289,0
5339359314,13112,世田谷区,35.661458333333336,139.6671875,454,1405,115,1290,0
5339359321,13112,世田谷区,35.659375000000004,139.6703125,907,774,270,504,0
5339359322,13112,世田谷区,35.659375000000004,139.6734375,1016,780,275,505,0
5339359323,13112,世田谷区,35.661458333333336,139.6703125,956,716,212,504,0
5339359324,13112,世田谷区,35.661458333333336,139.6734375,1327,849,345,504,0
5339359331,13112,世田谷区,35.663541666666674,139.6640625,783,1145,192,609,344
5339359332,13112,世田谷区,35.663541666666674,139.6671875,948,1197,244,609,344
5339359333,13112,世田谷区,35.665625000000006,139.6640625,984,1254,301,609,344
5339359334,13112,世田谷区,35.665625000000006,139.6671875,1045,1272,319,609,344
5339359341,13112,世田谷区,35.663541666666674,139.6703125,850,813,234,308,271
5339359342,13112,世田谷区,35.663541666666674,139.6734375,1104,902,325,307,270
5339359343,13112,世田谷区,35.665625000000006,139.6703125,1237,922,344,307,271
5339359344,13112,世田谷区,35.665625000000006,139.6734375,856,788,210,307,271
5339359411,13112,世田谷区,35.659375000000004,139.67656250000002,750,972,231,264,477
5339359412,13110,目黒区,35.659375000000004,139.67968750000003,193,787,48,264,475
5339359413,13110,目黒区,35.661458333333336,139.67656250000002,458,849,109,264,476
5339359414,13110,目黒区,35.661458333333336,139.67968750000003,155,781,42,264,475
5339359421,13110,目黒区,35.659375000000004,139.6828125,180,2747,38,508,2201
5339359422,13110,目黒区,35.659375000000004,139.68593750000002,30,2713,6,508,2199
5339359423,13110,目黒区,35.661458333333336,139.6828125,111,2752,45,508,2199
5339359424,13110,目黒区,35.661458333333336,139.68593750000002,161,2752,46,507,2199
5339359431,13110,目黒区,35.663541666666674,139.67656250000002,555,531,141,282,108
5339359432,13110,目黒区,35.663541666666674,139.67968750000003,866,627,238,282,107
5339359433,13113,渋谷区,35.665625000000006,139.67656250000002,848,663,276,281,106
5339359434,13113,渋谷区,35.665625000000006,139.67968750000003,1111,722,332,282,108
5339359441,13113,渋谷区,35.663541666666674,139.6828125,796,1027,237,282,508
5339359442,13113,渋谷区,35.663541666666674,139.68593750000002,1473,1157,366,282,509
5339359443,13113,渋谷区,35.665625000000006,139.6828125,804,1031,241,281,509
5339359444,13113,渋谷区,35.665625000000006,139.68593750000002,1160,1127,337,282,508
5339359511,13113,渋谷区,35.659375000000004,139.6890625,687,1148,309,697,142
5339359512,13113,渋谷区,35.659375000000004,139.69218750000002,726,1045,208,696,141
5339359513,13113,渋谷区,35.661458333333336,139.6890625,599,1017,180,696,141
5339359514,13113,渋谷区,35.661458333333336,139.69218750000002,247,954,116,697,141
5339359521,13113,渋谷区,35.659375000000004,139.6953125,466,8398,87,8299,12
5339359522,13113,渋谷区,35.659375000000004,139.6984375,17,8314,4,8298,12
5339359523,13113,渋谷区,35.661458333333336,139.6953125,257,8383,73,8298,12
5339359524,13113,渋谷区,35.661458333333336,139.6984375,48,8327,17,8298,12
5339359531,13113,渋谷区,35.663541666666674,139.6890625,599,1433,161,1272,0
5339359532,13113,渋谷区,35.663541666666674,139.69218750000002,392,1403,132,1271,0
5339359533,13113,渋谷区,35.665625000000006,139.6890625,992,1543,271,1272,0
5339359534,13113,渋谷区,35.665625000000006,139.69218750000002,740,1433,161,1272,0
5339359541,13113,渋谷区,35.663541666666674,139.6953125,493,4604,121,4301,182
5339359542,13113,渋谷区,35.663541666666674,139.6984375,229,4547,65,4301,181
5339359543,13113,渋谷区,35.665625000000006,139.6953125,52,4496,13,4301,182
5339359544,13113,渋谷区,35.665625000000006,139.6984375,62,4508,25,4301,182
5339359611,13113,渋谷区,35.659375000000004,139.7015625,0,13328,0,13197,131
5339359612,13113,渋谷区,35.659375000000004,139.7046875,36,13338,10,13197,131
5339359613,13113,渋谷区,35.661458333333336,139.7015625,51,13342,15,13196,131
5339359614,13113,渋谷区,35.661458333333336,139.7046875,985,13729,400,13198,131
5339359621,13113,渋谷区,35.659375000000004,139.7078125,201,7423,38,4350,3035
5339359622,13113,渋谷区,35.659375000000004,139.7109375,114,7413,29,4349,3035
5339359623,13113,渋谷区,35.661458333333336,139.7078125,156,7419,35,4349,3035
5339359624,13113,渋谷区,35.661458333333336,139.7109375,154,7425,40,4350,3035
5339359631,13113,渋谷区,35.663541666666674,139.7015625,280,6020,74,4426,1520
5339359632,13113,渋谷区,35.663541666666674,139.7046875,719,6172,227,4425,1520
5339359633,13113,渋谷区,35.665625000000006,139.7015625,198,6009,64,4426,1519
5339359634,13113,渋谷区,35.665625000000006,139.7046875,499,6112,167,4425,1520
5339359641,13113,渋谷区,35.663541666666674,139.7078125,229,4808,82,4638,88
5339359642,13103,港区,35.663541666666674,139.7109375,141,4764,38,4639,87
5339359643,13113,渋谷区,35.665625000000006,139.7078125,540,4890,165,4637,88
5339359644,13103,港区,35.665625000000006,139.7109375,136,4762,36,4638,88
5339359711,13103,港区,35.659375000000004,139.7140625,685,2412,189,2223,0
5339359712,13103,港区,35.659375000000004,139.71718750000002,991,2523,300,2223,0
5339359713,13103,港区,35.661458333333336,139.7140625,482,2390,167,2223,0
5339359714,13103,港区,35.661458333333336,139.71718750000002,389,2372,149,2223,0
5339359721,13103,港区,35.659375000000004,139.7203125,610,1607,168,1439,0
5339359722,13103,港区,35.659375000000004,139.72343750000002,880,1676,238,1438,0
5339359723,13103,港区,35.661458333333336,139.7203125,945,1749,311,1438,0
5339359724,13103,港区,35.661458333333336,139.72343750000002,535,1568,129,1439,0
5339359731,13103,港区,35.663541666666674,139.7140625,409,2846,151,2473,222
5339359732,13103,港区,35.663541666666674,139.71718750000002,710,2904,211,2472,221
5339359733,13103,港区,35.665625000000006,139.7140625,305,2785,92,2472,221
5339359734,13103,港区,35.665625000000006,139.71718750000002,636,2910,215,2473,222
5339359741,13103,港区,35.663541666666674,139.7203125,392,235,118,117,0
5339359742,13103,港区,35.663541666666674,139.72343750000002,0,117,0,117,0
5339359743,13103,港区,35.665625000000006,139.7203125,716,346,230,116,0
5339359744,13103,港区,35.665625000000006,139.72343750000002,39,128,11,117,0
5339359811,13103,港区,35.659375000000004,139.7265625,550,6713,155,6558,0
5339359812,13103,港区,35.659375000000004,139.7296875,662,6823,266,6557,0
5339359813,13103,港区,35.661458333333336,139.7265625,489,6713,155,6558,0
5339359814,13103,港区,35.661458333333336,139.7296875,175,6643,86,6557,0
5339359821,13103,港区,35.659375000000004,139.7328125,211,2864,74,2148,642
5339359822,13103,港区,35.659375000000004,139.7359375,744,3026,238,2147,641
5339359823,13103,港区,35.661458333333336,139.7328125,106,2818,30,2147,641
5339359824,13103,港区,35.661458333333336,139.7359375,279,2865,75,2148,642
5339359831,13103,港区,35.663541666666674,139.7265625,239,4480,105,3911,464
5339359832,13103,港区,35.663541666666674,139.7296875,490,4505,133,3910,462
5339359833,13103,港区,35.665625000000006,139.7265625,291,4464,91,3910,463
5339359834,13103,港区,35.665625000000006,139.7296875,234,4449,77,3909,463
5339359841,13103,港区,35.663541666666674,139.7328125,168,2612,33,2579,0
5339359842,13103,港区,35.663541666666674,139.7359375,778,2768,190,2578,0
5339359843,13103,港区,35.665625000000006,139.7328125,861,2895,317,2578,0
5339359844,13103,港区,35.665625000000006,139.7359375,499,2726,148,2578,0
5339359911,13103,港区,35.659375000000004,139.73906250000002,918,1458,257,1077,124
5339359912,13103,港区,35.659375000000004,139.74218750000003,260,1269,71,1075,123
5339359913,13103,港区,35.661458333333336,139.73906250000002,353,1320,121,1076,123
5339359914,13103,港区,35.661458333333336,139.74218750000003,22,1205,6,1076,123
5339359921,13103,港区,35.659375000000004,139.7453125,173,4325,40,3613,672
5339359922,13103,港区,35.659375000000004,139.74843750000002,0,4285,0,3613,672
5339359923,13103,港区,35.661458333333336,139.7453125,306,4369,84,3613,672
5339359924,13103,港区,35.661458333333336,139.74843750000002,146,4324,40,3612,672
5339359931,13103,港区,35.663541666666674,139.73906250000002,703,8674,224,8415,35
5339359932,13103,港区,35.663541666666674,139.74218750000003,801,8728,280,8413,35
5339359933,13103,港区,35.665625000000006,139.73906250000002,420,8590,141,8414,35
5339359934,13103,港区,35.665625000000006,139.74218750000003,173,8507,58,8414,35
5339359941,13103,港区,35.663541666666674,139.7453125,275,8299,88,8139,72
5339359942,13103,港区,35.663541666666674,139.74843750000002,1030,8510,298,8139,73
5339359943,13103,港区,35.665625000000006,139.7453125,448,8316,106,8138,72
5339359944,13103,港区,35.665625000000006,139.74843750000002,224,8271,60,8139,72
5339360011,13111,大田区,35.584375,139.7515625,0,129,0,129,0
5339360012,13111,大田区,35.584375,139.75468750000002,0,130,0,130,0
5339360013,13111,大田区,35.58645833333333,139.7515625,0,129,0,129,0
5339360014,13111,大田区,35.58645833333333,139.75468750000002,0,129,0,129,0
5339360021,13111,大田区,35.584375,139.7578125,0,181,0,181,0
5339360022,13111,大田区,35.584375,139.7609375,0,181,0,181,0
5339360023,13109,品川区,35.58645833333333,139.7578125,0,179,0,179,0
5339360024,13109,品川区,35.58645833333333,139.7609375,0,181,0,181,0
5339360041,13109,品川区,35.58854166666667,139.7578125,0,87,0,87,0
5339360042,13109,品川区,35.58854166666667,139.7609375,0,86,0,86,0
5339360043,13109,品川区,35.590625,139.7578125,0,87,0,87,0
5339360044,13109,品川区,35.590625,139.7609375,0,86,0,86,0
5339360111,13111,大田区,35.584375,139.7640625,0,213,0,213,0
5339360112,13111,大田区,35.584375,139.7671875,0,212,0,212,0
5339360113,13111,大田区,35.58645833333333,139.7640625,0,212,0,212,0
5339360114,13111,大田区,35.58645833333333,139.7671875,0,213,0,213,0
5339360121,13111,大田区,35.584375,139.7703125,0,49,0,49,0
5339360122,13111,大田区,35.584375,139.7734375,0,49,0,49,0
5339360123,13111,大田区,35.58645833333333,139.7703125,0,49,0,49,0
5339360124,13111,大田区,35.58645833333333,139.7734375,0,49,0,49,0
5339360131,13111,大田区,35.58854166666667,139.7640625,0,322,0,322,0
5339360132,13111,大田区,35.58854166666667,139.7671875,0,321,0,321,0
5339360133,13111,大田区,35.590625,139.7640625,0,322,0,322,0
5339360134,13111,大田区,35.590625,139.7671875,0,321,0,321,0
5339360141,13111,大田区,35.58854166666667,139.7703125,0,298,0,298,0
5339360142,13111,大田区,35.58854166666667,139.7734375,0,298,0,298,0
5339360143,13111,大田区,35.590625,139.7703125,0,297,0,297,0
5339360144,13111,大田区,35.590625,139.7734375,0,298,0,298,0
5339360211,13111,大田区,35.584375,139.7765625,0,51,0,51,0
5339360212,13111,大田区,35.584375,139.77968750000002,0,50,0,50,0
5339361011,13109,品川区,35.592708333333334,139.7515625,0,7,0,7,0
5339361012,13109,品川区,35.592708333333334,139.75468750000002,0,7,0,7,0
5339361013,13109,品川区,35.594791666666666,139.7515625,0,7,0,7,0
5339361014,13109,品川区,35.594791666666666,139.75468750000002,0,7,0,7,0
5339361021,13109,品川区,35.592708333333334,139.7578125,0,631,0,631,0
5339361022,13109,品川区,35.592708333333334,139.7609375,0,629,0,629,0
5339361023,13109,品川区,35.594791666666666,139.7578125,0,629,0,629,0
5339361024,13109,品川区,35.594791666666666,139.7609375,0,630,0,630,0
5339361031,13109,品川区,35.596875000000004,139.7515625,1442,1096,553,543,0
5339361032,13109,品川区,35.596875000000004,139.75468750000002,774,843,300,543,0
5339361033,13109,品川区,35.598958333333336,139.7515625,1375,1231,688,543,0
5339361034,13109,品川区,35.598958333333336,139.75468750000002,1200,1047,503,544,0
5339361041,13109,品川区,35.596875000000004,139.7578125,0,160,0,160,0
5339361042,13109,品川区,35.596875000000004,139.7609375,0,160,0,160,0
5339361043,13109,品川区,35.598958333333336,139.7578125,0,159,0,159,0
5339361044,13109,品川区,35.598958333333336,139.7609375,0,161,0,161,0
5339361111,13111,大田区,35.592708333333334,139.7640625,0,227,0,227,0
5339361112,13111,大田区,35.592708333333334,139.7671875,0,225,0,225,0
5339361113,13109,品川区,35.594791666666666,139.7640625,0,226,0,226,0
5339361114,13109,品川区,35.594791666666666,139.7671875,0,227,0,227,0
5339361121,13111,大田区,35.592708333333334,139.7703125,0,255,0,255,0
5339361122,13111,大田区,35.592708333333334,139.7734375,0,255,0,255,0
5339361123,13109,品川区,35.594791666666666,139.7703125,0,253,0,253,0
5339361131,13109,品川区,35.596875000000004,139.7640625,0,58,0,58,0
5339361132,13109,品川区,35.596875000000004,139.7671875,0,58,0,58,0
5339361133,13109,品川区,35.598958333333336,139.7640625,0,57,0,57,0
5339361134,13109,品川区,35.598958333333336,139.7671875,0,58,0,58,0
5339361321,13108,江東区,35.592708333333334,139.7953125,0,1,0,1,0
5339361322,13111,大田区,35.592708333333334,139.7984375,0,1,0,1,0
5339361324,13108,江東区,35.594791666666666,139.7984375,0,1,0,1,0
5339361341,13108,江東区,35.596875000000004,139.7953125,0,88,0,88,0
5339361343,13108,江東区,35.598958333333336,139.7953125,0,88,0,88,0
5339361344,13108,江東区,35.598958333333336,139.7984375,0,88,0,88,0
5339361411,13111,大田区,35.592708333333334,139.80156250000002,0,30,0,30,0
5339361412,13111,大田区,35.592708333333334,139.80468750000003,0,29,0,29,0
5339361413,13111,大田区,35.594791666666666,139.80156250000002,0,29,0,29,0
5339361414,13111,大田区,35.594791666666666,139.80468750000003,0,30,0,30,0
5339361431,13108,江東区,35.596875000000004,139.80156250000002,0,22,0,22,0
5339361432,13111,大田区,35.596875000000004,139.80468750000003,0,21,0,21,0
5339362011,13109,品川区,35.60104166666667,139.7515625,1164,712,417,54,241
5339362012,13109,品川区,35.60104166666667,139.75468750000002,378,408,114,54,240
5339362013,13109,品川区,35.603125,139.7515625,1609,841,549,53,239
5339362014,13109,品川区,35.603125,139.75468750000002,963,655,361,54,240
5339362021,13109,品川区,35.60104166666667,139.7578125,0,107,0,107,0
5339362022,13109,品川区,35.60104166666667,139.7609375,0,106,0,106,0
5339362023,13109,品川区,35.603125,139.7578125,0,106,0,106,0
5339362024,13109,品川区,35.603125,139.7609375,0,106,0,106,0
5339362032,13109,品川区,35.60520833333334,139.75468750000002,489,546,195,351,0
5339362034,13109,品川区,35.60729166666667,139.75468750000002,0,351,0,351,0
5339362041,13109,品川区,35.60520833333334,139.7578125,0,95,0,95,0
5339362042,13109,品川区,35.60520833333334,139.7609375,0,93,0,93,0
5339362043,13109,品川区,35.60729166666667,139.7578125,0,93,0,93,0
5339362044,13109,品川区,35.60729166666667,139.7609375,0,95,0,95,0
5339362111,13109,品川区,35.60104166666667,139.7640625,0,20,0,20,0
5339362112,13109,品川区,35.60104166666667,139.7671875,0,19,0,19,0
5339362113,13109,品川区,35.603125,139.7640625,0,19,0,19,0
5339362114,13109,品川区,35.603125,139.7671875,0,20,0,20,0
5339362242,13108,江東区,35.60520833333334,139.78593750000002,0,84,0,84,0
5339362243,13108,江東区,35.60729166666667,139.7828125,0,85,0,85,0
5339362244,13108,江東区,35.60729166666667,139.78593750000002,0,84,0,84,0
5339362321,13108,江東区,35.60104166666667,139.7953125,0,45,0,45,0
5339362322,13108,江東区,35.60104166666667,139.7984375,0,44,0,44,0
5339362324,13108,江東区,35.603125,139.7984375,0,46,0,46,0
5339362431,13108,江東区,35.60520833333334,139.80156250000002,0,3,0,3,0
5339362432,13108,江東区,35.60520833333334,139.80468750000003,0,3,0,3,0
5339362433,13108,江東区,35.60729166666667,139.80156250000002,0,3,0,3,0
5339362434,13108,江東区,35.60729166666667,139.80468750000003,0,3,0,3,0
5339363012,13109,品川区,35.609375,139.75468750000002,0,374,0,374,0
5339363014,13109,品川区,35.61145833333333,139.75468750000002,0,375,0,375,0
5339363021,13109,品川区,35.609375,139.7578125,0,87,0,87,0
5339363022,13109,品川区,35.609375,139.7609375,0,87,0,87,0
5339363023,13109,品川区,35.61145833333333,139.7578125,0,87,0,87,0
5339363024,13109,品川区,35.61145833333333,139.7609375,0,88,0,88,0
5339363032,13109,品川区,35.61354166666667,139.75468750000002,0,280,0,280,0
5339363034,13109,品川区,35.615625,139.75468750000002,0,280,0,280,0
5339363221,13108,江東区,35.609375,139.7828125,0,289,0,289,0
5339363222,13108,江東区,35.609375,139.78593750000002,0,289,0,289,0
5339363223,13108,江東区,35.61145833333333,139.7828125,0,289,0,289,0
5339363224,13108,江東区,35.61145833333333,139.78593750000002,0,289,0,289,0
5339363232,13108,江東区,35.61354166666667,139.77968750000002,0,490,0,454,36
5339363233,13108,江東区,35.615625,139.7765625,0,491,0,455,36
5339363234,13108,江東区,35.615625,139.77968750000002,0,491,0,455,36
5339363241,13108,江東区,35.61354166666667,139.7828125,0,75,0,75,0
5339363242,13108,江東区,35.61354166666667,139.78593750000002,0,76,0,76,0
5339363243,13108,江東区,35.615625,139.7828125,0,75,0,75,0
5339363244,13108,江東区,35.615625,139.78593750000002,0,75,0,75,0
5339363311,13108,江東区,35.609375,139.7890625,0,49,0,49,0
5339363312,13108,江東区,35.609375,139.7921875,0,49,0,49,0
5339363313,13108,江東区,35.61145833333333,139.7890625,0,50,0,50,0
5339363331,13108,江東区,35.61354166666667,139.7890625,0,5,0,5,0
5339364014,13109,品川区,35.619791666666664,139.75468750000002,0,1878,0,1878,0
5339364031,13109,品川区,35.621875,139.7515625,0,2384,0,2384,0
5339364032,13109,品川区,35.621875,139.75468750000002,322,2483,100,2383,0
5339364033,13109,品川区,35.623958333333334,139.7515625,160,2418,35,2383,0
5339364034,13109,品川区,35.623958333333334,139.75468750000002,605,2547,165,2382,0
5339364041,13109,品川区,35.621875,139.7578125,0,102,0,102,0
5339364043,13109,品川区,35.623958333333334,139.7578125,33,100,0,100,0
5339364123,13109,品川区,35.619791666666664,139.7703125,0,127,0,127,0
5339364141,13109,品川区,35.621875,139.7703125,0,80,0,80,0
5339364142,13108,江東区,35.621875,139.7734375,47,85,6,79,0
5339364143,13109,品川区,35.623958333333334,139.7703125,0,79,0,79,0
5339364144,13108,江東区,35.623958333333334,139.7734375,0,79,0,79,0
5339364211,13108,江東区,35.61770833333333,139.7765625,0,1424,0,1424,0
5339364212,13108,江東区,35.61770833333333,139.77968750000002,0,1423,0,1423,0
5339364213,13108,江東区,35.619791666666664,139.7765625,249,1466,44,1422,0
5339364214,13108,江東区,35.619791666666664,139.77968750000002,0,1424,0,1424,0
5339364221,13108,江東区,35.61770833333333,139.7828125,0,238,0,238,0
5339364222,13108,江東区,35.61770833333333,139.78593750000002,0,238,0,238,0
5339364223,13108,江東区,35.619791666666664,139.7828125,0,237,0,237,0
5339364231,13108,江東区,35.621875,139.7765625,90,248,7,241,0
5339364232,13108,江東区,35.621875,139.77968750000002,0,240,0,240,0
5339364233,13108,江東区,35.623958333333334,139.7765625,0,240,0,240,0
5339364234,13108,江東区,35.623958333333334,139.77968750000002,0,239,0,239,0
5339364312,13108,江東区,35.61770833333333,139.7921875,0,9,0,9,0
5339364314,13108,江東区,35.619791666666664,139.7921875,0,9,0,9,0
5339364321,13108,江東区,35.61770833333333,139.7953125,0,106,0,106,0
5339364323,13108,江東区,35.619791666666664,139.7953125,0,104,0,104,0
5339364331,13108,江東区,35.621875,139.7890625,0,88,0,88,0
5339364332,13108,江東区,35.621875,139.7921875,0,87,0,87,0
5339364333,13108,江東区,35.623958333333334,139.7890625,0,88,0,88,0
5339364334,13108,江東区,35.623958333333334,139.7921875,0,87,0,87,0
5339364344,13108,江東区,35.623958333333334,139.7984375,0,32,0,32,0
5339364621,13108,江東区,35.61770833333333,139.8328125,0,42,0,42,0
5339364622,13108,江東区,35.61770833333333,139.8359375,0,40,0,40,0
5339364624,13108,江東区,35.619791666666664,139.8359375,0,40,0,40,0
5339364632,13108,江東区,35.621875,139.8296875,0,16,0,16,0
5339364634,13108,江東区,35.623958333333334,139.8296875,0,16,0,16,0
5339364641,13108,江東区,35.621875,139.8328125,0,3,0,3,0
5339364642,13108,江東区,35.621875,139.8359375,0,2,0,2,0
5339364643,13108,江東区,35.623958333333334,139.8328125,0,2,0,2,0
5339364644,13108,江東区,35.623958333333334,139.8359375,0,2,0,2,0
5339365012,13103,港区,35.626041666666666,139.75468750000002,0,332,0,332,0
5339365013,13103,港区,35.628125,139.7515625,2148,897,565,332,0
5339365014,13103,港区,35.628125,139.75468750000002,0,332,0,332,0
5339365021,13109,品川区,35.626041666666666,139.7578125,0,732,0,732,0
5339365023,13103,港区,35.628125,139.7578125,62,742,11,731,0
5339365031,13103,港区,35.630208333333336,139.7515625,1506,892,498,349,45
5339365032,13103,港区,35.630208333333336,139.75468750000002,285,446,54,348,44
5339365033,13103,港区,35.63229166666667,139.7515625,1287,766,374,348,44
5339365034,13103,港区,35.63229166666667,139.75468750000002,0,395,0,350,45
5339365041,13103,港区,35.630208333333336,139.7578125,0,34,0,34,0
5339365043,13103,港区,35.63229166666667,139.7578125,0,34,0,34,0
5339365121,13103,港区,35.626041666666666,139.7703125,0,906,0,906,0
5339365122,13103,港区,35.626041666666666,139.7734375,0,905,0,905,0
5339365124,13103,港区,35.628125,139.7734375,0,906,0,906,0
5339365211,13108,江東区,35.626041666666666,139.7765625,0,2887,0,2887,0
5339365212,13108,江東区,35.626041666666666,139.77968750000002,0,2888,0,2888,0
5339365213,13103,港区,35.628125,139.7765625,0,2886,0,2886,0
5339365214,13103,港区,35.628125,139.77968750000002,0,2888,0,2888,0
5339365221,13108,江東区,35.626041666666666,139.7828125,0,153,0,153,0
5339365223,13108,江東区,35.628125,139.7828125,0,153,0,153,0
5339365231,13103,港区,35.630208333333336,139.7765625,464,633,116,517,0
5339365232,13103,港区,35.630208333333336,139.77968750000002,1172,818,300,518,0
5339365234,13103,港区,35.63229166666667,139.77968750000002,1394,894,377,517,0
5339365242,13108,江東区,35.630208333333336,139.78593750000002,0,1993,0,273,1720
5339365243,13108,江東区,35.63229166666667,139.7828125,0,1991,0,273,1718
5339365244,13108,江東区,35.63229166666667,139.78593750000002,0,1994,0,274,1720
5339365311,13108,江東区,35.626041666666666,139.7890625,0,36,0,36,0
5339365321,13108,江東区,35.626041666666666,139.7953125,0,156,0,156,0
5339365322,13108,江東区,35.626041666666666,139.7984375,0,154,0,154,0
5339365323,13108,江東区,35.628125,139.7953125,0,155,0,155,0
5339365324,13108,江東区,35.628125,139.7984375,0,155,0,155,0
5339365331,13108,江東区,35.630208333333336,139.7890625,0,2715,0,2715,0
5339365332,13108,江東区,35.630208333333336,139.7921875,0,2715,0,2715,0
5339365333,13108,江東区,35.63229166666667,139.7890625,0,2715,0,2715,0
5339365334,13108,江東区,35.63229166666667,139.7921875,0,2715,0,2715,0
5339365341,13108,江東区,35.630208333333336,139.7953125,0,93,0,93,0
5339365342,13108,江東区,35.630208333333336,139.7984375,0,94,0,94,0
5339365343,13108,江東区,35.63229166666667,139.7953125,0,92,0,92,0
5339365344,13108,江東区,35.63229166666667,139.7984375,0,93,0,93,0
5339365411,13108,江東区,35.626041666666666,139.80156250000002,0,2,0,2,0
5339365544,13108,江東区,35.63229166666667,139.8234375,0,87,0,87,0
5339365611,13108,江東区,35.626041666666666,139.8265625,0,15,0,15,0
5339365612,13108,江東区,35.626041666666666,139.8296875,0,15,0,15,0
5339365613,13108,江東区,35.628125,139.8265625,0,14,0,14,0
5339365614,13108,江東区,35.628125,139.8296875,0,16,0,16,0
5339365621,13108,江東区,35.626041666666666,139.8328125,0,109,0,109,0
5339365622,13108,江東区,35.626041666666666,139.8359375,0,108,0,108,0
5339365623,13108,江東区,35.628125,139.8328125,0,109,0,109,0
5339365624,13108,江東区,35.628125,139.8359375,0,109,0,109,0
5339365631,13108,江東区,35.630208333333336,139.8265625,0,41,0,41,0
5339365632,13108,江東区,35.630208333333336,139.8296875,0,41,0,41,0
5339365641,13108,江東区,35.630208333333336,139.8328125,0,34,0,34,0
5339365642,13108,江東区,35.630208333333336,139.8359375,0,33,0,33,0
5339365731,13108,江東区,35.630208333333336,139.8390625,0,33,0,33,0
5339366011,13103,港区,35.634375,139.7515625,474,434,211,223,0
5339366013,13103,港区,35.63645833333333,139.7515625,1768,675,453,222,0
5339366031,13103,港区,35.63854166666667,139.7515625,1221,1994,477,1517,0
5339366032,13103,港区,35.63854166666667,139.75468750000002,662,1657,141,1516,0
5339366033,13103,港区,35.640625,139.7515625,3438,2588,1072,1516,0
5339366034,13103,港区,35.640625,139.75468750000002,446,1622,105,1517,0
5339366041,13103,港区,35.63854166666667,139.7578125,0,1350,0,1339,11
5339366043,13103,港区,35.640625,139.7578125,174,1374,25,1339,10
5339366211,13103,港区,35.634375,139.7765625,1151,781,300,273,208
5339366214,13108,江東区,35.63645833333333,139.77968750000002,0,480,0,272,208
5339366221,13108,江東区,35.634375,139.7828125,0,899,0,584,315
5339366222,13108,江東区,35.634375,139.78593750000002,0,897,0,583,314
5339366223,13108,江東区,35.63645833333333,139.7828125,1133,1245,348,583,314
5339366224,13108,江東区,35.63645833333333,139.78593750000002,4054,1943,1044,584,315
5339366234,13108,江東区,35.640625,139.77968750000002,0,56,0,56,0
5339366311,13108,江東区,35.634375,139.7890625,0,68,0,68,0
5339366312,13108,江東区,35.634375,139.7921875,0,68,0,68,0
5339366313,13108,江東区,35.63645833333333,139.7890625,0,69,0,69,0
5339366314,13108,江東区,35.63645833333333,139.7921875,778,301,233,68,0
5339366321,13108,江東区,35.634375,139.7953125,0,649,0,649,0
5339366322,13108,江東区,35.634375,139.7984375,0,649,0,649,0
5339366323,13108,江東区,35.63645833333333,139.7953125,159,689,41,648,0
5339366324,13108,江東区,35.63645833333333,139.7984375,0,649,0,649,0
5339366331,13108,江東区,35.63854166666667,139.7890625,0,453,0,453,0
5339366332,13108,江東区,35.63854166666667,139.7921875,883,649,198,451,0
5339366333,13108,江東区,35.640625,139.7890625,11,456,4,452,0
5339366334,13108,江東区,35.640625,139.7921875,574,640,188,452,0
5339366341,13108,江東区,35.63854166666667,139.7953125,399,1015,123,317,575
5339366342,13108,江東区,35.63854166666667,139.7984375,0,889,0,316,573
5339366343,13108,江東区,35.640625,139.7953125,377,989,99,316,574
5339366344,13108,江東区,35.640625,139.7984375,0,892,0,317,575
5339366413,13108,江東区,35.63645833333333,139.80156250000002,0,905,0,905,0
5339366431,13108,江東区,35.63854166666667,139.80156250000002,8,900,0,900,0
5339366432,13108,江東区,35.63854166666667,139.80468750000003,19,899,0,899,0
5339366433,13108,江東区,35.640625,139.80156250000002,637,1035,136,899,0
5339366434,13108,江東区,35.640625,139.80468750000003,15,900,0,900,0
5339366522,13108,江東区,35.634375,139.8234375,0,268,0,268,0
5339366524,13108,江東区,35.63645833333333,139.8234375,0,269,0,269,0
5339366542,13108,江東区,35.63854166666667,139.8234375,0,662,0,662,0
5339366544,13108,江東区,35.640625,139.8234375,0,663,0,663,0
5339366621,13108,江東区,35.634375,139.8328125,0,394,0,394,0
5339366622,13108,江東区,35.634375,139.8359375,0,393,0,393,0
5339366624,13108,江東区,35.63645833333333,139.8359375,0,394,0,394,0
5339366631,13108,江東区,35.63854166666667,139.8265625,15,306,0,306,0
5339366632,13108,江東区,35.63854166666667,139.8296875,0,305,0,305,0
5339366642,13108,江東区,35.63854166666667,139.8359375,0,370,0,370,0
5339366644,13108,江東区,35.640625,139.8359375,0,370,0,370,0
5339366711,13108,江東区,35.634375,139.8390625,0,1,0,1,0
5339366713,13108,江東区,35.63645833333333,139.8390625,0,1,0,1,0
5339366731,13108,江東区,35.63854166666667,139.8390625,0,88,0,88,0
5339366733,13108,江東区,35.640625,139.8390625,0,86,0,86,0
5339366843,13123,江戸川区,35.640625,139.8578125,0,52,0,52,0
5339366844,13123,江戸川区,35.640625,139.8609375,0,53,0,53,0
5339367011,13103,港区,35.64270833333333,139.7515625,253,2730,75,2655,0
5339367012,13103,港区,35.64270833333333,139.75468750000002,624,2791,137,2654,0
5339367013,13103,港区,35.64479166666666,139.7515625,556,2794,141,2653,0
5339367014,13103,港区,35.64479166666666,139.75468750000002,1828,3191,536,2655,0
5339367021,13103,港区,35.64270833333333,139.7578125,300,815,102,713,0
5339367023,13103,港区,35.64479166666666,139.7578125,44,721,8,713,0
5339367031,13103,港区,35.646875,139.7515625,1173,6269,346,5923,0
5339367032,13103,港区,35.646875,139.75468750000002,2159,6652,731,5921,0
5339367033,13103,港区,35.64895833333333,139.7515625,889,6129,208,5921,0
5339367034,13103,港区,35.64895833333333,139.75468750000002,516,5994,72,5922,0
5339367041,13103,港区,35.646875,139.7578125,537,1786,101,1685,0
5339367043,13103,港区,35.64895833333333,139.7578125,334,1758,73,1685,0
5339367142,13102,中央区,35.646875,139.7734375,0,44,0,44,0
5339367143,13102,中央区,35.64895833333333,139.7703125,0,44,0,44,0
5339367144,13102,中央区,35.64895833333333,139.7734375,0,44,0,44,0
5339367212,13108,江東区,35.64270833333333,139.77968750000002,0,940,0,940,0
5339367214,13108,江東区,35.64479166666666,139.77968750000002,0,940,0,940,0
5339367221,13108,江東区,35.64270833333333,139.7828125,0,715,0,715,0
5339367222,13108,江東区,35.64270833333333,139.78593750000002,0,715,0,715,0
5339367223,13108,江東区,35.64479166666666,139.7828125,0,716,0,716,0
5339367224,13108,江東区,35.64479166666666,139.78593750000002,0,715,0,715,0
5339367241,13108,江東区,35.646875,139.7828125,0,11,0,11,0
5339367242,13108,江東区,35.646875,139.78593750000002,0,11,0,11,0
5339367244,13108,江東区,35.64895833333333,139.78593750000002,0,11,0,11,0
5339367311,13108,江東区,35.64270833333333,139.7890625,0,354,0,354,0
5339367312,13108,江東区,35.64270833333333,139.7921875,0,354,0,354,0
5339367313,13108,江東区,35.64479166666666,139.7890625,0,354,0,354,0
5339367321,13108,江東区,35.64270833333333,139.7953125,1226,1058,317,190,551
5339367322,13108,江東区,35.64270833333333,139.7984375,1337,1224,483,190,551
5339367324,13108,江東区,35.64479166666666,139.7984375,760,1120,381,189,550
5339367331,13108,江東区,35.646875,139.7890625,0,346,0,122,224
5339367332,13108,江東区,35.646875,139.7921875,2389,1098,754,121,223
5339367333,13108,江東区,35.64895833333333,139.7890625,0,344,0,121,223
5339367334,13108,江東区,35.64895833333333,139.7921875,550,477,132,122,223
5339367342,13108,江東区,35.646875,139.7984375,0,849,0,849,0
5339367344,13108,江東区,35.64895833333333,139.7984375,902,1049,199,850,0
5339367411,13108,江東区,35.64270833333333,139.80156250000002,1491,884,443,441,0
5339367412,13108,江東区,35.64270833333333,139.80468750000003,1418,888,447,441,0
5339367413,13108,江東区,35.64479166666666,139.80156250000002,1718,937,497,440,0
5339367414,13108,江東区,35.64479166666666,139.80468750000003,2669,1198,756,442,0
5339367421,13108,江東区,35.64270833333333,139.8078125,0,215,0,215,0
5339367422,13108,江東区,35.64270833333333,139.81093750000002,0,216,0,216,0
5339367424,13108,江東区,35.64479166666666,139.81093750000002,0,215,0,215,0
5339367431,13108,江東区,35.646875,139.80156250000002,2350,973,448,525,0
5339367432,13108,江東区,35.646875,139.80468750000003,3729,1468,943,525,0
5339367433,13108,江東区,35.64895833333333,139.80156250000002,1180,785,261,524,0
5339367434,13108,江東区,35.64895833333333,139.80468750000003,3444,1420,896,524,0
5339367441,13108,江東区,35.646875,139.8078125,58,591,10,172,409
5339367442,13108,江東区,35.646875,139.81093750000002,354,795,216,171,408
5339367443,13108,江東区,35.64895833333333,139.8078125,840,1020,442,171,407
5339367444,13108,江東区,35.64895833333333,139.81093750000002,890,1050,469,172,409
5339367511,13108,江東区,35.64270833333333,139.8140625,0,315,0,315,0
5339367512,13108,江東区,35.64270833333333,139.81718750000002,0,315,0,315,0
5339367513,13108,江東区,35.64479166666666,139.8140625,0,314,0,314,0
5339367514,13108,江東区,35.64479166666666,139.81718750000002,0,315,0,315,0
5339367521,13108,江東区,35.64270833333333,139.8203125,13,479,2,477,0
5339367523,13108,江東区,35.64479166666666,139.8203125,0,476,0,476,0
5339367524,13108,江東区,35.64479166666666,139.8234375,0,477,0,477,0
5339367531,13108,江東区,35.646875,139.8140625,754,369,186,183,0
5339367532,13108,江東区,35.646875,139.81718750000002,290,239,58,181,0
5339367533,13108,江東区,35.64895833333333,139.8140625,0,182,0,182,0
5339367534,13108,江東区,35.64895833333333,139.81718750000002,21,188,6,182,0
5339367541,13108,江東区,35.646875,139.8203125,0,8,0,8,0
5339367542,13108,江東区,35.646875,139.8234375,0,8,0,8,0
5339367543,13108,江東区,35.64895833333333,139.8203125,0,7,0,7,0
5339367544,13108,江東区,35.64895833333333,139.8234375,0,8,0,8,0
5339367613,13108,江東区,35.64479166666666,139.8265625,0,2042,0,2042,0
5339367614,13108,江東区,35.64479166666666,139.8296875,0,2044,0,2044,0
5339367622,13108,江東区,35.64270833333333,139.8359375,0,441,0,441,0
5339367623,13108,江東区,35.64479166666666,139.8328125,0,440,0,440,0
5339367624,13108,江東区,35.64479166666666,139.8359375,0,442,0,442,0
5339367631,13108,江東区,35.646875,139.8265625,0,146,0,146,0
5339367632,13108,江東区,35.646875,139.8296875,0,146,0,146,0
5339367633,13108,江東区,35.64895833333333,139.8265625,0,145,0,145,0
5339367634,13108,江東区,35.64895833333333,139.8296875,0,147,0,147,0
5339367641,13108,江東区,35.646875,139.8328125,0,323,0,323,0
5339367642,13108,江東区,35.646875,139.8359375,0,322,0,322,0
5339367643,13108,江東区,35.64895833333333,139.8328125,0,322,0,322,0
5339367644,13108,江東区,35.64895833333333,139.8359375,0,323,0,323,0
5339367711,13108,江東区,35.64270833333333,139.8390625,0,129,0,129,0
5339367713,13108,江東区,35.64479166666666,139.8390625,0,128,0,128,0
5339367731,13108,江東区,35.646875,139.8390625,0,45,0,45,0
5339367733,13108,江東区,35.64895833333333,139.8390625,0,44,0,44,0
5339367811,13123,江戸川区,35.64270833333333,139.8515625,0,47,0,47,0
5339367812,13123,江戸川区,35.64270833333333,139.8546875,0,48,0,48,0
5339367813,13123,江戸川区,35.64479166666666,139.8515625,0,47,0,47,0
5339367814,13123,江戸川区,35.64479166666666,139.8546875,0,47,0,47,0
5339367821,13123,江戸川区,35.64270833333333,139.8578125,0,85,0,85,0
5339367822,13123,江戸川区,35.64270833333333,139.8609375,0,84,0,84,0
5339367823,13123,江戸川区,35.64479166666666,139.8578125,0,85,0,85,0
5339367824,13123,江戸川区,35.64479166666666,139.8609375,0,84,0,84,0
5339367831,13123,江戸川区,35.646875,139.8515625,0,42,0,42,0
5339367832,13123,江戸川区,35.646875,139.8546875,0,41,0,41,0
5339367833,13123,江戸川区,35.64895833333333,139.8515625,0,41,0,41,0
5339367834,13123,江戸川区,35.64895833333333,139.8546875,0,43,0,43,0
5339367841,13123,江戸川区,35.646875,139.8578125,0,344,0,344,0
5339367842,13123,江戸川区,35.646875,139.8609375,23,344,1,343,0
5339367843,13123,江戸川区,35.64895833333333,139.8578125,0,343,0,343,0
5339367844,13123,江戸川区,35.64895833333333,139.8609375,0,344,0,344,0
5339367911,13123,江戸川区,35.64270833333333,139.86406250000002,0,203,0,203,0
5339367912,13123,江戸川区,35.64270833333333,139.86718750000003,222,266,65,201,0
5339367913,13123,江戸川区,35.64479166666666,139.86406250000002,0,202,0,202,0
5339367914,13123,江戸川区,35.64479166666666,139.86718750000003,102,233,30,203,0
5339367921,13123,江戸川区,35.64270833333333,139.8703125,1129,989,266,337,386
5339367922,13123,江戸川区,35.64270833333333,139.87343750000002,1803,1184,461,337,386
5339367923,13123,江戸川区,35.64479166666666,139.8703125,1251,1061,338,337,386
5339367924,13123,江戸川区,35.64479166666666,139.87343750000002,1670,1106,382,337,387
5339367931,13123,江戸川区,35.646875,139.86406250000002,57,717,0,717,0
5339367932,13123,江戸川区,35.646875,139.86718750000003,0,717,0,717,0
5339367933,13123,江戸川区,35.64895833333333,139.86406250000002,87,740,24,716,0
5339367934,13123,江戸川区,35.64895833333333,139.86718750000003,644,905,188,717,0
5339367941,13123,江戸川区,35.646875,139.8703125,921,950,194,607,149
5339367942,13123,江戸川区,35.646875,139.87343750000002,1084,985,229,607,149
5339367943,13123,江戸川区,35.64895833333333,139.8703125,1474,1253,498,607,148
5339367944,13123,江戸川区,35.64895833333333,139.87343750000002,1152,1077,320,607,150
5339368011,13103,港区,35.65104166666667,139.7515625,1633,6976,435,6431,110
5339368012,13103,港区,35.65104166666667,139.75468750000002,737,6674,133,6431,110
5339368013,13103,港区,35.653125,139.7515625,638,6720,178,6431,111
5339368014,13103,港区,35.653125,139.75468750000002,964,6794,253,6431,110
5339368021,13103,港区,35.65104166666667,139.7578125,83,5336,19,5317,0
5339368023,13103,港区,35.653125,139.7578125,0,5316,0,5316,0
5339368024,13103,港区,35.653125,139.7609375,24,5321,5,5316,0
5339368031,13103,港区,35.65520833333334,139.7515625,418,10136,93,9914,129
5339368032,13103,港区,35.65520833333334,139.75468750000002,293,10102,59,9915,128
5339368033,13103,港区,35.65729166666667,139.7515625,135,10068,27,9914,127
5339368034,13103,港区,35.65729166666667,139.75468750000002,332,10127,83,9915,129
5339368041,13103,港区,35.65520833333334,139.7578125,0,7743,0,7594,149
5339368042,13103,港区,35.65520833333334,139.7609375,280,7809,65,7594,150
5339368043,13103,港区,35.65729166666667,139.7578125,1185,8088,345,7594,149
5339368044,13103,港区,35.65729166666667,139.7609375,5,7745,0,7595,150
5339368114,13102,中央区,35.653125,139.7671875,250,98,67,31,0
5339368122,13102,中央区,35.65104166666667,139.7734375,0,668,0,439,229
5339368123,13102,中央区,35.653125,139.7703125,912,915,245,440,230
5339368124,13102,中央区,35.653125,139.7734375,886,877,207,439,231
5339368131,13103,港区,35.65520833333334,139.7640625,0,830,0,830,0
5339368133,13102,中央区,35.65729166666667,139.7640625,0,829,0,829,0
5339368142,13102,中央区,35.65520833333334,139.7734375,6669,2530,1804,726,0
5339368143,13102,中央区,35.65729166666667,139.7703125,2168,1456,731,725,0
5339368144,13102,中央区,35.65729166666667,139.7734375,3572,1764,1038,726,0
5339368211,13102,中央区,35.65104166666667,139.7765625,0,596,0,596,0
5339368212,13102,中央区,35.65104166666667,139.77968750000002,0,596,0,596,0
5339368213,13102,中央区,35.653125,139.7765625,856,804,208,596,0
5339368214,13102,中央区,35.653125,139.77968750000002,89,606,10,596,0
5339368223,13102,中央区,35.653125,139.7828125,6,8,0,8,0
5339368231,13102,中央区,35.65520833333334,139.7765625,2178,1399,714,685,0
5339368232,13102,中央区,35.65520833333334,139.77968750000002,1441,1239,553,686,0
5339368233,13102,中央区,35.65729166666667,139.7765625,1968,1159,475,684,0
5339368234,13102,中央区,35.65729166666667,139.77968750000002,957,907,222,685,0
5339368241,13102,中央区,35.65520833333334,139.7828125,572,5983,201,5782,0
5339368242,13102,中央区,35.65520833333334,139.78593750000002,3432,6829,1048,5781,0
5339368243,13102,中央区,35.65729166666667,139.7828125,1140,6060,279,5781,0
5339368244,13102,中央区,35.65729166666667,139.78593750000002,2746,6661,879,5782,0
5339368312,13108,江東区,35.65104166666667,139.7921875,0,30,0,30,0
5339368321,13108,江東区,35.65104166666667,139.7953125,0,3693,0,3320,373
5339368322,13108,江東区,35.65104166666667,139.7984375,2689,4501,810,3319,372
5339368323,13108,江東区,35.653125,139.7953125,1932,4359,668,3319,372
5339368324,13108,江東区,35.653125,139.7984375,2553,4161,469,3318,374
5339368332,13108,江東区,35.65520833333334,139.7921875,0,584,0,584,0
5339368333,13102,中央区,35.65729166666667,139.7890625,382,711,127,584,0
5339368334,13108,江東区,35.65729166666667,139.7921875,1991,1163,579,584,0
5339368341,13108,江東区,35.65520833333334,139.7953125,0,12092,0,11551,541
5339368342,13108,江東区,35.65520833333334,139.7984375,1164,12436,343,11551,542
5339368343,13108,江東区,35.65729166666667,139.7953125,140,12148,57,11550,541
5339368344,13108,江東区,35.65729166666667,139.7984375,2002,12647,554,11551,542
5339368411,13108,江東区,35.65104166666667,139.80156250000002,865,400,258,142,0
5339368412,13108,江東区,35.65104166666667,139.80468750000003,315,221,81,140,0
5339368413,13108,江東区,35.653125,139.80156250000002,2519,884,744,140,0
5339368414,13108,江東区,35.653125,139.80468750000003,308,242,101,141,0
5339368421,13108,江東区,35.65104166666667,139.8078125,1052,724,416,308,0
5339368422,13108,江東区,35.65104166666667,139.81093750000002,775,728,421,307,0
5339368423,13108,江東区,35.653125,139.8078125,1915,837,530,307,0
5339368424,13108,江東区,35.653125,139.81093750000002,1513,739,432,307,0
5339368431,13108,江東区,35.65520833333334,139.80156250000002,3871,1259,884,353,22
5339368432,13108,江東区,35.65520833333334,139.80468750000003,840,681,306,353,22
5339368433,13108,江東区,35.65729166666667,139.80156250000002,1495,746,372,352,22
5339368434,13108,江東区,35.65729166666667,139.80468750000003,1172,754,378,354,22
5339368441,13108,江東区,35.65520833333334,139.8078125,574,411,142,269,0
5339368442,13108,江東区,35.65520833333334,139.81093750000002,0,270,0,270,0
5339368443,13108,江東区,35.65729166666667,139.8078125,617,430,160,270,0
5339368444,13108,江東区,35.65729166666667,139.81093750000002,688,451,181,270,0
5339368511,13108,江東区,35.65104166666667,139.8140625,0,93,0,93,0
5339368512,13108,江東区,35.65104166666667,139.81718750000002,0,93,0,93,0
5339368513,13108,江東区,35.653125,139.8140625,0,92,0,92,0
5339368514,13108,江東区,35.653125,139.81718750000002,566,259,167,92,0
5339368521,13108,江東区,35.65104166666667,139.8203125,0,2,0,2,0
5339368522,13108,江東区,35.65104166666667,139.8234375,0,2,0,2,0
5339368523,13108,江東区,35.653125,139.8203125,0,2,0,2,0
5339368524,13108,江東区,35.653125,139.8234375,0,2,0,2,0
5339368531,13108,江東区,35.65520833333334,139.8140625,948,741,297,444,0
5339368532,13108,江東区,35.65520833333334,139.81718750000002,106,457,15,442,0
5339368533,13108,江東区,35.65729166666667,139.8140625,535,544,101,443,0
5339368534,13108,江東区,35.65729166666667,139.81718750000002,1437,750,307,443,0
5339368541,13108,江東区,35.65520833333334,139.8203125,138,481,7,474,0
5339368542,13108,江東区,35.65520833333334,139.8234375,0,472,0,472,0
5339368543,13108,江東区,35.65729166666667,139.8203125,0,473,0,473,0
5339368544,13108,江東区,35.65729166666667,139.8234375,0,472,0,472,0
5339368611,13108,江東区,35.65104166666667,139.8265625,0,2,0,2,0
5339368612,13108,江東区,35.65104166666667,139.8296875,0,2,0,2,0
5339368613,13108,江東区,35.653125,139.8265625,0,1,0,1,0
5339368614,13108,江東区,35.653125,139.8296875,0,2,0,2,0
5339368621,13108,江東区,35.65104166666667,139.8328125,0,15,0,15,0
5339368622,13108,江東区,35.65104166666667,139.8359375,0,14,0,14,0
5339368623,13108,江東区,35.653125,139.8328125,0,14,0,14,0
5339368624,13108,江東区,35.653125,139.8359375,0,16,0,16,0
5339368631,13108,江東区,35.65520833333334,139.8265625,0,162,0,162,0
5339368632,13108,江東区,35.65520833333334,139.8296875,0,162,0,162,0
5339368633,13108,江東区,35.65729166666667,139.8265625,0,161,0,161,0
5339368634,13108,江東区,35.65729166666667,139.8296875,0,163,0,163,0
5339368641,13108,江東区,35.65520833333334,139.8328125,0,26,0,26,0
5339368642,13108,江東区,35.65520833333334,139.8359375,0,26,0,26,0
5339368643,13108,江東区,35.65729166666667,139.8328125,0,26,0,26,0
5339368644,13108,江東区,35.65729166666667,139.8359375,0,26,0,26,0
5339368711,13108,江東区,35.65104166666667,139.8390625,0,7,0,7,0
5339368713,13108,江東区,35.653125,139.8390625,0,6,0,6,0
5339368714,13108,江東区,35.653125,139.84218750000002,0,7,0,7,0
5339368731,13108,江東区,35.65520833333334,139.8390625,0,11,0,11,0
5339368732,13108,江東区,35.65520833333334,139.84218750000002,0,11,0,11,0
5339368733,13108,江東区,35.65729166666667,139.8390625,0,11,0,11,0
5339368734,13108,江東区,35.65729166666667,139.84218750000002,0,11,0,11,0
5339368811,13123,江戸川区,35.65104166666667,139.8515625,0,309,0,309,0
5339368812,13123,江戸川区,35.65104166666667,139.8546875,353,333,25,308,0
5339368813,13123,江戸川区,35.653125,139.8515625,0,308,0,308,0
5339368814,13123,江戸川区,35.653125,139.8546875,640,581,272,309,0
5339368821,13123,江戸川区,35.65104166666667,139.8578125,421,397,73,62,262
5339368822,13123,江戸川区,35.65104166666667,139.8609375,1052,711,387,62,262
5339368823,13123,江戸川区,35.653125,139.8578125,955,594,272,61,261
5339368824,13123,江戸川区,35.653125,139.8609375,976,593,270,62,261
5339368831,13123,江戸川区,35.65520833333334,139.8515625,0,533,0,106,427
5339368832,13123,江戸川区,35.65520833333334,139.8546875,1270,890,358,106,426
5339368833,13123,江戸川区,35.65729166666667,139.8515625,0,531,0,105,426
5339368834,13123,江戸川区,35.65729166666667,139.8546875,2078,1436,905,105,426
5339368841,13123,江戸川区,35.65520833333334,139.8578125,445,295,120,175,0
5339368842,13123,江戸川区,35.65520833333334,139.8609375,1687,912,738,174,0
5339368843,13123,江戸川区,35.65729166666667,139.8578125,956,603,430,173,0
5339368844,13123,江戸川区,35.65729166666667,139.8609375,1195,548,374,174,0
5339368911,13123,江戸川区,35.65104166666667,139.86406250000002,301,251,53,198,0
5339368912,13123,江戸川区,35.65104166666667,139.86718750000003,1065,445,246,199,0
5339368913,13123,江戸川区,35.653125,139.86406250000002,0,199,0,199,0
5339368914,13123,江戸川区,35.653125,139.86718750000003,1392,510,312,198,0
5339368921,13123,江戸川区,35.65104166666667,139.8703125,1322,797,385,271,141
5339368922,13123,江戸川区,35.65104166666667,139.87343750000002,1019,645,233,271,141
5339368923,13123,江戸川区,35.653125,139.8703125,634,602,192,270,140
5339368924,13123,江戸川区,35.653125,139.87343750000002,1723,778,365,271,142
5339368931,13123,江戸川区,35.65520833333334,139.86406250000002,627,481,131,217,133
5339368932,13123,江戸川区,35.65520833333334,139.86718750000003,1063,644,295,216,133
5339368933,13123,江戸川区,35.65729166666667,139.86406250000002,1518,665,316,217,132
5339368934,13123,江戸川区,35.65729166666667,139.86718750000003,1506,761,410,217,134
5339368941,13123,江戸川区,35.65520833333334,139.8703125,893,489,255,234,0
5339368942,13123,江戸川区,35.65520833333334,139.87343750000002,1578,612,378,234,0
5339368943,13123,江戸川区,35.65729166666667,139.8703125,1140,584,350,234,0
5339368944,13123,江戸川区,35.65729166666667,139.87343750000002,1242,491,257,234,0
5339369011,13103,港区,35.659375000000004,139.7515625,135,8346,33,7810,503
5339369012,13103,港区,35.659375000000004,139.75468750000002,398,8399,86,7810,503
5339369013,13103,港区,35.661458333333336,139.7515625,302,8335,23,7809,503
5339369014,13103,港区,35.661458333333336,139.75468750000002,733,8535,223,7810,502
5339369021,13103,港区,35.659375000000004,139.7578125,1249,3676,283,3393,0
5339369022,13102,中央区,35.659375000000004,139.7609375,259,3483,90,3393,0
5339369023,13103,港区,35.661458333333336,139.7578125,281,3459,66,3393,0
5339369024,13102,中央区,35.661458333333336,139.7609375,729,3663,270,3393,0
5339369031,13103,港区,35.663541666666674,139.7515625,252,9454,75,8751,628
5339369032,13103,港区,35.663541666666674,139.75468750000002,477,9468,90,8750,628
5339369033,13103,港区,35.665625000000006,139.7515625,304,9451,73,8750,628
5339369034,13103,港区,35.665625000000006,139.75468750000002,119,9413,34,8751,628
5339369041,13103,港区,35.663541666666674,139.7578125,196,14341,45,14296,0
5339369042,13102,中央区,35.663541666666674,139.7609375,0,14296,0,14296,0
5339369043,13103,港区,35.665625000000006,139.7578125,55,14316,20,14296,0
5339369044,13102,中央区,35.665625000000006,139.7609375,0,14295,0,14295,0
5339369111,13102,中央区,35.659375000000004,139.7640625,0,474,0,474,0
5339369112,13102,中央区,35.659375000000004,139.7671875,0,472,0,472,0
5339369113,13102,中央区,35.661458333333336,139.7640625,0,473,0,473,0
5339369114,13102,中央区,35.661458333333336,139.7671875,0,473,0,473,0
5339369121,13102,中央区,35.659375000000004,139.7703125,0,1159,0,1159,0
5339369122,13102,中央区,35.659375000000004,139.7734375,1842,1587,427,1160,0
5339369123,13102,中央区,35.661458333333336,139.7703125,0,1159,0,1159,0
5339369124,13102,中央区,35.661458333333336,139.7734375,0,1160,0,1160,0
5339369131,13102,中央区,35.663541666666674,139.7640625,14,6728,0,6597,131
5339369132,13102,中央区,35.663541666666674,139.7671875,0,6726,0,6597,129
5339369133,13102,中央区,35.665625000000006,139.7640625,365,6789,63,6596,130
5339369134,13102,中央区,35.665625000000006,139.7671875,503,6775,47,6598,130
5339369141,13102,中央区,35.663541666666674,139.7703125,54,2391,13,2312,66
5339369142,13102,中央区,35.663541666666674,139.7734375,418,2477,98,2313,66
5339369143,13102,中央区,35.665625000000006,139.7703125,352,2466,88,2313,65
5339369144,13102,中央区,35.665625000000006,139.7734375,2086,2947,569,2312,66
5339369211,13102,中央区,35.659375000000004,139.7765625,2254,2693,649,1690,354
5339369212,13102,中央区,35.659375000000004,139.77968750000002,1938,2742,701,1688,353
5339369213,13102,中央区,35.661458333333336,139.7765625,2837,2852,810,1689,353
5339369214,13102,中央区,35.661458333333336,139.77968750000002,1957,2663,620,1689,354
5339369221,13102,中央区,35.659375000000004,139.7828125,2363,1917,743,536,638
5339369222,13102,中央区,35.659375000000004,139.78593750000002,173,1304,130,536,638
5339369223,13102,中央区,35.661458333333336,139.7828125,1923,1660,489,534,637
5339369224,13102,中央区,35.661458333333336,139.78593750000002,489,1332,158,536,638
5339369231,13102,中央区,35.663541666666674,139.7765625,154,1600,15,1585,0
5339369232,13102,中央区,35.663541666666674,139.77968750000002,1924,2146,560,1586,0
5339369233,13102,中央区,35.665625000000006,139.7765625,1611,2047,463,1584,0
5339369234,13102,中央区,35.665625000000006,139.77968750000002,689,1848,263,1585,0
5339369241,13102,中央区,35.663541666666674,139.7828125,3467,1879,1050,829,0
5339369242,13102,中央区,35.663541666666674,139.78593750000002,1961,1409,582,827,0
5339369243,13102,中央区,35.665625000000006,139.7828125,2060,1367,539,828,0
5339369244,13102,中央区,35.665625000000006,139.78593750000002,2910,1762,933,829,0
5339369311,13102,中央区,35.659375000000004,139.7890625,0,2436,0,2436,0
5339369312,13108,江東区,35.659375000000004,139.7921875,1866,2977,541,2436,0
5339369313,13102,中央区,35.661458333333336,139.7890625,25,2440,5,2435,0
5339369314,13108,江東区,35.661458333333336,139.7921875,1890,3271,835,2436,0
5339369321,13108,江東区,35.659375000000004,139.7953125,2702,2824,772,326,1726
5339369322,13108,江東区,35.659375000000004,139.7984375,2433,2781,730,326,1725
5339369323,13108,江東区,35.661458333333336,139.7953125,912,2354,302,326,1726
5339369324,13108,江東区,35.661458333333336,139.7984375,548,2176,125,326,1725
5339369331,13102,中央区,35.663541666666674,139.7890625,0,13,0,13,0
5339369332,13108,江東区,35.663541666666674,139.7921875,255,97,84,13,0
5339369333,13102,中央区,35.665625000000006,139.7890625,0,12,0,12,0
5339369334,13108,江東区,35.665625000000006,139.7921875,0,13,0,13,0
5339369341,13108,江東区,35.663541666666674,139.7953125,1186,1701,386,882,433
5339369342,13108,江東区,35.663541666666674,139.7984375,276,1412,99,882,431
5339369343,13108,江東区,35.665625000000006,139.7953125,741,1584,270,882,432
5339369344,13108,江東区,35.665625000000006,139.7984375,1275,1693,380,882,431
5339369411,13108,江東区,35.659375000000004,139.80156250000002,1297,738,480,258,0
5339369412,13108,江東区,35.659375000000004,139.80468750000003,824,528,269,259,0
5339369413,13108,江東区,35.661458333333336,139.80156250000002,2751,966,708,258,0
5339369414,13108,江東区,35.661458333333336,139.80468750000003,2039,1076,817,259,0
5339369421,13108,江東区,35.659375000000004,139.8078125,734,867,207,423,237
5339369422,13108,江東区,35.659375000000004,139.81093750000002,1407,1147,487,423,237
5339369423,13108,江東区,35.661458333333336,139.8078125,1428,1018,361,422,235
5339369424,13108,江東区,35.661458333333336,139.81093750000002,877,888,228,423,237
5339369431,13108,江東区,35.663541666666674,139.80156250000002,1185,1532,239,1287,6
5339369432,13108,江東区,35.663541666666674,139.80468750000003,87,1298,6,1286,6
5339369433,13108,江東区,35.665625000000006,139.80156250000002,1363,1677,386,1285,6
5339369434,13108,江東区,35.665625000000006,139.80468750000003,347,1341,49,1286,6
5339369441,13108,江東区,35.663541666666674,139.8078125,2161,1012,618,243,151
5339369442,13108,江東区,35.663541666666674,139.81093750000002,748,619,226,243,150
5339369443,13108,江東区,35.665625000000006,139.8078125,903,680,286,243,151
5339369444,13108,江東区,35.665625000000006,139.81093750000002,784,612,220,242,150
5339369511,13108,江東区,35.659375000000004,139.8140625,166,648,35,613,0
5339369512,13108,江東区,35.659375000000004,139.81718750000002,894,823,210,613,0
5339369513,13108,江東区,35.661458333333336,139.8140625,605,771,158,613,0
5339369514,13108,江東区,35.661458333333336,139.81718750000002,796,787,174,613,0
5339369521,13108,江東区,35.659375000000004,139.8203125,0,524,0,524,0
5339369522,13108,江東区,35.659375000000004,139.8234375,0,523,0,523,0
5339369523,13108,江東区,35.661458333333336,139.8203125,0,523,0,523,0
5339369524,13108,江東区,35.661458333333336,139.8234375,0,522,0,522,0
5339369531,13108,江東区,35.663541666666674,139.8140625,1038,1301,241,687,373
5339369532,13108,江東区,35.663541666666674,139.81718750000002,232,1113,54,686,373
5339369533,13108,江東区,35.665625000000006,139.8140625,1451,1731,673,686,372
5339369534,13108,江東区,35.665625000000006,139.81718750000002,2590,1945,886,686,373
5339369541,13108,江東区,35.663541666666674,139.8203125,0,357,0,357,0
5339369542,13108,江東区,35.663541666666674,139.8234375,0,358,0,358,0
5339369543,13108,江東区,35.665625000000006,139.8203125,1372,814,458,356,0
5339369544,13108,江東区,35.665625000000006,139.8234375,0,357,0,357,0
5339369611,13108,江東区,35.659375000000004,139.8265625,0,816,0,816,0
5339369612,13108,江東区,35.659375000000004,139.8296875,5,815,0,815,0
5339369613,13108,江東区,35.661458333333336,139.8265625,0,815,0,815,0
5339369614,13108,江東区,35.661458333333336,139.8296875,0,816,0,816,0
5339369621,13108,江東区,35.659375000000004,139.8328125,0,4,0,4,0
5339369622,13108,江東区,35.659375000000004,139.8359375,0,3,0,3,0
5339369623,13108,江東区,35.661458333333336,139.8328125,0,3,0,3,0
5339369624,13108,江東区,35.661458333333336,139.8359375,0,4,0,4,0
5339369631,13108,江東区,35.663541666666674,139.8265625,0,244,0,244,0
5339369632,13108,江東区,35.663541666666674,139.8296875,0,244,0,244,0
5339369633,13108,江東区,35.665625000000006,139.8265625,0,244,0,244,0
5339369634,13108,江東区,35.665625000000006,139.8296875,0,245,0,245,0
5339369641,13108,江東区,35.663541666666674,139.8328125,0,982,0,982,0
5339369642,13108,江東区,35.663541666666674,139.8359375,0,982,0,982,0
5339369643,13108,江東区,35.665625000000006,139.8328125,490,1178,196,982,0
5339369644,13108,江東区,35.665625000000006,139.8359375,1576,1302,319,983,0
5339369731,13108,江東区,35.663541666666674,139.8390625,0,423,0,423,0
5339369732,13108,江東区,35.663541666666674,139.84218750000002,0,423,0,423,0
5339369733,13108,江東区,35.665625000000006,139.8390625,78,447,24,423,0
5339369734,13108,江東区,35.665625000000006,139.84218750000002,918,627,204,423,0
5339369811,13123,江戸川区,35.659375000000004,139.8515625,1772,922,558,120,244
5339369812,13123,江戸川区,35.659375000000004,139.8546875,2278,1241,880,118,243
5339369813,13123,江戸川区,35.661458333333336,139.8515625,142,404,44,118,242
5339369814,13123,江戸川区,35.661458333333336,139.8546875,1765,1122,759,119,244
5339369821,13123,江戸川区,35.659375000000004,139.8578125,1002,947,312,392,243
5339369822,13123,江戸川区,35.659375000000004,139.8609375,1412,924,291,391,242
5339369823,13123,江戸川区,35.661458333333336,139.8578125,614,809,175,392,242
5339369824,13123,江戸川区,35.661458333333336,139.8609375,1372,979,347,391,241
5339369831,13123,江戸川区,35.663541666666674,139.8515625,275,590,134,185,271
5339369832,13123,江戸川区,35.663541666666674,139.8546875,1562,1095,639,185,271
5339369833,13123,江戸川区,35.665625000000006,139.8515625,1192,752,296,185,271
5339369834,13123,江戸川区,35.665625000000006,139.8546875,2293,1112,656,185,271
5339369841,13123,江戸川区,35.663541666666674,139.8578125,1165,2577,207,1962,408
5339369842,13123,江戸川区,35.663541666666674,139.8609375,2219,3032,663,1961,408
5339369843,13123,江戸川区,35.665625000000006,139.8578125,1981,2838,470,1961,407
5339369844,13123,江戸川区,35.665625000000006,139.8609375,1949,3072,704,1961,407
5339369911,13123,江戸川区,35.659375000000004,139.86406250000002,1325,765,296,324,145
5339369912,13123,江戸川区,35.659375000000004,139.86718750000003,1466,780,312,324,144
5339369913,13123,江戸川区,35.661458333333336,139.86406250000002,1624,889,421,323,145
5339369914,13123,江戸川区,35.661458333333336,139.86718750000003,1417,806,338,324,144
5339369921,13123,江戸川区,35.659375000000004,139.8703125,877,1037,180,687,170
5339369922,13123,江戸川区,35.659375000000004,139.87343750000002,1439,1120,265,687,168
5339369923,13123,江戸川区,35.661458333333336,139.8703125,1299,1181,326,686,169
5339369924,13123,江戸川区,35.661458333333336,139.87343750000002,2320,1361,506,687,168
5339369931,13123,江戸川区,35.663541666666674,139.86406250000002,1694,938,459,392,87
5339369932,13123,江戸川区,35.663541666666674,139.86718750000003,1818,982,504,393,85
5339369933,13123,江戸川区,35.665625000000006,139.86406250000002,1571,1101,625,391,85
5339369934,13123,江戸川区,35.665625000000006,139.86718750000003,1500,856,377,392,87
5339369941,13123,江戸川区,35.663541666666674,139.8703125,1394,1747,367,1380,0
5339369942,13123,江戸川区,35.663541666666674,139.87343750000002,1487,1793,414,1379,0
5339369943,13123,江戸川区,35.665625000000006,139.8703125,1328,1616,236,1380,0
5339369944,13123,江戸川区,35.665625000000006,139.87343750000002,1629,1713,334,1379,0
5339377011,13123,江戸川区,35.64270833333333,139.8765625,0,90,0,90,0
5339377013,13123,江戸川区,35.64479166666666,139.8765625,1039,346,257,89,0
5339377014,13123,江戸川区,35.64479166666666,139.87968750000002,811,393,302,91,0
5339377023,13123,江戸川区,35.64479166666666,139.8828125,115,360,47,163,150
5339377031,13123,江戸川区,35.646875,139.8765625,2008,688,485,203,0
5339377032,13123,江戸川区,35.646875,139.87968750000002,1897,958,755,203,0
5339377033,13123,江戸川区,35.64895833333333,139.8765625,944,467,264,203,0
5339377034,13123,江戸川区,35.64895833333333,139.87968750000002,477,341,139,202,0
5339377041,13123,江戸川区,35.646875,139.8828125,1146,544,499,45,0
5339377043,13123,江戸川区,35.64895833333333,139.8828125,0,43,0,43,0
5339378011,13123,江戸川区,35.65104166666667,139.8765625,1099,722,250,164,308
5339378012,13123,江戸川区,35.65104166666667,139.87968750000002,1360,766,294,165,307
5339378013,13123,江戸川区,35.653125,139.8765625,1502,869,398,164,307
5339378014,13123,江戸川区,35.653125,139.87968750000002,633,620,149,164,307
5339378021,13123,江戸川区,35.65104166666667,139.8828125,0,527,0,527,0
5339378023,13123,江戸川区,35.653125,139.8828125,0,525,0,525,0
5339378024,13123,江戸川区,35.653125,139.8859375,0,527,0,527,0
5339378031,13123,江戸川区,35.65520833333334,139.8765625,1235,431,297,134,0
5339378032,13123,江戸川区,35.65520833333334,139.87968750000002,1518,619,484,135,0
5339378033,13123,江戸川区,35.65729166666667,139.8765625,938,366,232,134,0
5339378034,13123,江戸川区,35.65729166666667,139.87968750000002,779,311,176,135,0
5339378041,13123,江戸川区,35.65520833333334,139.8828125,1012,412,312,100,0
5339378042,13123,江戸川区,35.65520833333334,139.8859375,22,108,8,100,0
5339378043,13123,江戸川区,35.65729166666667,139.8828125,1510,490,390,100,0
5339378044,13123,江戸川区,35.65729166666667,139.8859375,256,167,67,100,0
5339379011,13123,江戸川区,35.659375000000004,139.8765625,1715,1573,606,578,389
5339379012,13123,江戸川区,35.659375000000004,139.87968750000002,1375,1427,461,578,388
5339379013,13123,江戸川区,35.661458333333336,139.8765625,1693,1316,349,578,389
5339379014,13123,江戸川区,35.661458333333336,139.87968750000002,635,1092,124,579,389
5339379021,13123,江戸川区,35.659375000000004,139.8828125,1769,618,519,99,0
5339379022,13123,江戸川区,35.659375000000004,139.8859375,487,292,192,100,0
5339379023,13123,江戸川区,35.661458333333336,139.8828125,1303,417,319,98,0
5339379024,13123,江戸川区,35.661458333333336,139.8859375,605,280,181,99,0
5339379031,13123,江戸川区,35.663541666666674,139.8765625,1663,835,338,337,160
5339379032,13123,江戸川区,35.663541666666674,139.87968750000002,1259,827,331,336,160
5339379033,13123,江戸川区,35.665625000000006,139.8765625,1267,824,329,336,159
5339379034,13123,江戸川区,35.665625000000006,139.87968750000002,1280,798,302,336,160
5339379041,13123,江戸川区,35.663541666666674,139.8828125,859,426,239,187,0
5339379042,13123,江戸川区,35.663541666666674,139.8859375,528,342,155,187,0
5339379043,13123,江戸川区,35.665625000000006,139.8828125,767,384,197,187,0
5339379044,13123,江戸川区,35.665625000000006,139.8859375,167,229,42,187,0
5339440642,13112,世田谷区,35.67187500000001,139.5859375,1021,539,366,173,0
5339440644,13112,世田谷区,35.67395833333334,139.5859375,730,349,177,172,0
5339440712,13112,世田谷区,35.66770833333334,139.59218750000002,1269,431,286,145,0
5339440713,13112,世田谷区,35.66979166666667,139.5890625,871,469,323,146,0
5339440714,13112,世田谷区,35.66979166666667,139.59218750000002,907,391,245,146,0
5339440721,13112,世田谷区,35.66770833333334,139.5953125,1091,870,259,611,0
5339440722,13112,世田谷区,35.66770833333334,139.59843750000002,1344,1100,489,611,0
5339440723,13112,世田谷区,35.66979166666667,139.5953125,1129,921,311,610,0
5339440724,13112,世田谷区,35.66979166666667,139.59843750000002,1146,915,304,611,0
5339440731,13112,世田谷区,35.67187500000001,139.5890625,1507,1189,484,148,557
5339440732,13112,世田谷区,35.67187500000001,139.59218750000002,748,939,234,148,557
5339440733,13112,世田谷区,35.67395833333334,139.5890625,851,1016,312,147,557
5339440734,13112,世田谷区,35.67395833333334,139.59218750000002,712,889,183,149,557
5339440741,13112,世田谷区,35.67187500000001,139.5953125,1032,915,422,285,208
5339440742,13112,世田谷区,35.67187500000001,139.59843750000002,1426,869,378,284,207
5339440743,13112,世田谷区,35.67395833333334,139.5953125,824,729,237,284,208
5339440744,13112,世田谷区,35.67395833333334,139.59843750000002,881,768,275,285,208
5339440811,13112,世田谷区,35.66770833333334,139.6015625,466,1185,82,1103,0
5339440812,13112,世田谷区,35.66770833333334,139.6046875,1456,1550,447,1103,0
5339440813,13112,世田谷区,35.66979166666667,139.6015625,1051,1334,232,1102,0
5339440814,13112,世田谷区,35.66979166666667,139.6046875,1142,1392,288,1104,0
5339440821,13112,世田谷区,35.66770833333334,139.6078125,1560,927,636,291,0
5339440822,13112,世田谷区,35.66770833333334,139.6109375,1493,779,489,290,0
5339440823,13112,世田谷区,35.66979166666667,139.6078125,1309,754,464,290,0
5339440824,13112,世田谷区,35.66979166666667,139.6109375,1010,524,233,291,0
5339440831,13112,世田谷区,35.67187500000001,139.6015625,824,614,210,268,136
5339440832,13112,世田谷区,35.67187500000001,139.6046875,1914,1017,615,267,135
5339440833,13112,世田谷区,35.67395833333334,139.6015625,1048,740,338,266,136
5339440834,13112,世田谷区,35.67395833333334,139.6046875,1069,801,398,267,136
5339440841,13112,世田谷区,35.67187500000001,139.6078125,2030,791,531,256,4
5339440842,13115,杉並区,35.67187500000001,139.6109375,1135,528,268,256,4
5339440843,13112,世田谷区,35.67395833333334,139.6078125,1150,636,376,256,4
5339440844,13115,杉並区,35.67395833333334,139.6109375,906,522,262,256,4
5339440911,13112,世田谷区,35.66770833333334,139.61406250000002,775,1055,252,803,0
5339440912,13112,世田谷区,35.66770833333334,139.61718750000003,955,1314,510,804,0
5339440913,13112,世田谷区,35.66979166666667,139.61406250000002,1017,1050,246,804,0
5339440914,13112,世田谷区,35.66979166666667,139.61718750000003,979,1050,247,803,0
5339440921,13112,世田谷区,35.66770833333334,139.6203125,214,662,37,391,234
5339440922,13112,世田谷区,35.66770833333334,139.62343750000002,900,890,266,391,233
5339440923,13112,世田谷区,35.66979166666667,139.6203125,1006,895,272,390,233
5339440924,13112,世田谷区,35.66979166666667,139.62343750000002,1317,970,346,391,233
5339440931,13115,杉並区,35.67187500000001,139.61406250000002,1333,928,378,550,0
5339440932,13112,世田谷区,35.67187500000001,139.61718750000003,1271,915,365,550,0
5339440933,13112,世田谷区,35.67395833333334,139.61406250000002,1144,851,301,550,0
5339440934,13112,世田谷区,35.67395833333334,139.61718750000003,1399,967,418,549,0
5339440941,13112,世田谷区,35.67187500000001,139.6203125,1071,459,288,171,0
5339440942,13115,杉並区,35.67187500000001,139.62343750000002,676,376,206,170,0
5339440943,13115,杉並区,35.67395833333334,139.6203125,903,391,222,169,0
5339440944,13115,杉並区,35.67395833333334,139.62343750000002,1020,458,287,171,0
5339441711,13112,世田谷区,35.67604166666667,139.5890625,597,801,152,170,479
5339441712,13112,世田谷区,35.67604166666667,139.59218750000002,1114,952,301,171,480
5339441713,13112,世田谷区,35.678125,139.5890625,1104,874,225,170,479
5339441714,13112,世田谷区,35.678125,139.59218750000002,514,787,137,171,479
5339441721,13112,世田谷区,35.67604166666667,139.5953125,686,301,187,114,0
5339441722,13112,世田谷区,35.67604166666667,139.59843750000002,660,325,211,114,0
5339441723,13112,世田谷区,35.678125,139.5953125,162,166,53,113,0
5339441724,13112,世田谷区,35.678125,139.59843750000002,363,231,117,114,0
5339441731,13112,世田谷区,35.68020833333334,139.5890625,964,412,303,109,0
5339441732,13112,世田谷区,35.68020833333334,139.59218750000002,752,375,267,108,0
5339441733,13112,世田谷区,35.68229166666667,139.5890625,640,311,203,108,0
5339441741,13112,世田谷区,35.68020833333334,139.5953125,560,703,195,429,79
5339441742,13112,世田谷区,35.68020833333334,139.59843750000002,998,878,369,429,80
5339441743,13115,杉並区,35.68229166666667,139.5953125,567,721,214,428,79
5339441744,13115,杉並区,35.68229166666667,139.59843750000002,1175,971,464,428,79
5339441811,13112,世田谷区,35.67604166666667,139.6015625,989,652,299,100,253
5339441812,13112,世田谷区,35.67604166666667,139.6046875,842,647,296,98,253
5339441813,13112,世田谷区,35.678125,139.6015625,887,641,290,98,253
5339441814,13112,世田谷区,35.678125,139.6046875,903,612,260,99,253
5339441821,13112,世田谷区,35.67604166666667,139.6078125,945,345,281,64,0
5339441822,13112,世田谷区,35.67604166666667,139.6109375,786,336,272,64,0
5339441823,13115,杉並区,35.678125,139.6078125,799,343,279,64,0
5339441824,13115,杉並区,35.678125,139.6109375,1012,390,326,64,0
5339441831,13112,世田谷区,35.68020833333334,139.6015625,1045,526,370,55,101
5339441832,13115,杉並区,35.68020833333334,139.6046875,616,333,179,53,101
5339441833,13115,杉並区,35.68229166666667,139.6015625,585,384,229,53,102
5339441834,13115,杉並区,35.68229166666667,139.6046875,163,215,60,54,101
5339441841,13115,杉並区,35.68020833333334,139.6078125,545,758,256,359,143
5339441842,13115,杉並区,35.68020833333334,139.6109375,1517,1650,1148,359,143
5339441843,13115,杉並区,35.68229166666667,139.6078125,924,949,449,358,142
5339441844,13115,杉並区,35.68229166666667,139.6109375,703,859,357,359,143
5339441911,13115,杉並区,35.67604166666667,139.61406250000002,816,676,220,456,0
5339441912,13115,杉並区,35.67604166666667,139.61718750000003,849,675,219,456,0
5339441913,13115,杉並区,35.678125,139.61406250000002,923,708,253,455,0
5339441914,13115,杉並区,35.678125,139.61718750000003,793,671,215,456,0
5339441921,13115,杉並区,35.67604166666667,139.6203125,469,479,146,104,229
5339441922,13115,杉並区,35.67604166666667,139.62343750000002,367,492,159,103,230
5339441923,13115,杉並区,35.678125,139.6203125,890,621,288,104,229
5339441924,13115,杉並区,35.678125,139.62343750000002,624,534,201,103,230
5339441931,13115,杉並区,35.68020833333334,139.61406250000002,938,445,260,185,0
5339441932,13115,杉並区,35.68020833333334,139.61718750000003,1077,530,346,184,0
5339441933,13115,杉並区,35.68229166666667,139.61406250000002,994,584,400,184,0
5339441934,13115,杉並区,35.68229166666667,139.61718750000003,564,351,166,185,0
5339441941,13115,杉並区,35.68020833333334,139.6203125,371,537,149,120,268
5339441942,13115,杉並区,35.68020833333334,139.62343750000002,709,653,267,120,266
5339441943,13115,杉並区,35.68229166666667,139.6203125,524,538,150,121,267
5339441944,13115,杉並区,35.68229166666667,139.62343750000002,983,725,338,120,267
5339442714,13115,杉並区,35.686458333333334,139.59218750000002,723,849,206,140,503
5339442721,13115,杉並区,35.684375,139.5953125,286,315,94,221,0
5339442722,13115,杉並区,35.684375,139.59843750000002,717,436,214,222,0
5339442723,13115,杉並区,35.686458333333334,139.5953125,910,502,280,222,0
5339442724,13115,杉並区,35.686458333333334,139.59843750000002,990,514,293,221,0
5339442741,13115,杉並区,35.68854166666667,139.5953125,799,706,242,246,218
5339442742,13115,杉並区,35.68854166666667,139.59843750000002,713,694,230,247,217
5339442743,13115,杉並区,35.690625000000004,139.5953125,945,732,270,246,216
5339442744,13115,杉並区,35.690625000000004,139.59843750000002,882,777,312,247,218
5339442811,13115,杉並区,35.684375,139.6015625,505,434,189,118,127
5339442812,13115,杉並区,35.684375,139.6046875,61,269,23,119,127
5339442813,13115,杉並区,35.686458333333334,139.6015625,610,421,178,117,126
5339442814,13115,杉並区,35.686458333333334,139.6046875,734,500,255,118,127
5339442821,13115,杉並区,35.684375,139.6078125,876,446,259,187,0
5339442822,13115,杉並区,35.684375,139.6109375,591,369,183,186,0
5339442823,13115,杉並区,35.686458333333334,139.6078125,919,458,273,185,0
5339442824,13115,杉並区,35.686458333333334,139.6109375,423,319,132,187,0
5339442831,13115,杉並区,35.68854166666667,139.6015625,990,628,300,179,149
5339442832,13115,杉並区,35.68854166666667,139.6046875,1122,652,323,179,150
5339442833,13115,杉並区,35.690625000000004,139.6015625,1001,664,336,179,149
5339442834,13115,杉並区,35.690625000000004,139.6046875,667,551,222,179,150
5339442841,13115,杉並区,35.68854166666667,139.6078125,1099,586,342,244,0
5339442842,13115,杉並区,35.68854166666667,139.6109375,1124,662,419,243,0
5339442843,13115,杉並区,35.690625000000004,139.6078125,1216,643,400,243,0
5339442844,13115,杉並区,35.690625000000004,139.6109375,898,500,258,242,0
5339442911,13115,杉並区,35.684375,139.61406250000002,270,712,90,379,243
5339442912,13115,杉並区,35.684375,139.61718750000003,1249,1039,418,378,243
5339442913,13115,杉並区,35.686458333333334,139.61406250000002,1519,1082,462,377,243
5339442914,13115,杉並区,35.686458333333334,139.61718750000003,1760,1217,595,378,244
5339442921,13115,杉並区,35.684375,139.6203125,897,648,259,389,0
5339442922,13115,杉並区,35.684375,139.62343750000002,910,658,271,387,0
5339442923,13115,杉並区,35.686458333333334,139.6203125,756,626,239,387,0
5339442924,13115,杉並区,35.686458333333334,139.62343750000002,786,693,305,388,0
5339442931,13115,杉並区,35.68854166666667,139.61406250000002,756,1089,241,848,0
5339442932,13115,杉並区,35.68854166666667,139.61718750000003,1004,1105,258,847,0
5339442933,13115,杉並区,35.690625000000004,139.61406250000002,508,1020,173,847,0
5339442934,13115,杉並区,35.690625000000004,139.61718750000003,1358,1317,471,846,0
5339442941,13115,杉並区,35.68854166666667,139.6203125,1113,479,330,149,0
5339442942,13115,杉並区,35.68854166666667,139.62343750000002,1095,540,393,147,0
5339442943,13115,杉並区,35.690625000000004,139.6203125,886,446,298,148,0
5339442944,13115,杉並区,35.690625000000004,139.62343750000002,1043,467,319,148,0
5339443711,13115,杉並区,35.692708333333336,139.5890625,576,887,182,192,513
5339443712,13115,杉並区,35.692708333333336,139.59218750000002,991,999,296,192,511
5339443713,13115,杉並区,35.69479166666667,139.5890625,428,843,140,191,512
5339443714,13115,杉並区,35.69479166666667,139.59218750000002,926,1026,320,193,513
5339443721,13115,杉並区,35.692708333333336,139.5953125,1115,511,390,121,0
5339443722,13115,杉並区,35.692708333333336,139.59843750000002,1034,462,341,121,0
5339443723,13115,杉並区,35.69479166666667,139.5953125,1183,497,377,120,0
5339443724,13115,杉並区,35.69479166666667,139.59843750000002,1027,432,310,122,0
5339443732,13115,杉並区,35.696875000000006,139.59218750000002,844,587,324,263,0
5339443734,13115,杉並区,35.69895833333334,139.59218750000002,564,468,205,263,0
5339443741,13115,杉並区,35.696875000000006,139.5953125,943,609,316,293,0
5339443742,13115,杉並区,35.696875000000006,139.59843750000002,1131,633,340,293,0
5339443743,13115,杉並区,35.69895833333334,139.5953125,926,589,297,292,0
5339443744,13115,杉並区,35.69895833333334,139.59843750000002,1471,696,403,293,0
5339443811,13115,杉並区,35.692708333333336,139.6015625,633,517,188,231,98
5339443812,13115,杉並区,35.692708333333336,139.6046875,907,586,259,229,98
5339443813,13115,杉並区,35.69479166666667,139.6015625,786,592,263,230,99
5339443814,13115,杉並区,35.69479166666667,139.6046875,1226,705,377,230,98
5339443821,13115,杉並区,35.692708333333336,139.6078125,590,725,171,261,293
5339443822,13115,杉並区,35.692708333333336,139.6109375,695,844,290,261,293
5339443823,13115,杉並区,35.69479166666667,139.6078125,1036,877,325,260,292
5339443824,13115,杉並区,35.69479166666667,139.6109375,821,843,289,261,293
5339443831,13115,杉並区,35.696875000000006,139.6015625,820,470,231,100,139
5339443832,13115,杉並区,35.696875000000006,139.6046875,974,541,302,99,140
5339443833,13115,杉並区,35.69895833333334,139.6015625,969,535,298,98,139
5339443834,13115,杉並区,35.69895833333334,139.6046875,1032,615,375,100,140
5339443841,13115,杉並区,35.696875000000006,139.6078125,1350,517,420,97,0
5339443842,13115,杉並区,35.696875000000006,139.6109375,933,367,271,96,0
5339443843,13115,杉並区,35.69895833333334,139.6078125,1110,425,328,97,0
5339443844,13115,杉並区,35.69895833333334,139.6109375,1100,465,369,96,0
5339443911,13115,杉並区,35.692708333333336,139.61406250000002,895,436,270,166,0
5339443912,13115,杉並区,35.692708333333336,139.61718750000003,1044,432,266,166,0
5339443913,13115,杉並区,35.69479166666667,139.61406250000002,907,496,331,165,0
5339443914,13115,杉並区,35.69479166666667,139.61718750000003,1067,504,338,166,0
5339443921,13115,杉並区,35.692708333333336,139.6203125,1153,650,350,92,208
5339443922,13115,杉並区,35.692708333333336,139.62343750000002,731,553,252,92,209
5339443923,13115,杉並区,35.69479166666667,139.6203125,1030,613,313,91,209
5339443924,13115,杉並区,35.69479166666667,139.62343750000002,723,550,250,92,208
5339443931,13115,杉並区,35.696875000000006,139.61406250000002,907,436,315,121,0
5339443932,13115,杉並区,35.696875000000006,139.61718750000003,1161,442,322,120,0
5339443933,13115,杉並区,35.69895833333334,139.61406250000002,789,383,264,119,0
5339443934,13115,杉並区,35.69895833333334,139.61718750000003,1349,478,357,121,0
5339443941,13115,杉並区,35.696875000000006,139.6203125,801,455,268,85,102
5339443942,13115,杉並区,35.696875000000006,139.62343750000002,805,461,276,84,101
5339443943,13115,杉並区,35.69895833333334,139.6203125,797,462,276,85,101
5339443944,13115,杉並区,35.69895833333334,139.62343750000002,862,477,291,84,102
5339444721,13115,杉並区,35.70104166666667,139.5953125,953,952,293,659,0
5339444722,13115,杉並区,35.70104166666667,139.59843750000002,1318,1003,343,660,0
5339444723,13115,杉並区,35.703125,139.5953125,965,928,269,659,0
5339444724,13115,杉並区,35.703125,139.59843750000002,1328,983,324,659,0
5339444742,13115,杉並区,35.70520833333334,139.59843750000002,1573,783,402,381,0
5339444743,13115,杉並区,35.70729166666667,139.5953125,1433,930,551,379,0
5339444744,13115,杉並区,35.70729166666667,139.59843750000002,1088,727,347,380,0
5339444811,13115,杉並区,35.70104166666667,139.6015625,1361,981,311,670,0
5339444812,13115,杉並区,35.70104166666667,139.6046875,913,978,308,670,0
5339444813,13115,杉並区,35.703125,139.6015625,1100,918,249,669,0
5339444814,13115,杉並区,35.703125,139.6046875,971,890,221,669,0
5339444821,13115,杉並区,35.70104166666667,139.6078125,822,522,267,159,96
5339444822,13115,杉並区,35.70104166666667,139.6109375,785,524,270,159,95
5339444823,13115,杉並区,35.703125,139.6078125,1180,596,342,159,95
5339444824,13115,杉並区,35.703125,139.6109375,894,529,275,159,95
5339444831,13115,杉並区,35.70520833333334,139.6015625,1597,1126,449,521,156
5339444832,13115,杉並区,35.70520833333334,139.6046875,1237,1053,379,519,155
5339444833,13115,杉並区,35.70729166666667,139.6015625,1271,1001,325,520,156
5339444834,13115,杉並区,35.70729166666667,139.6046875,1134,1021,345,521,155
5339444841,13115,杉並区,35.70520833333334,139.6078125,1365,528,376,152,0
5339444842,13115,杉並区,35.70520833333334,139.6109375,964,425,273,152,0
5339444843,13115,杉並区,35.70729166666667,139.6078125,1007,456,305,151,0
5339444844,13115,杉並区,35.70729166666667,139.6109375,837,387,234,153,0
5339444911,13115,杉並区,35.70104166666667,139.61406250000002,799,1328,287,839,202
5339444912,13115,杉並区,35.70104166666667,139.61718750000003,1369,1423,385,837,201
5339444913,13115,杉並区,35.703125,139.61406250000002,1107,1361,323,838,200
5339444914,13115,杉並区,35.703125,139.61718750000003,1723,1381,341,838,202
5339444921,13115,杉並区,35.70104166666667,139.6203125,872,1574,273,1117,184
5339444922,13115,杉並区,35.70104166666667,139.62343750000002,761,1509,209,1117,183
5339444923,13115,杉並区,35.703125,139.6203125,1918,1795,495,1117,183
5339444924,13115,杉並区,35.703125,139.62343750000002,1587,1794,494,1117,183
5339444931,13115,杉並区,35.70520833333334,139.61406250000002,1283,1254,313,941,0
5339444932,13115,杉並区,35.70520833333334,139.61718750000003,832,1143,201,942,0
5339444933,13115,杉並区,35.70729166666667,139.61406250000002,1343,1357,416,941,0
5339444934,13115,杉並区,35.70729166666667,139.61718750000003,1509,1273,332,941,0
5339444941,13115,杉並区,35.70520833333334,139.6203125,383,2172,93,2079,0
5339444942,13115,杉並区,35.70520833333334,139.62343750000002,923,2330,250,2080,0
5339444943,13115,杉並区,35.70729166666667,139.6203125,1348,2415,336,2079,0
5339444944,13115,杉並区,35.70729166666667,139.62343750000002,1372,2441,361,2080,0
5339445634,13120,練馬区,35.715625,139.5796875,1007,612,342,82,188
5339445642,13120,練馬区,35.71354166666667,139.5859375,998,402,315,87,0
5339445643,13120,練馬区,35.715625,139.5828125,1264,508,420,88,0
5339445644,13115,杉並区,35.715625,139.5859375,659,324,237,87,0
5339445712,13115,杉並区,35.709375,139.59218750000002,812,1883,252,233,1398
5339445713,13115,杉並区,35.71145833333333,139.5890625,294,1725,94,232,1399
5339445714,13115,杉並区,35.71145833333333,139.59218750000002,458,1791,158,234,1399
5339445721,13115,杉並区,35.709375,139.5953125,898,643,290,97,256
5339445722,13115,杉並区,35.709375,139.59843750000002,862,630,276,98,256
5339445723,13115,杉並区,35.71145833333333,139.5953125,919,661,310,96,255
5339445724,13115,杉並区,35.71145833333333,139.59843750000002,1001,647,294,97,256
5339445731,13115,杉並区,35.71354166666667,139.5890625,747,325,268,57,0
5339445732,13115,杉並区,35.71354166666667,139.59218750000002,494,207,152,55,0
5339445733,13115,杉並区,35.715625,139.5890625,153,141,86,55,0
5339445734,13115,杉並区,35.715625,139.59218750000002,639,252,196,56,0
5339445741,13115,杉並区,35.71354166666667,139.5953125,768,433,242,191,0
5339445742,13115,杉並区,35.71354166666667,139.59843750000002,887,450,261,189,0
5339445743,13115,杉並区,35.715625,139.5953125,277,288,98,190,0
5339445744,13115,杉並区,35.715625,139.59843750000002,765,408,217,191,0
5339445811,13115,杉並区,35.709375,139.6015625,1193,731,335,344,52
5339445812,13115,杉並区,35.709375,139.6046875,926,660,265,343,52
5339445813,13115,杉並区,35.71145833333333,139.6015625,1261,742,348,343,51
5339445814,13115,杉並区,35.71145833333333,139.6046875,1254,837,441,344,52
5339445821,13115,杉並区,35.709375,139.6078125,890,1004,313,499,192
5339445822,13115,杉並区,35.709375,139.6109375,1218,1033,344,498,191
5339445823,13115,杉並区,35.71145833333333,139.6078125,1168,1017,328,499,190
5339445824,13115,杉並区,35.71145833333333,139.6109375,1034,1055,364,499,192
5339445831,13115,杉並区,35.71354166666667,139.6015625,1083,487,336,151,0
5339445832,13115,杉並区,35.71354166666667,139.6046875,2245,909,758,151,0
5339445833,13115,杉並区,35.715625,139.6015625,1052,512,362,150,0
5339445834,13115,杉並区,35.715625,139.6046875,1087,475,324,151,0
5339445841,13115,杉並区,35.71354166666667,139.6078125,1205,941,352,386,203
5339445842,13115,杉並区,35.71354166666667,139.6109375,1210,957,371,385,201
5339445843,13115,杉並区,35.715625,139.6078125,834,902,315,385,202
5339445844,13115,杉並区,35.715625,139.6109375,932,879,290,386,203
5339445911,13115,杉並区,35.709375,139.61406250000002,1249,724,343,206,175
5339445912,13115,杉並区,35.709375,139.61718750000003,1066,666,284,207,175
5339445913,13115,杉並区,35.71145833333333,139.61406250000002,1026,693,312,207,174
5339445914,13115,杉並区,35.71145833333333,139.61718750000003,859,680,298,206,176
5339445921,13115,杉並区,35.709375,139.6203125,975,660,265,297,98
5339445922,13115,杉並区,35.709375,139.62343750000002,1358,789,393,297,99
5339445923,13115,杉並区,35.71145833333333,139.6203125,826,662,268,296,98
5339445924,13115,杉並区,35.71145833333333,139.62343750000002,1102,723,328,297,98
5339445931,13115,杉並区,35.71354166666667,139.61406250000002,1042,467,307,160,0
5339445932,13115,杉並区,35.71354166666667,139.61718750000003,575,367,209,158,0
5339445933,13115,杉並区,35.715625,139.61406250000002,904,436,277,159,0
5339445934,13115,杉並区,35.715625,139.61718750000003,744,387,228,159,0
5339445941,13115,杉並区,35.71354166666667,139.6203125,1003,635,353,164,118
5339445942,13115,杉並区,35.71354166666667,139.62343750000002,1039,632,353,163,116
5339445943,13115,杉並区,35.715625,139.6203125,881,631,351,164,116
5339445944,13115,杉並区,35.715625,139.62343750000002,1154,719,438,163,118
5339446524,13120,練馬区,35.719791666666666,139.5734375,1123,1043,675,185,183
5339446532,13120,練馬区,35.721875000000004,139.56718750000002,1036,560,368,192,0
5339446534,13120,練馬区,35.723958333333336,139.56718750000002,889,475,283,192,0
5339446541,13120,練馬区,35.721875000000004,139.5703125,2424,1339,899,314,126
5339446542,13120,練馬区,35.721875000000004,139.5734375,1335,911,470,314,127
5339446543,13120,練馬区,35.723958333333336,139.5703125,618,639,199,314,126
5339446544,13120,練馬区,35.723958333333336,139.5734375,810,693,252,314,127
5339446612,13120,練馬区,35.717708333333334,139.5796875,618,492,199,89,204
5339446613,13120,練馬区,35.719791666666666,139.5765625,724,548,257,87,204
5339446614,13120,練馬区,35.719791666666666,139.5796875,472,479,188,88,203
5339446621,13120,練馬区,35.717708333333334,139.5828125,1197,476,350,87,39
5339446622,13115,杉並区,35.717708333333334,139.5859375,673,383,255,88,40
5339446623,13120,練馬区,35.719791666666666,139.5828125,1018,462,337,87,38
5339446624,13120,練馬区,35.719791666666666,139.5859375,832,401,275,87,39
5339446631,13120,練馬区,35.721875000000004,139.5765625,1150,778,346,309,123
5339446632,13120,練馬区,35.721875000000004,139.5796875,1434,902,470,308,124
5339446633,13120,練馬区,35.723958333333336,139.5765625,1064,712,282,308,122
5339446634,13120,練馬区,35.723958333333336,139.5796875,954,666,235,308,123
5339446641,13120,練馬区,35.721875000000004,139.5828125,772,424,224,200,0
5339446642,13120,練馬区,35.721875000000004,139.5859375,645,433,234,199,0
5339446643,13120,練馬区,35.723958333333336,139.5828125,696,422,224,198,0
5339446644,13120,練馬区,35.723958333333336,139.5859375,1182,618,418,200,0
5339446711,13115,杉並区,35.717708333333334,139.5890625,550,288,171,117,0
5339446712,13115,杉並区,35.717708333333334,139.59218750000002,680,336,219,117,0
5339446713,13115,杉並区,35.719791666666666,139.5890625,932,417,301,116,0
5339446714,13120,練馬区,35.719791666666666,139.59218750000002,700,334,218,116,0
5339446721,13115,杉並区,35.717708333333334,139.5953125,467,693,152,240,301
5339446722,13115,杉並区,35.717708333333334,139.59843750000002,749,779,238,240,301
5339446723,13115,杉並区,35.719791666666666,139.5953125,1070,920,379,240,301
5339446724,13115,杉並区,35.719791666666666,139.59843750000002,636,757,216,240,301
5339446731,13120,練馬区,35.721875000000004,139.5890625,902,558,250,308,0
5339446732,13120,練馬区,35.721875000000004,139.59218750000002,914,588,281,307,0
5339446733,13120,練馬区,35.723958333333336,139.5890625,1077,675,368,307,0
5339446734,13120,練馬区,35.723958333333336,139.59218750000002,910,588,280,308,0
5339446741,13120,練馬区,35.721875000000004,139.5953125,944,485,328,157,0
5339446742,13115,杉並区,35.721875000000004,139.59843750000002,807,386,229,157,0
5339446743,13120,練馬区,35.723958333333336,139.5953125,815,424,268,156,0
5339446744,13120,練馬区,35.723958333333336,139.59843750000002,794,441,284,157,0
5339446811,13115,杉並区,35.717708333333334,139.6015625,876,865,283,192,390
5339446812,13115,杉並区,35.717708333333334,139.6046875,499,730,150,192,388
5339446813,13115,杉並区,35.719791666666666,139.6015625,555,741,161,192,388
5339446814,13115,杉並区,35.719791666666666,139.6046875,1005,876,296,192,388
5339446821,13115,杉並区,35.717708333333334,139.6078125,326,417,136,156,125
5339446822,13115,杉並区,35.717708333333334,139.6109375,993,520,241,155,124
5339446823,13115,杉並区,35.719791666666666,139.6078125,940,562,281,156,125
5339446824,13115,杉並区,35.719791666666666,139.6109375,844,565,286,155,124
5339446831,13115,杉並区,35.721875000000004,139.6015625,274,443,82,221,140
5339446832,13115,杉並区,35.721875000000004,139.6046875,1032,725,366,221,138
5339446833,13115,杉並区,35.723958333333336,139.6015625,334,508,150,220,138
5339446834,13115,杉並区,35.723958333333336,139.6046875,963,653,292,221,140
5339446841,13115,杉並区,35.721875000000004,139.6078125,1163,665,316,170,179
5339446842,13115,杉並区,35.721875000000004,139.6109375,1007,679,333,168,178
5339446843,13115,杉並区,35.723958333333336,139.6078125,863,623,276,169,178
5339446844,13115,杉並区,35.723958333333336,139.6109375,966,608,262,168,178
5339446911,13115,杉並区,35.717708333333334,139.61406250000002,1051,606,335,271,0
5339446912,13115,杉並区,35.717708333333334,139.61718750000003,730,524,253,271,0
5339446913,13115,杉並区,35.719791666666666,139.61406250000002,869,517,246,271,0
5339446914,13115,杉並区,35.719791666666666,139.61718750000003,884,542,271,271,0
5339446921,13115,杉並区,35.717708333333334,139.6203125,777,568,260,166,142
5339446922,13115,杉並区,35.717708333333334,139.62343750000002,995,603,296,166,141
5339446923,13115,杉並区,35.719791666666666,139.6203125,739,566,259,165,142
5339446924,13115,杉並区,35.719791666666666,139.62343750000002,940,606,298,167,141
5339446931,13115,杉並区,35.721875000000004,139.61406250000002,1035,699,311,388,0
5339446932,13115,杉並区,35.721875000000004,139.61718750000003,663,629,241,388,0
5339446933,13115,杉並区,35.723958333333336,139.61406250000002,935,661,274,387,0
5339446934,13115,杉並区,35.723958333333336,139.61718750000003,1124,714,326,388,0
5339446941,13115,杉並区,35.721875000000004,139.6203125,880,809,280,389,140
5339446942,13115,杉並区,35.721875000000004,139.62343750000002,790,753,225,389,139
5339446943,13115,杉並区,35.723958333333336,139.6203125,1092,893,366,388,139
5339446944,13115,杉並区,35.723958333333336,139.62343750000002,977,806,278,388,140
5339447512,13120,練馬区,35.72604166666667,139.56718750000002,430,403,197,206,0
5339447514,13120,練馬区,35.728125,139.56718750000002,787,437,231,206,0
5339447521,13120,練馬区,35.72604166666667,139.5703125,680,545,258,116,171
5339447522,13120,練馬区,35.72604166666667,139.5734375,1487,662,379,114,169
5339447523,13120,練馬区,35.728125,139.5703125,600,521,236,115,170
5339447524,13120,練馬区,35.728125,139.5734375,748,484,200,115,169
5339447541,13120,練馬区,35.73020833333334,139.5703125,639,721,212,225,284
5339447542,13120,練馬区,35.73020833333334,139.5734375,1026,841,332,225,284
5339447543,13120,練馬区,35.73229166666667,139.5703125,1112,944,436,224,284
5339447544,13120,練馬区,35.73229166666667,139.5734375,788,695,187,224,284
5339447611,13120,練馬区,35.72604166666667,139.5765625,1433,1043,384,659,0
5339447612,13120,練馬区,35.72604166666667,139.5796875,1436,1044,384,660,0
5339447613,13120,練馬区,35.728125,139.5765625,942,888,230,658,0
5339447614,13120,練馬区,35.728125,139.5796875,811,872,213,659,0
5339447621,13120,練馬区,35.72604166666667,139.5828125,1119,543,425,114,4
5339447622,13120,練馬区,35.72604166666667,139.5859375,941,400,282,114,4
5339447623,13120,練馬区,35.728125,139.5828125,800,399,282,113,4
5339447624,13120,練馬区,35.728125,139.5859375,1024,418,301,113,4
5339447631,13120,練馬区,35.73020833333334,139.5765625,752,648,263,291,94
5339447632,13120,練馬区,35.73020833333334,139.5796875,827,660,278,290,92
5339447633,13120,練馬区,35.73229166666667,139.5765625,625,602,220,290,92
5339447634,13120,練馬区,35.73229166666667,139.5796875,1443,742,360,290,92
5339447641,13120,練馬区,35.73020833333334,139.5828125,770,468,302,166,0
5339447642,13120,練馬区,35.73020833333334,139.5859375,624,411,246,165,0
5339447643,13120,練馬区,35.73229166666667,139.5828125,610,377,211,166,0
5339447644,13120,練馬区,35.73229166666667,139.5859375,1101,612,447,165,0
5339447711,13120,練馬区,35.72604166666667,139.5890625,1045,1078,272,593,213
5339447712,13120,練馬区,35.72604166666667,139.59218750000002,695,973,169,592,212
5339447713,13120,練馬区,35.728125,139.5890625,637,953,149,592,212
5339447714,13120,練馬区,35.728125,139.59218750000002,1002,1076,272,593,211
5339447721,13120,練馬区,35.72604166666667,139.5953125,457,434,173,125,136
5339447722,13120,練馬区,35.72604166666667,139.59843750000002,600,434,176,124,134
5339447723,13120,練馬区,35.728125,139.5953125,814,540,282,123,135
5339447724,13120,練馬区,35.728125,139.59843750000002,662,458,199,125,134
5339447731,13120,練馬区,35.73020833333334,139.5890625,640,895,228,260,407
5339447732,13120,練馬区,35.73020833333334,139.59218750000002,855,899,233,259,407
5339447733,13120,練馬区,35.73229166666667,139.5890625,1813,1348,682,260,406
5339447734,13120,練馬区,35.73229166666667,139.59218750000002,203,781,115,260,406
5339447741,13120,練馬区,35.73020833333334,139.5953125,969,534,306,228,0
5339447742,13120,練馬区,35.73020833333334,139.59843750000002,880,509,282,227,0
5339447743,13120,練馬区,35.73229166666667,139.5953125,675,470,244,226,0
5339447744,13120,練馬区,35.73229166666667,139.59843750000002,858,508,281,227,0
5339447811,13120,練馬区,35.72604166666667,139.6015625,807,663,237,426,0
5339447812,13115,杉並区,35.72604166666667,139.6046875,761,638,213,425,0
5339447813,13120,練馬区,35.728125,139.6015625,790,685,260,425,0
5339447814,13120,練馬区,35.728125,139.6046875,1115,733,307,426,0
5339447821,13115,杉並区,35.72604166666667,139.6078125,865,576,263,313,0
5339447822,13115,杉並区,35.72604166666667,139.6109375,743,607,294,313,0
5339447823,13120,練馬区,35.728125,139.6078125,939,549,237,312,0
5339447824,13115,杉並区,35.728125,139.6109375,309,460,147,313,0
5339447831,13120,練馬区,35.73020833333334,139.6015625,1014,572,303,129,140
5339447832,13120,練馬区,35.73020833333334,139.6046875,787,487,218,130,139
5339447833,13120,練馬区,35.73229166666667,139.6015625,843,513,244,129,140
5339447834,13120,練馬区,35.73229166666667,139.6046875,982,580,312,129,139
5339447841,13120,練馬区,35.73020833333334,139.6078125,902,470,249,131,90
5339447842,13120,練馬区,35.73020833333334,139.6109375,945,479,259,130,90
5339447843,13120,練馬区,35.73229166666667,139.6078125,1171,610,390,131,89
5339447844,13120,練馬区,35.73229166666667,139.6109375,1079,506,286,130,90
5339447911,13115,杉並区,35.72604166666667,139.61406250000002,694,622,325,297,0
5339447912,13115,杉並区,35.72604166666667,139.61718750000003,658,506,210,296,0
5339447913,13115,杉並区,35.728125,139.61406250000002,784,551,255,296,0
5339447914,13115,杉並区,35.728125,139.61718750000003,707,500,204,296,0
5339447921,13115,杉並区,35.72604166666667,139.6203125,1069,673,291,222,160
5339447922,13115,杉並区,35.72604166666667,139.62343750000002,1049,678,300,220,158
5339447923,13115,杉並区,35.728125,139.6203125,670,574,194,221,159
5339447924,13115,杉並区,35.728125,139.62343750000002,1018,719,339,222,158
5339447931,13120,練馬区,35.73020833333334,139.61406250000002,977,429,268,161,0
5339447932,13120,練馬区,35.73020833333334,139.61718750000003,1703,623,462,161,0
5339447933,13120,練馬区,35.73229166666667,139.61406250000002,913,425,264,161,0
5339447934,13120,練馬区,35.73229166666667,139.61718750000003,950,431,270,161,0
5339447941,13120,練馬区,35.73020833333334,139.6203125,1565,550,443,107,0
5339447942,13115,杉並区,35.73020833333334,139.62343750000002,1328,533,426,107,0
5339447943,13120,練馬区,35.73229166666667,139.6203125,833,336,230,106,0
5339447944,13120,練馬区,35.73229166666667,139.62343750000002,1293,548,442,106,0
5339448521,13120,練馬区,35.73437500000001,139.5703125,1015,477,343,134,0
5339448522,13120,練馬区,35.73437500000001,139.5734375,1182,502,370,132,0
5339448523,13120,練馬区,35.73645833333334,139.5703125,1053,534,401,133,0
5339448524,13120,練馬区,35.73645833333334,139.5734375,882,418,285,133,0
5339448541,13120,練馬区,35.73854166666668,139.5703125,912,427,342,85,0
5339448542,13120,練馬区,35.73854166666668,139.5734375,1001,435,352,83,0
5339448543,13120,練馬区,35.74062500000001,139.5703125,757,311,228,83,0
5339448544,13120,練馬区,35.74062500000001,139.5734375,916,398,314,84,0
5339448611,13120,練馬区,35.73437500000001,139.5765625,1634,758,482,230,46
5339448612,13120,練馬区,35.73437500000001,139.5796875,670,489,214,229,46
5339448613,13120,練馬区,35.73645833333334,139.5765625,1434,638,364,229,45
5339448614,13120,練馬区,35.73645833333334,139.5796875,1001,532,258,228,46
5339448621,13120,練馬区,35.73437500000001,139.5828125,513,380,169,100,111
5339448622,13120,練馬区,35.73437500000001,139.5859375,877,490,282,98,110
5339448623,13120,練馬区,35.73645833333334,139.5828125,590,413,205,98,110
5339448624,13120,練馬区,35.73645833333334,139.5859375,965,494,283,100,111
5339448631,13120,練馬区,35.73854166666668,139.5765625,756,397,239,133,25
5339448632,13120,練馬区,35.73854166666668,139.5796875,1028,475,316,134,25
5339448633,13120,練馬区,35.74062500000001,139.5765625,925,495,339,132,24
5339448634,13120,練馬区,35.74062500000001,139.5796875,998,534,376,133,25
5339448641,13120,練馬区,35.73854166666668,139.5828125,747,577,232,345,0
5339448642,13120,練馬区,35.73854166666668,139.5859375,1068,820,477,343,0
5339448643,13120,練馬区,35.74062500000001,139.5828125,709,581,238,343,0
5339448644,13120,練馬区,35.74062500000001,139.5859375,606,531,188,343,0
5339448711,13120,練馬区,35.73437500000001,139.5890625,603,505,188,161,156
5339448712,13120,練馬区,35.73437500000001,139.59218750000002,882,602,285,162,155
5339448713,13120,練馬区,35.73645833333334,139.5890625,1090,675,357,162,156
5339448714,13120,練馬区,35.73645833333334,139.59218750000002,959,662,346,161,155
5339448721,13120,練馬区,35.73437500000001,139.5953125,985,561,274,111,176
5339448722,13120,練馬区,35.73437500000001,139.59843750000002,478,418,133,111,174
5339448723,13120,練馬区,35.73645833333334,139.5953125,444,456,171,110,175
5339448724,13120,練馬区,35.73645833333334,139.59843750000002,81,311,26,110,175
5339448731,13120,練馬区,35.73854166666668,139.5890625,951,415,286,129,0
5339448732,13120,練馬区,35.73854166666668,139.59218750000002,645,324,196,128,0
5339448733,13120,練馬区,35.74062500000001,139.5890625,872,391,262,129,0
5339448734,13120,練馬区,35.74062500000001,139.59218750000002,912,432,304,128,0
5339448741,13120,練馬区,35.73854166666668,139.5953125,0,282,0,145,137
5339448742,13120,練馬区,35.73854166666668,139.59843750000002,129,323,45,143,135
5339448743,13120,練馬区,35.74062500000001,139.5953125,309,369,89,144,136
5339448744,13120,練馬区,35.74062500000001,139.59843750000002,767,564,284,144,136
5339448811,13120,練馬区,35.73437500000001,139.6015625,865,377,275,102,0
5339448812,13120,練馬区,35.73437500000001,139.6046875,1076,523,421,102,0
5339448813,13120,練馬区,35.73645833333334,139.6015625,426,248,147,101,0
5339448814,13120,練馬区,35.73645833333334,139.6046875,806,342,241,101,0
5339448821,13120,練馬区,35.73437500000001,139.6078125,660,529,272,126,131
5339448822,13120,練馬区,35.73437500000001,139.6109375,1287,657,404,124,129
5339448823,13120,練馬区,35.73645833333334,139.6078125,972,566,312,125,129
5339448824,13120,練馬区,35.73645833333334,139.6109375,584,440,186,124,130
5339448831,13120,練馬区,35.73854166666668,139.6015625,43,89,17,72,0
5339448832,13120,練馬区,35.73854166666668,139.6046875,228,147,76,71,0
5339448833,13120,練馬区,35.74062500000001,139.6015625,596,290,218,72,0
5339448834,13120,練馬区,35.74062500000001,139.6046875,655,281,210,71,0
5339448841,13120,練馬区,35.73854166666668,139.6078125,865,419,300,119,0
5339448842,13120,練馬区,35.73854166666668,139.6109375,671,500,380,120,0
5339448843,13120,練馬区,35.74062500000001,139.6078125,872,500,381,119,0
5339448844,13120,練馬区,35.74062500000001,139.6109375,839,533,413,120,0
5339448911,13120,練馬区,35.73437500000001,139.61406250000002,467,591,138,276,177
5339448912,13120,練馬区,35.73437500000001,139.61718750000003,596,601,147,276,178
5339448913,13120,練馬区,35.73645833333334,139.61406250000002,1007,714,261,276,177
5339448914,13120,練馬区,35.73645833333334,139.61718750000003,892,755,302,276,177
5339448921,13120,練馬区,35.73437500000001,139.6203125,1107,671,395,182,94
5339448922,13120,練馬区,35.73437500000001,139.62343750000002,866,599,324,180,95
5339448923,13120,練馬区,35.73645833333334,139.6203125,877,559,285,181,93
5339448924,13120,練馬区,35.73645833333334,139.62343750000002,967,550,275,181,94
5339448931,13120,練馬区,35.73854166666668,139.61406250000002,641,584,275,309,0
5339448932,13120,練馬区,35.73854166666668,139.61718750000003,818,671,362,309,0
5339448933,13120,練馬区,35.74062500000001,139.61406250000002,912,646,338,308,0
5339448934,13120,練馬区,35.74062500000001,139.61718750000003,1008,668,359,309,0
5339448941,13120,練馬区,35.73854166666668,139.6203125,617,324,196,128,0
5339448942,13120,練馬区,35.73854166666668,139.62343750000002,1013,431,303,128,0
5339448943,13120,練馬区,35.74062500000001,139.6203125,955,422,294,128,0
5339448944,13120,練馬区,35.74062500000001,139.62343750000002,1047,450,322,128,0
5339449521,13120,練馬区,35.74270833333334,139.5703125,1039,596,277,186,133
5339449522,13120,練馬区,35.74270833333334,139.5734375,1011,637,319,185,133
5339449523,13120,練馬区,35.74479166666667,139.5703125,694,517,199,186,132
5339449524,13120,練馬区,35.74479166666667,139.5734375,923,632,313,185,134
5339449532,13120,練馬区,35.74687500000001,139.56718750000002,808,849,266,583,0
5339449541,13120,練馬区,35.74687500000001,139.5703125,841,510,289,221,0
5339449542,13120,練馬区,35.74687500000001,139.5734375,952,510,291,219,0
5339449543,13120,練馬区,35.74895833333334,139.5703125,1194,526,306,220,0
5339449544,13120,練馬区,35.74895833333334,139.5734375,964,506,286,220,0
5339449611,13120,練馬区,35.74270833333334,139.5765625,952,549,365,77,107
5339449612,13120,練馬区,35.74270833333334,139.5796875,897,486,303,76,107
5339449613,13120,練馬区,35.74479166666667,139.5765625,686,419,235,77,107
5339449614,13120,練馬区,35.74479166666667,139.5796875,842,443,259,77,107
5339449621,13120,練馬区,35.74270833333334,139.5828125,821,456,292,74,90
5339449622,13120,練馬区,35.74270833333334,139.5859375,664,351,188,73,90
5339449623,13120,練馬区,35.74479166666667,139.5828125,739,428,265,74,89
5339449624,13120,練馬区,35.74479166666667,139.5859375,606,352,188,74,90
5339449631,13120,練馬区,35.74687500000001,139.5765625,1128,547,368,179,0
5339449632,13120,練馬区,35.74687500000001,139.5796875,1092,606,426,180,0
5339449633,13120,練馬区,35.74895833333334,139.5765625,955,486,307,179,0
5339449634,13120,練馬区,35.74895833333334,139.5796875,867,469,290,179,0
5339449641,13120,練馬区,35.74687500000001,139.5828125,1156,1064,362,702,0
5339449642,13120,練馬区,35.74687500000001,139.5859375,721,1005,303,702,0
5339449643,13120,練馬区,35.74895833333334,139.5828125,1203,1040,339,701,0
5339449644,13120,練馬区,35.74895833333334,139.5859375,1238,1084,382,702,0
5339449711,13120,練馬区,35.74270833333334,139.5890625,1203,1191,457,125,609
5339449712,13120,練馬区,35.74270833333334,139.59218750000002,1031,1081,349,123,609
5339449713,13120,練馬区,35.74479166666667,139.5890625,431,863,131,124,608
5339449714,13120,練馬区,35.74479166666667,139.59218750000002,650,966,234,123,609
5339449721,13120,練馬区,35.74270833333334,139.5953125,951,513,293,220,0
5339449722,13120,練馬区,35.74270833333334,139.59843750000002,1089,570,352,218,0
5339449723,13120,練馬区,35.74479166666667,139.5953125,899,534,315,219,0
5339449724,13120,練馬区,35.74479166666667,139.59843750000002,952,516,297,219,0
5339449731,13120,練馬区,35.74687500000001,139.5890625,1079,963,398,399,166
5339449732,13120,練馬区,35.74687500000001,139.59218750000002,786,823,259,399,165
5339449733,13120,練馬区,35.74895833333334,139.5890625,987,844,280,399,165
5339449734,13120,練馬区,35.74895833333334,139.59218750000002,684,757,193,399,165
5339449741,13120,練馬区,35.74687500000001,139.5953125,943,374,289,85,0
5339449742,13120,練馬区,35.74687500000001,139.59843750000002,955,385,300,85,0
5339449743,13120,練馬区,35.74895833333334,139.5953125,1559,596,512,84,0
5339449744,13120,練馬区,35.74895833333334,139.59843750000002,842,374,289,85,0
5339449811,13120,練馬区,35.74270833333334,139.6015625,1108,1395,326,1063,6
5339449812,13120,練馬区,35.74270833333334,139.6046875,1246,1383,315,1062,6
5339449813,13120,練馬区,35.74479166666667,139.6015625,1099,1380,311,1063,6
5339449814,13120,練馬区,35.74479166666667,139.6046875,1324,1447,379,1062,6
5339449821,13120,練馬区,35.74270833333334,139.6078125,775,735,188,547,0
5339449822,13120,練馬区,35.74270833333334,139.6109375,712,798,252,546,0
5339449823,13120,練馬区,35.74479166666667,139.6078125,1219,909,364,545,0
5339449824,13120,練馬区,35.74479166666667,139.6109375,667,787,241,546,0
5339449831,13120,練馬区,35.74687500000001,139.6015625,863,415,342,73,0
5339449832,13120,練馬区,35.74687500000001,139.6046875,1084,389,316,73,0
5339449833,13120,練馬区,35.74895833333334,139.6015625,922,360,288,72,0
5339449834,13120,練馬区,35.74895833333334,139.6046875,832,364,291,73,0
5339449841,13120,練馬区,35.74687500000001,139.6078125,920,756,317,295,144
5339449842,13120,練馬区,35.74687500000001,139.6109375,1045,813,376,295,142
5339449843,13120,練馬区,35.74895833333334,139.6078125,1140,879,441,295,143
5339449844,13120,練馬区,35.74895833333334,139.6109375,1031,836,399,295,142
5339449911,13120,練馬区,35.74270833333334,139.61406250000002,445,803,142,559,102
5339449912,13120,練馬区,35.74270833333334,139.61718750000003,1255,1036,376,559,101
5339449913,13120,練馬区,35.74479166666667,139.61406250000002,587,876,219,557,100
5339449914,13120,練馬区,35.74479166666667,139.61718750000003,1005,993,332,559,102
5339449921,13120,練馬区,35.74270833333334,139.6203125,840,552,281,171,100
5339449922,13120,練馬区,35.74270833333334,139.62343750000002,754,526,256,170,100
5339449923,13120,練馬区,35.74479166666667,139.6203125,1251,681,410,170,101
5339449924,13120,練馬区,35.74479166666667,139.62343750000002,880,548,277,171,100
5339449931,13120,練馬区,35.74687500000001,139.61406250000002,1141,567,353,214,0
5339449932,13120,練馬区,35.74687500000001,139.61718750000003,1203,503,289,214,0
5339449933,13120,練馬区,35.74895833333334,139.61406250000002,1067,560,346,214,0
5339449934,13120,練馬区,35.74895833333334,139.61718750000003,899,481,268,213,0
5339449941,13120,練馬区,35.74687500000001,139.6203125,1251,1173,333,689,151
5339449942,13120,練馬区,35.74687500000001,139.62343750000002,590,994,154,688,152
5339449943,13120,練馬区,35.74895833333334,139.6203125,915,1067,228,688,151
5339449944,13120,練馬区,35.74895833333334,139.62343750000002,170,889,49,688,152
5339450011,13112,世田谷区,35.66770833333334,139.6265625,1116,629,303,326,0
5339450012,13112,世田谷区,35.66770833333334,139.62968750000002,560,507,181,326,0
5339450013,13115,杉並区,35.66979166666667,139.6265625,1268,800,474,326,0
5339450014,13115,杉並区,35.66979166666667,139.62968750000002,1291,663,336,327,0
5339450021,13112,世田谷区,35.66770833333334,139.6328125,785,760,188,572,0
5339450022,13115,杉並区,35.66770833333334,139.6359375,1102,846,273,573,0
5339450023,13115,杉並区,35.66979166666667,139.6328125,831,783,210,573,0
5339450024,13115,杉並区,35.66979166666667,139.6359375,1261,970,397,573,0
5339450031,13115,杉並区,35.67187500000001,139.6265625,994,527,326,68,133
5339450032,13115,杉並区,35.67187500000001,139.62968750000002,820,428,228,67,133
5339450033,13115,杉並区,35.67395833333334,139.6265625,952,523,323,68,132
5339450034,13115,杉並区,35.67395833333334,139.62968750000002,975,515,314,67,134
5339450041,13115,杉並区,35.67187500000001,139.6328125,1121,531,345,85,101
5339450042,13115,杉並区,35.67187500000001,139.6359375,338,276,91,84,101
5339450043,13115,杉並区,35.67395833333334,139.6328125,829,498,311,85,102
5339450044,13115,杉並区,35.67395833333334,139.6359375,668,427,242,84,101
5339450111,13115,杉並区,35.66770833333334,139.6390625,840,647,203,417,27
5339450112,13115,杉並区,35.66770833333334,139.6421875,1039,721,276,418,27
5339450113,13115,杉並区,35.66979166666667,139.6390625,476,587,145,416,26
5339450114,13115,杉並区,35.66979166666667,139.6421875,511,641,197,417,27
5339450121,13115,杉並区,35.66770833333334,139.6453125,1116,958,287,553,118
5339450122,13112,世田谷区,35.66770833333334,139.6484375,1198,996,326,553,117
5339450123,13115,杉並区,35.66979166666667,139.6453125,87,696,27,552,117
5339450124,13115,杉並区,35.66979166666667,139.6484375,527,814,144,553,117
5339450131,13115,杉並区,35.67187500000001,139.6390625,733,526,257,107,162
5339450132,13115,杉並区,35.67187500000001,139.6421875,890,553,284,106,163
5339450133,13115,杉並区,35.67395833333334,139.6390625,738,505,237,107,161
5339450134,13115,杉並区,35.67395833333334,139.6421875,986,592,323,106,163
5339450141,13115,杉並区,35.67187500000001,139.6453125,593,1518,155,320,1043
5339450142,13115,杉並区,35.67187500000001,139.6484375,413,1440,77,319,1044
5339450143,13115,杉並区,35.67395833333334,139.6453125,858,1627,266,319,1042
5339450144,13115,杉並区,35.67395833333334,139.6484375,733,1576,212,320,1044
5339450211,13112,世田谷区,35.66770833333334,139.6515625,1070,1032,346,686,0
5339450212,13112,世田谷区,35.66770833333334,139.65468750000002,1054,995,310,685,0
5339450213,13112,世田谷区,35.66979166666667,139.6515625,1003,901,216,685,0
5339450214,13112,世田谷区,35.66979166666667,139.65468750000002,1373,981,296,685,0
5339450221,13112,世田谷区,35.66770833333334,139.6578125,1011,534,313,221,0
5339450222,13112,世田谷区,35.66770833333334,139.66093750000002,1377,546,326,220,0
5339450223,13112,世田谷区,35.66979166666667,139.6578125,446,336,117,219,0
5339450224,13112,世田谷区,35.66979166666667,139.66093750000002,969,515,294,221,0
5339450231,13115,杉並区,35.67187500000001,139.6515625,774,873,185,364,324
5339450232,13115,杉並区,35.67187500000001,139.65468750000002,974,957,271,363,323
5339450233,13115,杉並区,35.67395833333334,139.6515625,979,996,309,364,323
5339450234,13115,杉並区,35.67395833333334,139.65468750000002,975,973,286,364,323
5339450241,13115,杉並区,35.67187500000001,139.6578125,1138,1014,251,763,0
5339450242,13112,世田谷区,35.67187500000001,139.66093750000002,1299,1052,288,764,0
5339450243,13115,杉並区,35.67395833333334,139.6578125,1167,1088,326,762,0
5339450244,13115,杉並区,35.67395833333334,139.66093750000002,1211,1013,249,764,0
5339450311,13112,世田谷区,35.66770833333334,139.6640625,1169,659,364,98,197
5339450312,13112,世田谷区,35.66770833333334,139.6671875,1049,548,255,97,196
5339450313,13112,世田谷区,35.66979166666667,139.6640625,1214,656,361,98,197
5339450314,13112,世田谷区,35.66979166666667,139.6671875,1008,603,309,98,196
5339450321,13112,世田谷区,35.66770833333334,139.6703125,902,674,284,198,192
5339450322,13113,渋谷区,35.66770833333334,139.6734375,748,610,222,196,192
5339450323,13112,世田谷区,35.66979166666667,139.6703125,1248,833,446,197,190
5339450324,13113,渋谷区,35.66979166666667,139.6734375,672,588,199,197,192
5339450331,13113,渋谷区,35.67187500000001,139.6640625,1480,1747,413,1334,0
5339450332,13113,渋谷区,35.67187500000001,139.6671875,1274,1685,351,1334,0
5339450333,13113,渋谷区,35.67395833333334,139.6640625,2044,1813,478,1335,0
5339450334,13113,渋谷区,35.67395833333334,139.6671875,1127,1564,230,1334,0
5339450341,13113,渋谷区,35.67187500000001,139.6703125,1387,1637,385,1252,0
5339450342,13113,渋谷区,35.67187500000001,139.6734375,1104,1490,238,1252,0
5339450343,13113,渋谷区,35.67395833333334,139.6703125,1023,1578,327,1251,0
5339450344,13113,渋谷区,35.67395833333334,139.6734375,1015,1498,246,1252,0
5339450411,13113,渋谷区,35.66770833333334,139.67656250000002,730,1203,197,908,98
5339450412,13113,渋谷区,35.66770833333334,139.67968750000003,968,1285,279,907,99
5339450413,13113,渋谷区,35.66979166666667,139.67656250000002,675,1230,225,907,98
5339450414,13113,渋谷区,35.66979166666667,139.67968750000003,756,1214,209,907,98
5339450421,13113,渋谷区,35.66770833333334,139.6828125,1231,1326,377,812,137
5339450422,13113,渋谷区,35.66770833333334,139.68593750000002,1202,1222,275,811,136
5339450423,13113,渋谷区,35.66979166666667,139.6828125,1105,1240,294,810,136
5339450424,13113,渋谷区,35.66979166666667,139.68593750000002,1198,1226,278,812,136
5339450431,13113,渋谷区,35.67187500000001,139.67656250000002,452,541,139,266,136
5339450432,13113,渋谷区,35.67187500000001,139.67968750000003,1010,711,308,266,137
5339450433,13113,渋谷区,35.67395833333334,139.67656250000002,1208,711,310,266,135
5339450434,13113,渋谷区,35.67395833333334,139.67968750000003,1072,791,389,265,137
5339450441,13113,渋谷区,35.67187500000001,139.6828125,1065,1175,298,747,130
5339450442,13113,渋谷区,35.67187500000001,139.68593750000002,1140,1168,291,746,131
5339450443,13113,渋谷区,35.67395833333334,139.6828125,832,1112,237,746,129
5339450444,13113,渋谷区,35.67395833333334,139.68593750000002,1257,1221,345,746,130
5339450511,13113,渋谷区,35.66770833333334,139.6890625,1590,1505,460,1045,0
5339450512,13113,渋谷区,35.66770833333334,139.69218750000002,262,1112,69,1043,0
5339450513,13113,渋谷区,35.66979166666667,139.6890625,970,1325,282,1043,0
5339450514,13113,渋谷区,35.66979166666667,139.69218750000002,14,1047,3,1044,0
5339450531,13113,渋谷区,35.67187500000001,139.6890625,746,546,205,341,0
5339450532,13113,渋谷区,35.67187500000001,139.69218750000002,26,349,8,341,0
5339450533,13113,渋谷区,35.67395833333334,139.6890625,1283,779,439,340,0
5339450534,13113,渋谷区,35.67395833333334,139.69218750000002,482,490,149,341,0
5339450611,13113,渋谷区,35.66770833333334,139.7015625,113,2057,46,2011,0
5339450612,13113,渋谷区,35.66770833333334,139.7046875,231,2094,85,2009,0
5339450613,13113,渋谷区,35.66979166666667,139.7015625,49,2030,20,2010,0
5339450614,13113,渋谷区,35.66979166666667,139.7046875,228,2088,77,2011,0
5339450621,13113,渋谷区,35.66770833333334,139.7078125,201,2492,69,2312,111
5339450622,13113,渋谷区,35.66770833333334,139.7109375,409,2557,135,2312,110
5339450623,13113,渋谷区,35.66979166666667,139.7078125,208,2487,66,2311,110
5339450624,13113,渋谷区,35.66979166666667,139.7109375,783,2677,254,2313,110
5339450631,13113,渋谷区,35.67187500000001,139.7015625,0,1139,0,779,360
5339450632,13113,渋谷区,35.67187500000001,139.7046875,243,1222,83,779,360
5339450633,13113,渋谷区,35.67395833333334,139.7015625,0,1137,0,778,359
5339450634,13113,渋谷区,35.67395833333334,139.7046875,290,1220,79,780,361
5339450641,13113,渋谷区,35.67187500000001,139.7078125,606,3490,191,3229,70
5339450642,13113,渋谷区,35.67187500000001,139.7109375,696,3511,215,3227,69
5339450643,13113,渋谷区,35.67395833333334,139.7078125,1334,3653,356,3228,69
5339450644,13113,渋谷区,35.67395833333334,139.7109375,895,3579,281,3227,71
5339450711,13103,港区,35.66770833333334,139.7140625,363,4037,183,3854,0
5339450712,13103,港区,35.66770833333334,139.71718750000002,569,4032,179,3853,0
5339450713,13113,渋谷区,35.66979166666667,139.7140625,406,3987,133,3854,0
5339450714,13103,港区,35.66979166666667,139.71718750000002,124,3898,44,3854,0
5339450721,13103,港区,35.66770833333334,139.7203125,105,808,22,631,155
5339450722,13103,港区,35.66770833333334,139.72343750000002,59,800,14,631,155
5339450723,13103,港区,35.66979166666667,139.7203125,598,953,169,630,154
5339450724,13103,港区,35.66979166666667,139.72343750000002,411,922,136,631,155
5339450731,13113,渋谷区,35.67187500000001,139.7140625,684,3148,252,2464,432
5339450732,13103,港区,35.67187500000001,139.71718750000002,101,2924,30,2463,431
5339450733,13113,渋谷区,35.67395833333334,139.7140625,611,3113,218,2463,432
5339450734,13104,新宿区,35.67395833333334,139.71718750000002,0,2895,0,2464,431
5339450741,13103,港区,35.67187500000001,139.7203125,89,4247,32,4116,99
5339450742,13103,港区,35.67187500000001,139.72343750000002,206,4255,40,4117,98
5339450743,13103,港区,35.67395833333334,139.7203125,1018,4678,464,4116,98
5339450744,13103,港区,35.67395833333334,139.72343750000002,37,4226,11,4117,98
5339450811,13103,港区,35.66770833333334,139.7265625,678,2283,247,1833,203
5339450812,13103,港区,35.66770833333334,139.7296875,548,2219,184,1832,203
5339450813,13103,港区,35.66979166666667,139.7265625,726,2271,237,1832,202
5339450814,13103,港区,35.66979166666667,139.7296875,1354,2473,438,1832,203
5339450821,13103,港区,35.66770833333334,139.7328125,905,1899,264,1635,0
5339450822,13103,港区,35.66770833333334,139.7359375,550,1816,181,1635,0
5339450823,13103,港区,35.66979166666667,139.7328125,642,1774,138,1636,0
5339450824,13103,港区,35.66979166666667,139.7359375,1083,1926,291,1635,0
5339450831,13103,港区,35.67187500000001,139.7265625,1199,5350,446,4876,28
5339450832,13103,港区,35.67187500000001,139.7296875,903,5162,259,4875,28
5339450833,13103,港区,35.67395833333334,139.7265625,131,4941,38,4875,28
5339450834,13103,港区,35.67395833333334,139.7296875,440,5048,144,4875,29
5339450841,13103,港区,35.67187500000001,139.7328125,659,7865,229,7238,398
5339450842,13103,港区,35.67187500000001,139.7359375,220,7694,58,7238,398
5339450843,13103,港区,35.67395833333334,139.7328125,1128,7931,296,7238,397
5339450844,13103,港区,35.67395833333334,139.7359375,306,7715,79,7237,399
5339450911,13103,港区,35.66770833333334,139.73906250000002,334,10506,86,10382,38
5339450912,13103,港区,35.66770833333334,139.74218750000003,210,10490,71,10381,38
5339450913,13103,港区,35.66979166666667,139.73906250000002,1215,10852,434,10381,37
5339450914,13103,港区,35.66979166666667,139.74218750000003,267,10489,69,10382,38
5339450921,13103,港区,35.66770833333334,139.7453125,0,12932,0,12932,0
5339450922,13103,港区,35.66770833333334,139.74843750000002,211,12998,66,12932,0
5339450923,13103,港区,35.66979166666667,139.7453125,11,12935,4,12931,0
5339450924,13103,港区,35.66979166666667,139.74843750000002,22,12937,5,12932,0
5339450931,13103,港区,35.67187500000001,139.73906250000002,570,8888,112,8776,0
5339450932,13103,港区,35.67187500000001,139.74218750000003,10,8776,1,8775,0
5339450933,13103,港区,35.67395833333334,139.73906250000002,33,8789,14,8775,0
5339450934,13101,千代田区,35.67395833333334,139.74218750000003,14,8779,3,8776,0
5339450941,13101,千代田区,35.67187500000001,139.7453125,0,13367,0,13367,0
5339450942,13101,千代田区,35.67187500000001,139.74843750000002,0,13365,0,13365,0
5339450943,13101,千代田区,35.67395833333334,139.7453125,0,13366,0,13366,0
5339450944,13101,千代田区,35.67395833333334,139.74843750000002,0,13367,0,13367,0
5339451011,13115,杉並区,35.67604166666667,139.6265625,755,265,230,35,0
5339451012,13115,杉並区,35.67604166666667,139.62968750000002,715,287,253,34,0
5339451013,13115,杉並区,35.678125,139.6265625,508,221,187,34,0
5339451014,13115,杉並区,35.678125,139.62968750000002,1070,374,339,35,0
5339451021,13115,杉並区,35.67604166666667,139.6328125,687,445,239,206,0
5339451022,13115,杉並区,35.67604166666667,139.6359375,610,427,223,204,0
5339451023,13115,杉並区,35.678125,139.6328125,947,556,351,205,0
5339451024,13115,杉並区,35.678125,139.6359375,687,390,185,205,0
5339451031,13115,杉並区,35.68020833333334,139.6265625,784,641,233,408,0
5339451032,13115,杉並区,35.68020833333334,139.62968750000002,1046,718,310,408,0
5339451033,13115,杉並区,35.68229166666667,139.6265625,810,653,245,408,0
5339451034,13115,杉並区,35.68229166666667,139.62968750000002,1119,728,320,408,0
5339451041,13115,杉並区,35.68020833333334,139.6328125,955,756,311,445,0
5339451042,13115,杉並区,35.68020833333334,139.6359375,1186,797,352,445,0
5339451043,13115,杉並区,35.68229166666667,139.6328125,962,738,294,444,0
5339451044,13115,杉並区,35.68229166666667,139.6359375,777,718,273,445,0
5339451111,13115,杉並区,35.67604166666667,139.6390625,1075,809,317,492,0
5339451112,13115,杉並区,35.67604166666667,139.6421875,841,726,234,492,0
5339451113,13115,杉並区,35.678125,139.6390625,1028,749,257,492,0
5339451114,13115,杉並区,35.678125,139.6421875,1055,793,302,491,0
5339451121,13115,杉並区,35.67604166666667,139.6453125,720,548,165,383,0
5339451122,13115,杉並区,35.67604166666667,139.6484375,282,454,73,381,0
5339451123,13115,杉並区,35.678125,139.6453125,1045,718,337,381,0
5339451124,13115,杉並区,35.678125,139.6484375,874,695,313,382,0
5339451131,13115,杉並区,35.68020833333334,139.6390625,966,956,295,226,435
5339451132,13115,杉並区,35.68020833333334,139.6421875,945,952,293,226,433
5339451133,13115,杉並区,35.68229166666667,139.6390625,209,739,81,225,433
5339451134,13115,杉並区,35.68229166666667,139.6421875,328,761,100,226,435
5339451141,13115,杉並区,35.68020833333334,139.6453125,1102,701,315,256,130
5339451142,13115,杉並区,35.68020833333334,139.6484375,687,642,257,255,130
5339451143,13115,杉並区,35.68229166666667,139.6453125,1252,678,294,255,129
5339451144,13115,杉並区,35.68229166666667,139.6484375,854,597,211,256,130
5339451211,13115,杉並区,35.67604166666667,139.6515625,1195,744,407,112,225
5339451212,13115,杉並区,35.67604166666667,139.65468750000002,1040,699,362,111,226
5339451213,13115,杉並区,35.678125,139.6515625,1190,683,346,112,225
5339451214,13115,杉並区,35.678125,139.65468750000002,1120,720,382,112,226
5339451221,13115,杉並区,35.67604166666667,139.6578125,1191,876,271,605,0
5339451222,13115,杉並区,35.67604166666667,139.66093750000002,1304,950,345,605,0
5339451223,13115,杉並区,35.678125,139.6578125,1875,1169,565,604,0
5339451224,13115,杉並区,35.678125,139.66093750000002,1468,1060,455,605,0
5339451231,13115,杉並区,35.68020833333334,139.6515625,1017,436,276,160,0
5339451232,13115,杉並区,35.68020833333334,139.65468750000002,1381,556,396,160,0
5339451233,13115,杉並区,35.68229166666667,139.6515625,1171,501,342,159,0
5339451234,13115,杉並区,35.68229166666667,139.65468750000002,1356,550,390,160,0
5339451241,13115,杉並区,35.68020833333334,139.6578125,1024,860,317,338,205
5339451242,13115,杉並区,35.68020833333334,139.66093750000002,1548,902,359,337,206
5339451243,13115,杉並区,35.68229166666667,139.6578125,2169,1195,653,337,205
5339451244,13114,中野区,35.68229166666667,139.66093750000002,1152,859,316,338,205
5339451311,13113,渋谷区,35.67604166666667,139.6640625,1391,987,390,356,241
5339451312,13113,渋谷区,35.67604166666667,139.6671875,1368,990,396,354,240
5339451313,13115,杉並区,35.678125,139.6640625,1602,1040,446,354,240
5339451314,13113,渋谷区,35.678125,139.6671875,1186,922,327,355,240
5339451321,13113,渋谷区,35.67604166666667,139.6703125,1501,1671,367,1177,127
5339451322,13113,渋谷区,35.67604166666667,139.6734375,1922,1774,472,1176,126
5339451323,13113,渋谷区,35.678125,139.6703125,1580,1784,481,1176,127
5339451324,13113,渋谷区,35.678125,139.6734375,1612,1786,484,1176,126
5339451331,13114,中野区,35.68020833333334,139.6640625,1316,557,440,117,0
5339451332,13114,中野区,35.68020833333334,139.6671875,1264,523,407,116,0
5339451333,13114,中野区,35.68229166666667,139.6640625,1377,490,373,117,0
5339451334,13114,中野区,35.68229166666667,139.6671875,1295,519,403,116,0
5339451341,13113,渋谷区,35.68020833333334,139.6703125,1829,991,544,216,231
5339451342,13113,渋谷区,35.68020833333334,139.6734375,1595,911,466,215,230
5339451343,13114,中野区,35.68229166666667,139.6703125,1619,886,441,216,229
5339451344,13113,渋谷区,35.68229166666667,139.6734375,1606,928,481,216,231
5339451411,13113,渋谷区,35.67604166666667,139.67656250000002,1447,1726,431,1295,0
5339451412,13113,渋谷区,35.67604166666667,139.67968750000003,823,1526,231,1295,0
5339451413,13113,渋谷区,35.678125,139.67656250000002,1317,1711,417,1294,0
5339451414,13113,渋谷区,35.678125,139.67968750000003,1322,1693,397,1296,0
5339451421,13113,渋谷区,35.67604166666667,139.6828125,1048,860,351,509,0
5339451422,13113,渋谷区,35.67604166666667,139.68593750000002,1557,952,443,509,0
5339451423,13113,渋谷区,35.678125,139.6828125,1508,905,396,509,0
5339451424,13113,渋谷区,35.678125,139.68593750000002,1344,877,368,509,0
5339451431,13113,渋谷区,35.68020833333334,139.67656250000002,1429,1219,398,418,403
5339451432,13113,渋谷区,35.68020833333334,139.67968750000003,1427,1206,386,416,404
5339451433,13113,渋谷区,35.68229166666667,139.67656250000002,1660,1272,453,416,403
5339451434,13113,渋谷区,35.68229166666667,139.67968750000003,1594,1225,405,417,403
5339451441,13113,渋谷区,35.68020833333334,139.6828125,1242,5899,296,5401,202
5339451442,13113,渋谷区,35.68020833333334,139.68593750000002,1123,5860,258,5401,201
5339451443,13113,渋谷区,35.68229166666667,139.6828125,1480,5981,380,5401,200
5339451444,13113,渋谷区,35.68229166666667,139.68593750000002,455,5701,100,5400,201
5339451511,13113,渋谷区,35.67604166666667,139.6890625,1313,708,379,329,0
5339451512,13113,渋谷区,35.67604166666667,139.69218750000002,721,525,196,329,0
5339451513,13113,渋谷区,35.678125,139.6890625,1262,730,402,328,0
5339451514,13113,渋谷区,35.678125,139.69218750000002,1103,632,303,329,0
5339451521,13113,渋谷区,35.67604166666667,139.6953125,13,163,1,162,0
5339451522,13113,渋谷区,35.67604166666667,139.6984375,0,163,0,163,0
5339451523,13113,渋谷区,35.678125,139.6953125,25,171,10,161,0
5339451524,13113,渋谷区,35.678125,139.6984375,0,163,0,163,0
5339451531,13113,渋谷区,35.68020833333334,139.6890625,1432,2876,356,2520,0
5339451532,13113,渋谷区,35.68020833333334,139.69218750000002,1473,2955,435,2520,0
5339451533,13113,渋谷区,35.68229166666667,139.6890625,724,2744,225,2519,0
5339451534,13113,渋谷区,35.68229166666667,139.69218750000002,1538,2976,455,2521,0
5339451541,13113,渋谷区,35.68020833333334,139.6953125,519,1289,119,1040,130
5339451542,13113,渋谷区,35.68020833333334,139.6984375,215,1212,40,1041,131
5339451543,13113,渋谷区,35.68229166666667,139.6953125,1119,1489,320,1039,130
5339451544,13113,渋谷区,35.68229166666667,139.6984375,1110,1484,313,1040,131
5339451611,13113,渋谷区,35.67604166666667,139.7015625,0,1037,0,1037,0
5339451612,13113,渋谷区,35.67604166666667,139.7046875,684,1217,181,1036,0
5339451613,13113,渋谷区,35.678125,139.7015625,0,1036,0,1036,0
5339451614,13113,渋谷区,35.678125,139.7046875,599,1174,137,1037,0
5339451621,13113,渋谷区,35.67604166666667,139.7078125,693,3253,199,2680,374
5339451622,13113,渋谷区,35.67604166666667,139.7109375,643,3229,176,2679,374
5339451623,13113,渋谷区,35.678125,139.7078125,1050,3381,328,2679,374
5339451624,13113,渋谷区,35.678125,139.7109375,662,3222,168,2680,374
5339451631,13113,渋谷区,35.68020833333334,139.7015625,441,4715,106,4307,302
5339451632,13113,渋谷区,35.68020833333334,139.7046875,642,4749,141,4306,302
5339451633,13113,渋谷区,35.68229166666667,139.7015625,366,4695,88,4306,301
5339451634,13113,渋谷区,35.68229166666667,139.7046875,570,4749,141,4306,302
5339451641,13113,渋谷区,35.68020833333334,139.7078125,751,2101,197,1649,255
5339451642,13113,渋谷区,35.68020833333334,139.7109375,162,1944,42,1648,254
5339451643,13113,渋谷区,35.68229166666667,139.7078125,531,2072,170,1648,254
5339451644,13113,渋谷区,35.68229166666667,139.7109375,0,1904,0,1649,255
5339451711,13104,新宿区,35.67604166666667,139.7140625,0,45,0,45,0
5339451712,13104,新宿区,35.67604166666667,139.71718750000002,0,45,0,45,0
5339451713,13104,新宿区,35.678125,139.7140625,0,45,0,45,0
5339451714,13104,新宿区,35.678125,139.71718750000002,0,45,0,45,0
5339451721,13103,港区,35.67604166666667,139.7203125,119,417,48,338,31
5339451722,13103,港区,35.67604166666667,139.72343750000002,0,370,0,339,31
5339451723,13103,港区,35.678125,139.7203125,36,378,11,337,30
5339451724,13103,港区,35.678125,139.72343750000002,52,385,16,338,31
5339451731,13113,渋谷区,35.68020833333334,139.7140625,76,3607,6,1424,2177
5339451732,13104,新宿区,35.68020833333334,139.71718750000002,0,3600,0,1424,2176
5339451733,13104,新宿区,35.68229166666667,139.7140625,350,3673,72,1424,2177
5339451734,13104,新宿区,35.68229166666667,139.71718750000002,384,3700,99,1424,2177
5339451741,13104,新宿区,35.68020833333334,139.7203125,151,1355,25,1330,0
5339451742,13104,新宿区,35.68020833333334,139.72343750000002,741,1569,240,1329,0
5339451743,13104,新宿区,35.68229166666667,139.7203125,160,1369,41,1328,0
5339451744,13104,新宿区,35.68229166666667,139.72343750000002,1388,1749,419,1330,0
5339451811,13103,港区,35.67604166666667,139.7265625,0,20,0,20,0
5339451812,13103,港区,35.67604166666667,139.7296875,0,19,0,19,0
5339451813,13103,港区,35.678125,139.7265625,0,19,0,19,0
5339451814,13103,港区,35.678125,139.7296875,0,20,0,20,0
5339451821,13103,港区,35.67604166666667,139.7328125,155,6894,29,6573,292
5339451822,13103,港区,35.67604166666667,139.7359375,172,6906,42,6573,291
5339451823,13103,港区,35.678125,139.7328125,431,6949,87,6572,290
5339451824,13103,港区,35.678125,139.7359375,21,6871,5,6574,292
5339451831,13104,新宿区,35.68020833333334,139.7265625,313,503,87,169,247
5339451832,13103,港区,35.68020833333334,139.7296875,0,417,0,170,247
5339451833,13104,新宿区,35.68229166666667,139.7265625,626,605,190,169,246
5339451834,13103,港区,35.68229166666667,139.7296875,0,416,0,169,247
5339451841,13103,港区,35.68020833333334,139.7328125,0,9523,0,7384,2139
5339451842,13101,千代田区,35.68020833333334,139.7359375,77,9532,10,7384,2138
5339451843,13101,千代田区,35.68229166666667,139.7328125,39,9544,23,7383,2138
5339451844,13101,千代田区,35.68229166666667,139.7359375,321,9602,79,7385,2138
5339451911,13101,千代田区,35.67604166666667,139.73906250000002,188,3251,34,3028,189
5339451912,13101,千代田区,35.67604166666667,139.74218750000003,41,3229,12,3027,190
5339451913,13101,千代田区,35.678125,139.73906250000002,156,3243,26,3028,189
5339451914,13101,千代田区,35.678125,139.74218750000003,0,3218,0,3028,190
5339451921,13101,千代田区,35.67604166666667,139.7453125,0,273,0,273,0
5339451922,13101,千代田区,35.67604166666667,139.74843750000002,0,272,0,272,0
5339451923,13101,千代田区,35.678125,139.7453125,0,272,0,272,0
5339451924,13101,千代田区,35.678125,139.74843750000002,0,273,0,273,0
5339451931,13101,千代田区,35.68020833333334,139.73906250000002,367,5679,112,5409,158
5339451932,13101,千代田区,35.68020833333334,139.74218750000003,230,5626,59,5410,157
5339451933,13101,千代田区,35.68229166666667,139.73906250000002,593,5737,170,5410,157
5339451934,13101,千代田区,35.68229166666667,139.74218750000003,898,5742,176,5409,157
5339451941,13101,千代田区,35.68020833333334,139.7453125,0,9,0,9,0
5339451942,13101,千代田区,35.68020833333334,139.74843750000002,0,9,0,9,0
5339451943,13101,千代田区,35.68229166666667,139.7453125,0,8,0,8,0
5339451944,13101,千代田区,35.68229166666667,139.74843750000002,0,9,0,9,0
5339452011,13115,杉並区,35.684375,139.6265625,912,649,218,271,160
5339452012,13115,杉並区,35.684375,139.62968750000002,849,707,277,272,158
5339452013,13115,杉並区,35.686458333333334,139.6265625,1272,830,399,272,159
5339452014,13115,杉並区,35.686458333333334,139.62968750000002,978,738,308,272,158
5339452021,13115,杉並区,35.684375,139.6328125,1010,354,307,47,0
5339452022,13115,杉並区,35.684375,139.6359375,900,329,283,46,0
5339452023,13115,杉並区,35.686458333333334,139.6328125,673,286,239,47,0
5339452024,13115,杉並区,35.686458333333334,139.6359375,601,231,184,47,0
5339452031,13115,杉並区,35.68854166666667,139.6265625,686,495,204,136,155
5339452032,13115,杉並区,35.68854166666667,139.62968750000002,683,482,193,136,153
5339452033,13115,杉並区,35.690625000000004,139.6265625,514,460,171,135,154
5339452034,13115,杉並区,35.690625000000004,139.62968750000002,910,564,274,137,153
5339452041,13115,杉並区,35.68854166666667,139.6328125,441,211,141,70,0
5339452042,13115,杉並区,35.68854166666667,139.6359375,1138,427,358,69,0
5339452043,13115,杉並区,35.690625000000004,139.6328125,690,248,179,69,0
5339452044,13115,杉並区,35.690625000000004,139.6359375,1162,455,385,70,0
5339452111,13115,杉並区,35.684375,139.6390625,26,272,6,36,230
5339452112,13115,杉並区,35.684375,139.6421875,15,273,8,35,230
5339452113,13115,杉並区,35.686458333333334,139.6390625,253,350,87,34,229
5339452114,13115,杉並区,35.686458333333334,139.6421875,323,365,100,35,230
5339452121,13115,杉並区,35.684375,139.6453125,682,627,237,110,280
5339452122,13115,杉並区,35.684375,139.6484375,323,482,93,110,279
5339452123,13115,杉並区,35.686458333333334,139.6453125,273,487,99,109,279
5339452124,13115,杉並区,35.686458333333334,139.6484375,259,487,98,110,279
5339452131,13115,杉並区,35.68854166666667,139.6390625,1166,630,396,117,117
5339452132,13115,杉並区,35.68854166666667,139.6421875,770,463,230,116,117
5339452133,13115,杉並区,35.690625000000004,139.6390625,1032,570,338,116,116
5339452134,13115,杉並区,35.690625000000004,139.6421875,961,519,285,117,117
5339452141,13115,杉並区,35.68854166666667,139.6453125,283,513,97,71,345
5339452142,13115,杉並区,35.68854166666667,139.6484375,366,552,138,70,344
5339452143,13115,杉並区,35.690625000000004,139.6453125,781,655,240,71,344
5339452144,13115,杉並区,35.690625000000004,139.6484375,880,666,251,71,344
5339452211,13115,杉並区,35.684375,139.6515625,1089,918,336,443,139
5339452212,13115,杉並区,35.684375,139.65468750000002,1544,1050,468,443,139
5339452213,13115,杉並区,35.686458333333334,139.6515625,890,927,347,442,138
5339452214,13115,杉並区,35.686458333333334,139.65468750000002,1267,916,333,443,140
5339452221,13115,杉並区,35.684375,139.6578125,1325,1233,347,581,305
5339452222,13114,中野区,35.684375,139.66093750000002,965,1177,291,581,305
5339452223,13115,杉並区,35.686458333333334,139.6578125,367,981,95,581,305
5339452224,13114,中野区,35.686458333333334,139.66093750000002,1282,1441,555,581,305
5339452231,13115,杉並区,35.68854166666667,139.6515625,1312,703,434,269,0
5339452232,13115,杉並区,35.68854166666667,139.65468750000002,1837,795,527,268,0
5339452233,13115,杉並区,35.690625000000004,139.6515625,1539,760,492,268,0
5339452234,13115,杉並区,35.690625000000004,139.65468750000002,1692,729,461,268,0
5339452241,13115,杉並区,35.68854166666667,139.6578125,128,688,46,422,220
5339452242,13115,杉並区,35.68854166666667,139.66093750000002,848,861,220,421,220
5339452243,13115,杉並区,35.690625000000004,139.6578125,668,863,221,422,220
5339452244,13115,杉並区,35.690625000000004,139.66093750000002,1090,1056,415,421,220
5339452311,13114,中野区,35.684375,139.6640625,749,749,164,432,153
5339452312,13114,中野区,35.684375,139.6671875,1559,1087,503,430,154
5339452313,13114,中野区,35.686458333333334,139.6640625,408,724,142,430,152
5339452314,13114,中野区,35.686458333333334,139.6671875,1705,1075,489,432,154
5339452321,13114,中野区,35.684375,139.6703125,1809,1025,549,344,132
5339452322,13114,中野区,35.684375,139.6734375,780,697,222,343,132
5339452323,13114,中野区,35.686458333333334,139.6703125,1584,901,425,343,133
5339452324,13114,中野区,35.686458333333334,139.6734375,888,748,272,344,132
5339452331,13114,中野区,35.68854166666667,139.6640625,1161,1147,338,531,278
5339452332,13114,中野区,35.68854166666667,139.6671875,1246,1199,391,531,277
5339452333,13115,杉並区,35.690625000000004,139.6640625,797,1016,210,529,277
5339452334,13114,中野区,35.690625000000004,139.6671875,741,1020,212,531,277
5339452341,13114,中野区,35.68854166666667,139.6703125,1190,850,390,460,0
5339452342,13114,中野区,35.68854166666667,139.6734375,1285,808,350,458,0
5339452343,13114,中野区,35.690625000000004,139.6703125,1182,823,364,459,0
5339452344,13114,中野区,35.690625000000004,139.6734375,1489,827,369,458,0
5339452411,13113,渋谷区,35.684375,139.67656250000002,1728,680,511,169,0
5339452412,13113,渋谷区,35.684375,139.67968750000003,1434,600,433,167,0
5339452413,13113,渋谷区,35.686458333333334,139.67656250000002,1815,699,531,168,0
5339452414,13113,渋谷区,35.686458333333334,139.67968750000003,1546,649,482,167,0
5339452421,13113,渋谷区,35.684375,139.6828125,1566,1831,451,896,484
5339452422,13104,新宿区,35.684375,139.68593750000002,877,1611,233,896,482
5339452423,13113,渋谷区,35.686458333333334,139.6828125,1498,1823,445,895,483
5339452424,13104,新宿区,35.686458333333334,139.68593750000002,1086,1632,254,896,482
5339452431,13114,中野区,35.68854166666667,139.67656250000002,1514,1047,451,550,46
5339452432,13113,渋谷区,35.68854166666667,139.67968750000003,1766,1066,470,549,47
5339452433,13114,中野区,35.690625000000004,139.67656250000002,1399,985,391,549,45
5339452434,13114,中野区,35.690625000000004,139.67968750000003,1342,890,296,548,46
5339452441,13113,渋谷区,35.68854166666667,139.6828125,1317,2211,441,1601,169
5339452442,13104,新宿区,35.68854166666667,139.68593750000002,1205,2077,308,1599,170
5339452443,13113,渋谷区,35.690625000000004,139.6828125,1324,2121,353,1599,169
5339452444,13104,新宿区,35.690625000000004,139.68593750000002,1443,2164,396,1599,169
5339452511,13104,新宿区,35.684375,139.6890625,847,5693,210,5376,107
5339452512,13113,渋谷区,35.684375,139.69218750000002,476,5591,109,5375,107
5339452513,13104,新宿区,35.686458333333334,139.6890625,636,5615,134,5375,106
5339452514,13104,新宿区,35.686458333333334,139.69218750000002,310,5566,84,5375,107
5339452521,13113,渋谷区,35.684375,139.6953125,1119,11265,312,7852,3101
5339452522,13113,渋谷区,35.684375,139.6984375,1097,11297,347,7851,3099
5339452523,13113,渋谷区,35.686458333333334,139.6953125,261,11003,54,7850,3099
5339452524,13113,渋谷区,35.686458333333334,139.6984375,353,11038,88,7851,3099
5339452531,13104,新宿区,35.68854166666667,139.6890625,608,11673,187,11480,6
5339452532,13104,新宿区,35.68854166666667,139.69218750000002,0,11484,0,11478,6
5339452533,13104,新宿区,35.690625000000004,139.6890625,130,11526,41,11479,6
5339452534,13104,新宿区,35.690625000000004,139.69218750000002,0,11484,0,11478,6
5339452541,13104,新宿区,35.68854166666667,139.6953125,0,15091,0,13190,1901
5339452542,13104,新宿区,35.68854166666667,139.6984375,40,15099,9,13189,1901
5339452543,13104,新宿区,35.690625000000004,139.6953125,0,15090,0,13189,1901
5339452544,13104,新宿区,35.690625000000004,139.6984375,0,15091,0,13190,1901
5339452611,13113,渋谷区,35.684375,139.7015625,259,7719,73,6813,833
5339452612,13113,渋谷区,35.684375,139.7046875,687,7830,186,6812,832
5339452613,13113,渋谷区,35.686458333333334,139.7015625,0,7644,0,6812,832
5339452614,13113,渋谷区,35.686458333333334,139.7046875,112,7672,25,6814,833
5339452621,13104,新宿区,35.684375,139.7078125,0,11,0,11,0
5339452622,13104,新宿区,35.684375,139.7109375,0,10,0,10,0
5339452623,13104,新宿区,35.686458333333334,139.7078125,0,10,0,10,0
5339452624,13104,新宿区,35.686458333333334,139.7109375,0,10,0,10,0
5339452631,13113,渋谷区,35.68854166666667,139.7015625,10,9230,4,9033,193
5339452632,13104,新宿区,35.68854166666667,139.7046875,197,9313,85,9034,194
5339452633,13104,新宿区,35.690625000000004,139.7015625,8,9227,0,9033,194
5339452634,13104,新宿区,35.690625000000004,139.7046875,0,9227,0,9034,193
5339452641,13104,新宿区,35.68854166666667,139.7078125,213,6996,59,6842,95
5339452642,13104,新宿区,35.68854166666667,139.7109375,524,7059,125,6841,93
5339452643,13104,新宿区,35.690625000000004,139.7078125,190,7009,74,6842,93
5339452644,13104,新宿区,35.690625000000004,139.7109375,1010,7188,252,6841,95
5339452711,13104,新宿区,35.684375,139.7140625,165,740,39,701,0
5339452712,13104,新宿区,35.684375,139.71718750000002,1476,1169,468,701,0
5339452713,13104,新宿区,35.686458333333334,139.7140625,424,824,124,700,0
5339452714,13104,新宿区,35.686458333333334,139.71718750000002,1310,1057,357,700,0
5339452721,13104,新宿区,35.684375,139.7203125,1086,1838,292,1253,293
5339452722,13104,新宿区,35.684375,139.72343750000002,1109,1881,334,1253,294
5339452723,13104,新宿区,35.686458333333334,139.7203125,967,1853,307,1252,294
5339452724,13104,新宿区,35.686458333333334,139.72343750000002,796,1798,252,1252,294
5339452731,13104,新宿区,35.68854166666667,139.7140625,835,4149,226,3724,199
5339452732,13104,新宿区,35.68854166666667,139.71718750000002,999,4203,281,3724,198
5339452733,13104,新宿区,35.690625000000004,139.7140625,1210,4186,265,3724,197
5339452734,13104,新宿区,35.690625000000004,139.71718750000002,1269,4249,327,3724,198
5339452741,13104,新宿区,35.68854166666667,139.7203125,1019,2564,278,2286,0
5339452742,13104,新宿区,35.68854166666667,139.72343750000002,964,2521,236,2285,0
5339452743,13104,新宿区,35.690625000000004,139.7203125,935,2583,297,2286,0
5339452744,13104,新宿区,35.690625000000004,139.72343750000002,1306,2656,371,2285,0
5339452811,13104,新宿区,35.684375,139.7265625,1011,3515,292,3119,104
5339452812,13104,新宿区,35.684375,139.7296875,23,3236,11,3120,105
5339452813,13104,新宿区,35.686458333333334,139.7265625,594,3400,178,3119,103
5339452814,13104,新宿区,35.686458333333334,139.7296875,84,3251,28,3119,104
5339452821,13101,千代田区,35.684375,139.7328125,139,8525,39,7842,644
5339452822,13101,千代田区,35.684375,139.7359375,647,8661,177,7840,644
5339452823,13101,千代田区,35.686458333333334,139.7328125,716,8695,211,7841,643
5339452824,13101,千代田区,35.686458333333334,139.7359375,656,8656,170,7842,644
5339452831,13104,新宿区,35.68854166666667,139.7265625,1036,3224,317,2787,120
5339452832,13104,新宿区,35.68854166666667,139.7296875,255,2986,80,2786,120
5339452833,13104,新宿区,35.690625000000004,139.7265625,1389,3279,374,2786,119
5339452834,13104,新宿区,35.690625000000004,139.7296875,759,3074,169,2786,119
5339452841,13101,千代田区,35.68854166666667,139.7328125,679,5403,180,4794,429
5339452842,13101,千代田区,35.68854166666667,139.7359375,775,5482,261,4793,428
5339452843,13104,新宿区,35.690625000000004,139.7328125,363,5294,74,4793,427
5339452844,13101,千代田区,35.690625000000004,139.7359375,920,5462,239,4794,429
5339452911,13101,千代田区,35.684375,139.73906250000002,466,6975,103,6407,465
5339452912,13101,千代田区,35.684375,139.74218750000003,684,7039,168,6406,465
5339452913,13101,千代田区,35.686458333333334,139.73906250000002,1288,7246,376,6406,464
5339452914,13101,千代田区,35.686458333333334,139.74218750000003,672,7090,218,6407,465
5339452921,13101,千代田区,35.684375,139.7453125,66,463,16,447,0
5339452922,13101,千代田区,35.684375,139.74843750000002,0,446,0,446,0
5339452923,13101,千代田区,35.686458333333334,139.7453125,0,446,0,446,0
5339452924,13101,千代田区,35.686458333333334,139.74843750000002,0,446,0,446,0
5339452931,13101,千代田区,35.68854166666667,139.73906250000002,1340,5847,400,1997,3450
5339452932,13101,千代田区,35.68854166666667,139.74218750000003,1900,6012,564,1996,3452
5339452933,13101,千代田区,35.690625000000004,139.73906250000002,2120,5966,519,1997,3450
5339452934,13101,千代田区,35.690625000000004,139.74218750000003,1031,5772,326,1996,3450
5339452941,13101,千代田区,35.68854166666667,139.7453125,414,1867,115,1752,0
5339452942,13101,千代田区,35.68854166666667,139.74843750000002,0,1751,0,1751,0
5339452943,13101,千代田区,35.690625000000004,139.7453125,701,1959,209,1750,0
5339452944,13101,千代田区,35.690625000000004,139.74843750000002,0,1751,0,1751,0
5339453011,13115,杉並区,35.692708333333336,139.6265625,513,253,196,57,0
5339453012,13115,杉並区,35.692708333333336,139.62968750000002,466,212,155,57,0
5339453013,13115,杉並区,35.69479166666667,139.6265625,818,311,255,56,0
5339453014,13115,杉並区,35.69479166666667,139.62968750000002,581,243,187,56,0
5339453021,13115,杉並区,35.692708333333336,139.6328125,258,497,78,142,277
5339453022,13115,杉並区,35.692708333333336,139.6359375,977,750,330,143,277
5339453023,13115,杉並区,35.69479166666667,139.6328125,629,637,219,141,277
5339453024,13115,杉並区,35.69479166666667,139.6359375,1044,779,359,143,277
5339453031,13115,杉並区,35.696875000000006,139.6265625,1615,678,611,67,0
5339453032,13115,杉並区,35.696875000000006,139.62968750000002,1211,379,312,67,0
5339453033,13115,杉並区,35.69895833333334,139.6265625,934,467,401,66,0
5339453034,13115,杉並区,35.69895833333334,139.62968750000002,1262,493,425,68,0
5339453041,13115,杉並区,35.696875000000006,139.6328125,1173,1786,417,1199,170
5339453042,13115,杉並区,35.696875000000006,139.6359375,922,1660,291,1198,171
5339453043,13115,杉並区,35.69895833333334,139.6328125,1043,1693,325,1198,170
5339453044,13115,杉並区,35.69895833333334,139.6359375,1349,1739,369,1199,171
5339453111,13115,杉並区,35.692708333333336,139.6390625,1052,510,325,185,0
5339453112,13115,杉並区,35.692708333333336,139.6421875,1200,498,313,185,0
5339453113,13115,杉並区,35.69479166666667,139.6390625,1110,516,332,184,0
5339453114,13115,杉並区,35.69479166666667,139.6421875,1108,515,330,185,0
5339453121,13115,杉並区,35.692708333333336,139.6453125,1042,851,322,170,359
5339453122,13115,杉並区,35.692708333333336,139.6484375,1026,832,303,171,358
5339453123,13115,杉並区,35.69479166666667,139.6453125,1321,911,383,170,358
5339453124,13115,杉並区,35.69479166666667,139.6484375,732,732,201,171,360
5339453131,13115,杉並区,35.696875000000006,139.6390625,1510,794,417,377,0
5339453132,13115,杉並区,35.696875000000006,139.6421875,1376,787,410,377,0
5339453133,13115,杉並区,35.69895833333334,139.6390625,1245,708,330,378,0
5339453134,13115,杉並区,35.69895833333334,139.6421875,1362,779,402,377,0
5339453141,13115,杉並区,35.696875000000006,139.6453125,1488,1093,412,681,0
5339453142,13115,杉並区,35.696875000000006,139.6484375,1106,941,261,680,0
5339453143,13115,杉並区,35.69895833333334,139.6453125,1344,1029,348,681,0
5339453144,13115,杉並区,35.69895833333334,139.6484375,1300,958,277,681,0
5339453211,13115,杉並区,35.692708333333336,139.6515625,671,459,182,277,0
5339453212,13115,杉並区,35.692708333333336,139.65468750000002,1789,871,595,276,0
5339453213,13115,杉並区,35.69479166666667,139.6515625,556,408,133,275,0
5339453214,13115,杉並区,35.69479166666667,139.65468750000002,1056,586,310,276,0
5339453221,13115,杉並区,35.692708333333336,139.6578125,1325,1580,471,209,900
5339453222,13115,杉並区,35.692708333333336,139.66093750000002,1139,1415,307,209,899
5339453223,13115,杉並区,35.69479166666667,139.6578125,1255,1495,388,208,899
5339453224,13115,杉並区,35.69479166666667,139.66093750000002,966,1369,260,209,900
5339453231,13115,杉並区,35.696875000000006,139.6515625,1258,1032,347,552,133
5339453232,13115,杉並区,35.696875000000006,139.65468750000002,1022,965,282,552,131
5339453233,13115,杉並区,35.69895833333334,139.6515625,928,878,195,551,132
5339453234,13115,杉並区,35.69895833333334,139.65468750000002,961,918,236,551,131
5339453241,13115,杉並区,35.696875000000006,139.6578125,757,1349,229,475,645
5339453242,13115,杉並区,35.696875000000006,139.66093750000002,1215,1436,317,474,645
5339453243,13115,杉並区,35.69895833333334,139.6578125,1318,1472,354,474,644
5339453244,13115,杉並区,35.69895833333334,139.66093750000002,1506,1494,373,475,646
5339453311,13115,杉並区,35.692708333333336,139.6640625,1273,977,400,375,202
5339453312,13115,杉並区,35.692708333333336,139.6671875,1429,963,386,375,202
5339453313,13115,杉並区,35.69479166666667,139.6640625,979,840,264,375,201
5339453314,13114,中野区,35.69479166666667,139.6671875,1857,1111,533,375,203
5339453321,13114,中野区,35.692708333333336,139.6703125,927,984,271,537,176
5339453322,13114,中野区,35.692708333333336,139.6734375,1345,1080,370,536,174
5339453323,13114,中野区,35.69479166666667,139.6703125,1576,1172,461,536,175
5339453324,13114,中野区,35.69479166666667,139.6734375,1295,1068,358,535,175
5339453331,13114,中野区,35.696875000000006,139.6640625,1542,1185,430,755,0
5339453332,13114,中野区,35.696875000000006,139.6671875,1468,1179,425,754,0
5339453333,13114,中野区,35.69895833333334,139.6640625,1622,1210,455,755,0
5339453334,13114,中野区,35.69895833333334,139.6671875,1687,1254,500,754,0
5339453341,13114,中野区,35.696875000000006,139.6703125,1469,1390,364,1026,0
5339453342,13114,中野区,35.696875000000006,139.6734375,1523,1446,421,1025,0
5339453343,13114,中野区,35.69895833333334,139.6703125,1457,1421,396,1025,0
5339453344,13114,中野区,35.69895833333334,139.6734375,1370,1415,389,1026,0
5339453411,13114,中野区,35.692708333333336,139.67656250000002,1506,1179,358,375,446
5339453412,13114,中野区,35.692708333333336,139.67968750000003,861,1072,252,375,445
5339453413,13114,中野区,35.69479166666667,139.67656250000002,1383,1175,356,374,445
5339453414,13114,中野区,35.69479166666667,139.67968750000003,1459,1199,378,376,445
5339453421,13114,中野区,35.692708333333336,139.6828125,1326,1024,413,611,0
5339453422,13104,新宿区,35.692708333333336,139.68593750000002,1474,1050,439,611,0
5339453423,13114,中野区,35.69479166666667,139.6828125,1194,922,312,610,0
5339453424,13104,新宿区,35.69479166666667,139.68593750000002,1336,1029,418,611,0
5339453431,13114,中野区,35.696875000000006,139.67656250000002,1530,1912,374,949,589
5339453432,13114,中野区,35.696875000000006,139.67968750000003,1443,1952,414,949,589
5339453433,13114,中野区,35.69895833333334,139.67656250000002,1418,1958,421,948,589
5339453434,13114,中野区,35.69895833333334,139.67968750000003,738,1711,173,949,589
5339453441,13114,中野区,35.696875000000006,139.6828125,604,3421,173,3248,0
5339453442,13114,中野区,35.696875000000006,139.68593750000002,1234,3536,290,3246,0
5339453443,13114,中野区,35.69895833333334,139.6828125,1235,3575,328,3247,0
5339453444,13114,中野区,35.69895833333334,139.68593750000002,1509,3596,349,3247,0
5339453511,13104,新宿区,35.692708333333336,139.6890625,954,14887,294,14543,50
5339453512,13104,新宿区,35.692708333333336,139.69218750000002,0,14591,0,14541,50
5339453513,13104,新宿区,35.69479166666667,139.6890625,576,14755,164,14542,49
5339453514,13104,新宿区,35.69479166666667,139.69218750000002,517,14733,139,14543,51
5339453521,13104,新宿区,35.692708333333336,139.6953125,109,21254,14,20644,596
5339453522,13104,新宿区,35.692708333333336,139.6984375,0,21239,0,20643,596
5339453523,13104,新宿区,35.69479166666667,139.6953125,599,21378,139,20644,595
5339453524,13104,新宿区,35.69479166666667,139.6984375,55,21257,18,20643,596
5339453531,13104,新宿区,35.696875000000006,139.6890625,1072,4883,350,4446,87
5339453532,13104,新宿区,35.696875000000006,139.69218750000002,1279,4886,355,4445,86
5339453533,13104,新宿区,35.69895833333334,139.6890625,1322,4896,364,4446,86
5339453534,13104,新宿区,35.69895833333334,139.69218750000002,1230,4825,293,4445,87
5339453541,13104,新宿区,35.696875000000006,139.6953125,897,5833,245,5032,556
5339453542,13104,新宿区,35.696875000000006,139.6984375,299,5649,62,5030,557
5339453543,13104,新宿区,35.69895833333334,139.6953125,792,5824,236,5031,557
5339453544,13104,新宿区,35.69895833333334,139.6984375,416,5719,131,5031,557
5339453611,13104,新宿区,35.692708333333336,139.7015625,0,5616,0,5609,7
5339453612,13104,新宿区,35.692708333333336,139.7046875,81,5631,18,5607,6
5339453613,13104,新宿区,35.69479166666667,139.7015625,0,5613,0,5607,6
5339453614,13104,新宿区,35.69479166666667,139.7046875,114,5650,35,5609,6
5339453621,13104,新宿区,35.692708333333336,139.7078125,445,5257,98,3917,1242
5339453622,13104,新宿区,35.692708333333336,139.7109375,689,5300,142,3917,1241
5339453623,13104,新宿区,35.69479166666667,139.7078125,743,5415,257,3917,1241
5339453624,13104,新宿区,35.69479166666667,139.7109375,540,5306,147,3918,1241
5339453631,13104,新宿区,35.696875000000006,139.7015625,81,2781,18,2560,203
5339453632,13104,新宿区,35.696875000000006,139.7046875,104,2805,44,2559,202
5339453633,13104,新宿区,35.69895833333334,139.7015625,422,2907,145,2560,202
5339453634,13104,新宿区,35.69895833333334,139.7046875,431,2902,139,2560,203
5339453641,13104,新宿区,35.696875000000006,139.7078125,662,4187,192,3995,0
5339453642,13104,新宿区,35.696875000000006,139.7109375,702,4185,190,3995,0
5339453643,13104,新宿区,35.69895833333334,139.7078125,1230,4406,412,3994,0
5339453644,13104,新宿区,35.69895833333334,139.7109375,1216,4384,389,3995,0
5339453711,13104,新宿区,35.692708333333336,139.7140625,2443,3063,793,1001,1269
5339453712,13104,新宿区,35.692708333333336,139.71718750000002,957,2527,259,999,1269
5339453713,13104,新宿区,35.69479166666667,139.7140625,1242,2691,424,999,1268
5339453714,13104,新宿区,35.69479166666667,139.71718750000002,1405,2695,426,1000,1269
5339453721,13104,新宿区,35.692708333333336,139.7203125,1446,2004,371,1538,95
5339453722,13104,新宿区,35.692708333333336,139.72343750000002,939,1874,242,1538,94
5339453723,13104,新宿区,35.69479166666667,139.7203125,1920,2139,507,1539,93
5339453724,13104,新宿区,35.69479166666667,139.72343750000002,1289,1910,277,1538,95
5339453731,13104,新宿区,35.696875000000006,139.7140625,1413,917,369,454,94
5339453732,13104,新宿区,35.696875000000006,139.71718750000002,1242,925,377,455,93
5339453733,13104,新宿区,35.69895833333334,139.7140625,1092,862,315,454,93
5339453734,13104,新宿区,35.69895833333334,139.71718750000002,906,824,275,454,95
5339453741,13104,新宿区,35.696875000000006,139.7203125,397,3403,136,1602,1665
5339453742,13104,新宿区,35.696875000000006,139.72343750000002,1258,3646,380,1601,1665
5339453743,13104,新宿区,35.69895833333334,139.7203125,1166,3598,333,1601,1664
5339453744,13104,新宿区,35.69895833333334,139.72343750000002,1287,3837,571,1601,1665
5339453811,13104,新宿区,35.692708333333336,139.7265625,85,4251,19,3841,391
5339453812,13104,新宿区,35.692708333333336,139.7296875,0,4230,0,3840,390
5339453813,13104,新宿区,35.69479166666667,139.7265625,2099,4513,284,3839,390
5339453814,13104,新宿区,35.69479166666667,139.7296875,108,4243,12,3840,391
5339453821,13104,新宿区,35.692708333333336,139.7328125,80,2858,23,1862,973
5339453822,13104,新宿区,35.692708333333336,139.7359375,152,2879,45,1862,972
5339453823,13104,新宿区,35.69479166666667,139.7328125,327,2929,96,1861,972
5339453824,13104,新宿区,35.69479166666667,139.7359375,795,3065,231,1862,972
5339453831,13104,新宿区,35.696875000000006,139.7265625,1817,1178,455,513,210
5339453832,13104,新宿区,35.696875000000006,139.7296875,1014,914,193,511,210
5339453833,13104,新宿区,35.69895833333334,139.7265625,1905,1293,572,512,209
5339453834,13104,新宿区,35.69895833333334,139.7296875,1247,1026,303,513,210
5339453841,13104,新宿区,35.696875000000006,139.7328125,610,1165,174,860,131
5339453842,13104,新宿区,35.696875000000006,139.7359375,1198,1280,291,860,129
5339453843,13104,新宿区,35.69895833333334,139.7328125,1610,1428,439,860,129
5339453844,13104,新宿区,35.69895833333334,139.7359375,1380,1374,384,860,130
5339453911,13101,千代田区,35.692708333333336,139.73906250000002,463,7311,98,4886,2327
5339453912,13101,千代田区,35.692708333333336,139.74218750000003,679,7391,178,4886,2327
5339453913,13101,千代田区,35.69479166666667,139.73906250000002,421,7329,116,4886,2327
5339453914,13101,千代田区,35.69479166666667,139.74218750000003,44,7231,19,4886,2326
5339453921,13101,千代田区,35.692708333333336,139.7453125,708,3846,155,2119,1572
5339453922,13101,千代田区,35.692708333333336,139.74843750000002,0,3690,0,2118,1572
5339453923,13101,千代田区,35.69479166666667,139.7453125,149,3745,55,2118,1572
5339453924,13101,千代田区,35.69479166666667,139.74843750000002,0,3690,0,2118,1572
5339453931,13104,新宿区,35.696875000000006,139.73906250000002,605,3766,155,1260,2351
5339453932,13101,千代田区,35.696875000000006,139.74218750000003,394,3663,53,1258,2352
5339453933,13104,新宿区,35.69895833333334,139.73906250000002,998,3887,277,1258,2352
5339453934,13101,千代田区,35.69895833333334,139.74218750000003,868,3849,239,1258,2352
5339453941,13101,千代田区,35.696875000000006,139.7453125,564,7146,135,5626,1385
5339453942,13101,千代田区,35.696875000000006,139.74843750000002,82,7031,19,5627,1385
5339453943,13101,千代田区,35.69895833333334,139.7453125,662,7192,182,5626,1384
5339453944,13101,千代田区,35.69895833333334,139.74843750000002,945,7265,253,5626,1386
5339454011,13115,杉並区,35.70104166666667,139.6265625,861,738,294,301,143
5339454012,13115,杉並区,35.70104166666667,139.62968750000002,1452,855,411,301,143
5339454013,13115,杉並区,35.703125,139.6265625,1654,887,444,301,142
5339454014,13115,杉並区,35.703125,139.62968750000002,1325,835,392,301,142
5339454021,13115,杉並区,35.70104166666667,139.6328125,1360,1459,392,939,128
5339454022,13115,杉並区,35.70104166666667,139.6359375,1217,1361,296,938,127
5339454023,13115,杉並区,35.703125,139.6328125,1167,1367,301,939,127
5339454024,13115,杉並区,35.703125,139.6359375,1277,1406,341,938,127
5339454031,13115,杉並区,35.70520833333334,139.6265625,1159,815,328,116,371
5339454032,13115,杉並区,35.70520833333334,139.62968750000002,1271,838,352,115,371
5339454033,13115,杉並区,35.70729166666667,139.6265625,1175,814,328,116,370
5339454034,13115,杉並区,35.70729166666667,139.62968750000002,1178,872,385,116,371
5339454041,13115,杉並区,35.70520833333334,139.6328125,1338,1392,326,927,139
5339454042,13115,杉並区,35.70520833333334,139.6359375,552,1211,145,926,140
5339454043,13115,杉並区,35.70729166666667,139.6328125,1180,1380,316,926,138
5339454044,13115,杉並区,35.70729166666667,139.6359375,1053,1359,292,927,140
5339454111,13115,杉並区,35.70104166666667,139.6390625,1129,597,341,152,104
5339454112,13115,杉並区,35.70104166666667,139.6421875,1051,573,319,151,103
5339454113,13115,杉並区,35.703125,139.6390625,1234,556,300,152,104
5339454114,13115,杉並区,35.703125,139.6421875,1170,551,296,151,104
5339454121,13115,杉並区,35.70104166666667,139.6453125,1391,1231,374,763,94
5339454122,13115,杉並区,35.70104166666667,139.6484375,1427,1246,391,761,94
5339454123,13115,杉並区,35.703125,139.6453125,1425,1158,303,762,93
5339454124,13115,杉並区,35.703125,139.6484375,1629,1255,400,761,94
5339454131,13115,杉並区,35.70520833333334,139.6390625,1049,1418,359,616,443
5339454132,13115,杉並区,35.70520833333334,139.6421875,965,1261,203,616,442
5339454133,13115,杉並区,35.70729166666667,139.6390625,954,1320,263,615,442
5339454134,13115,杉並区,35.70729166666667,139.6421875,1199,1415,357,616,442
5339454141,13115,杉並区,35.70520833333334,139.6453125,1181,1342,302,1022,18
5339454142,13115,杉並区,35.70520833333334,139.6484375,909,1264,226,1020,18
5339454143,13115,杉並区,35.70729166666667,139.6453125,1255,1377,340,1020,17
5339454144,13115,杉並区,35.70729166666667,139.6484375,1418,1375,336,1021,18
5339454211,13115,杉並区,35.70104166666667,139.6515625,794,1418,219,768,431
5339454212,13115,杉並区,35.70104166666667,139.65468750000002,1183,1429,231,769,429
5339454213,13115,杉並区,35.703125,139.6515625,1313,1505,308,767,430
5339454214,13115,杉並区,35.703125,139.65468750000002,1119,1473,275,769,429
5339454221,13115,杉並区,35.70104166666667,139.6578125,1339,670,385,285,0
5339454222,13115,杉並区,35.70104166666667,139.66093750000002,1464,630,347,283,0
5339454223,13115,杉並区,35.703125,139.6578125,1521,683,399,284,0
5339454224,13115,杉並区,35.703125,139.66093750000002,1551,697,412,285,0
5339454231,13115,杉並区,35.70520833333334,139.6515625,1006,1945,262,1269,414
5339454232,13115,杉並区,35.70520833333334,139.65468750000002,826,1888,205,1269,414
5339454233,13115,杉並区,35.70729166666667,139.6515625,1475,2039,358,1268,413
5339454234,13115,杉並区,35.70729166666667,139.65468750000002,932,1922,240,1268,414
5339454241,13115,杉並区,35.70520833333334,139.6578125,1064,4152,276,2321,1555
5339454242,13114,中野区,35.70520833333334,139.66093750000002,1228,4212,337,2321,1554
5339454243,13115,杉並区,35.70729166666667,139.6578125,655,4070,195,2321,1554
5339454244,13114,中野区,35.70729166666667,139.66093750000002,110,3906,31,2321,1554
5339454311,13114,中野区,35.70104166666667,139.6640625,1415,1809,405,1200,204
5339454312,13114,中野区,35.70104166666667,139.6671875,1553,1862,458,1199,205
5339454313,13114,中野区,35.703125,139.6640625,1533,1812,408,1199,205
5339454314,13114,中野区,35.703125,139.6671875,1229,1759,355,1200,204
5339454321,13114,中野区,35.70104166666667,139.6703125,1542,837,440,397,0
5339454322,13114,中野区,35.70104166666667,139.6734375,1270,745,347,398,0
5339454323,13114,中野区,35.703125,139.6703125,898,627,231,396,0
5339454324,13114,中野区,35.703125,139.6734375,1245,748,351,397,0
5339454331,13114,中野区,35.70520833333334,139.6640625,496,3322,121,3038,163
5339454332,13114,中野区,35.70520833333334,139.6671875,456,3356,158,3037,161
5339454333,13114,中野区,35.70729166666667,139.6640625,18,3203,4,3037,162
5339454334,13114,中野区,35.70729166666667,139.6671875,735,3361,161,3038,162
5339454341,13114,中野区,35.70520833333334,139.6703125,521,665,136,375,154
5339454342,13114,中野区,35.70520833333334,139.6734375,881,779,251,374,154
5339454343,13114,中野区,35.70729166666667,139.6703125,1377,946,419,374,153
5339454344,13114,中野区,35.70729166666667,139.6734375,1530,917,388,375,154
5339454411,13114,中野区,35.70104166666667,139.67656250000002,1193,1324,330,327,667
5339454412,13114,中野区,35.70104166666667,139.67968750000003,1187,1359,367,326,666
5339454413,13114,中野区,35.703125,139.67656250000002,1432,1427,435,326,666
5339454414,13114,中野区,35.703125,139.67968750000003,1078,1294,301,326,667
5339454421,13114,中野区,35.70104166666667,139.6828125,1275,1168,346,727,95
5339454422,13114,中野区,35.70104166666667,139.68593750000002,1343,1258,437,727,94
5339454423,13114,中野区,35.703125,139.6828125,985,1073,254,726,93
5339454424,13114,中野区,35.703125,139.68593750000002,1230,1155,334,727,94
5339454431,13114,中野区,35.70520833333334,139.67656250000002,1348,977,383,159,435
5339454432,13114,中野区,35.70520833333334,139.67968750000003,1032,881,290,158,433
5339454433,13114,中野区,35.70729166666667,139.67656250000002,1408,990,399,157,434
5339454434,13114,中野区,35.70729166666667,139.67968750000003,907,875,283,159,433
5339454441,13114,中野区,35.70520833333334,139.6828125,1555,1606,386,1038,182
5339454442,13114,中野区,35.70520833333334,139.68593750000002,1556,1613,394,1038,181
5339454443,13114,中野区,35.70729166666667,139.6828125,1234,1586,366,1038,182
5339454444,13114,中野区,35.70729166666667,139.68593750000002,1325,1620,400,1038,182
5339454511,13104,新宿区,35.70104166666667,139.6890625,1730,1111,586,263,262
5339454512,13104,新宿区,35.70104166666667,139.69218750000002,1365,938,412,263,263
5339454513,13104,新宿区,35.703125,139.6890625,1041,967,442,263,262
5339454514,13104,新宿区,35.703125,139.69218750000002,1075,829,303,263,263
5339454521,13104,新宿区,35.70104166666667,139.6953125,766,1771,220,1551,0
5339454522,13104,新宿区,35.70104166666667,139.6984375,469,1714,163,1551,0
5339454523,13104,新宿区,35.703125,139.6953125,858,1824,273,1551,0
5339454524,13104,新宿区,35.703125,139.6984375,1030,1862,311,1551,0
5339454531,13104,新宿区,35.70520833333334,139.6890625,1119,1007,364,453,190
5339454532,13104,新宿区,35.70520833333334,139.69218750000002,725,889,246,454,189
5339454533,13104,新宿区,35.70729166666667,139.6890625,1316,1012,369,453,190
5339454534,13104,新宿区,35.70729166666667,139.69218750000002,1395,1003,360,454,189
5339454541,13104,新宿区,35.70520833333334,139.6953125,1275,1652,520,998,134
5339454542,13104,新宿区,35.70520833333334,139.6984375,1106,1419,288,998,133
5339454543,13104,新宿区,35.70729166666667,139.6953125,1460,1742,611,998,133
5339454544,13104,新宿区,35.70729166666667,139.6984375,820,1559,428,998,133
5339454611,13104,新宿区,35.70104166666667,139.7015625,508,1214,151,991,72
5339454612,13104,新宿区,35.70104166666667,139.7046875,962,1424,360,991,73
5339454613,13104,新宿区,35.703125,139.7015625,513,1188,126,991,71
5339454614,13104,新宿区,35.703125,139.7046875,1128,1414,351,991,72
5339454621,13104,新宿区,35.70104166666667,139.7078125,1319,2630,509,1882,239
5339454622,13104,新宿区,35.70104166666667,139.7109375,1046,2532,412,1881,239
5339454623,13104,新宿区,35.703125,139.7078125,1366,2584,465,1881,238
5339454624,13104,新宿区,35.703125,139.7109375,1500,2891,770,1882,239
5339454631,13104,新宿区,35.70520833333334,139.7015625,908,2458,300,1448,710
5339454632,13104,新宿区,35.70520833333334,139.7046875,843,2357,202,1447,708
5339454633,13104,新宿区,35.70729166666667,139.7015625,903,2498,343,1447,708
5339454634,13104,新宿区,35.70729166666667,139.7046875,189,2223,67,1446,710
5339454641,13104,新宿区,35.70520833333334,139.7078125,697,2360,194,826,1340
5339454642,13104,新宿区,35.70520833333334,139.7109375,577,2347,183,825,1339
5339454643,13104,新宿区,35.70729166666667,139.7078125,1018,2484,320,824,1340
5339454644,13104,新宿区,35.70729166666667,139.7109375,140,2195,31,825,1339
5339454711,13104,新宿区,35.70104166666667,139.7140625,1008,1869,447,1422,0
5339454712,13104,新宿区,35.70104166666667,139.71718750000002,1261,1790,370,1420,0
5339454713,13104,新宿区,35.703125,139.7140625,851,1873,452,1421,0
5339454714,13104,新宿区,35.703125,139.71718750000002,550,1534,113,1421,0
5339454721,13104,新宿区,35.70104166666667,139.7203125,1827,1063,448,404,211
5339454722,13104,新宿区,35.70104166666667,139.72343750000002,1621,1100,486,404,210
5339454723,13104,新宿区,35.703125,139.7203125,1137,923,309,404,210
5339454724,13104,新宿区,35.703125,139.72343750000002,1298,996,381,404,211
5339454731,13104,新宿区,35.70520833333334,139.7140625,114,407,39,320,48
5339454732,13104,新宿区,35.70520833333334,139.71718750000002,245,417,50,319,48
5339454733,13104,新宿区,35.70729166666667,139.7140625,416,472,106,319,47
5339454734,13104,新宿区,35.70729166666667,139.71718750000002,811,583,216,319,48
5339454741,13104,新宿区,35.70520833333334,139.7203125,1035,6311,265,3586,2460
5339454742,13104,新宿区,35.70520833333334,139.72343750000002,926,6305,261,3584,2460
5339454743,13104,新宿区,35.70729166666667,139.7203125,481,6144,98,3585,2461
5339454744,13104,新宿区,35.70729166666667,139.72343750000002,1389,6360,314,3586,2460
5339454811,13104,新宿区,35.70104166666667,139.7265625,1492,702,427,203,72
5339454812,13104,新宿区,35.70104166666667,139.7296875,1079,660,386,202,72
5339454813,13104,新宿区,35.703125,139.7265625,1157,623,348,203,72
5339454814,13104,新宿区,35.703125,139.7296875,1256,647,372,203,72
5339454821,13104,新宿区,35.70104166666667,139.7328125,1355,1733,420,1313,0
5339454822,13104,新宿区,35.70104166666667,139.7359375,1249,1633,321,1312,0
5339454823,13104,新宿区,35.703125,139.7328125,1141,1717,405,1312,0
5339454824,13104,新宿区,35.703125,139.7359375,1158,1666,352,1314,0
5339454831,13104,新宿区,35.70520833333334,139.7265625,1284,2366,360,1717,289
5339454832,13104,新宿区,35.70520833333334,139.7296875,1282,2327,321,1718,288
5339454833,13104,新宿区,35.70729166666667,139.7265625,1241,2339,334,1717,288
5339454834,13104,新宿区,35.70729166666667,139.7296875,981,2197,191,1717,289
5339454841,13104,新宿区,35.70520833333334,139.7328125,1421,1573,432,1073,68
5339454842,13104,新宿区,35.70520833333334,139.7359375,1439,1480,340,1071,69
5339454843,13104,新宿区,35.70729166666667,139.7328125,1859,1645,505,1072,68
5339454844,13104,新宿区,35.70729166666667,139.7359375,1519,1542,403,1071,68
5339454911,13104,新宿区,35.70104166666667,139.73906250000002,884,5140,218,4820,102
5339454912,13104,新宿区,35.70104166666667,139.74218750000003,276,4989,67,4819,103
5339454913,13104,新宿区,35.703125,139.73906250000002,1234,5263,343,4818,102
5339454914,13104,新宿区,35.703125,139.74218750000003,344,5033,111,4820,102
5339454921,13101,千代田区,35.70104166666667,139.7453125,1464,7264,396,6768,100
5339454922,13101,千代田区,35.70104166666667,139.74843750000002,368,6959,93,6768,98
5339454923,13104,新宿区,35.703125,139.7453125,196,6912,45,6769,98
5339454924,13101,千代田区,35.703125,139.74843750000002,0,6867,0,6768,99
5339454931,13104,新宿区,35.70520833333334,139.73906250000002,2117,2381,554,1827,0
5339454932,13104,新宿区,35.70520833333334,139.74218750000003,1046,2026,200,1826,0
5339454933,13104,新宿区,35.70729166666667,139.73906250000002,1459,2319,493,1826,0
5339454934,13104,新宿区,35.70729166666667,139.74218750000003,1562,2305,479,1826,0
5339454941,13105,文京区,35.70520833333334,139.7453125,482,5899,138,3325,2436
5339454942,13105,文京区,35.70520833333334,139.74843750000002,159,5780,18,3326,2436
5339454943,13105,文京区,35.70729166666667,139.7453125,1264,6208,448,3325,2435
5339454944,13105,文京区,35.70729166666667,139.74843750000002,458,5901,139,3326,2436
5339455011,13115,杉並区,35.709375,139.6265625,929,860,272,154,434
5339455012,13115,杉並区,35.709375,139.62968750000002,987,885,297,154,434
5339455013,13115,杉並区,35.71145833333333,139.6265625,988,878,290,153,435
5339455014,13115,杉並区,35.71145833333333,139.62968750000002,1016,929,340,155,434
5339455021,13115,杉並区,35.709375,139.6328125,1094,612,332,280,0
5339455022,13115,杉並区,35.709375,139.6359375,1363,668,389,279,0
5339455023,13115,杉並区,35.71145833333333,139.6328125,1283,692,413,279,0
5339455024,13115,杉並区,35.71145833333333,139.6359375,1392,653,374,279,0
5339455031,13115,杉並区,35.71354166666667,139.6265625,956,425,318,107,0
5339455032,13115,杉並区,35.71354166666667,139.62968750000002,1033,452,346,106,0
5339455033,13115,杉並区,35.715625,139.6265625,981,446,339,107,0
5339455034,13115,杉並区,35.715625,139.62968750000002,1021,436,329,107,0
5339455041,13115,杉並区,35.71354166666667,139.6328125,1131,736,323,240,173
5339455042,13115,杉並区,35.71354166666667,139.6359375,1406,828,418,239,171
5339455043,13115,杉並区,35.715625,139.6328125,1031,743,333,238,172
5339455044,13115,杉並区,35.715625,139.6359375,1177,746,335,239,172
5339455111,13115,杉並区,35.709375,139.6390625,981,738,331,138,269
5339455112,13115,杉並区,35.709375,139.6421875,792,668,261,137,270
5339455113,13115,杉並区,35.71145833333333,139.6390625,1268,816,408,138,270
5339455114,13115,杉並区,35.71145833333333,139.6421875,1132,723,316,137,270
5339455121,13115,杉並区,35.709375,139.6453125,964,434,264,170,0
5339455122,13115,杉並区,35.709375,139.6484375,1502,557,389,168,0
5339455123,13114,中野区,35.71145833333333,139.6453125,1433,618,449,169,0
5339455124,13114,中野区,35.71145833333333,139.6484375,1247,492,323,169,0
5339455131,13115,杉並区,35.71354166666667,139.6390625,1127,433,344,89,0
5339455132,13114,中野区,35.71354166666667,139.6421875,1068,381,292,89,0
5339455133,13114,中野区,35.715625,139.6390625,1421,682,594,88,0
5339455134,13114,中野区,35.715625,139.6421875,959,434,345,89,0
5339455141,13114,中野区,35.71354166666667,139.6453125,958,497,291,93,113
5339455142,13114,中野区,35.71354166666667,139.6484375,1230,556,352,91,113
5339455143,13114,中野区,35.715625,139.6453125,1080,561,358,91,112
5339455144,13114,中野区,35.715625,139.6484375,1073,533,326,93,114
5339455211,13114,中野区,35.709375,139.6515625,1378,660,338,322,0
5339455212,13114,中野区,35.709375,139.65468750000002,1578,713,392,321,0
5339455213,13114,中野区,35.71145833333333,139.6515625,1380,779,458,321,0
5339455214,13114,中野区,35.71145833333333,139.65468750000002,1528,729,408,321,0
5339455221,13114,中野区,35.709375,139.6578125,1574,1287,464,649,174
5339455222,13114,中野区,35.709375,139.66093750000002,673,1018,195,649,174
5339455223,13114,中野区,35.71145833333333,139.6578125,1480,1249,428,648,173
5339455224,13114,中野区,35.71145833333333,139.66093750000002,1438,1231,407,649,175
5339455231,13114,中野区,35.71354166666667,139.6515625,1039,525,318,136,71
5339455232,13114,中野区,35.71354166666667,139.65468750000002,1254,554,349,134,71
5339455233,13114,中野区,35.715625,139.6515625,988,505,298,135,72
5339455234,13114,中野区,35.715625,139.65468750000002,1093,531,325,135,71
5339455241,13114,中野区,35.71354166666667,139.6578125,1333,873,419,119,335
5339455242,13114,中野区,35.71354166666667,139.66093750000002,1116,820,366,120,334
5339455243,13114,中野区,35.715625,139.6578125,1209,819,367,118,334
5339455244,13114,中野区,35.715625,139.66093750000002,401,564,109,120,335
5339455311,13114,中野区,35.709375,139.6640625,862,2880,248,2632,0
5339455312,13114,中野区,35.709375,139.6671875,1517,3070,438,2632,0
5339455313,13114,中野区,35.71145833333333,139.6640625,1531,2991,360,2631,0
5339455314,13114,中野区,35.71145833333333,139.6671875,1576,3013,381,2632,0
5339455321,13114,中野区,35.709375,139.6703125,1684,1247,557,384,306
5339455322,13114,中野区,35.709375,139.6734375,1381,1063,375,383,305
5339455323,13114,中野区,35.71145833333333,139.6703125,1501,1057,368,384,305
5339455324,13114,中野区,35.71145833333333,139.6734375,1047,1012,322,384,306
5339455331,13114,中野区,35.71354166666667,139.6640625,1222,709,336,373,0
5339455332,13114,中野区,35.71354166666667,139.6671875,1335,672,299,373,0
5339455333,13114,中野区,35.715625,139.6640625,1250,721,348,373,0
5339455334,13114,中野区,35.715625,139.6671875,1434,783,410,373,0
5339455341,13114,中野区,35.71354166666667,139.6703125,1400,899,364,357,178
5339455342,13114,中野区,35.71354166666667,139.6734375,1321,895,362,357,176
5339455343,13114,中野区,35.715625,139.6703125,1199,860,326,357,177
5339455344,13114,中野区,35.715625,139.6734375,959,766,232,358,176
5339455411,13114,中野区,35.709375,139.67656250000002,1107,896,315,317,264
5339455412,13114,中野区,35.709375,139.67968750000003,857,843,264,316,263
5339455413,13114,中野区,35.71145833333333,139.67656250000002,1295,934,355,316,263
5339455414,13114,中野区,35.71145833333333,139.67968750000003,824,787,206,317,264
5339455421,13114,中野区,35.709375,139.6828125,1289,1409,312,919,178
5339455422,13114,中野区,35.709375,139.68593750000002,1335,1441,344,919,178
5339455423,13104,新宿区,35.71145833333333,139.6828125,1398,1461,364,919,178
5339455424,13104,新宿区,35.71145833333333,139.68593750000002,1516,1485,389,919,177
5339455431,13114,中野区,35.71354166666667,139.67656250000002,1568,643,485,62,96
5339455432,13114,中野区,35.71354166666667,139.67968750000003,1162,522,366,62,94
5339455433,13114,中野区,35.715625,139.67656250000002,942,463,307,62,94
5339455434,13104,新宿区,35.715625,139.67968750000003,488,310,154,62,94
5339455441,13104,新宿区,35.71354166666667,139.6828125,1359,726,404,246,76
5339455442,13104,新宿区,35.71354166666667,139.68593750000002,1134,683,363,246,74
5339455443,13104,新宿区,35.715625,139.6828125,894,601,282,245,74
5339455444,13104,新宿区,35.715625,139.68593750000002,940,608,288,246,74
5339455511,13114,中野区,35.709375,139.6890625,1283,854,401,453,0
5339455512,13114,中野区,35.709375,139.69218750000002,2068,1170,717,453,0
5339455513,13104,新宿区,35.71145833333333,139.6890625,1628,899,447,452,0
5339455514,13104,新宿区,35.71145833333333,139.69218750000002,1122,743,290,453,0
5339455521,13104,新宿区,35.709375,139.6953125,1436,1628,547,1081,0
5339455522,13104,新宿区,35.709375,139.6984375,1373,1542,460,1082,0
5339455523,13104,新宿区,35.71145833333333,139.6953125,796,1301,220,1081,0
5339455524,13104,新宿区,35.71145833333333,139.6984375,1030,1368,286,1082,0
5339455531,13104,新宿区,35.71354166666667,139.6890625,1185,835,411,316,108
5339455532,13104,新宿区,35.71354166666667,139.69218750000002,760,630,207,316,107
5339455533,13104,新宿区,35.715625,139.6890625,1089,742,320,316,106
5339455534,13104,新宿区,35.715625,139.69218750000002,1606,918,494,316,108
5339455541,13104,新宿区,35.71354166666667,139.6953125,596,958,211,509,238
5339455542,13104,新宿区,35.71354166666667,139.6984375,1189,1051,308,507,236
5339455543,13104,新宿区,35.715625,139.6953125,1386,1266,521,508,237
5339455544,13104,新宿区,35.715625,139.6984375,888,1049,303,509,237
5339455611,13104,新宿区,35.709375,139.7015625,783,3767,246,2521,1000
5339455612,13104,新宿区,35.709375,139.7046875,1478,4081,561,2521,999
5339455613,13104,新宿区,35.71145833333333,139.7015625,1064,3830,309,2521,1000
5339455614,13104,新宿区,35.71145833333333,139.7046875,533,3652,131,2521,1000
5339455621,13104,新宿区,35.709375,139.7078125,931,2543,301,1843,399
5339455622,13104,新宿区,35.709375,139.7109375,1408,2551,310,1842,399
5339455623,13104,新宿区,35.71145833333333,139.7078125,855,2459,218,1843,398
5339455624,13104,新宿区,35.71145833333333,139.7109375,1474,2683,443,1842,398
5339455631,13104,新宿区,35.71354166666667,139.7015625,920,4425,240,3248,937
5339455632,13104,新宿区,35.71354166666667,139.7046875,147,4223,37,3249,937
5339455633,13104,新宿区,35.715625,139.7015625,605,4322,137,3248,937
5339455634,13116,豊島区,35.715625,139.7046875,652,4371,185,3249,937
5339455641,13104,新宿区,35.71354166666667,139.7078125,1045,3271,220,2569,482
5339455642,13104,新宿区,35.71354166666667,139.7109375,1523,3424,373,2569,482
5339455643,13116,豊島区,35.715625,139.7078125,632,3205,157,2568,480
5339455644,13116,豊島区,35.715625,139.7109375,1224,3428,376,2570,482
5339455711,13104,新宿区,35.709375,139.7140625,1542,997,377,425,195
5339455712,13104,新宿区,35.709375,139.71718750000002,980,874,255,424,195
5339455713,13104,新宿区,35.71145833333333,139.7140625,1377,973,353,425,195
5339455714,13104,新宿区,35.71145833333333,139.71718750000002,1346,1009,390,424,195
5339455721,13104,新宿区,35.709375,139.7203125,423,939,115,722,102
5339455722,13104,新宿区,35.709375,139.72343750000002,1009,1084,261,723,100
5339455723,13104,新宿区,35.71145833333333,139.7203125,1942,1414,593,721,100
5339455724,13105,文京区,35.71145833333333,139.72343750000002,1095,1061,237,723,101
5339455731,13116,豊島区,35.71354166666667,139.7140625,1453,717,424,248,45
5339455732,13116,豊島区,35.71354166666667,139.71718750000002,1808,728,435,248,45
5339455733,13116,豊島区,35.715625,139.7140625,1893,799,507,248,44
5339455734,13116,豊島区,35.715625,139.71718750000002,1244,630,337,248,45
5339455741,13116,豊島区,35.71354166666667,139.7203125,1390,752,370,203,179
5339455742,13105,文京区,35.71354166666667,139.72343750000002,370,424,43,203,178
5339455743,13105,文京区,35.715625,139.7203125,637,588,207,203,178
5339455744,13105,文京区,35.715625,139.72343750000002,946,668,287,203,178
5339455811,13104,新宿区,35.709375,139.7265625,1276,1879,324,1499,56
5339455812,13104,新宿区,35.709375,139.7296875,1782,2024,471,1498,55
5339455813,13105,文京区,35.71145833333333,139.7265625,644,1758,206,1498,54
5339455814,13105,文京区,35.71145833333333,139.7296875,838,1770,216,1499,55
5339455821,13105,文京区,35.709375,139.7328125,1778,1425,509,916,0
5339455822,13105,文京区,35.709375,139.7359375,1505,1247,332,915,0
5339455823,13105,文京区,35.71145833333333,139.7328125,1035,1189,274,915,0
5339455824,13105,文京区,35.71145833333333,139.7359375,778,1152,236,916,0
5339455831,13105,文京区,35.71354166666667,139.7265625,294,989,66,436,487
5339455832,13105,文京区,35.71354166666667,139.7296875,1594,1401,479,437,485
5339455833,13105,文京区,35.715625,139.7265625,1160,1226,304,436,486
5339455834,13105,文京区,35.715625,139.7296875,1482,1292,369,437,486
5339455841,13105,文京区,35.71354166666667,139.7328125,1106,1959,291,274,1394
5339455842,13105,文京区,35.71354166666667,139.7359375,1116,2015,347,274,1394
5339455843,13105,文京区,35.715625,139.7328125,793,1927,262,272,1393
5339455844,13105,文京区,35.715625,139.7359375,901,1937,268,274,1395
5339455911,13105,文京区,35.709375,139.73906250000002,1970,2480,519,1759,202
5339455912,13105,文京区,35.709375,139.74218750000003,1846,2449,489,1758,202
5339455913,13105,文京区,35.71145833333333,139.73906250000002,921,2228,268,1758,202
5339455914,13105,文京区,35.71145833333333,139.74218750000003,1155,2248,290,1757,201
5339455921,13105,文京区,35.709375,139.7453125,1651,1474,475,507,492
5339455922,13105,文京区,35.709375,139.74843750000002,1038,1295,296,507,492
5339455923,13105,文京区,35.71145833333333,139.7453125,1670,1433,438,505,490
5339455924,13105,文京区,35.71145833333333,139.74843750000002,934,1256,257,507,492
5339455931,13105,文京区,35.71354166666667,139.73906250000002,1188,1886,331,1280,275
5339455932,13105,文京区,35.71354166666667,139.74218750000003,1440,1940,385,1280,275
5339455933,13105,文京区,35.715625,139.73906250000002,1753,2004,451,1279,274
5339455934,13105,文京区,35.715625,139.74218750000003,1793,2071,516,1281,274
5339455941,13105,文京区,35.71354166666667,139.7453125,1520,1072,377,329,366
5339455942,13105,文京区,35.71354166666667,139.74843750000002,1947,1175,481,329,365
5339455943,13105,文京区,35.715625,139.7453125,1152,1025,332,328,365
5339455944,13105,文京区,35.715625,139.74843750000002,1728,1174,480,329,365
5339456011,13115,杉並区,35.717708333333334,139.6265625,1036,527,277,166,84
5339456012,13115,杉並区,35.717708333333334,139.62968750000002,988,577,326,167,84
5339456013,13115,杉並区,35.719791666666666,139.6265625,1143,604,354,167,83
5339456014,13115,杉並区,35.719791666666666,139.62968750000002,882,505,255,166,84
5339456021,13114,中野区,35.717708333333334,139.6328125,1142,571,433,138,0
5339456022,13114,中野区,35.717708333333334,139.6359375,947,414,277,137,0
5339456023,13114,中野区,35.719791666666666,139.6328125,1024,536,400,136,0
5339456024,13114,中野区,35.719791666666666,139.6359375,985,450,312,138,0
5339456031,13115,杉並区,35.721875000000004,139.6265625,1023,507,259,172,76
5339456032,13114,中野区,35.721875000000004,139.62968750000002,1054,639,393,172,74
5339456033,13115,杉並区,35.723958333333336,139.6265625,808,491,245,172,74
5339456034,13114,中野区,35.723958333333336,139.62968750000002,1265,616,369,172,75
5339456041,13114,中野区,35.721875000000004,139.6328125,1148,486,357,129,0
5339456042,13114,中野区,35.721875000000004,139.6359375,832,466,338,128,0
5339456043,13114,中野区,35.723958333333336,139.6328125,1037,469,341,128,0
5339456044,13114,中野区,35.723958333333336,139.6359375,748,376,247,129,0
5339456111,13114,中野区,35.717708333333334,139.6390625,1094,771,394,104,273
5339456112,13114,中野区,35.717708333333334,139.6421875,878,671,295,103,273
5339456113,13114,中野区,35.719791666666666,139.6390625,1288,886,510,104,272
5339456114,13114,中野区,35.719791666666666,139.6421875,655,581,204,104,273
5339456121,13114,中野区,35.717708333333334,139.6453125,1086,434,328,106,0
5339456122,13114,中野区,35.717708333333334,139.6484375,1223,446,342,104,0
5339456123,13114,中野区,35.719791666666666,139.6453125,1034,397,293,104,0
5339456124,13114,中野区,35.719791666666666,139.6484375,1116,479,374,105,0
5339456131,13114,中野区,35.721875000000004,139.6390625,468,603,163,355,85
5339456132,13114,中野区,35.721875000000004,139.6421875,1133,799,361,354,84
5339456133,13114,中野区,35.723958333333336,139.6390625,910,714,275,354,85
5339456134,13114,中野区,35.723958333333336,139.6421875,1312,794,356,354,84
5339456141,13114,中野区,35.721875000000004,139.6453125,1119,632,334,298,0
5339456142,13114,中野区,35.721875000000004,139.6484375,976,643,346,297,0
5339456143,13114,中野区,35.723958333333336,139.6453125,1120,600,303,297,0
5339456144,13114,中野区,35.723958333333336,139.6484375,1176,664,367,297,0
5339456211,13114,中野区,35.717708333333334,139.6515625,1076,861,351,510,0
5339456212,13114,中野区,35.717708333333334,139.65468750000002,1248,880,372,508,0
5339456213,13114,中野区,35.719791666666666,139.6515625,1011,805,296,509,0
5339456214,13114,中野区,35.719791666666666,139.65468750000002,1147,821,312,509,0
5339456221,13114,中野区,35.717708333333334,139.6578125,997,366,301,65,0
5339456222,13114,中野区,35.717708333333334,139.66093750000002,682,267,202,65,0
5339456223,13114,中野区,35.719791666666666,139.6578125,1070,390,325,65,0
5339456224,13114,中野区,35.719791666666666,139.66093750000002,1112,424,358,66,0
5339456231,13114,中野区,35.721875000000004,139.6515625,1063,741,328,348,65
5339456232,13114,中野区,35.721875000000004,139.65468750000002,1194,754,343,347,64
5339456233,13114,中野区,35.723958333333336,139.6515625,1187,790,378,347,65
5339456234,13114,中野区,35.723958333333336,139.65468750000002,1098,662,250,347,65
5339456241,13114,中野区,35.721875000000004,139.6578125,984,578,278,213,87
5339456242,13114,中野区,35.721875000000004,139.66093750000002,1112,673,375,212,86
5339456243,13114,中野区,35.723958333333336,139.6578125,938,564,265,212,87
5339456244,13114,中野区,35.723958333333336,139.66093750000002,1032,566,266,213,87
5339456311,13114,中野区,35.717708333333334,139.6640625,1147,632,350,282,0
5339456312,13114,中野区,35.717708333333334,139.6671875,1020,628,347,281,0
5339456313,13114,中野区,35.719791666666666,139.6640625,823,521,240,281,0
5339456314,13114,中野区,35.719791666666666,139.6671875,957,644,363,281,0
5339456321,13114,中野区,35.717708333333334,139.6703125,1103,771,316,325,130
5339456322,13114,中野区,35.717708333333334,139.6734375,1088,775,321,324,130
5339456323,13114,中野区,35.719791666666666,139.6703125,1059,749,296,324,129
5339456324,13114,中野区,35.719791666666666,139.6734375,1258,865,411,324,130
5339456331,13114,中野区,35.721875000000004,139.6640625,796,731,234,331,166
5339456332,13114,中野区,35.721875000000004,139.6671875,1176,896,398,331,167
5339456333,13114,中野区,35.723958333333336,139.6640625,1286,861,365,330,166
5339456334,13114,中野区,35.723958333333336,139.6671875,1036,812,314,331,167
5339456341,13114,中野区,35.721875000000004,139.6703125,1130,591,381,210,0
5339456342,13114,中野区,35.721875000000004,139.6734375,201,281,73,208,0
5339456343,13114,中野区,35.723958333333336,139.6703125,829,479,270,209,0
5339456344,13114,中野区,35.723958333333336,139.6734375,758,447,237,210,0
5339456411,13114,中野区,35.717708333333334,139.67656250000002,750,2190,220,439,1531
5339456412,13104,新宿区,35.717708333333334,139.67968750000003,256,2046,76,439,1531
5339456413,13104,新宿区,35.719791666666666,139.67656250000002,820,2244,275,438,1531
5339456414,13104,新宿区,35.719791666666666,139.67968750000003,1365,2372,402,439,1531
5339456421,13104,新宿区,35.717708333333334,139.6828125,898,353,263,90,0
5339456422,13104,新宿区,35.717708333333334,139.68593750000002,864,354,264,90,0
5339456423,13104,新宿区,35.719791666666666,139.6828125,1032,365,276,89,0
5339456424,13104,新宿区,35.719791666666666,139.68593750000002,767,356,265,91,0
5339456431,13104,新宿区,35.721875000000004,139.67656250000002,1034,621,312,309,0
5339456432,13104,新宿区,35.721875000000004,139.67968750000003,1577,773,465,308,0
5339456433,13104,新宿区,35.723958333333336,139.67656250000002,998,634,326,308,0
5339456434,13104,新宿区,35.723958333333336,139.67968750000003,920,568,260,308,0
5339456441,13104,新宿区,35.721875000000004,139.6828125,1061,1093,293,615,185
5339456442,13104,新宿区,35.721875000000004,139.68593750000002,1091,1165,366,614,185
5339456443,13116,豊島区,35.723958333333336,139.6828125,929,1020,221,614,185
5339456444,13116,豊島区,35.723958333333336,139.68593750000002,1418,1202,402,615,185
5339456511,13104,新宿区,35.717708333333334,139.6890625,958,546,249,163,134
5339456512,13104,新宿区,35.717708333333334,139.69218750000002,1545,738,442,164,132
5339456513,13104,新宿区,35.719791666666666,139.6890625,1043,591,296,162,133
5339456514,13104,新宿区,35.719791666666666,139.69218750000002,1057,616,319,164,133
5339456521,13104,新宿区,35.717708333333334,139.6953125,1021,723,340,376,7
5339456522,13104,新宿区,35.717708333333334,139.6984375,895,655,273,376,6
5339456523,13104,新宿区,35.719791666666666,139.6953125,1005,821,439,376,6
5339456524,13104,新宿区,35.719791666666666,139.6984375,967,755,373,376,6
5339456531,13104,新宿区,35.721875000000004,139.6890625,1406,748,407,331,10
5339456532,13104,新宿区,35.721875000000004,139.69218750000002,1426,742,402,330,10
5339456533,13116,豊島区,35.723958333333336,139.6890625,1524,793,454,330,9
5339456534,13116,豊島区,35.723958333333336,139.69218750000002,1120,619,279,330,10
5339456541,13116,豊島区,35.721875000000004,139.6953125,1387,996,386,412,198
5339456542,13104,新宿区,35.721875000000004,139.6984375,1278,1006,399,410,197
5339456543,13116,豊島区,35.723958333333336,139.6953125,1468,1000,392,410,198
5339456544,13116,豊島区,35.723958333333336,139.6984375,944,894,284,412,198
5339456611,13104,新宿区,35.717708333333334,139.7015625,456,810,100,424,286
5339456612,13104,新宿区,35.717708333333334,139.7046875,753,928,218,424,286
5339456613,13104,新宿区,35.719791666666666,139.7015625,1053,1026,316,425,285
5339456614,13104,新宿区,35.719791666666666,139.7046875,975,1019,309,424,286
5339456621,13116,豊島区,35.717708333333334,139.7078125,883,3486,252,813,2421
5339456622,13116,豊島区,35.717708333333334,139.7109375,0,3233,0,812,2421
5339456623,13116,豊島区,35.719791666666666,139.7078125,118,3267,33,813,2421
5339456624,13116,豊島区,35.719791666666666,139.7109375,389,3353,118,813,2422
5339456631,13104,新宿区,35.721875000000004,139.7015625,904,1156,285,702,169
5339456632,13104,新宿区,35.721875000000004,139.7046875,946,1120,251,702,167
5339456633,13116,豊島区,35.723958333333336,139.7015625,832,1078,208,702,168
5339456634,13116,豊島区,35.723958333333336,139.7046875,831,1088,219,702,167
5339456641,13116,豊島区,35.721875000000004,139.7078125,411,1642,105,981,556
5339456642,13116,豊島区,35.721875000000004,139.7109375,1386,1922,387,980,555
5339456643,13116,豊島区,35.723958333333336,139.7078125,974,1833,297,981,555
5339456644,13116,豊島区,35.723958333333336,139.7109375,1620,2119,583,981,555
5339456711,13116,豊島区,35.717708333333334,139.7140625,1722,1079,471,608,0
5339456712,13116,豊島区,35.717708333333334,139.71718750000002,1649,1040,432,608,0
5339456713,13116,豊島区,35.719791666666666,139.7140625,1291,916,308,608,0
5339456714,13116,豊島区,35.719791666666666,139.71718750000002,1173,959,351,608,0
5339456721,13105,文京区,35.717708333333334,139.7203125,823,3190,232,892,2066
5339456722,13105,文京区,35.717708333333334,139.72343750000002,1470,3360,403,890,2067
5339456723,13116,豊島区,35.719791666666666,139.7203125,993,3245,288,891,2066
5339456724,13116,豊島区,35.719791666666666,139.72343750000002,1053,3286,328,891,2067
5339456731,13116,豊島区,35.721875000000004,139.7140625,1222,1017,385,395,237
5339456732,13116,豊島区,35.721875000000004,139.71718750000002,707,861,230,394,237
5339456733,13116,豊島区,35.723958333333336,139.7140625,621,830,199,394,237
5339456734,13116,豊島区,35.723958333333336,139.71718750000002,680,793,161,394,238
5339456741,13116,豊島区,35.721875000000004,139.7203125,634,373,186,187,0
5339456742,13116,豊島区,35.721875000000004,139.72343750000002,693,351,165,186,0
5339456743,13116,豊島区,35.723958333333336,139.7203125,666,390,205,185,0
5339456744,13105,文京区,35.723958333333336,139.72343750000002,1557,650,463,187,0
5339456811,13105,文京区,35.717708333333334,139.7265625,412,4378,73,1578,2727
5339456812,13105,文京区,35.717708333333334,139.7296875,1332,4688,383,1578,2727
5339456813,13105,文京区,35.719791666666666,139.7265625,1386,4646,343,1577,2726
5339456814,13105,文京区,35.719791666666666,139.7296875,987,4556,250,1579,2727
5339456821,13105,文京区,35.717708333333334,139.7328125,224,2301,55,1204,1042
5339456822,13105,文京区,35.717708333333334,139.7359375,1118,2518,272,1205,1041
5339456823,13105,文京区,35.719791666666666,139.7328125,1123,2492,246,1204,1042
5339456824,13105,文京区,35.719791666666666,139.7359375,434,2378,132,1205,1041
5339456831,13105,文京区,35.721875000000004,139.7265625,14,379,3,376,0
5339456832,13105,文京区,35.721875000000004,139.7296875,1045,591,217,374,0
5339456833,13105,文京区,35.723958333333336,139.7265625,1033,666,292,374,0
5339456834,13105,文京区,35.723958333333336,139.7296875,2076,961,587,374,0
5339456841,13105,文京区,35.721875000000004,139.7328125,1628,2294,389,972,933
5339456842,13105,文京区,35.721875000000004,139.7359375,966,2152,248,972,932
5339456843,13105,文京区,35.723958333333336,139.7328125,932,2177,274,971,932
5339456844,13105,文京区,35.723958333333336,139.7359375,1362,2355,451,971,933
5339456911,13105,文京区,35.717708333333334,139.73906250000002,1181,1022,269,666,87
5339456912,13105,文京区,35.717708333333334,139.74218750000003,1680,1219,466,666,87
5339456913,13105,文京区,35.719791666666666,139.73906250000002,1509,1128,376,666,86
5339456914,13105,文京区,35.719791666666666,139.74218750000003,1279,1104,350,667,87
5339456921,13105,文京区,35.717708333333334,139.7453125,418,1045,99,549,397
5339456922,13105,文京区,35.717708333333334,139.74843750000002,1088,1273,329,549,395
5339456923,13105,文京区,35.719791666666666,139.7453125,280,1045,101,549,395
5339456924,13105,文京区,35.719791666666666,139.74843750000002,1365,1376,430,550,396
5339456931,13105,文京区,35.721875000000004,139.73906250000002,1647,819,428,248,143
5339456932,13105,文京区,35.721875000000004,139.74218750000003,617,589,202,246,141
5339456933,13105,文京区,35.723958333333336,139.73906250000002,2123,958,569,247,142
5339456934,13105,文京区,35.723958333333336,139.74218750000003,1115,716,328,247,141
5339456941,13105,文京区,35.721875000000004,139.7453125,1074,1246,271,294,681
5339456942,13105,文京区,35.721875000000004,139.74843750000002,1057,1317,344,294,679
5339456943,13105,文京区,35.723958333333336,139.7453125,1213,1371,398,294,679
5339456944,13105,文京区,35.723958333333336,139.74843750000002,1270,1281,308,294,679
5339457011,13114,中野区,35.72604166666667,139.6265625,1069,862,310,156,396
5339457012,13114,中野区,35.72604166666667,139.62968750000002,1312,967,413,157,397
5339457013,13114,中野区,35.728125,139.6265625,638,744,194,155,395
5339457014,13114,中野区,35.728125,139.62968750000002,343,654,101,157,396
5339457021,13114,中野区,35.72604166666667,139.6328125,1287,686,376,153,157
5339457022,13114,中野区,35.72604166666667,139.6359375,998,673,364,154,155
5339457023,13114,中野区,35.728125,139.6328125,721,496,188,152,156
5339457024,13114,中野区,35.728125,139.6359375,1105,649,339,154,156
5339457031,13114,中野区,35.73020833333334,139.6265625,911,415,329,86,0
5339457032,13114,中野区,35.73020833333334,139.62968750000002,865,400,315,85,0
5339457033,13114,中野区,35.73229166666667,139.6265625,1014,466,380,86,0
5339457034,13114,中野区,35.73229166666667,139.62968750000002,810,332,246,86,0
5339457041,13114,中野区,35.73020833333334,139.6328125,807,393,220,88,85
5339457042,13114,中野区,35.73020833333334,139.6359375,955,419,247,88,84
5339457043,13114,中野区,35.73229166666667,139.6328125,1098,482,311,87,84
5339457044,13120,練馬区,35.73229166666667,139.6359375,1103,486,314,87,85
5339457111,13114,中野区,35.72604166666667,139.6390625,1249,624,343,281,0
5339457112,13120,練馬区,35.72604166666667,139.6421875,1199,590,309,281,0
5339457113,13120,練馬区,35.728125,139.6390625,1053,598,317,281,0
5339457114,13120,練馬区,35.728125,139.6421875,1418,657,376,281,0
5339457121,13120,練馬区,35.72604166666667,139.6453125,1106,577,320,130,127
5339457122,13114,中野区,35.72604166666667,139.6484375,1047,520,263,130,127
5339457123,13120,練馬区,35.728125,139.6453125,1233,615,358,129,128
5339457124,13120,練馬区,35.728125,139.6484375,1334,604,346,131,127
5339457131,13120,練馬区,35.73020833333334,139.6390625,1831,1049,794,255,0
5339457132,13120,練馬区,35.73020833333334,139.6421875,1007,558,302,256,0
5339457133,13120,練馬区,35.73229166666667,139.6390625,1368,629,373,256,0
5339457134,13120,練馬区,35.73229166666667,139.6421875,1139,560,304,256,0
5339457141,13120,練馬区,35.73020833333334,139.6453125,729,666,238,265,163
5339457142,13120,練馬区,35.73020833333334,139.6484375,811,701,275,265,161
5339457143,13120,練馬区,35.73229166666667,139.6453125,1226,729,304,263,162
5339457144,13120,練馬区,35.73229166666667,139.6484375,1122,814,387,265,162
5339457211,13114,中野区,35.72604166666667,139.6515625,1213,737,306,431,0
5339457212,13114,中野区,35.72604166666667,139.65468750000002,1152,816,386,430,0
5339457213,13120,練馬区,35.728125,139.6515625,1185,767,337,430,0
5339457214,13120,練馬区,35.728125,139.65468750000002,1214,875,445,430,0
5339457221,13120,練馬区,35.72604166666667,139.6578125,854,881,252,395,234
5339457222,13114,中野区,35.72604166666667,139.66093750000002,1078,926,296,396,234
5339457223,13120,練馬区,35.728125,139.6578125,786,913,285,395,233
5339457224,13120,練馬区,35.728125,139.66093750000002,1170,973,345,395,233
5339457231,13120,練馬区,35.73020833333334,139.6515625,1251,795,410,284,101
5339457232,13120,練馬区,35.73020833333334,139.65468750000002,1016,752,369,283,100
5339457233,13120,練馬区,35.73229166666667,139.6515625,1007,663,280,283,100
5339457234,13120,練馬区,35.73229166666667,139.65468750000002,1294,765,381,283,101
5339457241,13120,練馬区,35.73020833333334,139.6578125,892,646,259,320,67
5339457242,13120,練馬区,35.73020833333334,139.66093750000002,1169,677,292,319,66
5339457243,13120,練馬区,35.73229166666667,139.6578125,1064,682,297,319,66
5339457244,13120,練馬区,35.73229166666667,139.66093750000002,1210,693,306,320,67
5339457311,13114,中野区,35.72604166666667,139.6640625,1091,1253,408,692,153
5339457312,13114,中野区,35.72604166666667,139.6671875,928,1157,312,692,153
5339457313,13114,中野区,35.728125,139.6640625,1442,1634,791,691,152
5339457314,13114,中野区,35.728125,139.6671875,1603,1474,628,692,154
5339457321,13114,中野区,35.72604166666667,139.6703125,1112,557,369,188,0
5339457322,13114,中野区,35.72604166666667,139.6734375,995,558,371,187,0
5339457323,13114,中野区,35.728125,139.6703125,1153,539,351,188,0
5339457324,13114,中野区,35.728125,139.6734375,932,560,373,187,0
5339457331,13120,練馬区,35.73020833333334,139.6640625,904,738,455,199,84
5339457332,13114,中野区,35.73020833333334,139.6671875,417,430,148,198,84
5339457333,13120,練馬区,35.73229166666667,139.6640625,1315,688,407,197,84
5339457334,13120,練馬区,35.73229166666667,139.6671875,980,602,319,198,85
5339457341,13114,中野区,35.73020833333334,139.6703125,1022,687,327,253,107
5339457342,13114,中野区,35.73020833333334,139.6734375,803,596,237,252,107
5339457343,13114,中野区,35.73229166666667,139.6703125,1126,731,372,252,107
5339457344,13114,中野区,35.73229166666667,139.6734375,1021,684,326,251,107
5339457411,13104,新宿区,35.72604166666667,139.67656250000002,845,520,283,146,91
5339457412,13104,新宿区,35.72604166666667,139.67968750000003,671,447,211,145,91
5339457413,13114,中野区,35.728125,139.67656250000002,836,534,298,146,90
5339457414,13116,豊島区,35.728125,139.67968750000003,931,455,219,145,91
5339457421,13116,豊島区,35.72604166666667,139.6828125,1142,622,320,289,13
5339457422,13116,豊島区,35.72604166666667,139.68593750000002,1456,731,429,289,13
5339457423,13116,豊島区,35.728125,139.6828125,1466,742,441,289,12
5339457424,13116,豊島区,35.728125,139.68593750000002,1462,728,426,289,13
5339457431,13114,中野区,35.73020833333334,139.67656250000002,1031,1260,321,939,0
5339457432,13116,豊島区,35.73020833333334,139.67968750000003,1682,1510,571,939,0
5339457433,13120,練馬区,35.73229166666667,139.67656250000002,1205,1302,364,938,0
5339457434,13116,豊島区,35.73229166666667,139.67968750000003,1384,1353,414,939,0
5339457441,13116,豊島区,35.73020833333334,139.6828125,1154,797,327,470,0
5339457442,13116,豊島区,35.73020833333334,139.68593750000002,1508,979,511,468,0
5339457443,13116,豊島区,35.73229166666667,139.6828125,1267,904,435,469,0
5339457444,13116,豊島区,35.73229166666667,139.68593750000002,1243,854,385,469,0
5339457511,13116,豊島区,35.72604166666667,139.6890625,1453,819,439,367,13
5339457512,13116,豊島区,35.72604166666667,139.69218750000002,1312,810,432,365,13
5339457513,13116,豊島区,35.728125,139.6890625,1307,746,367,365,14
5339457514,13116,豊島区,35.728125,139.69218750000002,1389,785,406,366,13
5339457521,13116,豊島区,35.72604166666667,139.6953125,1519,861,456,405,0
5339457522,13116,豊島区,35.72604166666667,139.6984375,1255,757,354,403,0
5339457523,13116,豊島区,35.728125,139.6953125,1170,715,312,403,0
5339457524,13116,豊島区,35.728125,139.6984375,1559,839,435,404,0
5339457531,13116,豊島区,35.73020833333334,139.6890625,1234,630,431,199,0
5339457532,13116,豊島区,35.73020833333334,139.69218750000002,1294,580,382,198,0
5339457533,13116,豊島区,35.73229166666667,139.6890625,1142,608,411,197,0
5339457534,13116,豊島区,35.73229166666667,139.69218750000002,1285,604,406,198,0
5339457541,13116,豊島区,35.73020833333334,139.6953125,1240,1062,383,418,261
5339457542,13116,豊島区,35.73020833333334,139.6984375,1519,1078,398,419,261
5339457543,13116,豊島区,35.73229166666667,139.6953125,1292,1025,347,417,261
5339457544,13116,豊島区,35.73229166666667,139.6984375,1360,998,317,419,262
5339457611,13116,豊島区,35.72604166666667,139.7015625,1315,1480,373,417,690
5339457612,13116,豊島区,35.72604166666667,139.7046875,1474,1545,438,417,690
5339457613,13116,豊島区,35.728125,139.7015625,1064,1378,271,417,690
5339457614,13116,豊島区,35.728125,139.7046875,1446,1471,364,417,690
5339457621,13116,豊島区,35.72604166666667,139.7078125,993,7457,282,6723,452
5339457622,13116,豊島区,35.72604166666667,139.7109375,945,7430,255,6722,453
5339457623,13116,豊島区,35.728125,139.7078125,621,7312,139,6722,451
5339457624,13116,豊島区,35.728125,139.7109375,2,7176,0,6723,453
5339457631,13116,豊島区,35.73020833333334,139.7015625,268,4732,74,2206,2452
5339457632,13116,豊島区,35.73020833333334,139.7046875,367,4739,82,2206,2451
5339457633,13116,豊島区,35.73229166666667,139.7015625,1184,4962,305,2206,2451
5339457634,13116,豊島区,35.73229166666667,139.7046875,1308,4957,298,2207,2452
5339457641,13116,豊島区,35.73020833333334,139.7078125,566,6164,123,6037,4
5339457642,13116,豊島区,35.73020833333334,139.7109375,0,6042,0,6038,4
5339457643,13116,豊島区,35.73229166666667,139.7078125,221,6082,41,6038,3
5339457644,13116,豊島区,35.73229166666667,139.7109375,39,6053,11,6038,4
5339457711,13116,豊島区,35.72604166666667,139.7140625,823,8173,205,6843,1125
5339457712,13116,豊島区,35.72604166666667,139.71718750000002,1350,8384,418,6843,1123
5339457713,13116,豊島区,35.728125,139.7140625,75,7991,23,6844,1124
5339457714,13116,豊島区,35.728125,139.71718750000002,130,8003,35,6843,1125
5339457721,13116,豊島区,35.72604166666667,139.7203125,1751,2072,468,1594,10
5339457722,13116,豊島区,35.72604166666667,139.72343750000002,1607,2176,573,1593,10
5339457723,13116,豊島区,35.728125,139.7203125,1264,1965,362,1594,9
5339457724,13116,豊島区,35.728125,139.72343750000002,890,1901,297,1594,10
5339457731,13116,豊島区,35.73020833333334,139.7140625,19,8339,4,7967,368
5339457732,13116,豊島区,35.73020833333334,139.71718750000002,165,8370,37,7966,367
5339457733,13116,豊島区,35.73229166666667,139.7140625,208,8364,31,7966,367
5339457734,13116,豊島区,35.73229166666667,139.71718750000002,789,8519,185,7966,368
5339457741,13116,豊島区,35.73020833333334,139.7203125,914,6960,242,5860,858
5339457742,13116,豊島区,35.73020833333334,139.72343750000002,1859,7216,497,5860,859
5339457743,13116,豊島区,35.73229166666667,139.7203125,1611,7166,447,5860,859
5339457744,13116,豊島区,35.73229166666667,139.72343750000002,1020,6986,266,5861,859
5339457811,13105,文京区,35.72604166666667,139.7265625,1789,3146,495,2636,15
5339457812,13105,文京区,35.72604166666667,139.7296875,1704,3126,476,2636,14
5339457813,13116,豊島区,35.728125,139.7265625,1871,3120,471,2635,14
5339457814,13116,豊島区,35.728125,139.7296875,1857,3215,563,2637,15
5339457821,13116,豊島区,35.72604166666667,139.7328125,1160,939,327,466,146
5339457822,13105,文京区,35.72604166666667,139.7359375,1292,984,374,465,145
5339457823,13116,豊島区,35.728125,139.7328125,1860,1096,485,466,145
5339457824,13116,豊島区,35.728125,139.7359375,1106,954,343,465,146
5339457831,13116,豊島区,35.73020833333334,139.7265625,1656,3833,432,3401,0
5339457832,13116,豊島区,35.73020833333334,139.7296875,1049,3729,329,3400,0
5339457833,13116,豊島区,35.73229166666667,139.7265625,956,3602,201,3401,0
5339457834,13116,豊島区,35.73229166666667,139.7296875,1039,3667,267,3400,0
5339457841,13116,豊島区,35.73020833333334,139.7328125,1750,2005,427,1071,507
5339457842,13116,豊島区,35.73020833333334,139.7359375,1367,1998,420,1072,506
5339457843,13116,豊島区,35.73229166666667,139.7328125,1412,1989,412,1071,506
5339457844,13116,豊島区,35.73229166666667,139.7359375,1482,1926,347,1072,507
5339457911,13105,文京区,35.72604166666667,139.73906250000002,1588,819,492,327,0
5339457912,13105,文京区,35.72604166666667,139.74218750000003,1993,891,564,327,0
5339457913,13105,文京区,35.728125,139.73906250000002,1605,796,470,326,0
5339457914,13105,文京区,35.728125,139.74218750000003,1986,814,487,327,0
5339457921,13105,文京区,35.72604166666667,139.7453125,1605,1428,408,593,427
5339457922,13105,文京区,35.72604166666667,139.74843750000002,1514,1401,382,593,426
5339457923,13105,文京区,35.728125,139.7453125,1103,1305,286,592,427
5339457924,13105,文京区,35.728125,139.74843750000002,1334,1441,421,593,427
5339457931,13105,文京区,35.73020833333334,139.73906250000002,1486,2256,391,1781,84
5339457932,13105,文京区,35.73020833333334,139.74218750000003,1649,2285,418,1782,85
5339457933,13116,豊島区,35.73229166666667,139.73906250000002,1239,2142,277,1782,83
5339457934,13116,豊島区,35.73229166666667,139.74218750000003,974,2124,258,1782,84
5339457941,13105,文京区,35.73020833333334,139.7453125,1161,2291,382,1844,65
5339457942,13105,文京区,35.73020833333334,139.74843750000002,940,2223,313,1844,66
5339457943,13105,文京区,35.73229166666667,139.7453125,144,1951,44,1843,64
5339457944,13105,文京区,35.73229166666667,139.74843750000002,1362,2278,369,1844,65
5339458011,13120,練馬区,35.73437500000001,139.6265625,1113,881,350,531,0
5339458012,13114,中野区,35.73437500000001,139.62968750000002,1298,949,419,530,0
5339458013,13120,練馬区,35.73645833333334,139.6265625,1445,952,421,531,0
5339458014,13120,練馬区,35.73645833333334,139.62968750000002,1335,887,356,531,0
5339458021,13114,中野区,35.73437500000001,139.6328125,1254,1174,487,288,399
5339458022,13120,練馬区,35.73437500000001,139.6359375,763,979,293,287,399
5339458023,13120,練馬区,35.73645833333334,139.6328125,1475,1150,465,287,398
5339458024,13120,練馬区,35.73645833333334,139.6359375,1302,980,294,288,398
5339458031,13120,練馬区,35.73854166666668,139.6265625,762,523,216,144,163
5339458032,13120,練馬区,35.73854166666668,139.62968750000002,1242,654,349,144,161
5339458033,13120,練馬区,35.74062500000001,139.6265625,886,607,302,143,162
5339458034,13120,練馬区,35.74062500000001,139.62968750000002,970,653,347,144,162
5339458041,13120,練馬区,35.73854166666668,139.6328125,1444,1029,454,329,246
5339458042,13120,練馬区,35.73854166666668,139.6359375,1196,956,383,328,245
5339458043,13120,練馬区,35.74062500000001,139.6328125,1112,929,356,328,245
5339458044,13120,練馬区,35.74062500000001,139.6359375,1324,932,358,328,246
5339458111,13120,練馬区,35.73437500000001,139.6390625,1376,993,402,591,0
5339458112,13120,練馬区,35.73437500000001,139.6421875,1225,931,340,591,0
5339458113,13120,練馬区,35.73645833333334,139.6390625,1451,1021,430,591,0
5339458114,13120,練馬区,35.73645833333334,139.6421875,1233,867,276,591,0
5339458121,13120,練馬区,35.73437500000001,139.6453125,1719,860,492,368,0
5339458122,13120,練馬区,35.73437500000001,139.6484375,1269,726,358,368,0
5339458123,13120,練馬区,35.73645833333334,139.6453125,1490,796,429,367,0
5339458124,13120,練馬区,35.73645833333334,139.6484375,2404,1047,679,368,0
5339458131,13120,練馬区,35.73854166666668,139.6390625,838,531,234,203,94
5339458132,13120,練馬区,35.73854166666668,139.6421875,1318,655,358,203,94
5339458133,13120,練馬区,35.74062500000001,139.6390625,1076,598,302,202,94
5339458134,13120,練馬区,35.74062500000001,139.6421875,1009,698,401,203,94
5339458141,13120,練馬区,35.73854166666668,139.6453125,850,422,211,211,0
5339458142,13120,練馬区,35.73854166666668,139.6484375,1307,523,313,210,0
5339458143,13120,練馬区,35.74062500000001,139.6453125,670,439,228,211,0
5339458144,13120,練馬区,35.74062500000001,139.6484375,1160,544,333,211,0
5339458211,13120,練馬区,35.73437500000001,139.6515625,1248,2823,310,2513,0
5339458212,13120,練馬区,35.73437500000001,139.65468750000002,1665,3006,493,2513,0
5339458213,13120,練馬区,35.73645833333334,139.6515625,2283,3115,603,2512,0
5339458214,13120,練馬区,35.73645833333334,139.65468750000002,1276,2771,257,2514,0
5339458221,13120,練馬区,35.73437500000001,139.6578125,1341,1006,351,545,110
5339458222,13120,練馬区,35.73437500000001,139.66093750000002,1470,1016,360,545,111
5339458223,13120,練馬区,35.73645833333334,139.6578125,1590,1041,387,545,109
5339458224,13120,練馬区,35.73645833333334,139.66093750000002,1367,1019,363,546,110
5339458231,13120,練馬区,35.73854166666668,139.6515625,1034,1182,290,768,124
5339458232,13120,練馬区,35.73854166666668,139.65468750000002,768,1104,212,769,123
5339458233,13120,練馬区,35.74062500000001,139.6515625,786,1155,264,768,123
5339458234,13120,練馬区,35.74062500000001,139.65468750000002,1073,1234,341,769,124
5339458241,13120,練馬区,35.73854166666668,139.6578125,1443,906,294,515,97
5339458242,13120,練馬区,35.73854166666668,139.66093750000002,2111,1182,570,514,98
5339458243,13120,練馬区,35.74062500000001,139.6578125,1116,939,328,514,97
5339458244,13120,練馬区,35.74062500000001,139.66093750000002,1134,941,329,515,97
5339458311,13120,練馬区,35.73437500000001,139.6640625,934,2428,176,648,1604
5339458312,13120,練馬区,35.73437500000001,139.6671875,1188,2558,306,648,1604
5339458313,13120,練馬区,35.73645833333334,139.6640625,1382,2579,328,648,1603
5339458314,13120,練馬区,35.73645833333334,139.6671875,153,2296,44,648,1604
5339458321,13120,練馬区,35.73437500000001,139.6703125,1357,1074,337,737,0
5339458322,13120,練馬区,35.73437500000001,139.6734375,1641,1170,433,737,0
5339458323,13120,練馬区,35.73645833333334,139.6703125,1370,1036,300,736,0
5339458324,13120,練馬区,35.73645833333334,139.6734375,1133,1017,279,738,0
5339458331,13120,練馬区,35.73854166666668,139.6640625,1674,724,436,288,0
5339458332,13120,練馬区,35.73854166666668,139.6671875,975,533,246,287,0
5339458333,13120,練馬区,35.74062500000001,139.6640625,1201,601,315,286,0
5339458334,13120,練馬区,35.74062500000001,139.6671875,1443,641,353,288,0
5339458341,13120,練馬区,35.73854166666668,139.6703125,1394,1808,328,558,922
5339458342,13120,練馬区,35.73854166666668,139.6734375,1022,1732,253,557,922
5339458343,13120,練馬区,35.74062500000001,139.6703125,968,1752,274,557,921
5339458344,13120,練馬区,35.74062500000001,139.6734375,995,1760,280,558,922
5339458411,13120,練馬区,35.73437500000001,139.67656250000002,1014,728,276,276,176
5339458412,13116,豊島区,35.73437500000001,139.67968750000003,1226,828,377,276,175
5339458413,13120,練馬区,35.73645833333334,139.67656250000002,741,698,247,275,176
5339458414,13120,練馬区,35.73645833333334,139.67968750000003,917,742,291,276,175
5339458421,13116,豊島区,35.73437500000001,139.6828125,1011,760,301,290,169
5339458422,13116,豊島区,35.73437500000001,139.68593750000002,1097,784,326,289,169
5339458423,13116,豊島区,35.73645833333334,139.6828125,1464,857,400,289,168
5339458424,13116,豊島区,35.73645833333334,139.68593750000002,627,676,217,290,169
5339458431,13120,練馬区,35.73854166666668,139.67656250000002,897,2422,239,445,1738
5339458432,13120,練馬区,35.73854166666668,139.67968750000003,1399,2602,420,444,1738
5339458433,13120,練馬区,35.74062500000001,139.67656250000002,1208,2488,306,444,1738
5339458434,13119,板橋区,35.74062500000001,139.67968750000003,1010,2485,303,445,1737
5339458441,13116,豊島区,35.73854166666668,139.6828125,436,659,133,238,288
5339458442,13116,豊島区,35.73854166666668,139.68593750000002,1429,923,399,236,288
5339458443,13119,板橋区,35.74062500000001,139.6828125,913,759,235,237,287
5339458444,13119,板橋区,35.74062500000001,139.68593750000002,915,786,260,238,288
5339458511,13116,豊島区,35.73437500000001,139.6890625,1044,576,292,284,0
5339458512,13116,豊島区,35.73437500000001,139.69218750000002,1358,617,333,284,0
5339458513,13116,豊島区,35.73645833333334,139.6890625,1247,711,427,284,0
5339458514,13116,豊島区,35.73645833333334,139.69218750000002,908,540,256,284,0
5339458521,13116,豊島区,35.73437500000001,139.6953125,871,767,222,521,24
5339458522,13116,豊島区,35.73437500000001,139.6984375,1305,938,393,521,24
5339458523,13116,豊島区,35.73645833333334,139.6953125,1264,934,389,521,24
5339458524,13116,豊島区,35.73645833333334,139.6984375,1251,906,361,521,24
5339458531,13116,豊島区,35.73854166666668,139.6890625,785,809,245,437,127
5339458532,13116,豊島区,35.73854166666668,139.69218750000002,1073,853,290,437,126
5339458533,13116,豊島区,35.74062500000001,139.6890625,968,923,358,438,127
5339458534,13116,豊島区,35.74062500000001,139.69218750000002,1016,919,356,437,126
5339458541,13116,豊島区,35.73854166666668,139.6953125,1435,727,399,135,193
5339458542,13116,豊島区,35.73854166666668,139.6984375,1259,678,354,133,191
5339458543,13116,豊島区,35.74062500000001,139.6953125,1191,660,334,134,192
5339458544,13116,豊島区,35.74062500000001,139.6984375,1360,752,426,134,192
5339458611,13116,豊島区,35.73437500000001,139.7015625,1125,868,315,553,0
5339458612,13116,豊島区,35.73437500000001,139.7046875,1273,947,394,553,0
5339458613,13116,豊島区,35.73645833333334,139.7015625,1395,909,357,552,0
5339458614,13116,豊島区,35.73645833333334,139.7046875,1254,882,329,553,0
5339458621,13116,豊島区,35.73437500000001,139.7078125,1335,3251,339,2829,83
5339458622,13116,豊島区,35.73437500000001,139.7109375,875,3111,199,2830,82
5339458623,13116,豊島区,35.73645833333334,139.7078125,1581,3298,387,2829,82
5339458624,13116,豊島区,35.73645833333334,139.7109375,1151,3202,289,2829,84
5339458631,13116,豊島区,35.73854166666668,139.7015625,1013,888,305,460,123
5339458632,13119,板橋区,35.73854166666668,139.7046875,1324,969,387,458,124
5339458633,13119,板橋区,35.74062500000001,139.7015625,1227,951,369,459,123
5339458634,13119,板橋区,35.74062500000001,139.7046875,1124,890,308,459,123
5339458641,13116,豊島区,35.73854166666668,139.7078125,1319,1646,364,763,519
5339458642,13116,豊島区,35.73854166666668,139.7109375,1108,1541,261,762,518
5339458643,13116,豊島区,35.74062500000001,139.7078125,955,1582,302,763,517
5339458644,13116,豊島区,35.74062500000001,139.7109375,1037,1581,300,762,519
5339458711,13116,豊島区,35.73437500000001,139.7140625,436,2670,332,2265,73
5339458712,13116,豊島区,35.73437500000001,139.71718750000002,794,2536,200,2263,73
5339458713,13116,豊島区,35.73645833333334,139.7140625,862,2601,266,2263,72
5339458714,13116,豊島区,35.73645833333334,139.71718750000002,1126,2677,340,2265,72
5339458721,13116,豊島区,35.73437500000001,139.7203125,1380,1055,466,327,262
5339458722,13116,豊島区,35.73437500000001,139.72343750000002,1651,1107,519,326,262
5339458723,13116,豊島区,35.73645833333334,139.7203125,1395,982,395,326,261
5339458724,13116,豊島区,35.73645833333334,139.72343750000002,2001,1103,516,326,261
5339458731,13116,豊島区,35.73854166666668,139.7140625,1022,669,308,326,35
5339458732,13116,豊島区,35.73854166666668,139.71718750000002,849,585,225,326,34
5339458733,13116,豊島区,35.74062500000001,139.7140625,888,651,291,326,34
5339458734,13116,豊島区,35.74062500000001,139.71718750000002,1178,714,354,326,34
5339458741,13116,豊島区,35.73854166666668,139.7203125,1432,799,409,370,20
5339458742,13116,豊島区,35.73854166666668,139.72343750000002,2576,1146,757,369,20
5339458743,13116,豊島区,35.74062500000001,139.7203125,1301,791,403,368,20
5339458744,13117,北区,35.74062500000001,139.72343750000002,2060,921,532,369,20
5339458811,13116,豊島区,35.73437500000001,139.7265625,2224,1516,588,715,213
5339458812,13116,豊島区,35.73437500000001,139.7296875,1802,1477,548,716,213
5339458813,13116,豊島区,35.73645833333334,139.7265625,1051,1229,302,715,212
5339458814,13116,豊島区,35.73645833333334,139.7296875,1071,1224,296,715,213
5339458821,13116,豊島区,35.73437500000001,139.7328125,1588,1440,488,772,180
5339458822,13116,豊島区,35.73437500000001,139.7359375,1512,1353,404,771,178
5339458823,13116,豊島区,35.73645833333334,139.7328125,1366,1270,321,770,179
5339458824,13116,豊島区,35.73645833333334,139.7359375,936,1151,201,771,179
5339458831,13116,豊島区,35.73854166666668,139.7265625,1391,1015,426,278,311
5339458832,13116,豊島区,35.73854166666668,139.7296875,2011,1140,552,278,310
5339458833,13116,豊島区,35.74062500000001,139.7265625,1029,833,245,278,310
5339458834,13116,豊島区,35.74062500000001,139.7296875,1815,1090,500,279,311
5339458841,13116,豊島区,35.73854166666668,139.7328125,1713,1148,505,420,223
5339458842,13116,豊島区,35.73854166666668,139.7359375,269,735,94,419,222
5339458843,13116,豊島区,35.74062500000001,139.7328125,1481,1127,486,419,222
5339458844,13116,豊島区,35.74062500000001,139.7359375,849,1027,386,420,221
5339458911,13116,豊島区,35.73437500000001,139.73906250000002,342,1572,90,828,654
5339458912,13116,豊島区,35.73437500000001,139.74218750000003,1636,2010,527,828,655
5339458913,13116,豊島区,35.73645833333334,139.73906250000002,923,1747,266,828,653
5339458914,13116,豊島区,35.73645833333334,139.74218750000003,1801,2035,553,828,654
5339458921,13105,文京区,35.73437500000001,139.7453125,255,1331,74,1257,0
5339458922,13116,豊島区,35.73437500000001,139.74843750000002,1833,1733,477,1256,0
5339458923,13116,豊島区,35.73645833333334,139.7453125,1185,1600,344,1256,0
5339458924,13116,豊島区,35.73645833333334,139.74843750000002,1222,1652,396,1256,0
5339458931,13116,豊島区,35.73854166666668,139.73906250000002,816,443,216,214,13
5339458932,13116,豊島区,35.73854166666668,139.74218750000003,1511,694,468,213,13
5339458933,13116,豊島区,35.74062500000001,139.73906250000002,1011,568,342,214,12
5339458934,13116,豊島区,35.74062500000001,139.74218750000003,1591,694,467,214,13
5339458941,13116,豊島区,35.73854166666668,139.7453125,1424,1286,400,621,265
5339458942,13117,北区,35.73854166666668,139.74843750000002,1487,1266,381,621,264
5339458943,13117,北区,35.74062500000001,139.7453125,1308,1264,379,621,264
5339458944,13117,北区,35.74062500000001,139.74843750000002,1558,1295,410,621,264
5339459011,13120,練馬区,35.74270833333334,139.6265625,688,479,220,259,0
5339459012,13120,練馬区,35.74270833333334,139.62968750000002,967,558,300,258,0
5339459013,13120,練馬区,35.74479166666667,139.6265625,760,464,207,257,0
5339459014,13120,練馬区,35.74479166666667,139.62968750000002,576,466,207,259,0
5339459021,13120,練馬区,35.74270833333334,139.6328125,944,615,317,216,82
5339459022,13120,練馬区,35.74270833333334,139.6359375,1430,741,445,215,81
5339459023,13120,練馬区,35.74479166666667,139.6328125,865,562,267,214,81
5339459024,13120,練馬区,35.74479166666667,139.6359375,980,602,306,215,81
5339459031,13120,練馬区,35.74687500000001,139.6265625,928,711,317,260,134
5339459032,13120,練馬区,35.74687500000001,139.62968750000002,1179,860,468,260,132
5339459033,13120,練馬区,35.74895833333334,139.6265625,632,575,182,260,133
5339459034,13120,練馬区,35.74895833333334,139.62968750000002,828,641,249,259,133
5339459041,13120,練馬区,35.74687500000001,139.6328125,781,461,218,138,105
5339459042,13120,練馬区,35.74687500000001,139.6359375,692,420,180,136,104
5339459043,13120,練馬区,35.74895833333334,139.6328125,523,410,170,137,103
5339459044,13120,練馬区,35.74895833333334,139.6359375,844,459,217,137,105
5339459111,13120,練馬区,35.74270833333334,139.6390625,1152,404,354,50,0
5339459112,13120,練馬区,35.74270833333334,139.6421875,879,321,271,50,0
5339459113,13120,練馬区,35.74479166666667,139.6390625,941,359,310,49,0
5339459114,13120,練馬区,35.74479166666667,139.6421875,373,182,133,49,0
5339459121,13120,練馬区,35.74270833333334,139.6453125,402,417,146,271,0
5339459122,13120,練馬区,35.74270833333334,139.6484375,1315,642,371,271,0
5339459123,13120,練馬区,35.74479166666667,139.6453125,0,270,0,270,0
5339459124,13120,練馬区,35.74479166666667,139.6484375,815,484,213,271,0
5339459131,13120,練馬区,35.74687500000001,139.6390625,701,383,193,112,78
5339459132,13120,練馬区,35.74687500000001,139.6421875,670,428,240,111,77
5339459133,13120,練馬区,35.74895833333334,139.6390625,854,434,247,110,77
5339459134,13120,練馬区,35.74895833333334,139.6421875,880,446,255,112,79
5339459141,13120,練馬区,35.74687500000001,139.6453125,554,338,145,193,0
5339459142,13120,練馬区,35.74687500000001,139.6484375,1267,543,350,193,0
5339459143,13120,練馬区,35.74895833333334,139.6453125,932,434,241,193,0
5339459144,13120,練馬区,35.74895833333334,139.6484375,1305,592,400,192,0
5339459211,13120,練馬区,35.74270833333334,139.6515625,394,377,191,88,98
5339459212,13120,練馬区,35.74270833333334,139.65468750000002,824,453,268,87,98
5339459213,13120,練馬区,35.74479166666667,139.6515625,775,455,269,87,99
5339459214,13120,練馬区,35.74479166666667,139.65468750000002,694,428,243,87,98
5339459221,13120,練馬区,35.74270833333334,139.6578125,964,441,356,85,0
5339459222,13120,練馬区,35.74270833333334,139.66093750000002,1006,356,272,84,0
5339459223,13120,練馬区,35.74479166666667,139.6578125,1047,380,297,83,0
5339459224,13120,練馬区,35.74479166666667,139.66093750000002,963,374,289,85,0
5339459231,13120,練馬区,35.74687500000001,139.6515625,1040,388,322,66,0
5339459232,13120,練馬区,35.74687500000001,139.65468750000002,546,214,148,66,0
5339459233,13120,練馬区,35.74895833333334,139.6515625,1009,455,389,66,0
5339459234,13120,練馬区,35.74895833333334,139.65468750000002,971,338,272,66,0
5339459241,13120,練馬区,35.74687500000001,139.6578125,972,317,271,46,0
5339459242,13120,練馬区,35.74687500000001,139.66093750000002,940,372,327,45,0
5339459243,13120,練馬区,35.74895833333334,139.6578125,715,294,250,44,0
5339459244,13120,練馬区,35.74895833333334,139.66093750000002,995,342,297,45,0
5339459311,13120,練馬区,35.74270833333334,139.6640625,1180,720,349,186,185
5339459312,13120,練馬区,35.74270833333334,139.6671875,1019,802,432,185,185
5339459313,13120,練馬区,35.74479166666667,139.6640625,986,735,365,185,185
5339459314,13120,練馬区,35.74479166666667,139.6671875,1133,695,325,185,185
5339459321,13120,練馬区,35.74270833333334,139.6703125,1061,427,268,159,0
5339459322,13120,練馬区,35.74270833333334,139.6734375,1013,486,329,157,0
5339459323,13120,練馬区,35.74479166666667,139.6703125,1184,521,363,158,0
5339459324,13120,練馬区,35.74479166666667,139.6734375,999,385,227,158,0
5339459331,13120,練馬区,35.74687500000001,139.6640625,1249,717,322,395,0
5339459332,13120,練馬区,35.74687500000001,139.6671875,1213,745,350,395,0
5339459333,13120,練馬区,35.74895833333334,139.6640625,1047,700,305,395,0
5339459334,13120,練馬区,35.74895833333334,139.6671875,934,615,219,396,0
5339459341,13120,練馬区,35.74687500000001,139.6703125,896,590,289,199,102
5339459342,13119,板橋区,35.74687500000001,139.6734375,931,612,313,199,100
5339459343,13120,練馬区,35.74895833333334,139.6703125,1212,661,362,199,100
5339459344,13120,練馬区,35.74895833333334,139.6734375,751,543,243,199,101
5339459411,13120,練馬区,35.74270833333334,139.67656250000002,978,797,247,440,110
5339459412,13120,練馬区,35.74270833333334,139.67968750000003,916,782,233,439,110
5339459413,13120,練馬区,35.74479166666667,139.67656250000002,985,779,229,439,111
5339459414,13119,板橋区,35.74479166666667,139.67968750000003,925,815,266,439,110
5339459421,13119,板橋区,35.74270833333334,139.6828125,1188,704,320,384,0
5339459422,13119,板橋区,35.74270833333334,139.68593750000002,1053,704,319,385,0
5339459423,13119,板橋区,35.74479166666667,139.6828125,1393,1090,707,383,0
5339459424,13119,板橋区,35.74479166666667,139.68593750000002,1005,699,315,384,0
5339459431,13119,板橋区,35.74687500000001,139.67656250000002,1661,1333,609,525,199
5339459432,13119,板橋区,35.74687500000001,139.67968750000003,1052,1003,282,523,198
5339459433,13119,板橋区,35.74895833333334,139.67656250000002,1101,980,258,524,198
5339459434,13119,板橋区,35.74895833333334,139.67968750000003,1238,1037,314,524,199
5339459441,13119,板橋区,35.74687500000001,139.6828125,885,871,523,304,44
5339459442,13119,板橋区,35.74687500000001,139.68593750000002,1657,1004,657,303,44
5339459443,13119,板橋区,35.74895833333334,139.6828125,1405,800,454,303,43
5339459444,13119,板橋区,35.74895833333334,139.68593750000002,946,660,312,304,44
5339459511,13119,板橋区,35.74270833333334,139.6890625,950,359,245,114,0
5339459512,13116,豊島区,35.74270833333334,139.69218750000002,1263,523,409,114,0
5339459513,13119,板橋区,35.74479166666667,139.6890625,1088,528,415,113,0
5339459514,13119,板橋区,35.74479166666667,139.69218750000002,1222,504,391,113,0
5339459521,13119,板橋区,35.74270833333334,139.6953125,1211,678,401,277,0
5339459522,13119,板橋区,35.74270833333334,139.6984375,1160,667,391,276,0
5339459523,13119,板橋区,35.74479166666667,139.6953125,1461,911,635,276,0
5339459524,13119,板橋区,35.74479166666667,139.6984375,1031,602,325,277,0
5339459531,13119,板橋区,35.74687500000001,139.6890625,1196,3470,392,840,2238
5339459532,13119,板橋区,35.74687500000001,139.69218750000002,771,3330,256,838,2236
5339459533,13119,板橋区,35.74895833333334,139.6890625,958,3366,291,839,2236
5339459534,13119,板橋区,35.74895833333334,139.69218750000002,664,3316,240,840,2236
5339459541,13119,板橋区,35.74687500000001,139.6953125,1210,1060,375,544,141
5339459542,13119,板橋区,35.74687500000001,139.6984375,1590,1215,534,542,139
5339459543,13119,板橋区,35.74895833333334,139.6953125,1128,1025,342,543,140
5339459544,13119,板橋区,35.74895833333334,139.6984375,914,956,273,544,139
5339459611,13119,板橋区,35.74270833333334,139.7015625,1424,1142,395,620,127
5339459612,13119,板橋区,35.74270833333334,139.7046875,1384,1161,415,620,126
5339459613,13119,板橋区,35.74479166666667,139.7015625,1650,1252,505,620,127
5339459614,13119,板橋区,35.74479166666667,139.7046875,1544,1211,465,620,126
5339459621,13119,板橋区,35.74270833333334,139.7078125,1691,931,543,388,0
5339459622,13116,豊島区,35.74270833333334,139.7109375,1067,702,314,388,0
5339459623,13119,板橋区,35.74479166666667,139.7078125,1491,792,405,387,0
5339459624,13116,豊島区,35.74479166666667,139.7109375,1429,828,440,388,0
5339459631,13119,板橋区,35.74687500000001,139.7015625,1474,1571,379,1095,97
5339459632,13119,板橋区,35.74687500000001,139.7046875,1562,1661,469,1094,98
5339459633,13119,板橋区,35.74895833333334,139.7015625,1496,1631,439,1095,97
5339459634,13119,板橋区,35.74895833333334,139.7046875,1110,1514,322,1095,97
5339459641,13119,板橋区,35.74687500000001,139.7078125,1295,1188,357,750,81
5339459642,13119,板橋区,35.74687500000001,139.7109375,689,976,145,749,82
5339459643,13119,板橋区,35.74895833333334,139.7078125,1961,1333,503,750,80
5339459644,13119,板橋区,35.74895833333334,139.7109375,1172,1142,312,749,81
5339459711,13116,豊島区,35.74270833333334,139.7140625,1111,635,347,275,13
5339459712,13116,豊島区,35.74270833333334,139.71718750000002,2329,949,661,275,13
5339459713,13116,豊島区,35.74479166666667,139.7140625,1043,602,314,275,13
5339459714,13116,豊島区,35.74479166666667,139.71718750000002,3379,1186,898,275,13
5339459721,13117,北区,35.74270833333334,139.7203125,1743,1291,484,688,119
5339459722,13117,北区,35.74270833333334,139.72343750000002,1317,1285,480,687,118
5339459723,13117,北区,35.74479166666667,139.7203125,1581,1211,405,688,118
5339459724,13117,北区,35.74479166666667,139.72343750000002,1620,1265,459,688,118
5339459731,13119,板橋区,35.74687500000001,139.7140625,941,1498,290,1090,118
5339459732,13119,板橋区,35.74687500000001,139.71718750000002,1780,1637,428,1091,118
5339459733,13119,板橋区,35.74895833333334,139.7140625,1218,1460,252,1091,117
5339459734,13119,板橋区,35.74895833333334,139.71718750000002,1526,1660,451,1090,119
5339459741,13119,板橋区,35.74687500000001,139.7203125,2056,1793,577,1062,154
5339459742,13117,北区,35.74687500000001,139.72343750000002,1975,1754,539,1060,155
5339459743,13119,板橋区,35.74895833333334,139.7203125,1546,1681,467,1061,153
5339459744,13117,北区,35.74895833333334,139.72343750000002,587,1349,133,1061,155
5339459811,13116,豊島区,35.74270833333334,139.7265625,1482,3165,435,800,1930
5339459812,13116,豊島区,35.74270833333334,139.7296875,1019,3012,284,798,1930
5339459813,13117,北区,35.74479166666667,139.7265625,1507,3207,478,799,1930
5339459814,13116,豊島区,35.74479166666667,139.7296875,1453,3163,433,799,1931
5339459821,13117,北区,35.74270833333334,139.7328125,1369,740,416,201,123
5339459822,13117,北区,35.74270833333334,139.7359375,1038,669,345,200,124
5339459823,13117,北区,35.74479166666667,139.7328125,1329,731,410,199,122
5339459824,13117,北区,35.74479166666667,139.7359375,1462,803,479,201,123
5339459831,13117,北区,35.74687500000001,139.7265625,1857,1016,531,274,211
5339459832,13117,北区,35.74687500000001,139.7296875,1101,797,313,273,211
5339459833,13117,北区,35.74895833333334,139.7265625,1628,969,486,273,210
5339459834,13117,北区,35.74895833333334,139.7296875,1555,1060,575,274,211
5339459841,13117,北区,35.74687500000001,139.7328125,1229,1066,356,262,448
5339459842,13117,北区,35.74687500000001,139.7359375,1158,1080,373,260,447
5339459843,13117,北区,35.74895833333334,139.7328125,1618,1203,495,261,447
5339459844,13117,北区,35.74895833333334,139.7359375,1323,1096,388,261,447
5339459911,13117,北区,35.74270833333334,139.73906250000002,1411,880,449,431,0
5339459912,13117,北区,35.74270833333334,139.74218750000003,1357,889,457,432,0
5339459913,13117,北区,35.74479166666667,139.73906250000002,1393,916,485,431,0
5339459914,13117,北区,35.74479166666667,139.74218750000003,1181,857,425,432,0
5339459921,13117,北区,35.74270833333334,139.7453125,909,944,304,236,404
5339459922,13117,北区,35.74270833333334,139.74843750000002,997,945,303,237,405
5339459923,13117,北区,35.74479166666667,139.7453125,818,913,273,237,403
5339459924,13117,北区,35.74479166666667,139.74843750000002,968,934,293,237,404
5339459931,13117,北区,35.74687500000001,139.73906250000002,1364,1071,401,670,0
5339459932,13117,北区,35.74687500000001,139.74218750000003,418,812,142,670,0
5339459933,13117,北区,35.74895833333334,139.73906250000002,716,912,243,669,0
5339459934,13117,北区,35.74895833333334,139.74218750000003,383,807,136,671,0
5339459941,13117,北区,35.74687500000001,139.7453125,97,402,18,265,119
5339459942,13117,北区,35.74687500000001,139.74843750000002,910,673,290,265,118
5339459943,13117,北区,35.74895833333334,139.7453125,952,673,291,265,117
5339459944,13117,北区,35.74895833333334,139.74843750000002,756,652,268,265,119
5339460011,13103,港区,35.66770833333334,139.7515625,234,12008,49,11959,0
5339460012,13103,港区,35.66770833333334,139.75468750000002,82,11988,29,11959,0
5339460013,13103,港区,35.66979166666667,139.7515625,77,11973,15,11958,0
5339460014,13102,中央区,35.66979166666667,139.75468750000002,0,11959,0,11959,0
5339460021,13103,港区,35.66770833333334,139.7578125,6,14360,0,14357,3
5339460022,13102,中央区,35.66770833333334,139.7609375,17,14363,5,14356,2
5339460023,13102,中央区,35.66979166666667,139.7578125,0,14358,0,14356,2
5339460024,13102,中央区,35.66979166666667,139.7609375,14,14362,4,14356,2
5339460031,13101,千代田区,35.67187500000001,139.7515625,0,7344,0,7344,0
5339460032,13101,千代田区,35.67187500000001,139.75468750000002,0,7344,0,7344,0
5339460033,13101,千代田区,35.67395833333334,139.7515625,0,7343,0,7343,0
5339460034,13101,千代田区,35.67395833333334,139.75468750000002,0,7344,0,7344,0
5339460041,13101,千代田区,35.67187500000001,139.7578125,0,9375,0,9265,110
5339460042,13101,千代田区,35.67187500000001,139.7609375,0,9377,0,9266,111
5339460043,13101,千代田区,35.67395833333334,139.7578125,0,9375,0,9265,110
5339460044,13101,千代田区,35.67395833333334,139.7609375,9,9376,1,9265,110
5339460111,13102,中央区,35.66770833333334,139.7640625,70,10975,16,10959,0
5339460112,13102,中央区,35.66770833333334,139.7671875,96,10977,19,10958,0
5339460113,13102,中央区,35.66979166666667,139.7640625,4,10958,0,10958,0
5339460114,13102,中央区,35.66979166666667,139.7671875,91,10990,32,10958,0
5339460121,13102,中央区,35.66770833333334,139.7703125,484,7399,117,7151,131
5339460122,13102,中央区,35.66770833333334,139.7734375,620,7422,144,7149,129
5339460123,13102,中央区,35.66979166666667,139.7703125,418,7362,83,7149,130
5339460124,13102,中央区,35.66979166666667,139.7734375,1209,7563,284,7150,129
5339460131,13102,中央区,35.67187500000001,139.7640625,0,12205,0,12190,15
5339460132,13102,中央区,35.67187500000001,139.7671875,26,12213,10,12189,14
5339460133,13101,千代田区,35.67395833333334,139.7640625,0,12204,0,12190,14
5339460134,13102,中央区,35.67395833333334,139.7671875,42,12216,12,12190,14
5339460141,13102,中央区,35.67187500000001,139.7703125,1025,8219,261,7958,0
5339460142,13102,中央区,35.67187500000001,139.7734375,1319,8291,334,7957,0
5339460143,13102,中央区,35.67395833333334,139.7703125,511,8057,100,7957,0
5339460144,13102,中央区,35.67395833333334,139.7734375,531,8073,116,7957,0
5339460211,13102,中央区,35.66770833333334,139.7765625,643,6042,164,4478,1400
5339460212,13102,中央区,35.66770833333334,139.77968750000002,899,6079,203,4477,1399
5339460213,13102,中央区,35.66979166666667,139.7765625,1965,6459,583,4477,1399
5339460214,13102,中央区,35.66979166666667,139.77968750000002,2583,6539,662,4478,1399
5339460221,13102,中央区,35.66770833333334,139.7828125,650,1364,198,877,289
5339460222,13102,中央区,35.66770833333334,139.78593750000002,3957,2267,1101,877,289
5339460223,13102,中央区,35.66979166666667,139.7828125,1457,1581,416,877,288
5339460224,13102,中央区,35.66979166666667,139.78593750000002,3300,2191,1025,877,289
5339460231,13102,中央区,35.67187500000001,139.7765625,1517,4581,331,4152,98
5339460232,13102,中央区,35.67187500000001,139.77968750000002,2717,4986,738,4151,97
5339460233,13102,中央区,35.67395833333334,139.7765625,736,4393,145,4151,97
5339460234,13102,中央区,35.67395833333334,139.77968750000002,1412,4612,364,4151,97
5339460241,13102,中央区,35.67187500000001,139.7828125,588,2208,187,2021,0
5339460242,13102,中央区,35.67187500000001,139.78593750000002,0,2021,0,2021,0
5339460243,13102,中央区,35.67395833333334,139.7828125,2568,2691,671,2020,0
5339460244,13102,中央区,35.67395833333334,139.78593750000002,0,2021,0,2021,0
5339460311,13108,江東区,35.66770833333334,139.7890625,0,688,0,253,435
5339460312,13108,江東区,35.66770833333334,139.7921875,93,691,7,251,433
5339460313,13108,江東区,35.66979166666667,139.7890625,1428,1164,478,252,434
5339460314,13108,江東区,35.66979166666667,139.7921875,1358,1022,335,253,434
5339460321,13108,江東区,35.66770833333334,139.7953125,1672,1107,493,614,0
5339460322,13108,江東区,35.66770833333334,139.7984375,1880,1156,542,614,0
5339460323,13108,江東区,35.66979166666667,139.7953125,1345,1021,408,613,0
5339460324,13108,江東区,35.66979166666667,139.7984375,1328,1057,443,614,0
5339460331,13108,江東区,35.67187500000001,139.7890625,175,1245,41,1070,134
5339460332,13108,江東区,35.67187500000001,139.7921875,891,1435,235,1068,132
5339460333,13108,江東区,35.67395833333334,139.7890625,655,1372,171,1069,132
5339460334,13108,江東区,35.67395833333334,139.7921875,1725,1556,354,1068,134
5339460341,13108,江東区,35.67187500000001,139.7953125,915,2137,203,1934,0
5339460342,13108,江東区,35.67187500000001,139.7984375,538,2076,141,1935,0
5339460343,13108,江東区,35.67395833333334,139.7953125,1449,2195,261,1934,0
5339460344,13108,江東区,35.67395833333334,139.7984375,750,2115,181,1934,0
5339460411,13108,江東区,35.66770833333334,139.80156250000002,1538,4153,371,3623,159
5339460412,13108,江東区,35.66770833333334,139.80468750000003,654,3908,127,3622,159
5339460413,13108,江東区,35.66979166666667,139.80156250000002,1233,4125,345,3622,158
5339460414,13108,江東区,35.66979166666667,139.80468750000003,1051,4074,292,3622,160
5339460421,13108,江東区,35.66770833333334,139.8078125,1543,1676,312,1306,58
5339460422,13108,江東区,35.66770833333334,139.81093750000002,1598,1718,354,1306,58
5339460423,13108,江東区,35.66979166666667,139.8078125,1461,1724,361,1305,58
5339460424,13108,江東区,35.66979166666667,139.81093750000002,1369,1662,297,1307,58
5339460431,13108,江東区,35.67187500000001,139.80156250000002,1241,1668,237,1253,178
5339460432,13108,江東区,35.67187500000001,139.80468750000003,812,1610,178,1253,179
5339460433,13108,江東区,35.67395833333334,139.80156250000002,1758,1887,457,1253,177
5339460434,13108,江東区,35.67395833333334,139.80468750000003,1803,1896,464,1253,179
5339460441,13108,江東区,35.67187500000001,139.8078125,172,801,44,757,0
5339460442,13108,江東区,35.67187500000001,139.81093750000002,1230,1086,330,756,0
5339460443,13108,江東区,35.67395833333334,139.8078125,668,971,214,757,0
5339460444,13108,江東区,35.67395833333334,139.81093750000002,761,957,201,756,0
5339460511,13108,江東区,35.66770833333334,139.8140625,1221,3518,304,2622,592
5339460512,13108,江東区,35.66770833333334,139.81718750000002,1475,3775,563,2620,592
5339460513,13108,江東区,35.66979166666667,139.8140625,1260,3664,451,2621,592
5339460514,13108,江東区,35.66979166666667,139.81718750000002,1478,3739,527,2620,592
5339460521,13108,江東区,35.66770833333334,139.8203125,674,2822,223,2599,0
5339460522,13108,江東区,35.66770833333334,139.8234375,103,2598,0,2598,0
5339460523,13108,江東区,35.66979166666667,139.8203125,1227,3033,435,2598,0
5339460524,13108,江東区,35.66979166666667,139.8234375,2434,3546,948,2598,0
5339460531,13108,江東区,35.67187500000001,139.8140625,1493,2735,485,2039,211
5339460532,13108,江東区,35.67187500000001,139.81718750000002,1213,2658,410,2039,209
5339460533,13108,江東区,35.67395833333334,139.8140625,820,2488,240,2038,210
5339460534,13108,江東区,35.67395833333334,139.81718750000002,305,2331,82,2039,210
5339460541,13108,江東区,35.67187500000001,139.8203125,1468,1460,549,784,127
5339460542,13108,江東区,35.67187500000001,139.8234375,3352,2330,1418,785,127
5339460543,13108,江東区,35.67395833333334,139.8203125,1498,1493,582,784,127
5339460544,13108,江東区,35.67395833333334,139.8234375,1695,1547,636,784,127
5339460611,13108,江東区,35.66770833333334,139.8265625,0,1372,0,1255,117
5339460612,13108,江東区,35.66770833333334,139.8296875,123,1371,1,1255,115
5339460613,13108,江東区,35.66979166666667,139.8265625,1075,1723,354,1254,115
5339460614,13108,江東区,35.66979166666667,139.8296875,290,1525,153,1256,116
5339460621,13108,江東区,35.66770833333334,139.8328125,1988,1012,535,477,0
5339460622,13108,江東区,35.66770833333334,139.8359375,871,657,179,478,0
5339460623,13108,江東区,35.66979166666667,139.8328125,910,791,314,477,0
5339460624,13108,江東区,35.66979166666667,139.8359375,1617,847,369,478,0
5339460631,13108,江東区,35.67187500000001,139.8265625,1008,925,316,457,152
5339460632,13108,江東区,35.67187500000001,139.8296875,1476,1182,572,457,153
5339460633,13108,江東区,35.67395833333334,139.8265625,2082,1200,592,456,152
5339460634,13108,江東区,35.67395833333334,139.8296875,1818,1298,687,458,153
5339460641,13108,江東区,35.67187500000001,139.8328125,1315,1154,421,587,146
5339460642,13108,江東区,35.67187500000001,139.8359375,878,951,219,586,146
5339460643,13108,江東区,35.67395833333334,139.8328125,1753,1390,659,586,145
5339460644,13108,江東区,35.67395833333334,139.8359375,1273,1194,462,586,146
5339460711,13108,江東区,35.66770833333334,139.8390625,997,1020,404,271,345
5339460712,13108,江東区,35.66770833333334,139.84218750000002,1562,1115,501,270,344
5339460713,13108,江東区,35.66979166666667,139.8390625,2712,1531,917,270,344
5339460714,13108,江東区,35.66979166666667,139.84218750000002,633,815,200,270,345
5339460731,13108,江東区,35.67187500000001,139.8390625,1802,1172,657,256,259
5339460732,13108,江東区,35.67187500000001,139.84218750000002,539,654,140,255,259
5339460733,13108,江東区,35.67395833333334,139.8390625,1159,1012,500,254,258
5339460734,13108,江東区,35.67395833333334,139.84218750000002,1938,1061,547,255,259
5339460811,13123,江戸川区,35.66770833333334,139.8515625,716,360,219,141,0
5339460812,13123,江戸川区,35.66770833333334,139.8546875,4356,1318,1178,140,0
5339460813,13123,江戸川区,35.66979166666667,139.8515625,994,473,332,141,0
5339460814,13123,江戸川区,35.66979166666667,139.8546875,2210,678,538,140,0
5339460821,13123,江戸川区,35.66770833333334,139.8578125,2316,1852,678,886,288
5339460822,13123,江戸川区,35.66770833333334,139.8609375,2116,1877,702,886,289
5339460823,13123,江戸川区,35.66979166666667,139.8578125,1992,1729,555,886,288
5339460824,13123,江戸川区,35.66979166666667,139.8609375,1924,1905,730,886,289
5339460831,13123,江戸川区,35.67187500000001,139.8515625,410,270,124,146,0
5339460832,13123,江戸川区,35.67187500000001,139.8546875,1292,418,271,147,0
5339460833,13123,江戸川区,35.67395833333334,139.8515625,380,257,111,146,0
5339460834,13123,江戸川区,35.67395833333334,139.8546875,958,447,300,147,0
5339460841,13123,江戸川区,35.67187500000001,139.8578125,303,510,84,426,0
5339460842,13123,江戸川区,35.67187500000001,139.8609375,1079,765,340,425,0
5339460843,13123,江戸川区,35.67395833333334,139.8578125,371,516,90,426,0
5339460844,13123,江戸川区,35.67395833333334,139.8609375,700,684,258,426,0
5339460911,13123,江戸川区,35.66770833333334,139.86406250000002,1717,1454,577,733,144
5339460912,13123,江戸川区,35.66770833333334,139.86718750000003,1954,1605,732,731,142
5339460913,13123,江戸川区,35.66979166666667,139.86406250000002,1806,1395,521,731,143
5339460914,13123,江戸川区,35.66979166666667,139.86718750000003,1228,1277,402,733,142
5339460921,13123,江戸川区,35.66770833333334,139.8703125,1773,705,444,261,0
5339460922,13123,江戸川区,35.66770833333334,139.87343750000002,1297,589,330,259,0
5339460923,13123,江戸川区,35.66979166666667,139.8703125,1405,667,407,260,0
5339460924,13123,江戸川区,35.66979166666667,139.87343750000002,1083,529,268,261,0
5339460931,13123,江戸川区,35.67187500000001,139.86406250000002,1486,1292,552,462,278
5339460932,13123,江戸川区,35.67187500000001,139.86718750000003,1204,1029,291,460,278
5339460933,13123,江戸川区,35.67395833333334,139.86406250000002,981,1059,321,461,277
5339460934,13123,江戸川区,35.67395833333334,139.86718750000003,1360,1232,494,460,278
5339460941,13123,江戸川区,35.67187500000001,139.8703125,1054,833,301,229,303
5339460942,13123,江戸川区,35.67187500000001,139.87343750000002,674,722,191,228,303
5339460943,13123,江戸川区,35.67395833333334,139.8703125,1048,807,277,227,303
5339460944,13123,江戸川区,35.67395833333334,139.87343750000002,899,786,254,229,303
5339461011,13101,千代田区,35.67604166666667,139.7515625,6,6192,5,6187,0
5339461012,13101,千代田区,35.67604166666667,139.75468750000002,0,6187,0,6187,0
5339461013,13101,千代田区,35.678125,139.7515625,0,6186,0,6186,0
5339461014,13101,千代田区,35.678125,139.75468750000002,0,6186,0,6186,0
5339461021,13101,千代田区,35.67604166666667,139.7578125,0,8859,0,8852,7
5339461022,13101,千代田区,35.67604166666667,139.7609375,0,8858,0,8852,6
5339461023,13101,千代田区,35.678125,139.7578125,0,8858,0,8852,6
5339461024,13101,千代田区,35.678125,139.7609375,0,8858,0,8852,6
5339461041,13101,千代田区,35.68020833333334,139.7578125,0,1346,0,1344,2
5339461042,13101,千代田区,35.68020833333334,139.7609375,0,1346,0,1344,2
5339461043,13101,千代田区,35.68229166666667,139.7578125,0,1345,0,1343,2
5339461044,13101,千代田区,35.68229166666667,139.7609375,0,1345,0,1343,2
5339461111,13101,千代田区,35.67604166666667,139.7640625,0,16995,0,16995,0
5339461112,13101,千代田区,35.67604166666667,139.7671875,0,16994,0,16994,0
5339461113,13101,千代田区,35.678125,139.7640625,0,16994,0,16994,0
5339461114,13101,千代田区,35.678125,139.7671875,18,16998,4,16994,0
5339461121,13102,中央区,35.67604166666667,139.7703125,77,12255,13,12237,5
5339461122,13102,中央区,35.67604166666667,139.7734375,543,12334,93,12237,4
5339461123,13102,中央区,35.678125,139.7703125,28,12243,3,12236,4
5339461124,13102,中央区,35.678125,139.7734375,140,12259,18,12237,4
5339461131,13101,千代田区,35.68020833333334,139.7640625,0,13308,0,13306,2
5339461132,13101,千代田区,35.68020833333334,139.7671875,0,13307,0,13305,2
5339461133,13101,千代田区,35.68229166666667,139.7640625,0,13308,0,13306,2
5339461134,13101,千代田区,35.68229166666667,139.7671875,0,13307,0,13305,2
5339461141,13101,千代田区,35.68020833333334,139.7703125,16,19460,3,19432,25
5339461142,13102,中央区,35.68020833333334,139.7734375,91,19470,15,19430,25
5339461143,13101,千代田区,35.68229166666667,139.7703125,8,19457,2,19431,24
5339461144,13102,中央区,35.68229166666667,139.7734375,8,19457,2,19430,25
5339461211,13102,中央区,35.67604166666667,139.7765625,739,9342,179,9012,151
5339461212,13102,中央区,35.67604166666667,139.77968750000002,1774,9577,416,9011,150
5339461213,13102,中央区,35.678125,139.7765625,522,9251,89,9012,150
5339461214,13102,中央区,35.678125,139.77968750000002,635,9300,139,9011,150
5339461221,13102,中央区,35.67604166666667,139.7828125,1968,8578,476,7742,360
5339461222,13102,中央区,35.67604166666667,139.78593750000002,800,8305,202,7742,361
5339461223,13102,中央区,35.678125,139.7828125,500,8216,116,7741,359
5339461224,13102,中央区,35.678125,139.78593750000002,565,8285,183,7742,360
5339461231,13102,中央区,35.68020833333334,139.7765625,240,9966,35,9711,220
5339461232,13102,中央区,35.68020833333334,139.77968750000002,110,9961,32,9710,219
5339461233,13102,中央区,35.68229166666667,139.7765625,245,9950,22,9709,219
5339461234,13102,中央区,35.68229166666667,139.77968750000002,341,10003,73,9710,220
5339461241,13102,中央区,35.68020833333334,139.7828125,933,5302,191,5111,0
5339461242,13102,中央区,35.68020833333334,139.78593750000002,1086,5362,252,5110,0
5339461243,13102,中央区,35.68229166666667,139.7828125,1443,5453,344,5109,0
5339461244,13102,中央区,35.68229166666667,139.78593750000002,1750,5483,372,5111,0
5339461311,13108,江東区,35.67604166666667,139.7890625,1173,2104,238,1866,0
5339461312,13108,江東区,35.67604166666667,139.7921875,757,2057,191,1866,0
5339461313,13108,江東区,35.678125,139.7890625,291,1917,51,1866,0
5339461314,13108,江東区,35.678125,139.7921875,307,1896,30,1866,0
5339461321,13108,江東区,35.67604166666667,139.7953125,926,1238,231,793,214
5339461322,13108,江東区,35.67604166666667,139.7984375,1152,1307,301,792,214
5339461323,13108,江東区,35.678125,139.7953125,1488,1458,453,791,214
5339461324,13108,江東区,35.678125,139.7984375,1190,1381,374,793,214
5339461331,13102,中央区,35.68020833333334,139.7890625,819,2602,186,2225,191
5339461332,13108,江東区,35.68020833333334,139.7921875,914,2593,177,2224,192
5339461333,13102,中央区,35.68229166666667,139.7890625,2125,2983,569,2224,190
5339461334,13108,江東区,35.68229166666667,139.7921875,665,2584,166,2226,192
5339461341,13108,江東区,35.68020833333334,139.7953125,350,879,109,607,163
5339461342,13108,江東区,35.68020833333334,139.7984375,469,892,124,606,162
5339461343,13108,江東区,35.68229166666667,139.7953125,1738,1209,441,606,162
5339461344,13108,江東区,35.68229166666667,139.7984375,1680,1225,457,606,162
5339461411,13108,江東区,35.67604166666667,139.80156250000002,1278,991,305,480,206
5339461412,13108,江東区,35.67604166666667,139.80468750000003,2045,1341,655,480,206
5339461413,13108,江東区,35.678125,139.80156250000002,1445,1020,337,479,204
5339461414,13108,江東区,35.678125,139.80468750000003,1531,1060,374,480,206
5339461421,13108,江東区,35.67604166666667,139.8078125,405,371,110,261,0
5339461422,13108,江東区,35.67604166666667,139.81093750000002,719,465,205,260,0
5339461423,13108,江東区,35.678125,139.8078125,578,392,132,260,0
5339461424,13108,江東区,35.678125,139.81093750000002,1160,582,322,260,0
5339461431,13108,江東区,35.68020833333334,139.80156250000002,1051,1153,319,558,276
5339461432,13108,江東区,35.68020833333334,139.80468750000003,1379,1260,427,557,276
5339461433,13108,江東区,35.68229166666667,139.80156250000002,1816,1252,420,557,275
5339461434,13108,江東区,35.68229166666667,139.80468750000003,2066,1371,539,557,275
5339461441,13108,江東区,35.68020833333334,139.8078125,1543,1371,368,533,470
5339461442,13108,江東区,35.68020833333334,139.81093750000002,1155,1331,328,534,469
5339461443,13108,江東区,35.68229166666667,139.8078125,3056,1893,891,534,468
5339461444,13108,江東区,35.68229166666667,139.81093750000002,1234,1310,306,534,470
5339461511,13108,江東区,35.67604166666667,139.8140625,912,1871,284,1587,0
5339461512,13108,江東区,35.67604166666667,139.81718750000002,676,1803,216,1587,0
5339461513,13108,江東区,35.678125,139.8140625,1169,1981,394,1587,0
5339461514,13108,江東区,35.678125,139.81718750000002,2093,2234,647,1587,0
5339461521,13108,江東区,35.67604166666667,139.8203125,1658,1293,544,486,263
5339461522,13108,江東区,35.67604166666667,139.8234375,3063,1634,886,485,263
5339461523,13108,江東区,35.678125,139.8203125,1012,1125,378,484,263
5339461524,13108,江東区,35.678125,139.8234375,1121,1018,268,486,264
5339461531,13108,江東区,35.68020833333334,139.8140625,1412,1388,402,662,324
5339461532,13108,江東区,35.68020833333334,139.81718750000002,1151,1374,389,661,324
5339461533,13108,江東区,35.68229166666667,139.8140625,1363,1397,413,661,323
5339461534,13108,江東区,35.68229166666667,139.81718750000002,1611,1350,365,661,324
5339461541,13108,江東区,35.68020833333334,139.8203125,2303,1368,726,502,140
5339461542,13108,江東区,35.68020833333334,139.8234375,1315,915,274,502,139
5339461543,13108,江東区,35.68229166666667,139.8203125,1237,1099,458,501,140
5339461544,13108,江東区,35.68229166666667,139.8234375,1575,1090,449,502,139
5339461611,13108,江東区,35.67604166666667,139.8265625,1173,1181,423,608,150
5339461612,13108,江東区,35.67604166666667,139.8296875,1530,1293,537,607,149
5339461613,13108,江東区,35.678125,139.8265625,798,968,212,607,149
5339461614,13108,江東区,35.678125,139.8296875,1680,1418,662,607,149
5339461621,13108,江東区,35.67604166666667,139.8328125,1218,645,301,344,0
5339461622,13108,江東区,35.67604166666667,139.8359375,1024,707,363,344,0
5339461623,13108,江東区,35.678125,139.8328125,1368,757,413,344,0
5339461624,13108,江東区,35.678125,139.8359375,2142,1065,721,344,0
5339461631,13108,江東区,35.68020833333334,139.8265625,2548,1540,649,728,163
5339461632,13108,江東区,35.68020833333334,139.8296875,1606,1443,556,726,161
5339461633,13108,江東区,35.68229166666667,139.8265625,1183,1250,362,726,162
5339461634,13108,江東区,35.68229166666667,139.8296875,1248,1301,411,728,162
5339461641,13108,江東区,35.68020833333334,139.8328125,1088,648,340,308,0
5339461642,13108,江東区,35.68020833333334,139.8359375,1223,710,402,308,0
5339461643,13108,江東区,35.68229166666667,139.8328125,2549,1146,839,307,0
5339461644,13108,江東区,35.68229166666667,139.8359375,1435,767,459,308,0
5339461711,13108,江東区,35.67604166666667,139.8390625,1305,928,371,391,166
5339461712,13108,江東区,35.67604166666667,139.84218750000002,1493,1025,470,390,165
5339461713,13108,江東区,35.678125,139.8390625,981,944,388,391,165
5339461714,13108,江東区,35.678125,139.84218750000002,1322,923,368,390,165
5339461721,13108,江東区,35.67604166666667,139.8453125,0,9,0,9,0
5339461722,13123,江戸川区,35.67604166666667,139.84843750000002,0,9,0,9,0
5339461723,13108,江東区,35.678125,139.8453125,218,70,61,9,0
5339461724,13123,江戸川区,35.678125,139.84843750000002,0,9,0,9,0
5339461731,13108,江東区,35.68020833333334,139.8390625,3573,1256,900,258,98
5339461732,13108,江東区,35.68020833333334,139.84218750000002,1724,828,474,257,97
5339461733,13108,江東区,35.68229166666667,139.8390625,1128,847,493,257,97
5339461734,13108,江東区,35.68229166666667,139.84218750000002,1526,867,512,257,98
5339461741,13108,江東区,35.68020833333334,139.8453125,626,247,168,79,0
5339461742,13123,江戸川区,35.68020833333334,139.84843750000002,0,77,0,77,0
5339461743,13108,江東区,35.68229166666667,139.8453125,1122,308,231,77,0
5339461744,13123,江戸川区,35.68229166666667,139.84843750000002,0,77,0,77,0
5339461811,13123,江戸川区,35.67604166666667,139.8515625,252,297,90,77,130
5339461812,13123,江戸川区,35.67604166666667,139.8546875,890,511,307,75,129
5339461813,13123,江戸川区,35.678125,139.8515625,16,211,6,75,130
5339461814,13123,江戸川区,35.678125,139.8546875,912,472,267,76,129
5339461821,13123,江戸川区,35.67604166666667,139.8578125,1416,865,526,202,137
5339461822,13123,江戸川区,35.67604166666667,139.8609375,1290,671,335,201,135
5339461823,13123,江戸川区,35.678125,139.8578125,1116,652,316,200,136
5339461824,13123,江戸川区,35.678125,139.8609375,1230,677,339,202,136
5339461831,13123,江戸川区,35.68020833333334,139.8515625,0,2,0,2,0
5339461832,13123,江戸川区,35.68020833333334,139.8546875,25,6,5,1,0
5339461833,13123,江戸川区,35.68229166666667,139.8515625,0,1,0,1,0
5339461834,13123,江戸川区,35.68229166666667,139.8546875,0,1,0,1,0
5339461841,13123,江戸川区,35.68020833333334,139.8578125,490,754,189,337,228
5339461842,13123,江戸川区,35.68020833333334,139.8609375,1047,861,297,337,227
5339461843,13123,江戸川区,35.68229166666667,139.8578125,582,716,153,337,226
5339461844,13123,江戸川区,35.68229166666667,139.8609375,1165,918,353,338,227
5339461911,13123,江戸川区,35.67604166666667,139.86406250000002,1014,549,282,267,0
5339461912,13123,江戸川区,35.67604166666667,139.86718750000003,1065,634,366,268,0
5339461913,13123,江戸川区,35.678125,139.86406250000002,948,583,316,267,0
5339461914,13123,江戸川区,35.678125,139.86718750000003,1159,601,333,268,0
5339461921,13123,江戸川区,35.67604166666667,139.8703125,1320,659,431,228,0
5339461922,13123,江戸川区,35.67604166666667,139.87343750000002,1150,552,325,227,0
5339461923,13123,江戸川区,35.678125,139.8703125,1052,509,282,227,0
5339461924,13123,江戸川区,35.678125,139.87343750000002,1239,677,449,228,0
5339461931,13123,江戸川区,35.68020833333334,139.86406250000002,1655,1009,404,603,2
5339461932,13123,江戸川区,35.68020833333334,139.86718750000003,1967,1167,562,603,2
5339461933,13123,江戸川区,35.68229166666667,139.86406250000002,2135,1160,555,603,2
5339461934,13123,江戸川区,35.68229166666667,139.86718750000003,2052,1159,554,603,2
5339461941,13123,江戸川区,35.68020833333334,139.8703125,1340,724,296,428,0
5339461942,13123,江戸川区,35.68020833333334,139.87343750000002,920,644,216,428,0
5339461943,13123,江戸川区,35.68229166666667,139.8703125,1125,730,303,427,0
5339461944,13123,江戸川区,35.68229166666667,139.87343750000002,1360,812,385,427,0
5339462011,13101,千代田区,35.684375,139.7515625,0,195,0,195,0
5339462012,13101,千代田区,35.684375,139.75468750000002,0,195,0,195,0
5339462013,13101,千代田区,35.686458333333334,139.7515625,0,193,0,193,0
5339462014,13101,千代田区,35.686458333333334,139.75468750000002,0,195,0,195,0
5339462021,13101,千代田区,35.684375,139.7578125,0,4173,0,4173,0
5339462022,13101,千代田区,35.684375,139.7609375,0,4171,0,4171,0
5339462023,13101,千代田区,35.686458333333334,139.7578125,0,4172,0,4172,0
5339462024,13101,千代田区,35.686458333333334,139.7609375,45,4172,0,4172,0
5339462031,13101,千代田区,35.68854166666667,139.7515625,0,211,0,211,0
5339462032,13101,千代田区,35.68854166666667,139.75468750000002,0,212,0,212,0
5339462033,13101,千代田区,35.690625000000004,139.7515625,0,211,0,211,0
5339462034,13101,千代田区,35.690625000000004,139.75468750000002,0,211,0,211,0
5339462041,13101,千代田区,35.68854166666667,139.7578125,0,4316,0,4316,0
5339462042,13101,千代田区,35.68854166666667,139.7609375,196,4317,1,4316,0
5339462043,13101,千代田区,35.690625000000004,139.7578125,0,4316,0,4316,0
5339462044,13101,千代田区,35.690625000000004,139.7609375,10,4316,0,4316,0
5339462111,13101,千代田区,35.684375,139.7640625,0,23750,0,23613,137
5339462112,13101,千代田区,35.684375,139.7671875,0,23749,0,23613,136
5339462113,13101,千代田区,35.686458333333334,139.7640625,0,23749,0,23613,136
5339462114,13101,千代田区,35.686458333333334,139.7671875,0,23750,0,23613,137
5339462121,13101,千代田区,35.684375,139.7703125,0,10638,0,10638,0
5339462122,13102,中央区,35.684375,139.7734375,16,10647,10,10637,0
5339462123,13102,中央区,35.686458333333334,139.7703125,0,10637,0,10637,0
5339462124,13102,中央区,35.686458333333334,139.7734375,63,10652,15,10637,0
5339462131,13101,千代田区,35.68854166666667,139.7640625,54,18047,16,15964,2067
5339462132,13101,千代田区,35.68854166666667,139.7671875,11,18030,2,15962,2066
5339462133,13101,千代田区,35.690625000000004,139.7640625,490,18117,89,15962,2066
5339462134,13101,千代田区,35.690625000000004,139.7671875,353,18112,82,15963,2067
5339462141,13102,中央区,35.68854166666667,139.7703125,115,9937,34,9802,101
5339462142,13102,中央区,35.68854166666667,139.7734375,100,9933,30,9801,102
5339462143,13101,千代田区,35.690625000000004,139.7703125,179,9937,36,9801,100
5339462144,13101,千代田区,35.690625000000004,139.7734375,325,9941,38,9802,101
5339462211,13102,中央区,35.684375,139.7765625,83,7909,12,7881,16
5339462212,13102,中央区,35.684375,139.77968750000002,766,8068,172,7880,16
5339462213,13102,中央区,35.686458333333334,139.7765625,385,7971,77,7879,15
5339462214,13102,中央区,35.686458333333334,139.77968750000002,1256,8164,268,7880,16
5339462221,13102,中央区,35.684375,139.7828125,1555,5837,401,5312,124
5339462222,13102,中央区,35.684375,139.78593750000002,1395,5764,329,5312,123
5339462223,13102,中央区,35.686458333333334,139.7828125,1206,5714,280,5311,123
5339462224,13102,中央区,35.686458333333334,139.78593750000002,1820,5925,489,5313,123
5339462231,13102,中央区,35.68854166666667,139.7765625,647,10193,122,10013,58
5339462232,13102,中央区,35.68854166666667,139.77968750000002,1523,10452,380,10014,58
5339462233,13102,中央区,35.690625000000004,139.7765625,749,10233,160,10014,59
5339462234,13102,中央区,35.690625000000004,139.77968750000002,1343,10376,305,10013,58
5339462241,13102,中央区,35.68854166666667,139.7828125,1612,6631,358,6079,194
5339462242,13102,中央区,35.68854166666667,139.78593750000002,1540,6665,391,6079,195
5339462243,13102,中央区,35.690625000000004,139.7828125,2269,6782,509,6078,195
5339462244,13102,中央区,35.690625000000004,139.78593750000002,2337,6789,516,6079,194
5339462311,13102,中央区,35.684375,139.7890625,2893,2882,692,2190,0
5339462312,13102,中央区,35.684375,139.7921875,913,2434,244,2190,0
5339462313,13102,中央区,35.686458333333334,139.7890625,2536,2763,574,2189,0
5339462314,13102,中央区,35.686458333333334,139.7921875,652,2365,174,2191,0
5339462321,13108,江東区,35.684375,139.7953125,809,1297,188,856,253
5339462322,13108,江東区,35.684375,139.7984375,1504,1510,401,856,253
5339462323,13108,江東区,35.686458333333334,139.7953125,990,1361,252,856,253
5339462324,13108,江東区,35.686458333333334,139.7984375,1370,1447,338,856,253
5339462331,13102,中央区,35.68854166666667,139.7890625,373,917,102,815,0
5339462332,13108,江東区,35.68854166666667,139.7921875,1266,1110,295,815,0
5339462333,13102,中央区,35.690625000000004,139.7890625,925,1080,265,815,0
5339462334,13107,墨田区,35.690625000000004,139.7921875,2043,1241,426,815,0
5339462341,13108,江東区,35.68854166666667,139.7953125,2142,1160,485,675,0
5339462342,13108,江東区,35.68854166666667,139.7984375,1870,1055,382,673,0
5339462343,13107,墨田区,35.690625000000004,139.7953125,2155,1137,464,673,0
5339462344,13107,墨田区,35.690625000000004,139.7984375,1573,1024,350,674,0
5339462411,13108,江東区,35.684375,139.80156250000002,1431,1074,404,552,118
5339462412,13108,江東区,35.684375,139.80468750000003,1743,1187,517,552,118
5339462413,13108,江東区,35.686458333333334,139.80156250000002,1732,1047,377,551,119
5339462414,13108,江東区,35.686458333333334,139.80468750000003,1762,1080,411,551,118
5339462421,13108,江東区,35.684375,139.8078125,1220,1113,462,469,182
5339462422,13108,江東区,35.684375,139.81093750000002,2558,1462,813,468,181
5339462423,13108,江東区,35.686458333333334,139.8078125,1472,1001,352,468,181
5339462424,13108,江東区,35.686458333333334,139.81093750000002,1361,997,346,469,182
5339462431,13107,墨田区,35.68854166666667,139.80156250000002,1747,1354,364,867,123
5339462432,13107,墨田区,35.68854166666667,139.80468750000003,1711,1346,356,867,123
5339462433,13107,墨田区,35.690625000000004,139.80156250000002,1525,1381,391,867,123
5339462434,13107,墨田区,35.690625000000004,139.80468750000003,1639,1354,364,867,123
5339462441,13107,墨田区,35.68854166666667,139.8078125,2113,1625,594,930,101
5339462442,13107,墨田区,35.68854166666667,139.81093750000002,1610,1498,467,930,101
5339462443,13107,墨田区,35.690625000000004,139.8078125,1722,1442,413,929,100
5339462444,13107,墨田区,35.690625000000004,139.81093750000002,1704,1490,460,930,100
5339462511,13108,江東区,35.684375,139.8140625,3285,1603,975,543,85
5339462512,13108,江東区,35.684375,139.81718750000002,1343,1035,410,542,83
5339462513,13108,江東区,35.686458333333334,139.8140625,1246,919,295,541,83
5339462514,13108,江東区,35.686458333333334,139.81718750000002,994,953,326,542,85
5339462521,13108,江東区,35.684375,139.8203125,1605,1299,535,598,166
5339462522,13108,江東区,35.684375,139.8234375,1289,1265,501,597,167
5339462523,13108,江東区,35.686458333333334,139.8203125,551,936,174,597,165
5339462524,13108,江東区,35.686458333333334,139.8234375,1679,1259,495,597,167
5339462531,13108,江東区,35.68854166666667,139.8140625,1749,1382,431,692,259
5339462532,13108,江東区,35.68854166666667,139.81718750000002,418,1084,135,692,257
5339462533,13108,江東区,35.690625000000004,139.8140625,2038,1487,537,692,258
5339462534,13108,江東区,35.690625000000004,139.81718750000002,278,1030,79,692,259
5339462541,13108,江東区,35.68854166666667,139.8203125,953,1410,295,1115,0
5339462542,13108,江東区,35.68854166666667,139.8234375,2082,1679,565,1114,0
5339462543,13108,江東区,35.690625000000004,139.8203125,0,1115,0,1115,0
5339462544,13108,江東区,35.690625000000004,139.8234375,1383,1552,437,1115,0
5339462611,13108,江東区,35.684375,139.8265625,1135,802,288,347,167
5339462612,13108,江東区,35.684375,139.8296875,2764,1352,840,346,166
5339462613,13108,江東区,35.686458333333334,139.8265625,1626,1009,496,346,167
5339462614,13108,江東区,35.686458333333334,139.8296875,2603,1598,1086,346,166
5339462621,13108,江東区,35.684375,139.8328125,2292,1572,848,202,522
5339462622,13108,江東区,35.684375,139.8359375,1880,1371,649,200,522
5339462623,13108,江東区,35.686458333333334,139.8328125,1115,1226,505,201,520
5339462624,13108,江東区,35.686458333333334,139.8359375,1156,1136,413,201,522
5339462631,13108,江東区,35.68854166666667,139.8265625,1811,2019,597,917,505
5339462632,13108,江東区,35.68854166666667,139.8296875,1581,1871,451,917,503
5339462633,13108,江東区,35.690625000000004,139.8265625,1150,1685,264,917,504
5339462634,13108,江東区,35.690625000000004,139.8296875,1114,1771,350,917,504
5339462641,13108,江東区,35.68854166666667,139.8328125,1866,1459,575,754,130
5339462642,13108,江東区,35.68854166666667,139.8359375,2377,1514,629,755,130
5339462643,13108,江東区,35.690625000000004,139.8328125,2163,1683,800,754,129
5339462644,13108,江東区,35.690625000000004,139.8359375,1527,1374,490,755,129
5339462711,13108,江東区,35.684375,139.8390625,1705,890,617,165,108
5339462712,13108,江東区,35.684375,139.84218750000002,1141,781,509,166,106
5339462713,13108,江東区,35.686458333333334,139.8390625,1001,661,390,165,106
5339462714,13108,江東区,35.686458333333334,139.84218750000002,2936,1192,918,166,108
5339462721,13108,江東区,35.684375,139.8453125,1553,1053,673,225,155
5339462722,13123,江戸川区,35.684375,139.84843750000002,0,382,0,226,156
5339462723,13108,江東区,35.686458333333334,139.8453125,1618,1104,723,226,155
5339462724,13123,江戸川区,35.686458333333334,139.84843750000002,60,395,13,226,156
5339462731,13108,江東区,35.68854166666667,139.8390625,1729,1033,587,446,0
5339462732,13108,江東区,35.68854166666667,139.84218750000002,1581,879,432,447,0
5339462733,13108,江東区,35.690625000000004,139.8390625,1589,909,464,445,0
5339462734,13108,江東区,35.690625000000004,139.84218750000002,1329,848,402,446,0
5339462741,13108,江東区,35.68854166666667,139.8453125,794,732,288,282,162
5339462742,13123,江戸川区,35.68854166666667,139.84843750000002,1521,876,432,281,163
5339462743,13108,江東区,35.690625000000004,139.8453125,1781,1095,653,281,161
5339462744,13123,江戸川区,35.690625000000004,139.84843750000002,971,801,356,282,163
5339462821,13123,江戸川区,35.684375,139.8578125,905,559,300,259,0
5339462822,13123,江戸川区,35.684375,139.8609375,1165,616,358,258,0
5339462823,13123,江戸川区,35.686458333333334,139.8578125,292,383,125,258,0
5339462824,13123,江戸川区,35.686458333333334,139.8609375,1492,896,638,258,0
5339462831,13123,江戸川区,35.68854166666667,139.8515625,361,178,127,51,0
5339462832,13123,江戸川区,35.68854166666667,139.8546875,0,51,0,51,0
5339462833,13123,江戸川区,35.690625000000004,139.8515625,1504,549,498,51,0
5339462834,13123,江戸川区,35.690625000000004,139.8546875,0,51,0,51,0
5339462841,13123,江戸川区,35.68854166666667,139.8578125,0,59,0,59,0
5339462842,13123,江戸川区,35.68854166666667,139.8609375,491,178,119,59,0
5339462843,13123,江戸川区,35.690625000000004,139.8578125,0,58,0,58,0
5339462844,13123,江戸川区,35.690625000000004,139.8609375,515,213,154,59,0
5339462911,13123,江戸川区,35.684375,139.86406250000002,746,1205,214,785,206
5339462912,13123,江戸川区,35.684375,139.86718750000003,1988,1462,473,784,205
5339462913,13123,江戸川区,35.686458333333334,139.86406250000002,1473,1628,637,785,206
5339462914,13123,江戸川区,35.686458333333334,139.86718750000003,1338,1349,359,784,206
5339462921,13123,江戸川区,35.684375,139.8703125,1343,575,313,262,0
5339462922,13123,江戸川区,35.684375,139.87343750000002,1532,709,447,262,0
5339462923,13123,江戸川区,35.686458333333334,139.8703125,648,411,149,262,0
5339462924,13123,江戸川区,35.686458333333334,139.87343750000002,1075,535,273,262,0
5339462931,13123,江戸川区,35.68854166666667,139.86406250000002,641,795,162,422,211
5339462932,13123,江戸川区,35.68854166666667,139.86718750000003,528,781,149,421,211
5339462933,13123,江戸川区,35.690625000000004,139.86406250000002,937,901,268,422,211
5339462934,13123,江戸川区,35.690625000000004,139.86718750000003,1499,1030,399,421,210
5339462941,13123,江戸川区,35.68854166666667,139.8703125,683,998,198,557,243
5339462942,13123,江戸川区,35.68854166666667,139.87343750000002,1060,1083,285,556,242
5339462943,13123,江戸川区,35.690625000000004,139.8703125,529,958,160,556,242
5339462944,13123,江戸川区,35.690625000000004,139.87343750000002,649,954,156,555,243
5339463011,13101,千代田区,35.692708333333336,139.7515625,0,4084,0,4082,2
5339463012,13101,千代田区,35.692708333333336,139.75468750000002,608,4213,131,4080,2
5339463013,13101,千代田区,35.69479166666667,139.7515625,224,4136,54,4080,2
5339463014,13101,千代田区,35.69479166666667,139.75468750000002,384,4163,79,4082,2
5339463021,13101,千代田区,35.692708333333336,139.7578125,0,13030,0,10017,3013
5339463022,13101,千代田区,35.692708333333336,139.7609375,227,13078,46,10018,3014
5339463023,13101,千代田区,35.69479166666667,139.7578125,657,13207,175,10018,3014
5339463024,13101,千代田区,35.69479166666667,139.7609375,300,13106,74,10018,3014
5339463031,13101,千代田区,35.696875000000006,139.7515625,697,10258,161,7684,2413
5339463032,13101,千代田区,35.696875000000006,139.75468750000002,531,10231,134,7684,2413
5339463033,13101,千代田区,35.69895833333334,139.7515625,1295,10465,368,7684,2413
5339463034,13101,千代田区,35.69895833333334,139.75468750000002,819,10301,204,7684,2413
5339463041,13101,千代田区,35.696875000000006,139.7578125,551,8981,108,5793,3080
5339463042,13101,千代田区,35.696875000000006,139.7609375,335,8958,86,5792,3080
5339463043,13101,千代田区,35.69895833333334,139.7578125,693,9016,144,5792,3080
5339463044,13101,千代田区,35.69895833333334,139.7609375,125,8906,33,5793,3080
5339463111,13101,千代田区,35.692708333333336,139.7640625,446,10286,101,10037,148
5339463112,13101,千代田区,35.692708333333336,139.7671875,366,10251,67,10036,148
5339463113,13101,千代田区,35.69479166666667,139.7640625,448,10264,80,10037,147
5339463114,13101,千代田区,35.69479166666667,139.7671875,675,10330,145,10037,148
5339463121,13101,千代田区,35.692708333333336,139.7703125,405,7619,83,7536,0
5339463122,13101,千代田区,35.692708333333336,139.7734375,362,7644,110,7534,0
5339463123,13101,千代田区,35.69479166666667,139.7703125,1020,7749,214,7535,0
5339463124,13101,千代田区,35.69479166666667,139.7734375,1087,7851,315,7536,0
5339463131,13101,千代田区,35.696875000000006,139.7640625,109,12097,23,10437,1637
5339463132,13101,千代田区,35.696875000000006,139.7671875,1040,12384,310,10437,1637
5339463133,13101,千代田区,35.69895833333334,139.7640625,113,12100,26,10436,1638
5339463134,13101,千代田区,35.69895833333334,139.7671875,255,12133,59,10437,1637
5339463141,13101,千代田区,35.696875000000006,139.7703125,232,10659,57,10598,4
5339463142,13101,千代田区,35.696875000000006,139.7734375,289,10648,47,10597,4
5339463143,13101,千代田区,35.69895833333334,139.7703125,138,10635,33,10598,4
5339463144,13101,千代田区,35.69895833333334,139.7734375,8,10609,8,10597,4
5339463211,13101,千代田区,35.692708333333336,139.7765625,1233,7608,222,7235,151
5339463212,13102,中央区,35.692708333333336,139.77968750000002,1569,7680,297,7234,149
5339463213,13101,千代田区,35.69479166666667,139.7765625,819,7540,157,7233,150
5339463214,13101,千代田区,35.69479166666667,139.77968750000002,994,7611,226,7235,150
5339463221,13102,中央区,35.692708333333336,139.7828125,1082,4946,227,4327,392
5339463222,13102,中央区,35.692708333333336,139.78593750000002,1939,5191,472,4326,393
5339463223,13102,中央区,35.69479166666667,139.7828125,733,4833,115,4326,392
5339463224,13102,中央区,35.69479166666667,139.78593750000002,1030,4894,174,4328,392
5339463231,13101,千代田区,35.696875000000006,139.7765625,316,7300,75,7124,101
5339463232,13101,千代田区,35.696875000000006,139.77968750000002,1360,7495,272,7123,100
5339463233,13101,千代田区,35.69895833333334,139.7765625,678,7364,142,7123,99
5339463234,13101,千代田区,35.69895833333334,139.77968750000002,820,7414,189,7124,101
5339463241,13106,台東区,35.696875000000006,139.7828125,1299,3494,265,2985,244
5339463242,13106,台東区,35.696875000000006,139.78593750000002,465,3354,124,2985,245
5339463243,13106,台東区,35.69895833333334,139.7828125,1246,3500,271,2985,244
5339463244,13106,台東区,35.69895833333334,139.78593750000002,1117,3506,276,2985,245
5339463311,13107,墨田区,35.692708333333336,139.7890625,330,2199,85,2078,36
5339463312,13107,墨田区,35.692708333333336,139.7921875,1615,2507,393,2078,36
5339463313,13107,墨田区,35.69479166666667,139.7890625,465,2237,123,2078,36
5339463314,13107,墨田区,35.69479166666667,139.7921875,1295,2404,289,2079,36
5339463321,13107,墨田区,35.692708333333336,139.7953125,1415,2525,299,1990,236
5339463322,13107,墨田区,35.692708333333336,139.7984375,1878,2628,402,1990,236
5339463323,13107,墨田区,35.69479166666667,139.7953125,1090,2500,275,1989,236
5339463324,13107,墨田区,35.69479166666667,139.7984375,1593,2572,347,1990,235
5339463331,13106,台東区,35.696875000000006,139.7890625,746,2043,142,1689,212
5339463332,13107,墨田区,35.696875000000006,139.7921875,89,1922,20,1690,212
5339463333,13106,台東区,35.69895833333334,139.7890625,1537,2240,342,1688,210
5339463334,13107,墨田区,35.69895833333334,139.7921875,394,1975,73,1690,212
5339463341,13107,墨田区,35.696875000000006,139.7953125,37,1881,13,968,900
5339463342,13107,墨田区,35.696875000000006,139.7984375,1054,2081,213,968,900
5339463343,13107,墨田区,35.69895833333334,139.7953125,211,1921,54,968,899
5339463344,13107,墨田区,35.69895833333334,139.7984375,1628,2270,401,969,900
5339463411,13107,墨田区,35.692708333333336,139.80156250000002,1487,1378,301,951,126
5339463412,13107,墨田区,35.692708333333336,139.80468750000003,1477,1341,264,950,127
5339463413,13107,墨田区,35.69479166666667,139.80156250000002,2269,1600,524,950,126
5339463414,13107,墨田区,35.69479166666667,139.80468750000003,1999,1503,427,950,126
5339463421,13107,墨田区,35.692708333333336,139.8078125,1089,1707,220,1287,200
5339463422,13107,墨田区,35.692708333333336,139.81093750000002,1485,1822,336,1287,199
5339463423,13107,墨田区,35.69479166666667,139.8078125,2103,1951,466,1287,198
5339463424,13107,墨田区,35.69479166666667,139.81093750000002,1258,1748,262,1287,199
5339463431,13107,墨田区,35.696875000000006,139.80156250000002,1411,1374,420,747,207
5339463432,13107,墨田区,35.696875000000006,139.80468750000003,2171,1546,593,748,205
5339463433,13107,墨田区,35.69895833333334,139.80156250000002,1510,1327,375,746,206
5339463434,13107,墨田区,35.69895833333334,139.80468750000003,1704,1359,404,748,207
5339463441,13107,墨田区,35.696875000000006,139.8078125,1709,4400,432,3768,200
5339463442,13107,墨田区,35.696875000000006,139.81093750000002,1141,4284,316,3767,201
5339463443,13107,墨田区,35.69895833333334,139.8078125,1487,4298,330,3768,200
5339463444,13107,墨田区,35.69895833333334,139.81093750000002,1869,4446,479,3767,200
5339463511,13108,江東区,35.692708333333336,139.8140625,1006,3099,229,2681,189
5339463512,13108,江東区,35.692708333333336,139.81718750000002,883,3204,336,2680,188
5339463513,13107,墨田区,35.69479166666667,139.8140625,433,2942,74,2681,187
5339463514,13107,墨田区,35.69479166666667,139.81718750000002,948,3104,234,2681,189
5339463521,13108,江東区,35.692708333333336,139.8203125,914,1181,191,897,93
5339463522,13108,江東区,35.692708333333336,139.8234375,1219,1346,358,896,92
5339463523,13108,江東区,35.69479166666667,139.8203125,1038,1222,233,896,93
5339463524,13108,江東区,35.69479166666667,139.8234375,1269,1353,365,896,92
5339463531,13107,墨田区,35.696875000000006,139.8140625,73,2594,13,2509,72
5339463532,13107,墨田区,35.696875000000006,139.81718750000002,1070,2914,333,2509,72
5339463533,13107,墨田区,35.69895833333334,139.8140625,955,2814,234,2509,71
5339463534,13107,墨田区,35.69895833333334,139.81718750000002,122,2614,33,2509,72
5339463541,13108,江東区,35.696875000000006,139.8203125,2193,2558,704,1608,246
5339463542,13108,江東区,35.696875000000006,139.8234375,1170,2147,295,1607,245
5339463543,13108,江東区,35.69895833333334,139.8203125,1456,2406,556,1606,244
5339463544,13108,江東区,35.69895833333334,139.8234375,1181,2199,347,1607,245
5339463611,13108,江東区,35.692708333333336,139.8265625,2067,1807,530,738,539
5339463612,13108,江東区,35.692708333333336,139.8296875,1142,1627,353,736,538
5339463613,13108,江東区,35.69479166666667,139.8265625,1550,1590,316,737,537
5339463614,13108,江東区,35.69479166666667,139.8296875,626,1413,139,736,538
5339463621,13108,江東区,35.692708333333336,139.8328125,3275,1713,1321,353,39
5339463622,13108,江東区,35.692708333333336,139.8359375,2186,1106,716,352,38
5339463623,13108,江東区,35.69479166666667,139.8328125,1064,675,284,352,39
5339463624,13108,江東区,35.69479166666667,139.8359375,1234,755,362,354,39
5339463631,13108,江東区,35.696875000000006,139.8265625,936,2547,201,2223,123
5339463632,13108,江東区,35.696875000000006,139.8296875,1072,2612,267,2222,123
5339463633,13108,江東区,35.69895833333334,139.8265625,1131,2648,304,2222,122
5339463634,13108,江東区,35.69895833333334,139.8296875,1829,2844,497,2224,123
5339463641,13108,江東区,35.696875000000006,139.8328125,1118,824,330,494,0
5339463642,13108,江東区,35.696875000000006,139.8359375,1987,1206,712,494,0
5339463643,13108,江東区,35.69895833333334,139.8328125,1143,793,299,494,0
5339463644,13108,江東区,35.69895833333334,139.8359375,746,699,206,493,0
5339463711,13108,江東区,35.692708333333336,139.8390625,2265,1247,806,261,180
5339463712,13108,江東区,35.692708333333336,139.84218750000002,1670,926,486,261,179
5339463713,13108,江東区,35.69479166666667,139.8390625,2028,1041,603,260,178
5339463714,13108,江東区,35.69479166666667,139.84218750000002,1090,765,324,261,180
5339463721,13108,江東区,35.692708333333336,139.8453125,778,829,448,235,146
5339463722,13123,江戸川区,35.692708333333336,139.84843750000002,188,466,84,236,146
5339463723,13108,江東区,35.69479166666667,139.8453125,1649,886,506,235,145
5339463724,13123,江戸川区,35.69479166666667,139.84843750000002,1317,766,384,236,146
5339463731,13108,江東区,35.696875000000006,139.8390625,2245,1369,671,381,317
5339463732,13108,江東区,35.696875000000006,139.84218750000002,1568,1130,433,381,316
5339463733,13108,江東区,35.69895833333334,139.8390625,1418,1158,461,381,316
5339463734,13108,江東区,35.69895833333334,139.84218750000002,1784,1270,572,382,316
5339463741,13108,江東区,35.696875000000006,139.8453125,1953,763,428,215,120
5339463742,13123,江戸川区,35.696875000000006,139.84843750000002,781,607,271,215,121
5339463743,13123,江戸川区,35.69895833333334,139.8453125,1169,770,436,215,119
5339463744,13123,江戸川区,35.69895833333334,139.84843750000002,1835,771,437,214,120
5339463811,13123,江戸川区,35.692708333333336,139.8515625,0,12,0,12,0
5339463812,13123,江戸川区,35.692708333333336,139.8546875,0,13,0,13,0
5339463813,13123,江戸川区,35.69479166666667,139.8515625,1031,332,321,11,0
5339463814,13123,江戸川区,35.69479166666667,139.8546875,256,126,114,12,0
5339463821,13123,江戸川区,35.692708333333336,139.8578125,0,84,0,84,0
5339463822,13123,江戸川区,35.692708333333336,139.8609375,120,129,45,84,0
5339463823,13123,江戸川区,35.69479166666667,139.8578125,0,84,0,84,0
5339463824,13123,江戸川区,35.69479166666667,139.8609375,111,121,36,85,0
5339463831,13123,江戸川区,35.696875000000006,139.8515625,1058,771,422,157,192
5339463832,13123,江戸川区,35.696875000000006,139.8546875,471,482,134,157,191
5339463833,13123,江戸川区,35.69895833333334,139.8515625,2304,927,581,156,190
5339463834,13123,江戸川区,35.69895833333334,139.8546875,400,539,191,157,191
5339463841,13123,江戸川区,35.696875000000006,139.8578125,0,13,0,13,0
5339463842,13123,江戸川区,35.696875000000006,139.8609375,202,80,68,12,0
5339463843,13123,江戸川区,35.69895833333334,139.8578125,0,12,0,12,0
5339463844,13123,江戸川区,35.69895833333334,139.8609375,265,99,87,12,0
5339463911,13123,江戸川区,35.692708333333336,139.86406250000002,1026,748,326,276,146
5339463912,13123,江戸川区,35.692708333333336,139.86718750000003,1471,899,478,275,146
5339463913,13123,江戸川区,35.69479166666667,139.86406250000002,818,744,324,275,145
5339463914,13123,江戸川区,35.69479166666667,139.86718750000003,1465,862,441,275,146
5339463921,13123,江戸川区,35.692708333333336,139.8703125,1353,778,328,450,0
5339463922,13123,江戸川区,35.692708333333336,139.87343750000002,946,677,228,449,0
5339463923,13123,江戸川区,35.69479166666667,139.8703125,1086,756,307,449,0
5339463924,13123,江戸川区,35.69479166666667,139.87343750000002,1177,896,447,449,0
5339463931,13123,江戸川区,35.696875000000006,139.86406250000002,1027,630,332,298,0
5339463932,13123,江戸川区,35.696875000000006,139.86718750000003,943,557,259,298,0
5339463933,13123,江戸川区,35.69895833333334,139.86406250000002,619,582,285,297,0
5339463934,13123,江戸川区,35.69895833333334,139.86718750000003,619,536,238,298,0
5339463941,13123,江戸川区,35.696875000000006,139.8703125,696,897,234,517,146
5339463942,13123,江戸川区,35.696875000000006,139.87343750000002,1118,1020,357,517,146
5339463943,13123,江戸川区,35.69895833333334,139.8703125,626,857,196,516,145
5339463944,13123,江戸川区,35.69895833333334,139.87343750000002,749,888,224,517,147
5339464011,13101,千代田区,35.70104166666667,139.7515625,299,7533,69,5699,1765
5339464012,13101,千代田区,35.70104166666667,139.75468750000002,225,7504,41,5698,1765
5339464013,13105,文京区,35.703125,139.7515625,210,7523,60,5698,1765
5339464014,13105,文京区,35.703125,139.75468750000002,194,7529,65,5698,1766
5339464021,13101,千代田区,35.70104166666667,139.7578125,548,7966,97,4564,3305
5339464022,13101,千代田区,35.70104166666667,139.7609375,207,7883,15,4563,3305
5339464023,13105,文京区,35.703125,139.7578125,788,8058,190,4563,3305
5339464024,13105,文京区,35.703125,139.7609375,253,7957,87,4564,3306
5339464031,13105,文京区,35.70520833333334,139.7515625,0,2722,0,2722,0
5339464032,13105,文京区,35.70520833333334,139.75468750000002,649,2854,132,2722,0
5339464033,13105,文京区,35.70729166666667,139.7515625,30,2745,23,2722,0
5339464034,13105,文京区,35.70729166666667,139.75468750000002,1876,3261,539,2722,0
5339464041,13105,文京区,35.70520833333334,139.7578125,2171,5080,615,3485,980
5339464042,13105,文京区,35.70520833333334,139.7609375,1391,4732,268,3485,979
5339464043,13105,文京区,35.70729166666667,139.7578125,1408,4800,336,3485,979
5339464044,13105,文京区,35.70729166666667,139.7609375,566,4592,127,3485,980
5339464111,13105,文京区,35.70104166666667,139.7640625,0,8431,0,6302,2129
5339464112,13105,文京区,35.70104166666667,139.7671875,822,8614,186,6300,2128
5339464113,13105,文京区,35.703125,139.7640625,1080,8709,280,6301,2128
5339464114,13105,文京区,35.703125,139.7671875,1612,8773,342,6302,2129
5339464121,13101,千代田区,35.70104166666667,139.7703125,465,14276,94,14077,105
5339464122,13101,千代田区,35.70104166666667,139.7734375,831,14407,227,14076,104
5339464123,13101,千代田区,35.703125,139.7703125,717,14373,192,14076,105
5339464124,13106,台東区,35.703125,139.7734375,610,14313,132,14077,104
5339464131,13105,文京区,35.70520833333334,139.7640625,1485,4397,341,3327,729
5339464132,13105,文京区,35.70520833333334,139.7671875,1629,4425,368,3328,729
5339464133,13105,文京区,35.70729166666667,139.7640625,1182,4353,297,3328,728
5339464134,13105,文京区,35.70729166666667,139.7671875,1176,4425,368,3328,729
5339464141,13101,千代田区,35.70520833333334,139.7703125,1214,6453,255,6100,98
5339464142,13106,台東区,35.70520833333334,139.7734375,572,6325,129,6099,97
5339464143,13106,台東区,35.70729166666667,139.7703125,868,6398,202,6099,97
5339464144,13106,台東区,35.70729166666667,139.7734375,24,6205,7,6100,98
5339464211,13106,台東区,35.70104166666667,139.7765625,804,6452,205,6247,0
5339464212,13106,台東区,35.70104166666667,139.77968750000002,1355,6590,343,6247,0
5339464213,13106,台東区,35.703125,139.7765625,759,6385,139,6246,0
5339464214,13106,台東区,35.703125,139.77968750000002,1630,6665,418,6247,0
5339464221,13106,台東区,35.70104166666667,139.7828125,1321,3017,371,2369,277
5339464222,13106,台東区,35.70104166666667,139.78593750000002,1631,3007,363,2368,276
5339464223,13106,台東区,35.703125,139.7828125,2218,3245,600,2368,277
5339464224,13106,台東区,35.703125,139.78593750000002,2195,3197,552,2368,277
5339464231,13106,台東区,35.70520833333334,139.7765625,856,4973,216,4578,179
5339464232,13106,台東区,35.70520833333334,139.77968750000002,1518,5183,427,4578,178
5339464233,13106,台東区,35.70729166666667,139.7765625,216,4802,45,4578,179
5339464234,13106,台東区,35.70729166666667,139.77968750000002,997,4948,191,4578,179
5339464241,13106,台東区,35.70520833333334,139.7828125,1694,2369,435,1759,175
5339464242,13106,台東区,35.70520833333334,139.78593750000002,2140,2405,471,1759,175
5339464243,13106,台東区,35.70729166666667,139.7828125,1111,2204,271,1759,174
5339464244,13106,台東区,35.70729166666667,139.78593750000002,2178,2453,520,1758,175
5339464311,13106,台東区,35.70104166666667,139.7890625,873,1817,165,1472,180
5339464312,13106,台東区,35.70104166666667,139.7921875,258,1708,59,1471,178
5339464313,13106,台東区,35.703125,139.7890625,1260,1937,287,1471,179
5339464314,13106,台東区,35.703125,139.7921875,1062,1874,225,1471,178
5339464321,13107,墨田区,35.70104166666667,139.7953125,1227,1569,457,1112,0
5339464322,13107,墨田区,35.70104166666667,139.7984375,1608,1498,385,1113,0
5339464323,13107,墨田区,35.703125,139.7953125,542,1246,135,1111,0
5339464324,13107,墨田区,35.703125,139.7984375,1299,1406,293,1113,0
5339464331,13106,台東区,35.70520833333334,139.7890625,2042,2832,467,2080,285
5339464332,13106,台東区,35.70520833333334,139.7921875,1975,2849,485,2079,285
5339464333,13106,台東区,35.70729166666667,139.7890625,1548,2760,397,2078,285
5339464334,13106,台東区,35.70729166666667,139.7921875,2181,2904,540,2079,285
5339464341,13106,台東区,35.70520833333334,139.7953125,542,1507,122,1385,0
5339464342,13107,墨田区,35.70520833333334,139.7984375,1153,1683,300,1383,0
5339464343,13106,台東区,35.70729166666667,139.7953125,894,1617,233,1384,0
5339464344,13107,墨田区,35.70729166666667,139.7984375,840,1558,174,1384,0
5339464411,13107,墨田区,35.70104166666667,139.80156250000002,1942,1317,484,703,130
5339464412,13107,墨田区,35.70104166666667,139.80468750000003,1888,1272,440,702,130
5339464413,13107,墨田区,35.703125,139.80156250000002,1439,1199,368,702,129
5339464414,13107,墨田区,35.703125,139.80468750000003,1418,1185,353,702,130
5339464421,13107,墨田区,35.70104166666667,139.8078125,1742,1476,444,911,121
5339464422,13107,墨田区,35.70104166666667,139.81093750000002,1560,1444,413,911,120
5339464423,13107,墨田区,35.703125,139.8078125,837,1250,219,910,121
5339464424,13107,墨田区,35.703125,139.81093750000002,1444,1385,353,911,121
5339464431,13107,墨田区,35.70520833333334,139.80156250000002,1301,1271,380,673,218
5339464432,13107,墨田区,35.70520833333334,139.80468750000003,1516,1299,411,671,217
5339464433,13107,墨田区,35.70729166666667,139.80156250000002,1387,1271,384,671,216
5339464434,13107,墨田区,35.70729166666667,139.80468750000003,1651,1303,415,671,217
5339464441,13107,墨田区,35.70520833333334,139.8078125,1662,1068,373,572,123
5339464442,13107,墨田区,35.70520833333334,139.81093750000002,704,852,156,572,124
5339464443,13107,墨田区,35.70729166666667,139.8078125,1473,1107,412,572,123
5339464444,13107,墨田区,35.70729166666667,139.81093750000002,1376,1082,386,572,124
5339464511,13107,墨田区,35.70104166666667,139.8140625,1478,2960,376,2428,156
5339464512,13107,墨田区,35.70104166666667,139.81718750000002,2708,3425,840,2428,157
5339464513,13107,墨田区,35.703125,139.8140625,1614,2993,411,2426,156
5339464514,13107,墨田区,35.703125,139.81718750000002,1996,3196,611,2428,157
5339464521,13108,江東区,35.70104166666667,139.8203125,1397,1122,449,673,0
5339464522,13108,江東区,35.70104166666667,139.8234375,2250,1258,586,672,0
5339464523,13108,江東区,35.703125,139.8203125,1015,942,271,671,0
5339464524,13108,江東区,35.703125,139.8234375,1093,997,325,672,0
5339464531,13107,墨田区,35.70520833333334,139.8140625,1667,1301,416,875,10
5339464532,13107,墨田区,35.70520833333334,139.81718750000002,2013,1602,718,874,10
5339464533,13107,墨田区,35.70729166666667,139.8140625,1820,1303,419,874,10
5339464534,13107,墨田区,35.70729166666667,139.81718750000002,2349,1524,640,874,10
5339464541,13108,江東区,35.70520833333334,139.8203125,1754,784,458,326,0
5339464542,13108,江東区,35.70520833333334,139.8234375,1479,730,404,326,0
5339464543,13108,江東区,35.70729166666667,139.8203125,1024,915,589,326,0
5339464544,13107,墨田区,35.70729166666667,139.8234375,1538,814,488,326,0
5339464611,13108,江東区,35.70104166666667,139.8265625,1274,1057,257,549,251
5339464612,13108,江東区,35.70104166666667,139.8296875,1477,1190,392,548,250
5339464613,13108,江東区,35.703125,139.8265625,988,1031,234,548,249
5339464614,13108,江東区,35.703125,139.8296875,944,1055,256,549,250
5339464621,13108,江東区,35.70104166666667,139.8328125,1386,670,350,222,98
5339464622,13108,江東区,35.70104166666667,139.8359375,418,458,138,221,99
5339464623,13107,墨田区,35.703125,139.8328125,1361,678,358,222,98
5339464624,13123,江戸川区,35.703125,139.8359375,94,350,30,222,98
5339464631,13107,墨田区,35.70520833333334,139.8265625,1318,1518,320,1116,82
5339464632,13107,墨田区,35.70520833333334,139.8296875,2611,2469,1273,1115,81
5339464633,13107,墨田区,35.70729166666667,139.8265625,775,1401,206,1115,80
5339464634,13107,墨田区,35.70729166666667,139.8296875,1010,1564,368,1115,81
5339464641,13107,墨田区,35.70520833333334,139.8328125,1446,851,558,293,0
5339464642,13123,江戸川区,35.70520833333334,139.8359375,660,561,268,293,0
5339464643,13107,墨田区,35.70729166666667,139.8328125,1291,666,373,293,0
5339464644,13107,墨田区,35.70729166666667,139.8359375,620,481,188,293,0
5339464711,13108,江東区,35.70104166666667,139.8390625,774,569,240,234,95
5339464712,13123,江戸川区,35.70104166666667,139.84218750000002,1228,630,302,234,94
5339464713,13123,江戸川区,35.703125,139.8390625,1405,1078,751,234,93
5339464714,13123,江戸川区,35.703125,139.84218750000002,1164,714,386,233,95
5339464721,13123,江戸川区,35.70104166666667,139.8453125,1289,860,419,344,97
5339464722,13123,江戸川区,35.70104166666667,139.84843750000002,1148,773,334,342,97
5339464723,13123,江戸川区,35.703125,139.8453125,1069,753,313,342,98
5339464724,13123,江戸川区,35.703125,139.84843750000002,832,706,266,343,97
5339464731,13123,江戸川区,35.70520833333334,139.8390625,782,1055,204,727,124
5339464732,13123,江戸川区,35.70520833333334,139.84218750000002,1529,1303,451,727,125
5339464733,13123,江戸川区,35.70729166666667,139.8390625,1005,1149,299,726,124
5339464734,13123,江戸川区,35.70729166666667,139.84218750000002,999,1105,253,727,125
5339464741,13123,江戸川区,35.70520833333334,139.8453125,1098,840,309,388,143
5339464742,13123,江戸川区,35.70520833333334,139.84843750000002,1122,851,321,387,143
5339464743,13123,江戸川区,35.70729166666667,139.8453125,1480,995,466,387,142
5339464744,13123,江戸川区,35.70729166666667,139.84843750000002,2327,1249,719,387,143
5339464811,13123,江戸川区,35.70104166666667,139.8515625,1136,679,409,107,163
5339464812,13123,江戸川区,35.70104166666667,139.8546875,17,272,3,106,163
5339464813,13123,江戸川区,35.703125,139.8515625,421,402,135,106,161
5339464814,13123,江戸川区,35.703125,139.8546875,0,270,0,107,163
5339464821,13123,江戸川区,35.70104166666667,139.8578125,0,40,0,40,0
5339464822,13123,江戸川区,35.70104166666667,139.8609375,440,147,108,39,0
5339464823,13123,江戸川区,35.703125,139.8578125,0,39,0,39,0
5339464824,13123,江戸川区,35.703125,139.8609375,658,235,195,40,0
5339464831,13123,江戸川区,35.70520833333334,139.8515625,611,236,177,59,0
5339464832,13123,江戸川区,35.70520833333334,139.8546875,0,58,0,58,0
5339464833,13123,江戸川区,35.70729166666667,139.8515625,28,65,7,58,0
5339464834,13123,江戸川区,35.70729166666667,139.8546875,0,58,0,58,0
5339464841,13123,江戸川区,35.70520833333334,139.8578125,0,277,0,76,201
5339464842,13123,江戸川区,35.70520833333334,139.8609375,693,479,202,76,201
5339464843,13123,江戸川区,35.70729166666667,139.8578125,129,327,51,75,201
5339464844,13123,江戸川区,35.70729166666667,139.8609375,878,555,279,75,201
5339464911,13123,江戸川区,35.70104166666667,139.86406250000002,1183,1008,476,532,0
5339464912,13123,江戸川区,35.70104166666667,139.86718750000003,1061,877,346,531,0
5339464913,13123,江戸川区,35.703125,139.86406250000002,695,732,202,530,0
5339464914,13123,江戸川区,35.703125,139.86718750000003,951,845,314,531,0
5339464921,13123,江戸川区,35.70104166666667,139.8703125,822,667,228,439,0
5339464922,13123,江戸川区,35.70104166666667,139.87343750000002,1274,806,367,439,0
5339464923,13123,江戸川区,35.703125,139.8703125,823,687,249,438,0
5339464924,13123,江戸川区,35.703125,139.87343750000002,1254,891,452,439,0
5339464931,13123,江戸川区,35.70520833333334,139.86406250000002,1056,1621,324,1086,211
5339464932,13123,江戸川区,35.70520833333334,139.86718750000003,928,1611,314,1086,211
5339464933,13123,江戸川区,35.70729166666667,139.86406250000002,1103,1635,341,1085,209
5339464934,13123,江戸川区,35.70729166666667,139.86718750000003,557,1464,166,1087,211
5339464941,13123,江戸川区,35.70520833333334,139.8703125,1152,871,327,427,117
5339464942,13123,江戸川区,35.70520833333334,139.87343750000002,906,800,256,427,117
5339464943,13123,江戸川区,35.70729166666667,139.8703125,743,849,307,426,116
5339464944,13123,江戸川区,35.70729166666667,139.87343750000002,1133,959,414,428,117
5339465011,13105,文京区,35.709375,139.7515625,1148,3978,286,3055,637
5339465012,13105,文京区,35.709375,139.75468750000002,1350,4140,451,3053,636
5339465013,13105,文京区,35.71145833333333,139.7515625,2589,4448,758,3054,636
5339465014,13105,文京区,35.71145833333333,139.75468750000002,1881,4175,484,3054,637
5339465021,13105,文京区,35.709375,139.7578125,1938,5479,474,2862,2143
5339465022,13105,文京区,35.709375,139.7609375,566,5122,120,2860,2142
5339465023,13105,文京区,35.71145833333333,139.7578125,1523,5398,396,2860,2142
5339465024,13105,文京区,35.71145833333333,139.7609375,263,5067,63,2861,2143
5339465031,13105,文京区,35.71354166666667,139.7515625,2850,1784,822,884,78
5339465032,13105,文京区,35.71354166666667,139.75468750000002,982,1219,258,883,78
5339465033,13105,文京区,35.715625,139.7515625,1664,1388,428,882,78
5339465034,13105,文京区,35.715625,139.75468750000002,1158,1318,356,884,78
5339465041,13105,文京区,35.71354166666667,139.7578125,1518,2675,432,569,1674
5339465042,13105,文京区,35.71354166666667,139.7609375,0,2243,0,569,1674
5339465043,13105,文京区,35.715625,139.7578125,1286,2587,345,569,1673
5339465044,13105,文京区,35.715625,139.7609375,100,2261,17,569,1675
5339465111,13105,文京区,35.709375,139.7640625,731,2187,266,1921,0
5339465112,13106,台東区,35.709375,139.7671875,792,2156,236,1920,0
5339465113,13105,文京区,35.71145833333333,139.7640625,0,1921,0,1921,0
5339465114,13105,文京区,35.71145833333333,139.7671875,1564,2329,409,1920,0
5339465121,13106,台東区,35.709375,139.7703125,188,1912,48,1864,0
5339465122,13106,台東区,35.709375,139.7734375,34,1867,4,1863,0
5339465123,13106,台東区,35.71145833333333,139.7703125,0,1863,0,1863,0
5339465124,13106,台東区,35.71145833333333,139.7734375,10,1867,3,1864,0
5339465131,13105,文京区,35.71354166666667,139.7640625,167,667,42,557,68
5339465132,13106,台東区,35.71354166666667,139.7671875,1630,1066,441,557,68
5339465133,13105,文京区,35.715625,139.7640625,576,778,155,556,67
5339465134,13106,台東区,35.715625,139.7671875,1479,1074,448,557,69
5339465141,13106,台東区,35.71354166666667,139.7703125,0,215,0,215,0
5339465142,13106,台東区,35.71354166666667,139.7734375,0,215,0,215,0
5339465143,13106,台東区,35.715625,139.7703125,277,308,93,215,0
5339465144,13106,台東区,35.715625,139.7734375,0,214,0,214,0
5339465211,13106,台東区,35.709375,139.7765625,226,6311,49,6262,0
5339465212,13106,台東区,35.709375,139.77968750000002,820,6452,192,6260,0
5339465213,13106,台東区,35.71145833333333,139.7765625,74,6277,16,6261,0
5339465214,13106,台東区,35.71145833333333,139.77968750000002,773,6547,286,6261,0
5339465221,13106,台東区,35.709375,139.7828125,1156,2796,301,2440,55
5339465222,13106,台東区,35.709375,139.78593750000002,1688,2876,382,2439,55
5339465223,13106,台東区,35.71145833333333,139.7828125,1013,2756,262,2439,55
5339465224,13106,台東区,35.71145833333333,139.78593750000002,964,2720,225,2440,55
5339465231,13106,台東区,35.71354166666667,139.7765625,43,3058,16,2642,400
5339465232,13106,台東区,35.71354166666667,139.77968750000002,753,3233,194,2640,399
5339465233,13106,台東区,35.715625,139.7765625,0,3040,0,2641,399
5339465234,13106,台東区,35.715625,139.77968750000002,748,3218,176,2642,400
5339465241,13106,台東区,35.71354166666667,139.7828125,1598,2347,411,1449,487
5339465242,13106,台東区,35.71354166666667,139.78593750000002,1334,2303,367,1449,487
5339465243,13106,台東区,35.715625,139.7828125,1567,2314,379,1449,486
5339465244,13106,台東区,35.715625,139.78593750000002,2128,2466,528,1450,488
5339465311,13106,台東区,35.709375,139.7890625,1407,2156,361,1711,84
5339465312,13106,台東区,35.709375,139.7921875,1290,2200,404,1712,84
5339465313,13106,台東区,35.71145833333333,139.7890625,1054,2043,248,1710,85
5339465314,13106,台東区,35.71145833333333,139.7921875,1071,2082,286,1712,84
5339465321,13106,台東区,35.709375,139.7953125,1647,2550,417,2133,0
5339465322,13107,墨田区,35.709375,139.7984375,302,2212,79,2133,0
5339465323,13106,台東区,35.71145833333333,139.7953125,795,2303,171,2132,0
5339465324,13106,台東区,35.71145833333333,139.7984375,316,2193,60,2133,0
5339465331,13106,台東区,35.71354166666667,139.7890625,1199,1624,305,1319,0
5339465332,13106,台東区,35.71354166666667,139.7921875,934,1550,232,1318,0
5339465333,13106,台東区,35.715625,139.7890625,2634,2088,769,1319,0
5339465334,13106,台東区,35.715625,139.7921875,1038,1573,255,1318,0
5339465341,13106,台東区,35.71354166666667,139.7953125,244,1034,56,897,81
5339465342,13106,台東区,35.71354166666667,139.7984375,765,1161,182,897,82
5339465343,13106,台東区,35.715625,139.7953125,837,1251,275,896,80
5339465344,13106,台東区,35.715625,139.7984375,1184,1344,366,897,81
5339465411,13107,墨田区,35.709375,139.80156250000002,1703,2012,468,1544,0
5339465412,13107,墨田区,35.709375,139.80468750000003,1052,1832,289,1543,0
5339465413,13107,墨田区,35.71145833333333,139.80156250000002,162,1582,39,1543,0
5339465414,13107,墨田区,35.71145833333333,139.80468750000003,1015,1838,294,1544,0
5339465421,13107,墨田区,35.709375,139.8078125,925,1977,255,1722,0
5339465422,13107,墨田区,35.709375,139.81093750000002,982,1926,205,1721,0
5339465423,13107,墨田区,35.71145833333333,139.8078125,1470,2136,415,1721,0
5339465424,13107,墨田区,35.71145833333333,139.81093750000002,1191,2087,366,1721,0
5339465431,13106,台東区,35.71354166666667,139.80156250000002,467,560,108,364,88
5339465432,13107,墨田区,35.71354166666667,139.80468750000003,446,569,118,363,88
5339465433,13106,台東区,35.715625,139.80156250000002,1228,735,286,362,87
5339465434,13106,台東区,35.715625,139.80468750000003,0,450,0,363,87
5339465441,13107,墨田区,35.71354166666667,139.8078125,2113,1438,658,561,219
5339465442,13107,墨田区,35.71354166666667,139.81093750000002,1698,1253,474,560,219
5339465443,13107,墨田区,35.715625,139.8078125,1482,1104,326,560,218
5339465444,13107,墨田区,35.715625,139.81093750000002,1779,1204,425,560,219
5339465511,13107,墨田区,35.709375,139.8140625,831,1913,154,1759,0
5339465512,13107,墨田区,35.709375,139.81718750000002,1092,2037,279,1758,0
5339465513,13107,墨田区,35.71145833333333,139.8140625,740,1959,201,1758,0
5339465514,13107,墨田区,35.71145833333333,139.81718750000002,1290,2140,382,1758,0
5339465521,13107,墨田区,35.709375,139.8203125,1405,1057,528,279,250
5339465522,13107,墨田区,35.709375,139.8234375,1074,1014,485,279,250
5339465523,13107,墨田区,35.71145833333333,139.8203125,1290,938,410,279,249
5339465524,13107,墨田区,35.71145833333333,139.8234375,588,740,212,279,249
5339465531,13107,墨田区,35.71354166666667,139.8140625,1216,729,387,342,0
5339465532,13107,墨田区,35.71354166666667,139.81718750000002,1469,786,445,341,0
5339465533,13107,墨田区,35.715625,139.8140625,1481,831,490,341,0
5339465534,13107,墨田区,35.715625,139.81718750000002,2604,1133,791,342,0
5339465541,13107,墨田区,35.71354166666667,139.8203125,1242,799,440,287,72
5339465542,13107,墨田区,35.71354166666667,139.8234375,1321,820,464,285,71
5339465543,13107,墨田区,35.715625,139.8203125,1598,857,500,286,71
5339465544,13107,墨田区,35.715625,139.8234375,1513,809,451,287,71
5339465611,13107,墨田区,35.709375,139.8265625,1401,940,432,508,0
5339465612,13107,墨田区,35.709375,139.8296875,1156,880,373,507,0
5339465613,13107,墨田区,35.71145833333333,139.8265625,2415,1123,617,506,0
5339465614,13107,墨田区,35.71145833333333,139.8296875,1336,862,355,507,0
5339465621,13107,墨田区,35.709375,139.8328125,1052,1071,315,325,431
5339465622,13107,墨田区,35.709375,139.8359375,1287,1143,389,324,430
5339465623,13107,墨田区,35.71145833333333,139.8328125,1121,1102,348,324,430
5339465624,13107,墨田区,35.71145833333333,139.8359375,789,1128,373,325,430
5339465631,13107,墨田区,35.71354166666667,139.8265625,1209,966,343,535,88
5339465632,13107,墨田区,35.71354166666667,139.8296875,1130,875,254,534,87
5339465633,13107,墨田区,35.715625,139.8265625,1209,992,371,533,88
5339465634,13107,墨田区,35.715625,139.8296875,621,773,151,535,87
5339465641,13107,墨田区,35.71354166666667,139.8328125,1255,893,439,360,94
5339465642,13123,江戸川区,35.71354166666667,139.8359375,887,809,354,360,95
5339465643,13107,墨田区,35.715625,139.8328125,819,650,198,359,93
5339465644,13123,江戸川区,35.715625,139.8359375,1570,846,392,360,94
5339465711,13107,墨田区,35.709375,139.8390625,638,596,202,273,121
5339465712,13123,江戸川区,35.709375,139.84218750000002,1304,774,382,272,120
5339465713,13123,江戸川区,35.71145833333333,139.8390625,542,561,170,272,119
5339465714,13123,江戸川区,35.71145833333333,139.84218750000002,1157,686,293,272,121
5339465721,13123,江戸川区,35.709375,139.8453125,1498,689,488,75,126
5339465722,13123,江戸川区,35.709375,139.84843750000002,509,378,177,74,127
5339465723,13123,江戸川区,35.71145833333333,139.8453125,976,508,308,74,126
5339465724,13123,江戸川区,35.71145833333333,139.84843750000002,16,207,6,74,127
5339465731,13123,江戸川区,35.71354166666667,139.8390625,1157,674,393,197,84
5339465732,13123,江戸川区,35.71354166666667,139.84218750000002,1110,684,403,197,84
5339465733,13123,江戸川区,35.715625,139.8390625,1059,591,312,195,84
5339465734,13123,江戸川区,35.715625,139.84218750000002,866,520,238,197,85
5339465741,13123,江戸川区,35.71354166666667,139.8453125,150,63,46,17,0
5339465742,13123,江戸川区,35.71354166666667,139.84843750000002,0,17,0,17,0
5339465743,13123,江戸川区,35.715625,139.8453125,0,16,0,16,0
5339465744,13122,葛飾区,35.715625,139.84843750000002,9,26,9,17,0
5339465811,13123,江戸川区,35.709375,139.8515625,0,6,0,6,0
5339465812,13123,江戸川区,35.709375,139.8546875,0,6,0,6,0
5339465813,13122,葛飾区,35.71145833333333,139.8515625,0,5,0,5,0
5339465814,13123,江戸川区,35.71145833333333,139.8546875,173,63,57,6,0
5339465821,13123,江戸川区,35.709375,139.8578125,949,796,282,204,310
5339465822,13123,江戸川区,35.709375,139.8609375,1384,988,476,203,309
5339465823,13123,江戸川区,35.71145833333333,139.8578125,1192,882,371,202,309
5339465824,13123,江戸川区,35.71145833333333,139.8609375,1179,873,360,203,310
5339465831,13122,葛飾区,35.71354166666667,139.8515625,0,40,0,40,0
5339465832,13122,葛飾区,35.71354166666667,139.8546875,890,344,304,40,0
5339465833,13122,葛飾区,35.715625,139.8515625,316,163,123,40,0
5339465834,13122,葛飾区,35.715625,139.8546875,690,394,354,40,0
5339465841,13123,江戸川区,35.71354166666667,139.8578125,1284,1733,392,1341,0
5339465842,13123,江戸川区,35.71354166666667,139.8609375,1328,1717,377,1340,0
5339465843,13122,葛飾区,35.715625,139.8578125,838,1595,254,1341,0
5339465844,13122,葛飾区,35.715625,139.8609375,908,1606,266,1340,0
5339465911,13123,江戸川区,35.709375,139.86406250000002,1203,1080,397,410,273
5339465912,13123,江戸川区,35.709375,139.86718750000003,856,955,273,411,271
5339465913,13123,江戸川区,35.71145833333333,139.86406250000002,1016,959,278,409,272
5339465914,13123,江戸川区,35.71145833333333,139.86718750000003,1128,1008,325,410,273
5339465921,13123,江戸川区,35.709375,139.8703125,1247,1028,370,507,151
5339465922,13123,江戸川区,35.709375,139.87343750000002,841,839,182,507,150
5339465923,13123,江戸川区,35.71145833333333,139.8703125,725,845,189,505,151
5339465924,13123,江戸川区,35.71145833333333,139.87343750000002,404,761,104,507,150
5339465931,13122,葛飾区,35.71354166666667,139.86406250000002,1305,642,372,189,81
5339465932,13122,葛飾区,35.71354166666667,139.86718750000003,972,617,348,188,81
5339465933,13122,葛飾区,35.715625,139.86406250000002,1339,667,399,188,80
5339465934,13122,葛飾区,35.715625,139.86718750000003,1175,642,373,188,81
5339465941,13123,江戸川区,35.71354166666667,139.8703125,787,577,203,374,0
5339465942,13123,江戸川区,35.71354166666667,139.87343750000002,829,671,299,372,0
5339465943,13123,江戸川区,35.715625,139.8703125,1111,808,436,372,0
5339465944,13123,江戸川区,35.715625,139.87343750000002,1435,813,440,373,0
5339466011,13105,文京区,35.717708333333334,139.7515625,1628,1269,427,718,124
5339466012,13105,文京区,35.717708333333334,139.75468750000002,1309,1195,355,717,123
5339466013,13105,文京区,35.719791666666666,139.7515625,1942,1385,547,716,122
5339466014,13105,文京区,35.719791666666666,139.75468750000002,1889,1329,487,718,124
5339466021,13105,文京区,35.717708333333334,139.7578125,1144,2181,461,530,1190
5339466022,13105,文京区,35.717708333333334,139.7609375,117,1755,35,531,1189
5339466023,13105,文京区,35.719791666666666,139.7578125,1472,2126,407,530,1189
5339466024,13105,文京区,35.719791666666666,139.7609375,711,1914,195,531,1188
5339466031,13105,文京区,35.721875000000004,139.7515625,1414,3877,398,1162,2317
5339466032,13105,文京区,35.721875000000004,139.75468750000002,1051,3739,260,1163,2316
5339466033,13105,文京区,35.723958333333336,139.7515625,931,3745,267,1163,2315
5339466034,13105,文京区,35.723958333333336,139.75468750000002,1433,3819,340,1163,2316
5339466041,13105,文京区,35.721875000000004,139.7578125,690,2949,219,1208,1522
5339466042,13105,文京区,35.721875000000004,139.7609375,2024,3251,523,1207,1521
5339466043,13105,文京区,35.723958333333336,139.7578125,1180,3075,347,1207,1521
5339466044,13105,文京区,35.723958333333336,139.7609375,1414,3121,392,1208,1521
5339466111,13105,文京区,35.717708333333334,139.7640625,1665,1035,435,554,46
5339466112,13105,文京区,35.717708333333334,139.7671875,1868,1133,534,554,45
5339466113,13105,文京区,35.719791666666666,139.7640625,2186,1219,620,554,45
5339466114,13106,台東区,35.719791666666666,139.7671875,939,840,241,554,45
5339466121,13106,台東区,35.717708333333334,139.7703125,566,2470,171,412,1887
5339466122,13106,台東区,35.717708333333334,139.7734375,0,2298,0,412,1886
5339466123,13106,台東区,35.719791666666666,139.7703125,950,2582,284,411,1887
5339466124,13106,台東区,35.719791666666666,139.7734375,10,2302,4,411,1887
5339466131,13106,台東区,35.721875000000004,139.7640625,1668,878,440,350,88
5339466132,13106,台東区,35.721875000000004,139.7671875,489,586,150,349,87
5339466133,13105,文京区,35.723958333333336,139.7640625,1484,920,482,350,88
5339466134,13106,台東区,35.723958333333336,139.7671875,417,560,124,349,87
5339466141,13106,台東区,35.721875000000004,139.7703125,629,521,181,259,81
5339466142,13106,台東区,35.721875000000004,139.7734375,666,574,237,257,80
5339466143,13106,台東区,35.723958333333336,139.7703125,387,436,97,258,81
5339466144,13106,台東区,35.723958333333336,139.7734375,356,452,113,258,81
5339466211,13106,台東区,35.717708333333334,139.7765625,18,705,7,451,247
5339466212,13106,台東区,35.717708333333334,139.77968750000002,1051,1017,320,450,247
5339466213,13106,台東区,35.719791666666666,139.7765625,0,697,0,451,246
5339466214,13106,台東区,35.719791666666666,139.77968750000002,494,811,114,450,247
5339466221,13106,台東区,35.717708333333334,139.7828125,1403,1877,328,1466,83
5339466222,13106,台東区,35.717708333333334,139.78593750000002,1949,2069,520,1465,84
5339466223,13106,台東区,35.719791666666666,139.7828125,1380,1887,341,1464,82
5339466224,13106,台東区,35.719791666666666,139.78593750000002,2072,2102,553,1466,83
5339466231,13106,台東区,35.721875000000004,139.7765625,84,811,29,674,108
5339466232,13106,台東区,35.721875000000004,139.77968750000002,592,934,153,674,107
5339466233,13106,台東区,35.723958333333336,139.7765625,806,993,214,673,106
5339466234,13106,台東区,35.723958333333336,139.77968750000002,1157,1127,345,674,108
5339466241,13106,台東区,35.721875000000004,139.7828125,2084,1381,551,723,107
5339466242,13106,台東区,35.721875000000004,139.78593750000002,2055,1444,614,724,106
5339466243,13106,台東区,35.723958333333336,139.7828125,1421,1232,403,722,107
5339466244,13106,台東区,35.723958333333336,139.78593750000002,1559,1261,431,723,107
5339466311,13106,台東区,35.717708333333334,139.7890625,1493,1292,419,691,182
5339466312,13106,台東区,35.717708333333334,139.7921875,1884,1363,492,690,181
5339466313,13106,台東区,35.719791666666666,139.7890625,1721,1345,473,690,182
5339466314,13106,台東区,35.719791666666666,139.7921875,2236,1449,578,690,181
5339466321,13106,台東区,35.717708333333334,139.7953125,1777,1392,446,780,166
5339466322,13106,台東区,35.717708333333334,139.7984375,1426,1303,357,780,166
5339466323,13106,台東区,35.719791666666666,139.7953125,1182,1273,330,779,164
5339466324,13106,台東区,35.719791666666666,139.7984375,1491,1371,425,780,166
5339466331,13106,台東区,35.721875000000004,139.7890625,1898,1132,493,639,0
5339466332,13106,台東区,35.721875000000004,139.7921875,1660,1280,642,638,0
5339466333,13106,台東区,35.723958333333336,139.7890625,1910,1171,533,638,0
5339466334,13106,台東区,35.723958333333336,139.7921875,1584,1125,487,638,0
5339466341,13106,台東区,35.721875000000004,139.7953125,1162,1138,402,671,65
5339466342,13106,台東区,35.721875000000004,139.7984375,1614,1202,467,670,65
5339466343,13106,台東区,35.723958333333336,139.7953125,1152,1117,382,671,64
5339466344,13106,台東区,35.723958333333336,139.7984375,962,1038,302,671,65
5339466411,13106,台東区,35.717708333333334,139.80156250000002,1256,1011,338,479,194
5339466412,13106,台東区,35.717708333333334,139.80468750000003,167,715,42,479,194
5339466413,13106,台東区,35.719791666666666,139.80156250000002,1257,978,307,478,193
5339466414,13106,台東区,35.719791666666666,139.80468750000003,820,892,219,479,194
5339466421,13107,墨田区,35.717708333333334,139.8078125,145,364,48,164,152
5339466422,13107,墨田区,35.717708333333334,139.81093750000002,1549,700,387,163,150
5339466423,13106,台東区,35.719791666666666,139.8078125,11,313,0,163,150
5339466424,13107,墨田区,35.719791666666666,139.81093750000002,1370,730,416,163,151
5339466431,13106,台東区,35.721875000000004,139.80156250000002,1380,1083,400,595,88
5339466432,13106,台東区,35.721875000000004,139.80468750000003,1373,1055,373,594,88
5339466433,13106,台東区,35.723958333333336,139.80156250000002,1098,1010,329,594,87
5339466434,13106,台東区,35.723958333333336,139.80468750000003,1149,1079,398,594,87
5339466441,13106,台東区,35.721875000000004,139.8078125,522,555,180,375,0
5339466442,13107,墨田区,35.721875000000004,139.81093750000002,849,578,204,374,0
5339466443,13106,台東区,35.723958333333336,139.8078125,1282,841,466,375,0
5339466444,13107,墨田区,35.723958333333336,139.81093750000002,597,633,259,374,0
5339466511,13107,墨田区,35.717708333333334,139.8140625,1702,1377,481,896,0
5339466512,13107,墨田区,35.717708333333334,139.81718750000002,1002,1231,336,895,0
5339466513,13107,墨田区,35.719791666666666,139.8140625,1505,1368,473,895,0
5339466514,13107,墨田区,35.719791666666666,139.81718750000002,1591,1359,463,896,0
5339466521,13107,墨田区,35.717708333333334,139.8203125,1829,1354,606,555,193
5339466522,13107,墨田区,35.717708333333334,139.8234375,1433,1128,380,556,192
5339466523,13107,墨田区,35.719791666666666,139.8203125,1285,1192,443,556,193
5339466524,13107,墨田区,35.719791666666666,139.8234375,693,1019,270,556,193
5339466531,13107,墨田区,35.721875000000004,139.8140625,984,1146,352,391,403
5339466532,13107,墨田区,35.721875000000004,139.81718750000002,1392,1215,423,390,402
5339466533,13107,墨田区,35.723958333333336,139.8140625,1251,1189,395,391,403
5339466534,13107,墨田区,35.723958333333336,139.81718750000002,1228,1121,328,390,403
5339466541,13107,墨田区,35.721875000000004,139.8203125,1246,831,369,365,97
5339466542,13107,墨田区,35.721875000000004,139.8234375,1401,866,403,365,98
5339466543,13107,墨田区,35.723958333333336,139.8203125,1203,803,342,364,97
5339466544,13107,墨田区,35.723958333333336,139.8234375,1479,915,452,366,97
5339466611,13107,墨田区,35.717708333333334,139.8265625,1335,951,504,349,98
5339466612,13107,墨田区,35.717708333333334,139.8296875,551,612,167,348,97
5339466613,13107,墨田区,35.719791666666666,139.8265625,1241,843,398,348,97
5339466614,13107,墨田区,35.719791666666666,139.8296875,1450,890,445,348,97
5339466621,13107,墨田区,35.717708333333334,139.8328125,354,486,197,289,0
5339466622,13123,江戸川区,35.717708333333334,139.8359375,974,609,320,289,0
5339466623,13107,墨田区,35.719791666666666,139.8328125,172,327,39,288,0
5339466624,13107,墨田区,35.719791666666666,139.8359375,219,408,119,289,0
5339466631,13107,墨田区,35.721875000000004,139.8265625,1185,834,350,350,134
5339466632,13107,墨田区,35.721875000000004,139.8296875,1254,813,331,349,133
5339466633,13107,墨田区,35.723958333333336,139.8265625,1331,906,424,349,133
5339466634,13107,墨田区,35.723958333333336,139.8296875,1331,971,487,351,133
5339466641,13107,墨田区,35.721875000000004,139.8328125,337,417,209,208,0
5339466642,13107,墨田区,35.721875000000004,139.8359375,90,233,25,208,0
5339466643,13107,墨田区,35.723958333333336,139.8328125,362,320,112,208,0
5339466644,13107,墨田区,35.723958333333336,139.8359375,0,208,0,208,0
5339466711,13107,墨田区,35.717708333333334,139.8390625,245,110,63,47,0
5339466712,13123,江戸川区,35.717708333333334,139.84218750000002,0,47,0,47,0
5339466713,13107,墨田区,35.719791666666666,139.8390625,23,52,6,46,0
5339466714,13122,葛飾区,35.719791666666666,139.84218750000002,0,47,0,47,0
5339466721,13122,葛飾区,35.717708333333334,139.8453125,0,84,0,84,0
5339466722,13122,葛飾区,35.717708333333334,139.84843750000002,116,121,38,83,0
5339466723,13122,葛飾区,35.719791666666666,139.8453125,6,91,7,84,0
5339466724,13122,葛飾区,35.719791666666666,139.84843750000002,806,420,337,83,0
5339466731,13107,墨田区,35.721875000000004,139.8390625,0,11,0,11,0
5339466732,13122,葛飾区,35.721875000000004,139.84218750000002,0,10,0,10,0
5339466733,13122,葛飾区,35.723958333333336,139.8390625,0,10,0,10,0
5339466734,13122,葛飾区,35.723958333333336,139.84218750000002,27,14,4,10,0
5339466741,13122,葛飾区,35.721875000000004,139.8453125,747,676,448,228,0
5339466742,13122,葛飾区,35.721875000000004,139.84843750000002,989,612,384,228,0
5339466743,13122,葛飾区,35.723958333333336,139.8453125,977,654,428,226,0
5339466744,13122,葛飾区,35.723958333333336,139.84843750000002,1066,525,297,228,0
5339466811,13122,葛飾区,35.717708333333334,139.8515625,474,724,173,286,265
5339466812,13122,葛飾区,35.717708333333334,139.8546875,1615,1256,706,286,264
5339466813,13122,葛飾区,35.719791666666666,139.8515625,1036,863,313,286,264
5339466814,13122,葛飾区,35.719791666666666,139.8546875,1311,941,391,286,264
5339466821,13122,葛飾区,35.717708333333334,139.8578125,775,1131,234,703,194
5339466822,13122,葛飾区,35.717708333333334,139.8609375,1386,1280,383,703,194
5339466823,13122,葛飾区,35.719791666666666,139.8578125,2175,1513,615,704,194
5339466824,13122,葛飾区,35.719791666666666,139.8609375,908,1166,270,703,193
5339466831,13122,葛飾区,35.721875000000004,139.8515625,1346,1012,392,337,283
5339466832,13122,葛飾区,35.721875000000004,139.8546875,1310,982,364,336,282
5339466833,13122,葛飾区,35.723958333333336,139.8515625,827,902,284,336,282
5339466834,13122,葛飾区,35.723958333333336,139.8546875,1116,973,354,337,282
5339466841,13122,葛飾区,35.721875000000004,139.8578125,1342,929,426,379,124
5339466842,13122,葛飾区,35.721875000000004,139.8609375,1225,906,404,377,125
5339466843,13122,葛飾区,35.723958333333336,139.8578125,1663,984,483,377,124
5339466844,13122,葛飾区,35.723958333333336,139.8609375,1035,863,360,378,125
5339466911,13122,葛飾区,35.717708333333334,139.86406250000002,1295,855,407,190,258
5339466912,13123,江戸川区,35.717708333333334,139.86718750000003,1259,831,384,189,258
5339466913,13122,葛飾区,35.719791666666666,139.86406250000002,856,712,266,188,258
5339466914,13123,江戸川区,35.719791666666666,139.86718750000003,1133,820,371,190,259
5339466921,13123,江戸川区,35.717708333333334,139.8703125,1097,655,288,244,123
5339466922,13123,江戸川区,35.717708333333334,139.87343750000002,942,691,325,242,124
5339466923,13123,江戸川区,35.719791666666666,139.8703125,1001,672,307,243,122
5339466924,13123,江戸川区,35.719791666666666,139.87343750000002,892,722,355,244,123
5339466931,13122,葛飾区,35.721875000000004,139.86406250000002,549,424,251,173,0
5339466932,13122,葛飾区,35.721875000000004,139.86718750000003,846,440,268,172,0
5339466933,13122,葛飾区,35.723958333333336,139.86406250000002,1264,500,328,172,0
5339466934,13122,葛飾区,35.723958333333336,139.86718750000003,1355,495,323,172,0
5339466941,13123,江戸川区,35.721875000000004,139.8703125,387,665,129,158,378
5339466942,13123,江戸川区,35.721875000000004,139.87343750000002,785,751,219,156,376
5339466943,13123,江戸川区,35.723958333333336,139.8703125,1004,848,315,157,376
5339466944,13123,江戸川区,35.723958333333336,139.87343750000002,873,827,293,157,377
5339467011,13105,文京区,35.72604166666667,139.7515625,1526,630,399,231,0
5339467012,13105,文京区,35.72604166666667,139.75468750000002,1163,553,322,231,0
5339467013,13105,文京区,35.728125,139.7515625,1818,779,549,230,0
5339467014,13105,文京区,35.728125,139.75468750000002,662,427,197,230,0
5339467021,13105,文京区,35.72604166666667,139.7578125,1362,807,416,267,124
5339467022,13105,文京区,35.72604166666667,139.7609375,1433,868,479,267,122
5339467023,13105,文京区,35.728125,139.7578125,1396,792,402,267,123
5339467024,13105,文京区,35.728125,139.7609375,1402,758,368,267,123
5339467031,13105,文京区,35.73020833333334,139.7515625,1442,1340,424,803,113
5339467032,13105,文京区,35.73020833333334,139.75468750000002,807,1168,252,803,113
5339467033,13105,文京区,35.73229166666667,139.7515625,1873,1431,516,803,112
5339467034,13105,文京区,35.73229166666667,139.75468750000002,1918,1523,607,803,113
5339467041,13105,文京区,35.73020833333334,139.7578125,1227,817,352,465,0
5339467042,13105,文京区,35.73020833333334,139.7609375,1750,959,495,464,0
5339467043,13105,文京区,35.73229166666667,139.7578125,2733,1154,689,465,0
5339467044,13117,北区,35.73229166666667,139.7609375,1953,1024,560,464,0
5339467111,13105,文京区,35.72604166666667,139.7640625,1847,1011,480,531,0
5339467112,13106,台東区,35.72604166666667,139.7671875,770,762,231,531,0
5339467113,13105,文京区,35.728125,139.7640625,1996,1057,526,531,0
5339467114,13118,荒川区,35.728125,139.7671875,844,777,247,530,0
5339467121,13106,台東区,35.72604166666667,139.7703125,193,1334,55,1266,13
5339467122,13106,台東区,35.72604166666667,139.7734375,875,1544,265,1267,12
5339467123,13118,荒川区,35.728125,139.7703125,420,1396,118,1266,12
5339467124,13118,荒川区,35.728125,139.7734375,1687,1720,442,1266,12
5339467131,13106,台東区,35.73020833333334,139.7640625,1909,2390,570,1329,491
5339467132,13118,荒川区,35.73020833333334,139.7671875,403,1949,128,1329,492
5339467133,13118,荒川区,35.73229166666667,139.7640625,1019,2134,316,1328,490
5339467134,13118,荒川区,35.73229166666667,139.7671875,316,1923,103,1328,492
5339467141,13118,荒川区,35.73020833333334,139.7703125,2051,2623,528,1713,382
5339467142,13118,荒川区,35.73020833333334,139.7734375,1617,2517,422,1712,383
5339467143,13118,荒川区,35.73229166666667,139.7703125,1606,2486,392,1712,382
5339467144,13118,荒川区,35.73229166666667,139.7734375,1608,2485,390,1713,382
5339467211,13118,荒川区,35.72604166666667,139.7765625,1564,1805,452,999,354
5339467212,13118,荒川区,35.72604166666667,139.77968750000002,1183,1675,322,999,354
5339467213,13118,荒川区,35.728125,139.7765625,1581,1790,437,999,354
5339467214,13118,荒川区,35.728125,139.77968750000002,1382,1723,369,1000,354
5339467221,13106,台東区,35.72604166666667,139.7828125,1664,1357,463,662,232
5339467222,13106,台東区,35.72604166666667,139.78593750000002,1784,1351,456,662,233
5339467223,13118,荒川区,35.728125,139.7828125,1557,1364,471,661,232
5339467224,13118,荒川区,35.728125,139.78593750000002,1724,1399,504,662,233
5339467231,13118,荒川区,35.73020833333334,139.7765625,1674,1281,407,513,361
5339467232,13118,荒川区,35.73020833333334,139.77968750000002,1428,1259,385,513,361
5339467233,13118,荒川区,35.73229166666667,139.7765625,1477,1306,433,512,361
5339467234,13118,荒川区,35.73229166666667,139.77968750000002,2037,1526,652,513,361
5339467241,13118,荒川区,35.73020833333334,139.7828125,1237,846,332,455,59
5339467242,13118,荒川区,35.73020833333334,139.78593750000002,1461,924,412,454,58
5339467243,13118,荒川区,35.73229166666667,139.7828125,1616,933,423,453,57
5339467244,13118,荒川区,35.73229166666667,139.78593750000002,1521,987,474,455,58
5339467311,13106,台東区,35.72604166666667,139.7890625,2318,1524,575,884,65
5339467312,13106,台東区,35.72604166666667,139.7921875,1791,1437,488,884,65
5339467313,13106,台東区,35.728125,139.7890625,1753,1409,462,883,64
5339467314,13106,台東区,35.728125,139.7921875,1201,1290,341,884,65
5339467321,13106,台東区,35.72604166666667,139.7953125,1517,884,425,459,0
5339467322,13106,台東区,35.72604166666667,139.7984375,1435,1048,589,459,0
5339467323,13106,台東区,35.728125,139.7953125,1719,928,470,458,0
5339467324,13106,台東区,35.728125,139.7984375,1303,949,490,459,0
5339467331,13118,荒川区,35.73020833333334,139.7890625,1557,1337,530,674,133
5339467332,13106,台東区,35.73020833333334,139.7921875,1588,1242,435,674,133
5339467333,13118,荒川区,35.73229166666667,139.7890625,1556,1262,456,674,132
5339467334,13118,荒川区,35.73229166666667,139.7921875,1241,1171,363,674,134
5339467341,13118,荒川区,35.73020833333334,139.7953125,1222,1076,390,686,0
5339467342,13118,荒川区,35.73020833333334,139.7984375,1178,1079,394,685,0
5339467343,13118,荒川区,35.73229166666667,139.7953125,1401,1083,399,684,0
5339467344,13118,荒川区,35.73229166666667,139.7984375,862,924,239,685,0
5339467411,13106,台東区,35.72604166666667,139.80156250000002,1171,917,518,399,0
5339467412,13106,台東区,35.72604166666667,139.80468750000003,1175,789,392,397,0
5339467413,13106,台東区,35.728125,139.80156250000002,1889,1501,1104,397,0
5339467414,13106,台東区,35.728125,139.80468750000003,332,553,156,397,0
5339467421,13106,台東区,35.72604166666667,139.8078125,1593,1208,610,598,0
5339467422,13107,墨田区,35.72604166666667,139.81093750000002,763,803,206,597,0
5339467423,13106,台東区,35.728125,139.8078125,687,914,317,597,0
5339467424,13107,墨田区,35.728125,139.81093750000002,267,693,95,598,0
5339467431,13118,荒川区,35.73020833333334,139.80156250000002,858,1044,438,606,0
5339467432,13118,荒川区,35.73020833333334,139.80468750000003,325,736,130,606,0
5339467433,13118,荒川区,35.73229166666667,139.80156250000002,0,605,0,605,0
5339467434,13118,荒川区,35.73229166666667,139.80468750000003,92,629,23,606,0
5339467441,13118,荒川区,35.73020833333334,139.8078125,195,314,59,162,93
5339467442,13107,墨田区,35.73020833333334,139.81093750000002,0,252,0,160,92
5339467443,13118,荒川区,35.73229166666667,139.8078125,2448,878,624,161,93
5339467444,13118,荒川区,35.73229166666667,139.81093750000002,203,297,45,160,92
5339467511,13107,墨田区,35.72604166666667,139.8140625,940,592,295,297,0
5339467512,13107,墨田区,35.72604166666667,139.81718750000002,1164,643,347,296,0
5339467513,13107,墨田区,35.728125,139.8140625,1644,803,507,296,0
5339467514,13107,墨田区,35.728125,139.81718750000002,957,588,291,297,0
5339467521,13107,墨田区,35.72604166666667,139.8203125,1683,1125,473,490,162
5339467522,13107,墨田区,35.72604166666667,139.8234375,1457,1043,394,488,161
5339467523,13107,墨田区,35.728125,139.8203125,1857,1117,467,489,161
5339467524,13107,墨田区,35.728125,139.8234375,1531,1038,388,489,161
5339467531,13107,墨田区,35.73020833333334,139.8140625,1262,807,446,237,124
5339467532,13107,墨田区,35.73020833333334,139.81718750000002,1357,788,428,237,123
5339467533,13107,墨田区,35.73229166666667,139.8140625,840,708,349,237,122
5339467534,13107,墨田区,35.73229166666667,139.81718750000002,1084,669,307,238,124
5339467541,13107,墨田区,35.73020833333334,139.8203125,1300,782,438,344,0
5339467542,13107,墨田区,35.73020833333334,139.8234375,1539,812,468,344,0
5339467543,13107,墨田区,35.73229166666667,139.8203125,1252,707,363,344,0
5339467544,13107,墨田区,35.73229166666667,139.8234375,1283,798,454,344,0
5339467611,13107,墨田区,35.72604166666667,139.8265625,955,685,297,291,97
5339467612,13107,墨田区,35.72604166666667,139.8296875,1189,724,336,291,97
5339467613,13107,墨田区,35.728125,139.8265625,913,706,317,291,98
5339467614,13107,墨田区,35.728125,139.8296875,351,510,122,291,97
5339467621,13107,墨田区,35.72604166666667,139.8328125,132,34,31,3,0
5339467622,13122,葛飾区,35.72604166666667,139.8359375,0,2,0,2,0
5339467623,13107,墨田区,35.728125,139.8328125,0,2,0,2,0
5339467624,13122,葛飾区,35.728125,139.8359375,30,15,13,2,0
5339467631,13107,墨田区,35.73020833333334,139.8265625,1440,452,405,47,0
5339467632,13107,墨田区,35.73020833333334,139.8296875,0,47,0,47,0
5339467633,13107,墨田区,35.73229166666667,139.8265625,89,68,21,47,0
5339467634,13122,葛飾区,35.73229166666667,139.8296875,0,48,0,48,0
5339467641,13122,葛飾区,35.73020833333334,139.8328125,0,118,0,80,38
5339467642,13122,葛飾区,35.73020833333334,139.8359375,580,334,216,80,38
5339467643,13122,葛飾区,35.73229166666667,139.8328125,154,178,61,80,37
5339467644,13122,葛飾区,35.73229166666667,139.8359375,914,447,328,81,38
5339467711,13122,葛飾区,35.72604166666667,139.8390625,147,395,40,184,171
5339467712,13122,葛飾区,35.72604166666667,139.84218750000002,29,360,5,185,170
5339467713,13122,葛飾区,35.728125,139.8390625,732,614,262,183,169
5339467714,13122,葛飾区,35.728125,139.84218750000002,1266,755,400,185,170
5339467721,13122,葛飾区,35.72604166666667,139.8453125,616,382,227,155,0
5339467722,13122,葛飾区,35.72604166666667,139.84843750000002,867,434,281,153,0
5339467723,13122,葛飾区,35.728125,139.8453125,549,294,140,154,0
5339467724,13122,葛飾区,35.728125,139.84843750000002,754,387,233,154,0
5339467731,13122,葛飾区,35.73020833333334,139.8390625,1250,836,402,337,97
5339467732,13122,葛飾区,35.73020833333334,139.84218750000002,928,775,341,337,97
5339467733,13122,葛飾区,35.73229166666667,139.8390625,1239,836,402,337,97
5339467734,13122,葛飾区,35.73229166666667,139.84218750000002,1091,882,448,337,97
5339467741,13122,葛飾区,35.73020833333334,139.8453125,1961,1246,586,533,127
5339467742,13122,葛飾区,35.73020833333334,139.84843750000002,759,848,188,533,127
5339467743,13122,葛飾区,35.73229166666667,139.8453125,849,901,242,533,126
5339467744,13122,葛飾区,35.73229166666667,139.84843750000002,649,883,224,532,127
5339467811,13122,葛飾区,35.72604166666667,139.8515625,1021,514,321,193,0
5339467812,13122,葛飾区,35.72604166666667,139.8546875,1463,582,390,192,0
5339467813,13122,葛飾区,35.728125,139.8515625,826,444,253,191,0
5339467814,13122,葛飾区,35.728125,139.8546875,1181,547,354,193,0
5339467821,13122,葛飾区,35.72604166666667,139.8578125,960,669,288,251,130
5339467822,13122,葛飾区,35.72604166666667,139.8609375,812,648,268,251,129
5339467823,13122,葛飾区,35.728125,139.8578125,1105,754,374,250,130
5339467824,13122,葛飾区,35.728125,139.8609375,1062,759,379,251,129
5339467831,13122,葛飾区,35.73020833333334,139.8515625,350,327,121,104,102
5339467832,13122,葛飾区,35.73020833333334,139.8546875,213,261,57,103,101
5339467833,13122,葛飾区,35.73229166666667,139.8515625,1273,596,394,102,100
5339467834,13122,葛飾区,35.73229166666667,139.8546875,120,248,42,104,102
5339467841,13122,葛飾区,35.73020833333334,139.8578125,845,584,207,244,133
5339467842,13122,葛飾区,35.73020833333334,139.8609375,1040,707,329,245,133
5339467843,13122,葛飾区,35.73229166666667,139.8578125,238,465,89,244,132
5339467844,13122,葛飾区,35.73229166666667,139.8609375,898,657,279,245,133
5339467911,13122,葛飾区,35.72604166666667,139.86406250000002,751,516,259,257,0
5339467912,13122,葛飾区,35.72604166666667,139.86718750000003,1022,558,302,256,0
5339467913,13122,葛飾区,35.728125,139.86406250000002,341,375,119,256,0
5339467914,13122,葛飾区,35.728125,139.86718750000003,711,481,224,257,0
5339467921,13122,葛飾区,35.72604166666667,139.8703125,734,407,235,172,0
5339467922,13123,江戸川区,35.72604166666667,139.87343750000002,1006,493,323,170,0
5339467923,13123,江戸川区,35.728125,139.8703125,661,343,172,171,0
5339467924,13123,江戸川区,35.728125,139.87343750000002,617,388,217,171,0
5339467931,13122,葛飾区,35.73020833333334,139.86406250000002,424,679,156,523,0
5339467932,13122,葛飾区,35.73020833333334,139.86718750000003,930,800,278,522,0
5339467933,13122,葛飾区,35.73229166666667,139.86406250000002,937,1000,479,521,0
5339467934,13122,葛飾区,35.73229166666667,139.86718750000003,509,736,213,523,0
5339467941,13122,葛飾区,35.73020833333334,139.8703125,666,336,206,130,0
5339467942,13123,江戸川区,35.73020833333334,139.87343750000002,311,238,110,128,0
5339467943,13122,葛飾区,35.73229166666667,139.8703125,667,347,219,128,0
5339467944,13123,江戸川区,35.73229166666667,139.87343750000002,345,223,93,130,0
5339468011,13105,文京区,35.73437500000001,139.7515625,2024,1096,617,479,0
5339468012,13105,文京区,35.73437500000001,139.75468750000002,2143,1077,597,480,0
5339468013,13117,北区,35.73645833333334,139.7515625,1623,884,404,480,0
5339468014,13117,北区,35.73645833333334,139.75468750000002,1142,788,309,479,0
5339468021,13117,北区,35.73437500000001,139.7578125,1333,713,315,271,127
5339468022,13117,北区,35.73437500000001,139.7609375,1371,762,366,270,126
5339468023,13117,北区,35.73645833333334,139.7578125,979,718,321,270,127
5339468024,13117,北区,35.73645833333334,139.7609375,1113,702,305,271,126
5339468031,13117,北区,35.73854166666668,139.7515625,1168,1451,348,300,803
5339468032,13117,北区,35.73854166666668,139.75468750000002,912,1375,274,300,801
5339468033,13117,北区,35.74062500000001,139.7515625,665,1309,207,300,802
5339468034,13117,北区,35.74062500000001,139.75468750000002,1169,1448,346,300,802
5339468041,13117,北区,35.73854166666668,139.7578125,1119,2107,305,1685,117
5339468042,13117,北区,35.73854166666668,139.7609375,151,1824,22,1686,116
5339468043,13117,北区,35.74062500000001,139.7578125,333,1904,102,1685,117
5339468044,13117,北区,35.74062500000001,139.7609375,1091,2043,241,1686,116
5339468111,13117,北区,35.73437500000001,139.7640625,1132,1027,362,553,112
5339468112,13118,荒川区,35.73437500000001,139.7671875,860,883,218,553,112
5339468113,13117,北区,35.73645833333334,139.7640625,592,792,128,553,111
5339468114,13118,荒川区,35.73645833333334,139.7671875,1553,1064,397,554,113
5339468121,13118,荒川区,35.73437500000001,139.7703125,1306,1145,350,701,94
5339468122,13118,荒川区,35.73437500000001,139.7734375,1636,1205,411,700,94
5339468123,13118,荒川区,35.73645833333334,139.7703125,1344,1170,376,701,93
5339468124,13118,荒川区,35.73645833333334,139.7734375,1602,1246,451,700,95
5339468131,13117,北区,35.73854166666668,139.7640625,926,1100,236,764,100
5339468132,13117,北区,35.73854166666668,139.7671875,912,1091,229,763,99
5339468133,13117,北区,35.74062500000001,139.7640625,1126,1122,258,764,100
5339468134,13117,北区,35.74062500000001,139.7671875,1709,1347,484,763,100
5339468141,13118,荒川区,35.73854166666668,139.7703125,2138,1064,597,467,0
5339468142,13118,荒川区,35.73854166666668,139.7734375,1235,833,367,466,0
5339468143,13118,荒川区,35.74062500000001,139.7703125,1878,1002,536,466,0
5339468144,13118,荒川区,35.74062500000001,139.7734375,1301,892,426,466,0
5339468211,13118,荒川区,35.73437500000001,139.7765625,1630,1386,636,571,179
5339468212,13118,荒川区,35.73437500000001,139.77968750000002,1296,1106,358,570,178
5339468213,13118,荒川区,35.73645833333334,139.7765625,1673,1152,404,570,178
5339468214,13118,荒川区,35.73645833333334,139.77968750000002,1426,1164,416,570,178
5339468221,13118,荒川区,35.73437500000001,139.7828125,1924,1644,570,963,111
5339468222,13118,荒川区,35.73437500000001,139.78593750000002,1368,1461,389,962,110
5339468223,13118,荒川区,35.73645833333334,139.7828125,836,1360,288,962,110
5339468224,13118,荒川区,35.73645833333334,139.78593750000002,839,1354,280,963,111
5339468231,13118,荒川区,35.73854166666668,139.7765625,1841,928,469,335,124
5339468232,13118,荒川区,35.73854166666668,139.77968750000002,2164,1131,671,335,125
5339468233,13118,荒川区,35.74062500000001,139.7765625,1478,952,495,334,123
5339468234,13118,荒川区,35.74062500000001,139.77968750000002,1814,1000,540,336,124
5339468241,13118,荒川区,35.73854166666668,139.7828125,1247,1159,396,645,118
5339468242,13118,荒川区,35.73854166666668,139.78593750000002,356,876,115,645,116
5339468243,13118,荒川区,35.74062500000001,139.7828125,1012,1136,374,645,117
5339468244,13118,荒川区,35.74062500000001,139.78593750000002,199,802,41,645,116
5339468311,13118,荒川区,35.73437500000001,139.7890625,1310,1306,432,371,503
5339468312,13118,荒川区,35.73437500000001,139.7921875,1243,1240,368,371,501
5339468313,13118,荒川区,35.73645833333334,139.7890625,1663,1389,515,372,502
5339468314,13118,荒川区,35.73645833333334,139.7921875,1049,1123,250,371,502
5339468321,13118,荒川区,35.73437500000001,139.7953125,1115,1288,356,484,448
5339468322,13118,荒川区,35.73437500000001,139.7984375,937,1234,302,485,447
5339468323,13118,荒川区,35.73645833333334,139.7953125,1437,1403,470,485,448
5339468324,13118,荒川区,35.73645833333334,139.7984375,2057,1623,692,484,447
5339468331,13118,荒川区,35.73854166666668,139.7890625,1136,575,360,215,0
5339468332,13118,荒川区,35.73854166666668,139.7921875,1468,722,508,214,0
5339468333,13118,荒川区,35.74062500000001,139.7890625,1331,618,405,213,0
5339468334,13118,荒川区,35.74062500000001,139.7921875,926,555,340,215,0
5339468341,13118,荒川区,35.73854166666668,139.7953125,1090,708,412,296,0
5339468342,13118,荒川区,35.73854166666668,139.7984375,1666,762,466,296,0
5339468343,13121,足立区,35.74062500000001,139.7953125,1364,702,407,295,0
5339468344,13121,足立区,35.74062500000001,139.7984375,808,507,211,296,0
5339468411,13118,荒川区,35.73437500000001,139.80156250000002,0,383,0,383,0
5339468412,13118,荒川区,35.73437500000001,139.80468750000003,1001,593,211,382,0
5339468413,13118,荒川区,35.73645833333334,139.80156250000002,1693,907,524,383,0
5339468414,13118,荒川区,35.73645833333334,139.80468750000003,2513,1209,827,382,0
5339468421,13118,荒川区,35.73437500000001,139.8078125,1543,1045,363,111,571
5339468422,13118,荒川区,35.73437500000001,139.81093750000002,0,681,0,111,570
5339468423,13118,荒川区,35.73645833333334,139.8078125,1079,1085,405,110,570
5339468424,13118,荒川区,35.73645833333334,139.81093750000002,438,838,158,110,570
5339468431,13118,荒川区,35.73854166666668,139.80156250000002,294,454,109,345,0
5339468432,13118,荒川区,35.73854166666668,139.80468750000003,473,563,218,345,0
5339468433,13121,足立区,35.74062500000001,139.80156250000002,809,600,254,346,0
5339468434,13121,足立区,35.74062500000001,139.80468750000003,628,494,149,345,0
5339468441,13118,荒川区,35.73854166666668,139.8078125,3052,1355,798,236,321
5339468442,13118,荒川区,35.73854166666668,139.81093750000002,2447,1185,631,234,320
5339468443,13121,足立区,35.74062500000001,139.8078125,445,685,130,235,320
5339468444,13118,荒川区,35.74062500000001,139.81093750000002,1058,765,208,236,321
5339468511,13107,墨田区,35.73437500000001,139.8140625,0,232,0,232,0
5339468512,13107,墨田区,35.73437500000001,139.81718750000002,1019,613,382,231,0
5339468513,13118,荒川区,35.73645833333334,139.8140625,0,231,0,231,0
5339468514,13107,墨田区,35.73645833333334,139.81718750000002,1570,884,652,232,0
5339468521,13107,墨田区,35.73437500000001,139.8203125,791,472,254,124,94
5339468522,13107,墨田区,35.73437500000001,139.8234375,410,359,139,125,95
5339468523,13107,墨田区,35.73645833333334,139.8203125,812,492,276,123,93
5339468524,13107,墨田区,35.73645833333334,139.8234375,0,218,0,124,94
5339468531,13118,荒川区,35.73854166666668,139.8140625,0,239,0,239,0
5339468532,13107,墨田区,35.73854166666668,139.81718750000002,12,240,2,238,0
5339468533,13121,足立区,35.74062500000001,139.8140625,1205,510,272,238,0
5339468534,13107,墨田区,35.74062500000001,139.81718750000002,241,332,94,238,0
5339468541,13107,墨田区,35.73854166666668,139.8203125,427,170,150,20,0
5339468542,13122,葛飾区,35.73854166666668,139.8234375,0,20,0,20,0
5339468543,13107,墨田区,35.74062500000001,139.8203125,84,55,35,20,0
5339468544,13122,葛飾区,35.74062500000001,139.8234375,0,20,0,20,0
5339468611,13107,墨田区,35.73437500000001,139.8265625,0,58,0,58,0
5339468612,13122,葛飾区,35.73437500000001,139.8296875,49,80,22,58,0
5339468613,13122,葛飾区,35.73645833333334,139.8265625,0,57,0,57,0
5339468614,13122,葛飾区,35.73645833333334,139.8296875,661,279,220,59,0
5339468621,13122,葛飾区,35.73437500000001,139.8328125,844,600,242,250,108
5339468622,13122,葛飾区,35.73437500000001,139.8359375,974,685,329,250,106
5339468623,13122,葛飾区,35.73645833333334,139.8328125,982,647,291,250,106
5339468624,13122,葛飾区,35.73645833333334,139.8359375,1658,784,425,251,108
5339468631,13122,葛飾区,35.73854166666668,139.8265625,144,376,55,220,101
5339468632,13122,葛飾区,35.73854166666668,139.8296875,839,572,253,219,100
5339468633,13122,葛飾区,35.74062500000001,139.8265625,654,571,250,220,101
5339468634,13122,葛飾区,35.74062500000001,139.8296875,991,657,337,220,100
5339468641,13122,葛飾区,35.73854166666668,139.8328125,1065,807,358,234,215
5339468642,13122,葛飾区,35.73854166666668,139.8359375,1033,747,301,233,213
5339468643,13122,葛飾区,35.74062500000001,139.8328125,1039,762,314,234,214
5339468644,13122,葛飾区,35.74062500000001,139.8359375,798,793,345,234,214
5339468711,13122,葛飾区,35.73437500000001,139.8390625,927,833,326,507,0
5339468712,13122,葛飾区,35.73437500000001,139.84218750000002,1179,858,350,508,0
5339468713,13122,葛飾区,35.73645833333334,139.8390625,861,801,293,508,0
5339468714,13122,葛飾区,35.73645833333334,139.84218750000002,922,822,315,507,0
5339468721,13122,葛飾区,35.73437500000001,139.8453125,1147,907,373,433,101
5339468722,13122,葛飾区,35.73437500000001,139.84843750000002,1048,894,363,431,100
5339468723,13122,葛飾区,35.73645833333334,139.8453125,1092,836,303,432,101
5339468724,13122,葛飾区,35.73645833333334,139.84843750000002,1070,875,344,431,100
5339468731,13122,葛飾区,35.73854166666668,139.8390625,1096,1184,270,846,68
5339468732,13122,葛飾区,35.73854166666668,139.84218750000002,932,1216,302,846,68
5339468733,13122,葛飾区,35.74062500000001,139.8390625,549,1084,172,845,67
5339468734,13122,葛飾区,35.74062500000001,139.84218750000002,1012,1208,294,846,68
5339468741,13122,葛飾区,35.73854166666668,139.8453125,1107,1235,316,780,139
5339468742,13122,葛飾区,35.73854166666668,139.84843750000002,831,1181,263,778,140
5339468743,13122,葛飾区,35.74062500000001,139.8453125,1284,1301,384,779,138
5339468744,13122,葛飾区,35.74062500000001,139.84843750000002,1205,1290,371,779,140
5339468811,13122,葛飾区,35.73437500000001,139.8515625,1425,599,392,207,0
5339468812,13122,葛飾区,35.73437500000001,139.8546875,586,429,222,207,0
5339468813,13122,葛飾区,35.73645833333334,139.8515625,846,490,284,206,0
5339468814,13122,葛飾区,35.73645833333334,139.8546875,893,540,333,207,0
5339468821,13122,葛飾区,35.73437500000001,139.8578125,1091,693,363,330,0
5339468822,13122,葛飾区,35.73437500000001,139.8609375,497,509,180,329,0
5339468823,13122,葛飾区,35.73645833333334,139.8578125,905,538,209,329,0
5339468824,13122,葛飾区,35.73645833333334,139.8609375,29,335,6,329,0
5339468831,13122,葛飾区,35.73854166666668,139.8515625,970,560,300,260,0
5339468832,13122,葛飾区,35.73854166666668,139.8546875,457,359,99,260,0
5339468833,13122,葛飾区,35.74062500000001,139.8515625,1119,692,433,259,0
5339468834,13122,葛飾区,35.74062500000001,139.8546875,1119,623,363,260,0
5339468841,13122,葛飾区,35.73854166666668,139.8578125,810,436,300,136,0
5339468842,13122,葛飾区,35.73854166666668,139.8609375,386,234,98,136,0
5339468843,13122,葛飾区,35.74062500000001,139.8578125,1032,523,388,135,0
5339468844,13122,葛飾区,35.74062500000001,139.8609375,0,136,0,136,0
5339468911,13122,葛飾区,35.73437500000001,139.86406250000002,675,465,207,258,0
5339468912,13122,葛飾区,35.73437500000001,139.86718750000003,599,437,180,257,0
5339468913,13122,葛飾区,35.73645833333334,139.86406250000002,688,463,206,257,0
5339468914,13122,葛飾区,35.73645833333334,139.86718750000003,738,417,160,257,0
5339468921,13122,葛飾区,35.73437500000001,139.8703125,350,343,116,97,130
5339468922,13123,江戸川区,35.73437500000001,139.87343750000002,908,514,287,96,131
5339468923,13122,葛飾区,35.73645833333334,139.8703125,198,292,66,97,129
5339468924,13122,葛飾区,35.73645833333334,139.87343750000002,825,487,261,96,130
5339468931,13122,葛飾区,35.73854166666668,139.86406250000002,486,500,141,128,231
5339468932,13122,葛飾区,35.73854166666668,139.86718750000003,167,407,51,126,230
5339468933,13122,葛飾区,35.74062500000001,139.86406250000002,263,455,99,126,230
5339468934,13122,葛飾区,35.74062500000001,139.86718750000003,295,455,97,128,230
5339468941,13122,葛飾区,35.73854166666668,139.8703125,936,551,294,257,0
5339468942,13122,葛飾区,35.73854166666668,139.87343750000002,921,570,314,256,0
5339468943,13122,葛飾区,35.74062500000001,139.8703125,684,497,240,257,0
5339468944,13122,葛飾区,35.74062500000001,139.87343750000002,874,544,287,257,0
5339469011,13117,北区,35.74270833333334,139.7515625,1309,596,393,203,0
5339469012,13117,北区,35.74270833333334,139.75468750000002,478,327,126,201,0
5339469013,13117,北区,35.74479166666667,139.7515625,488,379,177,202,0
5339469014,13117,北区,35.74479166666667,139.75468750000002,399,427,224,203,0
5339469021,13117,北区,35.74270833333334,139.7578125,18,301,1,300,0
5339469022,13117,北区,35.74270833333334,139.7609375,1338,640,341,299,0
5339469023,13117,北区,35.74479166666667,139.7578125,1112,562,263,299,0
5339469024,13118,荒川区,35.74479166666667,139.7609375,1706,842,542,300,0
5339469031,13117,北区,35.74687500000001,139.7515625,390,846,105,741,0
5339469032,13117,北区,35.74687500000001,139.75468750000002,1066,1026,285,741,0
5339469033,13117,北区,35.74895833333334,139.7515625,803,965,225,740,0
5339469034,13117,北区,35.74895833333334,139.75468750000002,1712,1262,521,741,0
5339469041,13118,荒川区,35.74687500000001,139.7578125,1285,958,364,492,102
5339469042,13118,荒川区,35.74687500000001,139.7609375,1927,1269,677,491,101
5339469043,13118,荒川区,35.74895833333334,139.7578125,1100,956,366,490,100
5339469044,13118,荒川区,35.74895833333334,139.7609375,1328,1033,439,492,102
5339469111,13117,北区,35.74270833333334,139.7640625,1677,920,425,495,0
5339469112,13118,荒川区,35.74270833333334,139.7671875,1384,950,455,495,0
5339469113,13118,荒川区,35.74479166666667,139.7640625,1450,933,438,495,0
5339469114,13118,荒川区,35.74479166666667,139.7671875,1290,905,410,495,0
5339469121,13118,荒川区,35.74270833333334,139.7703125,1432,1099,436,304,359
5339469122,13118,荒川区,35.74270833333334,139.7734375,1135,1058,395,304,359
5339469123,13118,荒川区,35.74479166666667,139.7703125,1971,1238,576,303,359
5339469124,13118,荒川区,35.74479166666667,139.7734375,1176,1007,343,304,360
5339469131,13118,荒川区,35.74687500000001,139.7640625,1211,1317,363,726,228
5339469132,13118,荒川区,35.74687500000001,139.7671875,766,1174,222,724,228
5339469133,13118,荒川区,35.74895833333334,139.7640625,1308,1371,419,724,228
5339469134,13118,荒川区,35.74895833333334,139.7671875,970,1275,322,725,228
5339469141,13118,荒川区,35.74687500000001,139.7703125,1593,950,415,248,287
5339469142,13118,荒川区,35.74687500000001,139.7734375,1278,926,394,246,286
5339469143,13118,荒川区,35.74895833333334,139.7703125,1040,864,331,247,286
5339469144,13118,荒川区,35.74895833333334,139.7734375,1190,908,375,247,286
5339469211,13118,荒川区,35.74270833333334,139.7765625,1499,1383,502,634,247
5339469212,13118,荒川区,35.74270833333334,139.77968750000002,1806,1385,505,633,247
5339469213,13118,荒川区,35.74479166666667,139.7765625,1302,1295,416,633,246
5339469214,13118,荒川区,35.74479166666667,139.77968750000002,1163,1212,333,633,246
5339469221,13118,荒川区,35.74270833333334,139.7828125,1475,1084,475,507,102
5339469222,13118,荒川区,35.74270833333334,139.78593750000002,146,642,35,506,101
5339469223,13118,荒川区,35.74479166666667,139.7828125,1481,1031,425,505,101
5339469224,13118,荒川区,35.74479166666667,139.78593750000002,947,906,297,507,102
5339469231,13118,荒川区,35.74687500000001,139.7765625,1281,825,449,256,120
5339469232,13118,荒川区,35.74687500000001,139.77968750000002,1546,858,482,256,120
5339469233,13118,荒川区,35.74895833333334,139.7765625,1413,881,507,255,119
5339469234,13118,荒川区,35.74895833333334,139.77968750000002,1544,866,490,256,120
5339469241,13118,荒川区,35.74687500000001,139.7828125,1848,1208,526,538,144
5339469242,13118,荒川区,35.74687500000001,139.78593750000002,1306,1175,496,537,142
5339469243,13118,荒川区,35.74895833333334,139.7828125,1241,1042,363,536,143
5339469244,13118,荒川区,35.74895833333334,139.78593750000002,1794,1258,579,537,142
5339469311,13118,荒川区,35.74270833333334,139.7890625,0,359,0,298,61
5339469312,13121,足立区,35.74270833333334,139.7921875,489,533,175,297,61
5339469313,13121,足立区,35.74479166666667,139.7890625,516,549,192,297,60
5339469314,13121,足立区,35.74479166666667,139.7921875,805,621,263,297,61
5339469321,13121,足立区,35.74270833333334,139.7953125,1266,1146,377,563,206
5339469322,13121,足立区,35.74270833333334,139.7984375,1127,1072,306,562,204
5339469323,13121,足立区,35.74479166666667,139.7953125,912,1023,256,562,205
5339469324,13121,足立区,35.74479166666667,139.7984375,1118,1045,278,561,206
5339469331,13121,足立区,35.74687500000001,139.7890625,572,454,167,170,117
5339469332,13121,足立区,35.74687500000001,139.7921875,1165,662,377,169,116
5339469333,13118,荒川区,35.74895833333334,139.7890625,1415,817,532,168,117
5339469334,13121,足立区,35.74895833333334,139.7921875,780,591,306,169,116
5339469341,13121,足立区,35.74687500000001,139.7953125,1154,1285,380,791,114
5339469342,13121,足立区,35.74687500000001,139.7984375,1200,1198,294,792,112
5339469343,13121,足立区,35.74895833333334,139.7953125,664,1112,210,790,112
5339469344,13121,足立区,35.74895833333334,139.7984375,1013,1200,295,792,113
5339469411,13121,足立区,35.74270833333334,139.80156250000002,1330,854,400,360,94
5339469412,13121,足立区,35.74270833333334,139.80468750000003,930,736,282,360,94
5339469413,13121,足立区,35.74479166666667,139.80156250000002,1523,917,463,360,94
5339469414,13121,足立区,35.74479166666667,139.80468750000003,1205,802,348,360,94
5339469421,13121,足立区,35.74270833333334,139.8078125,1771,1566,593,973,0
5339469422,13121,足立区,35.74270833333334,139.81093750000002,703,1197,225,972,0
5339469423,13121,足立区,35.74479166666667,139.8078125,1354,1418,446,972,0
5339469424,13121,足立区,35.74479166666667,139.81093750000002,1438,1396,423,973,0
5339469431,13121,足立区,35.74687500000001,139.80156250000002,1181,3309,278,2800,231
5339469432,13121,足立区,35.74687500000001,139.80468750000003,523,3163,135,2799,229
5339469433,13121,足立区,35.74895833333334,139.80156250000002,944,3304,275,2799,230
5339469434,13121,足立区,35.74895833333334,139.80468750000003,371,3149,120,2799,230
5339469441,13121,足立区,35.74687500000001,139.8078125,735,3348,215,959,2174
5339469442,13121,足立区,35.74687500000001,139.81093750000002,1453,3641,509,959,2173
5339469443,13121,足立区,35.74895833333334,139.8078125,715,3354,223,958,2173
5339469444,13121,足立区,35.74895833333334,139.81093750000002,1305,3561,427,960,2174
5339469511,13121,足立区,35.74270833333334,139.8140625,1255,1627,417,471,739
5339469512,13121,足立区,35.74270833333334,139.81718750000002,440,1316,107,472,737
5339469513,13121,足立区,35.74479166666667,139.8140625,749,1435,226,471,738
5339469514,13121,足立区,35.74479166666667,139.81718750000002,216,1292,83,472,737
5339469521,13107,墨田区,35.74270833333334,139.8203125,0,38,0,38,0
5339469522,13122,葛飾区,35.74270833333334,139.8234375,82,73,35,38,0
5339469523,13122,葛飾区,35.74479166666667,139.8203125,0,37,0,37,0
5339469524,13122,葛飾区,35.74479166666667,139.8234375,536,215,177,38,0
5339469531,13121,足立区,35.74687500000001,139.8140625,1029,533,361,77,95
5339469532,13121,足立区,35.74687500000001,139.81718750000002,14,173,0,77,96
5339469533,13121,足立区,35.74895833333334,139.8140625,568,414,243,76,95
5339469534,13121,足立区,35.74895833333334,139.81718750000002,0,171,0,76,95
5339469541,13122,葛飾区,35.74687500000001,139.8203125,0,112,0,112,0
5339469542,13122,葛飾区,35.74687500000001,139.8234375,835,378,268,110,0
5339469543,13122,葛飾区,35.74895833333334,139.8203125,26,118,8,110,0
5339469544,13122,葛飾区,35.74895833333334,139.8234375,857,401,290,111,0
5339469611,13122,葛飾区,35.74270833333334,139.8265625,1023,641,386,137,118
5339469612,13122,葛飾区,35.74270833333334,139.8296875,925,561,307,138,116
5339469613,13122,葛飾区,35.74479166666667,139.8265625,1314,682,429,137,116
5339469614,13122,葛飾区,35.74479166666667,139.8296875,1099,657,403,137,117
5339469621,13122,葛飾区,35.74270833333334,139.8328125,1313,966,343,623,0
5339469622,13122,葛飾区,35.74270833333334,139.8359375,1193,987,365,622,0
5339469623,13122,葛飾区,35.74479166666667,139.8328125,1045,1058,435,623,0
5339469624,13122,葛飾区,35.74479166666667,139.8359375,882,904,281,623,0
5339469631,13122,葛飾区,35.74687500000001,139.8265625,899,682,271,411,0
5339469632,13122,葛飾区,35.74687500000001,139.8296875,1187,778,368,410,0
5339469633,13122,葛飾区,35.74895833333334,139.8265625,942,730,319,411,0
5339469634,13122,葛飾区,35.74895833333334,139.8296875,1153,770,359,411,0
5339469641,13122,葛飾区,35.74687500000001,139.8328125,829,558,285,273,0
5339469642,13122,葛飾区,35.74687500000001,139.8359375,939,577,305,272,0
5339469643,13122,葛飾区,35.74895833333334,139.8328125,1184,702,430,272,0
5339469644,13122,葛飾区,35.74895833333334,139.8359375,1102,653,381,272,0
5339469711,13122,葛飾区,35.74270833333334,139.8390625,762,1070,276,585,209
5339469712,13122,葛飾区,35.74270833333334,139.84218750000002,1122,1111,318,584,209
5339469713,13122,葛飾区,35.74479166666667,139.8390625,1036,1104,311,584,209
5339469714,13122,葛飾区,35.74479166666667,139.84218750000002,1245,1313,521,584,208
5339469721,13122,葛飾区,35.74270833333334,139.8453125,735,1436,224,771,441
5339469722,13122,葛飾区,35.74270833333334,139.84843750000002,320,1284,74,770,440
5339469723,13122,葛飾区,35.74479166666667,139.8453125,1203,1579,369,770,440
5339469724,13122,葛飾区,35.74479166666667,139.84843750000002,697,1441,231,770,440
5339469731,13122,葛飾区,35.74687500000001,139.8390625,1061,876,376,500,0
5339469732,13122,葛飾区,35.74687500000001,139.84218750000002,950,772,274,498,0
5339469733,13122,葛飾区,35.74895833333334,139.8390625,1017,838,339,499,0
5339469734,13122,葛飾区,35.74895833333334,139.84218750000002,1100,955,455,500,0
5339469741,13122,葛飾区,35.74687500000001,139.8453125,1388,811,373,438,0
5339469742,13122,葛飾区,35.74687500000001,139.84843750000002,1613,1134,696,438,0
5339469743,13122,葛飾区,35.74895833333334,139.8453125,1144,736,299,437,0
5339469744,13122,葛飾区,35.74895833333334,139.84843750000002,1335,858,421,437,0
5339469811,13122,葛飾区,35.74270833333334,139.8515625,1191,1163,322,638,203
5339469812,13122,葛飾区,35.74270833333334,139.8546875,846,1102,262,637,203
5339469813,13122,葛飾区,35.74479166666667,139.8515625,1221,1248,411,636,201
5339469814,13122,葛飾区,35.74479166666667,139.8546875,874,1096,256,637,203
5339469821,13122,葛飾区,35.74270833333334,139.8578125,394,231,120,109,2
5339469822,13122,葛飾区,35.74270833333334,139.8609375,843,411,301,108,2
5339469823,13122,葛飾区,35.74479166666667,139.8578125,327,225,114,109,2
5339469824,13122,葛飾区,35.74479166666667,139.8609375,1188,481,370,109,2
5339469831,13122,葛飾区,35.74687500000001,139.8515625,2133,1282,809,473,0
5339469832,13122,葛飾区,35.74687500000001,139.8546875,1219,840,368,472,0
5339469833,13122,葛飾区,35.74895833333334,139.8515625,853,758,285,473,0
5339469834,13122,葛飾区,35.74895833333334,139.8546875,1171,816,344,472,0
5339469841,13122,葛飾区,35.74687500000001,139.8578125,861,542,242,300,0
5339469842,13122,葛飾区,35.74687500000001,139.8609375,250,389,89,300,0
5339469843,13122,葛飾区,35.74895833333334,139.8578125,1051,612,312,300,0
5339469844,13122,葛飾区,35.74895833333334,139.8609375,481,468,168,300,0
5339469911,13122,葛飾区,35.74270833333334,139.86406250000002,369,169,70,99,0
5339469912,13122,葛飾区,35.74270833333334,139.86718750000003,1132,459,362,97,0
5339469913,13122,葛飾区,35.74479166666667,139.86406250000002,451,204,107,97,0
5339469914,13122,葛飾区,35.74479166666667,139.86718750000003,685,333,235,98,0
5339469921,13122,葛飾区,35.74270833333334,139.8703125,773,614,244,211,159
5339469922,13122,葛飾区,35.74270833333334,139.87343750000002,930,723,352,211,160
5339469923,13122,葛飾区,35.74479166666667,139.8703125,1091,831,462,211,158
5339469924,13122,葛飾区,35.74479166666667,139.87343750000002,982,729,359,210,160
5339469931,13122,葛飾区,35.74687500000001,139.86406250000002,377,257,136,121,0
5339469932,13122,葛飾区,35.74687500000001,139.86718750000003,1012,420,301,119,0
5339469933,13122,葛飾区,35.74895833333334,139.86406250000002,602,322,203,119,0
5339469934,13122,葛飾区,35.74895833333334,139.86718750000003,1416,545,424,121,0
5339469941,13122,葛飾区,35.74687500000001,139.8703125,814,689,338,156,195
5339469942,13122,葛飾区,35.74687500000001,139.87343750000002,641,679,329,156,194
5339469943,13122,葛飾区,35.74895833333334,139.8703125,908,691,342,155,194
5339469944,13122,葛飾区,35.74895833333334,139.87343750000002,180,409,57,157,195
5339470011,13123,江戸川区,35.66770833333334,139.8765625,1033,416,247,169,0
5339470012,13123,江戸川区,35.66770833333334,139.87968750000002,791,382,212,170,0
5339470013,13123,江戸川区,35.66979166666667,139.8765625,1097,476,306,170,0
5339470014,13123,江戸川区,35.66979166666667,139.87968750000002,1098,464,295,169,0
5339470021,13123,江戸川区,35.66770833333334,139.8828125,657,455,253,202,0
5339470022,13123,江戸川区,35.66770833333334,139.8859375,0,200,0,200,0
5339470023,13123,江戸川区,35.66979166666667,139.8828125,555,376,175,201,0
5339470024,13123,江戸川区,35.66979166666667,139.8859375,94,232,30,202,0
5339470031,13123,江戸川区,35.67187500000001,139.8765625,1604,718,494,224,0
5339470032,13123,江戸川区,35.67187500000001,139.87968750000002,986,504,279,225,0
5339470033,13123,江戸川区,35.67395833333334,139.8765625,842,497,273,224,0
5339470034,13123,江戸川区,35.67395833333334,139.87968750000002,751,445,220,225,0
5339470041,13123,江戸川区,35.67187500000001,139.8828125,859,458,324,134,0
5339470043,13123,江戸川区,35.67395833333334,139.8828125,868,424,291,133,0
5339471011,13123,江戸川区,35.67604166666667,139.8765625,591,554,187,219,148
5339471012,13123,江戸川区,35.67604166666667,139.87968750000002,559,536,172,217,147
5339471013,13123,江戸川区,35.678125,139.8765625,1060,740,375,218,147
5339471014,13123,江戸川区,35.678125,139.87968750000002,501,508,142,219,147
5339471021,13123,江戸川区,35.67604166666667,139.8828125,1071,483,351,132,0
5339471023,13123,江戸川区,35.678125,139.8828125,1090,643,511,132,0
5339471024,13123,江戸川区,35.678125,139.8859375,435,330,197,133,0
5339471031,13123,江戸川区,35.68020833333334,139.8765625,1494,1266,454,312,500
5339471032,13123,江戸川区,35.68020833333334,139.87968750000002,1135,1083,274,311,498
5339471033,13123,江戸川区,35.68229166666667,139.8765625,912,1177,367,311,499
5339471034,13123,江戸川区,35.68229166666667,139.87968750000002,1009,1040,229,311,500
5339471041,13123,江戸川区,35.68020833333334,139.8828125,1429,741,467,107,167
5339471042,13123,江戸川区,35.68020833333334,139.8859375,262,335,61,106,168
5339471043,13123,江戸川区,35.68229166666667,139.8828125,878,543,270,107,166
5339471044,13123,江戸川区,35.68229166666667,139.8859375,451,436,161,107,168
5339471133,13123,江戸川区,35.68229166666667,139.8890625,914,354,272,82,0
5339471134,13123,江戸川区,35.68229166666667,139.8921875,192,137,54,83,0
5339471143,13123,江戸川区,35.68229166666667,139.8953125,161,210,83,127,0
5339472011,13123,江戸川区,35.684375,139.8765625,982,687,257,271,159
5339472012,13123,江戸川区,35.684375,139.87968750000002,748,623,195,271,157
5339472013,13123,江戸川区,35.686458333333334,139.8765625,1276,824,395,271,158
5339472014,13123,江戸川区,35.686458333333334,139.87968750000002,814,688,259,271,158
5339472021,13123,江戸川区,35.684375,139.8828125,1682,1159,491,668,0
5339472022,13123,江戸川区,35.684375,139.8859375,696,890,222,668,0
5339472023,13123,江戸川区,35.686458333333334,139.8828125,958,960,293,667,0
5339472024,13123,江戸川区,35.686458333333334,139.8859375,408,804,135,669,0
5339472031,13123,江戸川区,35.68854166666667,139.8765625,825,914,325,289,300
5339472032,13123,江戸川区,35.68854166666667,139.87968750000002,980,891,301,290,300
5339472033,13123,江戸川区,35.690625000000004,139.8765625,556,761,172,289,300
5339472034,13123,江戸川区,35.690625000000004,139.87968750000002,875,890,300,290,300
5339472041,13123,江戸川区,35.68854166666667,139.8828125,955,430,266,164,0
5339472042,13123,江戸川区,35.68854166666667,139.8859375,547,307,145,162,0
5339472043,13123,江戸川区,35.690625000000004,139.8828125,1241,473,310,163,0
5339472044,13123,江戸川区,35.690625000000004,139.8859375,719,364,201,163,0
5339472111,13123,江戸川区,35.684375,139.8890625,1049,609,324,158,127
5339472112,13123,江戸川区,35.684375,139.8921875,832,527,244,157,126
5339472113,13123,江戸川区,35.686458333333334,139.8890625,1331,692,408,157,127
5339472114,13123,江戸川区,35.686458333333334,139.8921875,1229,709,425,158,126
5339472121,13123,江戸川区,35.684375,139.8953125,694,309,227,82,0
5339472122,13123,江戸川区,35.684375,139.8984375,1039,379,298,81,0
5339472123,13123,江戸川区,35.686458333333334,139.8953125,870,361,280,81,0
5339472124,13123,江戸川区,35.686458333333334,139.8984375,1125,433,350,83,0
5339472131,13123,江戸川区,35.68854166666667,139.8890625,1358,672,419,127,126
5339472132,13123,江戸川区,35.68854166666667,139.8921875,1453,691,438,126,127
5339472133,13123,江戸川区,35.690625000000004,139.8890625,1125,636,383,127,126
5339472134,13123,江戸川区,35.690625000000004,139.8921875,1176,593,340,126,127
5339472141,13123,江戸川区,35.68854166666667,139.8953125,1147,734,336,268,130
5339472142,13123,江戸川区,35.68854166666667,139.8984375,774,638,240,268,130
5339472143,13123,江戸川区,35.690625000000004,139.8953125,1196,788,390,268,130
5339472144,13123,江戸川区,35.690625000000004,139.8984375,699,589,191,268,130
5339472211,13123,江戸川区,35.684375,139.9015625,1547,629,376,131,122
5339472212,13123,江戸川区,35.684375,139.90468750000002,163,344,92,131,121
5339472213,13123,江戸川区,35.686458333333334,139.9015625,1208,591,340,130,121
5339472214,13123,江戸川区,35.686458333333334,139.90468750000002,1122,661,409,131,121
5339472223,13123,江戸川区,35.686458333333334,139.9078125,421,294,130,70,94
5339472231,13123,江戸川区,35.68854166666667,139.9015625,1223,781,414,242,125
5339472232,13123,江戸川区,35.68854166666667,139.90468750000002,1351,847,481,242,124
5339472233,13123,江戸川区,35.690625000000004,139.9015625,873,597,233,241,123
5339472234,13123,江戸川区,35.690625000000004,139.90468750000002,1103,697,330,242,125
5339472241,13123,江戸川区,35.68854166666667,139.9078125,920,368,318,50,0
5339472242,13123,江戸川区,35.68854166666667,139.91093750000002,104,81,32,49,0
5339472243,13123,江戸川区,35.690625000000004,139.9078125,1194,524,475,49,0
5339472244,13123,江戸川区,35.690625000000004,139.91093750000002,653,275,226,49,0
5339473011,13123,江戸川区,35.692708333333336,139.8765625,1037,512,347,165,0
5339473012,13123,江戸川区,35.692708333333336,139.87968750000002,1159,512,346,166,0
5339473013,13123,江戸川区,35.69479166666667,139.8765625,1256,520,355,165,0
5339473014,13123,江戸川区,35.69479166666667,139.87968750000002,541,299,134,165,0
5339473021,13123,江戸川区,35.692708333333336,139.8828125,1064,445,319,126,0
5339473022,13123,江戸川区,35.692708333333336,139.8859375,490,298,171,127,0
5339473023,13123,江戸川区,35.69479166666667,139.8828125,1119,435,310,125,0
5339473024,13123,江戸川区,35.69479166666667,139.8859375,543,289,162,127,0
5339473031,13123,江戸川区,35.696875000000006,139.8765625,610,639,142,346,151
5339473032,13123,江戸川区,35.696875000000006,139.87968750000002,411,621,125,346,150
5339473033,13123,江戸川区,35.69895833333334,139.8765625,755,704,209,345,150
5339473034,13123,江戸川区,35.69895833333334,139.87968750000002,840,736,240,346,150
5339473041,13123,江戸川区,35.696875000000006,139.8828125,513,348,128,220,0
5339473042,13123,江戸川区,35.696875000000006,139.8859375,381,358,139,219,0
5339473043,13123,江戸川区,35.69895833333334,139.8828125,582,416,198,218,0
5339473044,13123,江戸川区,35.69895833333334,139.8859375,726,487,268,219,0
5339473111,13123,江戸川区,35.692708333333336,139.8890625,1191,640,378,141,121
5339473112,13123,江戸川区,35.692708333333336,139.8921875,783,511,253,139,119
5339473113,13123,江戸川区,35.69479166666667,139.8890625,642,462,204,139,119
5339473114,13123,江戸川区,35.69479166666667,139.8921875,927,577,316,140,121
5339473121,13123,江戸川区,35.692708333333336,139.8953125,862,1591,240,1206,145
5339473122,13123,江戸川区,35.692708333333336,139.8984375,883,1578,227,1206,145
5339473123,13123,江戸川区,35.69479166666667,139.8953125,893,1593,243,1206,144
5339473124,13123,江戸川区,35.69479166666667,139.8984375,1424,1693,342,1206,145
5339473131,13123,江戸川区,35.696875000000006,139.8890625,511,656,194,281,181
5339473132,13123,江戸川区,35.696875000000006,139.8921875,1038,743,280,281,182
5339473133,13123,江戸川区,35.69895833333334,139.8890625,753,646,185,280,181
5339473134,13123,江戸川区,35.69895833333334,139.8921875,697,678,215,281,182
5339473141,13123,江戸川区,35.696875000000006,139.8953125,912,505,264,241,0
5339473142,13123,江戸川区,35.696875000000006,139.8984375,1548,629,389,240,0
5339473143,13123,江戸川区,35.69895833333334,139.8953125,1185,645,405,240,0
5339473144,13123,江戸川区,35.69895833333334,139.8984375,1396,598,359,239,0
5339473211,13123,江戸川区,35.692708333333336,139.9015625,1438,746,338,408,0
5339473212,13123,江戸川区,35.692708333333336,139.90468750000002,1161,813,406,407,0
5339473213,13123,江戸川区,35.69479166666667,139.9015625,1303,767,360,407,0
5339473214,13123,江戸川区,35.69479166666667,139.90468750000002,1014,701,293,408,0
5339473221,13123,江戸川区,35.692708333333336,139.9078125,1362,753,419,334,0
5339473222,13123,江戸川区,35.692708333333336,139.91093750000002,968,676,343,333,0
5339473223,13123,江戸川区,35.69479166666667,139.9078125,1224,714,381,333,0
5339473224,13123,江戸川区,35.69479166666667,139.91093750000002,1029,571,237,334,0
5339473231,13123,江戸川区,35.696875000000006,139.9015625,1477,841,350,344,147
5339473232,13123,江戸川区,35.696875000000006,139.90468750000002,1164,776,287,344,145
5339473233,13123,江戸川区,35.69895833333334,139.9015625,862,707,218,344,145
5339473234,13123,江戸川区,35.69895833333334,139.90468750000002,1009,768,277,344,147
5339473241,13123,江戸川区,35.696875000000006,139.9078125,1276,632,372,260,0
5339473242,13123,江戸川区,35.696875000000006,139.91093750000002,1067,642,384,258,0
5339473243,13123,江戸川区,35.69895833333334,139.9078125,1105,604,345,259,0
5339473244,13123,江戸川区,35.69895833333334,139.91093750000002,1058,549,289,260,0
5339473311,13123,江戸川区,35.692708333333336,139.9140625,0,38,0,38,0
5339473313,13123,江戸川区,35.69479166666667,139.9140625,105,80,43,37,0
5339473331,13123,江戸川区,35.696875000000006,139.9140625,1175,917,457,159,301
5339473332,13123,江戸川区,35.696875000000006,139.9171875,368,663,203,159,301
5339473333,13123,江戸川区,35.69895833333334,139.9140625,987,793,334,158,301
5339473334,13123,江戸川区,35.69895833333334,139.9171875,88,502,41,160,301
5339474011,13123,江戸川区,35.70104166666667,139.8765625,1011,768,288,353,127
5339474012,13123,江戸川区,35.70104166666667,139.87968750000002,587,650,172,352,126
5339474013,13123,江戸川区,35.703125,139.8765625,807,679,201,352,126
5339474014,13123,江戸川区,35.703125,139.87968750000002,568,647,168,352,127
5339474021,13123,江戸川区,35.70104166666667,139.8828125,735,423,236,187,0
5339474022,13123,江戸川区,35.70104166666667,139.8859375,486,319,134,185,0
5339474023,13123,江戸川区,35.703125,139.8828125,493,345,159,186,0
5339474024,13123,江戸川区,35.703125,139.8859375,639,360,174,186,0
5339474031,13123,江戸川区,35.70520833333334,139.8765625,1086,646,337,309,0
5339474032,13123,江戸川区,35.70520833333334,139.87968750000002,954,588,280,308,0
5339474033,13123,江戸川区,35.70729166666667,139.8765625,1065,634,326,308,0
5339474034,13123,江戸川区,35.70729166666667,139.87968750000002,689,561,253,308,0
5339474041,13123,江戸川区,35.70520833333334,139.8828125,694,517,197,171,149
5339474042,13123,江戸川区,35.70520833333334,139.8859375,573,465,143,172,150
5339474043,13123,江戸川区,35.70729166666667,139.8828125,250,395,77,170,148
5339474044,13123,江戸川区,35.70729166666667,139.8859375,521,510,188,172,150
5339474111,13123,江戸川区,35.70104166666667,139.8890625,938,799,245,325,229
5339474112,13123,江戸川区,35.70104166666667,139.8921875,942,772,220,325,227
5339474113,13123,江戸川区,35.703125,139.8890625,902,762,210,324,228
5339474114,13123,江戸川区,35.703125,139.8921875,1093,936,383,325,228
5339474121,13123,江戸川区,35.70104166666667,139.8953125,616,300,155,145,0
5339474122,13123,江戸川区,35.70104166666667,139.8984375,899,328,185,143,0
5339474123,13123,江戸川区,35.703125,139.8953125,773,375,231,144,0
5339474124,13123,江戸川区,35.703125,139.8984375,268,226,83,143,0
5339474131,13123,江戸川区,35.70520833333334,139.8890625,731,543,184,252,107
5339474132,13123,江戸川区,35.70520833333334,139.8921875,1050,618,260,252,106
5339474133,13123,江戸川区,35.70729166666667,139.8890625,735,553,195,251,107
5339474134,13123,江戸川区,35.70729166666667,139.8921875,675,579,221,251,107
5339474141,13123,江戸川区,35.70520833333334,139.8953125,1033,653,283,236,134
5339474142,13123,江戸川区,35.70520833333334,139.8984375,547,530,163,235,132
5339474143,13123,江戸川区,35.70729166666667,139.8953125,535,544,177,235,132
5339474144,13123,江戸川区,35.70729166666667,139.8984375,743,610,242,234,134
5339474211,13123,江戸川区,35.70104166666667,139.9015625,813,519,200,319,0
5339474212,13123,江戸川区,35.70104166666667,139.90468750000002,658,496,176,320,0
5339474213,13123,江戸川区,35.703125,139.9015625,428,441,123,318,0
5339474214,13123,江戸川区,35.703125,139.90468750000002,544,459,140,319,0
5339474221,13123,江戸川区,35.70104166666667,139.9078125,1168,674,296,231,147
5339474222,13123,江戸川区,35.70104166666667,139.91093750000002,1403,771,392,231,148
5339474223,13123,江戸川区,35.703125,139.9078125,807,672,294,231,147
5339474224,13123,江戸川区,35.703125,139.91093750000002,847,642,263,231,148
5339474231,13123,江戸川区,35.70520833333334,139.9015625,1099,1022,260,762,0
5339474232,13123,江戸川区,35.70520833333334,139.90468750000002,2066,1258,496,762,0
5339474233,13123,江戸川区,35.70729166666667,139.9015625,1277,1105,344,761,0
5339474234,13123,江戸川区,35.70729166666667,139.90468750000002,1789,1246,483,763,0
5339474241,13123,江戸川区,35.70520833333334,139.9078125,906,611,259,216,136
5339474242,13123,江戸川区,35.70520833333334,139.91093750000002,1174,619,266,216,137
5339474243,13123,江戸川区,35.70729166666667,139.9078125,1189,745,394,216,135
5339474244,13123,江戸川区,35.70729166666667,139.91093750000002,675,641,288,216,137
5339474311,13123,江戸川区,35.70104166666667,139.9140625,1281,695,357,189,149
5339474312,13123,江戸川区,35.70104166666667,139.9171875,102,421,84,188,149
5339474313,13123,江戸川区,35.703125,139.9140625,958,592,257,187,148
5339474331,13123,江戸川区,35.70520833333334,139.9140625,214,97,70,27,0
5339474333,13123,江戸川区,35.70729166666667,139.9140625,0,26,0,26,0
5339475011,13123,江戸川区,35.709375,139.8765625,1124,564,331,233,0
5339475012,13123,江戸川区,35.709375,139.87968750000002,924,478,246,232,0
5339475013,13123,江戸川区,35.71145833333333,139.8765625,955,604,373,231,0
5339475014,13123,江戸川区,35.71145833333333,139.87968750000002,943,532,300,232,0
5339475021,13123,江戸川区,35.709375,139.8828125,515,388,182,118,88
5339475022,13123,江戸川区,35.709375,139.8859375,460,354,151,116,87
5339475023,13123,江戸川区,35.71145833333333,139.8828125,272,308,104,116,88
5339475024,13123,江戸川区,35.71145833333333,139.8859375,676,420,216,117,87
5339475031,13123,江戸川区,35.71354166666667,139.8765625,972,508,329,179,0
5339475032,13123,江戸川区,35.71354166666667,139.87968750000002,522,333,154,179,0
5339475033,13123,江戸川区,35.715625,139.8765625,863,462,284,178,0
5339475034,13123,江戸川区,35.715625,139.87968750000002,417,282,103,179,0
5339475041,13123,江戸川区,35.71354166666667,139.8828125,304,301,95,115,91
5339475042,13123,江戸川区,35.71354166666667,139.8859375,712,445,240,115,90
5339475043,13123,江戸川区,35.715625,139.8828125,363,324,119,114,91
5339475044,13123,江戸川区,35.715625,139.8859375,982,474,267,116,91
5339475111,13123,江戸川区,35.709375,139.8890625,514,535,154,202,179
5339475112,13123,江戸川区,35.709375,139.8921875,725,599,218,203,178
5339475113,13123,江戸川区,35.71145833333333,139.8890625,642,586,206,202,178
5339475114,13123,江戸川区,35.71145833333333,139.8921875,820,605,224,203,178
5339475121,13123,江戸川区,35.709375,139.8953125,227,289,95,194,0
5339475122,13123,江戸川区,35.709375,139.8984375,930,499,307,192,0
5339475123,13123,江戸川区,35.71145833333333,139.8953125,1068,562,369,193,0
5339475124,13123,江戸川区,35.71145833333333,139.8984375,1114,538,345,193,0
5339475131,13123,江戸川区,35.71354166666667,139.8890625,749,519,215,304,0
5339475132,13123,江戸川区,35.71354166666667,139.8921875,884,577,274,303,0
5339475133,13123,江戸川区,35.715625,139.8890625,839,568,265,303,0
5339475134,13123,江戸川区,35.715625,139.8921875,1019,827,523,304,0
5339475141,13123,江戸川区,35.71354166666667,139.8953125,939,328,306,22,0
5339475142,13123,江戸川区,35.71354166666667,139.8984375,907,315,293,22,0
5339475143,13123,江戸川区,35.715625,139.8953125,265,108,86,22,0
5339475144,13123,江戸川区,35.715625,139.8984375,0,22,0,22,0
5339475211,13123,江戸川区,35.709375,139.9015625,1620,625,420,205,0
5339475212,13123,江戸川区,35.709375,139.90468750000002,1208,497,293,204,0
5339475213,13123,江戸川区,35.71145833333333,139.9015625,1226,557,352,205,0
5339475214,13123,江戸川区,35.71145833333333,139.90468750000002,952,475,270,205,0
5339475221,13123,江戸川区,35.709375,139.9078125,842,331,261,70,0
5339475222,13123,江戸川区,35.709375,139.91093750000002,230,144,74,70,0
5339475223,13123,江戸川区,35.71145833333333,139.9078125,429,208,138,70,0
5339475224,13123,江戸川区,35.71145833333333,139.91093750000002,0,71,0,71,0
5339475231,13123,江戸川区,35.71354166666667,139.9015625,510,331,167,58,106
5339475232,13123,江戸川区,35.71354166666667,139.90468750000002,781,364,203,57,104
5339475233,13123,江戸川区,35.715625,139.9015625,184,210,49,57,104
5339475234,13123,江戸川区,35.715625,139.90468750000002,0,163,0,58,105
5339475241,13123,江戸川区,35.71354166666667,139.9078125,10,26,3,23,0
5339475311,13123,江戸川区,35.709375,139.9140625,0,31,0,31,0
5339476011,13123,江戸川区,35.717708333333334,139.8765625,208,800,65,306,429
5339476012,13123,江戸川区,35.717708333333334,139.87968750000002,471,911,177,306,428
5339476013,13123,江戸川区,35.719791666666666,139.8765625,645,947,212,306,429
5339476014,13123,江戸川区,35.719791666666666,139.87968750000002,298,828,94,306,428
5339476021,13123,江戸川区,35.717708333333334,139.8828125,771,612,264,230,118
5339476022,13123,江戸川区,35.717708333333334,139.8859375,847,604,256,229,119
5339476023,13123,江戸川区,35.719791666666666,139.8828125,797,623,277,228,118
5339476024,13123,江戸川区,35.719791666666666,139.8859375,1351,775,427,229,119
5339476031,13123,江戸川区,35.721875000000004,139.8765625,980,449,311,138,0
5339476032,13123,江戸川区,35.721875000000004,139.87968750000002,450,292,156,136,0
5339476033,13123,江戸川区,35.723958333333336,139.8765625,568,334,198,136,0
5339476034,13123,江戸川区,35.723958333333336,139.87968750000002,710,407,270,137,0
5339476041,13123,江戸川区,35.721875000000004,139.8828125,1303,757,428,170,159
5339476042,13123,江戸川区,35.721875000000004,139.8859375,1350,753,423,171,159
5339476043,13123,江戸川区,35.723958333333336,139.8828125,1321,706,377,171,158
5339476044,13123,江戸川区,35.723958333333336,139.8859375,1109,701,371,170,160
5339476111,13123,江戸川区,35.717708333333334,139.8890625,1235,660,335,211,114
5339476112,13123,江戸川区,35.717708333333334,139.8921875,840,623,299,210,114
5339476113,13123,江戸川区,35.719791666666666,139.8890625,1200,816,492,209,115
5339476114,13123,江戸川区,35.719791666666666,139.8921875,1178,711,387,210,114
5339476121,13123,江戸川区,35.717708333333334,139.8953125,1145,398,304,94,0
5339476122,13123,江戸川区,35.717708333333334,139.8984375,704,344,250,94,0
5339476123,13123,江戸川区,35.719791666666666,139.8953125,999,380,287,93,0
5339476124,13123,江戸川区,35.719791666666666,139.8984375,245,167,74,93,0
5339476131,13123,江戸川区,35.721875000000004,139.8890625,908,730,304,177,249
5339476132,13123,江戸川区,35.721875000000004,139.8921875,1102,759,335,175,249
5339476133,13123,江戸川区,35.723958333333336,139.8890625,820,687,262,176,249
5339476134,13123,江戸川区,35.723958333333336,139.8921875,1030,737,314,175,248
5339476141,13123,江戸川区,35.721875000000004,139.8953125,744,245,200,45,0
5339476142,13123,江戸川区,35.721875000000004,139.8984375,0,44,0,44,0
5339476143,13123,江戸川区,35.723958333333336,139.8953125,544,199,155,44,0
5339476211,13123,江戸川区,35.717708333333334,139.9015625,0,1,0,1,0
5339476212,13123,江戸川区,35.717708333333334,139.90468750000002,0,1,0,1,0
5339477011,13123,江戸川区,35.72604166666667,139.8765625,414,347,161,102,84
5339477012,13123,江戸川区,35.72604166666667,139.87968750000002,1072,575,390,100,85
5339477013,13123,江戸川区,35.728125,139.8765625,591,381,197,100,84
5339477014,13123,江戸川区,35.728125,139.87968750000002,1271,626,441,101,84
5339477021,13123,江戸川区,35.72604166666667,139.8828125,1426,910,398,399,113
5339477022,13123,江戸川区,35.72604166666667,139.8859375,1467,1009,497,398,114
5339477023,13123,江戸川区,35.728125,139.8828125,1210,894,382,399,113
5339477024,13123,江戸川区,35.728125,139.8859375,1321,913,401,398,114
5339477031,13123,江戸川区,35.73020833333334,139.8765625,901,805,318,329,158
5339477032,13123,江戸川区,35.73020833333334,139.87968750000002,879,786,300,328,158
5339477033,13123,江戸川区,35.73229166666667,139.8765625,1184,877,392,328,157
5339477034,13123,江戸川区,35.73229166666667,139.87968750000002,838,749,262,329,158
5339477041,13123,江戸川区,35.73020833333334,139.8828125,1279,1272,377,895,0
5339477042,13123,江戸川区,35.73020833333334,139.8859375,1202,1301,406,895,0
5339477043,13123,江戸川区,35.73229166666667,139.8828125,1141,1265,371,894,0
5339477044,13123,江戸川区,35.73229166666667,139.8859375,1122,1239,344,895,0
5339477111,13123,江戸川区,35.72604166666667,139.8890625,1116,872,364,508,0
5339477112,13123,江戸川区,35.72604166666667,139.8921875,793,793,286,507,0
5339477113,13123,江戸川区,35.728125,139.8890625,896,767,260,507,0
5339477114,13123,江戸川区,35.728125,139.8921875,459,693,185,508,0
5339477121,13123,江戸川区,35.72604166666667,139.8953125,216,74,69,5,0
5339477123,13123,江戸川区,35.728125,139.8953125,15,11,6,5,0
5339477131,13123,江戸川区,35.73020833333334,139.8890625,1284,1260,408,203,649
5339477132,13123,江戸川区,35.73020833333334,139.8921875,952,1162,310,204,648
5339477133,13123,江戸川区,35.73229166666667,139.8890625,1015,1204,353,203,648
5339477134,13123,江戸川区,35.73229166666667,139.8921875,941,1144,292,203,649
5339477141,13123,江戸川区,35.73020833333334,139.8953125,0,7,0,7,0
5339477143,13123,江戸川区,35.73229166666667,139.8953125,214,78,71,7,0
5339478011,13123,江戸川区,35.73437500000001,139.8765625,1328,1369,390,736,243
5339478012,13123,江戸川区,35.73437500000001,139.87968750000002,1592,1439,460,736,243
5339478013,13123,江戸川区,35.73645833333334,139.8765625,921,1269,292,735,242
5339478014,13123,江戸川区,35.73645833333334,139.87968750000002,1216,1335,356,736,243
5339478021,13123,江戸川区,35.73437500000001,139.8828125,1151,1263,374,889,0
5339478022,13123,江戸川区,35.73437500000001,139.8859375,1331,1295,406,889,0
5339478023,13123,江戸川区,35.73645833333334,139.8828125,1263,1258,369,889,0
5339478024,13123,江戸川区,35.73645833333334,139.8859375,1084,1216,326,890,0
5339478031,13122,葛飾区,35.73854166666668,139.8765625,1099,670,379,291,0
5339478032,13123,江戸川区,35.73854166666668,139.87968750000002,1664,863,573,290,0
5339478033,13122,葛飾区,35.74062500000001,139.8765625,1188,670,380,290,0
5339478034,13122,葛飾区,35.74062500000001,139.87968750000002,1187,644,354,290,0
5339478041,13123,江戸川区,35.73854166666668,139.8828125,2012,1103,498,218,387
5339478042,13123,江戸川区,35.73854166666668,139.8859375,1222,999,397,216,386
5339478043,13123,江戸川区,35.74062500000001,139.8828125,1375,1023,420,217,386
5339478044,13123,江戸川区,35.74062500000001,139.8859375,1011,952,347,217,388
5339478111,13123,江戸川区,35.73437500000001,139.8890625,1019,876,369,360,147
5339478112,13123,江戸川区,35.73437500000001,139.8921875,1426,935,428,359,148
5339478113,13123,江戸川区,35.73645833333334,139.8890625,860,787,282,359,146
5339478114,13123,江戸川区,35.73645833333334,139.8921875,1002,797,290,359,148
5339478121,13123,江戸川区,35.73437500000001,139.8953125,539,277,197,80,0
5339478122,13123,江戸川区,35.73437500000001,139.8984375,0,78,0,78,0
5339478123,13123,江戸川区,35.73645833333334,139.8953125,874,365,287,78,0
5339478124,13123,江戸川区,35.73645833333334,139.8984375,0,79,0,79,0
5339478131,13123,江戸川区,35.73854166666668,139.8890625,1092,549,354,195,0
5339478132,13123,江戸川区,35.73854166666668,139.8921875,1051,537,341,196,0
5339478133,13123,江戸川区,35.74062500000001,139.8890625,1053,573,379,194,0
5339478134,13123,江戸川区,35.74062500000001,139.8921875,1092,598,402,196,0
5339478141,13123,江戸川区,35.73854166666668,139.8953125,1147,414,366,48,0
5339478142,13123,江戸川区,35.73854166666668,139.8984375,0,48,0,48,0
5339478143,13123,江戸川区,35.74062500000001,139.8953125,1190,440,392,48,0
5339478144,13123,江戸川区,35.74062500000001,139.8984375,0,48,0,48,0
5339479011,13122,葛飾区,35.74270833333334,139.8765625,1088,585,378,207,0
5339479012,13122,葛飾区,35.74270833333334,139.87968750000002,1005,541,336,205,0
5339479013,13122,葛飾区,35.74479166666667,139.8765625,1016,538,332,206,0
5339479014,13122,葛飾区,35.74479166666667,139.87968750000002,833,488,282,206,0
5339479021,13123,江戸川区,35.74270833333334,139.8828125,1523,1011,525,486,0
5339479022,13123,江戸川区,35.74270833333334,139.8859375,782,732,246,486,0
5339479023,13123,江戸川区,35.74479166666667,139.8828125,1198,891,406,485,0
5339479024,13123,江戸川区,35.74479166666667,139.8859375,1091,791,305,486,0
5339479031,13122,葛飾区,35.74687500000001,139.8765625,877,472,309,163,0
5339479032,13122,葛飾区,35.74687500000001,139.87968750000002,1020,506,343,163,0
5339479033,13122,葛飾区,35.74895833333334,139.8765625,832,438,275,163,0
5339479034,13122,葛飾区,35.74895833333334,139.87968750000002,1271,557,394,163,0
5339479041,13122,葛飾区,35.74687500000001,139.8828125,1039,846,365,136,345
5339479042,13123,江戸川区,35.74687500000001,139.8859375,652,662,183,135,344
5339479043,13123,江戸川区,35.74895833333334,139.8828125,1410,904,425,134,345
5339479044,13123,江戸川区,35.74895833333334,139.8859375,974,764,283,136,345
5339479111,13123,江戸川区,35.74270833333334,139.8890625,880,501,291,102,108
5339479112,13123,江戸川区,35.74270833333334,139.8921875,1071,548,340,101,107
5339479113,13123,江戸川区,35.74479166666667,139.8890625,1145,569,359,102,108
5339479114,13123,江戸川区,35.74479166666667,139.8921875,897,491,282,101,108
5339479121,13123,江戸川区,35.74270833333334,139.8953125,732,275,253,22,0
5339479122,13123,江戸川区,35.74270833333334,139.8984375,0,22,0,22,0
5339479123,13123,江戸川区,35.74479166666667,139.8953125,160,103,81,22,0
5339479124,13123,江戸川区,35.74479166666667,139.8984375,0,22,0,22,0
5339479131,13123,江戸川区,35.74687500000001,139.8890625,787,271,263,8,0
5339479132,13123,江戸川区,35.74687500000001,139.8921875,39,15,6,9,0
5339479133,13123,江戸川区,35.74895833333334,139.8890625,44,17,9,8,0
5339479141,13123,江戸川区,35.74687500000001,139.8953125,0,5,0,5,0
5339540521,13120,練馬区,35.751041666666666,139.5703125,757,400,194,96,110
5339540522,13120,練馬区,35.751041666666666,139.5734375,871,431,223,97,111
5339540523,13120,練馬区,35.753125,139.5703125,771,389,184,96,109
5339540524,13120,練馬区,35.753125,139.5734375,892,533,327,96,110
5339540532,13120,練馬区,35.755208333333336,139.56718750000002,572,323,211,112,0
5339540534,13120,練馬区,35.75729166666667,139.56718750000002,680,363,250,113,0
5339540541,13120,練馬区,35.755208333333336,139.5703125,766,434,226,97,111
5339540542,13120,練馬区,35.755208333333336,139.5734375,804,455,249,96,110
5339540543,13120,練馬区,35.75729166666667,139.5703125,745,528,321,97,110
5339540544,13120,練馬区,35.75729166666667,139.5734375,658,430,222,97,111
5339540611,13120,練馬区,35.751041666666666,139.5765625,684,292,213,79,0
5339540612,13120,練馬区,35.751041666666666,139.5796875,511,257,177,80,0
5339540613,13120,練馬区,35.753125,139.5765625,896,376,297,79,0
5339540614,13120,練馬区,35.753125,139.5796875,1039,434,355,79,0
5339540621,13120,練馬区,35.751041666666666,139.5828125,1033,1434,286,844,304
5339540622,13120,練馬区,35.751041666666666,139.5859375,1034,1419,271,844,304
5339540623,13120,練馬区,35.753125,139.5828125,843,1401,256,842,303
5339540624,13120,練馬区,35.753125,139.5859375,670,1363,215,844,304
5339540631,13120,練馬区,35.755208333333336,139.5765625,751,414,224,106,84
5339540632,13120,練馬区,35.755208333333336,139.5796875,559,365,174,107,84
5339540633,13120,練馬区,35.75729166666667,139.5765625,497,406,216,106,84
5339540634,13120,練馬区,35.75729166666667,139.5796875,556,358,168,106,84
5339540641,13120,練馬区,35.755208333333336,139.5828125,876,441,323,118,0
5339540642,13120,練馬区,35.755208333333336,139.5859375,995,434,317,117,0
5339540643,13120,練馬区,35.75729166666667,139.5828125,557,304,186,118,0
5339540644,13120,練馬区,35.75729166666667,139.5859375,662,377,260,117,0
5339540711,13120,練馬区,35.751041666666666,139.5890625,810,581,208,373,0
5339540712,13120,練馬区,35.751041666666666,139.59218750000002,1100,707,335,372,0
5339540713,13120,練馬区,35.753125,139.5890625,720,653,280,373,0
5339540714,13120,練馬区,35.753125,139.59218750000002,851,697,324,373,0
5339540721,13120,練馬区,35.751041666666666,139.5953125,1305,1095,522,573,0
5339540722,13120,練馬区,35.751041666666666,139.59843750000002,685,739,166,573,0
5339540723,13120,練馬区,35.753125,139.5953125,257,669,97,572,0
5339540724,13120,練馬区,35.753125,139.59843750000002,519,749,177,572,0
5339540731,13120,練馬区,35.755208333333336,139.5890625,839,531,335,196,0
5339540732,13120,練馬区,35.755208333333336,139.59218750000002,1289,551,355,196,0
5339540733,13120,練馬区,35.75729166666667,139.5890625,906,470,275,195,0
5339540734,13120,練馬区,35.75729166666667,139.59218750000002,1181,599,403,196,0
5339540741,13120,練馬区,35.755208333333336,139.5953125,1062,644,331,218,95
5339540742,13120,練馬区,35.755208333333336,139.59843750000002,388,452,140,216,96
5339540743,13120,練馬区,35.75729166666667,139.5953125,822,636,324,217,95
5339540744,13120,練馬区,35.75729166666667,139.59843750000002,133,386,73,218,95
5339540811,13120,練馬区,35.751041666666666,139.6015625,851,562,316,138,108
5339540812,13120,練馬区,35.751041666666666,139.6046875,1069,619,374,139,106
5339540813,13120,練馬区,35.753125,139.6015625,1089,605,362,137,106
5339540814,13120,練馬区,35.753125,139.6046875,1067,618,371,139,108
5339540821,13120,練馬区,35.751041666666666,139.6078125,1019,553,310,243,0
5339540822,13120,練馬区,35.751041666666666,139.6109375,814,483,239,244,0
5339540823,13120,練馬区,35.753125,139.6078125,812,475,231,244,0
5339540824,13120,練馬区,35.753125,139.6109375,826,456,212,244,0
5339540831,13120,練馬区,35.755208333333336,139.6015625,833,431,249,182,0
5339540832,13120,練馬区,35.755208333333336,139.6046875,824,380,197,183,0
5339540833,13120,練馬区,35.75729166666667,139.6015625,677,377,194,183,0
5339540834,13120,練馬区,35.75729166666667,139.6046875,812,410,228,182,0
5339540841,13120,練馬区,35.755208333333336,139.6078125,681,428,222,206,0
5339540842,13120,練馬区,35.755208333333336,139.6109375,926,468,264,204,0
5339540843,13120,練馬区,35.75729166666667,139.6078125,591,359,154,205,0
5339540844,13120,練馬区,35.75729166666667,139.6109375,925,526,320,206,0
5339540911,13120,練馬区,35.751041666666666,139.61406250000002,600,590,212,229,149
5339540912,13120,練馬区,35.751041666666666,139.61718750000003,747,584,207,227,150
5339540913,13120,練馬区,35.753125,139.61406250000002,895,719,343,228,148
5339540914,13120,練馬区,35.753125,139.61718750000003,529,526,148,229,149
5339540921,13120,練馬区,35.751041666666666,139.6203125,683,476,189,287,0
5339540922,13120,練馬区,35.751041666666666,139.62343750000002,795,525,239,286,0
5339540923,13120,練馬区,35.753125,139.6203125,739,473,187,286,0
5339540924,13120,練馬区,35.753125,139.62343750000002,909,527,240,287,0
5339540931,13120,練馬区,35.755208333333336,139.61406250000002,520,629,165,236,228
5339540932,13120,練馬区,35.755208333333336,139.61718750000003,845,745,281,236,228
5339540933,13120,練馬区,35.75729166666667,139.61406250000002,650,640,176,236,228
5339540934,13120,練馬区,35.75729166666667,139.61718750000003,848,697,233,237,227
5339540941,13120,練馬区,35.755208333333336,139.6203125,731,815,180,635,0
5339540942,13120,練馬区,35.755208333333336,139.62343750000002,1977,1366,732,634,0
5339540943,13120,練馬区,35.75729166666667,139.6203125,619,824,190,634,0
5339540944,13120,練馬区,35.75729166666667,139.62343750000002,2518,1495,860,635,0
5339541512,13120,練馬区,35.759375,139.56718750000002,772,370,253,117,0
5339541513,13120,練馬区,35.76145833333333,139.5640625,811,408,292,116,0
5339541514,13120,練馬区,35.76145833333333,139.56718750000002,1021,444,327,117,0
5339541521,13120,練馬区,35.759375,139.5703125,939,474,327,147,0
5339541522,13120,練馬区,35.759375,139.5734375,454,299,152,147,0
5339541523,13120,練馬区,35.76145833333333,139.5703125,777,419,273,146,0
5339541524,13120,練馬区,35.76145833333333,139.5734375,634,310,163,147,0
5339541542,13120,練馬区,35.76354166666667,139.5734375,544,333,138,100,95
5339541543,13120,練馬区,35.765625,139.5703125,763,457,263,98,96
5339541544,13120,練馬区,35.765625,139.5734375,349,338,144,99,95
5339541611,13120,練馬区,35.759375,139.5765625,583,325,184,141,0
5339541612,13120,練馬区,35.759375,139.5796875,602,354,215,139,0
5339541613,13120,練馬区,35.76145833333333,139.5765625,908,474,334,140,0
5339541614,13120,練馬区,35.76145833333333,139.5796875,746,345,205,140,0
5339541621,13120,練馬区,35.759375,139.5828125,600,400,209,191,0
5339541622,13120,練馬区,35.759375,139.5859375,646,422,233,189,0
5339541623,13120,練馬区,35.76145833333333,139.5828125,658,403,213,190,0
5339541624,13120,練馬区,35.76145833333333,139.5859375,587,374,184,190,0
5339541631,13120,練馬区,35.76354166666667,139.5765625,793,569,254,182,133
5339541632,13120,練馬区,35.76354166666667,139.5796875,711,499,184,182,133
5339541633,13120,練馬区,35.765625,139.5765625,476,450,137,181,132
5339541634,13120,練馬区,35.765625,139.5796875,799,590,274,182,134
5339541641,13120,練馬区,35.76354166666667,139.5828125,581,320,139,84,97
5339541642,13120,練馬区,35.76354166666667,139.5859375,311,285,104,84,97
5339541643,13120,練馬区,35.765625,139.5828125,806,419,238,83,98
5339541644,13120,練馬区,35.765625,139.5859375,516,355,175,83,97
5339541711,13120,練馬区,35.759375,139.5890625,594,355,207,148,0
5339541712,13120,練馬区,35.759375,139.59218750000002,785,398,251,147,0
5339541713,13120,練馬区,35.76145833333333,139.5890625,943,476,329,147,0
5339541714,13120,練馬区,35.76145833333333,139.59218750000002,736,394,247,147,0
5339541721,13120,練馬区,35.759375,139.5953125,703,515,264,66,185
5339541722,13120,練馬区,35.759375,139.59843750000002,99,274,24,66,184
5339541723,13120,練馬区,35.76145833333333,139.5953125,459,387,137,66,184
5339541724,13120,練馬区,35.76145833333333,139.59843750000002,687,412,162,66,184
5339541731,13120,練馬区,35.76354166666667,139.5890625,471,473,157,198,118
5339541732,13120,練馬区,35.76354166666667,139.59218750000002,640,526,214,196,116
5339541733,13120,練馬区,35.765625,139.5890625,681,549,235,197,117
5339541734,13120,練馬区,35.765625,139.59218750000002,662,520,207,196,117
5339541741,13120,練馬区,35.76354166666667,139.5953125,680,686,241,220,225
5339541742,13120,練馬区,35.76354166666667,139.59843750000002,464,622,180,219,223
5339541743,13120,練馬区,35.765625,139.5953125,891,731,288,219,224
5339541744,13120,練馬区,35.765625,139.59843750000002,605,611,169,218,224
5339541811,13120,練馬区,35.759375,139.6015625,501,503,191,218,94
5339541812,13120,練馬区,35.759375,139.6046875,802,543,230,218,95
5339541813,13120,練馬区,35.76145833333333,139.6015625,736,623,314,216,93
5339541814,13120,練馬区,35.76145833333333,139.6046875,608,532,220,218,94
5339541821,13120,練馬区,35.759375,139.6078125,852,437,262,175,0
5339541822,13120,練馬区,35.759375,139.6109375,809,567,394,173,0
5339541823,13120,練馬区,35.76145833333333,139.6078125,946,490,316,174,0
5339541824,13120,練馬区,35.76145833333333,139.6109375,708,446,273,173,0
5339541831,13120,練馬区,35.76354166666667,139.6015625,807,404,263,141,0
5339541832,13120,練馬区,35.76354166666667,139.6046875,580,333,193,140,0
5339541833,13120,練馬区,35.765625,139.6015625,724,389,248,141,0
5339541834,13120,練馬区,35.765625,139.6046875,611,336,196,140,0
5339541841,13120,練馬区,35.76354166666667,139.6078125,798,505,289,216,0
5339541842,13120,練馬区,35.76354166666667,139.6109375,479,374,159,215,0
5339541843,13120,練馬区,35.765625,139.6078125,699,463,249,214,0
5339541844,13120,練馬区,35.765625,139.6109375,473,360,145,215,0
5339541911,13120,練馬区,35.759375,139.61406250000002,558,386,165,195,26
5339541912,13120,練馬区,35.759375,139.61718750000003,869,465,247,193,25
5339541913,13120,練馬区,35.76145833333333,139.61406250000002,733,644,425,194,25
5339541914,13120,練馬区,35.76145833333333,139.61718750000003,845,477,257,194,26
5339541921,13120,練馬区,35.759375,139.6203125,648,624,142,295,187
5339541922,13120,練馬区,35.759375,139.62343750000002,949,907,427,294,186
5339541923,13120,練馬区,35.76145833333333,139.6203125,692,664,186,293,185
5339541924,13120,練馬区,35.76145833333333,139.62343750000002,505,631,149,295,187
5339541931,13120,練馬区,35.76354166666667,139.61406250000002,573,530,202,242,86
5339541932,13120,練馬区,35.76354166666667,139.61718750000003,759,572,245,242,85
5339541933,13120,練馬区,35.765625,139.61406250000002,635,508,181,241,86
5339541934,13120,練馬区,35.765625,139.61718750000003,919,628,301,242,85
5339541941,13120,練馬区,35.76354166666667,139.6203125,910,588,302,286,0
5339541942,13120,練馬区,35.76354166666667,139.62343750000002,905,593,308,285,0
5339541943,13120,練馬区,35.765625,139.6203125,995,545,260,285,0
5339541944,13120,練馬区,35.765625,139.62343750000002,1314,734,448,286,0
5339542611,13120,練馬区,35.76770833333333,139.5765625,929,444,333,111,0
5339542612,13120,練馬区,35.76770833333333,139.5796875,833,364,253,111,0
5339542614,13120,練馬区,35.76979166666666,139.5796875,845,473,363,110,0
5339542621,13120,練馬区,35.76770833333333,139.5828125,727,539,290,249,0
5339542622,13120,練馬区,35.76770833333333,139.5859375,643,472,223,249,0
5339542623,13120,練馬区,35.76979166666666,139.5828125,675,511,262,249,0
5339542624,13120,練馬区,35.76979166666666,139.5859375,681,488,239,249,0
5339542641,13120,練馬区,35.771875,139.5828125,572,470,191,279,0
5339542642,13120,練馬区,35.771875,139.5859375,692,582,303,279,0
5339542644,13120,練馬区,35.77395833333333,139.5859375,685,525,246,279,0
5339542711,13120,練馬区,35.76770833333333,139.5890625,655,536,238,200,98
5339542712,13120,練馬区,35.76770833333333,139.59218750000002,905,576,280,200,96
5339542713,13120,練馬区,35.76979166666666,139.5890625,531,474,180,198,96
5339542714,13120,練馬区,35.76979166666666,139.59218750000002,928,603,305,200,98
5339542721,13120,練馬区,35.76770833333333,139.5953125,637,305,220,85,0
5339542722,13120,練馬区,35.76770833333333,139.59843750000002,465,226,141,85,0
5339542723,13120,練馬区,35.76979166666666,139.5953125,835,350,264,86,0
5339542731,13120,練馬区,35.771875,139.5890625,850,465,310,155,0
5339542732,13120,練馬区,35.771875,139.59218750000002,824,449,293,156,0
5339542733,13120,練馬区,35.77395833333333,139.5890625,775,447,293,154,0
5339542734,13120,練馬区,35.77395833333333,139.59218750000002,726,498,342,156,0
5339542741,13120,練馬区,35.771875,139.5953125,694,409,210,199,0
5339542743,13120,練馬区,35.77395833333333,139.5953125,562,393,194,199,0
5339542744,13120,練馬区,35.77395833333333,139.59843750000002,275,334,135,199,0
5339542811,13120,練馬区,35.76770833333333,139.6015625,270,191,105,86,0
5339542812,13120,練馬区,35.76770833333333,139.6046875,402,235,149,86,0
5339542813,13120,練馬区,35.76979166666666,139.6015625,313,224,139,85,0
5339542814,13120,練馬区,35.76979166666666,139.6046875,554,283,196,87,0
5339542821,13120,練馬区,35.76770833333333,139.6078125,984,500,246,83,171
5339542822,13120,練馬区,35.76770833333333,139.6109375,795,516,262,82,172
5339542824,13120,練馬区,35.76979166666666,139.6109375,383,348,94,82,172
5339542833,13120,練馬区,35.77395833333333,139.6015625,197,191,53,138,0
5339542911,13120,練馬区,35.76770833333333,139.61406250000002,584,323,207,116,0
5339542912,13120,練馬区,35.76770833333333,139.61718750000003,1690,537,421,116,0
5339542913,13120,練馬区,35.76979166666666,139.61406250000002,381,225,109,116,0
5339542922,13120,練馬区,35.76770833333333,139.62343750000002,973,651,271,231,149
5339543711,13120,練馬区,35.776041666666664,139.5890625,709,689,243,179,267
5339543712,13120,練馬区,35.776041666666664,139.59218750000002,621,657,214,177,266
5339543713,13120,練馬区,35.778124999999996,139.5890625,20,452,9,178,265
5339543721,13120,練馬区,35.776041666666664,139.5953125,134,1386,80,1306,0
5339543722,13120,練馬区,35.776041666666664,139.59843750000002,0,1305,0,1305,0
5339543723,13120,練馬区,35.778124999999996,139.5953125,0,1305,0,1305,0
5339550011,13120,練馬区,35.751041666666666,139.6265625,665,490,187,303,0
5339550012,13120,練馬区,35.751041666666666,139.62968750000002,695,508,206,302,0
5339550013,13120,練馬区,35.753125,139.6265625,901,569,267,302,0
5339550014,13120,練馬区,35.753125,139.62968750000002,1042,619,317,302,0
5339550021,13120,練馬区,35.751041666666666,139.6328125,1084,639,298,260,81
5339550022,13120,練馬区,35.751041666666666,139.6359375,1054,593,251,261,81
5339550023,13120,練馬区,35.753125,139.6328125,1267,741,399,261,81
5339550024,13120,練馬区,35.753125,139.6359375,765,546,204,261,81
5339550031,13120,練馬区,35.755208333333336,139.6265625,1278,988,437,238,313
5339550032,13120,練馬区,35.755208333333336,139.62968750000002,1958,1268,718,237,313
5339550033,13120,練馬区,35.75729166666667,139.6265625,2630,1527,977,237,313
5339550034,13120,練馬区,35.75729166666667,139.62968750000002,2859,1629,1078,238,313
5339550041,13120,練馬区,35.755208333333336,139.6328125,782,503,241,161,101
5339550042,13120,練馬区,35.755208333333336,139.6359375,742,482,221,160,101
5339550043,13120,練馬区,35.75729166666667,139.6328125,867,476,215,161,100
5339550044,13120,練馬区,35.75729166666667,139.6359375,782,458,198,160,100
5339550111,13120,練馬区,35.751041666666666,139.6390625,1412,742,428,314,0
5339550112,13120,練馬区,35.751041666666666,139.6421875,1091,679,366,313,0
5339550113,13120,練馬区,35.753125,139.6390625,594,495,182,313,0
5339550114,13120,練馬区,35.753125,139.6421875,1040,643,329,314,0
5339550121,13120,練馬区,35.751041666666666,139.6453125,1010,543,301,108,134
5339550122,13120,練馬区,35.751041666666666,139.6484375,1041,551,313,106,132
5339550123,13120,練馬区,35.753125,139.6453125,786,467,228,106,133
5339550124,13120,練馬区,35.753125,139.6484375,766,486,245,108,133
5339550131,13120,練馬区,35.755208333333336,139.6390625,866,591,295,159,137
5339550132,13120,練馬区,35.755208333333336,139.6421875,1109,679,382,160,137
5339550133,13120,練馬区,35.75729166666667,139.6390625,1467,759,465,158,136
5339550134,13120,練馬区,35.75729166666667,139.6421875,627,493,195,160,138
5339550141,13120,練馬区,35.755208333333336,139.6453125,769,544,224,239,81
5339550142,13120,練馬区,35.755208333333336,139.6484375,985,563,246,237,80
5339550143,13120,練馬区,35.75729166666667,139.6453125,918,593,274,238,81
5339550144,13120,練馬区,35.75729166666667,139.6484375,669,531,211,239,81
5339550211,13120,練馬区,35.751041666666666,139.6515625,810,450,242,111,97
5339550212,13120,練馬区,35.751041666666666,139.65468750000002,982,526,317,112,97
5339550213,13120,練馬区,35.753125,139.6515625,923,466,258,110,98
5339550214,13120,練馬区,35.753125,139.65468750000002,1041,506,298,111,97
5339550221,13120,練馬区,35.751041666666666,139.6578125,1006,460,299,71,90
5339550222,13120,練馬区,35.751041666666666,139.66093750000002,854,456,296,70,90
5339550223,13120,練馬区,35.753125,139.6578125,1081,456,298,69,89
5339550224,13120,練馬区,35.753125,139.66093750000002,1015,402,242,70,90
5339550231,13120,練馬区,35.755208333333336,139.6515625,832,897,284,410,203
5339550232,13120,練馬区,35.755208333333336,139.65468750000002,564,808,198,408,202
5339550233,13120,練馬区,35.75729166666667,139.6515625,607,760,151,408,201
5339550234,13120,練馬区,35.75729166666667,139.65468750000002,946,821,208,410,203
5339550241,13120,練馬区,35.755208333333336,139.6578125,816,611,217,242,152
5339550242,13120,練馬区,35.755208333333336,139.66093750000002,1352,769,374,242,153
5339550243,13120,練馬区,35.75729166666667,139.6578125,877,628,235,242,151
5339550244,13120,練馬区,35.75729166666667,139.66093750000002,1322,723,327,243,153
5339550311,13120,練馬区,35.751041666666666,139.6640625,959,587,252,269,66
5339550312,13120,練馬区,35.751041666666666,139.6671875,1570,701,367,268,66
5339550313,13120,練馬区,35.753125,139.6640625,1241,659,324,269,66
5339550314,13120,練馬区,35.753125,139.6671875,1348,721,386,269,66
5339550321,13120,練馬区,35.751041666666666,139.6703125,1275,972,366,359,247
5339550322,13120,練馬区,35.751041666666666,139.6734375,627,777,171,360,246
5339550323,13120,練馬区,35.753125,139.6703125,630,728,123,358,247
5339550324,13120,練馬区,35.753125,139.6734375,32,614,8,359,247
5339550331,13120,練馬区,35.755208333333336,139.6640625,1798,905,439,346,120
5339550332,13120,練馬区,35.755208333333336,139.6671875,1492,888,422,345,121
5339550333,13120,練馬区,35.75729166666667,139.6640625,1066,783,319,345,119
5339550334,13120,練馬区,35.75729166666667,139.6671875,835,740,273,346,121
5339550341,13120,練馬区,35.755208333333336,139.6703125,381,164,97,67,0
5339550342,13119,板橋区,35.755208333333336,139.6734375,0,65,0,65,0
5339550343,13120,練馬区,35.75729166666667,139.6703125,1127,378,313,65,0
5339550344,13120,練馬区,35.75729166666667,139.6734375,113,100,34,66,0
5339550411,13119,板橋区,35.751041666666666,139.67656250000002,512,513,140,227,146
5339550412,13119,板橋区,35.751041666666666,139.67968750000003,1676,854,481,227,146
5339550413,13119,板橋区,35.753125,139.67656250000002,187,421,49,227,145
5339550414,13119,板橋区,35.753125,139.67968750000003,859,589,218,226,145
5339550421,13119,板橋区,35.751041666666666,139.6828125,1303,657,400,257,0
5339550422,13119,板橋区,35.751041666666666,139.68593750000002,1318,657,400,257,0
5339550423,13119,板橋区,35.753125,139.6828125,1350,673,417,256,0
5339550424,13119,板橋区,35.753125,139.68593750000002,1059,584,327,257,0
5339550431,13119,板橋区,35.755208333333336,139.67656250000002,16,655,7,120,528
5339550432,13119,板橋区,35.755208333333336,139.67968750000003,536,861,214,120,527
5339550433,13119,板橋区,35.75729166666667,139.67656250000002,826,923,276,120,527
5339550434,13119,板橋区,35.75729166666667,139.67968750000003,857,903,256,120,527
5339550441,13119,板橋区,35.755208333333336,139.6828125,1302,783,402,263,118
5339550442,13119,板橋区,35.755208333333336,139.68593750000002,1060,740,362,262,116
5339550443,13119,板橋区,35.75729166666667,139.6828125,1432,769,390,262,117
5339550444,13119,板橋区,35.75729166666667,139.68593750000002,1307,753,373,263,117
5339550511,13119,板橋区,35.751041666666666,139.6890625,1055,794,304,396,94
5339550512,13119,板橋区,35.751041666666666,139.69218750000002,1256,919,429,395,95
5339550513,13119,板橋区,35.753125,139.6890625,1157,868,380,395,93
5339550514,13119,板橋区,35.753125,139.69218750000002,1700,1031,540,397,94
5339550521,13119,板橋区,35.751041666666666,139.6953125,1345,949,393,409,147
5339550522,13119,板橋区,35.751041666666666,139.6984375,1610,1168,614,409,145
5339550523,13119,板橋区,35.753125,139.6953125,1039,873,318,409,146
5339550524,13119,板橋区,35.753125,139.6984375,1527,1106,552,409,145
5339550531,13119,板橋区,35.755208333333336,139.6890625,1455,950,379,444,127
5339550532,13119,板橋区,35.755208333333336,139.69218750000002,1436,992,422,442,128
5339550533,13119,板橋区,35.75729166666667,139.6890625,1386,934,366,442,126
5339550534,13119,板橋区,35.75729166666667,139.69218750000002,736,781,209,444,128
5339550541,13119,板橋区,35.755208333333336,139.6953125,1524,958,447,511,0
5339550542,13119,板橋区,35.755208333333336,139.6984375,1554,944,434,510,0
5339550543,13119,板橋区,35.75729166666667,139.6953125,1456,969,459,510,0
5339550544,13119,板橋区,35.75729166666667,139.6984375,1089,828,317,511,0
5339550611,13119,板橋区,35.751041666666666,139.7015625,399,1505,123,1002,380
5339550612,13119,板橋区,35.751041666666666,139.7046875,393,1503,122,1001,380
5339550613,13119,板橋区,35.753125,139.7015625,956,1697,317,1001,379
5339550614,13119,板橋区,35.753125,139.7046875,1472,1856,472,1003,381
5339550621,13119,板橋区,35.751041666666666,139.7078125,1139,2095,297,1681,117
5339550622,13119,板橋区,35.751041666666666,139.7109375,1741,2331,533,1682,116
5339550623,13119,板橋区,35.753125,139.7078125,1538,2247,449,1681,117
5339550624,13119,板橋区,35.753125,139.7109375,1463,2286,487,1682,117
5339550631,13119,板橋区,35.755208333333336,139.7015625,1415,828,520,207,101
5339550632,13119,板橋区,35.755208333333336,139.7046875,1096,619,311,208,100
5339550633,13119,板橋区,35.75729166666667,139.7015625,1439,793,486,207,100
5339550634,13119,板橋区,35.75729166666667,139.7046875,1224,712,405,207,100
5339550641,13119,板橋区,35.755208333333336,139.7078125,2513,1135,641,377,117
5339550642,13119,板橋区,35.755208333333336,139.7109375,1176,948,457,376,115
5339550643,13119,板橋区,35.75729166666667,139.7078125,1637,949,458,375,116
5339550644,13119,板橋区,35.75729166666667,139.7109375,1412,932,441,376,115
5339550711,13119,板橋区,35.751041666666666,139.7140625,1291,925,354,284,287
5339550712,13119,板橋区,35.751041666666666,139.71718750000002,916,832,263,283,286
5339550713,13119,板橋区,35.753125,139.7140625,1226,946,377,283,286
5339550714,13119,板橋区,35.753125,139.71718750000002,1922,1213,644,283,286
5339550721,13119,板橋区,35.751041666666666,139.7203125,1060,1155,305,470,380
5339550722,13117,北区,35.751041666666666,139.72343750000002,573,1049,200,469,380
5339550723,13119,板橋区,35.753125,139.7203125,769,1481,632,470,379
5339550724,13117,北区,35.753125,139.72343750000002,174,944,94,469,381
5339550731,13119,板橋区,35.755208333333336,139.7140625,1346,1096,618,196,282
5339550732,13119,板橋区,35.755208333333336,139.71718750000002,2268,1142,666,194,282
5339550733,13119,板橋区,35.75729166666667,139.7140625,1945,888,413,195,280
5339550734,13119,板橋区,35.75729166666667,139.71718750000002,2057,1039,562,195,282
5339550741,13119,板橋区,35.755208333333336,139.7203125,286,3404,96,762,2546
5339550742,13117,北区,35.755208333333336,139.72343750000002,193,3381,75,762,2544
5339550743,13117,北区,35.75729166666667,139.7203125,555,3446,141,761,2544
5339550744,13117,北区,35.75729166666667,139.72343750000002,361,3425,118,762,2545
5339550811,13117,北区,35.751041666666666,139.7265625,972,537,275,129,133
5339550812,13117,北区,35.751041666666666,139.7296875,1255,895,633,129,133
5339550813,13117,北区,35.753125,139.7265625,395,410,149,129,132
5339550814,13117,北区,35.753125,139.7296875,925,658,396,129,133
5339550821,13117,北区,35.751041666666666,139.7328125,1008,1652,386,970,296
5339550822,13117,北区,35.751041666666666,139.7359375,979,1511,244,971,296
5339550823,13117,北区,35.753125,139.7328125,1302,1608,344,969,295
5339550824,13117,北区,35.753125,139.7359375,557,1395,129,970,296
5339550831,13117,北区,35.755208333333336,139.7265625,363,881,7,874,0
5339550832,13117,北区,35.755208333333336,139.7296875,1177,1299,426,873,0
5339550833,13117,北区,35.75729166666667,139.7265625,315,996,123,873,0
5339550834,13117,北区,35.75729166666667,139.7296875,924,1138,266,872,0
5339550841,13117,北区,35.755208333333336,139.7328125,1011,1874,313,805,756
5339550842,13117,北区,35.755208333333336,139.7359375,615,1773,214,804,755
5339550843,13117,北区,35.75729166666667,139.7328125,697,1802,244,803,755
5339550844,13117,北区,35.75729166666667,139.7359375,1129,1812,253,804,755
5339550911,13117,北区,35.751041666666666,139.73906250000002,690,745,208,422,115
5339550912,13117,北区,35.751041666666666,139.74218750000003,748,756,221,422,113
5339550913,13117,北区,35.753125,139.73906250000002,88,563,29,421,113
5339550914,13117,北区,35.753125,139.74218750000003,933,874,338,422,114
5339550921,13117,北区,35.751041666666666,139.7453125,1023,1198,317,679,202
5339550922,13117,北区,35.751041666666666,139.74843750000002,970,1202,322,677,203
5339550923,13117,北区,35.753125,139.7453125,1132,1260,380,677,203
5339550924,13117,北区,35.753125,139.74843750000002,1264,1327,447,678,202
5339550931,13117,北区,35.755208333333336,139.73906250000002,1630,1859,494,1365,0
5339550932,13117,北区,35.755208333333336,139.74218750000003,653,1521,157,1364,0
5339550933,13117,北区,35.75729166666667,139.73906250000002,1968,1876,511,1365,0
5339550934,13117,北区,35.75729166666667,139.74218750000003,1441,1724,360,1364,0
5339550941,13117,北区,35.755208333333336,139.7453125,1168,826,439,185,202
5339550942,13117,北区,35.755208333333336,139.74843750000002,1210,958,573,183,202
5339550943,13117,北区,35.75729166666667,139.7453125,787,737,352,184,201
5339550944,13117,北区,35.75729166666667,139.74843750000002,315,521,134,185,202
5339551011,13120,練馬区,35.759375,139.6265625,1243,1745,544,1201,0
5339551012,13120,練馬区,35.759375,139.62968750000002,1319,1687,485,1202,0
5339551013,13120,練馬区,35.76145833333333,139.6265625,1404,1831,629,1202,0
5339551014,13120,練馬区,35.76145833333333,139.62968750000002,1253,1667,465,1202,0
5339551021,13120,練馬区,35.759375,139.6328125,804,608,238,286,84
5339551022,13120,練馬区,35.759375,139.6359375,1107,689,320,286,83
5339551023,13120,練馬区,35.76145833333333,139.6328125,986,785,415,286,84
5339551024,13120,練馬区,35.76145833333333,139.6359375,825,578,209,286,83
5339551031,13120,練馬区,35.76354166666667,139.6265625,617,362,263,99,0
5339551032,13120,練馬区,35.76354166666667,139.62968750000002,67,133,34,99,0
5339551033,13120,練馬区,35.765625,139.6265625,39,111,13,98,0
5339551034,13120,練馬区,35.765625,139.62968750000002,0,99,0,99,0
5339551041,13120,練馬区,35.76354166666667,139.6328125,1339,882,537,204,141
5339551042,13120,練馬区,35.76354166666667,139.6359375,655,622,277,203,142
5339551043,13120,練馬区,35.765625,139.6328125,574,513,171,202,140
5339551044,13120,練馬区,35.765625,139.6359375,1018,626,280,204,142
5339551111,13120,練馬区,35.759375,139.6390625,1229,687,334,169,184
5339551112,13120,練馬区,35.759375,139.6421875,569,514,160,169,185
5339551113,13120,練馬区,35.76145833333333,139.6390625,1251,703,349,169,185
5339551114,13120,練馬区,35.76145833333333,139.6421875,1122,689,336,169,184
5339551121,13120,練馬区,35.759375,139.6453125,961,478,279,199,0
5339551122,13120,練馬区,35.759375,139.6484375,1200,590,392,198,0
5339551123,13120,練馬区,35.76145833333333,139.6453125,1201,538,340,198,0
5339551124,13120,練馬区,35.76145833333333,139.6484375,1373,624,425,199,0
5339551131,13120,練馬区,35.76354166666667,139.6390625,1166,491,366,125,0
5339551132,13120,練馬区,35.76354166666667,139.6421875,1157,452,327,125,0
5339551133,13120,練馬区,35.765625,139.6390625,928,409,285,124,0
5339551134,13120,練馬区,35.765625,139.6421875,903,425,300,125,0
5339551141,13120,練馬区,35.76354166666667,139.6453125,944,585,264,187,134
5339551142,13120,練馬区,35.76354166666667,139.6484375,1175,707,388,187,132
5339551143,13120,練馬区,35.765625,139.6453125,644,520,202,185,133
5339551144,13120,練馬区,35.765625,139.6484375,960,617,297,187,133
5339551211,13120,練馬区,35.759375,139.6515625,974,736,281,348,107
5339551212,13120,練馬区,35.759375,139.65468750000002,1001,848,394,347,107
5339551213,13120,練馬区,35.76145833333333,139.6515625,745,659,206,347,106
5339551214,13120,練馬区,35.76145833333333,139.65468750000002,619,647,193,347,107
5339551221,13120,練馬区,35.759375,139.6578125,1341,473,326,147,0
5339551222,13120,練馬区,35.759375,139.66093750000002,1030,443,298,145,0
5339551223,13120,練馬区,35.76145833333333,139.6578125,282,300,154,146,0
5339551224,13120,練馬区,35.76145833333333,139.66093750000002,1542,518,373,145,0
5339551231,13120,練馬区,35.76354166666667,139.6515625,855,459,301,158,0
5339551232,13120,練馬区,35.76354166666667,139.65468750000002,843,407,251,156,0
5339551233,13120,練馬区,35.765625,139.6515625,922,404,247,157,0
5339551234,13120,練馬区,35.765625,139.65468750000002,1012,478,322,156,0
5339551241,13120,練馬区,35.76354166666667,139.6578125,305,682,4,678,0
5339551242,13120,練馬区,35.76354166666667,139.66093750000002,0,676,0,676,0
5339551243,13120,練馬区,35.765625,139.6578125,779,806,130,676,0
5339551244,13120,練馬区,35.765625,139.66093750000002,1590,1177,500,677,0
5339551311,13120,練馬区,35.759375,139.6640625,1544,707,532,175,0
5339551312,13120,練馬区,35.759375,139.6671875,1031,558,384,174,0
5339551313,13120,練馬区,35.76145833333333,139.6640625,1303,582,407,175,0
5339551314,13120,練馬区,35.76145833333333,139.6671875,894,440,266,174,0
5339551321,13120,練馬区,35.759375,139.6703125,1099,730,398,332,0
5339551322,13119,板橋区,35.759375,139.6734375,1110,686,355,331,0
5339551323,13120,練馬区,35.76145833333333,139.6703125,1309,706,375,331,0
5339551324,13119,板橋区,35.76145833333333,139.6734375,978,567,236,331,0
5339551331,13120,練馬区,35.76354166666667,139.6640625,445,594,116,341,137
5339551332,13120,練馬区,35.76354166666667,139.6671875,1050,824,348,340,136
5339551333,13120,練馬区,35.765625,139.6640625,822,695,219,340,136
5339551334,13120,練馬区,35.765625,139.6671875,1100,809,333,340,136
5339551341,13119,板橋区,35.76354166666667,139.6703125,1175,858,341,414,103
5339551342,13119,板橋区,35.76354166666667,139.6734375,1157,837,323,413,101
5339551343,13119,板橋区,35.765625,139.6703125,1454,1004,491,412,101
5339551344,13119,板橋区,35.765625,139.6734375,1378,945,429,414,102
5339551411,13119,板橋区,35.759375,139.67656250000002,1425,1097,479,503,115
5339551412,13119,板橋区,35.759375,139.67968750000003,1236,1048,432,503,113
5339551413,13119,板橋区,35.76145833333333,139.67656250000002,1121,924,307,503,114
5339551414,13119,板橋区,35.76145833333333,139.67968750000003,931,885,269,503,113
5339551421,13119,板橋区,35.759375,139.6828125,1629,705,437,268,0
5339551422,13119,板橋区,35.759375,139.68593750000002,1130,592,324,268,0
5339551423,13119,板橋区,35.76145833333333,139.6828125,1185,736,469,267,0
5339551424,13119,板橋区,35.76145833333333,139.68593750000002,1122,630,362,268,0
5339551431,13119,板橋区,35.76354166666667,139.67656250000002,783,1215,254,809,152
5339551432,13119,板橋区,35.76354166666667,139.67968750000003,768,1204,242,809,153
5339551433,13119,板橋区,35.765625,139.67656250000002,1358,1396,436,809,151
5339551434,13119,板橋区,35.765625,139.67968750000003,1351,1380,418,809,153
5339551441,13119,板橋区,35.76354166666667,139.6828125,998,1072,343,579,150
5339551442,13119,板橋区,35.76354166666667,139.68593750000002,1508,1503,773,579,151
5339551443,13119,板橋区,35.765625,139.6828125,1334,1270,543,578,149
5339551444,13119,板橋区,35.765625,139.68593750000002,1138,1075,345,579,151
5339551511,13119,板橋区,35.759375,139.6890625,703,836,181,541,114
5339551512,13119,板橋区,35.759375,139.69218750000002,585,819,166,539,114
5339551513,13119,板橋区,35.76145833333333,139.6890625,612,858,205,540,113
5339551514,13119,板橋区,35.76145833333333,139.69218750000002,664,849,195,541,113
5339551521,13119,板橋区,35.759375,139.6953125,1021,752,374,215,163
5339551522,13119,板橋区,35.759375,139.6984375,1141,830,455,214,161
5339551523,13119,板橋区,35.76145833333333,139.6953125,1285,840,464,214,162
5339551524,13119,板橋区,35.76145833333333,139.6984375,1077,739,361,215,163
5339551531,13119,板橋区,35.76354166666667,139.6890625,2360,1094,675,419,0
5339551532,13119,板橋区,35.76354166666667,139.69218750000002,1176,762,344,418,0
5339551533,13119,板橋区,35.765625,139.6890625,1351,815,396,419,0
5339551534,13119,板橋区,35.765625,139.69218750000002,2386,1140,722,418,0
5339551541,13119,板橋区,35.76354166666667,139.6953125,1259,1027,453,474,100
5339551542,13119,板橋区,35.76354166666667,139.6984375,1103,868,296,472,100
5339551543,13119,板橋区,35.765625,139.6953125,1364,1074,500,473,101
5339551544,13119,板橋区,35.765625,139.6984375,1677,1055,482,473,100
5339551611,13119,板橋区,35.759375,139.7015625,1034,1055,323,609,123
5339551612,13119,板橋区,35.759375,139.7046875,1399,1147,415,608,124
5339551613,13119,板橋区,35.76145833333333,139.7015625,1205,1074,344,608,122
5339551614,13119,板橋区,35.76145833333333,139.7046875,1562,1207,476,608,123
5339551621,13119,板橋区,35.759375,139.7078125,2025,1309,558,364,387
5339551622,13119,板橋区,35.759375,139.7109375,1360,1150,400,365,385
5339551623,13119,板橋区,35.76145833333333,139.7078125,1469,1173,424,364,385
5339551624,13119,板橋区,35.76145833333333,139.7109375,957,1032,281,364,387
5339551631,13119,板橋区,35.76354166666667,139.7015625,1403,892,354,441,97
5339551632,13119,板橋区,35.76354166666667,139.7046875,2357,1113,575,441,97
5339551633,13119,板橋区,35.765625,139.7015625,1346,1038,502,440,96
5339551634,13119,板橋区,35.765625,139.7046875,1446,884,345,441,98
5339551641,13119,板橋区,35.76354166666667,139.7078125,1189,620,365,242,13
5339551642,13119,板橋区,35.76354166666667,139.7109375,2196,802,550,240,12
5339551643,13119,板橋区,35.765625,139.7078125,985,616,363,241,12
5339551644,13117,北区,35.765625,139.7109375,1339,731,477,242,12
5339551711,13119,板橋区,35.759375,139.7140625,374,3779,136,1365,2278
5339551712,13117,北区,35.759375,139.71718750000002,696,3801,156,1366,2279
5339551713,13119,板橋区,35.76145833333333,139.7140625,1302,4068,425,1365,2278
5339551714,13117,北区,35.76145833333333,139.71718750000002,1175,3961,316,1366,2279
5339551721,13117,北区,35.759375,139.7203125,834,952,266,553,133
5339551722,13117,北区,35.759375,139.72343750000002,1285,1115,430,552,133
5339551723,13117,北区,35.76145833333333,139.7203125,1064,1016,331,553,132
5339551724,13117,北区,35.76145833333333,139.72343750000002,1246,1088,402,553,133
5339551731,13117,北区,35.76354166666667,139.7140625,1206,647,356,167,124
5339551732,13117,北区,35.76354166666667,139.71718750000002,1384,705,417,165,123
5339551733,13117,北区,35.765625,139.7140625,1234,735,445,166,124
5339551734,13117,北区,35.765625,139.71718750000002,1095,674,385,166,123
5339551741,13117,北区,35.76354166666667,139.7203125,1232,639,386,253,0
5339551742,13117,北区,35.76354166666667,139.72343750000002,1254,656,404,252,0
5339551743,13117,北区,35.765625,139.7203125,1155,626,374,252,0
5339551744,13117,北区,35.765625,139.72343750000002,1209,593,341,252,0
5339551811,13117,北区,35.759375,139.7265625,1099,612,376,158,78
5339551812,13117,北区,35.759375,139.7296875,819,505,269,158,78
5339551813,13117,北区,35.76145833333333,139.7265625,954,541,307,157,77
5339551814,13117,北区,35.76145833333333,139.7296875,1166,627,391,158,78
5339551821,13117,北区,35.759375,139.7328125,1065,1077,354,335,388
5339551822,13117,北区,35.759375,139.7359375,989,1016,292,335,389
5339551823,13117,北区,35.76145833333333,139.7328125,1675,1260,538,335,387
5339551824,13117,北区,35.76145833333333,139.7359375,1646,1138,415,335,388
5339551831,13117,北区,35.76354166666667,139.7265625,443,1502,134,1118,250
5339551832,13117,北区,35.76354166666667,139.7296875,1868,1870,503,1117,250
5339551833,13117,北区,35.765625,139.7265625,977,1608,242,1117,249
5339551834,13117,北区,35.765625,139.7296875,1296,1718,351,1118,249
5339551841,13117,北区,35.76354166666667,139.7328125,3884,2058,1341,554,163
5339551842,13117,北区,35.76354166666667,139.7359375,1399,1191,475,554,162
5339551843,13117,北区,35.765625,139.7328125,1134,1177,461,554,162
5339551844,13117,北区,35.765625,139.7359375,2317,1471,754,554,163
5339551911,13117,北区,35.759375,139.73906250000002,1024,1469,321,636,512
5339551912,13117,北区,35.759375,139.74218750000003,860,1444,296,635,513
5339551913,13117,北区,35.76145833333333,139.73906250000002,1207,1513,366,635,512
5339551914,13117,北区,35.76145833333333,139.74218750000003,976,1462,315,635,512
5339551921,13117,北区,35.759375,139.7453125,923,544,295,249,0
5339551922,13117,北区,35.759375,139.74843750000002,524,454,205,249,0
5339551923,13117,北区,35.76145833333333,139.7453125,1299,671,422,249,0
5339551924,13117,北区,35.76145833333333,139.74843750000002,1293,682,434,248,0
5339551931,13117,北区,35.76354166666667,139.73906250000002,700,1119,274,438,407
5339551932,13117,北区,35.76354166666667,139.74218750000003,928,1100,258,436,406
5339551933,13117,北区,35.765625,139.73906250000002,1419,1322,480,437,405
5339551934,13117,北区,35.765625,139.74218750000003,1879,1357,514,436,407
5339551941,13117,北区,35.76354166666667,139.7453125,1212,789,405,384,0
5339551942,13117,北区,35.76354166666667,139.74843750000002,941,683,299,384,0
5339551943,13117,北区,35.765625,139.7453125,1073,785,402,383,0
5339551944,13117,北区,35.765625,139.74843750000002,2009,911,527,384,0
5339552011,13120,練馬区,35.76770833333333,139.6265625,14,10,3,7,0
5339552012,13120,練馬区,35.76770833333333,139.62968750000002,0,7,0,7,0
5339552013,13120,練馬区,35.76979166666666,139.6265625,327,131,125,6,0
5339552014,13120,練馬区,35.76979166666666,139.62968750000002,515,183,176,7,0
5339552021,13120,練馬区,35.76770833333333,139.6328125,0,299,0,82,217
5339552022,13120,練馬区,35.76770833333333,139.6359375,888,650,351,82,217
5339552023,13120,練馬区,35.76979166666666,139.6328125,439,447,149,81,217
5339552024,13119,板橋区,35.76979166666666,139.6359375,994,720,421,82,217
5339552031,13120,練馬区,35.771875,139.6265625,829,558,282,140,136
5339552032,13120,練馬区,35.771875,139.62968750000002,1111,632,360,138,134
5339552033,13120,練馬区,35.77395833333333,139.6265625,626,452,178,139,135
5339552034,13119,板橋区,35.77395833333333,139.62968750000002,1342,669,397,138,134
5339552041,13119,板橋区,35.771875,139.6328125,1554,1012,506,284,222
5339552042,13119,板橋区,35.771875,139.6359375,1144,825,320,284,221
5339552043,13119,板橋区,35.77395833333333,139.6328125,956,749,246,283,220
5339552044,13119,板橋区,35.77395833333333,139.6359375,1175,826,320,284,222
5339552111,13120,練馬区,35.76770833333333,139.6390625,1990,973,791,182,0
5339552112,13120,練馬区,35.76770833333333,139.6421875,1539,623,441,182,0
5339552113,13119,板橋区,35.76979166666666,139.6390625,1351,781,599,182,0
5339552114,13120,練馬区,35.76979166666666,139.6421875,1325,587,406,181,0
5339552121,13120,練馬区,35.76770833333333,139.6453125,1263,848,401,447,0
5339552122,13120,練馬区,35.76770833333333,139.6484375,1043,804,358,446,0
5339552123,13119,板橋区,35.76979166666666,139.6453125,938,702,256,446,0
5339552124,13119,板橋区,35.76979166666666,139.6484375,871,703,256,447,0
5339552131,13119,板橋区,35.771875,139.6390625,1133,822,401,288,133
5339552132,13119,板橋区,35.771875,139.6421875,1146,753,332,288,133
5339552133,13119,板橋区,35.77395833333333,139.6390625,1436,802,382,288,132
5339552134,13119,板橋区,35.77395833333333,139.6421875,972,726,304,288,134
5339552141,13119,板橋区,35.771875,139.6453125,1104,554,299,255,0
5339552142,13119,板橋区,35.771875,139.6484375,1098,607,354,253,0
5339552143,13119,板橋区,35.77395833333333,139.6453125,867,473,219,254,0
5339552144,13119,板橋区,35.77395833333333,139.6484375,1047,587,333,254,0
5339552211,13120,練馬区,35.76770833333333,139.6515625,906,548,257,291,0
5339552212,13120,練馬区,35.76770833333333,139.65468750000002,1492,789,499,290,0
5339552213,13119,板橋区,35.76979166666666,139.6515625,1051,627,337,290,0
5339552214,13119,板橋区,35.76979166666666,139.65468750000002,1180,656,366,290,0
5339552221,13120,練馬区,35.76770833333333,139.6578125,1443,1571,430,1066,75
5339552222,13120,練馬区,35.76770833333333,139.66093750000002,1407,1505,363,1067,75
5339552223,13119,板橋区,35.76979166666666,139.6578125,1278,1506,366,1065,75
5339552224,13119,板橋区,35.76979166666666,139.66093750000002,584,1294,152,1067,75
5339552231,13119,板橋区,35.771875,139.6515625,1047,639,331,158,150
5339552232,13119,板橋区,35.771875,139.65468750000002,1942,844,534,159,151
5339552233,13119,板橋区,35.77395833333333,139.6515625,1385,720,413,157,150
5339552234,13119,板橋区,35.77395833333333,139.65468750000002,1089,684,374,159,151
5339552241,13119,板橋区,35.771875,139.6578125,1225,974,408,265,301
5339552242,13119,板橋区,35.771875,139.66093750000002,751,817,251,265,301
5339552243,13119,板橋区,35.77395833333333,139.6578125,1260,960,396,263,301
5339552244,13119,板橋区,35.77395833333333,139.66093750000002,771,823,257,265,301
5339552311,13120,練馬区,35.76770833333333,139.6640625,1287,773,382,391,0
5339552312,13119,板橋区,35.76770833333333,139.6671875,1405,806,416,390,0
5339552313,13119,板橋区,35.76979166666666,139.6640625,1214,765,375,390,0
5339552314,13119,板橋区,35.76979166666666,139.6671875,1721,938,548,390,0
5339552321,13119,板橋区,35.76770833333333,139.6703125,1766,917,648,269,0
5339552322,13119,板橋区,35.76770833333333,139.6734375,1228,798,529,269,0
5339552323,13119,板橋区,35.76979166666666,139.6703125,740,504,235,269,0
5339552324,13119,板橋区,35.76979166666666,139.6734375,1110,651,382,269,0
5339552331,13119,板橋区,35.771875,139.6640625,1142,758,360,246,152
5339552332,13119,板橋区,35.771875,139.6671875,652,578,181,245,152
5339552333,13119,板橋区,35.77395833333333,139.6640625,1422,842,447,244,151
5339552334,13119,板橋区,35.77395833333333,139.6671875,1138,830,432,246,152
5339552341,13119,板橋区,35.771875,139.6703125,948,485,306,179,0
5339552342,13119,板橋区,35.771875,139.6734375,851,560,382,178,0
5339552343,13119,板橋区,35.77395833333333,139.6703125,599,436,257,179,0
5339552344,13119,板橋区,35.77395833333333,139.6734375,680,438,260,178,0
5339552411,13119,板橋区,35.76770833333333,139.67656250000002,1092,764,387,144,233
5339552412,13119,板橋区,35.76770833333333,139.67968750000003,1438,813,438,142,233
5339552413,13119,板橋区,35.76979166666666,139.67656250000002,1372,768,392,143,233
5339552414,13119,板橋区,35.76979166666666,139.67968750000003,1065,752,375,143,234
5339552421,13119,板橋区,35.76770833333333,139.6828125,1065,1749,397,242,1110
5339552422,13119,板橋区,35.76770833333333,139.68593750000002,724,1611,259,242,1110
5339552423,13119,板橋区,35.76979166666666,139.6828125,1195,1756,405,241,1110
5339552424,13119,板橋区,35.76979166666666,139.68593750000002,565,1517,166,241,1110
5339552431,13119,板橋区,35.771875,139.67656250000002,830,873,297,169,407
5339552432,13119,板橋区,35.771875,139.67968750000003,990,989,415,169,405
5339552433,13119,板橋区,35.77395833333333,139.67656250000002,1168,939,366,168,405
5339552434,13119,板橋区,35.77395833333333,139.67968750000003,2335,1697,1122,169,406
5339552441,13119,板橋区,35.771875,139.6828125,1033,587,292,197,98
5339552442,13119,板橋区,35.771875,139.68593750000002,1624,879,585,197,97
5339552443,13119,板橋区,35.77395833333333,139.6828125,1311,621,328,197,96
5339552444,13119,板橋区,35.77395833333333,139.68593750000002,524,461,166,197,98
5339552511,13119,板橋区,35.76770833333333,139.6890625,1218,992,506,486,0
5339552512,13119,板橋区,35.76770833333333,139.69218750000002,1189,935,450,485,0
5339552513,13119,板橋区,35.76979166666666,139.6890625,1145,836,350,486,0
5339552514,13119,板橋区,35.76979166666666,139.69218750000002,909,829,343,486,0
5339552521,13119,板橋区,35.76770833333333,139.6953125,1515,730,394,209,127
5339552522,13119,板橋区,35.76770833333333,139.6984375,742,591,253,210,128
5339552523,13119,板橋区,35.76979166666666,139.6953125,1286,618,283,209,126
5339552524,13119,板橋区,35.76979166666666,139.6984375,2305,1051,715,209,127
5339552531,13119,板橋区,35.771875,139.6890625,1033,676,346,330,0
5339552532,13119,板橋区,35.771875,139.69218750000002,695,564,233,331,0
5339552533,13119,板橋区,35.77395833333333,139.6890625,1372,835,506,329,0
5339552534,13119,板橋区,35.77395833333333,139.69218750000002,1239,734,404,330,0
5339552541,13119,板橋区,35.771875,139.6953125,907,1308,364,829,115
5339552542,13119,板橋区,35.771875,139.6984375,1218,1252,309,830,113
5339552543,13119,板橋区,35.77395833333333,139.6953125,498,1082,139,829,114
5339552544,13119,板橋区,35.77395833333333,139.6984375,1058,1268,326,829,113
5339552611,13119,板橋区,35.76770833333333,139.7015625,1294,1111,381,575,155
5339552612,13119,板橋区,35.76770833333333,139.7046875,1416,1100,370,574,156
5339552613,13119,板橋区,35.76979166666666,139.7015625,1177,1086,357,574,155
5339552614,13119,板橋区,35.76979166666666,139.7046875,1087,1095,365,574,156
5339552621,13117,北区,35.76770833333333,139.7078125,356,710,169,313,228
5339552622,13117,北区,35.76770833333333,139.7109375,346,659,121,312,226
5339552623,13117,北区,35.76979166666666,139.7078125,296,658,119,312,227
5339552624,13117,北区,35.76979166666666,139.7109375,804,807,266,313,228
5339552631,13119,板橋区,35.771875,139.7015625,975,1043,303,740,0
5339552632,13119,板橋区,35.771875,139.7046875,1282,1126,388,738,0
5339552633,13119,板橋区,35.77395833333333,139.7015625,2336,1587,849,738,0
5339552634,13117,北区,35.77395833333333,139.7046875,1359,1136,396,740,0
5339552641,13117,北区,35.771875,139.7078125,1594,614,454,160,0
5339552642,13117,北区,35.771875,139.7109375,532,319,158,161,0
5339552643,13117,北区,35.77395833333333,139.7078125,756,470,310,160,0
5339552644,13117,北区,35.77395833333333,139.7109375,1423,511,350,161,0
5339552711,13117,北区,35.76770833333333,139.7140625,747,502,274,108,120
5339552712,13117,北区,35.76770833333333,139.71718750000002,1138,626,396,109,121
5339552713,13117,北区,35.76979166666666,139.7140625,776,481,255,107,119
5339552714,13117,北区,35.76979166666666,139.71718750000002,848,488,260,108,120
5339552721,13117,北区,35.76770833333333,139.7203125,1254,822,446,220,156
5339552722,13117,北区,35.76770833333333,139.72343750000002,1077,711,335,220,156
5339552723,13117,北区,35.76979166666666,139.7203125,854,658,285,218,155
5339552724,13117,北区,35.76979166666666,139.72343750000002,658,678,302,220,156
5339552731,13117,北区,35.771875,139.7140625,921,468,300,168,0
5339552732,13117,北区,35.771875,139.71718750000002,1077,551,385,166,0
5339552733,13117,北区,35.77395833333333,139.7140625,851,446,279,167,0
5339552734,13117,北区,35.77395833333333,139.71718750000002,1232,571,404,167,0
5339552741,13117,北区,35.771875,139.7203125,879,1124,342,555,227
5339552742,13117,北区,35.771875,139.72343750000002,550,957,174,555,228
5339552743,13117,北区,35.77395833333333,139.7203125,1150,1108,326,555,227
5339552744,13117,北区,35.77395833333333,139.72343750000002,685,970,188,555,227
5339552811,13117,北区,35.76770833333333,139.7265625,1277,707,350,357,0
5339552812,13117,北区,35.76770833333333,139.7296875,1661,838,481,357,0
5339552813,13117,北区,35.76979166666666,139.7265625,1510,874,518,356,0
5339552814,13117,北区,35.76979166666666,139.7296875,1261,751,394,357,0
5339552821,13117,北区,35.76770833333333,139.7328125,1555,891,468,423,0
5339552822,13117,北区,35.76770833333333,139.7359375,2217,1035,613,422,0
5339552823,13117,北区,35.76979166666666,139.7328125,1106,728,307,421,0
5339552824,13117,北区,35.76979166666666,139.7359375,1288,795,372,423,0
5339552831,13117,北区,35.771875,139.7265625,1088,978,305,354,319
5339552832,13117,北区,35.771875,139.7296875,1221,1007,336,354,317
5339552833,13117,北区,35.77395833333333,139.7265625,765,1003,332,354,317
5339552834,13117,北区,35.77395833333333,139.7296875,1000,1146,474,354,318
5339552841,13117,北区,35.771875,139.7328125,945,1016,287,729,0
5339552842,13121,足立区,35.771875,139.7359375,142,766,38,728,0
5339552843,13117,北区,35.77395833333333,139.7328125,820,1027,298,729,0
5339552844,13117,北区,35.77395833333333,139.7359375,680,955,227,728,0
5339552911,13117,北区,35.76770833333333,139.73906250000002,2301,1294,619,285,390
5339552912,13117,北区,35.76770833333333,139.74218750000003,624,882,209,284,389
5339552913,13121,足立区,35.76979166666666,139.73906250000002,646,847,174,284,389
5339552914,13121,足立区,35.76979166666666,139.74218750000003,436,817,143,284,390
5339552921,13121,足立区,35.76770833333333,139.7453125,261,514,105,129,280
5339552922,13121,足立区,35.76770833333333,139.74843750000002,1284,689,281,128,280
5339552923,13121,足立区,35.76979166666666,139.7453125,681,621,213,129,279
5339552924,13121,足立区,35.76979166666666,139.74843750000002,1578,906,498,128,280
5339552931,13121,足立区,35.771875,139.73906250000002,947,705,271,427,7
5339552932,13121,足立区,35.771875,139.74218750000003,631,624,192,426,6
5339552933,13121,足立区,35.77395833333333,139.73906250000002,1578,829,398,425,6
5339552934,13121,足立区,35.77395833333333,139.74218750000003,622,660,226,427,7
5339552941,13121,足立区,35.771875,139.7453125,1412,424,367,57,0
5339552942,13121,足立区,35.771875,139.74843750000002,534,232,176,56,0
5339552943,13121,足立区,35.77395833333333,139.7453125,123,98,42,56,0
5339552944,13121,足立区,35.77395833333333,139.74843750000002,0,58,0,58,0
5339553011,13120,練馬区,35.776041666666664,139.6265625,1366,1226,370,784,72
5339553012,13119,板橋区,35.776041666666664,139.62968750000002,1652,1317,461,785,71
5339553013,13119,板橋区,35.778124999999996,139.6265625,1890,1399,545,783,71
5339553014,13119,板橋区,35.778124999999996,139.62968750000002,900,1094,238,785,71
5339553021,13119,板橋区,35.776041666666664,139.6328125,1549,1658,421,1237,0
5339553022,13119,板橋区,35.776041666666664,139.6359375,1259,1563,326,1237,0
5339553023,13119,板橋区,35.778124999999996,139.6328125,531,1381,145,1236,0
5339553024,13119,板橋区,35.778124999999996,139.6359375,1196,1558,321,1237,0
5339553031,13119,板橋区,35.780208333333334,139.6265625,1471,595,408,187,0
5339553032,13119,板橋区,35.780208333333334,139.62968750000002,1575,652,467,185,0
5339553033,13119,板橋区,35.782291666666666,139.6265625,922,505,319,186,0
5339553034,13119,板橋区,35.782291666666666,139.62968750000002,1964,707,522,185,0
5339553041,13119,板橋区,35.780208333333334,139.6328125,974,658,251,163,244
5339553042,13119,板橋区,35.780208333333334,139.6359375,941,645,239,163,243
5339553043,13119,板橋区,35.782291666666666,139.6328125,954,691,286,162,243
5339553044,13119,板橋区,35.782291666666666,139.6359375,756,656,249,163,244
5339553111,13119,板橋区,35.776041666666664,139.6390625,1196,593,346,133,114
5339553112,13119,板橋区,35.776041666666664,139.6421875,939,554,309,132,113
5339553113,13119,板橋区,35.778124999999996,139.6390625,1027,574,327,133,114
5339553114,13119,板橋区,35.778124999999996,139.6421875,672,481,236,132,113
5339553121,13119,板橋区,35.776041666666664,139.6453125,778,405,226,179,0
5339553122,13119,板橋区,35.776041666666664,139.6484375,854,426,249,177,0
5339553123,13119,板橋区,35.778124999999996,139.6453125,964,446,268,178,0
5339553124,13119,板橋区,35.778124999999996,139.6484375,1070,507,328,179,0
5339553131,13119,板橋区,35.780208333333334,139.6390625,1108,363,276,87,0
5339553132,13119,板橋区,35.780208333333334,139.6421875,860,324,237,87,0
5339553133,13119,板橋区,35.782291666666666,139.6390625,1238,413,326,87,0
5339553134,13119,板橋区,35.782291666666666,139.6421875,728,270,182,88,0
5339553141,13119,板橋区,35.780208333333334,139.6453125,716,498,227,125,146
5339553142,13119,板橋区,35.780208333333334,139.6484375,333,342,72,126,144
5339553143,13119,板橋区,35.782291666666666,139.6453125,484,415,147,124,144
5339553144,13119,板橋区,35.782291666666666,139.6484375,604,398,128,125,145
5339553211,13119,板橋区,35.776041666666664,139.6515625,1069,433,303,130,0
5339553212,13119,板橋区,35.776041666666664,139.65468750000002,943,388,259,129,0
5339553213,13119,板橋区,35.778124999999996,139.6515625,912,411,282,129,0
5339553214,13119,板橋区,35.778124999999996,139.65468750000002,805,371,242,129,0
5339553221,13119,板橋区,35.776041666666664,139.6578125,916,595,403,192,0
5339553222,13119,板橋区,35.776041666666664,139.66093750000002,1042,526,335,191,0
5339553223,13119,板橋区,35.778124999999996,139.6578125,882,435,244,191,0
5339553224,13119,板橋区,35.778124999999996,139.66093750000002,1024,499,307,192,0
5339553231,13119,板橋区,35.780208333333334,139.6515625,710,444,192,252,0
5339553232,13119,板橋区,35.780208333333334,139.65468750000002,725,436,184,252,0
5339553233,13119,板橋区,35.782291666666666,139.6515625,1000,624,372,252,0
5339553234,13119,板橋区,35.782291666666666,139.65468750000002,622,452,199,253,0
5339553241,13119,板橋区,35.780208333333334,139.6578125,706,507,208,150,149
5339553242,13119,板橋区,35.780208333333334,139.66093750000002,1110,606,307,150,149
5339553243,13119,板橋区,35.782291666666666,139.6578125,653,433,136,149,148
5339553244,13119,板橋区,35.782291666666666,139.66093750000002,1003,595,294,151,150
5339553311,13119,板橋区,35.776041666666664,139.6640625,1184,783,400,276,107
5339553312,13119,板橋区,35.776041666666664,139.6671875,807,659,275,276,108
5339553313,13119,板橋区,35.778124999999996,139.6640625,1168,711,329,276,106
5339553314,13119,板橋区,35.778124999999996,139.6671875,895,691,309,275,107
5339553321,13119,板橋区,35.776041666666664,139.6703125,743,564,309,159,96
5339553322,13119,板橋区,35.776041666666664,139.6734375,522,437,186,157,94
5339553323,13119,板橋区,35.778124999999996,139.6703125,751,489,237,158,94
5339553324,13119,板橋区,35.778124999999996,139.6734375,794,500,247,158,95
5339553331,13119,板橋区,35.780208333333334,139.6640625,1201,925,334,364,227
5339553332,13119,板橋区,35.780208333333334,139.6671875,1026,883,293,363,227
5339553333,13119,板橋区,35.782291666666666,139.6640625,1092,914,324,363,227
5339553334,13119,板橋区,35.782291666666666,139.6671875,475,715,123,364,228
5339553341,13119,板橋区,35.780208333333334,139.6703125,806,2340,254,437,1649
5339553342,13119,板橋区,35.780208333333334,139.6734375,764,2297,213,435,1649
5339553343,13119,板橋区,35.782291666666666,139.6703125,892,2323,237,436,1650
5339553344,13119,板橋区,35.782291666666666,139.6734375,1097,2465,380,436,1649
5339553411,13119,板橋区,35.776041666666664,139.67656250000002,966,758,338,280,140
5339553412,13119,板橋区,35.776041666666664,139.67968750000003,1884,1072,653,280,139
5339553413,13119,板橋区,35.778124999999996,139.67656250000002,1126,774,356,279,139
5339553414,13119,板橋区,35.778124999999996,139.67968750000003,1384,897,477,280,140
5339553421,13119,板橋区,35.776041666666664,139.6828125,1256,1062,318,475,269
5339553422,13119,板橋区,35.776041666666664,139.68593750000002,1587,1339,595,476,268
5339553423,13119,板橋区,35.778124999999996,139.6828125,1056,1202,460,474,268
5339553424,13119,板橋区,35.778124999999996,139.68593750000002,919,1004,261,476,267
5339553431,13119,板橋区,35.780208333333334,139.67656250000002,1189,836,369,314,153
5339553432,13119,板橋区,35.780208333333334,139.67968750000003,1726,1023,557,314,152
5339553433,13119,板橋区,35.782291666666666,139.67656250000002,1547,936,471,313,152
5339553434,13119,板橋区,35.782291666666666,139.67968750000003,1228,930,464,314,152
5339553441,13119,板橋区,35.780208333333334,139.6828125,1356,1048,352,594,102
5339553442,13119,板橋区,35.780208333333334,139.68593750000002,1162,1053,359,593,101
5339553443,13119,板橋区,35.782291666666666,139.6828125,1311,1077,384,593,100
5339553444,13119,板橋区,35.782291666666666,139.68593750000002,1001,988,292,594,102
5339553511,13119,板橋区,35.776041666666664,139.6890625,833,1127,331,796,0
5339553512,13119,板橋区,35.776041666666664,139.69218750000002,1387,1266,470,796,0
5339553513,13119,板橋区,35.778124999999996,139.6890625,992,1047,251,796,0
5339553514,13119,板橋区,35.778124999999996,139.69218750000002,1053,1078,282,796,0
5339553521,13119,板橋区,35.776041666666664,139.6953125,763,3257,223,3004,30
5339553522,13119,板橋区,35.776041666666664,139.6984375,951,3286,253,3003,30
5339553523,13119,板橋区,35.778124999999996,139.6953125,188,3077,44,3003,30
5339553524,13119,板橋区,35.778124999999996,139.6984375,797,3252,220,3002,30
5339553531,13119,板橋区,35.780208333333334,139.6890625,932,929,235,694,0
5339553532,13119,板橋区,35.780208333333334,139.69218750000002,832,980,288,692,0
5339553533,13119,板橋区,35.782291666666666,139.6890625,1397,1199,507,692,0
5339553534,13119,板橋区,35.782291666666666,139.69218750000002,868,974,282,692,0
5339553541,13119,板橋区,35.780208333333334,139.6953125,707,817,304,513,0
5339553542,13119,板橋区,35.780208333333334,139.6984375,787,765,253,512,0
5339553543,13119,板橋区,35.782291666666666,139.6953125,105,545,34,511,0
5339553544,13117,北区,35.782291666666666,139.6984375,1194,910,398,512,0
5339553611,13119,板橋区,35.776041666666664,139.7015625,1408,1471,571,452,448
5339553612,13117,北区,35.776041666666664,139.7046875,1513,1669,772,450,447
5339553613,13119,板橋区,35.778124999999996,139.7015625,1931,1528,630,451,447
5339553614,13117,北区,35.778124999999996,139.7046875,1051,1428,530,450,448
5339553621,13117,北区,35.776041666666664,139.7078125,550,594,304,163,127
5339553622,13117,北区,35.776041666666664,139.7109375,539,551,263,161,127
5339553623,13117,北区,35.778124999999996,139.7078125,594,688,400,162,126
5339553624,13117,北区,35.778124999999996,139.7109375,1060,849,560,162,127
5339553631,13119,板橋区,35.780208333333334,139.7015625,1714,860,508,216,136
5339553632,13117,北区,35.780208333333334,139.7046875,2728,1093,741,215,137
5339553633,13119,板橋区,35.782291666666666,139.7015625,899,593,244,214,135
5339553634,13117,北区,35.782291666666666,139.7046875,1112,732,380,216,136
5339553641,13117,北区,35.780208333333334,139.7078125,311,707,190,153,364
5339553642,13117,北区,35.780208333333334,139.7109375,402,750,234,154,362
5339553643,13117,北区,35.782291666666666,139.7078125,566,831,317,152,362
5339553644,13117,北区,35.782291666666666,139.7109375,370,704,187,154,363
5339553711,13117,北区,35.776041666666664,139.7140625,1350,1172,646,389,137
5339553712,13117,北区,35.776041666666664,139.71718750000002,1120,913,389,388,136
5339553713,13117,北区,35.778124999999996,139.7140625,978,943,419,389,135
5339553714,13117,北区,35.778124999999996,139.71718750000002,1474,1022,497,388,137
5339553721,13117,北区,35.776041666666664,139.7203125,783,2916,214,2702,0
5339553722,13117,北区,35.776041666666664,139.72343750000002,1558,3162,460,2702,0
5339553723,13117,北区,35.778124999999996,139.7203125,610,2896,195,2701,0
5339553724,13117,北区,35.778124999999996,139.72343750000002,1467,3105,403,2702,0
5339553731,13117,北区,35.780208333333334,139.7140625,763,1514,309,172,1033
5339553732,13117,北区,35.780208333333334,139.71718750000002,187,1241,38,170,1033
5339553733,13117,北区,35.782291666666666,139.7140625,1027,1583,380,171,1032
5339553734,13117,北区,35.782291666666666,139.71718750000002,518,1388,184,171,1033
5339553741,13117,北区,35.780208333333334,139.7203125,344,1967,78,1720,169
5339553742,13117,北区,35.780208333333334,139.72343750000002,1324,2176,286,1721,169
5339553743,13117,北区,35.782291666666666,139.7203125,1645,2302,415,1719,168
5339553744,13117,北区,35.782291666666666,139.72343750000002,1460,2282,392,1721,169
5339553811,13117,北区,35.776041666666664,139.7265625,1423,781,462,319,0
5339553812,13117,北区,35.776041666666664,139.7296875,1039,670,352,318,0
5339553813,13117,北区,35.778124999999996,139.7265625,1276,667,349,318,0
5339553814,13117,北区,35.778124999999996,139.7296875,1421,799,481,318,0
5339553821,13117,北区,35.776041666666664,139.7328125,783,845,240,433,172
5339553822,13117,北区,35.776041666666664,139.7359375,640,817,214,431,172
5339553823,13117,北区,35.778124999999996,139.7328125,1330,979,377,431,171
5339553824,13117,北区,35.778124999999996,139.7359375,568,763,158,433,172
5339553831,13117,北区,35.780208333333334,139.7265625,1258,882,362,335,185
5339553832,13117,北区,35.780208333333334,139.7296875,1488,937,417,335,185
5339553833,13117,北区,35.782291666666666,139.7265625,1504,959,439,335,185
5339553834,13117,北区,35.782291666666666,139.7296875,1291,928,408,335,185
5339553841,13117,北区,35.780208333333334,139.7328125,1156,433,346,87,0
5339553842,13117,北区,35.780208333333334,139.7359375,1709,655,570,85,0
5339553843,13117,北区,35.782291666666666,139.7328125,992,431,346,85,0
5339553844,13117,北区,35.782291666666666,139.7359375,759,277,192,85,0
5339553911,13121,足立区,35.776041666666664,139.73906250000002,646,247,195,52,0
5339553912,13121,足立区,35.776041666666664,139.74218750000003,333,222,171,51,0
5339553913,13121,足立区,35.778124999999996,139.73906250000002,30,54,4,50,0
5339553914,13121,足立区,35.778124999999996,139.74218750000003,0,51,0,51,0
5339553921,13121,足立区,35.776041666666664,139.7453125,0,58,0,58,0
5339553922,13121,足立区,35.776041666666664,139.74843750000002,0,58,0,58,0
5339553923,13121,足立区,35.778124999999996,139.7453125,21,66,7,59,0
5339553924,13121,足立区,35.778124999999996,139.74843750000002,457,187,129,58,0
5339553931,13121,足立区,35.780208333333334,139.73906250000002,26,11,11,0,0
5339553941,13121,足立区,35.780208333333334,139.7453125,218,212,75,87,50
5339553942,13121,足立区,35.780208333333334,139.74843750000002,545,309,172,87,50
5339553943,13121,足立区,35.782291666666666,139.7453125,157,190,54,87,49
5339553944,13121,足立区,35.782291666666666,139.74843750000002,617,387,251,87,49
5339554012,13119,板橋区,35.784375,139.62968750000002,1148,619,365,240,14
5339554021,13119,板橋区,35.784375,139.6328125,1229,469,338,131,0
5339554022,13119,板橋区,35.784375,139.6359375,953,516,384,132,0
5339554023,13119,板橋区,35.78645833333333,139.6328125,843,359,229,130,0
5339554024,13119,板橋区,35.78645833333333,139.6359375,787,457,325,132,0
5339554041,13119,板橋区,35.78854166666667,139.6328125,1331,697,595,102,0
5339554042,13119,板橋区,35.78854166666667,139.6359375,637,391,289,102,0
5339554111,13119,板橋区,35.784375,139.6390625,938,378,289,89,0
5339554112,13119,板橋区,35.784375,139.6421875,325,191,102,89,0
5339554113,13119,板橋区,35.78645833333333,139.6390625,1018,414,326,88,0
5339554114,13119,板橋区,35.78645833333333,139.6421875,672,303,215,88,0
5339554121,13119,板橋区,35.784375,139.6453125,526,298,143,155,0
5339554122,13119,板橋区,35.784375,139.6484375,620,362,209,153,0
5339554123,13119,板橋区,35.78645833333333,139.6453125,399,258,104,154,0
5339554124,13119,板橋区,35.78645833333333,139.6484375,897,392,238,154,0
5339554131,13119,板橋区,35.78854166666667,139.6390625,1236,986,611,249,126
5339554132,13119,板橋区,35.78854166666667,139.6421875,610,581,208,249,124
5339554133,13119,板橋区,35.790625,139.6390625,1168,639,267,248,124
5339554134,13119,板橋区,35.790625,139.6421875,1026,658,283,249,126
5339554141,13119,板橋区,35.78854166666667,139.6453125,794,508,293,103,112
5339554142,13119,板橋区,35.78854166666667,139.6484375,600,407,193,103,111
5339554143,13119,板橋区,35.790625,139.6453125,624,421,206,103,112
5339554144,13119,板橋区,35.790625,139.6484375,369,364,149,103,112
5339554211,13119,板橋区,35.784375,139.6515625,696,725,345,147,233
5339554212,13119,板橋区,35.784375,139.65468750000002,165,420,41,147,232
5339554213,13119,板橋区,35.78645833333333,139.6515625,630,632,255,146,231
5339554214,13119,板橋区,35.78645833333333,139.65468750000002,599,628,248,147,233
5339554221,13119,板橋区,35.784375,139.6578125,353,804,99,442,263
5339554222,13119,板橋区,35.784375,139.66093750000002,388,811,105,443,263
5339554223,13119,板橋区,35.78645833333333,139.6578125,610,932,227,442,263
5339554224,13119,板橋区,35.78645833333333,139.66093750000002,2280,1882,1176,443,263
5339554231,13119,板橋区,35.78854166666667,139.6515625,519,635,199,323,113
5339554232,13119,板橋区,35.78854166666667,139.65468750000002,1801,1230,796,322,112
5339554233,13119,板橋区,35.790625,139.6515625,199,490,55,322,113
5339554234,13119,板橋区,35.790625,139.65468750000002,836,706,271,322,113
5339554241,13119,板橋区,35.78854166666667,139.6578125,1213,1224,637,516,71
5339554242,13119,板橋区,35.78854166666667,139.66093750000002,961,973,386,515,72
5339554243,13119,板橋区,35.790625,139.6578125,1298,853,266,516,71
5339554244,13119,板橋区,35.790625,139.66093750000002,1099,875,288,516,71
5339554311,13119,板橋区,35.784375,139.6640625,2512,1674,1256,418,0
5339554312,13119,板橋区,35.784375,139.6671875,1237,821,403,418,0
5339554313,13119,板橋区,35.78645833333333,139.6640625,1980,1364,946,418,0
5339554314,13119,板橋区,35.78645833333333,139.6671875,1061,823,405,418,0
5339554321,13119,板橋区,35.784375,139.6703125,966,1007,265,632,110
5339554322,13119,板橋区,35.784375,139.6734375,1516,1209,467,631,111
5339554323,13119,板橋区,35.78645833333333,139.6703125,1125,1113,372,631,110
5339554324,13119,板橋区,35.78645833333333,139.6734375,1663,1376,634,631,111
5339554331,13119,板橋区,35.78854166666667,139.6640625,1355,899,420,335,144
5339554332,13119,板橋区,35.78854166666667,139.6671875,850,725,248,334,143
5339554333,13119,板橋区,35.790625,139.6640625,745,706,227,335,144
5339554334,13119,板橋区,35.790625,139.6671875,605,589,112,334,143
5339554341,13119,板橋区,35.78854166666667,139.6703125,478,619,240,379,0
5339554342,13119,板橋区,35.78854166666667,139.6734375,2024,1303,925,378,0
5339554343,13119,板橋区,35.790625,139.6703125,2236,902,524,378,0
5339554344,13119,板橋区,35.790625,139.6734375,997,691,312,379,0
5339554411,13119,板橋区,35.784375,139.67656250000002,1948,1306,728,434,144
5339554412,13119,板橋区,35.784375,139.67968750000003,941,869,294,433,142
5339554413,13119,板橋区,35.78645833333333,139.67656250000002,1036,904,327,434,143
5339554414,13119,板橋区,35.78645833333333,139.67968750000003,1586,1062,486,434,142
5339554421,13119,板橋区,35.784375,139.6828125,1296,915,423,338,154
5339554422,13119,板橋区,35.784375,139.68593750000002,1378,919,428,338,153
5339554423,13119,板橋区,35.78645833333333,139.6828125,2289,1491,1001,337,153
5339554424,13119,板橋区,35.78645833333333,139.68593750000002,760,728,238,337,153
5339554431,13119,板橋区,35.78854166666667,139.67656250000002,1461,1308,738,433,137
5339554432,13119,板橋区,35.78854166666667,139.67968750000003,1549,1140,571,433,136
5339554433,13119,板橋区,35.790625,139.67656250000002,1761,1242,674,432,136
5339554434,13119,板橋区,35.790625,139.67968750000003,801,767,198,433,136
5339554441,13119,板橋区,35.78854166666667,139.6828125,1002,646,342,304,0
5339554442,13119,板橋区,35.78854166666667,139.68593750000002,300,394,90,304,0
5339554443,13119,板橋区,35.790625,139.6828125,354,466,162,304,0
5339554444,13119,板橋区,35.790625,139.68593750000002,398,456,152,304,0
5339554511,13119,板橋区,35.784375,139.6890625,227,543,41,502,0
5339554512,13117,北区,35.784375,139.69218750000002,677,757,255,502,0
5339554513,13119,板橋区,35.78645833333333,139.6890625,14,510,10,500,0
5339554514,13117,北区,35.78645833333333,139.69218750000002,820,685,183,502,0
5339554521,13117,北区,35.784375,139.6953125,159,969,29,940,0
5339554522,13117,北区,35.784375,139.6984375,1077,1168,229,939,0
5339554523,13117,北区,35.78645833333333,139.6953125,458,1046,107,939,0
5339554524,13117,北区,35.78645833333333,139.6984375,940,1214,274,940,0
5339554531,13119,板橋区,35.78854166666667,139.6890625,190,493,40,270,183
5339554532,13117,北区,35.78854166666667,139.69218750000002,258,525,73,270,182
5339554533,13119,板橋区,35.790625,139.6890625,816,658,206,270,182
5339554534,13117,北区,35.790625,139.69218750000002,260,491,39,270,182
5339554541,13117,北区,35.78854166666667,139.6953125,920,739,278,461,0
5339554542,13117,北区,35.78854166666667,139.6984375,1257,904,442,462,0
5339554543,13117,北区,35.790625,139.6953125,809,633,172,461,0
5339554544,13117,北区,35.790625,139.6984375,1020,792,330,462,0
5339554611,13117,北区,35.784375,139.7015625,769,731,286,153,292
5339554612,13117,北区,35.784375,139.7046875,1075,842,396,154,292
5339554613,13117,北区,35.78645833333333,139.7015625,1361,1038,595,152,291
5339554614,13117,北区,35.78645833333333,139.7046875,1226,855,409,154,292
5339554621,13117,北区,35.784375,139.7078125,1445,943,436,507,0
5339554622,13117,北区,35.784375,139.7109375,779,827,319,508,0
5339554623,13117,北区,35.78645833333333,139.7078125,1285,900,392,508,0
5339554624,13117,北区,35.78645833333333,139.7109375,1654,997,490,507,0
5339554631,13117,北区,35.78854166666667,139.7015625,1234,713,341,372,0
5339554632,13117,北区,35.78854166666667,139.7046875,1202,704,334,370,0
5339554633,13117,北区,35.790625,139.7015625,1178,812,442,370,0
5339554634,13117,北区,35.790625,139.7046875,518,586,215,371,0
5339554641,13117,北区,35.78854166666667,139.7078125,279,129,65,64,0
5339554642,13117,北区,35.78854166666667,139.7109375,445,281,217,64,0
5339554643,13117,北区,35.790625,139.7078125,0,63,0,63,0
5339554644,13117,北区,35.790625,139.7109375,0,63,0,63,0
5339554711,13117,北区,35.784375,139.7140625,742,965,275,184,506
5339554712,13117,北区,35.784375,139.71718750000002,620,873,184,183,506
5339554713,13117,北区,35.78645833333333,139.7140625,1191,1078,391,183,504
5339554714,13117,北区,35.78645833333333,139.71718750000002,682,903,214,183,506
5339554721,13117,北区,35.784375,139.7203125,1264,561,335,127,99
5339554722,13117,北区,35.784375,139.72343750000002,1068,566,341,126,99
5339554723,13117,北区,35.78645833333333,139.7203125,1165,559,335,126,98
5339554724,13117,北区,35.78645833333333,139.72343750000002,817,450,226,126,98
5339554731,13117,北区,35.78854166666667,139.7140625,147,60,42,18,0
5339554732,13117,北区,35.78854166666667,139.71718750000002,0,17,0,17,0
5339554733,13117,北区,35.790625,139.7140625,0,17,0,17,0
5339554734,13117,北区,35.790625,139.71718750000002,0,18,0,18,0
5339554811,13117,北区,35.784375,139.7265625,1176,577,357,101,119
5339554812,13117,北区,35.784375,139.7296875,796,506,288,100,118
5339554813,13117,北区,35.78645833333333,139.7265625,233,280,62,100,118
5339554814,13117,北区,35.78645833333333,139.7296875,85,238,18,101,119
5339554821,13117,北区,35.784375,139.7328125,148,70,67,3,0
5339554822,13117,北区,35.784375,139.7359375,0,3,0,3,0
5339554823,13117,北区,35.78645833333333,139.7328125,0,3,0,3,0
5339554824,13117,北区,35.78645833333333,139.7359375,0,3,0,3,0
5339554841,13117,北区,35.78854166666667,139.7328125,0,73,0,73,0
5339554842,13117,北区,35.78854166666667,139.7359375,0,73,0,73,0
5339554922,13121,足立区,35.784375,139.74843750000002,396,481,127,354,0
5339555112,13119,板橋区,35.79270833333333,139.6421875,295,375,57,318,0
5339555114,13119,板橋区,35.79479166666666,139.6421875,0,319,0,319,0
5339555121,13119,板橋区,35.79270833333333,139.6453125,0,347,0,347,0
5339555122,13119,板橋区,35.79270833333333,139.6484375,20,346,0,346,0
5339555123,13119,板橋区,35.79479166666666,139.6453125,54,356,10,346,0
5339555124,13119,板橋区,35.79479166666666,139.6484375,40,359,13,346,0
5339555132,13119,板橋区,35.796875,139.6421875,615,400,266,134,0
5339555141,13119,板橋区,35.796875,139.6453125,218,137,87,50,0
5339555142,13119,板橋区,35.796875,139.6484375,119,80,30,50,0
5339555211,13119,板橋区,35.79270833333333,139.6515625,0,253,0,253,0
5339555212,13119,板橋区,35.79270833333333,139.65468750000002,685,464,210,254,0
5339555213,13119,板橋区,35.79479166666666,139.6515625,355,395,142,253,0
5339555214,13119,板橋区,35.79479166666666,139.65468750000002,0,254,0,254,0
5339555221,13119,板橋区,35.79270833333333,139.6578125,964,783,318,357,108
5339555222,13119,板橋区,35.79270833333333,139.66093750000002,475,573,107,357,109
5339555223,13119,板橋区,35.79479166666666,139.6578125,0,465,0,357,108
5339555224,13119,板橋区,35.79479166666666,139.66093750000002,209,596,130,358,108
5339555231,13119,板橋区,35.796875,139.6515625,140,49,42,7,0
5339555232,13119,板橋区,35.796875,139.65468750000002,0,6,0,6,0
5339555233,13119,板橋区,35.79895833333333,139.6515625,0,6,0,6,0
5339555234,13119,板橋区,35.79895833333333,139.65468750000002,0,7,0,7,0
5339555241,13119,板橋区,35.796875,139.6578125,0,111,0,111,0
5339555242,13119,板橋区,35.796875,139.66093750000002,220,226,115,111,0
5339555243,13119,板橋区,35.79895833333333,139.6578125,0,112,0,112,0
5339555244,13119,板橋区,35.79895833333333,139.66093750000002,0,111,0,111,0
5339555311,13119,板橋区,35.79270833333333,139.6640625,427,433,96,247,90
5339555312,13119,板橋区,35.79270833333333,139.6671875,121,383,48,247,88
5339555313,13119,板橋区,35.79479166666666,139.6640625,2123,1059,725,246,88
5339555314,13119,板橋区,35.79479166666666,139.6671875,227,414,79,246,89
5339555321,13119,板橋区,35.79270833333333,139.6703125,24,313,8,305,0
5339555322,13119,板橋区,35.79270833333333,139.6734375,4,304,0,304,0
5339555323,13119,板橋区,35.79479166666666,139.6703125,0,304,0,304,0
5339555324,13119,板橋区,35.79479166666666,139.6734375,10,304,0,304,0
5339555331,13119,板橋区,35.796875,139.6640625,761,639,394,245,0
5339555332,13119,板橋区,35.796875,139.6671875,171,296,52,244,0
5339555333,13119,板橋区,35.79895833333333,139.6640625,0,244,0,244,0
5339555334,13119,板橋区,35.79895833333333,139.6671875,0,245,0,245,0
5339555341,13119,板橋区,35.796875,139.6703125,194,130,50,80,0
5339555342,13119,板橋区,35.796875,139.6734375,144,122,43,79,0
5339555343,13119,板橋区,35.79895833333333,139.6703125,0,79,0,79,0
5339555344,13119,板橋区,35.79895833333333,139.6734375,0,81,0,81,0
5339555411,13119,板橋区,35.79270833333333,139.67656250000002,0,557,0,424,133
5339555412,13119,板橋区,35.79270833333333,139.67968750000003,293,740,185,424,131
5339555413,13119,板橋区,35.79479166666666,139.67656250000002,9,559,2,425,132
5339555414,13119,板橋区,35.79479166666666,139.67968750000003,94,585,30,424,131
5339555421,13119,板橋区,35.79270833333333,139.6828125,178,876,58,818,0
5339555422,13119,板橋区,35.79270833333333,139.68593750000002,1609,1589,772,817,0
5339555423,13119,板橋区,35.79479166666666,139.6828125,253,887,70,817,0
5339555424,13119,板橋区,35.79479166666666,139.68593750000002,701,1009,191,818,0
5339555441,13119,板橋区,35.796875,139.6828125,0,2,0,2,0
5339555442,13119,板橋区,35.796875,139.68593750000002,115,20,19,1,0
5339555443,13119,板橋区,35.79895833333333,139.6828125,0,1,0,1,0
5339555444,13119,板橋区,35.79895833333333,139.68593750000002,0,1,0,1,0
5339555511,13119,板橋区,35.79270833333333,139.6890625,962,810,246,564,0
5339555512,13119,板橋区,35.79270833333333,139.69218750000002,404,683,120,563,0
5339555513,13119,板橋区,35.79479166666666,139.6890625,1039,870,308,562,0
5339555514,13119,板橋区,35.79479166666666,139.69218750000002,555,798,234,564,0
5339555521,13117,北区,35.79270833333333,139.6953125,1318,829,437,204,188
5339555522,13117,北区,35.79270833333333,139.6984375,1340,796,405,204,187
5339555523,13117,北区,35.79479166666666,139.6953125,371,505,116,202,187
5339555524,13117,北区,35.79479166666666,139.6984375,255,475,83,204,188
5339555531,13119,板橋区,35.796875,139.6890625,651,249,224,25,0
5339555532,13119,板橋区,35.796875,139.69218750000002,363,139,114,25,0
5339555533,13119,板橋区,35.79895833333333,139.6890625,0,25,0,25,0
5339555534,13119,板橋区,35.79895833333333,139.69218750000002,0,25,0,25,0
5339555611,13117,北区,35.79270833333333,139.7015625,833,341,317,24,0
5339555612,13117,北区,35.79270833333333,139.7046875,0,23,0,23,0
5339555613,13117,北区,35.79479166666666,139.7015625,0,23,0,23,0
5339560011,13118,荒川区,35.751041666666666,139.7515625,918,784,246,421,117
5339560012,13118,荒川区,35.751041666666666,139.75468750000002,885,870,332,421,117
5339560013,13118,荒川区,35.753125,139.7515625,2093,1099,563,420,116
5339560014,13118,荒川区,35.753125,139.75468750000002,1851,1087,550,421,116
5339560021,13118,荒川区,35.751041666666666,139.7578125,1145,866,425,284,157
5339560022,13118,荒川区,35.751041666666666,139.7609375,1639,955,516,284,155
5339560023,13118,荒川区,35.753125,139.7578125,826,748,309,283,156
5339560024,13118,荒川区,35.753125,139.7609375,874,718,279,284,155
5339560031,13117,北区,35.755208333333336,139.7515625,21,219,3,170,46
5339560032,13117,北区,35.755208333333336,139.75468750000002,492,390,174,169,47
5339560033,13121,足立区,35.75729166666667,139.7515625,399,474,259,169,46
5339560034,13121,足立区,35.75729166666667,139.75468750000002,622,443,228,169,46
5339560041,13121,足立区,35.755208333333336,139.7578125,811,520,199,189,132
5339560042,13121,足立区,35.755208333333336,139.7609375,212,401,81,187,133
5339560043,13121,足立区,35.75729166666667,139.7578125,1199,691,371,188,132
5339560044,13121,足立区,35.75729166666667,139.7609375,855,644,323,188,133
5339560111,13118,荒川区,35.751041666666666,139.7640625,787,644,248,246,150
5339560112,13118,荒川区,35.751041666666666,139.7671875,1050,704,308,245,151
5339560113,13118,荒川区,35.753125,139.7640625,327,552,158,245,149
5339560114,13118,荒川区,35.753125,139.7671875,479,523,126,246,151
5339560121,13118,荒川区,35.751041666666666,139.7703125,1202,1396,263,385,748
5339560122,13118,荒川区,35.751041666666666,139.7734375,0,1132,0,384,748
5339560123,13118,荒川区,35.753125,139.7703125,123,1167,35,385,747
5339560124,13118,荒川区,35.753125,139.7734375,0,1133,0,385,748
5339560131,13121,足立区,35.755208333333336,139.7640625,39,186,12,174,0
5339560132,13121,足立区,35.755208333333336,139.7671875,563,354,181,173,0
5339560133,13121,足立区,35.75729166666667,139.7640625,516,365,191,174,0
5339560134,13121,足立区,35.75729166666667,139.7671875,0,173,0,173,0
5339560141,13121,足立区,35.755208333333336,139.7703125,601,209,155,54,0
5339560142,13121,足立区,35.755208333333336,139.7734375,730,314,260,54,0
5339560143,13121,足立区,35.75729166666667,139.7703125,0,53,0,53,0
5339560144,13121,足立区,35.75729166666667,139.7734375,0,54,0,54,0
5339560211,13118,荒川区,35.751041666666666,139.7765625,543,396,178,104,114
5339560212,13118,荒川区,35.751041666666666,139.77968750000002,1236,671,455,104,112
5339560213,13118,荒川区,35.753125,139.7765625,143,239,23,103,113
5339560214,13118,荒川区,35.753125,139.77968750000002,1152,591,375,103,113
5339560221,13118,荒川区,35.751041666666666,139.7828125,1644,884,551,333,0
5339560222,13118,荒川区,35.751041666666666,139.78593750000002,1575,753,421,332,0
5339560223,13118,荒川区,35.753125,139.7828125,801,651,318,333,0
5339560224,13118,荒川区,35.753125,139.78593750000002,583,465,132,333,0
5339560231,13121,足立区,35.755208333333336,139.7765625,100,39,28,11,0
5339560232,13121,足立区,35.755208333333336,139.77968750000002,0,11,0,11,0
5339560233,13121,足立区,35.75729166666667,139.7765625,0,10,0,10,0
5339560234,13121,足立区,35.75729166666667,139.77968750000002,0,11,0,11,0
5339560241,13121,足立区,35.755208333333336,139.7828125,0,13,0,13,0
5339560242,13121,足立区,35.755208333333336,139.78593750000002,708,377,364,13,0
5339560243,13121,足立区,35.75729166666667,139.7828125,0,13,0,13,0
5339560244,13121,足立区,35.75729166666667,139.78593750000002,0,13,0,13,0
5339560311,13118,荒川区,35.751041666666666,139.7890625,1136,1746,350,255,1141
5339560312,13121,足立区,35.751041666666666,139.7921875,660,1565,171,254,1140
5339560313,13121,足立区,35.753125,139.7890625,288,1478,84,253,1141
5339560314,13121,足立区,35.753125,139.7921875,761,1602,207,254,1141
5339560321,13121,足立区,35.751041666666666,139.7953125,983,872,302,570,0
5339560322,13121,足立区,35.751041666666666,139.7984375,1128,923,354,569,0
5339560323,13121,足立区,35.753125,139.7953125,1245,952,383,569,0
5339560324,13121,足立区,35.753125,139.7984375,1311,1034,464,570,0
5339560331,13121,足立区,35.755208333333336,139.7890625,1567,1004,818,186,0
5339560332,13121,足立区,35.755208333333336,139.7921875,1286,700,513,187,0
5339560333,13121,足立区,35.75729166666667,139.7890625,0,187,0,187,0
5339560334,13121,足立区,35.75729166666667,139.7921875,521,458,272,186,0
5339560341,13121,足立区,35.755208333333336,139.7953125,1358,682,446,145,91
5339560342,13121,足立区,35.755208333333336,139.7984375,927,505,272,143,90
5339560343,13121,足立区,35.75729166666667,139.7953125,500,414,179,144,91
5339560344,13121,足立区,35.75729166666667,139.7984375,593,439,205,143,91
5339560411,13121,足立区,35.751041666666666,139.80156250000002,1176,2046,329,1609,108
5339560412,13121,足立区,35.751041666666666,139.80468750000003,475,1880,162,1610,108
5339560413,13121,足立区,35.753125,139.80156250000002,1390,2078,362,1609,107
5339560414,13121,足立区,35.753125,139.80468750000003,985,2046,329,1609,108
5339560421,13121,足立区,35.751041666666666,139.8078125,1442,1116,561,251,304
5339560422,13121,足立区,35.751041666666666,139.81093750000002,1036,858,304,251,303
5339560423,13121,足立区,35.753125,139.8078125,1503,1048,495,250,303
5339560424,13121,足立区,35.753125,139.81093750000002,515,699,146,250,303
5339560431,13121,足立区,35.755208333333336,139.80156250000002,2079,754,599,132,23
5339560432,13121,足立区,35.755208333333336,139.80468750000003,992,443,288,131,24
5339560433,13121,足立区,35.75729166666667,139.80156250000002,589,332,178,132,22
5339560434,13121,足立区,35.75729166666667,139.80468750000003,99,200,46,131,23
5339560441,13121,足立区,35.755208333333336,139.8078125,141,39,25,14,0
5339560442,13121,足立区,35.755208333333336,139.81093750000002,0,13,0,13,0
5339560443,13121,足立区,35.75729166666667,139.8078125,0,13,0,13,0
5339560444,13121,足立区,35.75729166666667,139.81093750000002,0,14,0,14,0
5339560511,13121,足立区,35.751041666666666,139.8140625,10,7,6,1,0
5339560512,13122,葛飾区,35.751041666666666,139.81718750000002,0,1,0,1,0
5339560513,13121,足立区,35.753125,139.8140625,0,1,0,1,0
5339560514,13122,葛飾区,35.753125,139.81718750000002,0,1,0,1,0
5339560521,13122,葛飾区,35.751041666666666,139.8203125,29,386,14,115,257
5339560522,13122,葛飾区,35.751041666666666,139.8234375,656,546,175,114,257
5339560523,13122,葛飾区,35.753125,139.8203125,0,371,0,114,257
5339560524,13122,葛飾区,35.753125,139.8234375,239,431,58,115,258
5339560531,13122,葛飾区,35.755208333333336,139.8140625,93,276,29,156,91
5339560532,13122,葛飾区,35.755208333333336,139.81718750000002,739,527,279,157,91
5339560533,13122,葛飾区,35.75729166666667,139.8140625,429,463,217,156,90
5339560534,13122,葛飾区,35.75729166666667,139.81718750000002,330,357,109,157,91
5339560541,13122,葛飾区,35.755208333333336,139.8203125,588,336,205,131,0
5339560542,13122,葛飾区,35.755208333333336,139.8234375,599,343,211,132,0
5339560543,13121,足立区,35.75729166666667,139.8203125,1746,552,422,130,0
5339560544,13121,足立区,35.75729166666667,139.8234375,1010,407,276,131,0
5339560611,13122,葛飾区,35.751041666666666,139.8265625,1016,701,302,265,134
5339560612,13122,葛飾区,35.751041666666666,139.8296875,901,695,298,265,132
5339560613,13122,葛飾区,35.753125,139.8265625,1394,736,339,264,133
5339560614,13122,葛飾区,35.753125,139.8296875,956,705,307,265,133
5339560621,13122,葛飾区,35.751041666666666,139.8328125,1121,702,378,178,146
5339560622,13122,葛飾区,35.751041666666666,139.8359375,1409,861,538,177,146
5339560623,13122,葛飾区,35.753125,139.8328125,856,602,280,177,145
5339560624,13122,葛飾区,35.753125,139.8359375,1088,722,398,177,147
5339560631,13122,葛飾区,35.755208333333336,139.8265625,846,548,257,263,28
5339560632,13122,葛飾区,35.755208333333336,139.8296875,1009,600,310,263,27
5339560633,13122,葛飾区,35.75729166666667,139.8265625,1326,633,344,262,27
5339560634,13122,葛飾区,35.75729166666667,139.8296875,849,501,211,263,27
5339560641,13122,葛飾区,35.755208333333336,139.8328125,1234,727,423,164,140
5339560642,13122,葛飾区,35.755208333333336,139.8359375,649,510,208,164,138
5339560643,13122,葛飾区,35.75729166666667,139.8328125,1082,640,338,163,139
5339560644,13122,葛飾区,35.75729166666667,139.8359375,911,604,301,165,138
5339560711,13122,葛飾区,35.751041666666666,139.8390625,1074,1291,379,340,572
5339560712,13122,葛飾区,35.751041666666666,139.84218750000002,1042,1247,337,339,571
5339560713,13122,葛飾区,35.753125,139.8390625,948,1215,305,339,571
5339560714,13122,葛飾区,35.753125,139.84218750000002,1330,1362,451,340,571
5339560721,13122,葛飾区,35.751041666666666,139.8453125,1188,983,396,444,143
5339560722,13122,葛飾区,35.751041666666666,139.84843750000002,1652,1142,558,442,142
5339560723,13122,葛飾区,35.753125,139.8453125,881,881,295,443,143
5339560724,13122,葛飾区,35.753125,139.84843750000002,995,934,349,443,142
5339560731,13122,葛飾区,35.755208333333336,139.8390625,981,559,354,205,0
5339560732,13122,葛飾区,35.755208333333336,139.84218750000002,1324,599,396,203,0
5339560733,13122,葛飾区,35.75729166666667,139.8390625,1061,501,297,204,0
5339560734,13122,葛飾区,35.75729166666667,139.84218750000002,727,428,223,205,0
5339560741,13122,葛飾区,35.755208333333336,139.8453125,408,568,156,274,138
5339560742,13122,葛飾区,35.755208333333336,139.84843750000002,1105,823,413,274,136
5339560743,13122,葛飾区,35.75729166666667,139.8453125,1089,850,440,273,137
5339560744,13122,葛飾区,35.75729166666667,139.84843750000002,1428,1022,612,274,136
5339560811,13122,葛飾区,35.751041666666666,139.8515625,860,1189,374,509,306
5339560812,13122,葛飾区,35.751041666666666,139.8546875,954,1076,263,508,305
5339560813,13122,葛飾区,35.753125,139.8515625,827,1106,294,507,305
5339560814,13122,葛飾区,35.753125,139.8546875,1339,1232,417,509,306
5339560821,13122,葛飾区,35.751041666666666,139.8578125,687,758,227,378,153
5339560822,13122,葛飾区,35.751041666666666,139.8609375,227,619,89,378,152
5339560823,13122,葛飾区,35.753125,139.8578125,548,712,181,378,153
5339560824,13122,葛飾区,35.753125,139.8609375,608,733,203,378,152
5339560831,13122,葛飾区,35.755208333333336,139.8515625,1064,750,333,220,197
5339560832,13122,葛飾区,35.755208333333336,139.8546875,1475,811,397,219,195
5339560833,13122,葛飾区,35.75729166666667,139.8515625,826,716,301,219,196
5339560834,13122,葛飾区,35.75729166666667,139.8546875,987,697,281,220,196
5339560841,13122,葛飾区,35.755208333333336,139.8578125,1611,710,610,100,0
5339560842,13122,葛飾区,35.755208333333336,139.8609375,676,339,239,100,0
5339560843,13122,葛飾区,35.75729166666667,139.8578125,290,254,153,101,0
5339560844,13122,葛飾区,35.75729166666667,139.8609375,1011,379,279,100,0
5339560911,13122,葛飾区,35.751041666666666,139.86406250000002,784,576,251,325,0
5339560912,13122,葛飾区,35.751041666666666,139.86718750000003,984,652,327,325,0
5339560913,13122,葛飾区,35.753125,139.86406250000002,868,599,275,324,0
5339560914,13122,葛飾区,35.753125,139.86718750000003,1181,696,371,325,0
5339560921,13122,葛飾区,35.751041666666666,139.8703125,709,743,224,406,113
5339560922,13122,葛飾区,35.751041666666666,139.87343750000002,468,662,145,405,112
5339560923,13122,葛飾区,35.753125,139.8703125,1294,917,399,405,113
5339560924,13122,葛飾区,35.753125,139.87343750000002,1033,879,361,406,112
5339560931,13122,葛飾区,35.755208333333336,139.86406250000002,930,737,286,135,316
5339560932,13122,葛飾区,35.755208333333336,139.86718750000003,773,721,269,136,316
5339560933,13122,葛飾区,35.75729166666667,139.86406250000002,625,651,200,135,316
5339560934,13122,葛飾区,35.75729166666667,139.86718750000003,821,754,303,135,316
5339560941,13122,葛飾区,35.755208333333336,139.8703125,1220,594,413,181,0
5339560942,13122,葛飾区,35.755208333333336,139.87343750000002,1031,546,366,180,0
5339560943,13122,葛飾区,35.75729166666667,139.8703125,944,545,366,179,0
5339560944,13122,葛飾区,35.75729166666667,139.87343750000002,905,483,303,180,0
5339561011,13121,足立区,35.759375,139.7515625,77,198,28,170,0
5339561012,13121,足立区,35.759375,139.75468750000002,668,410,239,171,0
5339561013,13117,北区,35.76145833333333,139.7515625,713,490,320,170,0
5339561014,13121,足立区,35.76145833333333,139.75468750000002,101,203,32,171,0
5339561021,13121,足立区,35.759375,139.7578125,617,484,178,208,98
5339561022,13121,足立区,35.759375,139.7609375,310,413,109,207,97
5339561023,13121,足立区,35.76145833333333,139.7578125,456,471,166,208,97
5339561024,13121,足立区,35.76145833333333,139.7609375,17,315,9,208,98
5339561031,13117,北区,35.76354166666667,139.7515625,504,631,191,336,104
5339561032,13117,北区,35.76354166666667,139.75468750000002,490,706,267,336,103
5339561033,13117,北区,35.765625,139.7515625,2892,1748,1308,336,104
5339561034,13117,北区,35.765625,139.75468750000002,2128,1432,992,336,104
5339561041,13121,足立区,35.76354166666667,139.7578125,255,104,74,30,0
5339561042,13121,足立区,35.76354166666667,139.7609375,0,29,0,29,0
5339561043,13117,北区,35.765625,139.7578125,0,29,0,29,0
5339561044,13121,足立区,35.765625,139.7609375,0,30,0,30,0
5339561111,13121,足立区,35.759375,139.7640625,0,21,0,21,0
5339561112,13121,足立区,35.759375,139.7671875,0,19,0,19,0
5339561113,13121,足立区,35.76145833333333,139.7640625,0,19,0,19,0
5339561114,13121,足立区,35.76145833333333,139.7671875,360,113,93,20,0
5339561121,13121,足立区,35.759375,139.7703125,24,100,8,92,0
5339561122,13121,足立区,35.759375,139.7734375,174,148,56,92,0
5339561123,13121,足立区,35.76145833333333,139.7703125,686,298,205,93,0
5339561124,13121,足立区,35.76145833333333,139.7734375,1239,473,381,92,0
5339561131,13121,足立区,35.76354166666667,139.7640625,154,253,48,127,78
5339561132,13121,足立区,35.76354166666667,139.7671875,961,464,259,128,77
5339561133,13121,足立区,35.765625,139.7640625,274,296,91,127,78
5339561134,13121,足立区,35.765625,139.7671875,710,511,305,128,78
5339561141,13121,足立区,35.76354166666667,139.7703125,760,521,213,308,0
5339561142,13121,足立区,35.76354166666667,139.7734375,691,534,226,308,0
5339561143,13121,足立区,35.765625,139.7703125,781,684,376,308,0
5339561144,13121,足立区,35.765625,139.7734375,636,493,185,308,0
5339561211,13121,足立区,35.759375,139.7765625,248,330,142,113,75
5339561212,13121,足立区,35.759375,139.77968750000002,125,234,48,112,74
5339561213,13121,足立区,35.76145833333333,139.7765625,795,486,298,113,75
5339561214,13121,足立区,35.76145833333333,139.77968750000002,669,409,222,113,74
5339561221,13121,足立区,35.759375,139.7828125,58,257,23,234,0
5339561222,13121,足立区,35.759375,139.78593750000002,0,234,0,234,0
5339561223,13121,足立区,35.76145833333333,139.7828125,932,537,304,233,0
5339561224,13121,足立区,35.76145833333333,139.78593750000002,502,414,180,234,0
5339561231,13121,足立区,35.76354166666667,139.7765625,864,556,249,154,153
5339561232,13121,足立区,35.76354166666667,139.77968750000002,538,483,176,153,154
5339561233,13121,足立区,35.765625,139.7765625,959,628,322,154,152
5339561234,13121,足立区,35.765625,139.77968750000002,832,572,265,153,154
5339561241,13121,足立区,35.76354166666667,139.7828125,673,529,210,319,0
5339561242,13121,足立区,35.76354166666667,139.78593750000002,607,538,219,319,0
5339561243,13121,足立区,35.765625,139.7828125,782,593,274,319,0
5339561244,13121,足立区,35.765625,139.78593750000002,730,565,246,319,0
5339561311,13121,足立区,35.759375,139.7890625,0,68,0,68,0
5339561312,13121,足立区,35.759375,139.7921875,0,67,0,67,0
5339561313,13121,足立区,35.76145833333333,139.7890625,436,227,160,67,0
5339561314,13121,足立区,35.76145833333333,139.7921875,132,121,54,67,0
5339561321,13121,足立区,35.759375,139.7953125,0,16,0,16,0
5339561322,13121,足立区,35.759375,139.7984375,0,15,0,15,0
5339561323,13121,足立区,35.76145833333333,139.7953125,103,50,35,15,0
5339561324,13121,足立区,35.76145833333333,139.7984375,5,17,1,16,0
5339561331,13121,足立区,35.76354166666667,139.7890625,842,480,289,191,0
5339561332,13121,足立区,35.76354166666667,139.7921875,585,385,195,190,0
5339561333,13121,足立区,35.765625,139.7890625,1084,539,350,189,0
5339561334,13121,足立区,35.765625,139.7921875,931,510,320,190,0
5339561341,13121,足立区,35.76354166666667,139.7953125,819,629,264,284,81
5339561342,13121,足立区,35.76354166666667,139.7984375,910,682,317,284,81
5339561343,13121,足立区,35.765625,139.7953125,805,656,291,283,82
5339561344,13121,足立区,35.765625,139.7984375,1062,716,351,284,81
5339561411,13121,足立区,35.759375,139.80156250000002,0,36,0,36,0
5339561412,13121,足立区,35.759375,139.80468750000003,0,36,0,36,0
5339561413,13121,足立区,35.76145833333333,139.80156250000002,109,73,38,35,0
5339561414,13121,足立区,35.76145833333333,139.80468750000003,447,203,167,36,0
5339561421,13121,足立区,35.759375,139.8078125,42,126,7,119,0
5339561422,13121,足立区,35.759375,139.81093750000002,817,360,241,119,0
5339561423,13121,足立区,35.76145833333333,139.8078125,937,454,336,118,0
5339561424,13121,足立区,35.76145833333333,139.81093750000002,1191,509,390,119,0
5339561431,13121,足立区,35.76354166666667,139.80156250000002,981,597,310,287,0
5339561432,13121,足立区,35.76354166666667,139.80468750000003,859,523,236,287,0
5339561433,13121,足立区,35.765625,139.80156250000002,1031,604,318,286,0
5339561434,13121,足立区,35.765625,139.80468750000003,1342,691,404,287,0
5339561441,13121,足立区,35.76354166666667,139.8078125,1237,873,373,374,126
5339561442,13121,足立区,35.76354166666667,139.81093750000002,1443,887,388,372,127
5339561443,13121,足立区,35.765625,139.8078125,1163,908,410,372,126
5339561444,13121,足立区,35.765625,139.81093750000002,958,761,262,372,127
5339561511,13122,葛飾区,35.759375,139.8140625,890,539,248,291,0
5339561512,13122,葛飾区,35.759375,139.81718750000002,2193,2418,2128,290,0
5339561513,13121,足立区,35.76145833333333,139.8140625,595,482,192,290,0
5339561514,13121,足立区,35.76145833333333,139.81718750000002,1221,666,375,291,0
5339561521,13121,足立区,35.759375,139.8203125,1717,870,351,519,0
5339561522,13121,足立区,35.759375,139.8234375,1032,763,245,518,0
5339561523,13121,足立区,35.76145833333333,139.8203125,1177,910,392,518,0
5339561524,13121,足立区,35.76145833333333,139.8234375,898,751,232,519,0
5339561531,13121,足立区,35.76354166666667,139.8140625,1033,442,292,150,0
5339561532,13121,足立区,35.76354166666667,139.81718750000002,774,347,197,150,0
5339561533,13121,足立区,35.765625,139.8140625,1288,518,369,149,0
5339561534,13121,足立区,35.765625,139.81718750000002,1067,496,345,151,0
5339561541,13121,足立区,35.76354166666667,139.8203125,740,810,195,544,71
5339561542,13121,足立区,35.76354166666667,139.8234375,1460,931,317,543,71
5339561543,13121,足立区,35.765625,139.8203125,548,810,196,543,71
5339561544,13121,足立区,35.765625,139.8234375,1377,932,316,544,72
5339561611,13121,足立区,35.759375,139.8265625,956,1025,304,521,200
5339561612,13121,足立区,35.759375,139.8296875,1053,1058,337,520,201
5339561613,13121,足立区,35.76145833333333,139.8265625,1092,975,254,520,201
5339561614,13121,足立区,35.76145833333333,139.8296875,1301,1071,350,521,200
5339561621,13122,葛飾区,35.759375,139.8328125,1248,707,404,153,150
5339561622,13122,葛飾区,35.759375,139.8359375,1039,588,286,153,149
5339561623,13122,葛飾区,35.76145833333333,139.8328125,1097,680,379,152,149
5339561624,13122,葛飾区,35.76145833333333,139.8359375,990,636,334,153,149
5339561631,13121,足立区,35.76354166666667,139.8265625,1003,1093,251,606,236
5339561632,13121,足立区,35.76354166666667,139.8296875,862,1077,236,606,235
5339561633,13121,足立区,35.765625,139.8265625,709,1025,186,605,234
5339561634,13121,足立区,35.765625,139.8296875,1269,1198,356,606,236
5339561641,13122,葛飾区,35.76354166666667,139.8328125,702,500,231,214,55
5339561642,13121,足立区,35.76354166666667,139.8359375,817,513,244,214,55
5339561643,13121,足立区,35.765625,139.8328125,1368,613,345,214,54
5339561644,13121,足立区,35.765625,139.8359375,1267,589,321,213,55
5339561711,13122,葛飾区,35.759375,139.8390625,1245,1024,557,192,275
5339561712,13122,葛飾区,35.759375,139.84218750000002,787,694,229,191,274
5339561713,13122,葛飾区,35.76145833333333,139.8390625,973,758,294,190,274
5339561714,13122,葛飾区,35.76145833333333,139.84218750000002,1210,988,521,192,275
5339561721,13122,葛飾区,35.759375,139.8453125,828,804,322,364,118
5339561722,13122,葛飾区,35.759375,139.84843750000002,1356,965,484,363,118
5339561723,13122,葛飾区,35.76145833333333,139.8453125,807,706,224,363,119
5339561724,13122,葛飾区,35.76145833333333,139.84843750000002,1097,856,374,364,118
5339561731,13122,葛飾区,35.76354166666667,139.8390625,597,729,212,304,213
5339561732,13122,葛飾区,35.76354166666667,139.84218750000002,1230,882,367,303,212
5339561733,13122,葛飾区,35.765625,139.8390625,1066,837,322,303,212
5339561734,13122,葛飾区,35.765625,139.84218750000002,1019,873,357,303,213
5339561741,13122,葛飾区,35.76354166666667,139.8453125,1395,2375,410,1816,149
5339561742,13122,葛飾区,35.76354166666667,139.84843750000002,2154,2622,658,1814,150
5339561743,13122,葛飾区,35.765625,139.8453125,454,2108,145,1815,148
5339561744,13122,葛飾区,35.765625,139.84843750000002,1293,2367,401,1816,150
5339561811,13122,葛飾区,35.759375,139.8515625,884,584,309,142,133
5339561812,13122,葛飾区,35.759375,139.8546875,563,508,234,141,133
5339561813,13122,葛飾区,35.76145833333333,139.8515625,1368,703,429,142,132
5339561814,13122,葛飾区,35.76145833333333,139.8546875,309,370,95,141,134
5339561821,13122,葛飾区,35.759375,139.8578125,619,550,204,346,0
5339561822,13122,葛飾区,35.759375,139.8609375,1177,803,458,345,0
5339561823,13122,葛飾区,35.76145833333333,139.8578125,775,686,340,346,0
5339561824,13122,葛飾区,35.76145833333333,139.8609375,480,476,130,346,0
5339561831,13122,葛飾区,35.76354166666667,139.8515625,1143,1007,317,690,0
5339561832,13122,葛飾区,35.76354166666667,139.8546875,346,817,127,690,0
5339561833,13122,葛飾区,35.765625,139.8515625,776,908,219,689,0
5339561834,13121,足立区,35.765625,139.8546875,2225,1244,553,691,0
5339561841,13122,葛飾区,35.76354166666667,139.8578125,645,471,253,82,136
5339561842,13122,葛飾区,35.76354166666667,139.8609375,1163,630,412,82,136
5339561843,13121,足立区,35.765625,139.8578125,524,403,185,82,136
5339561844,13122,葛飾区,35.765625,139.8609375,688,518,300,82,136
5339561911,13122,葛飾区,35.759375,139.86406250000002,501,728,187,416,125
5339561912,13122,葛飾区,35.759375,139.86718750000003,1135,888,348,416,124
5339561913,13122,葛飾区,35.76145833333333,139.86406250000002,948,978,438,415,125
5339561914,13122,葛飾区,35.76145833333333,139.86718750000003,925,763,223,416,124
5339561921,13122,葛飾区,35.759375,139.8703125,1423,837,466,212,159
5339561922,13122,葛飾区,35.759375,139.87343750000002,953,713,342,212,159
5339561923,13122,葛飾区,35.76145833333333,139.8703125,1250,668,300,210,158
5339561924,13122,葛飾区,35.76145833333333,139.87343750000002,704,629,258,212,159
5339561931,13122,葛飾区,35.76354166666667,139.86406250000002,655,902,232,488,182
5339561932,13122,葛飾区,35.76354166666667,139.86718750000003,956,943,275,487,181
5339561933,13122,葛飾区,35.765625,139.86406250000002,948,971,302,487,182
5339561934,13122,葛飾区,35.765625,139.86718750000003,1197,1048,380,487,181
5339561941,13122,葛飾区,35.76354166666667,139.8703125,980,698,284,260,154
5339561942,13122,葛飾区,35.76354166666667,139.87343750000002,512,571,159,260,152
5339561943,13122,葛飾区,35.765625,139.8703125,956,743,331,259,153
5339561944,13122,葛飾区,35.765625,139.87343750000002,933,777,364,260,153
5339562011,13121,足立区,35.76770833333333,139.7515625,1190,289,268,21,0
5339562012,13117,北区,35.76770833333333,139.75468750000002,323,165,144,21,0
5339562013,13121,足立区,35.76979166666666,139.7515625,818,228,208,20,0
5339562014,13121,足立区,35.76979166666666,139.75468750000002,0,21,0,21,0
5339562021,13117,北区,35.76770833333333,139.7578125,0,13,0,13,0
5339562022,13121,足立区,35.76770833333333,139.7609375,27,19,7,12,0
5339562023,13117,北区,35.76979166666666,139.7578125,0,12,0,12,0
5339562024,13121,足立区,35.76979166666666,139.7609375,207,81,68,13,0
5339562031,13121,足立区,35.771875,139.7515625,0,127,0,127,0
5339562032,13121,足立区,35.771875,139.75468750000002,0,125,0,125,0
5339562033,13121,足立区,35.77395833333333,139.7515625,0,125,0,125,0
5339562034,13121,足立区,35.77395833333333,139.75468750000002,26,134,8,126,0
5339562041,13121,足立区,35.771875,139.7578125,126,257,31,163,63
5339562042,13121,足立区,35.771875,139.7609375,537,416,192,163,61
5339562043,13121,足立区,35.77395833333333,139.7578125,226,290,67,162,61
5339562044,13121,足立区,35.77395833333333,139.7609375,564,412,186,164,62
5339562111,13121,足立区,35.76770833333333,139.7640625,520,448,194,187,67
5339562112,13121,足立区,35.76770833333333,139.7671875,948,685,433,185,67
5339562113,13121,足立区,35.76979166666666,139.7640625,682,475,223,186,66
5339562114,13121,足立区,35.76979166666666,139.7671875,678,493,241,186,66
5339562121,13121,足立区,35.76770833333333,139.7703125,629,496,226,270,0
5339562122,13121,足立区,35.76770833333333,139.7734375,788,558,289,269,0
5339562123,13121,足立区,35.76979166666666,139.7703125,412,375,106,269,0
5339562124,13121,足立区,35.76979166666666,139.7734375,746,527,257,270,0
5339562131,13121,足立区,35.771875,139.7640625,1165,825,615,210,0
5339562132,13121,足立区,35.771875,139.7671875,834,453,245,208,0
5339562133,13121,足立区,35.77395833333333,139.7640625,885,767,558,209,0
5339562134,13121,足立区,35.77395833333333,139.7671875,420,342,132,210,0
5339562141,13121,足立区,35.771875,139.7703125,1030,987,362,499,126
5339562142,13121,足立区,35.771875,139.7734375,564,783,157,500,126
5339562143,13121,足立区,35.77395833333333,139.7703125,926,934,310,499,125
5339562144,13121,足立区,35.77395833333333,139.7734375,953,1109,483,499,127
5339562211,13121,足立区,35.76770833333333,139.7765625,813,403,207,156,40
5339562212,13121,足立区,35.76770833333333,139.77968750000002,848,413,218,155,40
5339562213,13121,足立区,35.76979166666666,139.7765625,568,370,176,155,39
5339562214,13121,足立区,35.76979166666666,139.77968750000002,789,471,276,155,40
5339562221,13121,足立区,35.76770833333333,139.7828125,827,549,254,203,92
5339562222,13121,足立区,35.76770833333333,139.78593750000002,904,565,272,203,90
5339562223,13121,足立区,35.76979166666666,139.7828125,846,604,312,202,90
5339562224,13121,足立区,35.76979166666666,139.78593750000002,728,539,245,203,91
5339562231,13121,足立区,35.771875,139.7765625,1001,738,399,212,127
5339562232,13121,足立区,35.771875,139.77968750000002,918,640,304,210,126
5339562233,13121,足立区,35.77395833333333,139.7765625,782,606,268,211,127
5339562234,13121,足立区,35.77395833333333,139.77968750000002,1209,864,526,212,126
5339562241,13121,足立区,35.771875,139.7828125,1288,1136,431,610,95
5339562242,13121,足立区,35.771875,139.78593750000002,1015,1050,344,610,96
5339562243,13121,足立区,35.77395833333333,139.7828125,1057,1034,329,610,95
5339562244,13121,足立区,35.77395833333333,139.78593750000002,958,1004,299,610,95
5339562311,13121,足立区,35.76770833333333,139.7890625,855,503,305,198,0
5339562312,13121,足立区,35.76770833333333,139.7921875,929,485,287,198,0
5339562313,13121,足立区,35.76979166666666,139.7890625,946,513,315,198,0
5339562314,13121,足立区,35.76979166666666,139.7921875,870,473,276,197,0
5339562321,13121,足立区,35.76770833333333,139.7953125,1106,842,387,361,94
5339562322,13121,足立区,35.76770833333333,139.7984375,1392,857,404,361,92
5339562323,13121,足立区,35.76979166666666,139.7953125,1399,836,384,360,92
5339562324,13121,足立区,35.76979166666666,139.7984375,1624,870,417,360,93
5339562331,13121,足立区,35.771875,139.7890625,1105,885,342,423,120
5339562332,13121,足立区,35.771875,139.7921875,1120,930,388,423,119
5339562333,13121,足立区,35.77395833333333,139.7890625,2508,1305,763,422,120
5339562334,13121,足立区,35.77395833333333,139.7921875,1077,923,380,423,120
5339562341,13121,足立区,35.771875,139.7953125,2109,1364,747,520,97
5339562342,13121,足立区,35.771875,139.7984375,691,803,185,520,98
5339562343,13121,足立区,35.77395833333333,139.7953125,1654,1034,418,519,97
5339562344,13121,足立区,35.77395833333333,139.7984375,1158,902,286,519,97
5339562411,13121,足立区,35.76770833333333,139.80156250000002,1104,1119,390,507,222
5339562412,13121,足立区,35.76770833333333,139.80468750000003,1130,1014,287,506,221
5339562413,13121,足立区,35.76979166666666,139.80156250000002,1695,1276,550,505,221
5339562414,13121,足立区,35.76979166666666,139.80468750000003,445,828,101,507,220
5339562421,13121,足立区,35.76770833333333,139.8078125,769,721,235,362,124
5339562422,13121,足立区,35.76770833333333,139.81093750000002,981,815,330,362,123
5339562423,13121,足立区,35.76979166666666,139.8078125,1569,956,472,362,122
5339562424,13121,足立区,35.76979166666666,139.81093750000002,915,750,263,363,124
5339562431,13121,足立区,35.771875,139.80156250000002,971,822,279,398,145
5339562432,13121,足立区,35.771875,139.80468750000003,1056,906,364,397,145
5339562433,13121,足立区,35.77395833333333,139.80156250000002,849,798,257,397,144
5339562434,13121,足立区,35.77395833333333,139.80468750000003,642,732,188,399,145
5339562441,13121,足立区,35.771875,139.8078125,1421,876,501,240,135
5339562442,13121,足立区,35.771875,139.81093750000002,1314,805,432,238,135
5339562443,13121,足立区,35.77395833333333,139.8078125,765,627,254,239,134
5339562444,13121,足立区,35.77395833333333,139.81093750000002,838,699,324,239,136
5339562511,13121,足立区,35.76770833333333,139.8140625,869,646,274,209,163
5339562512,13121,足立区,35.76770833333333,139.81718750000002,1100,756,385,207,164
5339562513,13121,足立区,35.76979166666666,139.8140625,916,655,285,208,162
5339562514,13121,足立区,35.76979166666666,139.81718750000002,1380,866,494,208,164
5339562521,13121,足立区,35.76770833333333,139.8203125,430,665,172,200,293
5339562522,13121,足立区,35.76770833333333,139.8234375,707,677,184,200,293
5339562523,13121,足立区,35.76979166666666,139.8203125,618,687,195,200,292
5339562524,13121,足立区,35.76979166666666,139.8234375,874,725,233,200,292
5339562531,13121,足立区,35.771875,139.8140625,748,363,206,157,0
5339562532,13121,足立区,35.771875,139.81718750000002,967,428,272,156,0
5339562533,13121,足立区,35.77395833333333,139.8140625,928,458,302,156,0
5339562534,13121,足立区,35.77395833333333,139.81718750000002,858,389,233,156,0
5339562541,13121,足立区,35.771875,139.8203125,1056,848,445,403,0
5339562542,13121,足立区,35.771875,139.8234375,470,509,107,402,0
5339562543,13121,足立区,35.77395833333333,139.8203125,941,709,307,402,0
5339562544,13121,足立区,35.77395833333333,139.8234375,574,615,212,403,0
5339562611,13121,足立区,35.76770833333333,139.8265625,1241,656,316,340,0
5339562612,13121,足立区,35.76770833333333,139.8296875,1446,718,378,340,0
5339562613,13121,足立区,35.76979166666666,139.8265625,652,551,211,340,0
5339562614,13121,足立区,35.76979166666666,139.8296875,1125,672,332,340,0
5339562621,13121,足立区,35.76770833333333,139.8328125,1165,758,478,195,85
5339562622,13121,足立区,35.76770833333333,139.8359375,989,577,299,194,84
5339562623,13121,足立区,35.76979166666666,139.8328125,424,393,115,194,84
5339562624,13121,足立区,35.76979166666666,139.8359375,1284,760,480,195,85
5339562631,13121,足立区,35.771875,139.8265625,864,593,317,276,0
5339562632,13121,足立区,35.771875,139.8296875,607,474,198,276,0
5339562633,13121,足立区,35.77395833333333,139.8265625,947,566,290,276,0
5339562634,13121,足立区,35.77395833333333,139.8296875,1394,650,373,277,0
5339562641,13121,足立区,35.771875,139.8328125,1094,830,366,369,95
5339562642,13121,足立区,35.771875,139.8359375,1249,813,348,370,95
5339562643,13121,足立区,35.77395833333333,139.8328125,624,638,174,368,96
5339562644,13121,足立区,35.77395833333333,139.8359375,1251,846,382,369,95
5339562711,13121,足立区,35.76770833333333,139.8390625,953,622,340,211,71
5339562712,13121,足立区,35.76770833333333,139.84218750000002,1194,652,372,209,71
5339562713,13121,足立区,35.76979166666666,139.8390625,937,615,333,210,72
5339562714,13121,足立区,35.76979166666666,139.84218750000002,1025,596,315,210,71
5339562721,13122,葛飾区,35.76770833333333,139.8453125,914,934,291,643,0
5339562722,13122,葛飾区,35.76770833333333,139.84843750000002,1430,1074,432,642,0
5339562723,13121,足立区,35.76979166666666,139.8453125,971,978,336,642,0
5339562724,13121,足立区,35.76979166666666,139.84843750000002,2365,1349,707,642,0
5339562731,13121,足立区,35.771875,139.8390625,2312,827,471,239,117
5339562732,13121,足立区,35.771875,139.84218750000002,1448,964,609,238,117
5339562733,13121,足立区,35.77395833333333,139.8390625,1063,644,291,237,116
5339562734,13121,足立区,35.77395833333333,139.84218750000002,1381,824,468,239,117
5339562741,13121,足立区,35.771875,139.8453125,1147,1042,440,534,68
5339562742,13121,足立区,35.771875,139.84843750000002,314,700,98,533,69
5339562743,13121,足立区,35.77395833333333,139.8453125,309,716,117,532,67
5339562744,13121,足立区,35.77395833333333,139.84843750000002,0,601,0,533,68
5339562811,13122,葛飾区,35.76770833333333,139.8515625,996,497,293,133,71
5339562812,13121,足立区,35.76770833333333,139.8546875,1101,536,332,132,72
5339562813,13121,足立区,35.76979166666666,139.8515625,1141,549,346,132,71
5339562814,13121,足立区,35.76979166666666,139.8546875,1157,595,391,133,71
5339562821,13121,足立区,35.76770833333333,139.8578125,577,354,229,125,0
5339562822,13122,葛飾区,35.76770833333333,139.8609375,889,389,263,126,0
5339562823,13121,足立区,35.76979166666666,139.8578125,218,203,78,125,0
5339562824,13122,葛飾区,35.76979166666666,139.8609375,2030,918,792,126,0
5339562831,13121,足立区,35.771875,139.8515625,572,185,155,30,0
5339562832,13121,足立区,35.771875,139.8546875,735,281,252,29,0
5339562833,13121,足立区,35.77395833333333,139.8515625,224,95,66,29,0
5339562834,13121,足立区,35.77395833333333,139.8546875,217,75,45,30,0
5339562841,13122,葛飾区,35.771875,139.8578125,0,20,0,20,0
5339562842,13122,葛飾区,35.771875,139.8609375,0,19,0,19,0
5339562843,13122,葛飾区,35.77395833333333,139.8578125,789,344,325,19,0
5339562844,13122,葛飾区,35.77395833333333,139.8609375,1423,657,638,19,0
5339562911,13122,葛飾区,35.76770833333333,139.86406250000002,974,642,336,306,0
5339562912,13122,葛飾区,35.76770833333333,139.86718750000003,1017,625,319,306,0
5339562913,13122,葛飾区,35.76979166666666,139.86406250000002,2122,936,630,306,0
5339562914,13122,葛飾区,35.76979166666666,139.86718750000003,371,416,110,306,0
5339562921,13122,葛飾区,35.76770833333333,139.8703125,1790,1662,556,1106,0
5339562922,13122,葛飾区,35.76770833333333,139.87343750000002,1564,1656,551,1105,0
5339562923,13122,葛飾区,35.76979166666666,139.8703125,701,1364,258,1106,0
5339562924,13122,葛飾区,35.76979166666666,139.87343750000002,952,1449,343,1106,0
5339562931,13122,葛飾区,35.771875,139.86406250000002,51,3019,15,493,2511
5339562932,13122,葛飾区,35.771875,139.86718750000003,1187,3369,365,494,2510
5339562933,13122,葛飾区,35.77395833333333,139.86406250000002,1579,3508,505,492,2511
5339562934,13122,葛飾区,35.77395833333333,139.86718750000003,1066,3491,487,494,2510
5339562941,13122,葛飾区,35.771875,139.8703125,1492,1003,552,334,117
5339562942,13122,葛飾区,35.771875,139.87343750000002,1222,913,462,334,117
5339562943,13122,葛飾区,35.77395833333333,139.8703125,838,756,307,333,116
5339562944,13122,葛飾区,35.77395833333333,139.87343750000002,946,773,322,334,117
5339563011,13121,足立区,35.776041666666664,139.7515625,52,444,19,425,0
5339563012,13121,足立区,35.776041666666664,139.75468750000002,171,480,57,423,0
5339563013,13121,足立区,35.778124999999996,139.7515625,274,511,87,424,0
5339563014,13121,足立区,35.778124999999996,139.75468750000002,477,678,255,423,0
5339563021,13121,足立区,35.776041666666664,139.7578125,491,554,194,360,0
5339563022,13121,足立区,35.776041666666664,139.7609375,778,635,276,359,0
5339563023,13121,足立区,35.778124999999996,139.7578125,430,614,254,360,0
5339563024,13121,足立区,35.778124999999996,139.7609375,494,512,152,360,0
5339563031,13121,足立区,35.780208333333334,139.7515625,592,475,156,319,0
5339563032,13121,足立区,35.780208333333334,139.75468750000002,790,564,245,319,0
5339563033,13121,足立区,35.782291666666666,139.7515625,445,437,119,318,0
5339563034,13121,足立区,35.782291666666666,139.75468750000002,319,404,85,319,0
5339563041,13121,足立区,35.780208333333334,139.7578125,786,743,254,404,85
5339563042,13121,足立区,35.780208333333334,139.7609375,874,767,279,404,84
5339563043,13121,足立区,35.782291666666666,139.7578125,625,690,202,404,84
5339563044,13121,足立区,35.782291666666666,139.7609375,686,681,192,404,85
5339563111,13121,足立区,35.776041666666664,139.7640625,700,618,298,211,109
5339563112,13121,足立区,35.776041666666664,139.7671875,458,453,133,211,109
5339563113,13121,足立区,35.778124999999996,139.7640625,363,434,115,209,110
5339563114,13121,足立区,35.778124999999996,139.7671875,282,404,84,211,109
5339563121,13121,足立区,35.776041666666664,139.7703125,949,713,310,309,94
5339563122,13121,足立区,35.776041666666664,139.7734375,1307,1001,598,308,95
5339563123,13121,足立区,35.778124999999996,139.7703125,465,535,134,308,93
5339563124,13121,足立区,35.778124999999996,139.7734375,824,622,220,308,94
5339563131,13121,足立区,35.780208333333334,139.7640625,533,578,250,220,108
5339563132,13121,足立区,35.780208333333334,139.7671875,679,588,263,218,107
5339563133,13121,足立区,35.782291666666666,139.7640625,550,508,183,219,106
5339563134,13121,足立区,35.782291666666666,139.7671875,721,571,243,220,108
5339563141,13121,足立区,35.780208333333334,139.7703125,593,803,206,502,95
5339563142,13121,足立区,35.780208333333334,139.7734375,892,838,241,502,95
5339563143,13121,足立区,35.782291666666666,139.7703125,567,857,259,502,96
5339563144,13121,足立区,35.782291666666666,139.7734375,771,837,241,501,95
5339563211,13121,足立区,35.776041666666664,139.7765625,1084,784,348,378,58
5339563212,13121,足立区,35.776041666666664,139.77968750000002,1012,784,349,377,58
5339563213,13121,足立区,35.778124999999996,139.7765625,732,654,220,377,57
5339563214,13121,足立区,35.778124999999996,139.77968750000002,750,666,230,377,59
5339563221,13121,足立区,35.776041666666664,139.7828125,845,872,301,566,5
5339563222,13121,足立区,35.776041666666664,139.78593750000002,1107,852,283,565,4
5339563223,13121,足立区,35.778124999999996,139.7828125,1248,964,395,565,4
5339563224,13121,足立区,35.778124999999996,139.78593750000002,616,758,189,565,4
5339563231,13121,足立区,35.780208333333334,139.7765625,870,656,286,299,71
5339563232,13121,足立区,35.780208333333334,139.77968750000002,501,537,167,299,71
5339563233,13121,足立区,35.782291666666666,139.7765625,718,749,379,299,71
5339563234,13121,足立区,35.782291666666666,139.77968750000002,985,719,348,299,72
5339563241,13121,足立区,35.780208333333334,139.7828125,1081,499,334,165,0
5339563242,13121,足立区,35.780208333333334,139.78593750000002,1183,509,343,166,0
5339563243,13121,足立区,35.782291666666666,139.7828125,1187,601,436,165,0
5339563244,13121,足立区,35.782291666666666,139.78593750000002,874,411,245,166,0
5339563311,13121,足立区,35.776041666666664,139.7890625,1200,1552,298,1090,164
5339563312,13121,足立区,35.776041666666664,139.7921875,808,1525,269,1091,165
5339563313,13121,足立区,35.778124999999996,139.7890625,603,1441,187,1090,164
5339563314,13121,足立区,35.778124999999996,139.7921875,720,1513,257,1091,165
5339563321,13121,足立区,35.776041666666664,139.7953125,1008,676,304,304,68
5339563322,13121,足立区,35.776041666666664,139.7984375,1143,746,374,304,68
5339563323,13121,足立区,35.778124999999996,139.7953125,881,635,263,304,68
5339563324,13121,足立区,35.778124999999996,139.7984375,875,615,242,304,69
5339563331,13121,足立区,35.780208333333334,139.7890625,849,488,261,133,94
5339563332,13121,足立区,35.780208333333334,139.7921875,1122,521,294,133,94
5339563333,13121,足立区,35.782291666666666,139.7890625,985,547,321,132,94
5339563334,13121,足立区,35.782291666666666,139.7921875,1200,546,319,133,94
5339563341,13121,足立区,35.780208333333334,139.7953125,917,517,280,237,0
5339563342,13121,足立区,35.780208333333334,139.7984375,837,504,267,237,0
5339563343,13121,足立区,35.782291666666666,139.7953125,497,404,167,237,0
5339563344,13121,足立区,35.782291666666666,139.7984375,569,436,199,237,0
5339563411,13121,足立区,35.776041666666664,139.80156250000002,952,1681,260,1421,0
5339563412,13121,足立区,35.776041666666664,139.80468750000003,939,1728,307,1421,0
5339563413,13121,足立区,35.778124999999996,139.80156250000002,850,1858,437,1421,0
5339563414,13121,足立区,35.778124999999996,139.80468750000003,1057,1698,277,1421,0
5339563421,13121,足立区,35.776041666666664,139.8078125,1309,882,485,336,61
5339563422,13121,足立区,35.776041666666664,139.81093750000002,1079,704,307,337,60
5339563423,13121,足立区,35.778124999999996,139.8078125,791,701,306,335,60
5339563424,13121,足立区,35.778124999999996,139.81093750000002,355,519,121,336,62
5339563431,13121,足立区,35.780208333333334,139.80156250000002,1308,692,408,203,81
5339563432,13121,足立区,35.780208333333334,139.80468750000003,613,502,217,204,81
5339563433,13121,足立区,35.782291666666666,139.80156250000002,997,597,313,204,80
5339563434,13121,足立区,35.782291666666666,139.80468750000003,523,413,128,203,82
5339563441,13121,足立区,35.780208333333334,139.8078125,566,668,166,326,176
5339563442,13121,足立区,35.780208333333334,139.81093750000002,812,725,222,326,177
5339563443,13121,足立区,35.782291666666666,139.8078125,578,667,167,325,175
5339563444,13121,足立区,35.782291666666666,139.81093750000002,1347,817,315,325,177
5339563511,13121,足立区,35.776041666666664,139.8140625,976,632,349,169,114
5339563512,13121,足立区,35.776041666666664,139.81718750000002,687,526,242,169,115
5339563513,13121,足立区,35.778124999999996,139.8140625,786,480,198,168,114
5339563514,13121,足立区,35.778124999999996,139.81718750000002,522,438,153,170,115
5339563521,13121,足立区,35.776041666666664,139.8203125,1304,755,473,282,0
5339563522,13121,足立区,35.776041666666664,139.8234375,878,543,261,282,0
5339563523,13121,足立区,35.778124999999996,139.8203125,539,452,170,282,0
5339563524,13121,足立区,35.778124999999996,139.8234375,169,320,38,282,0
5339563531,13121,足立区,35.780208333333334,139.8140625,659,535,180,287,68
5339563532,13121,足立区,35.780208333333334,139.81718750000002,331,483,127,288,68
5339563533,13121,足立区,35.782291666666666,139.8140625,851,574,218,288,68
5339563534,13121,足立区,35.782291666666666,139.81718750000002,445,459,103,288,68
5339563541,13121,足立区,35.780208333333334,139.8203125,310,248,80,168,0
5339563542,13121,足立区,35.780208333333334,139.8234375,601,353,187,166,0
5339563543,13121,足立区,35.782291666666666,139.8203125,481,313,146,167,0
5339563544,13121,足立区,35.782291666666666,139.8234375,523,323,155,168,0
5339563611,13121,足立区,35.776041666666664,139.8265625,896,785,283,407,95
5339563612,13121,足立区,35.776041666666664,139.8296875,757,714,214,407,93
5339563613,13121,足立区,35.778124999999996,139.8265625,329,578,79,406,93
5339563614,13121,足立区,35.778124999999996,139.8296875,980,781,278,408,95
5339563621,13121,足立区,35.776041666666664,139.8328125,652,530,171,359,0
5339563622,13121,足立区,35.776041666666664,139.8359375,1205,692,333,359,0
5339563623,13121,足立区,35.778124999999996,139.8328125,634,520,161,359,0
5339563624,13121,足立区,35.778124999999996,139.8359375,768,581,221,360,0
5339563631,13121,足立区,35.780208333333334,139.8265625,680,437,160,277,0
5339563632,13121,足立区,35.780208333333334,139.8296875,737,473,195,278,0
5339563633,13121,足立区,35.782291666666666,139.8265625,707,520,242,278,0
5339563634,13121,足立区,35.782291666666666,139.8296875,680,436,158,278,0
5339563641,13121,足立区,35.780208333333334,139.8328125,702,522,166,272,84
5339563642,13121,足立区,35.780208333333334,139.8359375,797,560,205,272,83
5339563643,13121,足立区,35.782291666666666,139.8328125,821,565,211,271,83
5339563644,13121,足立区,35.782291666666666,139.8359375,1196,664,307,272,85
5339563711,13121,足立区,35.776041666666664,139.8390625,1455,699,428,271,0
5339563712,13121,足立区,35.776041666666664,139.84218750000002,1551,785,516,269,0
5339563713,13121,足立区,35.778124999999996,139.8390625,735,437,167,270,0
5339563714,13121,足立区,35.778124999999996,139.84218750000002,1212,650,379,271,0
5339563721,13121,足立区,35.776041666666664,139.8453125,308,279,121,158,0
5339563722,13121,足立区,35.776041666666664,139.84843750000002,35,171,15,156,0
5339563723,13121,足立区,35.778124999999996,139.8453125,1196,605,448,157,0
5339563724,13121,足立区,35.778124999999996,139.84843750000002,697,416,259,157,0
5339563731,13121,足立区,35.780208333333334,139.8390625,928,629,229,244,156
5339563732,13121,足立区,35.780208333333334,139.84218750000002,1301,857,457,244,156
5339563733,13121,足立区,35.782291666666666,139.8390625,991,683,284,244,155
5339563734,13121,足立区,35.782291666666666,139.84218750000002,872,671,272,243,156
5339563741,13121,足立区,35.780208333333334,139.8453125,1070,790,446,80,264
5339563742,13121,足立区,35.780208333333334,139.84843750000002,472,527,185,79,263
5339563743,13121,足立区,35.782291666666666,139.8453125,759,625,282,79,264
5339563744,13122,葛飾区,35.782291666666666,139.84843750000002,252,437,93,80,264
5339563811,13121,足立区,35.776041666666664,139.8515625,518,206,163,43,0
5339563812,13122,葛飾区,35.776041666666664,139.8546875,335,155,112,43,0
5339563813,13122,葛飾区,35.778124999999996,139.8515625,196,103,60,43,0
5339563814,13122,葛飾区,35.778124999999996,139.8546875,842,380,337,43,0
5339563821,13122,葛飾区,35.776041666666664,139.8578125,565,456,196,162,98
5339563822,13122,葛飾区,35.776041666666664,139.8609375,1130,731,474,160,97
5339563823,13122,葛飾区,35.778124999999996,139.8578125,1152,681,423,161,97
5339563824,13122,葛飾区,35.778124999999996,139.8609375,1036,644,386,161,97
5339563831,13122,葛飾区,35.780208333333334,139.8515625,419,327,150,177,0
5339563832,13122,葛飾区,35.780208333333334,139.8546875,384,297,122,175,0
5339563833,13122,葛飾区,35.782291666666666,139.8515625,593,367,191,176,0
5339563834,13122,葛飾区,35.782291666666666,139.8546875,807,432,256,176,0
5339563841,13122,葛飾区,35.780208333333334,139.8578125,270,508,76,275,157
5339563842,13122,葛飾区,35.780208333333334,139.8609375,776,690,260,275,155
5339563843,13122,葛飾区,35.782291666666666,139.8578125,286,509,79,274,156
5339563844,13122,葛飾区,35.782291666666666,139.8609375,814,642,211,275,156
5339563911,13122,葛飾区,35.776041666666664,139.86406250000002,2023,928,642,81,205
5339563912,13122,葛飾区,35.776041666666664,139.86718750000003,1725,1033,745,82,206
5339563913,13122,葛飾区,35.778124999999996,139.86406250000002,650,523,237,80,206
5339563914,13122,葛飾区,35.778124999999996,139.86718750000003,776,571,285,81,205
5339563921,13122,葛飾区,35.776041666666664,139.8703125,917,553,317,135,101
5339563922,13122,葛飾区,35.776041666666664,139.87343750000002,1048,577,345,133,99
5339563923,13122,葛飾区,35.778124999999996,139.8703125,863,497,265,133,99
5339563924,13122,葛飾区,35.778124999999996,139.87343750000002,801,499,263,135,101
5339563931,13122,葛飾区,35.780208333333334,139.86406250000002,993,715,355,257,103
5339563932,13122,葛飾区,35.780208333333334,139.86718750000003,580,557,199,256,102
5339563933,13122,葛飾区,35.782291666666666,139.86406250000002,859,721,363,255,103
5339563934,13122,葛飾区,35.782291666666666,139.86718750000003,518,541,182,256,103
5339563941,13122,葛飾区,35.780208333333334,139.8703125,316,109,100,9,0
5339563942,13122,葛飾区,35.780208333333334,139.87343750000002,191,55,47,8,0
5339563943,13122,葛飾区,35.782291666666666,139.8703125,87,37,29,8,0
5339563944,13122,葛飾区,35.782291666666666,139.87343750000002,0,9,0,9,0
5339564011,13121,足立区,35.784375,139.7515625,350,553,116,371,66
5339564012,13121,足立区,35.784375,139.75468750000002,353,553,118,370,65
5339564014,13121,足立区,35.78645833333333,139.75468750000002,795,865,428,370,67
5339564021,13121,足立区,35.784375,139.7578125,649,548,297,251,0
5339564022,13121,足立区,35.784375,139.7609375,653,460,210,250,0
5339564023,13121,足立区,35.78645833333333,139.7578125,687,443,193,250,0
5339564024,13121,足立区,35.78645833333333,139.7609375,819,505,256,249,0
5339564041,13121,足立区,35.78854166666667,139.7578125,678,524,219,305,0
5339564042,13121,足立区,35.78854166666667,139.7609375,542,460,155,305,0
5339564043,13121,足立区,35.790625,139.7578125,499,451,146,305,0
5339564044,13121,足立区,35.790625,139.7609375,619,467,162,305,0
5339564111,13121,足立区,35.784375,139.7640625,861,685,256,322,107
5339564112,13121,足立区,35.784375,139.7671875,701,588,160,322,106
5339564113,13121,足立区,35.78645833333333,139.7640625,926,668,239,322,107
5339564114,13121,足立区,35.78645833333333,139.7671875,561,600,170,323,107
5339564121,13121,足立区,35.784375,139.7703125,542,389,149,240,0
5339564122,13121,足立区,35.784375,139.7734375,666,492,252,240,0
5339564123,13121,足立区,35.78645833333333,139.7703125,1009,462,222,240,0
5339564124,13121,足立区,35.78645833333333,139.7734375,610,400,160,240,0
5339564131,13121,足立区,35.78854166666667,139.7640625,580,420,147,273,0
5339564132,13121,足立区,35.78854166666667,139.7671875,656,537,265,272,0
5339564133,13121,足立区,35.790625,139.7640625,637,441,168,273,0
5339564134,13121,足立区,35.790625,139.7671875,782,605,332,273,0
5339564141,13121,足立区,35.78854166666667,139.7703125,748,463,245,218,0
5339564142,13121,足立区,35.78854166666667,139.7734375,842,475,257,218,0
5339564143,13121,足立区,35.790625,139.7703125,638,404,188,216,0
5339564144,13121,足立区,35.790625,139.7734375,677,435,217,218,0
5339564211,13121,足立区,35.784375,139.7765625,640,656,203,421,32
5339564212,13121,足立区,35.784375,139.77968750000002,1076,988,535,421,32
5339564213,13121,足立区,35.78645833333333,139.7765625,618,711,259,420,32
5339564214,13121,足立区,35.78645833333333,139.77968750000002,1554,935,481,421,33
5339564221,13121,足立区,35.784375,139.7828125,839,619,295,236,88
5339564222,13121,足立区,35.784375,139.78593750000002,648,499,175,237,87
5339564223,13121,足立区,35.78645833333333,139.7828125,873,604,281,236,87
5339564224,13121,足立区,35.78645833333333,139.78593750000002,1305,642,317,237,88
5339564231,13121,足立区,35.78854166666667,139.7765625,379,499,126,175,198
5339564232,13121,足立区,35.78854166666667,139.77968750000002,1286,905,531,176,198
5339564233,13121,足立区,35.790625,139.7765625,745,610,238,174,198
5339564234,13121,足立区,35.790625,139.77968750000002,542,524,151,176,197
5339564241,13121,足立区,35.78854166666667,139.7828125,1201,724,517,207,0
5339564242,13121,足立区,35.78854166666667,139.78593750000002,892,594,389,205,0
5339564243,13121,足立区,35.790625,139.7828125,908,455,249,206,0
5339564244,13121,足立区,35.790625,139.78593750000002,709,450,243,207,0
5339564311,13121,足立区,35.784375,139.7890625,1038,513,369,144,0
5339564312,13121,足立区,35.784375,139.7921875,1122,591,447,144,0
5339564313,13121,足立区,35.78645833333333,139.7890625,759,373,230,143,0
5339564314,13121,足立区,35.78645833333333,139.7921875,866,410,265,145,0
5339564321,13121,足立区,35.784375,139.7953125,844,453,291,162,0
5339564322,13121,足立区,35.784375,139.7984375,1032,442,280,162,0
5339564323,13121,足立区,35.78645833333333,139.7953125,941,480,319,161,0
5339564324,13121,足立区,35.78645833333333,139.7984375,936,433,270,163,0
5339564331,13121,足立区,35.78854166666667,139.7890625,580,434,248,107,79
5339564332,13121,足立区,35.78854166666667,139.7921875,711,417,233,107,77
5339564333,13121,足立区,35.790625,139.7890625,639,439,254,108,77
5339564334,13121,足立区,35.790625,139.7921875,723,392,207,107,78
5339564341,13121,足立区,35.78854166666667,139.7953125,876,809,384,265,160
5339564342,13121,足立区,35.78854166666667,139.7984375,717,707,284,265,158
5339564343,13121,足立区,35.790625,139.7953125,942,720,297,264,159
5339564344,13121,足立区,35.790625,139.7984375,801,704,281,265,158
5339564411,13121,足立区,35.784375,139.80156250000002,1100,691,453,238,0
5339564412,13121,足立区,35.784375,139.80468750000003,410,383,145,238,0
5339564413,13121,足立区,35.78645833333333,139.80156250000002,670,466,228,238,0
5339564414,13121,足立区,35.78645833333333,139.80468750000003,425,407,168,239,0
5339564421,13121,足立区,35.784375,139.8078125,802,476,296,180,0
5339564422,13121,足立区,35.784375,139.81093750000002,627,391,211,180,0
5339564423,13121,足立区,35.78645833333333,139.8078125,1041,591,412,179,0
5339564424,13121,足立区,35.78645833333333,139.81093750000002,832,449,268,181,0
5339564431,13121,足立区,35.78854166666667,139.80156250000002,880,693,261,432,0
5339564432,13121,足立区,35.78854166666667,139.80468750000003,701,660,227,433,0
5339564433,13121,足立区,35.790625,139.80156250000002,989,860,429,431,0
5339564434,13121,足立区,35.790625,139.80468750000003,900,660,227,433,0
5339564441,13121,足立区,35.78854166666667,139.8078125,948,674,292,382,0
5339564442,13121,足立区,35.78854166666667,139.81093750000002,951,677,295,382,0
5339564443,13121,足立区,35.790625,139.8078125,765,682,300,382,0
5339564444,13121,足立区,35.790625,139.81093750000002,794,777,394,383,0
5339564511,13121,足立区,35.784375,139.8140625,1028,698,399,201,98
5339564512,13121,足立区,35.784375,139.81718750000002,413,431,132,202,97
5339564513,13121,足立区,35.78645833333333,139.8140625,1021,655,357,201,97
5339564514,13121,足立区,35.78645833333333,139.81718750000002,710,511,212,201,98
5339564521,13121,足立区,35.784375,139.8203125,680,441,160,281,0
5339564522,13121,足立区,35.784375,139.8234375,646,438,157,281,0
5339564523,13121,足立区,35.78645833333333,139.8203125,632,425,145,280,0
5339564524,13121,足立区,35.78645833333333,139.8234375,611,443,162,281,0
5339564531,13121,足立区,35.78854166666667,139.8140625,1087,638,312,232,94
5339564532,13121,足立区,35.78854166666667,139.81718750000002,839,609,284,231,94
5339564533,13121,足立区,35.790625,139.8140625,618,700,374,232,94
5339564534,13121,足立区,35.790625,139.81718750000002,719,533,207,232,94
5339564541,13121,足立区,35.78854166666667,139.8203125,969,686,358,328,0
5339564542,13121,足立区,35.78854166666667,139.8234375,925,607,279,328,0
5339564543,13121,足立区,35.790625,139.8203125,957,610,282,328,0
5339564544,13121,足立区,35.790625,139.8234375,761,548,220,328,0
5339564611,13121,足立区,35.784375,139.8265625,524,695,151,544,0
5339564612,13121,足立区,35.784375,139.8296875,737,764,220,544,0
5339564613,13121,足立区,35.78645833333333,139.8265625,216,599,56,543,0
5339564614,13121,足立区,35.78645833333333,139.8296875,869,825,282,543,0
5339564621,13121,足立区,35.784375,139.8328125,395,413,161,155,97
5339564622,13121,足立区,35.784375,139.8359375,996,618,368,153,97
5339564623,13121,足立区,35.78645833333333,139.8328125,615,446,194,154,98
5339564624,13121,足立区,35.78645833333333,139.8359375,947,571,320,154,97
5339564631,13121,足立区,35.78854166666667,139.8265625,615,469,206,150,113
5339564632,13121,足立区,35.78854166666667,139.8296875,772,513,251,149,113
5339564633,13121,足立区,35.790625,139.8265625,690,472,211,149,112
5339564634,13121,足立区,35.790625,139.8296875,335,371,108,149,114
5339564641,13121,足立区,35.78854166666667,139.8328125,727,468,241,227,0
5339564642,13121,足立区,35.78854166666667,139.8359375,689,479,253,226,0
5339564643,13121,足立区,35.790625,139.8328125,488,372,146,226,0
5339564644,13121,足立区,35.790625,139.8359375,739,512,287,225,0
5339564711,13121,足立区,35.784375,139.8390625,1075,571,306,265,0
5339564712,13121,足立区,35.784375,139.84218750000002,925,601,337,264,0
5339564713,13121,足立区,35.78645833333333,139.8390625,903,564,300,264,0
5339564714,13121,足立区,35.78645833333333,139.84218750000002,646,473,209,264,0
5339564721,13121,足立区,35.784375,139.8453125,648,297,200,97,0
5339564722,13122,葛飾区,35.784375,139.84843750000002,420,327,230,97,0
5339564723,13121,足立区,35.78645833333333,139.8453125,242,191,94,97,0
5339564724,13122,葛飾区,35.78645833333333,139.84843750000002,763,343,246,97,0
5339564731,13121,足立区,35.78854166666667,139.8390625,689,546,196,272,78
5339564732,13121,足立区,35.78854166666667,139.84218750000002,625,603,254,272,77
5339564733,13121,足立区,35.790625,139.8390625,925,779,431,271,77
5339564734,13121,足立区,35.790625,139.84218750000002,438,509,158,272,79
5339564741,13122,葛飾区,35.78854166666667,139.8453125,198,322,61,86,175
5339564742,13122,葛飾区,35.78854166666667,139.84843750000002,559,497,237,85,175
5339564743,13122,葛飾区,35.790625,139.8453125,349,355,96,85,174
5339564744,13122,葛飾区,35.790625,139.84843750000002,484,427,164,87,176
5339564811,13122,葛飾区,35.784375,139.8515625,772,483,271,212,0
5339564812,13122,葛飾区,35.784375,139.8546875,1091,532,320,212,0
5339564813,13122,葛飾区,35.78645833333333,139.8515625,930,502,290,212,0
5339564814,13122,葛飾区,35.78645833333333,139.8546875,1028,606,395,211,0
5339564821,13122,葛飾区,35.784375,139.8578125,883,731,302,274,155
5339564822,13122,葛飾区,35.784375,139.8609375,1122,835,406,273,156
5339564823,13122,葛飾区,35.78645833333333,139.8578125,808,700,272,273,155
5339564824,13122,葛飾区,35.78645833333333,139.8609375,947,723,293,274,156
5339564831,13122,葛飾区,35.78854166666667,139.8515625,694,355,229,126,0
5339564832,13122,葛飾区,35.78854166666667,139.8546875,813,405,278,127,0
5339564833,13122,葛飾区,35.790625,139.8515625,560,314,189,125,0
5339564834,13122,葛飾区,35.790625,139.8546875,367,289,162,127,0
5339564841,13122,葛飾区,35.78854166666667,139.8578125,746,350,223,127,0
5339564842,13122,葛飾区,35.78854166666667,139.8609375,796,403,277,126,0
5339564843,13122,葛飾区,35.790625,139.8578125,349,258,131,127,0
5339564844,13122,葛飾区,35.790625,139.8609375,637,352,226,126,0
5339564911,13122,葛飾区,35.784375,139.86406250000002,839,465,324,141,0
5339564912,13122,葛飾区,35.784375,139.86718750000003,599,336,197,139,0
5339564913,13122,葛飾区,35.78645833333333,139.86406250000002,715,370,230,140,0
5339564914,13122,葛飾区,35.78645833333333,139.86718750000003,320,253,113,140,0
5339564921,13122,葛飾区,35.784375,139.8703125,73,45,30,15,0
5339564923,13122,葛飾区,35.78645833333333,139.8703125,0,14,0,14,0
5339564931,13122,葛飾区,35.78854166666667,139.86406250000002,643,584,209,101,274
5339564932,13122,葛飾区,35.78854166666667,139.86718750000003,424,539,166,100,273
5339564933,13122,葛飾区,35.790625,139.86406250000002,774,604,232,99,273
5339564934,13122,葛飾区,35.790625,139.86718750000003,360,492,118,101,273
5339564941,13122,葛飾区,35.78854166666667,139.8703125,0,6,0,6,0
5339564943,13122,葛飾区,35.790625,139.8703125,0,5,0,5,0
5339564944,13122,葛飾区,35.790625,139.87343750000002,53,25,20,5,0
5339565022,13121,足立区,35.79270833333333,139.7609375,550,522,156,313,53
5339565024,13121,足立区,35.79479166666666,139.7609375,810,656,290,313,53
5339565042,13121,足立区,35.796875,139.7609375,89,508,35,473,0
5339565044,13121,足立区,35.79895833333333,139.7609375,165,510,37,473,0
5339565111,13121,足立区,35.79270833333333,139.7640625,651,409,177,164,68
5339565112,13121,足立区,35.79270833333333,139.7671875,458,384,151,164,69
5339565113,13121,足立区,35.79479166666666,139.7640625,333,338,106,164,68
5339565114,13121,足立区,35.79479166666666,139.7671875,269,294,62,164,68
5339565121,13121,足立区,35.79270833333333,139.7703125,490,213,142,71,0
5339565122,13121,足立区,35.79270833333333,139.7734375,411,194,122,72,0
5339565123,13121,足立区,35.79479166666666,139.7703125,0,70,0,70,0
5339565124,13121,足立区,35.79479166666666,139.7734375,89,89,18,71,0
5339565131,13121,足立区,35.796875,139.7640625,43,474,13,461,0
5339565132,13121,足立区,35.796875,139.7671875,0,459,0,459,0
5339565133,13121,足立区,35.79895833333333,139.7640625,12,463,3,460,0
5339565134,13121,足立区,35.79895833333333,139.7671875,34,459,0,459,0
5339565141,13121,足立区,35.796875,139.7703125,0,1,0,1,0
5339565142,13121,足立区,35.796875,139.7734375,0,1,0,1,0
5339565143,13121,足立区,35.79895833333333,139.7703125,0,1,0,1,0
5339565144,13121,足立区,35.79895833333333,139.7734375,0,1,0,1,0
5339565211,13121,足立区,35.79270833333333,139.7765625,831,543,252,174,117
5339565212,13121,足立区,35.79270833333333,139.77968750000002,718,482,192,173,117
5339565213,13121,足立区,35.79479166666666,139.7765625,584,492,203,173,116
5339565214,13121,足立区,35.79479166666666,139.77968750000002,907,540,250,173,117
5339565221,13121,足立区,35.79270833333333,139.7828125,1075,514,409,105,0
5339565222,13121,足立区,35.79270833333333,139.78593750000002,713,319,215,104,0
5339565223,13121,足立区,35.79479166666666,139.7828125,670,321,218,103,0
5339565224,13121,足立区,35.79479166666666,139.78593750000002,836,391,286,105,0
5339565231,13121,足立区,35.796875,139.7765625,638,564,215,142,207
5339565232,13121,足立区,35.796875,139.77968750000002,821,600,250,143,207
5339565233,13121,足立区,35.79895833333333,139.7765625,347,454,106,141,207
5339565234,13121,足立区,35.79895833333333,139.77968750000002,630,596,246,143,207
5339565241,13121,足立区,35.796875,139.7828125,1055,421,341,80,0
5339565242,13121,足立区,35.796875,139.78593750000002,889,354,275,79,0
5339565243,13121,足立区,35.79895833333333,139.7828125,588,262,183,79,0
5339565244,13121,足立区,35.79895833333333,139.78593750000002,812,360,280,80,0
5339565311,13121,足立区,35.79270833333333,139.7890625,816,1202,272,805,125
5339565312,13121,足立区,35.79270833333333,139.7921875,1038,1298,369,805,124
5339565313,13121,足立区,35.79479166666666,139.7890625,569,1080,151,804,125
5339565314,13121,足立区,35.79479166666666,139.7921875,916,1246,316,806,124
5339565321,13121,足立区,35.79270833333333,139.7953125,523,1038,158,880,0
5339565322,13121,足立区,35.79270833333333,139.7984375,858,1133,253,880,0
5339565323,13121,足立区,35.79479166666666,139.7953125,784,1086,207,879,0
5339565324,13121,足立区,35.79479166666666,139.7984375,665,1102,222,880,0
5339565331,13121,足立区,35.796875,139.7890625,793,440,234,206,0
5339565332,13121,足立区,35.796875,139.7921875,766,564,358,206,0
5339565333,13121,足立区,35.79895833333333,139.7890625,707,486,280,206,0
5339565334,13121,足立区,35.79895833333333,139.7921875,506,396,191,205,0
5339565341,13121,足立区,35.796875,139.7953125,963,634,317,233,84
5339565342,13121,足立区,35.796875,139.7984375,731,598,281,233,84
5339565343,13121,足立区,35.79895833333333,139.7953125,989,652,334,233,85
5339565344,13121,足立区,35.79895833333333,139.7984375,1206,673,357,232,84
5339565411,13121,足立区,35.79270833333333,139.80156250000002,1095,1129,458,671,0
5339565412,13121,足立区,35.79270833333333,139.80468750000003,514,886,217,669,0
5339565413,13121,足立区,35.79479166666666,139.80156250000002,845,1018,349,669,0
5339565414,13121,足立区,35.79479166666666,139.80468750000003,697,878,208,670,0
5339565421,13121,足立区,35.79270833333333,139.8078125,512,619,164,341,114
5339565422,13121,足立区,35.79270833333333,139.81093750000002,373,561,106,341,114
5339565423,13121,足立区,35.79479166666666,139.8078125,826,693,239,341,113
5339565424,13121,足立区,35.79479166666666,139.81093750000002,1092,791,335,342,114
5339565431,13121,足立区,35.796875,139.80156250000002,694,643,286,273,84
5339565432,13121,足立区,35.796875,139.80468750000003,515,503,146,274,83
5339565433,13121,足立区,35.79895833333333,139.80156250000002,1021,875,519,273,83
5339565434,13121,足立区,35.79895833333333,139.80468750000003,675,548,189,274,85
5339565441,13121,足立区,35.796875,139.8078125,618,607,190,316,101
5339565442,13121,足立区,35.796875,139.81093750000002,742,690,275,315,100
5339565443,13121,足立区,35.79895833333333,139.8078125,793,851,435,315,101
5339565444,13121,足立区,35.79895833333333,139.81093750000002,699,677,262,315,100
5339565511,13121,足立区,35.79270833333333,139.8140625,410,400,110,231,59
5339565512,13121,足立区,35.79270833333333,139.81718750000002,544,433,145,230,58
5339565513,13121,足立区,35.79479166666666,139.8140625,616,496,208,229,59
5339565514,13121,足立区,35.79479166666666,139.81718750000002,641,523,234,230,59
5339565521,13121,足立区,35.79270833333333,139.8203125,673,392,188,204,0
5339565522,13121,足立区,35.79270833333333,139.8234375,631,383,180,203,0
5339565523,13121,足立区,35.79479166666666,139.8203125,557,497,295,202,0
5339565524,13121,足立区,35.79479166666666,139.8234375,571,440,236,204,0
5339565531,13121,足立区,35.796875,139.8140625,639,645,273,217,155
5339565532,13121,足立区,35.796875,139.81718750000002,429,516,146,215,155
5339565533,13121,足立区,35.79895833333333,139.8140625,657,585,215,216,154
5339565534,13121,足立区,35.79895833333333,139.81718750000002,513,532,161,216,155
5339565541,13121,足立区,35.796875,139.8203125,550,592,351,241,0
5339565611,13121,足立区,35.79270833333333,139.8265625,423,365,105,171,89
5339565612,13121,足立区,35.79270833333333,139.8296875,597,473,214,171,88
5339565621,13121,足立区,35.79270833333333,139.8328125,739,452,233,219,0
5339565622,13121,足立区,35.79270833333333,139.8359375,687,432,213,219,0
5339565623,13121,足立区,35.79479166666666,139.8328125,721,396,178,218,0
5339565624,13121,足立区,35.79479166666666,139.8359375,703,450,231,219,0
5339565642,13121,足立区,35.796875,139.8359375,607,267,178,89,0
5339565644,13121,足立区,35.79895833333333,139.8359375,758,313,222,91,0
5339565711,13121,足立区,35.79270833333333,139.8390625,984,731,369,362,0
5339565712,13121,足立区,35.79270833333333,139.84218750000002,629,544,183,361,0
5339565713,13121,足立区,35.79479166666666,139.8390625,673,581,220,361,0
5339565714,13121,足立区,35.79479166666666,139.84218750000002,620,533,171,362,0
5339565721,13122,葛飾区,35.79270833333333,139.8453125,235,190,88,102,0
5339565722,13122,葛飾区,35.79270833333333,139.84843750000002,516,273,171,102,0
5339565723,13122,葛飾区,35.79479166666666,139.8453125,477,498,395,103,0
5339565724,13122,葛飾区,35.79479166666666,139.84843750000002,323,224,122,102,0
5339565731,13121,足立区,35.796875,139.8390625,618,519,236,174,109
5339565732,13121,足立区,35.796875,139.84218750000002,469,406,122,175,109
5339565733,13121,足立区,35.79895833333333,139.8390625,890,591,308,175,108
5339565734,13121,足立区,35.79895833333333,139.84218750000002,674,554,272,174,108
5339565741,13121,足立区,35.796875,139.8453125,278,210,83,127,0
5339565811,13122,葛飾区,35.79270833333333,139.8515625,277,132,80,52,0
5339565822,13122,葛飾区,35.79270833333333,139.8609375,382,162,149,13,0
5339565824,13122,葛飾区,35.79479166666666,139.8609375,406,94,80,14,0
5339565911,13122,葛飾区,35.79270833333333,139.86406250000002,625,185,175,10,0
5339565912,13122,葛飾区,35.79270833333333,139.86718750000003,273,91,82,9,0
5339565913,13122,葛飾区,35.79479166666666,139.86406250000002,354,147,138,9,0
5339565914,13122,葛飾区,35.79479166666666,139.86718750000003,0,10,0,10,0
5339565941,13122,葛飾区,35.796875,139.8703125,0,120,0,120,0
5339565942,13122,葛飾区,35.796875,139.87343750000002,89,159,39,120,0
5339566021,13121,足立区,35.80104166666666,139.7578125,82,551,32,519,0
5339566022,13121,足立区,35.80104166666666,139.7609375,89,548,29,519,0
5339566023,13121,足立区,35.803124999999994,139.7578125,555,743,224,519,0
5339566024,13121,足立区,35.803124999999994,139.7609375,130,550,32,518,0
5339566032,13121,足立区,35.80520833333333,139.75468750000002,56,301,20,281,0
5339566033,13121,足立区,35.807291666666664,139.7515625,0,281,0,281,0
5339566034,13121,足立区,35.807291666666664,139.75468750000002,247,459,178,281,0
5339566041,13121,足立区,35.80520833333333,139.7578125,278,480,189,291,0
5339566042,13121,足立区,35.80520833333333,139.7609375,236,345,54,291,0
5339566043,13121,足立区,35.807291666666664,139.7578125,131,327,36,291,0
5339566044,13121,足立区,35.807291666666664,139.7609375,424,436,145,291,0
5339566111,13121,足立区,35.80104166666666,139.7640625,0,341,0,341,0
5339566112,13121,足立区,35.80104166666666,139.7671875,17,341,0,341,0
5339566113,13121,足立区,35.803124999999994,139.7640625,185,385,45,340,0
5339566114,13121,足立区,35.803124999999994,139.7671875,339,438,97,341,0
5339566121,13121,足立区,35.80104166666666,139.7703125,21,138,7,131,0
5339566122,13121,足立区,35.80104166666666,139.7734375,127,162,32,130,0
5339566123,13121,足立区,35.803124999999994,139.7703125,616,354,224,130,0
5339566124,13121,足立区,35.803124999999994,139.7734375,598,322,192,130,0
5339566131,13121,足立区,35.80520833333333,139.7640625,214,416,56,199,161
5339566132,13121,足立区,35.80520833333333,139.7671875,520,482,126,197,159
5339566133,13121,足立区,35.807291666666664,139.7640625,355,459,101,198,160
5339566134,13121,足立区,35.807291666666664,139.7671875,483,511,153,198,160
5339566141,13121,足立区,35.80520833333333,139.7703125,612,364,163,201,0
5339566142,13121,足立区,35.80520833333333,139.7734375,739,396,194,202,0
5339566143,13121,足立区,35.807291666666664,139.7703125,553,355,154,201,0
5339566144,13121,足立区,35.807291666666664,139.7734375,734,411,210,201,0
5339566211,13121,足立区,35.80104166666666,139.7765625,445,407,121,286,0
5339566212,13121,足立区,35.80104166666666,139.77968750000002,609,441,155,286,0
5339566213,13121,足立区,35.803124999999994,139.7765625,811,623,337,286,0
5339566214,13121,足立区,35.803124999999994,139.77968750000002,694,489,203,286,0
5339566221,13121,足立区,35.80104166666666,139.7828125,533,571,188,273,110
5339566222,13121,足立区,35.80104166666666,139.78593750000002,676,584,204,272,108
5339566223,13121,足立区,35.803124999999994,139.7828125,588,569,189,272,108
5339566224,13121,足立区,35.803124999999994,139.78593750000002,611,563,181,273,109
5339566231,13121,足立区,35.80520833333333,139.7765625,820,473,235,126,112
5339566232,13121,足立区,35.80520833333333,139.77968750000002,626,429,193,125,111
5339566233,13121,足立区,35.807291666666664,139.7765625,662,445,207,126,112
5339566234,13121,足立区,35.807291666666664,139.77968750000002,680,448,210,126,112
5339566241,13121,足立区,35.80520833333333,139.7828125,693,372,243,129,0
5339566242,13121,足立区,35.80520833333333,139.78593750000002,836,364,237,127,0
5339566311,13121,足立区,35.80104166666666,139.7890625,621,393,179,214,0
5339566312,13121,足立区,35.80104166666666,139.7921875,750,479,266,213,0
5339566313,13121,足立区,35.803124999999994,139.7890625,339,329,116,213,0
5339566314,13121,足立区,35.803124999999994,139.7921875,611,439,225,214,0
5339566321,13121,足立区,35.80104166666666,139.7953125,820,894,562,282,50
5339566322,13121,足立区,35.80104166666666,139.7984375,986,717,387,281,49
5339566323,13121,足立区,35.803124999999994,139.7953125,121,401,70,281,50
5339566324,13121,足立区,35.803124999999994,139.7984375,869,768,438,281,49
5339566331,13121,足立区,35.80520833333333,139.7890625,723,272,197,75,0
5339566332,13121,足立区,35.80520833333333,139.7921875,397,176,103,73,0
5339566341,13121,足立区,35.80520833333333,139.7953125,612,454,257,141,56
5339566342,13121,足立区,35.80520833333333,139.7984375,1116,540,345,140,55
5339566411,13121,足立区,35.80104166666666,139.80156250000002,427,380,190,190,0
5339566412,13121,足立区,35.80104166666666,139.80468750000003,649,408,219,189,0
5339566413,13121,足立区,35.803124999999994,139.80156250000002,791,488,298,190,0
5339566414,13121,足立区,35.803124999999994,139.80468750000003,836,650,460,190,0
5339566421,13121,足立区,35.80104166666666,139.8078125,576,480,189,218,73
5339566422,13121,足立区,35.80104166666666,139.81093750000002,395,418,128,218,72
5339566423,13121,足立区,35.803124999999994,139.8078125,623,620,330,218,72
5339566424,13121,足立区,35.803124999999994,139.81093750000002,547,457,166,219,72
5339566431,13121,足立区,35.80520833333333,139.80156250000002,1036,1136,329,354,453
5339566432,13121,足立区,35.80520833333333,139.80468750000003,575,1089,284,353,452
5339566433,13121,足立区,35.807291666666664,139.80156250000002,1156,1278,472,353,453
5339566434,13121,足立区,35.807291666666664,139.80468750000003,417,953,147,354,452
5339566441,13121,足立区,35.80520833333333,139.8078125,515,521,184,337,0
5339566442,13121,足立区,35.80520833333333,139.81093750000002,674,552,215,337,0
5339566443,13121,足立区,35.807291666666664,139.8078125,655,674,337,337,0
5339566444,13121,足立区,35.807291666666664,139.81093750000002,454,607,269,338,0
5339566511,13121,足立区,35.80104166666666,139.8140625,552,403,188,138,77
5339566512,13121,足立区,35.80104166666666,139.81718750000002,649,457,243,138,76
5339566513,13121,足立区,35.803124999999994,139.8140625,573,355,141,138,76
5339566514,13121,足立区,35.803124999999994,139.81718750000002,580,396,182,138,76
5339566521,13121,足立区,35.80104166666666,139.8203125,246,376,68,308,0
5339566531,13121,足立区,35.80520833333333,139.8140625,508,429,194,108,127
5339566532,13121,足立区,35.80520833333333,139.81718750000002,561,500,267,107,126
5339566533,13121,足立区,35.807291666666664,139.8140625,816,607,373,107,127
5339566534,13121,足立区,35.807291666666664,139.81718750000002,392,390,156,108,126
5339566541,13121,足立区,35.80520833333333,139.8203125,478,272,121,151,0
5339566543,13121,足立区,35.807291666666664,139.8203125,587,352,202,150,0
5339567011,13121,足立区,35.809374999999996,139.7515625,0,331,0,331,0
5339567012,13121,足立区,35.809374999999996,139.75468750000002,70,357,26,331,0
5339567021,13121,足立区,35.809374999999996,139.7578125,236,492,76,323,93
5339567022,13121,足立区,35.809374999999996,139.7609375,307,500,84,323,93
5339567023,13121,足立区,35.81145833333333,139.7578125,84,439,23,323,93
5339567024,13121,足立区,35.81145833333333,139.7609375,688,736,319,324,93
5339567111,13121,足立区,35.809374999999996,139.7640625,359,385,118,267,0
5339567112,13121,足立区,35.809374999999996,139.7671875,838,485,219,266,0
5339567113,13121,足立区,35.81145833333333,139.7640625,921,590,325,265,0
5339567114,13121,足立区,35.81145833333333,139.7671875,693,468,202,266,0
5339567121,13121,足立区,35.809374999999996,139.7703125,735,398,216,182,0
5339567122,13121,足立区,35.809374999999996,139.7734375,763,389,209,180,0
5339567123,13121,足立区,35.81145833333333,139.7703125,990,434,253,181,0
5339567124,13121,足立区,35.81145833333333,139.7734375,862,479,298,181,0
5339567131,13121,足立区,35.813541666666666,139.7640625,762,675,346,234,95
5339567132,13121,足立区,35.813541666666666,139.7671875,826,653,323,234,96
5339567134,13121,足立区,35.815625,139.7671875,613,504,174,235,95
5339567141,13121,足立区,35.813541666666666,139.7703125,804,323,217,106,0
5339567142,13121,足立区,35.813541666666666,139.7734375,870,375,270,105,0
5339567143,13121,足立区,35.815625,139.7703125,929,342,236,106,0
5339567211,13121,足立区,35.809374999999996,139.7765625,833,357,266,91,0
5339567213,13121,足立区,35.81145833333333,139.7765625,668,299,209,90,0
5339567512,13121,足立区,35.809374999999996,139.81718750000002,614,313,206,107,0
5339567521,13121,足立区,35.809374999999996,139.8203125,326,244,128,81,35
5339567524,13121,足立区,35.81145833333333,139.8234375,497,319,204,80,35
5339567542,13121,足立区,35.813541666666666,139.8234375,402,422,250,172,0
5339570011,13122,葛飾区,35.751041666666666,139.8765625,1513,930,443,257,230
5339570012,13122,葛飾区,35.751041666666666,139.87968750000002,685,734,248,257,229
5339570013,13122,葛飾区,35.753125,139.8765625,1119,893,408,257,228
5339570014,13122,葛飾区,35.753125,139.87968750000002,1015,821,335,257,229
5339570021,13122,葛飾区,35.751041666666666,139.8828125,1274,460,425,35,0
5339570022,13122,葛飾区,35.751041666666666,139.8859375,242,126,91,35,0
5339570023,13122,葛飾区,35.753125,139.8828125,536,205,170,35,0
5339570024,13122,葛飾区,35.753125,139.8859375,0,35,0,35,0
5339570031,13122,葛飾区,35.755208333333336,139.8765625,1006,704,395,309,0
5339570032,13122,葛飾区,35.755208333333336,139.87968750000002,954,614,305,309,0
5339570033,13122,葛飾区,35.75729166666667,139.8765625,870,582,273,309,0
5339570034,13122,葛飾区,35.75729166666667,139.87968750000002,580,483,174,309,0
5339570041,13122,葛飾区,35.755208333333336,139.8828125,195,62,61,1,0
5339570111,13122,葛飾区,35.751041666666666,139.8890625,0,2,0,2,0
5339571011,13122,葛飾区,35.759375,139.8765625,386,221,143,78,0
5339571012,13122,葛飾区,35.759375,139.87968750000002,578,269,190,79,0
5339571013,13122,葛飾区,35.76145833333333,139.8765625,0,77,0,77,0
5339571014,13122,葛飾区,35.76145833333333,139.87968750000002,64,107,29,78,0
5339571021,13122,葛飾区,35.759375,139.8828125,0,1,0,1,0
5339571031,13122,葛飾区,35.76354166666667,139.8765625,0,5,0,5,0
5339571032,13122,葛飾区,35.76354166666667,139.87968750000002,0,5,0,5,0
5339571033,13122,葛飾区,35.765625,139.8765625,577,237,232,5,0
5339571034,13122,葛飾区,35.765625,139.87968750000002,19,11,6,5,0
5339572011,13122,葛飾区,35.76770833333333,139.8765625,932,490,316,79,95
5339572013,13122,葛飾区,35.76979166666666,139.8765625,957,454,282,78,94
5339572014,13122,葛飾区,35.76979166666666,139.87968750000002,40,189,13,80,96
5339572031,13122,葛飾区,35.771875,139.8765625,1060,523,348,175,0
5339572032,13122,葛飾区,35.771875,139.87968750000002,216,246,71,175,0
5339572033,13122,葛飾区,35.77395833333333,139.8765625,934,487,312,175,0
5339572034,13122,葛飾区,35.77395833333333,139.87968750000002,837,489,314,175,0
5339572043,13122,葛飾区,35.77395833333333,139.8828125,0,27,0,27,0
5339573011,13122,葛飾区,35.776041666666664,139.8765625,924,556,286,135,135
5339573012,13122,葛飾区,35.776041666666664,139.87968750000002,861,574,304,136,134
5339573013,13122,葛飾区,35.778124999999996,139.8765625,797,521,253,134,134
5339573014,13122,葛飾区,35.778124999999996,139.87968750000002,1044,590,321,135,134
5339573021,13122,葛飾区,35.776041666666664,139.8828125,333,253,110,143,0
5339573022,13122,葛飾区,35.776041666666664,139.8859375,0,142,0,142,0
5339573023,13122,葛飾区,35.778124999999996,139.8828125,520,322,179,143,0
5339573024,13122,葛飾区,35.778124999999996,139.8859375,431,455,313,142,0
5339573031,13122,葛飾区,35.780208333333334,139.8765625,400,196,161,35,0
5339573032,13122,葛飾区,35.780208333333334,139.87968750000002,302,152,117,35,0
5339573041,13122,葛飾区,35.780208333333334,139.8828125,175,120,48,72,0
5339573042,13122,葛飾区,35.780208333333334,139.8859375,449,208,137,71,0
5339573043,13122,葛飾区,35.782291666666666,139.8828125,405,222,151,71,0
5339573044,13122,葛飾区,35.782291666666666,139.8859375,0,72,0,72,0
5339573113,13122,葛飾区,35.778124999999996,139.8890625,0,9,0,9,0
5339573114,13122,葛飾区,35.778124999999996,139.8921875,0,10,0,10,0
5339573131,13122,葛飾区,35.780208333333334,139.8890625,217,69,61,8,0
5339573132,13122,葛飾区,35.780208333333334,139.8921875,0,8,0,8,0
5339573133,13122,葛飾区,35.782291666666666,139.8890625,0,7,0,7,0
5339573134,13122,葛飾区,35.782291666666666,139.8921875,0,8,0,8,0
