mesh_code,ward_code,ward_ja,lat,lon,pop_total,pop_0_14,pop_15_64,pop_65plus,pop_foreign,households,secrecy_flag
5339254634,13111,大田区,35.540625,139.7046875,504,36.0,267.0,189.0,10.0,275,0
5339254643,13111,大田区,35.540625,139.7078125,1012,72.0,717.0,155.0,12.0,686,0
5339254644,13111,大田区,35.540625,139.7109375,1059,102.0,671.0,245.0,37.0,534,0
5339254733,13111,大田区,35.540625,139.7140625,313,56.0,249.0,5.0,4.0,143,0
5339255611,13111,大田区,35.54270833333333,139.7015625,329,33.0,251.0,41.0,4.0,174,0
5339255612,13111,大田区,35.54270833333333,139.7046875,1712,250.0,1073.0,334.0,53.0,784,0
5339255613,13111,大田区,35.54479166666666,139.7015625,448,113.0,291.0,43.0,10.0,173,0
5339255614,13111,大田区,35.54479166666666,139.7046875,1722,179.0,841.0,680.0,34.0,731,0
5339255621,13111,大田区,35.54270833333333,139.7078125,1928,229.0,1278.0,360.0,39.0,990,0
5339255622,13111,大田区,35.54270833333333,139.7109375,1199,103.0,797.0,244.0,33.0,664,0
5339255623,13111,大田区,35.54479166666666,139.7078125,1513,135.0,877.0,427.0,44.0,678,0
5339255624,13111,大田区,35.54479166666666,139.7109375,1745,160.0,993.0,565.0,46.0,891,0
5339255632,13111,大田区,35.546875,139.7046875,1214,168.0,761.0,240.0,50.0,570,0
5339255634,13111,大田区,35.54895833333333,139.7046875,517,78.0,305.0,124.0,18.0,239,0
5339255641,13111,大田区,35.546875,139.7078125,2869,818.0,1801.0,215.0,206.0,1083,0
5339255642,13111,大田区,35.546875,139.7109375,1506,208.0,1009.0,259.0,32.0,748,0
5339255643,13111,大田区,35.54895833333333,139.7078125,1340,184.0,797.0,339.0,23.0,617,0
5339255644,13111,大田区,35.54895833333333,139.7109375,1561,143.0,1017.0,342.0,37.0,749,0
5339255711,13111,大田区,35.54270833333333,139.7140625,662,61.0,411.0,181.0,11.0,327,0
5339255712,13111,大田区,35.54270833333333,139.71718750000002,2020,219.0,1155.0,620.0,44.0,952,0
5339255713,13111,大田区,35.54479166666666,139.7140625,1107,70.0,693.0,300.0,39.0,657,0
5339255714,13111,大田区,35.54479166666666,139.71718750000002,1232,181.0,792.0,234.0,46.0,559,0
5339255721,13111,大田区,35.54270833333333,139.7203125,270,30.0,176.0,52.0,20.0,116,0
5339255723,13111,大田区,35.54479166666666,139.7203125,2349,290.0,1285.0,724.0,193.0,1136,0
5339255724,13111,大田区,35.54479166666666,139.72343750000002,1284,112.0,606.0,544.0,117.0,696,0
5339255731,13111,大田区,35.546875,139.7140625,1504,137.0,992.0,322.0,13.0,815,0
5339255732,13111,大田区,35.546875,139.71718750000002,1156,111.0,794.0,192.0,21.0,649,0
5339255733,13111,大田区,35.54895833333333,139.7140625,1460,116.0,944.0,336.0,32.0,852,0
5339255734,13111,大田区,35.54895833333333,139.71718750000002,1527,156.0,954.0,362.0,44.0,802,0
5339255741,13111,大田区,35.546875,139.7203125,1820,217.0,1149.0,393.0,31.0,887,0
5339255742,13111,大田区,35.546875,139.72343750000002,1393,134.0,835.0,380.0,24.0,677,0
5339255743,13111,大田区,35.54895833333333,139.7203125,2045,162.0,1321.0,466.0,74.0,1175,0
5339255744,13111,大田区,35.54895833333333,139.72343750000002,1908,221.0,1184.0,470.0,42.0,863,0
5339255813,13111,大田区,35.54479166666666,139.7265625,799,97.0,462.0,221.0,29.0,375,0
5339255814,13111,大田区,35.54479166666666,139.7296875,481,81.0,309.0,78.0,8.0,209,0
5339255823,13111,大田区,35.54479166666666,139.7328125,168,24.0,104.0,37.0,0.0,67,0
5339255824,13111,大田区,35.54479166666666,139.7359375,230,31.0,117.0,81.0,7.0,92,0
5339255831,13111,大田区,35.546875,139.7265625,1625,244.0,1035.0,261.0,77.0,790,0
5339255832,13111,大田区,35.546875,139.7296875,2137,330.0,1423.0,314.0,35.0,994,0
5339255833,13111,大田区,35.54895833333333,139.7265625,888,110.0,518.0,245.0,18.0,419,0
5339255834,13111,大田区,35.54895833333333,139.7296875,1311,134.0,851.0,257.0,30.0,750,0
5339255841,13111,大田区,35.546875,139.7328125,1856,255.0,1153.0,435.0,42.0,780,0
5339255842,13111,大田区,35.546875,139.7359375,824,88.0,496.0,223.0,20.0,357,0
5339255843,13111,大田区,35.54895833333333,139.7328125,1419,134.0,799.0,482.0,18.0,651,0
5339255844,13111,大田区,35.54895833333333,139.7359375,1151,125.0,627.0,382.0,28.0,544,0
5339255923,13111,大田区,35.54479166666666,139.7453125,666,48.0,404.0,199.0,11.0,336,0
5339255924,13111,大田区,35.54479166666666,139.74843750000002,332,20.0,209.0,91.0,6.0,169,0
5339255931,13111,大田区,35.546875,139.73906250000002,72,8.0,52.0,10.0,0.0,39,0
5339255932,13111,大田区,35.546875,139.74218750000003,968,77.0,570.0,289.0,13.0,485,0
5339255933,13111,大田区,35.54895833333333,139.73906250000002,250,20.0,167.0,43.0,2.0,141,0
5339255934,13111,大田区,35.54895833333333,139.74218750000003,1477,151.0,952.0,312.0,39.0,788,0
5339255941,13111,大田区,35.546875,139.7453125,1400,114.0,792.0,451.0,34.0,743,0
5339255942,13111,大田区,35.546875,139.74843750000002,1438,79.0,870.0,422.0,15.0,780,0
5339255943,13111,大田区,35.54895833333333,139.7453125,1459,95.0,943.0,322.0,42.0,927,0
5339255944,13111,大田区,35.54895833333333,139.74843750000002,1472,99.0,844.0,455.0,45.0,889,0
5339256534,13111,大田区,35.557291666666664,139.69218750000002,60,2.0,33.0,24.0,0.0,34,0
5339256543,13111,大田区,35.557291666666664,139.6953125,499,49.0,314.0,116.0,5.0,216,0
5339256544,13111,大田区,35.557291666666664,139.6984375,1063,101.0,591.0,262.0,15.0,542,0
5339256612,13111,大田区,35.55104166666666,139.7046875,551,56.0,304.0,177.0,9.0,262,0
5339256614,13111,大田区,35.553124999999994,139.7046875,929,111.0,542.0,243.0,24.0,435,0
5339256621,13111,大田区,35.55104166666666,139.7078125,1385,147.0,817.0,373.0,20.0,754,0
5339256622,13111,大田区,35.55104166666666,139.7109375,1314,116.0,745.0,396.0,33.0,724,0
5339256623,13111,大田区,35.553124999999994,139.7078125,1698,198.0,1000.0,437.0,35.0,830,0
5339256624,13111,大田区,35.553124999999994,139.7109375,1494,130.0,860.0,451.0,35.0,773,0
5339256631,13111,大田区,35.55520833333333,139.7015625,918,97.0,469.0,345.0,7.0,390,0
5339256632,13111,大田区,35.55520833333333,139.7046875,2406,346.0,1494.0,533.0,50.0,928,0
5339256633,13111,大田区,35.557291666666664,139.7015625,1892,254.0,1228.0,367.0,15.0,872,0
5339256634,13111,大田区,35.557291666666664,139.7046875,1918,220.0,1218.0,427.0,36.0,914,0
5339256641,13111,大田区,35.55520833333333,139.7078125,1505,201.0,960.0,311.0,37.0,698,0
5339256642,13111,大田区,35.55520833333333,139.7109375,800,85.0,563.0,145.0,12.0,293,0
5339256643,13111,大田区,35.557291666666664,139.7078125,1211,145.0,721.0,283.0,41.0,608,0
5339256644,13111,大田区,35.557291666666664,139.7109375,1231,122.0,853.0,212.0,37.0,708,0
5339256711,13111,大田区,35.55104166666666,139.7140625,1537,124.0,981.0,337.0,48.0,937,0
5339256712,13111,大田区,35.55104166666666,139.71718750000002,1092,72.0,787.0,177.0,32.0,645,0
5339256713,13111,大田区,35.553124999999994,139.7140625,1683,112.0,1063.0,426.0,31.0,1013,0
5339256714,13111,大田区,35.553124999999994,139.71718750000002,1206,78.0,791.0,258.0,37.0,789,0
5339256721,13111,大田区,35.55104166666666,139.7203125,1715,161.0,983.0,529.0,59.0,867,0
5339256722,13111,大田区,35.55104166666666,139.72343750000002,1456,150.0,943.0,326.0,57.0,745,0
5339256723,13111,大田区,35.553124999999994,139.7203125,1840,220.0,1056.0,531.0,42.0,735,0
5339256724,13111,大田区,35.553124999999994,139.72343750000002,1788,183.0,1114.0,426.0,50.0,1003,0
5339256731,13111,大田区,35.55520833333333,139.7140625,2535,311.0,1564.0,614.0,58.0,1078,0
5339256732,13111,大田区,35.55520833333333,139.71718750000002,2270,195.0,1428.0,581.0,61.0,1163,0
5339256733,13111,大田区,35.557291666666664,139.7140625,407,66.0,278.0,53.0,2.0,173,0
5339256734,13111,大田区,35.557291666666664,139.71718750000002,2044,146.0,1287.0,513.0,91.0,1221,0
5339256741,13111,大田区,35.55520833333333,139.7203125,1073,57.0,653.0,316.0,43.0,642,0
5339256742,13111,大田区,35.55520833333333,139.72343750000002,1162,79.0,664.0,375.0,33.0,690,0
5339256743,13111,大田区,35.557291666666664,139.7203125,1336,100.0,887.0,235.0,80.0,863,0
5339256744,13111,大田区,35.557291666666664,139.72343750000002,1822,107.0,1254.0,319.0,60.0,1259,0
5339256811,13111,大田区,35.55104166666666,139.7265625,1219,118.0,773.0,306.0,20.0,670,0
5339256812,13111,大田区,35.55104166666666,139.7296875,2731,320.0,1736.0,578.0,46.0,1390,0
5339256813,13111,大田区,35.553124999999994,139.7265625,1621,125.0,1010.0,437.0,32.0,938,0
5339256814,13111,大田区,35.553124999999994,139.7296875,1744,111.0,1178.0,328.0,47.0,1125,0
5339256821,13111,大田区,35.55104166666666,139.7328125,1384,114.0,824.0,373.0,40.0,781,0
5339256822,13111,大田区,35.55104166666666,139.7359375,1290,121.0,842.0,273.0,41.0,684,0
5339256823,13111,大田区,35.553124999999994,139.7328125,1694,187.0,1059.0,385.0,36.0,896,0
5339256824,13111,大田区,35.553124999999994,139.7359375,1657,120.0,1173.0,287.0,40.0,969,0
5339256831,13111,大田区,35.55520833333333,139.7265625,2089,124.0,1375.0,497.0,85.0,1274,0
5339256832,13111,大田区,35.55520833333333,139.7296875,1737,167.0,1155.0,275.0,41.0,1008,0
5339256833,13111,大田区,35.557291666666664,139.7265625,1381,78.0,896.0,281.0,24.0,906,0
5339256834,13111,大田区,35.557291666666664,139.7296875,1934,174.0,1254.0,414.0,60.0,1086,0
5339256841,13111,大田区,35.55520833333333,139.7328125,1525,140.0,956.0,366.0,36.0,821,0
5339256842,13111,大田区,35.55520833333333,139.7359375,1552,113.0,997.0,369.0,28.0,901,0
5339256843,13111,大田区,35.557291666666664,139.7328125,1514,139.0,988.0,320.0,46.0,848,0
5339256844,13111,大田区,35.557291666666664,139.7359375,1471,109.0,1043.0,273.0,30.0,882,0
5339256911,13111,大田区,35.55104166666666,139.73906250000002,1223,106.0,907.0,150.0,25.0,753,0
5339256912,13111,大田区,35.55104166666666,139.74218750000003,1045,99.0,717.0,189.0,11.0,507,0
5339256913,13111,大田区,35.553124999999994,139.73906250000002,1488,116.0,960.0,308.0,28.0,882,0
5339256914,13111,大田区,35.553124999999994,139.74218750000003,1585,111.0,1142.0,233.0,39.0,1011,0
5339256921,13111,大田区,35.55104166666666,139.7453125,1219,68.0,762.0,290.0,33.0,782,0
5339256922,13111,大田区,35.55104166666666,139.74843750000002,862,45.0,560.0,196.0,80.0,591,0
5339256923,13111,大田区,35.553124999999994,139.7453125,1156,94.0,794.0,205.0,27.0,746,0
5339256924,13111,大田区,35.553124999999994,139.74843750000002,18,1.0,15.0,1.0,0.0,8,0
5339256931,13111,大田区,35.55520833333333,139.73906250000002,1070,87.0,704.0,195.0,21.0,671,0
5339256932,13111,大田区,35.55520833333333,139.74218750000003,1102,123.0,800.0,130.0,25.0,585,0
5339256933,13111,大田区,35.557291666666664,139.73906250000002,1245,155.0,841.0,194.0,24.0,682,0
5339256934,13111,大田区,35.557291666666664,139.74218750000003,1715,202.0,1184.0,278.0,26.0,915,0
5339256941,13111,大田区,35.55520833333333,139.7453125,776,74.0,524.0,160.0,20.0,373,0
5339256942,13111,大田区,35.55520833333333,139.74843750000002,16,0.0,10.0,6.0,1.0,7,0
5339256943,13111,大田区,35.557291666666664,139.7453125,679,41.0,300.0,325.0,23.0,288,0
5339256944,13111,大田区,35.557291666666664,139.74843750000002,1164,40.0,412.0,710.0,69.0,653,0
5339257424,13111,大田区,35.56145833333333,139.68593750000002,427,25.0,188.0,209.0,5.0,198,0
5339257441,13111,大田区,35.563541666666666,139.6828125,2530,368.0,1725.0,426.0,23.0,937,0
5339257442,13111,大田区,35.563541666666666,139.68593750000002,1816,173.0,1006.0,601.0,30.0,831,0
5339257443,13111,大田区,35.565625,139.6828125,1294,199.0,972.0,119.0,13.0,441,0
5339257444,13111,大田区,35.565625,139.68593750000002,1402,179.0,945.0,236.0,32.0,739,0
5339257511,13111,大田区,35.559374999999996,139.6890625,310,44.0,186.0,76.0,7.0,135,0
5339257512,13111,大田区,35.559374999999996,139.69218750000002,1680,236.0,978.0,453.0,26.0,686,0
5339257513,13111,大田区,35.56145833333333,139.6890625,2013,126.0,883.0,993.0,47.0,1017,0
5339257514,13111,大田区,35.56145833333333,139.69218750000002,1337,136.0,860.0,320.0,29.0,692,0
5339257521,13111,大田区,35.559374999999996,139.6953125,975,66.0,643.0,225.0,14.0,583,0
5339257522,13111,大田区,35.559374999999996,139.6984375,1372,133.0,892.0,276.0,38.0,780,0
5339257523,13111,大田区,35.56145833333333,139.6953125,1738,198.0,1093.0,397.0,31.0,808,0
5339257524,13111,大田区,35.56145833333333,139.6984375,1653,140.0,1156.0,267.0,66.0,973,0
5339257531,13111,大田区,35.563541666666666,139.6890625,1633,120.0,1200.0,253.0,65.0,996,0
5339257532,13111,大田区,35.563541666666666,139.69218750000002,1239,117.0,838.0,239.0,28.0,738,0
5339257533,13111,大田区,35.565625,139.6890625,1722,167.0,1130.0,349.0,31.0,942,0
5339257534,13111,大田区,35.565625,139.69218750000002,1454,195.0,951.0,252.0,25.0,803,0
5339257541,13111,大田区,35.563541666666666,139.6953125,1480,141.0,997.0,296.0,42.0,796,0
5339257542,13111,大田区,35.563541666666666,139.6984375,1358,110.0,954.0,227.0,28.0,826,0
5339257543,13111,大田区,35.565625,139.6953125,1008,58.0,613.0,297.0,16.0,558,0
5339257544,13111,大田区,35.565625,139.6984375,1359,97.0,816.0,373.0,31.0,799,0
5339257611,13111,大田区,35.559374999999996,139.7015625,1325,118.0,779.0,362.0,44.0,689,0
5339257612,13111,大田区,35.559374999999996,139.7046875,1611,148.0,977.0,380.0,47.0,907,0
5339257613,13111,大田区,35.56145833333333,139.7015625,1484,110.0,955.0,342.0,58.0,860,0
5339257614,13111,大田区,35.56145833333333,139.7046875,1107,97.0,714.0,242.0,34.0,614,0
5339257621,13111,大田区,35.559374999999996,139.7078125,1127,86.0,709.0,264.0,61.0,680,0
5339257622,13111,大田区,35.559374999999996,139.7109375,1396,107.0,887.0,298.0,86.0,813,0
5339257623,13111,大田区,35.56145833333333,139.7078125,1865,132.0,1273.0,298.0,105.0,1191,0
5339257624,13111,大田区,35.56145833333333,139.7109375,1413,79.0,899.0,207.0,81.0,1013,0
5339257631,13111,大田区,35.563541666666666,139.7015625,1491,136.0,994.0,303.0,42.0,882,0
5339257632,13111,大田区,35.563541666666666,139.7046875,1639,137.0,1115.0,327.0,39.0,934,0
5339257633,13111,大田区,35.565625,139.7015625,1535,129.0,966.0,368.0,39.0,864,0
5339257634,13111,大田区,35.565625,139.7046875,1452,139.0,925.0,343.0,29.0,728,0
5339257641,13111,大田区,35.563541666666666,139.7078125,2636,167.0,1669.0,581.0,169.0,1614,0
5339257642,13111,大田区,35.563541666666666,139.7109375,2590,204.0,1717.0,429.0,166.0,1722,0
5339257643,13111,大田区,35.565625,139.7078125,1477,109.0,928.0,349.0,115.0,848,0
5339257644,13111,大田区,35.565625,139.7109375,1991,151.0,1302.0,372.0,152.0,1236,0
5339257711,13111,大田区,35.559374999999996,139.7140625,1020,50.0,590.0,289.0,94.0,592,0
5339257712,13111,大田区,35.559374999999996,139.71718750000002,1705,79.0,1081.0,373.0,177.0,1145,0
5339257713,13111,大田区,35.56145833333333,139.7140625,1011,47.0,627.0,202.0,102.0,737,0
5339257714,13111,大田区,35.56145833333333,139.71718750000002,592,28.0,382.0,86.0,32.0,469,0
5339257721,13111,大田区,35.559374999999996,139.7203125,1911,74.0,1309.0,248.0,102.0,1380,0
5339257722,13111,大田区,35.559374999999996,139.72343750000002,1388,79.0,989.0,202.0,58.0,966,0
5339257723,13111,大田区,35.56145833333333,139.7203125,3002,175.0,2113.0,271.0,177.0,2259,0
5339257724,13111,大田区,35.56145833333333,139.72343750000002,2067,244.0,1425.0,296.0,109.0,1133,0
5339257731,13111,大田区,35.563541666666666,139.7140625,1390,61.0,938.0,190.0,126.0,1042,0
5339257732,13111,大田区,35.563541666666666,139.71718750000002,950,60.0,609.0,154.0,99.0,644,0
5339257733,13111,大田区,35.565625,139.7140625,1578,95.0,1060.0,261.0,114.0,1011,0
5339257734,13111,大田区,35.565625,139.71718750000002,1293,71.0,874.0,226.0,123.0,874,0
5339257741,13111,大田区,35.563541666666666,139.7203125,1226,76.0,812.0,228.0,86.0,811,0
5339257742,13111,大田区,35.563541666666666,139.72343750000002,1737,161.0,1154.0,318.0,82.0,1007,0
5339257743,13111,大田区,35.565625,139.7203125,1432,106.0,923.0,289.0,54.0,941,0
5339257744,13111,大田区,35.565625,139.72343750000002,1507,111.0,969.0,335.0,58.0,935,0
5339257811,13111,大田区,35.559374999999996,139.7265625,1591,102.0,1003.0,383.0,44.0,953,0
5339257812,13111,大田区,35.559374999999996,139.7296875,1443,127.0,895.0,355.0,25.0,779,0
5339257813,13111,大田区,35.56145833333333,139.7265625,1374,95.0,908.0,291.0,46.0,833,0
5339257814,13111,大田区,35.56145833333333,139.7296875,1075,77.0,666.0,300.0,43.0,586,0
5339257821,13111,大田区,35.559374999999996,139.7328125,1750,181.0,1104.0,412.0,42.0,900,0
5339257822,13111,大田区,35.559374999999996,139.7359375,1592,167.0,919.0,477.0,22.0,670,0
5339257823,13111,大田区,35.56145833333333,139.7328125,1295,144.0,860.0,216.0,34.0,689,0
5339257824,13111,大田区,35.56145833333333,139.7359375,1450,204.0,971.0,234.0,26.0,709,0
5339257831,13111,大田区,35.563541666666666,139.7265625,1576,116.0,1061.0,271.0,69.0,1002,0
5339257832,13111,大田区,35.563541666666666,139.7296875,1557,107.0,1043.0,341.0,42.0,948,0
5339257833,13111,大田区,35.565625,139.7265625,1234,116.0,723.0,331.0,20.0,680,0
5339257834,13111,大田区,35.565625,139.7296875,2073,135.0,1450.0,369.0,49.0,1392,0
5339257841,13111,大田区,35.563541666666666,139.7328125,1271,89.0,839.0,270.0,40.0,766,0
5339257842,13111,大田区,35.563541666666666,139.7359375,1657,187.0,975.0,446.0,53.0,791,0
5339257843,13111,大田区,35.565625,139.7328125,1554,101.0,971.0,379.0,30.0,950,0
5339257844,13111,大田区,35.565625,139.7359375,1422,133.0,947.0,283.0,30.0,811,0
5339257911,13111,大田区,35.559374999999996,139.73906250000002,1785,141.0,1135.0,438.0,49.0,994,0
5339257912,13111,大田区,35.559374999999996,139.74218750000003,1115,91.0,749.0,240.0,20.0,553,0
5339257913,13111,大田区,35.56145833333333,139.73906250000002,1409,213.0,925.0,215.0,48.0,682,0
5339257914,13111,大田区,35.56145833333333,139.74218750000003,919,100.0,550.0,245.0,20.0,460,0
5339257921,13111,大田区,35.559374999999996,139.7453125,210,20.0,91.0,91.0,0.0,74,0
5339257922,13111,大田区,35.559374999999996,139.74843750000002,31,5.0,15.0,10.0,0.0,13,0
5339257923,13111,大田区,35.56145833333333,139.7453125,1270,268.0,792.0,173.0,53.0,528,0
5339257924,13111,大田区,35.56145833333333,139.74843750000002,624,76.0,411.0,123.0,21.0,300,0
5339257931,13111,大田区,35.563541666666666,139.73906250000002,1451,155.0,855.0,398.0,64.0,646,0
5339257932,13111,大田区,35.563541666666666,139.74218750000003,1440,138.0,820.0,444.0,54.0,717,0
5339257933,13111,大田区,35.565625,139.73906250000002,1445,168.0,844.0,376.0,13.0,716,0
5339257934,13111,大田区,35.565625,139.74218750000003,1221,91.0,770.0,282.0,17.0,669,0
5339257941,13111,大田区,35.563541666666666,139.7453125,1840,197.0,1089.0,475.0,74.0,933,0
5339257942,13111,大田区,35.563541666666666,139.74843750000002,795,83.0,533.0,146.0,12.0,390,0
5339257943,13111,大田区,35.565625,139.7453125,1128,141.0,608.0,332.0,20.0,472,0
5339257944,13111,大田区,35.565625,139.74843750000002,79,1.0,57.0,9.0,1.0,70,0
5339258412,13111,大田区,35.567708333333336,139.67968750000003,1442,222.0,987.0,223.0,24.0,544,0
5339258413,13111,大田区,35.56979166666667,139.67656250000002,111,23.0,65.0,23.0,0.0,37,0
5339258414,13111,大田区,35.56979166666667,139.67968750000003,1061,176.0,732.0,145.0,10.0,391,0
5339258421,13111,大田区,35.567708333333336,139.6828125,423,37.0,275.0,92.0,5.0,229,0
5339258422,13111,大田区,35.567708333333336,139.68593750000002,1362,137.0,890.0,297.0,19.0,733,0
5339258423,13111,大田区,35.56979166666667,139.6828125,1072,71.0,698.0,254.0,9.0,653,0
5339258424,13111,大田区,35.56979166666667,139.68593750000002,1418,107.0,928.0,255.0,21.0,927,0
5339258431,13111,大田区,35.571875000000006,139.67656250000002,1053,99.0,543.0,395.0,14.0,503,0
5339258432,13111,大田区,35.571875000000006,139.67968750000003,1525,179.0,786.0,525.0,24.0,651,0
5339258433,13111,大田区,35.57395833333334,139.67656250000002,1256,211.0,753.0,271.0,30.0,571,0
5339258434,13111,大田区,35.57395833333334,139.67968750000003,1839,192.0,1162.0,412.0,39.0,1063,0
5339258441,13111,大田区,35.571875000000006,139.6828125,1396,118.0,872.0,313.0,26.0,858,0
5339258442,13111,大田区,35.571875000000006,139.68593750000002,776,42.0,511.0,173.0,15.0,518,0
5339258443,13111,大田区,35.57395833333334,139.6828125,1151,109.0,770.0,212.0,17.0,688,0
5339258444,13111,大田区,35.57395833333334,139.68593750000002,809,90.0,531.0,155.0,7.0,425,0
5339258511,13111,大田区,35.567708333333336,139.6890625,1912,255.0,1298.0,293.0,45.0,1069,0
5339258512,13111,大田区,35.567708333333336,139.69218750000002,1485,108.0,1034.0,248.0,57.0,962,0
5339258513,13111,大田区,35.56979166666667,139.6890625,1484,134.0,979.0,287.0,34.0,873,0
5339258514,13111,大田区,35.56979166666667,139.69218750000002,1574,126.0,962.0,400.0,24.0,895,0
5339258521,13111,大田区,35.567708333333336,139.6953125,1220,117.0,733.0,321.0,37.0,627,0
5339258522,13111,大田区,35.567708333333336,139.6984375,1365,123.0,878.0,301.0,30.0,771,0
5339258523,13111,大田区,35.56979166666667,139.6953125,1109,81.0,717.0,258.0,21.0,639,0
5339258524,13111,大田区,35.56979166666667,139.6984375,1607,174.0,1081.0,298.0,36.0,782,0
5339258531,13111,大田区,35.571875000000006,139.6890625,1855,178.0,1299.0,313.0,46.0,940,0
5339258532,13111,大田区,35.571875000000006,139.69218750000002,1684,153.0,1141.0,325.0,24.0,938,0
5339258533,13111,大田区,35.57395833333334,139.6890625,1043,120.0,651.0,257.0,15.0,495,0
5339258534,13111,大田区,35.57395833333334,139.69218750000002,1086,113.0,696.0,242.0,15.0,543,0
5339258541,13111,大田区,35.571875000000006,139.6953125,1596,132.0,1090.0,286.0,33.0,950,0
5339258542,13111,大田区,35.571875000000006,139.6984375,1595,186.0,1040.0,253.0,34.0,913,0
5339258543,13111,大田区,35.57395833333334,139.6953125,948,89.0,566.0,262.0,13.0,465,0
5339258544,13111,大田区,35.57395833333334,139.6984375,1618,196.0,1070.0,284.0,34.0,863,0
5339258611,13111,大田区,35.567708333333336,139.7015625,1568,148.0,993.0,351.0,26.0,871,0
5339258612,13111,大田区,35.567708333333336,139.7046875,1814,228.0,1152.0,370.0,79.0,916,0
5339258613,13111,大田区,35.56979166666667,139.7015625,1375,137.0,883.0,297.0,21.0,803,0
5339258614,13111,大田区,35.56979166666667,139.7046875,1767,185.0,1135.0,356.0,42.0,994,0
5339258621,13111,大田区,35.567708333333336,139.7078125,1385,97.0,886.0,347.0,37.0,793,0
5339258622,13111,大田区,35.567708333333336,139.7109375,1709,122.0,1087.0,399.0,66.0,1008,0
5339258623,13111,大田区,35.56979166666667,139.7078125,1381,183.0,849.0,282.0,55.0,741,0
5339258624,13111,大田区,35.56979166666667,139.7109375,1498,163.0,930.0,335.0,73.0,782,0
5339258631,13111,大田区,35.571875000000006,139.7015625,1745,143.0,1154.0,384.0,39.0,963,0
5339258632,13111,大田区,35.571875000000006,139.7046875,1632,138.0,1049.0,324.0,51.0,1003,0
5339258633,13111,大田区,35.57395833333334,139.7015625,1819,152.0,1206.0,346.0,26.0,1054,0
5339258634,13111,大田区,35.57395833333334,139.7046875,1642,143.0,1073.0,343.0,30.0,966,0
5339258641,13111,大田区,35.571875000000006,139.7078125,1798,231.0,1156.0,381.0,49.0,791,0
5339258642,13111,大田区,35.571875000000006,139.7109375,1464,136.0,901.0,378.0,44.0,802,0
5339258643,13111,大田区,35.57395833333334,139.7078125,1715,147.0,1067.0,437.0,53.0,975,0
5339258644,13111,大田区,35.57395833333334,139.7109375,1716,166.0,981.0,528.0,36.0,940,0
5339258711,13111,大田区,35.567708333333336,139.7140625,1736,114.0,1107.0,407.0,77.0,1044,0
5339258712,13111,大田区,35.567708333333336,139.71718750000002,1644,121.0,1113.0,303.0,104.0,1012,0
5339258713,13111,大田区,35.56979166666667,139.7140625,1574,136.0,1033.0,337.0,90.0,930,0
5339258714,13111,大田区,35.56979166666667,139.71718750000002,1990,205.0,1281.0,387.0,133.0,1117,0
5339258721,13111,大田区,35.567708333333336,139.7203125,2606,224.0,1565.0,696.0,194.0,1452,0
5339258722,13111,大田区,35.567708333333336,139.72343750000002,1937,164.0,1221.0,434.0,66.0,1102,0
5339258723,13111,大田区,35.56979166666667,139.7203125,1421,122.0,865.0,364.0,65.0,788,0
5339258724,13111,大田区,35.56979166666667,139.72343750000002,696,66.0,417.0,174.0,34.0,423,0
5339258731,13111,大田区,35.571875000000006,139.7140625,1678,206.0,1054.0,368.0,65.0,837,0
5339258732,13111,大田区,35.571875000000006,139.71718750000002,1731,180.0,1105.0,400.0,89.0,851,0
5339258733,13111,大田区,35.57395833333334,139.7140625,1437,134.0,916.0,339.0,41.0,740,0
5339258734,13111,大田区,35.57395833333334,139.71718750000002,1706,186.0,1055.0,391.0,71.0,892,0
5339258741,13111,大田区,35.571875000000006,139.7203125,1885,378.0,1106.0,376.0,83.0,827,0
5339258742,13111,大田区,35.571875000000006,139.72343750000002,2061,247.0,1180.0,521.0,56.0,1001,0
5339258743,13111,大田区,35.57395833333334,139.7203125,1539,128.0,932.0,406.0,129.0,777,0
5339258744,13111,大田区,35.57395833333334,139.72343750000002,1969,263.0,1202.0,421.0,35.0,902,0
5339258811,13111,大田区,35.567708333333336,139.7265625,1698,123.0,1101.0,354.0,35.0,1073,0
5339258812,13111,大田区,35.567708333333336,139.7296875,1892,151.0,1131.0,513.0,74.0,1106,0
5339258813,13111,大田区,35.56979166666667,139.7265625,1309,105.0,765.0,343.0,34.0,748,0
5339258814,13111,大田区,35.56979166666667,139.7296875,1576,90.0,1056.0,270.0,46.0,1106,0
5339258821,13111,大田区,35.567708333333336,139.7328125,1645,149.0,1106.0,330.0,29.0,937,0
5339258822,13111,大田区,35.567708333333336,139.7359375,1606,147.0,1081.0,309.0,55.0,892,0
5339258823,13111,大田区,35.56979166666667,139.7328125,1814,150.0,1222.0,351.0,56.0,1081,0
5339258824,13111,大田区,35.56979166666667,139.7359375,918,71.0,618.0,176.0,17.0,547,0
5339258831,13111,大田区,35.571875000000006,139.7265625,1540,81.0,1008.0,306.0,36.0,1037,0
5339258832,13111,大田区,35.571875000000006,139.7296875,1840,157.0,1173.0,370.0,42.0,1145,0
5339258833,13111,大田区,35.57395833333334,139.7265625,2010,190.0,1148.0,628.0,44.0,1065,0
5339258834,13111,大田区,35.57395833333334,139.7296875,1528,135.0,915.0,408.0,40.0,923,0
5339258841,13111,大田区,35.571875000000006,139.7328125,2114,179.0,1425.0,398.0,44.0,1203,0
5339258842,13111,大田区,35.571875000000006,139.7359375,1553,169.0,1017.0,303.0,22.0,873,0
5339258843,13111,大田区,35.57395833333334,139.7328125,2234,168.0,1510.0,392.0,103.0,1423,0
5339258844,13111,大田区,35.57395833333334,139.7359375,2122,166.0,1491.0,349.0,64.0,1350,0
5339258911,13111,大田区,35.567708333333336,139.73906250000002,1615,181.0,1042.0,335.0,30.0,858,0
5339258912,13111,大田区,35.567708333333336,139.74218750000003,1379,130.0,845.0,323.0,30.0,775,0
5339258913,13111,大田区,35.56979166666667,139.73906250000002,1134,111.0,740.0,247.0,27.0,589,0
5339258914,13111,大田区,35.56979166666667,139.74218750000003,1020,91.0,576.0,307.0,21.0,507,0
5339258921,13111,大田区,35.567708333333336,139.7453125,650,83.0,434.0,130.0,18.0,309,1
5339258922,13111,大田区,35.567708333333336,139.74843750000002,17,,,,,11,2
5339258923,13111,大田区,35.56979166666667,139.7453125,794,77.0,498.0,177.0,13.0,456,1
5339258931,13111,大田区,35.571875000000006,139.73906250000002,1133,103.0,791.0,199.0,30.0,666,0
5339258932,13111,大田区,35.571875000000006,139.74218750000003,26,7.0,16.0,2.0,0.0,12,0
5339258933,13111,大田区,35.57395833333334,139.73906250000002,403,21.0,274.0,95.0,8.0,260,0
5339258941,13111,大田区,35.571875000000006,139.7453125,5,,,,,5,2
5339259322,13111,大田区,35.57604166666667,139.6734375,42,4.0,28.0,8.0,1.0,32,0
5339259324,13111,大田区,35.578125,139.6734375,214,14.0,132.0,55.0,9.0,120,0
5339259342,13111,大田区,35.58020833333334,139.6734375,1185,128.0,753.0,262.0,30.0,540,0
5339259344,13111,大田区,35.58229166666667,139.6734375,1291,130.0,855.0,233.0,37.0,669,0
5339259411,13111,大田区,35.57604166666667,139.67656250000002,1745,255.0,1128.0,312.0,23.0,864,0
5339259412,13111,大田区,35.57604166666667,139.67968750000003,1534,120.0,1032.0,304.0,32.0,981,0
5339259413,13111,大田区,35.578125,139.67656250000002,1847,195.0,1153.0,395.0,32.0,1020,0
5339259414,13111,大田区,35.578125,139.67968750000003,1561,202.0,1015.0,282.0,30.0,828,0
5339259421,13111,大田区,35.57604166666667,139.6828125,1221,129.0,797.0,236.0,14.0,668,0
5339259422,13111,大田区,35.57604166666667,139.68593750000002,1123,119.0,673.0,299.0,10.0,533,0
5339259423,13111,大田区,35.578125,139.6828125,1933,353.0,1236.0,282.0,25.0,901,0
5339259424,13111,大田区,35.578125,139.68593750000002,1485,141.0,906.0,372.0,18.0,825,0
5339259431,13111,大田区,35.58020833333334,139.67656250000002,1475,173.0,931.0,301.0,25.0,757,0
5339259432,13111,大田区,35.58020833333334,139.67968750000003,644,57.0,429.0,125.0,17.0,345,0
5339259433,13111,大田区,35.58229166666667,139.67656250000002,529,64.0,349.0,99.0,8.0,256,0
5339259434,13111,大田区,35.58229166666667,139.67968750000003,1065,121.0,672.0,243.0,13.0,531,0
5339259441,13111,大田区,35.58020833333334,139.6828125,1169,106.0,755.0,261.0,13.0,575,0
5339259442,13111,大田区,35.58020833333334,139.68593750000002,1235,103.0,806.0,266.0,18.0,687,0
5339259443,13111,大田区,35.58229166666667,139.6828125,1313,134.0,842.0,302.0,26.0,641,0
5339259444,13111,大田区,35.58229166666667,139.68593750000002,910,108.0,512.0,268.0,2.0,414,0
5339259511,13111,大田区,35.57604166666667,139.6890625,1095,122.0,659.0,287.0,15.0,507,0
5339259512,13111,大田区,35.57604166666667,139.69218750000002,830,113.0,503.0,199.0,15.0,349,0
5339259513,13111,大田区,35.578125,139.6890625,944,97.0,557.0,266.0,20.0,436,0
5339259514,13111,大田区,35.578125,139.69218750000002,927,119.0,528.0,264.0,33.0,390,0
5339259521,13111,大田区,35.57604166666667,139.6953125,893,113.0,529.0,242.0,19.0,368,0
5339259522,13111,大田区,35.57604166666667,139.6984375,2104,246.0,1311.0,506.0,27.0,985,0
5339259523,13111,大田区,35.578125,139.6953125,913,110.0,560.0,220.0,19.0,418,0
5339259524,13111,大田区,35.578125,139.6984375,1369,156.0,829.0,343.0,31.0,689,0
5339259531,13111,大田区,35.58020833333334,139.6890625,1438,126.0,932.0,304.0,31.0,829,0
5339259532,13111,大田区,35.58020833333334,139.69218750000002,1001,125.0,591.0,268.0,13.0,412,0
5339259533,13111,大田区,35.58229166666667,139.6890625,878,91.0,524.0,252.0,4.0,383,0
5339259534,13111,大田区,35.58229166666667,139.69218750000002,1074,162.0,634.0,258.0,23.0,434,0
5339259541,13111,大田区,35.58020833333334,139.6953125,915,148.0,569.0,191.0,17.0,378,0
5339259542,13111,大田区,35.58020833333334,139.6984375,1502,263.0,856.0,354.0,6.0,629,0
5339259543,13111,大田区,35.58229166666667,139.6953125,1079,166.0,655.0,232.0,19.0,464,0
5339259544,13111,大田区,35.58229166666667,139.6984375,2059,300.0,1374.0,299.0,36.0,1006,0
5339259611,13111,大田区,35.57604166666667,139.7015625,1404,141.0,843.0,365.0,34.0,759,0
5339259612,13111,大田区,35.57604166666667,139.7046875,924,99.0,577.0,212.0,17.0,476,0
5339259613,13111,大田区,35.578125,139.7015625,1858,324.0,1201.0,295.0,56.0,815,0
5339259614,13111,大田区,35.578125,139.7046875,294,16.0,178.0,79.0,5.0,162,0
5339259621,13111,大田区,35.57604166666667,139.7078125,721,101.0,461.0,139.0,5.0,342,0
5339259622,13111,大田区,35.57604166666667,139.7109375,1434,157.0,895.0,319.0,61.0,775,0
5339259623,13111,大田区,35.578125,139.7078125,117,12.0,67.0,38.0,2.0,46,0
5339259624,13111,大田区,35.578125,139.7109375,1058,119.0,623.0,303.0,17.0,451,0
5339259631,13111,大田区,35.58020833333334,139.7015625,957,124.0,595.0,213.0,11.0,493,0
5339259632,13111,大田区,35.58020833333334,139.7046875,63,9.0,45.0,7.0,0.0,33,0
5339259633,13111,大田区,35.58229166666667,139.7015625,950,86.0,676.0,145.0,14.0,573,0
5339259634,13111,大田区,35.58229166666667,139.7046875,702,88.0,463.0,118.0,3.0,383,0
5339259641,13111,大田区,35.58020833333334,139.7078125,600,81.0,346.0,164.0,9.0,263,0
5339259642,13111,大田区,35.58020833333334,139.7109375,1125,184.0,762.0,167.0,16.0,452,0
5339259643,13111,大田区,35.58229166666667,139.7078125,1597,196.0,1101.0,256.0,20.0,751,0
5339259644,13111,大田区,35.58229166666667,139.7109375,1496,208.0,976.0,281.0,24.0,704,0
5339259711,13111,大田区,35.57604166666667,139.7140625,1563,163.0,904.0,433.0,38.0,794,0
5339259712,13111,大田区,35.57604166666667,139.71718750000002,1810,222.0,1088.0,434.0,39.0,881,0
5339259713,13111,大田区,35.578125,139.7140625,1243,137.0,740.0,333.0,13.0,603,0
5339259714,13111,大田区,35.578125,139.71718750000002,1218,107.0,744.0,306.0,36.0,645,0
5339259721,13111,大田区,35.57604166666667,139.7203125,1551,194.0,940.0,356.0,31.0,738,0
5339259722,13111,大田区,35.57604166666667,139.72343750000002,1718,301.0,1037.0,345.0,63.0,741,0
5339259723,13111,大田区,35.578125,139.7203125,1327,151.0,785.0,352.0,18.0,640,0
5339259724,13111,大田区,35.578125,139.72343750000002,1798,283.0,1035.0,451.0,40.0,795,0
5339259731,13111,大田区,35.58020833333334,139.7140625,957,124.0,593.0,217.0,13.0,423,0
5339259732,13111,大田区,35.58020833333334,139.71718750000002,1162,106.0,720.0,294.0,14.0,599,0
5339259733,13111,大田区,35.58229166666667,139.7140625,1157,160.0,706.0,252.0,15.0,579,0
5339259734,13111,大田区,35.58229166666667,139.71718750000002,1365,145.0,797.0,376.0,19.0,668,0
5339259741,13111,大田区,35.58020833333334,139.7203125,1649,165.0,996.0,431.0,29.0,921,0
5339259742,13111,大田区,35.58020833333334,139.72343750000002,1926,160.0,1254.0,419.0,51.0,1087,0
5339259743,13111,大田区,35.58229166666667,139.7203125,1278,111.0,835.0,284.0,31.0,753,0
5339259744,13111,大田区,35.58229166666667,139.72343750000002,1585,110.0,1052.0,324.0,38.0,1015,0
5339259811,13111,大田区,35.57604166666667,139.7265625,1007,97.0,589.0,304.0,39.0,460,0
5339259812,13111,大田区,35.57604166666667,139.7296875,1418,137.0,847.0,394.0,32.0,743,0
5339259813,13111,大田区,35.578125,139.7265625,1868,139.0,1146.0,510.0,48.0,1076,0
5339259814,13111,大田区,35.578125,139.7296875,1929,198.0,1241.0,409.0,53.0,1073,0
5339259821,13111,大田区,35.57604166666667,139.7328125,2300,266.0,1562.0,329.0,72.0,1320,0
5339259822,13111,大田区,35.57604166666667,139.7359375,1644,115.0,1095.0,315.0,66.0,1033,0
5339259823,13111,大田区,35.578125,139.7328125,1864,180.0,1269.0,295.0,50.0,1165,0
5339259824,13111,大田区,35.578125,139.7359375,1531,120.0,991.0,307.0,70.0,1016,0
5339259831,13111,大田区,35.58020833333334,139.7265625,1779,188.0,1208.0,293.0,71.0,1107,0
5339259832,13111,大田区,35.58020833333334,139.7296875,2012,161.0,1265.0,411.0,51.0,1161,0
5339259833,13111,大田区,35.58229166666667,139.7265625,1914,209.0,1235.0,378.0,59.0,1057,0
5339259834,13111,大田区,35.58229166666667,139.7296875,1551,141.0,981.0,351.0,31.0,886,0
5339259841,13111,大田区,35.58020833333334,139.7328125,1642,106.0,1109.0,301.0,44.0,1056,0
5339259842,13111,大田区,35.58020833333334,139.7359375,1983,130.0,1239.0,435.0,75.0,1300,0
5339259843,13111,大田区,35.58229166666667,139.7328125,1993,169.0,1254.0,464.0,40.0,1118,0
5339259844,13111,大田区,35.58229166666667,139.7359375,1787,144.0,1204.0,329.0,73.0,1150,0
5339259911,13111,大田区,35.57604166666667,139.73906250000002,1805,155.0,922.0,712.0,130.0,878,0
5339259912,13111,大田区,35.57604166666667,139.74218750000003,785,68.0,435.0,280.0,57.0,329,0
5339259913,13111,大田区,35.578125,139.73906250000002,1030,102.0,588.0,309.0,12.0,537,0
5339259921,13111,大田区,35.57604166666667,139.7453125,126,5.0,105.0,6.0,7.0,97,1
5339259923,13111,大田区,35.578125,139.7453125,2,,,,,2,2
5339259931,13111,大田区,35.58020833333334,139.73906250000002,1348,94.0,824.0,362.0,37.0,725,0
5339259933,13111,大田区,35.58229166666667,139.73906250000002,250,6.0,188.0,26.0,6.0,206,0
5339265013,13111,大田区,35.54479166666666,139.7515625,24,2.0,11.0,9.0,2.0,15,0
5339265031,13111,大田区,35.546875,139.7515625,930,61.0,530.0,297.0,20.0,477,0
5339265033,13111,大田区,35.54895833333333,139.7515625,1003,62.0,660.0,222.0,24.0,629,0
5339266011,13111,大田区,35.55104166666666,139.7515625,856,13.0,706.0,42.0,5.0,793,0
5339267011,13111,大田区,35.559374999999996,139.7515625,188,0.0,29.0,159.0,1.0,2,0
5339267013,13111,大田区,35.56145833333333,139.7515625,127,19.0,71.0,37.0,0.0,53,0
5339343924,13112,世田谷区,35.61145833333333,139.62343750000002,58,12.0,43.0,3.0,0.0,28,0
5339343933,13112,世田谷区,35.615625,139.61406250000002,17,5.0,17.0,2.0,1.0,8,1
5339343934,13112,世田谷区,35.615625,139.61718750000003,8,,,,,4,2
5339343942,13112,世田谷区,35.61354166666667,139.62343750000002,549,70.0,316.0,157.0,18.0,278,0
5339343943,13112,世田谷区,35.615625,139.6203125,42,5.0,29.0,7.0,1.0,23,0
5339343944,13112,世田谷区,35.615625,139.62343750000002,1529,223.0,1073.0,230.0,95.0,821,0
5339344714,13112,世田谷区,35.619791666666664,139.59218750000002,2,,,,,2,2
5339344723,13112,世田谷区,35.619791666666664,139.5953125,25,5.0,15.0,5.0,0.0,10,0
5339344724,13112,世田谷区,35.619791666666664,139.59843750000002,220,44.0,157.0,19.0,2.0,75,0
5339344732,13112,世田谷区,35.621875,139.59218750000002,45,10.0,32.0,3.0,0.0,14,0
5339344741,13112,世田谷区,35.621875,139.5953125,517,74.0,328.0,104.0,3.0,214,0
5339344742,13112,世田谷区,35.621875,139.59843750000002,894,183.0,609.0,102.0,19.0,307,0
5339344743,13112,世田谷区,35.623958333333334,139.5953125,892,139.0,487.0,266.0,23.0,388,0
5339344744,13112,世田谷区,35.623958333333334,139.59843750000002,864,143.0,499.0,125.0,7.0,308,0
5339344812,13112,世田谷区,35.61770833333333,139.6046875,27,5.0,20.0,1.0,0.0,17,0
5339344813,13112,世田谷区,35.619791666666664,139.6015625,493,56.0,258.0,85.0,13.0,165,0
5339344814,13112,世田谷区,35.619791666666664,139.6046875,888,130.0,551.0,201.0,22.0,380,0
5339344821,13112,世田谷区,35.61770833333333,139.6078125,72,3.0,47.0,22.0,0.0,36,0
5339344822,13112,世田谷区,35.61770833333333,139.6109375,713,92.0,480.0,133.0,8.0,366,0
5339344823,13112,世田谷区,35.619791666666664,139.6078125,686,67.0,429.0,181.0,5.0,319,0
5339344824,13112,世田谷区,35.619791666666664,139.6109375,1014,169.0,682.0,163.0,16.0,420,0
5339344831,13112,世田谷区,35.621875,139.6015625,603,88.0,395.0,120.0,20.0,242,0
5339344832,13112,世田谷区,35.621875,139.6046875,819,123.0,497.0,199.0,36.0,347,0
5339344833,13112,世田谷区,35.623958333333334,139.6015625,521,79.0,335.0,105.0,4.0,224,0
5339344834,13112,世田谷区,35.623958333333334,139.6046875,819,109.0,502.0,208.0,37.0,324,0
5339344841,13112,世田谷区,35.621875,139.6078125,703,100.0,482.0,121.0,13.0,290,0
5339344842,13112,世田谷区,35.621875,139.6109375,463,70.0,309.0,84.0,33.0,210,0
5339344843,13112,世田谷区,35.623958333333334,139.6078125,540,87.0,310.0,143.0,16.0,212,0
5339344844,13112,世田谷区,35.623958333333334,139.6109375,817,128.0,567.0,116.0,30.0,329,0
5339344911,13112,世田谷区,35.61770833333333,139.61406250000002,708,114.0,446.0,148.0,24.0,283,0
5339344912,13112,世田谷区,35.61770833333333,139.61718750000003,1051,119.0,723.0,201.0,44.0,514,0
5339344913,13112,世田谷区,35.619791666666664,139.61406250000002,847,98.0,566.0,183.0,46.0,395,0
5339344914,13112,世田谷区,35.619791666666664,139.61718750000003,997,135.0,690.0,172.0,16.0,391,0
5339344921,13112,世田谷区,35.61770833333333,139.6203125,823,109.0,545.0,160.0,45.0,403,0
5339344922,13112,世田谷区,35.61770833333333,139.62343750000002,1214,173.0,790.0,251.0,35.0,602,0
5339344923,13112,世田谷区,35.619791666666664,139.6203125,717,64.0,449.0,203.0,13.0,318,0
5339344924,13112,世田谷区,35.619791666666664,139.62343750000002,1313,194.0,733.0,386.0,18.0,521,0
5339344931,13112,世田谷区,35.621875,139.61406250000002,842,166.0,560.0,64.0,23.0,328,0
5339344932,13112,世田谷区,35.621875,139.61718750000003,738,181.0,490.0,67.0,24.0,281,0
5339344933,13112,世田谷区,35.623958333333334,139.61406250000002,741,105.0,499.0,101.0,21.0,273,0
5339344934,13112,世田谷区,35.623958333333334,139.61718750000003,519,84.0,303.0,131.0,17.0,199,0
5339344941,13112,世田谷区,35.621875,139.6203125,257,39.0,165.0,53.0,4.0,100,0
5339344942,13112,世田谷区,35.621875,139.62343750000002,683,85.0,415.0,183.0,12.0,307,0
5339344943,13112,世田谷区,35.623958333333334,139.6203125,280,24.0,158.0,98.0,6.0,136,0
5339344944,13112,世田谷区,35.623958333333334,139.62343750000002,937,147.0,584.0,206.0,23.0,389,0
5339345721,13112,世田谷区,35.626041666666666,139.5953125,454,49.0,280.0,124.0,10.0,212,0
5339345722,13112,世田谷区,35.626041666666666,139.59843750000002,968,152.0,615.0,176.0,18.0,402,0
5339345723,13112,世田谷区,35.628125,139.5953125,601,67.0,378.0,156.0,11.0,286,0
5339345724,13112,世田谷区,35.628125,139.59843750000002,657,83.0,452.0,122.0,13.0,326,0
5339345734,13112,世田谷区,35.63229166666667,139.59218750000002,964,91.0,663.0,185.0,20.0,541,0
5339345741,13112,世田谷区,35.630208333333336,139.5953125,784,112.0,535.0,137.0,15.0,364,0
5339345742,13112,世田谷区,35.630208333333336,139.59843750000002,578,100.0,364.0,114.0,8.0,260,0
5339345743,13112,世田谷区,35.63229166666667,139.5953125,906,115.0,581.0,210.0,10.0,416,0
5339345744,13112,世田谷区,35.63229166666667,139.59843750000002,346,52.0,260.0,34.0,18.0,210,0
5339345811,13112,世田谷区,35.626041666666666,139.6015625,434,63.0,246.0,69.0,9.0,162,0
5339345812,13112,世田谷区,35.626041666666666,139.6046875,85,15.0,51.0,19.0,6.0,40,0
5339345813,13112,世田谷区,35.628125,139.6015625,785,93.0,510.0,182.0,15.0,375,0
5339345814,13112,世田谷区,35.628125,139.6046875,379,40.0,261.0,76.0,12.0,194,0
5339345821,13112,世田谷区,35.626041666666666,139.6078125,268,40.0,184.0,44.0,18.0,105,0
5339345822,13112,世田谷区,35.626041666666666,139.6109375,403,83.0,263.0,57.0,3.0,155,0
5339345823,13112,世田谷区,35.628125,139.6078125,972,201.0,659.0,112.0,29.0,382,0
5339345824,13112,世田谷区,35.628125,139.6109375,522,72.0,316.0,134.0,8.0,186,0
5339345831,13112,世田谷区,35.630208333333336,139.6015625,303,44.0,219.0,40.0,7.0,158,0
5339345832,13112,世田谷区,35.630208333333336,139.6046875,665,103.0,455.0,107.0,18.0,265,0
5339345833,13112,世田谷区,35.63229166666667,139.6015625,734,102.0,488.0,126.0,9.0,367,0
5339345834,13112,世田谷区,35.63229166666667,139.6046875,591,60.0,382.0,145.0,6.0,310,0
5339345841,13112,世田谷区,35.630208333333336,139.6078125,699,117.0,421.0,161.0,6.0,311,0
5339345842,13112,世田谷区,35.630208333333336,139.6109375,29,6.0,14.0,9.0,0.0,15,0
5339345843,13112,世田谷区,35.63229166666667,139.6078125,490,24.0,206.0,260.0,3.0,290,0
5339345844,13112,世田谷区,35.63229166666667,139.6109375,399,30.0,280.0,86.0,0.0,291,0
5339345911,13112,世田谷区,35.626041666666666,139.61406250000002,739,125.0,466.0,148.0,15.0,294,0
5339345912,13112,世田谷区,35.626041666666666,139.61718750000003,878,133.0,586.0,156.0,16.0,393,0
5339345913,13112,世田谷区,35.628125,139.61406250000002,711,117.0,466.0,124.0,11.0,291,0
5339345914,13112,世田谷区,35.628125,139.61718750000003,540,80.0,370.0,90.0,12.0,235,0
5339345921,13112,世田谷区,35.626041666666666,139.6203125,888,149.0,574.0,165.0,21.0,370,0
5339345922,13112,世田谷区,35.626041666666666,139.62343750000002,737,88.0,494.0,155.0,32.0,343,0
5339345923,13112,世田谷区,35.628125,139.6203125,364,55.0,248.0,61.0,11.0,182,0
5339345924,13112,世田谷区,35.628125,139.62343750000002,501,99.0,363.0,39.0,10.0,224,0
5339345933,13112,世田谷区,35.63229166666667,139.61406250000002,655,128.0,473.0,48.0,2.0,313,0
5339345934,13112,世田谷区,35.63229166666667,139.61718750000003,122,19.0,93.0,10.0,3.0,57,0
5339345943,13112,世田谷区,35.63229166666667,139.6203125,28,1.0,25.0,2.0,1.0,10,0
5339346642,13112,世田谷区,35.63854166666667,139.5859375,1004,92.0,670.0,227.0,12.0,521,0
5339346644,13112,世田谷区,35.640625,139.5859375,1079,137.0,733.0,207.0,16.0,513,0
5339346712,13112,世田谷区,35.634375,139.59218750000002,785,77.0,562.0,145.0,22.0,430,0
5339346713,13112,世田谷区,35.63645833333333,139.5890625,934,79.0,702.0,144.0,22.0,561,0
5339346714,13112,世田谷区,35.63645833333333,139.59218750000002,907,90.0,635.0,182.0,24.0,470,0
5339346721,13112,世田谷区,35.634375,139.5953125,495,62.0,312.0,121.0,19.0,249,0
5339346722,13112,世田谷区,35.634375,139.59843750000002,558,98.0,343.0,117.0,6.0,210,0
5339346723,13112,世田谷区,35.63645833333333,139.5953125,607,67.0,363.0,176.0,15.0,275,0
5339346724,13112,世田谷区,35.63645833333333,139.59843750000002,779,100.0,478.0,197.0,11.0,341,0
5339346731,13112,世田谷区,35.63854166666667,139.5890625,286,31.0,192.0,63.0,12.0,136,0
5339346732,13112,世田谷区,35.63854166666667,139.59218750000002,498,55.0,326.0,117.0,14.0,223,0
5339346733,13112,世田谷区,35.640625,139.5890625,409,72.0,267.0,70.0,14.0,154,0
5339346734,13112,世田谷区,35.640625,139.59218750000002,386,57.0,235.0,94.0,7.0,149,0
5339346741,13112,世田谷区,35.63854166666667,139.5953125,525,58.0,355.0,111.0,7.0,244,0
5339346742,13112,世田谷区,35.63854166666667,139.59843750000002,654,60.0,409.0,181.0,12.0,337,0
5339346743,13112,世田谷区,35.640625,139.5953125,595,57.0,385.0,153.0,10.0,258,0
5339346744,13112,世田谷区,35.640625,139.59843750000002,580,52.0,347.0,179.0,7.0,337,0
5339346811,13112,世田谷区,35.634375,139.6015625,942,224.0,600.0,117.0,8.0,343,0
5339346812,13112,世田谷区,35.634375,139.6046875,545,81.0,375.0,89.0,12.0,257,0
5339346813,13112,世田谷区,35.63645833333333,139.6015625,787,108.0,472.0,195.0,14.0,331,0
5339346814,13112,世田谷区,35.63645833333333,139.6046875,256,23.0,173.0,60.0,5.0,120,0
5339346821,13112,世田谷区,35.634375,139.6078125,792,71.0,437.0,284.0,7.0,430,0
5339346822,13112,世田谷区,35.634375,139.6109375,784,104.0,480.0,199.0,4.0,402,0
5339346823,13112,世田谷区,35.63645833333333,139.6078125,871,129.0,594.0,138.0,29.0,428,0
5339346824,13112,世田谷区,35.63645833333333,139.6109375,955,152.0,584.0,210.0,10.0,450,0
5339346831,13112,世田谷区,35.63854166666667,139.6015625,633,64.0,393.0,173.0,1.0,290,0
5339346832,13112,世田谷区,35.63854166666667,139.6046875,772,97.0,468.0,207.0,20.0,364,0
5339346833,13112,世田谷区,35.640625,139.6015625,828,103.0,532.0,188.0,37.0,463,0
5339346834,13112,世田谷区,35.640625,139.6046875,946,96.0,637.0,212.0,10.0,478,0
5339346841,13112,世田谷区,35.63854166666667,139.6078125,1031,102.0,687.0,231.0,27.0,572,0
5339346842,13112,世田谷区,35.63854166666667,139.6109375,1443,209.0,1023.0,205.0,19.0,684,0
5339346843,13112,世田谷区,35.640625,139.6078125,1203,96.0,833.0,267.0,25.0,664,0
5339346844,13112,世田谷区,35.640625,139.6109375,1289,158.0,904.0,227.0,34.0,663,0
5339346911,13112,世田谷区,35.634375,139.61406250000002,674,110.0,462.0,102.0,5.0,303,0
5339346912,13112,世田谷区,35.634375,139.61718750000003,1279,203.0,863.0,213.0,26.0,547,0
5339346913,13112,世田谷区,35.63645833333333,139.61406250000002,1463,165.0,862.0,434.0,31.0,600,0
5339346914,13112,世田谷区,35.63645833333333,139.61718750000003,1151,231.0,740.0,176.0,25.0,472,0
5339346921,13112,世田谷区,35.634375,139.6203125,865,116.0,577.0,170.0,14.0,390,0
5339346922,13112,世田谷区,35.634375,139.62343750000002,684,120.0,408.0,156.0,9.0,291,0
5339346923,13112,世田谷区,35.63645833333333,139.6203125,1104,109.0,641.0,220.0,7.0,584,0
5339346924,13112,世田谷区,35.63645833333333,139.62343750000002,1101,178.0,706.0,212.0,21.0,493,0
5339346931,13112,世田谷区,35.63854166666667,139.61406250000002,1875,327.0,1252.0,296.0,37.0,860,0
5339346932,13112,世田谷区,35.63854166666667,139.61718750000003,1281,196.0,875.0,210.0,21.0,555,0
5339346933,13112,世田谷区,35.640625,139.61406250000002,1599,201.0,1120.0,278.0,9.0,753,0
5339346934,13112,世田谷区,35.640625,139.61718750000003,1039,157.0,651.0,221.0,21.0,446,0
5339346941,13112,世田谷区,35.63854166666667,139.6203125,910,107.0,498.0,304.0,14.0,378,0
5339346942,13112,世田谷区,35.63854166666667,139.62343750000002,731,99.0,474.0,157.0,11.0,353,0
5339346943,13112,世田谷区,35.640625,139.6203125,876,117.0,571.0,181.0,30.0,429,0
5339346944,13112,世田谷区,35.640625,139.62343750000002,996,113.0,647.0,228.0,9.0,511,0
5339347711,13112,世田谷区,35.64270833333333,139.5890625,537,73.0,342.0,122.0,9.0,224,0
5339347712,13112,世田谷区,35.64270833333333,139.59218750000002,605,63.0,352.0,189.0,7.0,256,0
5339347713,13112,世田谷区,35.64479166666666,139.5890625,953,108.0,597.0,243.0,20.0,402,0
5339347714,13112,世田谷区,35.64479166666666,139.59218750000002,798,94.0,492.0,206.0,8.0,362,0
5339347721,13112,世田谷区,35.64270833333333,139.5953125,563,55.0,345.0,163.0,6.0,253,0
5339347722,13112,世田谷区,35.64270833333333,139.59843750000002,514,51.0,254.0,206.0,13.0,194,0
5339347723,13112,世田谷区,35.64479166666666,139.5953125,785,99.0,500.0,186.0,4.0,338,0
5339347724,13112,世田谷区,35.64479166666666,139.59843750000002,520,49.0,298.0,173.0,4.0,238,0
5339347732,13112,世田谷区,35.646875,139.59218750000002,796,96.0,544.0,138.0,13.0,341,0
5339347734,13112,世田谷区,35.64895833333333,139.59218750000002,1235,192.0,813.0,211.0,29.0,544,0
5339347741,13112,世田谷区,35.646875,139.5953125,682,68.0,420.0,194.0,10.0,290,0
5339347742,13112,世田谷区,35.646875,139.59843750000002,723,85.0,449.0,189.0,16.0,313,0
5339347743,13112,世田谷区,35.64895833333333,139.5953125,1722,155.0,802.0,765.0,20.0,704,0
5339347744,13112,世田谷区,35.64895833333333,139.59843750000002,839,126.0,547.0,163.0,22.0,363,0
5339347811,13112,世田谷区,35.64270833333333,139.6015625,308,30.0,161.0,110.0,1.0,143,0
5339347812,13112,世田谷区,35.64270833333333,139.6046875,1354,128.0,852.0,367.0,25.0,722,0
5339347813,13112,世田谷区,35.64479166666666,139.6015625,238,25.0,153.0,50.0,3.0,104,0
5339347814,13112,世田谷区,35.64479166666666,139.6046875,700,81.0,475.0,142.0,13.0,373,0
5339347821,13112,世田谷区,35.64270833333333,139.6078125,1102,78.0,775.0,244.0,20.0,649,0
5339347822,13112,世田谷区,35.64270833333333,139.6109375,1148,125.0,835.0,188.0,13.0,615,0
5339347823,13112,世田谷区,35.64479166666666,139.6078125,1258,121.0,863.0,232.0,13.0,693,0
5339347824,13112,世田谷区,35.64479166666666,139.6109375,1243,82.0,871.0,289.0,37.0,753,0
5339347831,13112,世田谷区,35.646875,139.6015625,543,67.0,318.0,158.0,2.0,240,0
5339347832,13112,世田谷区,35.646875,139.6046875,1108,156.0,714.0,234.0,20.0,545,0
5339347833,13112,世田谷区,35.64895833333333,139.6015625,768,126.0,466.0,162.0,19.0,332,0
5339347834,13112,世田谷区,35.64895833333333,139.6046875,1013,124.0,646.0,241.0,17.0,462,0
5339347841,13112,世田谷区,35.646875,139.6078125,1177,134.0,816.0,227.0,11.0,632,0
5339347842,13112,世田谷区,35.646875,139.6109375,993,88.0,605.0,280.0,27.0,546,0
5339347843,13112,世田谷区,35.64895833333333,139.6078125,1489,184.0,962.0,339.0,27.0,802,0
5339347844,13112,世田谷区,35.64895833333333,139.6109375,1089,67.0,581.0,428.0,33.0,686,0
5339347911,13112,世田谷区,35.64270833333333,139.61406250000002,1026,155.0,694.0,177.0,32.0,489,0
5339347912,13112,世田谷区,35.64270833333333,139.61718750000003,1202,240.0,829.0,131.0,18.0,520,0
5339347913,13112,世田谷区,35.64479166666666,139.61406250000002,1394,181.0,944.0,268.0,18.0,652,0
5339347914,13112,世田谷区,35.64479166666666,139.61718750000003,2300,377.0,1664.0,255.0,85.0,1211,0
5339347921,13112,世田谷区,35.64270833333333,139.6203125,1225,141.0,871.0,206.0,13.0,623,0
5339347922,13112,世田谷区,35.64270833333333,139.62343750000002,1325,248.0,869.0,198.0,19.0,562,0
5339347923,13112,世田谷区,35.64479166666666,139.6203125,1341,161.0,923.0,257.0,46.0,703,0
5339347924,13112,世田谷区,35.64479166666666,139.62343750000002,1310,157.0,901.0,252.0,30.0,654,0
5339347931,13112,世田谷区,35.646875,139.61406250000002,2118,369.0,1373.0,375.0,29.0,998,0
5339347932,13112,世田谷区,35.646875,139.61718750000003,1030,127.0,726.0,177.0,20.0,574,0
5339347933,13112,世田谷区,35.64895833333333,139.61406250000002,869,111.0,528.0,230.0,25.0,442,0
5339347934,13112,世田谷区,35.64895833333333,139.61718750000003,1500,212.0,1036.0,252.0,22.0,816,0
5339347941,13112,世田谷区,35.646875,139.6203125,1253,127.0,894.0,232.0,32.0,714,0
5339347942,13112,世田谷区,35.646875,139.62343750000002,1000,66.0,668.0,263.0,23.0,608,0
5339347943,13112,世田谷区,35.64895833333333,139.6203125,1790,231.0,1209.0,348.0,25.0,927,0
5339347944,13112,世田谷区,35.64895833333333,139.62343750000002,1261,91.0,856.0,300.0,57.0,782,0
5339348712,13112,世田谷区,35.65104166666667,139.59218750000002,1393,166.0,873.0,337.0,19.0,667,0
5339348721,13112,世田谷区,35.65104166666667,139.5953125,300,33.0,200.0,67.0,16.0,145,0
5339348722,13112,世田谷区,35.65104166666667,139.59843750000002,563,82.0,362.0,115.0,6.0,239,0
5339348723,13112,世田谷区,35.653125,139.5953125,1079,189.0,751.0,139.0,38.0,372,0
5339348724,13112,世田谷区,35.653125,139.59843750000002,938,146.0,572.0,220.0,38.0,399,0
5339348734,13112,世田谷区,35.65729166666667,139.59218750000002,1215,129.0,806.0,264.0,23.0,612,0
5339348741,13112,世田谷区,35.65520833333334,139.5953125,845,115.0,570.0,158.0,19.0,423,0
5339348742,13112,世田谷区,35.65520833333334,139.59843750000002,346,48.0,226.0,72.0,4.0,169,0
5339348743,13112,世田谷区,35.65729166666667,139.5953125,953,105.0,587.0,261.0,18.0,430,0
5339348744,13112,世田谷区,35.65729166666667,139.59843750000002,388,35.0,282.0,71.0,4.0,172,0
5339348811,13112,世田谷区,35.65104166666667,139.6015625,595,71.0,331.0,190.0,7.0,234,0
5339348812,13112,世田谷区,35.65104166666667,139.6046875,1030,171.0,650.0,203.0,11.0,423,0
5339348813,13112,世田谷区,35.653125,139.6015625,730,86.0,469.0,175.0,18.0,300,0
5339348814,13112,世田谷区,35.653125,139.6046875,924,156.0,582.0,181.0,15.0,375,0
5339348821,13112,世田谷区,35.65104166666667,139.6078125,787,74.0,463.0,249.0,11.0,414,0
5339348822,13112,世田谷区,35.65104166666667,139.6109375,962,105.0,568.0,289.0,9.0,437,0
5339348823,13112,世田谷区,35.653125,139.6078125,905,132.0,583.0,189.0,15.0,429,0
5339348824,13112,世田谷区,35.653125,139.6109375,895,139.0,560.0,194.0,8.0,396,0
5339348831,13112,世田谷区,35.65520833333334,139.6015625,1031,160.0,678.0,193.0,24.0,393,0
5339348832,13112,世田谷区,35.65520833333334,139.6046875,1063,121.0,758.0,183.0,13.0,418,0
5339348833,13112,世田谷区,35.65729166666667,139.6015625,1054,160.0,709.0,185.0,22.0,445,0
5339348834,13112,世田谷区,35.65729166666667,139.6046875,1293,234.0,827.0,227.0,10.0,575,0
5339348841,13112,世田谷区,35.65520833333334,139.6078125,1224,225.0,795.0,204.0,22.0,513,0
5339348842,13112,世田谷区,35.65520833333334,139.6109375,1078,182.0,702.0,194.0,9.0,471,0
5339348843,13112,世田谷区,35.65729166666667,139.6078125,2897,517.0,2007.0,373.0,26.0,1036,0
5339348844,13112,世田谷区,35.65729166666667,139.6109375,1045,179.0,692.0,155.0,6.0,404,0
5339348911,13112,世田谷区,35.65104166666667,139.61406250000002,991,117.0,683.0,185.0,26.0,499,0
5339348912,13112,世田谷区,35.65104166666667,139.61718750000003,1537,192.0,982.0,363.0,21.0,670,0
5339348913,13112,世田谷区,35.653125,139.61406250000002,1550,285.0,1054.0,211.0,16.0,587,0
5339348914,13112,世田谷区,35.653125,139.61718750000003,439,55.0,298.0,86.0,4.0,229,0
5339348921,13112,世田谷区,35.65104166666667,139.6203125,1077,156.0,707.0,214.0,20.0,513,0
5339348922,13112,世田谷区,35.65104166666667,139.62343750000002,1364,138.0,940.0,274.0,24.0,783,0
5339348923,13112,世田谷区,35.653125,139.6203125,1150,136.0,788.0,224.0,18.0,576,0
5339348924,13112,世田谷区,35.653125,139.62343750000002,1605,302.0,1089.0,214.0,15.0,646,0
5339348931,13112,世田谷区,35.65520833333334,139.61406250000002,914,129.0,671.0,114.0,21.0,401,0
5339348932,13112,世田谷区,35.65520833333334,139.61718750000003,1585,227.0,997.0,355.0,31.0,727,0
5339348933,13112,世田谷区,35.65729166666667,139.61406250000002,1337,317.0,894.0,126.0,21.0,506,0
5339348934,13112,世田谷区,35.65729166666667,139.61718750000003,1627,493.0,993.0,141.0,15.0,524,0
5339348941,13112,世田谷区,35.65520833333334,139.6203125,963,127.0,642.0,194.0,10.0,415,0
5339348942,13112,世田谷区,35.65520833333334,139.62343750000002,1548,246.0,1020.0,276.0,30.0,699,0
5339348943,13112,世田谷区,35.65729166666667,139.6203125,2050,116.0,1015.0,919.0,62.0,1306,0
5339348944,13112,世田谷区,35.65729166666667,139.62343750000002,1403,207.0,869.0,304.0,24.0,781,0
5339349712,13112,世田谷区,35.659375000000004,139.59218750000002,953,108.0,619.0,225.0,5.0,455,0
5339349714,13112,世田谷区,35.661458333333336,139.59218750000002,461,44.0,284.0,121.0,5.0,251,0
5339349721,13112,世田谷区,35.659375000000004,139.5953125,757,82.0,491.0,184.0,8.0,339,0
5339349722,13112,世田谷区,35.659375000000004,139.59843750000002,1072,156.0,704.0,212.0,9.0,439,0
5339349723,13112,世田谷区,35.661458333333336,139.5953125,429,34.0,206.0,189.0,4.0,132,0
5339349724,13112,世田谷区,35.661458333333336,139.59843750000002,1014,137.0,641.0,233.0,12.0,465,0
5339349731,13112,世田谷区,35.663541666666674,139.5890625,1076,81.0,734.0,255.0,28.0,615,0
5339349732,13112,世田谷区,35.663541666666674,139.59218750000002,635,55.0,385.0,187.0,15.0,331,0
5339349734,13112,世田谷区,35.665625000000006,139.59218750000002,1427,163.0,968.0,276.0,37.0,718,0
5339349741,13112,世田谷区,35.663541666666674,139.5953125,662,60.0,398.0,204.0,5.0,334,0
5339349742,13112,世田谷区,35.663541666666674,139.59843750000002,1079,90.0,719.0,263.0,14.0,559,0
5339349743,13112,世田谷区,35.665625000000006,139.5953125,516,25.0,356.0,135.0,2.0,311,0
5339349744,13112,世田谷区,35.665625000000006,139.59843750000002,989,89.0,719.0,178.0,9.0,554,0
5339349811,13112,世田谷区,35.659375000000004,139.6015625,1261,213.0,814.0,186.0,25.0,584,0
5339349812,13112,世田谷区,35.659375000000004,139.6046875,475,49.0,255.0,162.0,5.0,242,0
5339349813,13112,世田谷区,35.661458333333336,139.6015625,847,64.0,591.0,192.0,17.0,471,0
5339349814,13112,世田谷区,35.661458333333336,139.6046875,1145,125.0,752.0,268.0,27.0,590,0
5339349821,13112,世田谷区,35.659375000000004,139.6078125,1043,151.0,720.0,172.0,23.0,451,0
5339349822,13112,世田谷区,35.659375000000004,139.6109375,1221,168.0,869.0,176.0,15.0,533,0
5339349823,13112,世田谷区,35.661458333333336,139.6078125,1632,331.0,1083.0,216.0,15.0,697,0
5339349824,13112,世田谷区,35.661458333333336,139.6109375,521,87.0,359.0,75.0,16.0,240,0
5339349831,13112,世田谷区,35.663541666666674,139.6015625,902,84.0,597.0,221.0,10.0,504,0
5339349832,13112,世田谷区,35.663541666666674,139.6046875,1401,121.0,980.0,279.0,43.0,840,0
5339349833,13112,世田谷区,35.665625000000006,139.6015625,944,58.0,683.0,201.0,14.0,591,0
5339349834,13112,世田谷区,35.665625000000006,139.6046875,1308,91.0,985.0,230.0,28.0,856,0
5339349841,13112,世田谷区,35.663541666666674,139.6078125,1331,176.0,899.0,253.0,25.0,642,0
5339349842,13112,世田谷区,35.663541666666674,139.6109375,848,141.0,575.0,124.0,9.0,332,0
5339349843,13112,世田谷区,35.665625000000006,139.6078125,1989,385.0,1182.0,413.0,57.0,846,0
5339349844,13112,世田谷区,35.665625000000006,139.6109375,743,103.0,420.0,215.0,27.0,304,0
5339349911,13112,世田谷区,35.659375000000004,139.61406250000002,936,56.0,739.0,140.0,12.0,243,0
5339349912,13112,世田谷区,35.659375000000004,139.61718750000003,269,22.0,149.0,95.0,1.0,160,0
5339349913,13112,世田谷区,35.661458333333336,139.61406250000002,220,14.0,177.0,29.0,1.0,54,0
5339349914,13112,世田谷区,35.661458333333336,139.61718750000003,437,33.0,338.0,66.0,0.0,148,0
5339349921,13112,世田谷区,35.659375000000004,139.6203125,1319,130.0,706.0,483.0,19.0,637,0
5339349922,13112,世田谷区,35.659375000000004,139.62343750000002,1281,200.0,809.0,248.0,23.0,589,0
5339349923,13112,世田谷区,35.661458333333336,139.6203125,992,146.0,644.0,202.0,8.0,432,0
5339349924,13112,世田谷区,35.661458333333336,139.62343750000002,1079,146.0,767.0,166.0,22.0,479,0
5339349931,13112,世田谷区,35.663541666666674,139.61406250000002,1533,258.0,1057.0,181.0,26.0,633,0
5339349932,13112,世田谷区,35.663541666666674,139.61718750000003,809,57.0,513.0,239.0,17.0,436,0
5339349933,13112,世田谷区,35.665625000000006,139.61406250000002,801,41.0,396.0,362.0,16.0,481,0
5339349934,13112,世田谷区,35.665625000000006,139.61718750000003,1014,68.0,646.0,278.0,38.0,547,0
5339349941,13112,世田谷区,35.663541666666674,139.6203125,767,65.0,457.0,245.0,29.0,410,0
5339349942,13112,世田谷区,35.663541666666674,139.62343750000002,1194,173.0,707.0,307.0,36.0,579,0
5339349943,13112,世田谷区,35.665625000000006,139.6203125,82,15.0,56.0,11.0,1.0,36,0
5339349944,13112,世田谷区,35.665625000000006,139.62343750000002,804,107.0,494.0,203.0,15.0,384,0
5339350321,13111,大田区,35.584375,139.6703125,277,32.0,197.0,41.0,2.0,122,0
5339350322,13111,大田区,35.584375,139.6734375,1163,107.0,796.0,186.0,25.0,709,0
5339350323,13111,大田区,35.58645833333333,139.6703125,1190,135.0,761.0,238.0,22.0,666,1
5339350324,13111,大田区,35.58645833333333,139.6734375,1680,259.0,1071.0,315.0,28.0,783,0
5339350332,13111,大田区,35.58854166666667,139.6671875,160,11.0,95.0,44.0,3.0,84,0
5339350333,13111,大田区,35.590625,139.6640625,66,8.0,30.0,24.0,2.0,28,0
5339350334,13111,大田区,35.590625,139.6671875,363,45.0,216.0,97.0,7.0,162,0
5339350341,13111,大田区,35.58854166666667,139.6703125,551,105.0,329.0,105.0,13.0,248,0
5339350342,13111,大田区,35.58854166666667,139.6734375,1366,130.0,833.0,349.0,29.0,726,0
5339350343,13111,大田区,35.590625,139.6703125,545,56.0,333.0,138.0,9.0,233,0
5339350344,13111,大田区,35.590625,139.6734375,1250,115.0,792.0,294.0,15.0,631,0
5339350411,13111,大田区,35.584375,139.67656250000002,1032,86.0,670.0,243.0,8.0,503,0
5339350412,13111,大田区,35.584375,139.67968750000003,1208,132.0,840.0,189.0,12.0,681,0
5339350413,13111,大田区,35.58645833333333,139.67656250000002,1404,165.0,913.0,277.0,35.0,693,0
5339350414,13111,大田区,35.58645833333333,139.67968750000003,1324,124.0,893.0,235.0,19.0,758,0
5339350421,13111,大田区,35.584375,139.6828125,1481,139.0,950.0,311.0,24.0,858,0
5339350422,13111,大田区,35.584375,139.68593750000002,959,97.0,560.0,258.0,14.0,449,0
5339350423,13111,大田区,35.58645833333333,139.6828125,1378,113.0,897.0,305.0,19.0,798,0
5339350424,13111,大田区,35.58645833333333,139.68593750000002,1153,133.0,690.0,296.0,12.0,551,0
5339350431,13111,大田区,35.58854166666667,139.67656250000002,1637,187.0,1111.0,253.0,45.0,922,0
5339350432,13111,大田区,35.58854166666667,139.67968750000003,1378,184.0,908.0,237.0,17.0,702,0
5339350433,13111,大田区,35.590625,139.67656250000002,922,77.0,592.0,214.0,11.0,487,0
5339350434,13111,大田区,35.590625,139.67968750000003,1249,96.0,851.0,216.0,28.0,788,0
5339350441,13111,大田区,35.58854166666667,139.6828125,1186,100.0,743.0,260.0,12.0,648,0
5339350442,13111,大田区,35.58854166666667,139.68593750000002,1003,153.0,594.0,236.0,7.0,427,0
5339350443,13111,大田区,35.590625,139.6828125,1639,202.0,1009.0,374.0,28.0,806,0
5339350444,13111,大田区,35.590625,139.68593750000002,879,107.0,551.0,197.0,20.0,385,0
5339350511,13111,大田区,35.584375,139.6890625,905,112.0,564.0,210.0,5.0,400,0
5339350512,13111,大田区,35.584375,139.69218750000002,999,128.0,603.0,245.0,10.0,435,0
5339350513,13111,大田区,35.58645833333333,139.6890625,668,83.0,394.0,165.0,16.0,301,0
5339350514,13111,大田区,35.58645833333333,139.69218750000002,1220,198.0,802.0,206.0,13.0,488,0
5339350521,13111,大田区,35.584375,139.6953125,1217,219.0,771.0,208.0,32.0,496,0
5339350522,13111,大田区,35.584375,139.6984375,1847,196.0,1081.0,514.0,21.0,811,0
5339350523,13111,大田区,35.58645833333333,139.6953125,1347,238.0,882.0,203.0,45.0,565,0
5339350524,13111,大田区,35.58645833333333,139.6984375,1648,229.0,1163.0,203.0,32.0,823,0
5339350531,13111,大田区,35.58854166666667,139.6890625,890,144.0,567.0,161.0,5.0,383,0
5339350532,13111,大田区,35.58854166666667,139.69218750000002,1391,198.0,906.0,262.0,20.0,568,0
5339350533,13111,大田区,35.590625,139.6890625,1092,164.0,712.0,185.0,14.0,521,0
5339350534,13111,大田区,35.590625,139.69218750000002,1315,158.0,875.0,241.0,28.0,612,0
5339350541,13111,大田区,35.58854166666667,139.6953125,961,106.0,615.0,224.0,38.0,465,0
5339350542,13111,大田区,35.58854166666667,139.6984375,1082,145.0,697.0,213.0,19.0,496,0
5339350543,13111,大田区,35.590625,139.6953125,1135,139.0,715.0,252.0,21.0,487,0
5339350544,13111,大田区,35.590625,139.6984375,1438,171.0,934.0,269.0,19.0,732,0
5339350611,13111,大田区,35.584375,139.7015625,1089,140.0,740.0,181.0,16.0,538,0
5339350612,13111,大田区,35.584375,139.7046875,647,62.0,482.0,59.0,14.0,417,0
5339350613,13111,大田区,35.58645833333333,139.7015625,1087,123.0,746.0,175.0,13.0,564,0
5339350614,13111,大田区,35.58645833333333,139.7046875,1246,126.0,794.0,270.0,8.0,636,0
5339350621,13111,大田区,35.584375,139.7078125,1169,159.0,819.0,147.0,21.0,611,0
5339350622,13111,大田区,35.584375,139.7109375,1880,315.0,1203.0,304.0,29.0,862,0
5339350623,13111,大田区,35.58645833333333,139.7078125,1502,177.0,935.0,319.0,14.0,831,0
5339350624,13111,大田区,35.58645833333333,139.7109375,934,106.0,599.0,203.0,17.0,472,0
5339350631,13111,大田区,35.58854166666667,139.7015625,1036,130.0,697.0,174.0,23.0,539,0
5339350632,13111,大田区,35.58854166666667,139.7046875,1418,189.0,962.0,208.0,41.0,722,0
5339350633,13111,大田区,35.590625,139.7015625,1382,174.0,896.0,253.0,23.0,699,0
5339350634,13111,大田区,35.590625,139.7046875,1574,185.0,1147.0,159.0,26.0,877,0
5339350641,13111,大田区,35.58854166666667,139.7078125,1480,134.0,992.0,229.0,28.0,930,0
5339350642,13111,大田区,35.58854166666667,139.7109375,926,80.0,603.0,184.0,16.0,548,0
5339350643,13111,大田区,35.590625,139.7078125,887,119.0,579.0,138.0,15.0,459,0
5339350644,13111,大田区,35.590625,139.7109375,808,95.0,466.0,220.0,3.0,396,0
5339350711,13111,大田区,35.584375,139.7140625,1216,150.0,775.0,274.0,22.0,528,0
5339350712,13111,大田区,35.584375,139.71718750000002,1023,117.0,600.0,285.0,26.0,458,0
5339350713,13111,大田区,35.58645833333333,139.7140625,1283,169.0,777.0,288.0,31.0,613,0
5339350714,13111,大田区,35.58645833333333,139.71718750000002,1028,121.0,583.0,301.0,11.0,496,0
5339350721,13111,大田区,35.584375,139.7203125,1355,129.0,818.0,325.0,25.0,771,0
5339350722,13111,大田区,35.584375,139.72343750000002,1738,187.0,1169.0,271.0,59.0,992,0
5339350723,13111,大田区,35.58645833333333,139.7203125,1399,181.0,824.0,345.0,16.0,692,0
5339350724,13111,大田区,35.58645833333333,139.72343750000002,1416,187.0,900.0,286.0,33.0,656,0
5339350731,13111,大田区,35.58854166666667,139.7140625,1309,183.0,825.0,277.0,12.0,596,0
5339350732,13111,大田区,35.58854166666667,139.71718750000002,1074,136.0,653.0,252.0,20.0,491,0
5339350733,13111,大田区,35.590625,139.7140625,1019,128.0,623.0,242.0,24.0,467,0
5339350734,13111,大田区,35.590625,139.71718750000002,1317,168.0,859.0,243.0,40.0,667,0
5339350741,13111,大田区,35.58854166666667,139.7203125,1211,129.0,760.0,255.0,34.0,632,0
5339350742,13111,大田区,35.58854166666667,139.72343750000002,1060,178.0,643.0,216.0,19.0,459,0
5339350743,13111,大田区,35.590625,139.7203125,1476,176.0,943.0,315.0,37.0,711,0
5339350744,13111,大田区,35.590625,139.72343750000002,1388,195.0,871.0,275.0,31.0,672,0
5339350811,13111,大田区,35.584375,139.7265625,1669,184.0,1104.0,258.0,59.0,976,0
5339350812,13111,大田区,35.584375,139.7296875,1611,89.0,1042.0,301.0,57.0,1122,0
5339350813,13111,大田区,35.58645833333333,139.7265625,1209,99.0,795.0,191.0,31.0,781,0
5339350814,13111,大田区,35.58645833333333,139.7296875,2754,192.0,1809.0,477.0,105.0,1837,0
5339350821,13111,大田区,35.584375,139.7328125,2135,257.0,1398.0,321.0,67.0,1267,0
5339350822,13111,大田区,35.584375,139.7359375,2964,348.0,1966.0,550.0,97.0,1451,0
5339350823,13111,大田区,35.58645833333333,139.7328125,1388,124.0,879.0,296.0,29.0,787,0
5339350824,13111,大田区,35.58645833333333,139.7359375,2579,264.0,1695.0,455.0,86.0,1371,0
5339350831,13111,大田区,35.58854166666667,139.7265625,1019,147.0,629.0,197.0,12.0,502,0
5339350832,13111,大田区,35.58854166666667,139.7296875,332,21.0,200.0,87.0,13.0,220,0
5339350833,13111,大田区,35.590625,139.7265625,1280,114.0,794.0,300.0,24.0,726,0
5339350834,13109,品川区,35.590625,139.7296875,2111,207.0,1269.0,502.0,84.0,1261,0
5339350841,13109,品川区,35.58854166666667,139.7328125,1817,94.0,1240.0,312.0,105.0,1330,0
5339350842,13109,品川区,35.58854166666667,139.7359375,3882,326.0,2384.0,1054.0,157.0,2174,0
5339350843,13109,品川区,35.590625,139.7328125,2761,221.0,1853.0,451.0,136.0,1834,0
5339350844,13109,品川区,35.590625,139.7359375,3195,331.0,2352.0,278.0,165.0,2116,0
5339350911,13111,大田区,35.584375,139.73906250000002,342,38.0,201.0,105.0,4.0,148,1
5339350921,13111,大田区,35.584375,139.7453125,72,0.0,65.0,0.0,0.0,72,1
5339350922,13111,大田区,35.584375,139.74843750000002,2,,,,,2,2
5339350923,13111,大田区,35.58645833333333,139.7453125,92,0.0,79.0,2.0,0.0,92,0
5339350924,13111,大田区,35.58645833333333,139.74843750000002,8,0.0,8.0,0.0,0.0,8,0
5339350933,13109,品川区,35.590625,139.73906250000002,7,,,,,6,2
5339351134,13112,世田谷区,35.598958333333336,139.6421875,41,6.0,22.0,13.0,0.0,17,0
5339351142,13112,世田谷区,35.596875000000004,139.6484375,907,135.0,578.0,147.0,16.0,384,0
5339351143,13112,世田谷区,35.598958333333336,139.6453125,384,47.0,260.0,77.0,19.0,229,0
5339351144,13112,世田谷区,35.598958333333336,139.6484375,1028,162.0,676.0,190.0,12.0,457,0
5339351212,13112,世田谷区,35.592708333333334,139.65468750000002,114,6.0,59.0,49.0,2.0,35,0
5339351213,13112,世田谷区,35.594791666666666,139.6515625,773,88.0,499.0,186.0,12.0,397,0
5339351214,13111,大田区,35.594791666666666,139.65468750000002,1030,154.0,624.0,244.0,20.0,466,0
5339351221,13111,大田区,35.592708333333334,139.6578125,798,103.0,498.0,184.0,12.0,325,0
5339351222,13111,大田区,35.592708333333334,139.66093750000002,592,63.0,379.0,143.0,24.0,285,0
5339351223,13111,大田区,35.594791666666666,139.6578125,510,71.0,336.0,97.0,15.0,211,0
5339351224,13111,大田区,35.594791666666666,139.66093750000002,501,69.0,280.0,140.0,25.0,219,0
5339351231,13112,世田谷区,35.596875000000004,139.6515625,1190,160.0,790.0,240.0,23.0,573,0
5339351232,13111,大田区,35.596875000000004,139.65468750000002,1147,159.0,721.0,249.0,28.0,513,0
5339351233,13112,世田谷区,35.598958333333336,139.6515625,411,48.0,268.0,95.0,15.0,223,0
5339351234,13112,世田谷区,35.598958333333336,139.65468750000002,768,77.0,483.0,208.0,11.0,322,0
5339351241,13111,大田区,35.596875000000004,139.6578125,582,66.0,352.0,157.0,15.0,225,0
5339351242,13111,大田区,35.596875000000004,139.66093750000002,485,50.0,274.0,151.0,16.0,202,0
5339351243,13111,大田区,35.598958333333336,139.6578125,422,63.0,250.0,107.0,23.0,173,0
5339351244,13111,大田区,35.598958333333336,139.66093750000002,498,62.0,285.0,140.0,28.0,206,0
5339351311,13111,大田区,35.592708333333334,139.6640625,360,58.0,199.0,94.0,13.0,139,0
5339351312,13111,大田区,35.592708333333334,139.6671875,411,52.0,236.0,101.0,37.0,167,0
5339351313,13111,大田区,35.594791666666666,139.6640625,326,36.0,179.0,102.0,24.0,134,0
5339351314,13111,大田区,35.594791666666666,139.6671875,253,19.0,149.0,78.0,16.0,114,0
5339351321,13111,大田区,35.592708333333334,139.6703125,860,76.0,489.0,250.0,27.0,417,0
5339351322,13111,大田区,35.592708333333334,139.6734375,953,93.0,594.0,225.0,25.0,473,0
5339351323,13111,大田区,35.594791666666666,139.6703125,838,80.0,498.0,231.0,7.0,428,0
5339351324,13111,大田区,35.594791666666666,139.6734375,880,92.0,564.0,215.0,25.0,436,0
5339351331,13111,大田区,35.596875000000004,139.6640625,403,34.0,229.0,129.0,45.0,168,0
5339351332,13111,大田区,35.596875000000004,139.6671875,355,37.0,178.0,127.0,7.0,165,0
5339351333,13111,大田区,35.598958333333336,139.6640625,379,41.0,214.0,118.0,22.0,162,0
5339351334,13112,世田谷区,35.598958333333336,139.6671875,559,59.0,340.0,152.0,32.0,248,0
5339351341,13111,大田区,35.596875000000004,139.6703125,1014,90.0,615.0,272.0,16.0,531,0
5339351342,13112,世田谷区,35.596875000000004,139.6734375,1049,92.0,730.0,227.0,35.0,546,0
5339351343,13112,世田谷区,35.598958333333336,139.6703125,1257,117.0,923.0,216.0,47.0,748,0
5339351344,13112,世田谷区,35.598958333333336,139.6734375,1340,173.0,910.0,257.0,34.0,663,0
5339351411,13112,世田谷区,35.592708333333334,139.67656250000002,1204,119.0,821.0,250.0,24.0,597,0
5339351412,13111,大田区,35.592708333333334,139.67968750000003,1313,188.0,848.0,247.0,6.0,609,0
5339351413,13112,世田谷区,35.594791666666666,139.67656250000002,1048,134.0,642.0,263.0,11.0,456,0
5339351414,13112,世田谷区,35.594791666666666,139.67968750000003,1130,111.0,733.0,280.0,23.0,554,0
5339351421,13111,大田区,35.592708333333334,139.6828125,1502,156.0,1024.0,259.0,20.0,818,0
5339351422,13111,大田区,35.592708333333334,139.68593750000002,1398,188.0,914.0,231.0,46.0,743,0
5339351423,13111,大田区,35.594791666666666,139.6828125,2076,203.0,1435.0,385.0,48.0,1176,0
5339351424,13111,大田区,35.594791666666666,139.68593750000002,2019,158.0,1403.0,344.0,84.0,1209,0
5339351431,13112,世田谷区,35.596875000000004,139.67656250000002,1104,158.0,706.0,240.0,18.0,459,0
5339351432,13112,世田谷区,35.596875000000004,139.67968750000003,1355,192.0,880.0,272.0,39.0,625,0
5339351433,13112,世田谷区,35.598958333333336,139.67656250000002,1206,142.0,795.0,260.0,21.0,587,0
5339351434,13112,世田谷区,35.598958333333336,139.67968750000003,1292,175.0,828.0,285.0,29.0,608,0
5339351441,13111,大田区,35.596875000000004,139.6828125,1673,197.0,1089.0,352.0,31.0,808,0
5339351442,13111,大田区,35.596875000000004,139.68593750000002,1677,169.0,1119.0,299.0,46.0,935,0
5339351443,13111,大田区,35.598958333333336,139.6828125,1382,142.0,883.0,327.0,41.0,655,0
5339351444,13111,大田区,35.598958333333336,139.68593750000002,1172,111.0,758.0,229.0,29.0,688,0
5339351511,13111,大田区,35.592708333333334,139.6890625,1664,204.0,1078.0,322.0,49.0,755,0
5339351512,13111,大田区,35.592708333333334,139.69218750000002,992,139.0,593.0,230.0,15.0,454,0
5339351513,13111,大田区,35.594791666666666,139.6890625,1368,169.0,897.0,259.0,41.0,670,0
5339351514,13111,大田区,35.594791666666666,139.69218750000002,846,82.0,561.0,168.0,19.0,447,0
5339351521,13111,大田区,35.592708333333334,139.6953125,1957,333.0,1271.0,295.0,27.0,862,0
5339351522,13111,大田区,35.592708333333334,139.6984375,1571,162.0,1003.0,372.0,38.0,727,0
5339351523,13111,大田区,35.594791666666666,139.6953125,1348,139.0,859.0,290.0,29.0,674,0
5339351524,13111,大田区,35.594791666666666,139.6984375,1323,209.0,841.0,242.0,10.0,529,0
5339351531,13111,大田区,35.596875000000004,139.6890625,1150,158.0,759.0,213.0,24.0,517,0
5339351532,13111,大田区,35.596875000000004,139.69218750000002,1261,141.0,763.0,309.0,34.0,644,0
5339351533,13111,大田区,35.598958333333336,139.6890625,1028,112.0,663.0,219.0,25.0,557,0
5339351534,13111,大田区,35.598958333333336,139.69218750000002,1702,195.0,1109.0,301.0,53.0,935,0
5339351541,13111,大田区,35.596875000000004,139.6953125,1194,149.0,766.0,239.0,19.0,552,0
5339351542,13111,大田区,35.596875000000004,139.6984375,1211,137.0,783.0,258.0,32.0,563,0
5339351543,13111,大田区,35.598958333333336,139.6953125,1032,94.0,659.0,243.0,15.0,491,0
5339351544,13111,大田区,35.598958333333336,139.6984375,1003,126.0,637.0,200.0,17.0,494,0
5339351611,13111,大田区,35.592708333333334,139.7015625,1927,302.0,1274.0,306.0,23.0,826,0
5339351612,13111,大田区,35.592708333333334,139.7046875,1296,127.0,891.0,202.0,24.0,727,0
5339351613,13111,大田区,35.594791666666666,139.7015625,1660,193.0,1029.0,379.0,20.0,752,0
5339351614,13111,大田区,35.594791666666666,139.7046875,1745,196.0,1154.0,336.0,39.0,912,0
5339351621,13111,大田区,35.592708333333334,139.7078125,1397,182.0,1028.0,131.0,17.0,829,0
5339351622,13111,大田区,35.592708333333334,139.7109375,1287,160.0,859.0,200.0,25.0,733,0
5339351623,13111,大田区,35.594791666666666,139.7078125,1848,219.0,1319.0,227.0,40.0,1046,0
5339351624,13111,大田区,35.594791666666666,139.7109375,1525,132.0,1067.0,253.0,55.0,880,0
5339351631,13111,大田区,35.596875000000004,139.7015625,1775,243.0,1180.0,285.0,25.0,938,0
5339351632,13111,大田区,35.596875000000004,139.7046875,2060,255.0,1382.0,342.0,28.0,1082,0
5339351633,13111,大田区,35.598958333333336,139.7015625,1457,178.0,934.0,315.0,19.0,700,0
5339351634,13111,大田区,35.598958333333336,139.7046875,1713,164.0,1075.0,392.0,27.0,975,0
5339351641,13111,大田区,35.596875000000004,139.7078125,1599,175.0,1106.0,245.0,42.0,904,0
5339351642,13111,大田区,35.596875000000004,139.7109375,1089,96.0,702.0,214.0,22.0,672,0
5339351643,13111,大田区,35.598958333333336,139.7078125,1192,153.0,793.0,220.0,8.0,575,0
5339351644,13111,大田区,35.598958333333336,139.7109375,1576,145.0,1006.0,299.0,27.0,980,0
5339351711,13111,大田区,35.592708333333334,139.7140625,1170,125.0,787.0,223.0,20.0,632,0
5339351712,13111,大田区,35.592708333333334,139.71718750000002,1409,179.0,933.0,239.0,23.0,681,0
5339351713,13111,大田区,35.594791666666666,139.7140625,1491,149.0,1015.0,259.0,69.0,832,0
5339351714,13111,大田区,35.594791666666666,139.71718750000002,1552,182.0,965.0,364.0,41.0,756,0
5339351721,13109,品川区,35.592708333333334,139.7203125,1637,207.0,1032.0,327.0,42.0,868,0
5339351722,13111,大田区,35.592708333333334,139.72343750000002,1322,195.0,801.0,274.0,21.0,636,0
5339351723,13109,品川区,35.594791666666666,139.7203125,1363,209.0,841.0,265.0,19.0,602,0
5339351724,13109,品川区,35.594791666666666,139.72343750000002,1551,235.0,961.0,307.0,25.0,707,0
5339351731,13111,大田区,35.596875000000004,139.7140625,1510,134.0,865.0,357.0,29.0,866,0
5339351732,13109,品川区,35.596875000000004,139.71718750000002,1561,204.0,999.0,341.0,45.0,756,0
5339351733,13111,大田区,35.598958333333336,139.7140625,1847,173.0,1117.0,390.0,29.0,1058,0
5339351734,13109,品川区,35.598958333333336,139.71718750000002,1731,217.0,1119.0,357.0,49.0,839,0
5339351741,13109,品川区,35.596875000000004,139.7203125,1317,151.0,825.0,315.0,22.0,654,0
5339351742,13109,品川区,35.596875000000004,139.72343750000002,1522,173.0,907.0,389.0,28.0,719,0
5339351743,13109,品川区,35.598958333333336,139.7203125,1673,177.0,1031.0,404.0,29.0,852,0
5339351744,13109,品川区,35.598958333333336,139.72343750000002,1860,172.0,1059.0,546.0,41.0,1001,0
5339351811,13111,大田区,35.592708333333334,139.7265625,1263,165.0,738.0,306.0,42.0,608,0
5339351812,13109,品川区,35.592708333333334,139.7296875,1475,140.0,1023.0,203.0,51.0,880,0
5339351813,13109,品川区,35.594791666666666,139.7265625,1631,231.0,1047.0,296.0,57.0,793,0
5339351814,13109,品川区,35.594791666666666,139.7296875,1280,168.0,783.0,281.0,37.0,627,0
5339351821,13109,品川区,35.592708333333334,139.7328125,2315,163.0,1528.0,455.0,90.0,1526,0
5339351822,13109,品川区,35.592708333333334,139.7359375,1717,150.0,1266.0,196.0,46.0,1133,0
5339351823,13109,品川区,35.594791666666666,139.7328125,2064,176.0,1323.0,454.0,56.0,1198,0
5339351824,13109,品川区,35.594791666666666,139.7359375,2028,190.0,1434.0,275.0,46.0,1278,0
5339351831,13109,品川区,35.596875000000004,139.7265625,1626,229.0,1012.0,338.0,32.0,783,0
5339351832,13109,品川区,35.596875000000004,139.7296875,1636,205.0,990.0,404.0,53.0,785,0
5339351833,13109,品川区,35.598958333333336,139.7265625,1826,214.0,1138.0,396.0,47.0,959,0
5339351834,13109,品川区,35.598958333333336,139.7296875,1577,160.0,1076.0,260.0,34.0,928,0
5339351841,13109,品川区,35.596875000000004,139.7328125,1955,210.0,1243.0,453.0,41.0,978,0
5339351842,13109,品川区,35.596875000000004,139.7359375,2038,335.0,1386.0,220.0,53.0,1075,0
5339351843,13109,品川区,35.598958333333336,139.7328125,1475,166.0,941.0,293.0,39.0,843,0
5339351844,13109,品川区,35.598958333333336,139.7359375,1956,221.0,1250.0,352.0,49.0,1154,0
5339351911,13109,品川区,35.592708333333334,139.73906250000002,144,28.0,80.0,34.0,2.0,59,0
5339351912,13109,品川区,35.592708333333334,139.74218750000003,15,0.0,15.0,0.0,0.0,15,0
5339351913,13109,品川区,35.594791666666666,139.73906250000002,1704,190.0,973.0,474.0,20.0,833,0
5339351923,13109,品川区,35.594791666666666,139.7453125,168,3.0,151.0,13.0,0.0,137,0
5339351931,13109,品川区,35.596875000000004,139.73906250000002,1590,139.0,1016.0,348.0,36.0,934,0
5339351932,13109,品川区,35.596875000000004,139.74218750000003,1593,396.0,1095.0,88.0,18.0,537,0
5339351933,13109,品川区,35.598958333333336,139.73906250000002,2055,174.0,1358.0,409.0,37.0,1203,0
5339351934,13109,品川区,35.598958333333336,139.74218750000003,535,46.0,361.0,101.0,16.0,322,0
5339351941,13109,品川区,35.596875000000004,139.7453125,793,154.0,570.0,60.0,6.0,414,0
5339351943,13109,品川区,35.598958333333336,139.7453125,1914,518.0,1326.0,39.0,96.0,831,0
5339352042,13112,世田谷区,35.60520833333334,139.6359375,1074,156.0,724.0,198.0,45.0,515,1
5339352043,13112,世田谷区,35.60729166666667,139.6328125,23,5.0,13.0,4.0,0.0,9,0
5339352044,13112,世田谷区,35.60729166666667,139.6359375,786,102.0,518.0,166.0,27.0,363,0
5339352111,13112,世田谷区,35.60104166666667,139.6390625,32,0.0,20.0,12.0,1.0,18,0
5339352112,13112,世田谷区,35.60104166666667,139.6421875,630,92.0,390.0,148.0,24.0,295,0
5339352113,13112,世田谷区,35.603125,139.6390625,1028,191.0,675.0,140.0,23.0,435,0
5339352114,13112,世田谷区,35.603125,139.6421875,732,85.0,487.0,154.0,21.0,332,0
5339352121,13112,世田谷区,35.60104166666667,139.6453125,682,100.0,475.0,107.0,34.0,305,0
5339352122,13112,世田谷区,35.60104166666667,139.6484375,789,134.0,506.0,149.0,29.0,314,0
5339352123,13112,世田谷区,35.603125,139.6453125,485,77.0,314.0,94.0,22.0,210,0
5339352124,13112,世田谷区,35.603125,139.6484375,693,54.0,396.0,243.0,14.0,287,0
5339352131,13112,世田谷区,35.60520833333334,139.6390625,589,100.0,404.0,85.0,35.0,258,0
5339352132,13112,世田谷区,35.60520833333334,139.6421875,218,32.0,162.0,24.0,14.0,102,0
5339352133,13112,世田谷区,35.60729166666667,139.6390625,723,82.0,489.0,145.0,40.0,369,0
5339352134,13112,世田谷区,35.60729166666667,139.6421875,652,63.0,417.0,172.0,14.0,334,0
5339352141,13112,世田谷区,35.60520833333334,139.6453125,415,67.0,261.0,87.0,9.0,213,0
5339352142,13112,世田谷区,35.60520833333334,139.6484375,824,81.0,575.0,166.0,11.0,430,0
5339352143,13112,世田谷区,35.60729166666667,139.6453125,634,82.0,390.0,162.0,5.0,288,0
5339352144,13112,世田谷区,35.60729166666667,139.6484375,1252,106.0,867.0,272.0,27.0,725,0
5339352211,13112,世田谷区,35.60104166666667,139.6515625,814,104.0,539.0,171.0,19.0,352,0
5339352212,13112,世田谷区,35.60104166666667,139.65468750000002,626,88.0,350.0,188.0,27.0,291,0
5339352213,13112,世田谷区,35.603125,139.6515625,959,128.0,584.0,247.0,19.0,460,0
5339352214,13112,世田谷区,35.603125,139.65468750000002,920,66.0,644.0,210.0,12.0,516,0
5339352221,13112,世田谷区,35.60104166666667,139.6578125,715,78.0,483.0,154.0,24.0,350,0
5339352222,13112,世田谷区,35.60104166666667,139.66093750000002,558,91.0,364.0,103.0,10.0,258,0
5339352223,13112,世田谷区,35.603125,139.6578125,1011,116.0,653.0,240.0,19.0,497,0
5339352224,13112,世田谷区,35.603125,139.66093750000002,1041,103.0,675.0,263.0,19.0,588,0
5339352231,13112,世田谷区,35.60520833333334,139.6515625,1108,111.0,710.0,277.0,10.0,577,0
5339352232,13112,世田谷区,35.60520833333334,139.65468750000002,921,77.0,625.0,215.0,23.0,529,0
5339352233,13112,世田谷区,35.60729166666667,139.6515625,1538,137.0,1107.0,293.0,29.0,888,0
5339352234,13112,世田谷区,35.60729166666667,139.65468750000002,1484,135.0,1086.0,263.0,43.0,876,0
5339352241,13112,世田谷区,35.60520833333334,139.6578125,1316,164.0,902.0,250.0,30.0,670,0
5339352242,13112,世田谷区,35.60520833333334,139.66093750000002,1137,109.0,758.0,264.0,25.0,635,0
5339352243,13112,世田谷区,35.60729166666667,139.6578125,1124,151.0,736.0,237.0,24.0,551,0
5339352244,13112,世田谷区,35.60729166666667,139.66093750000002,499,41.0,287.0,170.0,7.0,240,0
5339352311,13112,世田谷区,35.60104166666667,139.6640625,752,105.0,523.0,124.0,36.0,384,0
5339352312,13112,世田谷区,35.60104166666667,139.6671875,717,72.0,503.0,142.0,28.0,364,0
5339352313,13112,世田谷区,35.603125,139.6640625,856,79.0,572.0,205.0,39.0,401,0
5339352314,13112,世田谷区,35.603125,139.6671875,922,76.0,647.0,196.0,28.0,511,0
5339352321,13112,世田谷区,35.60104166666667,139.6703125,1236,110.0,853.0,265.0,25.0,653,0
5339352322,13112,世田谷区,35.60104166666667,139.6734375,1399,149.0,924.0,312.0,43.0,729,0
5339352323,13112,世田谷区,35.603125,139.6703125,1251,93.0,868.0,290.0,30.0,728,0
5339352324,13112,世田谷区,35.603125,139.6734375,1733,203.0,1101.0,429.0,34.0,917,0
5339352331,13112,世田谷区,35.60520833333334,139.6640625,1455,136.0,1008.0,298.0,31.0,839,0
5339352332,13112,世田谷区,35.60520833333334,139.6671875,1165,91.0,845.0,229.0,28.0,706,0
5339352333,13112,世田谷区,35.60729166666667,139.6640625,1008,85.0,661.0,257.0,35.0,531,0
5339352334,13110,目黒区,35.60729166666667,139.6671875,383,20.0,258.0,105.0,11.0,244,0
5339352341,13112,世田谷区,35.60520833333334,139.6703125,1267,76.0,900.0,279.0,29.0,821,0
5339352342,13112,世田谷区,35.60520833333334,139.6734375,1223,129.0,842.0,217.0,47.0,714,0
5339352343,13110,目黒区,35.60729166666667,139.6703125,760,51.0,539.0,162.0,22.0,475,0
5339352344,13112,世田谷区,35.60729166666667,139.6734375,1011,94.0,638.0,279.0,22.0,522,0
5339352411,13112,世田谷区,35.60104166666667,139.67656250000002,1116,138.0,723.0,255.0,14.0,509,0
5339352412,13112,世田谷区,35.60104166666667,139.67968750000003,1058,144.0,694.0,209.0,13.0,492,0
5339352413,13112,世田谷区,35.603125,139.67656250000002,1372,109.0,939.0,324.0,40.0,749,0
5339352414,13112,世田谷区,35.603125,139.67968750000003,1070,97.0,693.0,280.0,16.0,562,0
5339352421,13111,大田区,35.60104166666667,139.6828125,928,81.0,574.0,244.0,29.0,468,0
5339352422,13111,大田区,35.60104166666667,139.68593750000002,1144,133.0,725.0,233.0,63.0,570,0
5339352423,13111,大田区,35.603125,139.6828125,622,53.0,334.0,214.0,14.0,306,0
5339352424,13111,大田区,35.603125,139.68593750000002,1245,133.0,766.0,284.0,22.0,669,0
5339352431,13112,世田谷区,35.60520833333334,139.67656250000002,1211,107.0,838.0,266.0,24.0,651,0
5339352432,13110,目黒区,35.60520833333334,139.67968750000003,961,81.0,652.0,228.0,24.0,566,0
5339352433,13112,世田谷区,35.60729166666667,139.67656250000002,1263,130.0,860.0,269.0,31.0,687,0
5339352434,13110,目黒区,35.60729166666667,139.67968750000003,488,27.0,330.0,130.0,13.0,279,0
5339352441,13111,大田区,35.60520833333334,139.6828125,2,,,,,1,2
5339352442,13111,大田区,35.60520833333334,139.68593750000002,1558,120.0,1028.0,289.0,37.0,968,1
5339352443,13110,目黒区,35.60729166666667,139.6828125,573,50.0,407.0,114.0,12.0,333,0
5339352444,13111,大田区,35.60729166666667,139.68593750000002,1196,77.0,680.0,359.0,43.0,719,0
5339352511,13111,大田区,35.60104166666667,139.6890625,724,117.0,469.0,126.0,22.0,308,0
5339352512,13111,大田区,35.60104166666667,139.69218750000002,359,29.0,234.0,65.0,9.0,211,0
5339352513,13111,大田区,35.603125,139.6890625,486,70.0,299.0,103.0,13.0,224,0
5339352514,13111,大田区,35.603125,139.69218750000002,749,78.0,474.0,168.0,55.0,368,0
5339352521,13111,大田区,35.60104166666667,139.6953125,1473,128.0,979.0,293.0,45.0,851,0
5339352522,13111,大田区,35.60104166666667,139.6984375,1237,85.0,851.0,242.0,37.0,737,0
5339352523,13111,大田区,35.603125,139.6953125,1298,151.0,749.0,318.0,24.0,675,0
5339352524,13111,大田区,35.603125,139.6984375,1580,128.0,1001.0,321.0,62.0,956,0
5339352531,13111,大田区,35.60520833333334,139.6890625,1206,141.0,759.0,258.0,15.0,606,0
5339352532,13111,大田区,35.60520833333334,139.69218750000002,1111,189.0,697.0,205.0,16.0,486,0
5339352533,13111,大田区,35.60729166666667,139.6890625,1158,114.0,715.0,273.0,34.0,603,0
5339352534,13111,大田区,35.60729166666667,139.69218750000002,1519,180.0,1021.0,245.0,34.0,821,0
5339352541,13111,大田区,35.60520833333334,139.6953125,1505,171.0,961.0,296.0,33.0,831,0
5339352542,13109,品川区,35.60520833333334,139.6984375,1539,131.0,998.0,327.0,33.0,916,0
5339352543,13111,大田区,35.60729166666667,139.6953125,1561,145.0,1042.0,305.0,32.0,847,0
5339352544,13109,品川区,35.60729166666667,139.6984375,1040,163.0,668.0,185.0,14.0,463,0
5339352611,13111,大田区,35.60104166666667,139.7015625,1738,192.0,1078.0,375.0,31.0,942,0
5339352612,13111,大田区,35.60104166666667,139.7046875,1554,155.0,973.0,361.0,27.0,888,0
5339352613,13109,品川区,35.603125,139.7015625,1504,185.0,943.0,315.0,27.0,786,0
5339352614,13109,品川区,35.603125,139.7046875,2091,219.0,1302.0,436.0,42.0,1257,0
5339352621,13109,品川区,35.60104166666667,139.7078125,1847,176.0,1190.0,397.0,27.0,1037,0
5339352622,13109,品川区,35.60104166666667,139.7109375,2121,244.0,1316.0,470.0,38.0,1054,0
5339352623,13109,品川区,35.603125,139.7078125,1637,117.0,1096.0,325.0,29.0,1080,0
5339352624,13109,品川区,35.603125,139.7109375,1939,176.0,1271.0,381.0,38.0,1182,0
5339352631,13109,品川区,35.60520833333334,139.7015625,2134,230.0,1419.0,350.0,41.0,1275,0
5339352632,13109,品川区,35.60520833333334,139.7046875,1317,93.0,885.0,264.0,22.0,838,0
5339352633,13109,品川区,35.60729166666667,139.7015625,943,80.0,629.0,187.0,30.0,588,0
5339352634,13109,品川区,35.60729166666667,139.7046875,1509,104.0,967.0,286.0,48.0,1027,0
5339352641,13109,品川区,35.60520833333334,139.7078125,1332,161.0,850.0,291.0,11.0,709,0
5339352642,13109,品川区,35.60520833333334,139.7109375,1625,146.0,983.0,426.0,12.0,960,0
5339352643,13109,品川区,35.60729166666667,139.7078125,2067,225.0,1290.0,474.0,45.0,1098,0
5339352644,13109,品川区,35.60729166666667,139.7109375,1837,209.0,1200.0,350.0,17.0,1023,0
5339352711,13109,品川区,35.60104166666667,139.7140625,1749,199.0,1267.0,206.0,22.0,1072,0
5339352712,13109,品川区,35.60104166666667,139.71718750000002,1891,236.0,1164.0,402.0,31.0,1024,0
5339352713,13109,品川区,35.603125,139.7140625,1682,144.0,1172.0,285.0,21.0,1042,0
5339352714,13109,品川区,35.603125,139.71718750000002,1672,153.0,937.0,509.0,28.0,941,0
5339352721,13109,品川区,35.60104166666667,139.7203125,1440,125.0,943.0,313.0,44.0,842,0
5339352722,13109,品川区,35.60104166666667,139.72343750000002,2106,232.0,1399.0,404.0,33.0,1106,0
5339352723,13109,品川区,35.603125,139.7203125,1965,141.0,1235.0,498.0,24.0,1150,0
5339352724,13109,品川区,35.603125,139.72343750000002,1135,119.0,759.0,171.0,27.0,671,0
5339352731,13109,品川区,35.60520833333334,139.7140625,1825,197.0,1216.0,303.0,24.0,1105,0
5339352732,13109,品川区,35.60520833333334,139.71718750000002,1800,174.0,1145.0,407.0,26.0,1033,0
5339352733,13109,品川区,35.60729166666667,139.7140625,1675,183.0,1083.0,338.0,41.0,923,0
5339352734,13109,品川区,35.60729166666667,139.71718750000002,1862,173.0,1203.0,388.0,36.0,1095,0
5339352741,13109,品川区,35.60520833333334,139.7203125,1718,160.0,1004.0,517.0,26.0,901,0
5339352742,13109,品川区,35.60520833333334,139.72343750000002,1120,84.0,682.0,310.0,10.0,623,0
5339352743,13109,品川区,35.60729166666667,139.7203125,1772,169.0,1085.0,470.0,35.0,958,0
5339352744,13109,品川区,35.60729166666667,139.72343750000002,1333,108.0,850.0,316.0,21.0,772,0
5339352811,13109,品川区,35.60104166666667,139.7265625,1337,157.0,872.0,261.0,22.0,717,0
5339352812,13109,品川区,35.60104166666667,139.7296875,2595,370.0,1760.0,404.0,36.0,1171,0
5339352813,13109,品川区,35.603125,139.7265625,1248,153.0,812.0,240.0,32.0,707,0
5339352814,13109,品川区,35.603125,139.7296875,2276,305.0,1557.0,305.0,49.0,1234,0
5339352821,13109,品川区,35.60104166666667,139.7328125,1466,147.0,888.0,362.0,47.0,833,0
5339352822,13109,品川区,35.60104166666667,139.7359375,1656,197.0,1097.0,294.0,45.0,884,0
5339352823,13109,品川区,35.603125,139.7328125,2302,142.0,1537.0,357.0,42.0,1660,0
5339352824,13109,品川区,35.603125,139.7359375,1409,122.0,924.0,263.0,38.0,889,0
5339352831,13109,品川区,35.60520833333334,139.7265625,1902,160.0,1216.0,438.0,36.0,1138,0
5339352832,13109,品川区,35.60520833333334,139.7296875,2562,293.0,1614.0,494.0,84.0,1469,0
5339352833,13109,品川区,35.60729166666667,139.7265625,1584,214.0,928.0,373.0,25.0,752,0
5339352834,13109,品川区,35.60729166666667,139.7296875,2257,294.0,1522.0,327.0,66.0,1250,0
5339352841,13109,品川区,35.60520833333334,139.7328125,1835,146.0,1255.0,222.0,73.0,1229,0
5339352842,13109,品川区,35.60520833333334,139.7359375,1165,147.0,781.0,169.0,12.0,652,0
5339352843,13109,品川区,35.60729166666667,139.7328125,915,58.0,585.0,156.0,55.0,626,0
5339352844,13109,品川区,35.60729166666667,139.7359375,1200,112.0,804.0,166.0,14.0,757,0
5339352911,13109,品川区,35.60104166666667,139.73906250000002,1518,174.0,1004.0,275.0,39.0,858,0
5339352912,13109,品川区,35.60104166666667,139.74218750000003,652,54.0,451.0,119.0,13.0,401,0
5339352913,13109,品川区,35.603125,139.73906250000002,1440,104.0,972.0,269.0,57.0,952,0
5339352914,13109,品川区,35.603125,139.74218750000003,1540,174.0,1032.0,239.0,51.0,934,0
5339352921,13109,品川区,35.60104166666667,139.7453125,808,248.0,524.0,31.0,93.0,268,0
5339352923,13109,品川区,35.603125,139.7453125,551,43.0,359.0,133.0,12.0,263,0
5339352931,13109,品川区,35.60520833333334,139.73906250000002,2060,199.0,1373.0,352.0,42.0,1274,0
5339352932,13109,品川区,35.60520833333334,139.74218750000003,1468,181.0,980.0,257.0,49.0,763,0
5339352933,13109,品川区,35.60729166666667,139.73906250000002,3218,448.0,2138.0,424.0,101.0,1781,0
5339352934,13109,品川区,35.60729166666667,139.74218750000003,1719,230.0,1141.0,272.0,12.0,866,0
5339352941,13109,品川区,35.60520833333334,139.7453125,1309,179.0,916.0,202.0,23.0,570,0
5339352942,13109,品川区,35.60520833333334,139.74843750000002,1465,300.0,964.0,195.0,53.0,593,0
5339352943,13109,品川区,35.60729166666667,139.7453125,1336,174.0,940.0,169.0,46.0,727,0
5339352944,13109,品川区,35.60729166666667,139.74843750000002,3107,637.0,2279.0,114.0,231.0,1388,0
5339353011,13112,世田谷区,35.609375,139.6265625,59,13.0,40.0,6.0,0.0,26,0
5339353012,13112,世田谷区,35.609375,139.62968750000002,1334,215.0,872.0,203.0,46.0,628,0
5339353013,13112,世田谷区,35.61145833333333,139.6265625,1113,144.0,702.0,261.0,27.0,554,0
5339353014,13112,世田谷区,35.61145833333333,139.62968750000002,197,29.0,128.0,40.0,13.0,110,0
5339353021,13112,世田谷区,35.609375,139.6328125,1392,293.0,877.0,222.0,64.0,603,0
5339353022,13112,世田谷区,35.609375,139.6359375,1045,138.0,724.0,183.0,22.0,450,0
5339353023,13112,世田谷区,35.61145833333333,139.6328125,1005,141.0,694.0,169.0,42.0,501,0
5339353024,13112,世田谷区,35.61145833333333,139.6359375,286,33.0,173.0,80.0,9.0,140,0
5339353031,13112,世田谷区,35.61354166666667,139.6265625,208,12.0,124.0,72.0,5.0,124,0
5339353032,13112,世田谷区,35.61354166666667,139.62968750000002,1038,108.0,671.0,255.0,39.0,539,0
5339353033,13112,世田谷区,35.615625,139.6265625,659,62.0,456.0,140.0,20.0,380,0
5339353034,13112,世田谷区,35.615625,139.62968750000002,1045,146.0,697.0,202.0,31.0,483,0
5339353041,13112,世田谷区,35.61354166666667,139.6328125,526,81.0,335.0,102.0,41.0,227,0
5339353042,13112,世田谷区,35.61354166666667,139.6359375,901,109.0,555.0,237.0,17.0,457,0
5339353043,13112,世田谷区,35.615625,139.6328125,738,161.0,480.0,97.0,46.0,285,0
5339353044,13112,世田谷区,35.615625,139.6359375,1144,159.0,804.0,181.0,67.0,605,0
5339353111,13112,世田谷区,35.609375,139.6390625,884,89.0,558.0,237.0,25.0,425,0
5339353112,13112,世田谷区,35.609375,139.6421875,924,114.0,597.0,213.0,22.0,446,0
5339353113,13112,世田谷区,35.61145833333333,139.6390625,940,75.0,655.0,201.0,36.0,547,0
5339353114,13112,世田谷区,35.61145833333333,139.6421875,781,106.0,552.0,123.0,14.0,396,0
5339353121,13112,世田谷区,35.609375,139.6453125,953,129.0,665.0,159.0,22.0,478,0
5339353122,13112,世田谷区,35.609375,139.6484375,676,54.0,472.0,150.0,11.0,376,0
5339353123,13112,世田谷区,35.61145833333333,139.6453125,775,75.0,509.0,191.0,25.0,382,0
5339353124,13112,世田谷区,35.61145833333333,139.6484375,1032,107.0,666.0,259.0,23.0,539,0
5339353131,13112,世田谷区,35.61354166666667,139.6390625,1686,167.0,1132.0,373.0,46.0,931,0
5339353132,13112,世田谷区,35.61354166666667,139.6421875,1205,153.0,773.0,270.0,36.0,575,0
5339353133,13112,世田谷区,35.615625,139.6390625,1529,219.0,958.0,351.0,31.0,662,0
5339353134,13112,世田谷区,35.615625,139.6421875,953,85.0,672.0,196.0,26.0,443,0
5339353141,13112,世田谷区,35.61354166666667,139.6453125,865,118.0,591.0,156.0,16.0,423,0
5339353142,13112,世田谷区,35.61354166666667,139.6484375,1110,137.0,765.0,207.0,23.0,571,0
5339353143,13112,世田谷区,35.615625,139.6453125,990,135.0,657.0,198.0,13.0,457,0
5339353144,13112,世田谷区,35.615625,139.6484375,1093,174.0,699.0,220.0,20.0,474,0
5339353211,13112,世田谷区,35.609375,139.6515625,1010,107.0,697.0,206.0,37.0,574,0
5339353212,13112,世田谷区,35.609375,139.65468750000002,900,103.0,592.0,205.0,9.0,429,0
5339353213,13112,世田谷区,35.61145833333333,139.6515625,835,106.0,556.0,173.0,13.0,367,0
5339353214,13112,世田谷区,35.61145833333333,139.65468750000002,1020,155.0,662.0,203.0,22.0,481,0
5339353221,13112,世田谷区,35.609375,139.6578125,926,142.0,636.0,148.0,17.0,438,0
5339353222,13112,世田谷区,35.609375,139.66093750000002,490,44.0,296.0,150.0,14.0,250,0
5339353223,13112,世田谷区,35.61145833333333,139.6578125,1354,203.0,937.0,207.0,14.0,679,0
5339353224,13112,世田谷区,35.61145833333333,139.66093750000002,997,96.0,684.0,217.0,28.0,552,0
5339353231,13112,世田谷区,35.61354166666667,139.6515625,745,116.0,519.0,110.0,15.0,324,0
5339353232,13112,世田谷区,35.61354166666667,139.65468750000002,1383,203.0,949.0,210.0,23.0,635,0
5339353233,13112,世田谷区,35.615625,139.6515625,1132,179.0,717.0,228.0,31.0,492,0
5339353234,13112,世田谷区,35.615625,139.65468750000002,1063,161.0,681.0,167.0,35.0,488,0
5339353241,13112,世田谷区,35.61354166666667,139.6578125,1566,226.0,911.0,256.0,24.0,644,0
5339353242,13112,世田谷区,35.61354166666667,139.66093750000002,1129,116.0,760.0,236.0,34.0,563,0
5339353243,13112,世田谷区,35.615625,139.6578125,1537,250.0,990.0,278.0,24.0,670,0
5339353244,13112,世田谷区,35.615625,139.66093750000002,1396,213.0,866.0,305.0,30.0,620,0
5339353311,13110,目黒区,35.609375,139.6640625,1167,88.0,856.0,223.0,37.0,712,0
5339353312,13110,目黒区,35.609375,139.6671875,664,52.0,436.0,176.0,16.0,374,0
5339353313,13110,目黒区,35.61145833333333,139.6640625,948,80.0,633.0,227.0,36.0,498,0
5339353314,13110,目黒区,35.61145833333333,139.6671875,822,81.0,563.0,178.0,29.0,442,0
5339353321,13110,目黒区,35.609375,139.6703125,911,77.0,639.0,195.0,29.0,571,0
5339353322,13110,目黒区,35.609375,139.6734375,1261,132.0,872.0,255.0,33.0,718,0
5339353323,13110,目黒区,35.61145833333333,139.6703125,1115,96.0,800.0,219.0,31.0,638,0
5339353324,13110,目黒区,35.61145833333333,139.6734375,1003,103.0,658.0,242.0,17.0,489,0
5339353331,13110,目黒区,35.61354166666667,139.6640625,983,128.0,633.0,215.0,42.0,485,0
5339353332,13110,目黒区,35.61354166666667,139.6671875,1503,167.0,1030.0,306.0,61.0,767,0
5339353333,13110,目黒区,35.615625,139.6640625,1138,192.0,753.0,193.0,38.0,487,0
5339353334,13110,目黒区,35.615625,139.6671875,1046,163.0,713.0,170.0,34.0,478,0
5339353341,13110,目黒区,35.61354166666667,139.6703125,1208,106.0,843.0,252.0,55.0,632,0
5339353342,13110,目黒区,35.61354166666667,139.6734375,997,107.0,661.0,219.0,14.0,522,0
5339353343,13110,目黒区,35.615625,139.6703125,1648,170.0,1142.0,318.0,47.0,887,0
5339353344,13110,目黒区,35.615625,139.6734375,1257,127.0,871.0,244.0,34.0,688,0
5339353411,13110,目黒区,35.609375,139.67656250000002,1425,109.0,993.0,314.0,35.0,806,0
5339353412,13110,目黒区,35.609375,139.67968750000003,1259,161.0,856.0,233.0,39.0,612,0
5339353413,13110,目黒区,35.61145833333333,139.67656250000002,994,123.0,672.0,199.0,28.0,464,0
5339353414,13110,目黒区,35.61145833333333,139.67968750000003,1320,186.0,854.0,277.0,55.0,617,0
5339353421,13110,目黒区,35.609375,139.6828125,1568,147.0,1086.0,331.0,56.0,844,0
5339353422,13111,大田区,35.609375,139.68593750000002,1545,87.0,1050.0,273.0,56.0,1018,0
5339353423,13110,目黒区,35.61145833333333,139.6828125,1440,141.0,942.0,349.0,37.0,717,0
5339353424,13111,大田区,35.61145833333333,139.68593750000002,1632,139.0,1053.0,348.0,72.0,966,0
5339353431,13110,目黒区,35.61354166666667,139.67656250000002,1220,120.0,897.0,193.0,49.0,733,0
5339353432,13110,目黒区,35.61354166666667,139.67968750000003,1506,141.0,1041.0,298.0,35.0,848,0
5339353433,13110,目黒区,35.615625,139.67656250000002,1642,130.0,1181.0,301.0,54.0,1013,0
5339353434,13110,目黒区,35.615625,139.67968750000003,1339,174.0,875.0,266.0,45.0,679,0
5339353441,13110,目黒区,35.61354166666667,139.6828125,1586,164.0,1090.0,320.0,48.0,829,0
5339353442,13110,目黒区,35.61354166666667,139.68593750000002,1350,140.0,948.0,247.0,42.0,748,0
5339353443,13110,目黒区,35.615625,139.6828125,1279,156.0,915.0,189.0,20.0,655,0
5339353444,13110,目黒区,35.615625,139.68593750000002,1576,222.0,1051.0,283.0,29.0,757,0
5339353511,13111,大田区,35.609375,139.6890625,841,118.0,525.0,174.0,24.0,403,0
5339353512,13111,大田区,35.609375,139.69218750000002,1261,101.0,853.0,217.0,23.0,776,0
5339353513,13110,目黒区,35.61145833333333,139.6890625,1444,194.0,978.0,249.0,38.0,701,0
5339353514,13110,目黒区,35.61145833333333,139.69218750000002,1039,69.0,680.0,271.0,32.0,567,0
5339353521,13110,目黒区,35.609375,139.6953125,1128,112.0,743.0,255.0,24.0,607,0
5339353522,13109,品川区,35.609375,139.6984375,907,108.0,565.0,218.0,9.0,402,0
5339353523,13110,目黒区,35.61145833333333,139.6953125,1124,97.0,734.0,273.0,23.0,611,0
5339353524,13109,品川区,35.61145833333333,139.6984375,1072,161.0,677.0,206.0,32.0,480,0
5339353531,13110,目黒区,35.61354166666667,139.6890625,1060,89.0,713.0,254.0,15.0,598,0
5339353532,13110,目黒区,35.61354166666667,139.69218750000002,1302,136.0,842.0,312.0,24.0,670,0
5339353533,13110,目黒区,35.615625,139.6890625,1577,216.0,1023.0,321.0,26.0,707,0
5339353534,13110,目黒区,35.615625,139.69218750000002,1751,232.0,1146.0,369.0,26.0,862,0
5339353541,13110,目黒区,35.61354166666667,139.6953125,1306,114.0,802.0,349.0,32.0,734,0
5339353542,13109,品川区,35.61354166666667,139.6984375,2377,206.0,1519.0,528.0,78.0,1458,0
5339353543,13110,目黒区,35.615625,139.6953125,1669,128.0,1138.0,385.0,36.0,949,0
5339353544,13109,品川区,35.615625,139.6984375,1791,147.0,1276.0,303.0,44.0,1135,0
5339353611,13109,品川区,35.609375,139.7015625,824,91.0,520.0,190.0,9.0,400,0
5339353612,13109,品川区,35.609375,139.7046875,831,66.0,544.0,166.0,11.0,531,0
5339353613,13109,品川区,35.61145833333333,139.7015625,1810,238.0,1098.0,423.0,22.0,915,0
5339353614,13109,品川区,35.61145833333333,139.7046875,2069,271.0,1373.0,283.0,51.0,1161,0
5339353621,13109,品川区,35.609375,139.7078125,1967,287.0,1213.0,380.0,37.0,1031,0
5339353622,13109,品川区,35.609375,139.7109375,1888,172.0,1265.0,343.0,21.0,1098,0
5339353623,13109,品川区,35.61145833333333,139.7078125,1726,177.0,1089.0,368.0,32.0,985,0
5339353624,13109,品川区,35.61145833333333,139.7109375,2163,251.0,1283.0,543.0,37.0,1175,0
5339353631,13109,品川区,35.61354166666667,139.7015625,2324,281.0,1515.0,420.0,32.0,1349,0
5339353632,13109,品川区,35.61354166666667,139.7046875,1971,171.0,1277.0,357.0,40.0,1209,0
5339353633,13109,品川区,35.615625,139.7015625,1786,198.0,1216.0,269.0,50.0,1066,0
5339353634,13109,品川区,35.615625,139.7046875,1644,155.0,1082.0,338.0,17.0,898,0
5339353641,13109,品川区,35.61354166666667,139.7078125,1894,178.0,1271.0,330.0,48.0,1157,0
5339353642,13109,品川区,35.61354166666667,139.7109375,2142,194.0,1316.0,549.0,40.0,1178,0
5339353643,13109,品川区,35.615625,139.7078125,2530,306.0,1654.0,428.0,44.0,1389,0
5339353644,13109,品川区,35.615625,139.7109375,1850,152.0,1238.0,389.0,36.0,1068,0
5339353711,13109,品川区,35.609375,139.7140625,2230,215.0,1481.0,418.0,48.0,1296,0
5339353712,13109,品川区,35.609375,139.71718750000002,1599,139.0,1043.0,349.0,36.0,906,0
5339353713,13109,品川区,35.61145833333333,139.7140625,2206,230.0,1526.0,348.0,43.0,1307,0
5339353714,13109,品川区,35.61145833333333,139.71718750000002,2228,236.0,1388.0,438.0,25.0,1326,0
5339353721,13109,品川区,35.609375,139.7203125,945,127.0,629.0,148.0,17.0,509,0
5339353722,13109,品川区,35.609375,139.72343750000002,1443,152.0,889.0,343.0,29.0,792,0
5339353723,13109,品川区,35.61145833333333,139.7203125,1048,125.0,636.0,246.0,15.0,564,0
5339353724,13109,品川区,35.61145833333333,139.72343750000002,1752,220.0,1091.0,397.0,19.0,855,0
5339353731,13109,品川区,35.61354166666667,139.7140625,1881,183.0,1218.0,380.0,53.0,1146,0
5339353732,13109,品川区,35.61354166666667,139.71718750000002,2159,203.0,1426.0,392.0,34.0,1277,0
5339353733,13109,品川区,35.615625,139.7140625,1678,158.0,1107.0,361.0,44.0,959,0
5339353734,13109,品川区,35.615625,139.71718750000002,2061,125.0,1415.0,380.0,66.0,1363,0
5339353741,13109,品川区,35.61354166666667,139.7203125,1757,146.0,1081.0,463.0,32.0,1013,0
5339353742,13109,品川区,35.61354166666667,139.72343750000002,2134,209.0,1340.0,491.0,26.0,1176,0
5339353743,13109,品川区,35.615625,139.7203125,1958,161.0,1302.0,393.0,27.0,1267,0
5339353744,13109,品川区,35.615625,139.72343750000002,1368,164.0,834.0,284.0,23.0,748,0
5339353811,13109,品川区,35.609375,139.7265625,649,55.0,370.0,185.0,6.0,364,0
5339353812,13109,品川区,35.609375,139.7296875,700,98.0,458.0,97.0,18.0,332,0
5339353813,13109,品川区,35.61145833333333,139.7265625,1949,208.0,1218.0,432.0,68.0,1043,0
5339353814,13109,品川区,35.61145833333333,139.7296875,1681,163.0,1084.0,369.0,22.0,853,0
5339353822,13109,品川区,35.609375,139.7359375,1181,74.0,788.0,204.0,36.0,810,0
5339353824,13109,品川区,35.61145833333333,139.7359375,905,103.0,635.0,111.0,17.0,537,0
5339353831,13109,品川区,35.61354166666667,139.7265625,2101,214.0,1389.0,355.0,88.0,1272,0
5339353832,13109,品川区,35.61354166666667,139.7296875,1580,137.0,1083.0,235.0,54.0,964,0
5339353833,13109,品川区,35.615625,139.7265625,2737,344.0,1876.0,384.0,95.0,1489,0
5339353834,13109,品川区,35.615625,139.7296875,1049,113.0,665.0,199.0,36.0,591,0
5339353841,13109,品川区,35.61354166666667,139.7328125,141,14.0,103.0,22.0,0.0,67,0
5339353842,13109,品川区,35.61354166666667,139.7359375,835,110.0,561.0,115.0,25.0,479,1
5339353844,13109,品川区,35.615625,139.7359375,11,,,,,11,2
5339353911,13109,品川区,35.609375,139.73906250000002,1998,186.0,1203.0,487.0,33.0,1106,0
5339353912,13109,品川区,35.609375,139.74218750000003,1601,159.0,964.0,376.0,25.0,923,0
5339353913,13109,品川区,35.61145833333333,139.73906250000002,1703,112.0,1194.0,272.0,66.0,1099,0
5339353914,13109,品川区,35.61145833333333,139.74218750000003,1291,119.0,857.0,232.0,39.0,810,0
5339353921,13109,品川区,35.609375,139.7453125,3585,696.0,2358.0,360.0,149.0,1699,0
5339353922,13109,品川区,35.609375,139.74843750000002,1031,125.0,735.0,120.0,58.0,547,0
5339353923,13109,品川区,35.61145833333333,139.7453125,1768,173.0,1187.0,327.0,29.0,964,1
5339353924,13109,品川区,35.61145833333333,139.74843750000002,13,,,,,10,2
5339353931,13109,品川区,35.61354166666667,139.73906250000002,1950,161.0,1261.0,404.0,49.0,1229,0
5339353932,13109,品川区,35.61354166666667,139.74218750000003,996,73.0,611.0,198.0,29.0,672,0
5339353933,13109,品川区,35.615625,139.73906250000002,1364,317.0,832.0,156.0,20.0,606,0
5339353934,13109,品川区,35.615625,139.74218750000003,839,57.0,552.0,181.0,16.0,505,0
5339353941,13109,品川区,35.61354166666667,139.7453125,2962,296.0,1897.0,628.0,69.0,1625,0
5339353942,13109,品川区,35.61354166666667,139.74843750000002,2087,245.0,1186.0,641.0,66.0,952,0
5339353943,13109,品川区,35.615625,139.7453125,2050,261.0,1317.0,377.0,45.0,1021,0
5339353944,13109,品川区,35.615625,139.74843750000002,3263,545.0,2249.0,400.0,89.0,1452,0
5339354011,13112,世田谷区,35.61770833333333,139.6265625,1461,193.0,911.0,347.0,51.0,705,0
5339354012,13112,世田谷区,35.61770833333333,139.62968750000002,853,104.0,527.0,222.0,18.0,386,0
5339354013,13112,世田谷区,35.619791666666664,139.6265625,544,81.0,327.0,112.0,4.0,217,0
5339354014,13112,世田谷区,35.619791666666664,139.62968750000002,1488,246.0,984.0,183.0,43.0,701,0
5339354021,13112,世田谷区,35.61770833333333,139.6328125,535,75.0,327.0,133.0,32.0,211,0
5339354022,13112,世田谷区,35.61770833333333,139.6359375,1186,180.0,776.0,228.0,26.0,570,0
5339354023,13112,世田谷区,35.619791666666664,139.6328125,1598,195.0,1122.0,268.0,59.0,821,0
5339354024,13112,世田谷区,35.619791666666664,139.6359375,1524,220.0,946.0,350.0,35.0,689,0
5339354031,13112,世田谷区,35.621875,139.6265625,859,133.0,521.0,205.0,19.0,368,0
5339354032,13112,世田谷区,35.621875,139.62968750000002,1620,165.0,1213.0,237.0,56.0,1003,0
5339354033,13112,世田谷区,35.623958333333334,139.6265625,784,106.0,468.0,200.0,32.0,351,0
5339354034,13112,世田谷区,35.623958333333334,139.62968750000002,1270,133.0,835.0,302.0,31.0,659,0
5339354041,13112,世田谷区,35.621875,139.6328125,1359,116.0,1032.0,200.0,45.0,803,0
5339354042,13112,世田谷区,35.621875,139.6359375,1198,203.0,839.0,155.0,42.0,537,0
5339354043,13112,世田谷区,35.623958333333334,139.6328125,1224,105.0,875.0,240.0,44.0,709,0
5339354044,13112,世田谷区,35.623958333333334,139.6359375,1309,141.0,968.0,200.0,39.0,685,0
5339354111,13112,世田谷区,35.61770833333333,139.6390625,1025,112.0,638.0,275.0,27.0,523,0
5339354112,13112,世田谷区,35.61770833333333,139.6421875,1041,156.0,658.0,227.0,17.0,454,0
5339354113,13112,世田谷区,35.619791666666664,139.6390625,1336,155.0,886.0,295.0,36.0,635,0
5339354114,13112,世田谷区,35.619791666666664,139.6421875,1161,138.0,678.0,331.0,22.0,548,0
5339354121,13112,世田谷区,35.61770833333333,139.6453125,610,114.0,375.0,121.0,23.0,245,0
5339354122,13112,世田谷区,35.61770833333333,139.6484375,394,52.0,271.0,71.0,8.0,171,0
5339354123,13112,世田谷区,35.619791666666664,139.6453125,904,133.0,583.0,188.0,47.0,398,0
5339354124,13112,世田谷区,35.619791666666664,139.6484375,838,95.0,538.0,205.0,10.0,369,0
5339354131,13112,世田谷区,35.621875,139.6390625,1354,206.0,917.0,231.0,56.0,589,0
5339354132,13112,世田谷区,35.621875,139.6421875,1331,162.0,729.0,437.0,66.0,339,0
5339354133,13112,世田谷区,35.623958333333334,139.6390625,1097,198.0,773.0,118.0,34.0,528,0
5339354134,13112,世田谷区,35.623958333333334,139.6421875,753,158.0,488.0,107.0,34.0,283,0
5339354141,13112,世田谷区,35.621875,139.6453125,744,111.0,449.0,166.0,21.0,324,0
5339354142,13112,世田谷区,35.621875,139.6484375,803,138.0,559.0,83.0,39.0,378,0
5339354143,13112,世田谷区,35.623958333333334,139.6453125,810,137.0,499.0,174.0,51.0,304,0
5339354144,13112,世田谷区,35.623958333333334,139.6484375,627,114.0,392.0,120.0,29.0,259,0
5339354211,13112,世田谷区,35.61770833333333,139.6515625,1679,224.0,1071.0,384.0,38.0,744,0
5339354212,13112,世田谷区,35.61770833333333,139.65468750000002,1047,142.0,681.0,214.0,14.0,456,0
5339354213,13112,世田谷区,35.619791666666664,139.6515625,1297,150.0,902.0,234.0,13.0,535,0
5339354214,13112,世田谷区,35.619791666666664,139.65468750000002,1066,161.0,667.0,238.0,10.0,466,0
5339354221,13112,世田谷区,35.61770833333333,139.6578125,1193,158.0,758.0,269.0,23.0,538,0
5339354222,13112,世田谷区,35.61770833333333,139.66093750000002,944,149.0,615.0,180.0,10.0,432,0
5339354223,13112,世田谷区,35.619791666666664,139.6578125,300,40.0,207.0,53.0,3.0,119,0
5339354224,13112,世田谷区,35.619791666666664,139.66093750000002,1108,148.0,734.0,226.0,21.0,459,0
5339354231,13112,世田谷区,35.621875,139.6515625,765,104.0,457.0,148.0,11.0,337,0
5339354232,13112,世田谷区,35.621875,139.65468750000002,999,142.0,644.0,191.0,22.0,491,0
5339354233,13112,世田谷区,35.623958333333334,139.6515625,754,84.0,528.0,142.0,17.0,349,0
5339354234,13112,世田谷区,35.623958333333334,139.65468750000002,865,122.0,585.0,158.0,31.0,411,0
5339354241,13112,世田谷区,35.621875,139.6578125,857,130.0,558.0,169.0,18.0,363,0
5339354242,13112,世田谷区,35.621875,139.66093750000002,773,102.0,494.0,155.0,18.0,335,0
5339354243,13112,世田谷区,35.623958333333334,139.6578125,1055,145.0,667.0,243.0,19.0,497,0
5339354244,13112,世田谷区,35.623958333333334,139.66093750000002,119,13.0,90.0,15.0,5.0,62,0
5339354311,13112,世田谷区,35.61770833333333,139.6640625,935,174.0,581.0,175.0,27.0,390,0
5339354312,13110,目黒区,35.61770833333333,139.6671875,1163,131.0,758.0,272.0,28.0,534,0
5339354313,13112,世田谷区,35.619791666666664,139.6640625,1795,244.0,1028.0,429.0,55.0,678,0
5339354314,13110,目黒区,35.619791666666664,139.6671875,1374,200.0,870.0,302.0,23.0,595,0
5339354321,13110,目黒区,35.61770833333333,139.6703125,974,107.0,611.0,245.0,25.0,472,0
5339354322,13110,目黒区,35.61770833333333,139.6734375,1906,163.0,1376.0,364.0,62.0,1187,0
5339354323,13110,目黒区,35.619791666666664,139.6703125,883,128.0,583.0,169.0,21.0,396,0
5339354324,13110,目黒区,35.619791666666664,139.6734375,1004,118.0,626.0,251.0,14.0,513,0
5339354331,13112,世田谷区,35.621875,139.6640625,1034,161.0,671.0,198.0,15.0,430,0
5339354332,13110,目黒区,35.621875,139.6671875,1338,225.0,900.0,209.0,27.0,591,0
5339354333,13110,目黒区,35.623958333333334,139.6640625,112,16.0,73.0,23.0,0.0,48,0
5339354334,13110,目黒区,35.623958333333334,139.6671875,776,103.0,502.0,166.0,20.0,353,0
5339354341,13110,目黒区,35.621875,139.6703125,830,114.0,562.0,154.0,16.0,372,0
5339354342,13110,目黒区,35.621875,139.6734375,902,85.0,536.0,269.0,19.0,469,0
5339354343,13110,目黒区,35.623958333333334,139.6703125,721,85.0,471.0,162.0,25.0,323,0
5339354344,13110,目黒区,35.623958333333334,139.6734375,992,138.0,661.0,191.0,13.0,425,0
5339354411,13110,目黒区,35.61770833333333,139.67656250000002,1426,92.0,1019.0,280.0,50.0,931,0
5339354412,13110,目黒区,35.61770833333333,139.67968750000003,1026,93.0,652.0,259.0,26.0,545,0
5339354413,13110,目黒区,35.619791666666664,139.67656250000002,1557,201.0,1017.0,328.0,26.0,796,0
5339354414,13110,目黒区,35.619791666666664,139.67968750000003,1315,135.0,921.0,242.0,27.0,728,0
5339354421,13110,目黒区,35.61770833333333,139.6828125,1191,118.0,787.0,221.0,28.0,624,0
5339354422,13110,目黒区,35.61770833333333,139.68593750000002,910,88.0,577.0,221.0,15.0,415,0
5339354423,13110,目黒区,35.619791666666664,139.6828125,885,114.0,564.0,183.0,10.0,455,0
5339354424,13110,目黒区,35.619791666666664,139.68593750000002,1133,173.0,738.0,203.0,33.0,481,0
5339354431,13110,目黒区,35.621875,139.67656250000002,997,112.0,623.0,248.0,40.0,486,0
5339354432,13110,目黒区,35.621875,139.67968750000003,1261,123.0,928.0,207.0,22.0,712,0
5339354433,13110,目黒区,35.623958333333334,139.67656250000002,1043,137.0,668.0,235.0,19.0,438,0
5339354434,13110,目黒区,35.623958333333334,139.67968750000003,1295,98.0,911.0,270.0,35.0,745,0
5339354441,13110,目黒区,35.621875,139.6828125,843,86.0,574.0,156.0,19.0,476,0
5339354442,13110,目黒区,35.621875,139.68593750000002,825,116.0,540.0,150.0,26.0,385,0
5339354443,13110,目黒区,35.623958333333334,139.6828125,1388,113.0,1024.0,237.0,44.0,856,0
5339354444,13110,目黒区,35.623958333333334,139.68593750000002,1043,122.0,706.0,201.0,29.0,570,0
5339354511,13110,目黒区,35.61770833333333,139.6890625,1445,195.0,989.0,253.0,27.0,704,0
5339354512,13110,目黒区,35.61770833333333,139.69218750000002,1663,188.0,1075.0,393.0,33.0,809,0
5339354513,13110,目黒区,35.619791666666664,139.6890625,844,142.0,523.0,166.0,16.0,367,0
5339354514,13110,目黒区,35.619791666666664,139.69218750000002,1430,220.0,860.0,312.0,23.0,656,0
5339354521,13110,目黒区,35.61770833333333,139.6953125,1492,145.0,976.0,340.0,26.0,864,0
5339354522,13110,目黒区,35.61770833333333,139.6984375,1769,111.0,1250.0,388.0,68.0,1055,0
5339354523,13110,目黒区,35.619791666666664,139.6953125,1891,191.0,1235.0,441.0,37.0,1011,0
5339354524,13110,目黒区,35.619791666666664,139.6984375,1797,154.0,1209.0,417.0,35.0,1004,0
5339354531,13110,目黒区,35.621875,139.6890625,1656,233.0,1096.0,288.0,23.0,758,0
5339354532,13110,目黒区,35.621875,139.69218750000002,1665,250.0,1039.0,337.0,44.0,788,0
5339354533,13110,目黒区,35.623958333333334,139.6890625,1596,246.0,1099.0,233.0,41.0,818,0
5339354534,13110,目黒区,35.623958333333334,139.69218750000002,1814,214.0,1169.0,389.0,24.0,956,0
5339354541,13110,目黒区,35.621875,139.6953125,1564,170.0,1024.0,340.0,47.0,785,0
5339354542,13110,目黒区,35.621875,139.6984375,2043,168.0,1304.0,541.0,56.0,1108,0
5339354543,13110,目黒区,35.623958333333334,139.6953125,1800,194.0,1130.0,415.0,28.0,924,0
5339354544,13110,目黒区,35.623958333333334,139.6984375,1673,191.0,1088.0,371.0,32.0,855,0
5339354611,13109,品川区,35.61770833333333,139.7015625,1841,190.0,1235.0,319.0,31.0,1079,0
5339354612,13109,品川区,35.61770833333333,139.7046875,2227,250.0,1426.0,419.0,39.0,1286,0
5339354613,13110,目黒区,35.619791666666664,139.7015625,1947,132.0,1366.0,363.0,38.0,1226,0
5339354614,13109,品川区,35.619791666666664,139.7046875,2830,325.0,1677.0,655.0,93.0,1361,0
5339354621,13109,品川区,35.61770833333333,139.7078125,2468,264.0,1670.0,435.0,32.0,1406,0
5339354622,13109,品川区,35.61770833333333,139.7109375,1593,128.0,945.0,462.0,23.0,811,0
5339354623,13109,品川区,35.619791666666664,139.7078125,2179,217.0,1435.0,442.0,48.0,1242,0
5339354624,13109,品川区,35.619791666666664,139.7109375,931,91.0,548.0,265.0,14.0,496,0
5339354631,13110,目黒区,35.621875,139.7015625,1703,114.0,1168.0,397.0,29.0,1022,0
5339354632,13109,品川区,35.621875,139.7046875,1296,112.0,836.0,284.0,13.0,813,0
5339354633,13109,品川区,35.623958333333334,139.7015625,485,36.0,352.0,87.0,11.0,315,0
5339354634,13109,品川区,35.623958333333334,139.7046875,1352,193.0,825.0,296.0,30.0,651,0
5339354641,13109,品川区,35.621875,139.7078125,2003,169.0,1320.0,415.0,39.0,1193,0
5339354642,13109,品川区,35.621875,139.7109375,1840,206.0,1293.0,291.0,34.0,996,0
5339354643,13109,品川区,35.623958333333334,139.7078125,1879,220.0,1189.0,385.0,32.0,1050,0
5339354644,13109,品川区,35.623958333333334,139.7109375,2581,314.0,1758.0,402.0,78.0,1515,0
5339354711,13109,品川区,35.61770833333333,139.7140625,2286,179.0,1568.0,376.0,67.0,1540,0
5339354712,13109,品川区,35.61770833333333,139.71718750000002,1692,152.0,1106.0,339.0,52.0,1029,0
5339354713,13109,品川区,35.619791666666664,139.7140625,1468,218.0,978.0,206.0,17.0,768,0
5339354714,13109,品川区,35.619791666666664,139.71718750000002,2802,200.0,2039.0,297.0,91.0,1997,0
5339354721,13109,品川区,35.61770833333333,139.7203125,1825,157.0,1265.0,326.0,39.0,1090,0
5339354722,13109,品川区,35.61770833333333,139.72343750000002,1791,212.0,1115.0,353.0,45.0,992,0
5339354723,13109,品川区,35.619791666666664,139.7203125,2154,242.0,1449.0,298.0,50.0,1340,0
5339354724,13109,品川区,35.619791666666664,139.72343750000002,1229,136.0,798.0,245.0,29.0,688,0
5339354731,13109,品川区,35.621875,139.7140625,1629,215.0,1126.0,190.0,29.0,955,0
5339354732,13109,品川区,35.621875,139.71718750000002,941,86.0,614.0,207.0,27.0,544,0
5339354733,13109,品川区,35.623958333333334,139.7140625,1478,99.0,979.0,275.0,64.0,975,0
5339354734,13109,品川区,35.623958333333334,139.71718750000002,1304,147.0,845.0,216.0,24.0,745,0
5339354741,13109,品川区,35.621875,139.7203125,1458,66.0,879.0,339.0,77.0,1013,0
5339354742,13109,品川区,35.621875,139.72343750000002,1621,147.0,1067.0,311.0,56.0,937,0
5339354743,13109,品川区,35.623958333333334,139.7203125,1198,68.0,850.0,172.0,58.0,816,0
5339354744,13109,品川区,35.623958333333334,139.72343750000002,661,31.0,386.0,131.0,16.0,485,0
5339354811,13109,品川区,35.61770833333333,139.7265625,2009,295.0,1354.0,256.0,65.0,1052,0
5339354812,13109,品川区,35.61770833333333,139.7296875,472,54.0,314.0,60.0,16.0,280,0
5339354813,13109,品川区,35.619791666666664,139.7265625,744,59.0,483.0,132.0,31.0,466,0
5339354814,13109,品川区,35.619791666666664,139.7296875,79,8.0,52.0,13.0,2.0,56,0
5339354821,13109,品川区,35.61770833333333,139.7328125,1341,170.0,895.0,189.0,34.0,756,0
5339354822,13109,品川区,35.61770833333333,139.7359375,476,68.0,317.0,71.0,18.0,250,0
5339354823,13109,品川区,35.619791666666664,139.7328125,2270,295.0,1360.0,476.0,65.0,1139,0
5339354824,13109,品川区,35.619791666666664,139.7359375,981,162.0,614.0,179.0,40.0,432,0
5339354831,13109,品川区,35.621875,139.7265625,1681,156.0,1073.0,375.0,67.0,951,0
5339354832,13109,品川区,35.621875,139.7296875,1730,265.0,946.0,457.0,62.0,865,0
5339354833,13109,品川区,35.623958333333334,139.7265625,3679,690.0,2482.0,343.0,150.0,1756,0
5339354834,13109,品川区,35.623958333333334,139.7296875,808,71.0,515.0,165.0,43.0,495,0
5339354841,13109,品川区,35.621875,139.7328125,3343,658.0,2091.0,459.0,152.0,1511,0
5339354842,13109,品川区,35.621875,139.7359375,734,85.0,451.0,139.0,25.0,385,0
5339354843,13109,品川区,35.623958333333334,139.7328125,417,36.0,256.0,97.0,22.0,251,0
5339354844,13103,港区,35.623958333333334,139.7359375,477,39.0,325.0,104.0,16.0,314,0
5339354911,13109,品川区,35.61770833333333,139.73906250000002,1205,142.0,824.0,157.0,34.0,732,0
5339354912,13109,品川区,35.61770833333333,139.74218750000003,1377,103.0,873.0,285.0,40.0,882,0
5339354913,13109,品川区,35.619791666666664,139.73906250000002,1859,269.0,1108.0,406.0,22.0,845,0
5339354914,13109,品川区,35.619791666666664,139.74218750000003,1636,127.0,1018.0,387.0,40.0,992,0
5339354921,13109,品川区,35.61770833333333,139.7453125,1610,149.0,941.0,422.0,18.0,845,0
5339354922,13109,品川区,35.61770833333333,139.74843750000002,406,54.0,211.0,122.0,8.0,231,0
5339354923,13109,品川区,35.619791666666664,139.7453125,1535,177.0,951.0,310.0,13.0,859,0
5339354924,13109,品川区,35.619791666666664,139.74843750000002,669,41.0,250.0,370.0,11.0,409,0
5339354931,13109,品川区,35.621875,139.73906250000002,1149,90.0,734.0,157.0,49.0,837,0
5339354932,13109,品川区,35.621875,139.74218750000003,1683,121.0,1012.0,397.0,58.0,1042,0
5339354933,13109,品川区,35.623958333333334,139.73906250000002,989,55.0,445.0,351.0,31.0,626,0
5339354934,13109,品川区,35.623958333333334,139.74218750000003,1497,91.0,794.0,430.0,42.0,998,0
5339354941,13109,品川区,35.621875,139.7453125,1214,91.0,837.0,129.0,52.0,839,0
5339354942,13109,品川区,35.621875,139.74843750000002,939,95.0,721.0,53.0,32.0,610,0
5339354943,13103,港区,35.623958333333334,139.7453125,1209,220.0,760.0,220.0,56.0,587,0
5339354944,13109,品川区,35.623958333333334,139.74843750000002,215,3.0,212.0,0.0,25.0,15,0
5339355011,13112,世田谷区,35.626041666666666,139.6265625,794,87.0,576.0,131.0,10.0,411,0
5339355012,13112,世田谷区,35.626041666666666,139.62968750000002,933,133.0,620.0,180.0,13.0,423,0
5339355013,13112,世田谷区,35.628125,139.6265625,464,64.0,306.0,93.0,8.0,221,0
5339355014,13112,世田谷区,35.628125,139.62968750000002,897,116.0,612.0,164.0,16.0,449,0
5339355021,13112,世田谷区,35.626041666666666,139.6328125,721,92.0,493.0,134.0,12.0,388,0
5339355022,13112,世田谷区,35.626041666666666,139.6359375,1418,162.0,995.0,238.0,48.0,793,0
5339355023,13112,世田谷区,35.628125,139.6328125,997,73.0,707.0,217.0,35.0,615,0
5339355024,13112,世田谷区,35.628125,139.6359375,1361,111.0,989.0,261.0,31.0,825,0
5339355031,13112,世田谷区,35.630208333333336,139.6265625,464,71.0,304.0,89.0,7.0,209,0
5339355032,13112,世田谷区,35.630208333333336,139.62968750000002,1093,170.0,774.0,149.0,16.0,524,0
5339355033,13112,世田谷区,35.63229166666667,139.6265625,1016,156.0,634.0,220.0,12.0,445,0
5339355034,13112,世田谷区,35.63229166666667,139.62968750000002,1044,156.0,600.0,287.0,21.0,448,0
5339355041,13112,世田谷区,35.630208333333336,139.6328125,1307,151.0,889.0,267.0,19.0,695,0
5339355042,13112,世田谷区,35.630208333333336,139.6359375,2285,306.0,1568.0,322.0,39.0,1117,0
5339355043,13112,世田谷区,35.63229166666667,139.6328125,1353,123.0,908.0,289.0,22.0,690,0
5339355044,13112,世田谷区,35.63229166666667,139.6359375,1069,142.0,686.0,235.0,13.0,528,0
5339355111,13112,世田谷区,35.626041666666666,139.6390625,938,112.0,563.0,243.0,31.0,447,0
5339355112,13112,世田谷区,35.626041666666666,139.6421875,878,121.0,604.0,153.0,24.0,443,0
5339355113,13112,世田谷区,35.628125,139.6390625,566,71.0,397.0,98.0,17.0,288,0
5339355114,13112,世田谷区,35.628125,139.6421875,1208,172.0,770.0,254.0,36.0,530,0
5339355121,13112,世田谷区,35.626041666666666,139.6453125,749,90.0,497.0,162.0,33.0,353,0
5339355122,13112,世田谷区,35.626041666666666,139.6484375,679,92.0,448.0,139.0,19.0,317,0
5339355123,13112,世田谷区,35.628125,139.6453125,1285,166.0,866.0,233.0,31.0,641,0
5339355124,13112,世田谷区,35.628125,139.6484375,1234,179.0,891.0,164.0,27.0,614,0
5339355131,13112,世田谷区,35.630208333333336,139.6390625,1465,153.0,938.0,350.0,56.0,843,0
5339355132,13112,世田谷区,35.630208333333336,139.6421875,1158,90.0,800.0,254.0,47.0,686,0
5339355133,13112,世田谷区,35.63229166666667,139.6390625,1268,214.0,853.0,197.0,22.0,630,0
5339355134,13112,世田谷区,35.63229166666667,139.6421875,1760,207.0,1209.0,337.0,24.0,947,0
5339355141,13112,世田谷区,35.630208333333336,139.6453125,1175,112.0,791.0,259.0,40.0,650,0
5339355142,13112,世田谷区,35.630208333333336,139.6484375,1171,121.0,782.0,268.0,34.0,608,0
5339355143,13112,世田谷区,35.63229166666667,139.6453125,802,66.0,574.0,159.0,11.0,480,0
5339355144,13112,世田谷区,35.63229166666667,139.6484375,1247,111.0,825.0,311.0,26.0,632,0
5339355211,13112,世田谷区,35.626041666666666,139.6515625,854,89.0,568.0,197.0,18.0,407,0
5339355212,13112,世田谷区,35.626041666666666,139.65468750000002,1107,130.0,810.0,167.0,35.0,557,0
5339355213,13112,世田谷区,35.628125,139.6515625,1064,114.0,669.0,267.0,25.0,565,0
5339355214,13112,世田谷区,35.628125,139.65468750000002,1249,157.0,800.0,292.0,33.0,634,0
5339355221,13112,世田谷区,35.626041666666666,139.6578125,101,10.0,79.0,12.0,3.0,62,0
5339355223,13112,世田谷区,35.628125,139.6578125,56,2.0,38.0,16.0,0.0,41,0
5339355224,13112,世田谷区,35.628125,139.66093750000002,96,10.0,69.0,17.0,2.0,58,0
5339355231,13112,世田谷区,35.630208333333336,139.6515625,1410,100.0,1022.0,279.0,28.0,860,0
5339355232,13112,世田谷区,35.630208333333336,139.65468750000002,1694,135.0,1266.0,288.0,53.0,1084,0
5339355233,13112,世田谷区,35.63229166666667,139.6515625,1101,150.0,705.0,243.0,18.0,568,0
5339355234,13112,世田谷区,35.63229166666667,139.65468750000002,1427,152.0,1007.0,246.0,35.0,794,0
5339355241,13112,世田谷区,35.630208333333336,139.6578125,1679,378.0,1155.0,144.0,30.0,681,0
5339355242,13112,世田谷区,35.630208333333336,139.66093750000002,1061,129.0,739.0,193.0,51.0,542,0
5339355243,13112,世田谷区,35.63229166666667,139.6578125,1375,135.0,1000.0,227.0,42.0,814,0
5339355244,13112,世田谷区,35.63229166666667,139.66093750000002,1524,121.0,1203.0,186.0,28.0,975,0
5339355312,13110,目黒区,35.626041666666666,139.6671875,160,27.0,107.0,26.0,2.0,76,0
5339355313,13110,目黒区,35.628125,139.6640625,969,160.0,657.0,150.0,14.0,487,0
5339355314,13110,目黒区,35.628125,139.6671875,878,95.0,681.0,81.0,15.0,546,0
5339355321,13110,目黒区,35.626041666666666,139.6703125,1078,173.0,643.0,262.0,18.0,442,0
5339355322,13110,目黒区,35.626041666666666,139.6734375,1171,162.0,778.0,229.0,35.0,494,0
5339355323,13110,目黒区,35.628125,139.6703125,1182,178.0,790.0,204.0,15.0,560,0
5339355324,13110,目黒区,35.628125,139.6734375,1418,200.0,921.0,284.0,33.0,693,0
5339355331,13110,目黒区,35.630208333333336,139.6640625,1200,132.0,848.0,219.0,27.0,603,0
5339355332,13110,目黒区,35.630208333333336,139.6671875,1045,119.0,706.0,219.0,21.0,456,0
5339355333,13112,世田谷区,35.63229166666667,139.6640625,1340,117.0,902.0,317.0,35.0,760,0
5339355334,13112,世田谷区,35.63229166666667,139.6671875,1464,133.0,1024.0,307.0,24.0,848,0
5339355341,13110,目黒区,35.630208333333336,139.6703125,1464,182.0,992.0,290.0,36.0,699,0
5339355342,13112,世田谷区,35.630208333333336,139.6734375,1667,230.0,1143.0,284.0,27.0,857,0
5339355343,13112,世田谷区,35.63229166666667,139.6703125,1052,110.0,685.0,235.0,18.0,577,0
5339355344,13112,世田谷区,35.63229166666667,139.6734375,921,163.0,561.0,197.0,30.0,427,0
5339355411,13110,目黒区,35.626041666666666,139.67656250000002,1399,148.0,1027.0,214.0,34.0,772,0
5339355412,13112,世田谷区,35.626041666666666,139.67968750000003,1159,121.0,781.0,236.0,26.0,556,0
5339355413,13112,世田谷区,35.628125,139.67656250000002,1771,209.0,1209.0,333.0,51.0,979,0
5339355414,13112,世田谷区,35.628125,139.67968750000003,1474,112.0,1054.0,262.0,38.0,919,0
5339355421,13110,目黒区,35.626041666666666,139.6828125,740,65.0,500.0,170.0,12.0,416,0
5339355422,13110,目黒区,35.626041666666666,139.68593750000002,1567,155.0,980.0,386.0,28.0,821,0
5339355423,13110,目黒区,35.628125,139.6828125,1094,91.0,768.0,224.0,26.0,634,0
5339355424,13110,目黒区,35.628125,139.68593750000002,1283,77.0,847.0,310.0,21.0,824,0
5339355431,13112,世田谷区,35.630208333333336,139.67656250000002,1442,230.0,996.0,216.0,26.0,651,0
5339355432,13112,世田谷区,35.630208333333336,139.67968750000003,1452,145.0,969.0,315.0,20.0,762,0
5339355433,13112,世田谷区,35.63229166666667,139.67656250000002,1054,135.0,669.0,244.0,19.0,484,0
5339355434,13112,世田谷区,35.63229166666667,139.67968750000003,1130,174.0,722.0,225.0,24.0,528,0
5339355441,13110,目黒区,35.630208333333336,139.6828125,1687,125.0,1164.0,374.0,27.0,1036,0
5339355442,13110,目黒区,35.630208333333336,139.68593750000002,1730,61.0,1265.0,298.0,51.0,1259,0
5339355443,13112,世田谷区,35.63229166666667,139.6828125,1139,106.0,719.0,309.0,13.0,616,0
5339355444,13110,目黒区,35.63229166666667,139.68593750000002,1603,117.0,1114.0,324.0,23.0,1002,0
5339355511,13110,目黒区,35.626041666666666,139.6890625,1618,169.0,1228.0,171.0,48.0,928,0
5339355512,13110,目黒区,35.626041666666666,139.69218750000002,1553,210.0,1116.0,193.0,26.0,858,0
5339355513,13110,目黒区,35.628125,139.6890625,1367,117.0,889.0,266.0,41.0,823,0
5339355514,13110,目黒区,35.628125,139.69218750000002,1225,136.0,752.0,294.0,11.0,696,0
5339355521,13110,目黒区,35.626041666666666,139.6953125,1985,247.0,1289.0,420.0,44.0,984,0
5339355522,13110,目黒区,35.626041666666666,139.6984375,1380,163.0,896.0,296.0,42.0,675,0
5339355523,13110,目黒区,35.628125,139.6953125,1578,195.0,1101.0,227.0,34.0,811,0
5339355524,13110,目黒区,35.628125,139.6984375,1135,181.0,722.0,197.0,30.0,530,0
5339355531,13110,目黒区,35.630208333333336,139.6890625,1562,117.0,974.0,411.0,27.0,843,0
5339355532,13110,目黒区,35.630208333333336,139.69218750000002,1932,121.0,1449.0,286.0,35.0,1334,0
5339355533,13110,目黒区,35.63229166666667,139.6890625,1347,140.0,891.0,288.0,27.0,737,0
5339355534,13110,目黒区,35.63229166666667,139.69218750000002,2141,228.0,1410.0,488.0,50.0,1041,0
5339355541,13110,目黒区,35.630208333333336,139.6953125,2042,236.0,1376.0,381.0,59.0,1072,0
5339355542,13110,目黒区,35.630208333333336,139.6984375,1657,211.0,1099.0,329.0,19.0,879,0
5339355543,13110,目黒区,35.63229166666667,139.6953125,1394,171.0,911.0,305.0,29.0,674,0
5339355544,13110,目黒区,35.63229166666667,139.6984375,1326,186.0,842.0,283.0,28.0,669,0
5339355611,13110,目黒区,35.626041666666666,139.7015625,785,93.0,474.0,199.0,16.0,357,0
5339355612,13110,目黒区,35.626041666666666,139.7046875,692,97.0,464.0,112.0,14.0,344,0
5339355613,13110,目黒区,35.628125,139.7015625,1605,345.0,1013.0,235.0,67.0,616,0
5339355614,13110,目黒区,35.628125,139.7046875,1430,202.0,924.0,283.0,56.0,675,0
5339355621,13109,品川区,35.626041666666666,139.7078125,1424,143.0,941.0,276.0,53.0,823,0
5339355622,13109,品川区,35.626041666666666,139.7109375,1547,162.0,1048.0,257.0,38.0,960,0
5339355623,13110,目黒区,35.628125,139.7078125,958,117.0,636.0,187.0,37.0,507,0
5339355624,13110,目黒区,35.628125,139.7109375,2135,240.0,1568.0,276.0,93.0,1259,0
5339355631,13110,目黒区,35.630208333333336,139.7015625,1456,205.0,988.0,228.0,57.0,755,0
5339355632,13110,目黒区,35.630208333333336,139.7046875,1370,153.0,880.0,331.0,41.0,718,0
5339355633,13110,目黒区,35.63229166666667,139.7015625,1800,235.0,1098.0,438.0,74.0,861,0
5339355634,13110,目黒区,35.63229166666667,139.7046875,1156,163.0,757.0,217.0,71.0,577,0
5339355641,13110,目黒区,35.630208333333336,139.7078125,1262,112.0,825.0,313.0,61.0,710,0
5339355642,13110,目黒区,35.630208333333336,139.7109375,2541,253.0,2005.0,266.0,162.0,1553,0
5339355643,13110,目黒区,35.63229166666667,139.7078125,2326,218.0,1680.0,390.0,103.0,1348,0
5339355644,13110,目黒区,35.63229166666667,139.7109375,2136,203.0,1612.0,278.0,186.0,1327,0
5339355711,13109,品川区,35.626041666666666,139.7140625,1469,89.0,1005.0,250.0,45.0,985,0
5339355712,13109,品川区,35.626041666666666,139.71718750000002,2616,400.0,1872.0,216.0,85.0,1487,0
5339355713,13109,品川区,35.628125,139.7140625,2337,183.0,1790.0,185.0,110.0,1610,0
5339355714,13109,品川区,35.628125,139.71718750000002,2460,421.0,1607.0,388.0,110.0,969,0
5339355721,13109,品川区,35.626041666666666,139.7203125,1552,87.0,943.0,184.0,76.0,1204,0
5339355722,13109,品川区,35.626041666666666,139.72343750000002,560,27.0,356.0,58.0,34.0,440,0
5339355723,13109,品川区,35.628125,139.7203125,867,72.0,582.0,113.0,46.0,581,0
5339355724,13109,品川区,35.628125,139.72343750000002,901,108.0,550.0,115.0,48.0,574,0
5339355731,13110,目黒区,35.630208333333336,139.7140625,1994,272.0,1347.0,335.0,105.0,1098,0
5339355732,13109,品川区,35.630208333333336,139.71718750000002,1294,157.0,832.0,215.0,44.0,710,0
5339355733,13110,目黒区,35.63229166666667,139.7140625,573,42.0,424.0,63.0,51.0,385,0
5339355734,13109,品川区,35.63229166666667,139.71718750000002,2380,261.0,1430.0,386.0,141.0,1371,0
5339355741,13109,品川区,35.630208333333336,139.7203125,1481,166.0,941.0,222.0,52.0,894,0
5339355742,13109,品川区,35.630208333333336,139.72343750000002,676,106.0,414.0,134.0,32.0,288,0
5339355743,13109,品川区,35.63229166666667,139.7203125,1185,140.0,752.0,224.0,47.0,665,0
5339355744,13109,品川区,35.63229166666667,139.72343750000002,807,91.0,501.0,160.0,33.0,417,0
5339355811,13109,品川区,35.626041666666666,139.7265625,1443,106.0,930.0,242.0,48.0,947,0
5339355812,13109,品川区,35.626041666666666,139.7296875,1247,84.0,807.0,198.0,38.0,848,0
5339355813,13109,品川区,35.628125,139.7265625,1891,162.0,1254.0,264.0,114.0,1236,0
5339355814,13109,品川区,35.628125,139.7296875,771,89.0,490.0,151.0,33.0,378,0
5339355821,13103,港区,35.626041666666666,139.7328125,1294,219.0,811.0,175.0,38.0,613,0
5339355822,13103,港区,35.626041666666666,139.7359375,1590,151.0,969.0,360.0,38.0,896,0
5339355823,13103,港区,35.628125,139.7328125,814,67.0,445.0,234.0,57.0,427,0
5339355824,13103,港区,35.628125,139.7359375,465,56.0,245.0,86.0,18.0,264,0
5339355831,13109,品川区,35.630208333333336,139.7265625,1758,169.0,1184.0,236.0,51.0,1097,0
5339355832,13109,品川区,35.630208333333336,139.7296875,1713,222.0,1161.0,232.0,41.0,929,0
5339355833,13109,品川区,35.63229166666667,139.7265625,1085,173.0,725.0,142.0,39.0,558,0
5339355834,13103,港区,35.63229166666667,139.7296875,1543,212.0,1039.0,258.0,38.0,862,0
5339355841,13103,港区,35.630208333333336,139.7328125,236,29.0,126.0,70.0,4.0,118,0
5339355842,13103,港区,35.630208333333336,139.7359375,23,0.0,15.0,5.0,1.0,17,0
5339355843,13103,港区,35.63229166666667,139.7328125,728,87.0,482.0,149.0,30.0,391,0
5339355844,13103,港区,35.63229166666667,139.7359375,420,74.0,248.0,72.0,7.0,198,0
5339355911,13103,港区,35.626041666666666,139.73906250000002,715,64.0,412.0,101.0,62.0,456,0
5339355912,13103,港区,35.626041666666666,139.74218750000003,243,18.0,144.0,55.0,5.0,150,0
5339355914,13103,港区,35.628125,139.74218750000003,20,0.0,8.0,12.0,1.0,11,0
5339355921,13103,港区,35.626041666666666,139.7453125,491,38.0,310.0,135.0,29.0,334,0
5339355923,13103,港区,35.628125,139.7453125,196,8.0,85.0,105.0,5.0,126,1
5339355924,13103,港区,35.628125,139.74843750000002,6,,,,,6,2
5339355931,13103,港区,35.630208333333336,139.73906250000002,131,5.0,57.0,13.0,1.0,113,0
5339355932,13103,港区,35.630208333333336,139.74218750000003,36,5.0,29.0,2.0,6.0,16,0
5339355933,13103,港区,35.63229166666667,139.73906250000002,184,20.0,119.0,12.0,6.0,115,0
5339355941,13103,港区,35.630208333333336,139.7453125,616,50.0,334.0,15.0,61.0,470,0
5339355942,13103,港区,35.630208333333336,139.74843750000002,3489,777.0,1897.0,755.0,106.0,1598,0
5339355943,13103,港区,35.63229166666667,139.7453125,166,12.0,58.0,5.0,11.0,123,0
5339355944,13103,港区,35.63229166666667,139.74843750000002,3784,599.0,2536.0,529.0,144.0,1821,0
5339356011,13112,世田谷区,35.634375,139.6265625,897,94.0,593.0,210.0,13.0,400,0
5339356012,13112,世田谷区,35.634375,139.62968750000002,1205,159.0,793.0,253.0,23.0,519,0
5339356013,13112,世田谷区,35.63645833333333,139.6265625,351,46.0,186.0,105.0,13.0,151,0
5339356014,13112,世田谷区,35.63645833333333,139.62968750000002,969,145.0,555.0,269.0,33.0,426,0
5339356021,13112,世田谷区,35.634375,139.6328125,894,109.0,613.0,172.0,14.0,405,0
5339356022,13112,世田谷区,35.634375,139.6359375,334,21.0,141.0,172.0,4.0,112,0
5339356024,13112,世田谷区,35.63645833333333,139.6359375,294,52.0,201.0,33.0,0.0,136,0
5339356031,13112,世田谷区,35.63854166666667,139.6265625,693,105.0,454.0,134.0,7.0,299,0
5339356032,13112,世田谷区,35.63854166666667,139.62968750000002,1276,157.0,676.0,400.0,10.0,565,0
5339356033,13112,世田谷区,35.640625,139.6265625,1267,178.0,798.0,291.0,17.0,607,0
5339356034,13112,世田谷区,35.640625,139.62968750000002,1051,142.0,658.0,235.0,22.0,551,0
5339356041,13112,世田谷区,35.63854166666667,139.6328125,683,102.0,336.0,245.0,8.0,269,0
5339356042,13112,世田谷区,35.63854166666667,139.6359375,1089,163.0,706.0,220.0,10.0,463,0
5339356043,13112,世田谷区,35.640625,139.6328125,244,35.0,164.0,45.0,4.0,100,0
5339356044,13112,世田谷区,35.640625,139.6359375,1559,262.0,1028.0,256.0,34.0,695,0
5339356111,13112,世田谷区,35.634375,139.6390625,2098,241.0,1222.0,520.0,48.0,976,0
5339356112,13112,世田谷区,35.634375,139.6421875,1578,183.0,1096.0,298.0,37.0,870,0
5339356113,13112,世田谷区,35.63645833333333,139.6390625,1878,360.0,1164.0,345.0,39.0,843,0
5339356114,13112,世田谷区,35.63645833333333,139.6421875,1633,177.0,1169.0,254.0,22.0,884,0
5339356121,13112,世田谷区,35.634375,139.6453125,1424,191.0,928.0,303.0,33.0,744,0
5339356122,13112,世田谷区,35.634375,139.6484375,1200,164.0,803.0,233.0,24.0,574,0
5339356123,13112,世田谷区,35.63645833333333,139.6453125,1560,201.0,1121.0,238.0,36.0,838,0
5339356124,13112,世田谷区,35.63645833333333,139.6484375,1301,159.0,871.0,262.0,30.0,588,0
5339356131,13112,世田谷区,35.63854166666667,139.6390625,1283,220.0,857.0,189.0,8.0,547,0
5339356132,13112,世田谷区,35.63854166666667,139.6421875,1420,181.0,872.0,365.0,26.0,649,0
5339356133,13112,世田谷区,35.640625,139.6390625,932,103.0,638.0,185.0,11.0,450,0
5339356134,13112,世田谷区,35.640625,139.6421875,2023,276.0,1403.0,332.0,37.0,1016,0
5339356141,13112,世田谷区,35.63854166666667,139.6453125,1204,172.0,789.0,243.0,25.0,551,0
5339356142,13112,世田谷区,35.63854166666667,139.6484375,1232,178.0,831.0,223.0,23.0,575,0
5339356143,13112,世田谷区,35.640625,139.6453125,1251,133.0,841.0,268.0,26.0,753,0
5339356144,13112,世田谷区,35.640625,139.6484375,1371,149.0,928.0,290.0,34.0,744,0
5339356211,13112,世田谷区,35.634375,139.6515625,1430,165.0,961.0,304.0,28.0,660,0
5339356212,13112,世田谷区,35.634375,139.65468750000002,1317,165.0,901.0,246.0,32.0,642,0
5339356213,13112,世田谷区,35.63645833333333,139.6515625,1615,200.0,1141.0,274.0,45.0,819,0
5339356214,13112,世田谷区,35.63645833333333,139.65468750000002,1408,176.0,910.0,315.0,28.0,666,0
5339356221,13112,世田谷区,35.634375,139.6578125,1131,81.0,784.0,247.0,33.0,637,0
5339356222,13112,世田谷区,35.634375,139.66093750000002,1313,107.0,967.0,239.0,49.0,812,0
5339356223,13112,世田谷区,35.63645833333333,139.6578125,1220,118.0,813.0,288.0,18.0,653,0
5339356224,13112,世田谷区,35.63645833333333,139.66093750000002,1370,127.0,985.0,258.0,40.0,810,0
5339356231,13112,世田谷区,35.63854166666667,139.6515625,1115,153.0,757.0,205.0,20.0,485,0
5339356232,13112,世田谷区,35.63854166666667,139.65468750000002,1158,162.0,781.0,213.0,20.0,495,0
5339356233,13112,世田谷区,35.640625,139.6515625,1336,164.0,830.0,341.0,21.0,658,0
5339356234,13112,世田谷区,35.640625,139.65468750000002,1490,186.0,984.0,317.0,15.0,777,0
5339356241,13112,世田谷区,35.63854166666667,139.6578125,1211,116.0,826.0,269.0,26.0,664,0
5339356242,13112,世田谷区,35.63854166666667,139.66093750000002,1519,148.0,1164.0,206.0,59.0,937,0
5339356243,13112,世田谷区,35.640625,139.6578125,1393,207.0,931.0,255.0,37.0,673,0
5339356244,13112,世田谷区,35.640625,139.66093750000002,1739,193.0,1281.0,265.0,48.0,982,0
5339356311,13112,世田谷区,35.634375,139.6640625,1864,196.0,1369.0,293.0,78.0,1133,0
5339356312,13112,世田谷区,35.634375,139.6671875,1703,153.0,1218.0,328.0,53.0,1008,0
5339356313,13112,世田谷区,35.63645833333333,139.6640625,1793,131.0,1313.0,298.0,83.0,1247,0
5339356314,13112,世田谷区,35.63645833333333,139.6671875,1947,161.0,1420.0,356.0,53.0,1213,0
5339356321,13112,世田谷区,35.634375,139.6703125,1254,170.0,802.0,282.0,13.0,629,0
5339356322,13112,世田谷区,35.634375,139.6734375,1693,253.0,1121.0,319.0,39.0,814,0
5339356323,13112,世田谷区,35.63645833333333,139.6703125,1384,133.0,940.0,309.0,41.0,784,0
5339356324,13112,世田谷区,35.63645833333333,139.6734375,1711,161.0,1185.0,365.0,26.0,900,0
5339356331,13112,世田谷区,35.63854166666667,139.6640625,1739,154.0,1263.0,322.0,41.0,1008,0
5339356332,13112,世田谷区,35.63854166666667,139.6671875,2358,176.0,1786.0,369.0,65.0,1553,0
5339356333,13112,世田谷区,35.640625,139.6640625,1755,139.0,1325.0,291.0,42.0,1102,0
5339356334,13112,世田谷区,35.640625,139.6671875,1647,83.0,1106.0,236.0,92.0,977,0
5339356341,13112,世田谷区,35.63854166666667,139.6703125,1772,139.0,1274.0,348.0,50.0,1107,0
5339356342,13112,世田谷区,35.63854166666667,139.6734375,1837,253.0,1283.0,287.0,113.0,982,0
5339356343,13112,世田谷区,35.640625,139.6703125,1745,106.0,1062.0,577.0,20.0,922,0
5339356344,13112,世田谷区,35.640625,139.6734375,1475,128.0,1095.0,242.0,45.0,939,0
5339356411,13112,世田谷区,35.634375,139.67656250000002,280,34.0,185.0,57.0,13.0,136,0
5339356412,13112,世田谷区,35.634375,139.67968750000003,982,96.0,632.0,251.0,14.0,483,0
5339356413,13112,世田谷区,35.63645833333333,139.67656250000002,913,87.0,647.0,179.0,15.0,488,0
5339356414,13112,世田谷区,35.63645833333333,139.67968750000003,1238,184.0,801.0,244.0,22.0,579,0
5339356421,13112,世田谷区,35.634375,139.6828125,1118,93.0,755.0,267.0,27.0,643,0
5339356422,13110,目黒区,35.634375,139.68593750000002,1506,127.0,1005.0,355.0,28.0,868,0
5339356423,13112,世田谷区,35.63645833333333,139.6828125,1281,168.0,863.0,247.0,48.0,688,0
5339356424,13110,目黒区,35.63645833333333,139.68593750000002,1433,133.0,978.0,310.0,33.0,801,0
5339356431,13112,世田谷区,35.63854166666667,139.67656250000002,1224,77.0,879.0,268.0,19.0,725,0
5339356432,13112,世田谷区,35.63854166666667,139.67968750000003,1430,158.0,979.0,272.0,37.0,785,0
5339356433,13112,世田谷区,35.640625,139.67656250000002,1890,139.0,996.0,750.0,23.0,1065,0
5339356434,13112,世田谷区,35.640625,139.67968750000003,1486,174.0,1054.0,257.0,45.0,820,0
5339356441,13112,世田谷区,35.63854166666667,139.6828125,1737,181.0,1242.0,308.0,47.0,987,0
5339356442,13112,世田谷区,35.63854166666667,139.68593750000002,1413,155.0,1010.0,245.0,55.0,775,0
5339356443,13112,世田谷区,35.640625,139.6828125,1823,227.0,1318.0,270.0,29.0,969,0
5339356444,13112,世田谷区,35.640625,139.68593750000002,1805,205.0,1183.0,412.0,51.0,963,0
5339356511,13110,目黒区,35.634375,139.6890625,1165,104.0,800.0,233.0,29.0,679,0
5339356512,13110,目黒区,35.634375,139.69218750000002,1455,155.0,1043.0,234.0,42.0,872,0
5339356513,13110,目黒区,35.63645833333333,139.6890625,1445,116.0,1041.0,285.0,35.0,845,0
5339356514,13110,目黒区,35.63645833333333,139.69218750000002,1735,87.0,1327.0,301.0,63.0,1182,0
5339356521,13110,目黒区,35.634375,139.6953125,1224,105.0,822.0,273.0,50.0,716,0
5339356522,13110,目黒区,35.634375,139.6984375,1603,163.0,1055.0,373.0,76.0,830,0
5339356523,13110,目黒区,35.63645833333333,139.6953125,846,99.0,628.0,111.0,28.0,482,0
5339356524,13110,目黒区,35.63645833333333,139.6984375,861,79.0,555.0,214.0,20.0,458,0
5339356531,13110,目黒区,35.63854166666667,139.6890625,1264,115.0,874.0,274.0,37.0,724,0
5339356532,13110,目黒区,35.63854166666667,139.69218750000002,1010,68.0,691.0,243.0,17.0,652,0
5339356533,13110,目黒区,35.640625,139.6890625,1437,130.0,1017.0,280.0,62.0,849,0
5339356534,13110,目黒区,35.640625,139.69218750000002,1652,152.0,1086.0,400.0,25.0,923,0
5339356541,13110,目黒区,35.63854166666667,139.6953125,1611,141.0,1073.0,387.0,42.0,949,0
5339356542,13110,目黒区,35.63854166666667,139.6984375,1349,110.0,972.0,261.0,39.0,785,0
5339356543,13110,目黒区,35.640625,139.6953125,2134,169.0,1495.0,415.0,103.0,1292,0
5339356544,13110,目黒区,35.640625,139.6984375,1063,106.0,702.0,222.0,43.0,634,0
5339356611,13110,目黒区,35.634375,139.7015625,1292,155.0,789.0,338.0,49.0,577,0
5339356612,13110,目黒区,35.634375,139.7046875,1127,187.0,715.0,221.0,62.0,494,0
5339356613,13110,目黒区,35.63645833333333,139.7015625,1575,281.0,1013.0,262.0,25.0,706,0
5339356614,13110,目黒区,35.63645833333333,139.7046875,2301,247.0,1625.0,384.0,101.0,1314,0
5339356621,13110,目黒区,35.634375,139.7078125,1637,120.0,1137.0,342.0,79.0,1010,0
5339356622,13110,目黒区,35.634375,139.7109375,1687,208.0,1255.0,197.0,140.0,915,0
5339356623,13110,目黒区,35.63645833333333,139.7078125,1083,131.0,772.0,167.0,52.0,585,0
5339356624,13110,目黒区,35.63645833333333,139.7109375,1829,182.0,1091.0,529.0,92.0,1014,0
5339356631,13110,目黒区,35.63854166666667,139.7015625,1015,134.0,691.0,177.0,41.0,527,0
5339356632,13110,目黒区,35.63854166666667,139.7046875,1415,145.0,1043.0,193.0,87.0,816,0
5339356633,13110,目黒区,35.640625,139.7015625,963,95.0,685.0,170.0,18.0,578,0
5339356634,13110,目黒区,35.640625,139.7046875,545,97.0,354.0,86.0,8.0,242,0
5339356641,13110,目黒区,35.63854166666667,139.7078125,460,46.0,351.0,58.0,17.0,215,0
5339356642,13110,目黒区,35.63854166666667,139.7109375,1682,171.0,1137.0,338.0,83.0,929,0
5339356643,13110,目黒区,35.640625,139.7078125,436,51.0,339.0,35.0,12.0,229,0
5339356644,13110,目黒区,35.640625,139.7109375,1743,147.0,1181.0,380.0,59.0,1030,0
5339356711,13110,目黒区,35.634375,139.7140625,1076,86.0,712.0,188.0,62.0,710,0
5339356712,13109,品川区,35.634375,139.71718750000002,718,44.0,435.0,136.0,24.0,505,0
5339356713,13109,品川区,35.63645833333333,139.7140625,1514,174.0,1016.0,221.0,93.0,892,0
5339356714,13109,品川区,35.63645833333333,139.71718750000002,1312,205.0,860.0,181.0,69.0,681,0
5339356721,13109,品川区,35.634375,139.7203125,1511,122.0,981.0,220.0,73.0,995,0
5339356722,13109,品川区,35.634375,139.72343750000002,952,117.0,591.0,212.0,26.0,486,0
5339356723,13103,港区,35.63645833333333,139.7203125,71,8.0,41.0,22.0,2.0,37,0
5339356724,13103,港区,35.63645833333333,139.72343750000002,1666,191.0,1013.0,416.0,52.0,885,0
5339356731,13110,目黒区,35.63854166666667,139.7140625,963,63.0,682.0,126.0,36.0,626,0
5339356732,13103,港区,35.63854166666667,139.71718750000002,304,33.0,175.0,58.0,32.0,176,0
5339356733,13110,目黒区,35.640625,139.7140625,1906,166.0,1291.0,372.0,82.0,1105,0
5339356734,13109,品川区,35.640625,139.71718750000002,882,89.0,540.0,184.0,59.0,464,0
5339356742,13103,港区,35.63854166666667,139.72343750000002,964,107.0,634.0,179.0,29.0,550,0
5339356743,13103,港区,35.640625,139.7203125,543,84.0,317.0,105.0,21.0,272,0
5339356744,13103,港区,35.640625,139.72343750000002,555,60.0,348.0,102.0,29.0,337,0
5339356811,13109,品川区,35.634375,139.7265625,1292,197.0,817.0,245.0,54.0,619,0
5339356812,13103,港区,35.634375,139.7296875,1433,187.0,962.0,283.0,70.0,725,0
5339356813,13103,港区,35.63645833333333,139.7265625,1123,200.0,654.0,266.0,32.0,504,0
5339356814,13103,港区,35.63645833333333,139.7296875,540,82.0,368.0,90.0,26.0,266,0
5339356821,13103,港区,35.634375,139.7328125,1554,209.0,1041.0,260.0,45.0,835,0
5339356822,13103,港区,35.634375,139.7359375,910,138.0,541.0,200.0,27.0,432,0
5339356823,13103,港区,35.63645833333333,139.7328125,1834,291.0,1253.0,287.0,56.0,976,0
5339356824,13103,港区,35.63645833333333,139.7359375,1308,184.0,830.0,283.0,22.0,671,0
5339356831,13103,港区,35.63854166666667,139.7265625,1243,135.0,876.0,220.0,42.0,677,0
5339356832,13103,港区,35.63854166666667,139.7296875,509,84.0,297.0,107.0,26.0,239,0
5339356833,13103,港区,35.640625,139.7265625,584,91.0,395.0,98.0,17.0,267,0
5339356834,13103,港区,35.640625,139.7296875,1197,220.0,773.0,191.0,75.0,542,0
5339356841,13103,港区,35.63854166666667,139.7328125,1953,250.0,1380.0,315.0,57.0,1104,0
5339356842,13103,港区,35.63854166666667,139.7359375,1090,156.0,612.0,320.0,52.0,562,0
5339356843,13103,港区,35.640625,139.7328125,1089,143.0,767.0,179.0,48.0,606,0
5339356844,13103,港区,35.640625,139.7359375,1007,152.0,550.0,305.0,46.0,466,0
5339356911,13103,港区,35.634375,139.73906250000002,567,96.0,395.0,74.0,11.0,282,0
5339356913,13103,港区,35.63645833333333,139.73906250000002,1069,143.0,682.0,244.0,41.0,587,0
5339356922,13103,港区,35.634375,139.74843750000002,930,163.0,627.0,121.0,33.0,388,0
5339356923,13103,港区,35.63645833333333,139.7453125,153,19.0,91.0,35.0,24.0,90,0
5339356924,13103,港区,35.63645833333333,139.74843750000002,630,96.0,475.0,59.0,46.0,373,0
5339356931,13103,港区,35.63854166666667,139.73906250000002,1356,145.0,968.0,226.0,47.0,862,0
5339356932,13103,港区,35.63854166666667,139.74218750000003,14,0.0,6.0,8.0,0.0,13,0
5339356933,13103,港区,35.640625,139.73906250000002,1576,212.0,1050.0,311.0,44.0,845,0
5339356934,13103,港区,35.640625,139.74218750000003,72,7.0,54.0,10.0,5.0,50,0
5339356941,13103,港区,35.63854166666667,139.7453125,1175,153.0,679.0,326.0,67.0,520,0
5339356942,13103,港区,35.63854166666667,139.74843750000002,1161,249.0,849.0,61.0,64.0,538,0
5339356943,13103,港区,35.640625,139.7453125,3734,599.0,2504.0,512.0,186.0,1888,0
5339356944,13103,港区,35.640625,139.74843750000002,1890,325.0,1294.0,212.0,143.0,1036,0
5339357011,13112,世田谷区,35.64270833333333,139.6265625,1473,249.0,932.0,285.0,36.0,603,0
5339357012,13112,世田谷区,35.64270833333333,139.62968750000002,739,84.0,576.0,77.0,26.0,303,0
5339357013,13112,世田谷区,35.64479166666666,139.6265625,1737,205.0,1126.0,382.0,49.0,890,0
5339357014,13112,世田谷区,35.64479166666666,139.62968750000002,1037,147.0,656.0,234.0,12.0,513,0
5339357021,13112,世田谷区,35.64270833333333,139.6328125,482,59.0,335.0,88.0,18.0,263,0
5339357022,13112,世田谷区,35.64270833333333,139.6359375,1132,136.0,799.0,197.0,7.0,488,0
5339357023,13112,世田谷区,35.64479166666666,139.6328125,1579,213.0,1076.0,290.0,33.0,746,0
5339357024,13112,世田谷区,35.64479166666666,139.6359375,1333,144.0,920.0,247.0,38.0,714,0
5339357031,13112,世田谷区,35.646875,139.6265625,1813,190.0,1218.0,262.0,31.0,939,0
5339357032,13112,世田谷区,35.646875,139.62968750000002,1175,120.0,845.0,209.0,22.0,646,0
5339357033,13112,世田谷区,35.64895833333333,139.6265625,1192,102.0,813.0,276.0,31.0,680,0
5339357034,13112,世田谷区,35.64895833333333,139.62968750000002,1215,138.0,853.0,224.0,33.0,664,0
5339357041,13112,世田谷区,35.646875,139.6328125,1454,166.0,1028.0,256.0,33.0,798,0
5339357042,13112,世田谷区,35.646875,139.6359375,1304,112.0,916.0,276.0,47.0,741,0
5339357043,13112,世田谷区,35.64895833333333,139.6328125,1281,110.0,956.0,215.0,43.0,773,0
5339357044,13112,世田谷区,35.64895833333333,139.6359375,1593,124.0,1144.0,325.0,27.0,1008,0
5339357111,13112,世田谷区,35.64270833333333,139.6390625,1379,184.0,912.0,283.0,33.0,656,0
5339357112,13112,世田谷区,35.64270833333333,139.6421875,1573,169.0,1075.0,322.0,31.0,847,0
5339357113,13112,世田谷区,35.64479166666666,139.6390625,1499,265.0,984.0,250.0,19.0,748,0
5339357114,13112,世田谷区,35.64479166666666,139.6421875,1540,360.0,976.0,204.0,18.0,610,0
5339357121,13112,世田谷区,35.64270833333333,139.6453125,1285,110.0,933.0,242.0,28.0,816,0
5339357122,13112,世田谷区,35.64270833333333,139.6484375,1303,104.0,876.0,323.0,10.0,824,0
5339357123,13112,世田谷区,35.64479166666666,139.6453125,1272,125.0,840.0,307.0,28.0,719,0
5339357124,13112,世田谷区,35.64479166666666,139.6484375,1921,168.0,1232.0,507.0,28.0,1052,0
5339357131,13112,世田谷区,35.646875,139.6390625,1045,118.0,689.0,238.0,16.0,575,0
5339357132,13112,世田谷区,35.646875,139.6421875,853,66.0,561.0,217.0,13.0,513,0
5339357133,13112,世田谷区,35.64895833333333,139.6390625,1195,77.0,862.0,253.0,13.0,689,0
5339357134,13112,世田谷区,35.64895833333333,139.6421875,1189,115.0,802.0,256.0,14.0,616,0
5339357141,13112,世田谷区,35.646875,139.6453125,1030,109.0,644.0,270.0,17.0,526,0
5339357142,13112,世田谷区,35.646875,139.6484375,873,99.0,507.0,260.0,12.0,479,0
5339357143,13112,世田谷区,35.64895833333333,139.6453125,463,44.0,304.0,115.0,11.0,256,0
5339357144,13112,世田谷区,35.64895833333333,139.6484375,557,56.0,356.0,142.0,4.0,267,0
5339357211,13112,世田谷区,35.64270833333333,139.6515625,1405,114.0,1022.0,264.0,37.0,861,0
5339357212,13112,世田谷区,35.64270833333333,139.65468750000002,1653,155.0,1156.0,335.0,35.0,991,0
5339357213,13112,世田谷区,35.64479166666666,139.6515625,1802,157.0,1295.0,350.0,28.0,1030,0
5339357214,13112,世田谷区,35.64479166666666,139.65468750000002,1518,152.0,1060.0,280.0,35.0,877,0
5339357221,13112,世田谷区,35.64270833333333,139.6578125,1694,180.0,1185.0,326.0,39.0,1008,0
5339357222,13112,世田谷区,35.64270833333333,139.66093750000002,1886,213.0,1368.0,293.0,40.0,1059,0
5339357223,13112,世田谷区,35.64479166666666,139.6578125,1354,113.0,943.0,290.0,33.0,801,0
5339357224,13112,世田谷区,35.64479166666666,139.66093750000002,1440,145.0,1043.0,246.0,19.0,874,0
5339357231,13112,世田谷区,35.646875,139.6515625,846,116.0,567.0,159.0,15.0,464,0
5339357232,13112,世田谷区,35.646875,139.65468750000002,590,91.0,390.0,100.0,7.0,271,0
5339357233,13112,世田谷区,35.64895833333333,139.6515625,443,51.0,299.0,93.0,7.0,225,0
5339357234,13112,世田谷区,35.64895833333333,139.65468750000002,1127,139.0,765.0,223.0,19.0,595,0
5339357241,13112,世田谷区,35.646875,139.6578125,1780,194.0,1258.0,327.0,14.0,1019,0
5339357242,13112,世田谷区,35.646875,139.66093750000002,1666,139.0,1239.0,288.0,25.0,1058,0
5339357243,13112,世田谷区,35.64895833333333,139.6578125,1304,178.0,920.0,204.0,34.0,677,0
5339357244,13112,世田谷区,35.64895833333333,139.66093750000002,1710,212.0,1203.0,294.0,18.0,929,0
5339357311,13112,世田谷区,35.64270833333333,139.6640625,2529,254.0,1884.0,381.0,89.0,1499,0
5339357312,13112,世田谷区,35.64270833333333,139.6671875,2062,114.0,1579.0,359.0,64.0,1462,0
5339357313,13112,世田谷区,35.64479166666666,139.6640625,1783,158.0,1325.0,282.0,49.0,1114,0
5339357314,13112,世田谷区,35.64479166666666,139.6671875,1342,99.0,988.0,250.0,24.0,879,0
5339357321,13112,世田谷区,35.64270833333333,139.6703125,1432,117.0,1034.0,274.0,39.0,939,0
5339357322,13112,世田谷区,35.64270833333333,139.6734375,1674,130.0,1307.0,223.0,49.0,1022,0
5339357323,13112,世田谷区,35.64479166666666,139.6703125,1086,39.0,742.0,190.0,23.0,737,0
5339357324,13112,世田谷区,35.64479166666666,139.6734375,1465,65.0,1155.0,224.0,48.0,1068,0
5339357331,13112,世田谷区,35.646875,139.6640625,1410,153.0,987.0,264.0,15.0,805,0
5339357332,13112,世田谷区,35.646875,139.6671875,1742,127.0,1282.0,330.0,39.0,1110,0
5339357333,13112,世田谷区,35.64895833333333,139.6640625,1460,172.0,975.0,302.0,22.0,760,0
5339357334,13112,世田谷区,35.64895833333333,139.6671875,1818,142.0,1288.0,384.0,55.0,1113,0
5339357341,13112,世田谷区,35.646875,139.6703125,1730,104.0,1308.0,315.0,32.0,1166,0
5339357342,13112,世田谷区,35.646875,139.6734375,1750,157.0,1299.0,280.0,72.0,1110,0
5339357343,13112,世田谷区,35.64895833333333,139.6703125,1671,149.0,1177.0,345.0,56.0,1014,0
5339357344,13112,世田谷区,35.64895833333333,139.6734375,1730,109.0,1244.0,373.0,44.0,1089,0
5339357411,13112,世田谷区,35.64270833333333,139.67656250000002,451,8.0,168.0,275.0,16.0,279,0
5339357412,13112,世田谷区,35.64270833333333,139.67968750000003,1222,121.0,720.0,376.0,24.0,661,0
5339357413,13112,世田谷区,35.64479166666666,139.67656250000002,436,66.0,350.0,20.0,7.0,215,0
5339357414,13112,世田谷区,35.64479166666666,139.67968750000003,794,111.0,616.0,66.0,16.0,460,0
5339357421,13112,世田谷区,35.64270833333333,139.6828125,198,8.0,176.0,14.0,1.0,59,0
5339357422,13110,目黒区,35.64270833333333,139.68593750000002,1109,144.0,719.0,226.0,20.0,560,0
5339357423,13112,世田谷区,35.64479166666666,139.6828125,511,105.0,402.0,4.0,3.0,234,0
5339357424,13110,目黒区,35.64479166666666,139.68593750000002,1681,402.0,1234.0,37.0,4.0,489,0
5339357431,13112,世田谷区,35.646875,139.67656250000002,1792,138.0,1434.0,220.0,62.0,1228,0
5339357432,13112,世田谷区,35.646875,139.67968750000003,1518,107.0,1140.0,229.0,34.0,1001,0
5339357433,13112,世田谷区,35.64895833333333,139.67656250000002,1554,134.0,1175.0,243.0,41.0,936,0
5339357434,13112,世田谷区,35.64895833333333,139.67968750000003,2007,152.0,1547.0,305.0,81.0,1290,0
5339357441,13112,世田谷区,35.646875,139.6828125,1965,283.0,1251.0,429.0,27.0,1027,0
5339357442,13110,目黒区,35.646875,139.68593750000002,684,137.0,413.0,133.0,0.0,197,0
5339357443,13112,世田谷区,35.64895833333333,139.6828125,1712,112.0,1301.0,277.0,57.0,1163,0
5339357444,13110,目黒区,35.64895833333333,139.68593750000002,1799,252.0,1249.0,268.0,28.0,1000,0
5339357511,13110,目黒区,35.64270833333333,139.6890625,1401,155.0,965.0,277.0,47.0,801,0
5339357512,13110,目黒区,35.64270833333333,139.69218750000002,1776,150.0,1212.0,412.0,59.0,1041,0
5339357513,13110,目黒区,35.64479166666666,139.6890625,1510,187.0,1048.0,257.0,49.0,779,0
5339357514,13110,目黒区,35.64479166666666,139.69218750000002,1496,185.0,1014.0,293.0,32.0,747,0
5339357521,13110,目黒区,35.64270833333333,139.6953125,1225,153.0,868.0,200.0,35.0,641,0
5339357522,13110,目黒区,35.64270833333333,139.6984375,1535,125.0,1073.0,241.0,64.0,975,0
5339357523,13110,目黒区,35.64479166666666,139.6953125,1551,170.0,1065.0,304.0,48.0,841,0
5339357524,13110,目黒区,35.64479166666666,139.6984375,842,47.0,616.0,157.0,39.0,568,0
5339357531,13110,目黒区,35.646875,139.6890625,2336,571.0,1673.0,83.0,9.0,861,0
5339357532,13110,目黒区,35.646875,139.69218750000002,1454,197.0,997.0,236.0,67.0,744,0
5339357533,13110,目黒区,35.64895833333333,139.6890625,2201,424.0,1521.0,236.0,50.0,992,0
5339357534,13110,目黒区,35.64895833333333,139.69218750000002,1620,145.0,1152.0,314.0,47.0,929,0
5339357541,13110,目黒区,35.646875,139.6953125,1877,145.0,1409.0,322.0,100.0,1179,0
5339357542,13110,目黒区,35.646875,139.6984375,844,41.0,607.0,192.0,33.0,595,0
5339357543,13110,目黒区,35.64895833333333,139.6953125,1065,110.0,768.0,187.0,56.0,550,0
5339357544,13110,目黒区,35.64895833333333,139.6984375,441,60.0,298.0,79.0,50.0,199,0
5339357611,13110,目黒区,35.64270833333333,139.7015625,1162,118.0,828.0,191.0,46.0,732,0
5339357612,13110,目黒区,35.64270833333333,139.7046875,801,90.0,598.0,80.0,13.0,483,0
5339357613,13110,目黒区,35.64479166666666,139.7015625,1774,187.0,1242.0,300.0,49.0,1108,0
5339357614,13113,渋谷区,35.64479166666666,139.7046875,1797,207.0,1175.0,343.0,72.0,1011,0
5339357621,13113,渋谷区,35.64270833333333,139.7078125,680,72.0,450.0,107.0,12.0,394,0
5339357622,13113,渋谷区,35.64270833333333,139.7109375,1299,101.0,847.0,235.0,35.0,793,0
5339357623,13113,渋谷区,35.64479166666666,139.7078125,1099,91.0,719.0,144.0,51.0,730,0
5339357624,13113,渋谷区,35.64479166666666,139.7109375,1109,91.0,667.0,157.0,29.0,773,0
5339357631,13110,目黒区,35.646875,139.7015625,952,99.0,617.0,124.0,42.0,595,0
5339357632,13113,渋谷区,35.646875,139.7046875,1278,96.0,808.0,188.0,67.0,857,0
5339357633,13113,渋谷区,35.64895833333333,139.7015625,542,51.0,285.0,142.0,28.0,306,0
5339357634,13113,渋谷区,35.64895833333333,139.7046875,1852,204.0,1127.0,322.0,66.0,1085,0
5339357641,13113,渋谷区,35.646875,139.7078125,714,46.0,442.0,105.0,11.0,497,0
5339357642,13113,渋谷区,35.646875,139.7109375,568,24.0,297.0,88.0,10.0,429,0
5339357643,13113,渋谷区,35.64895833333333,139.7078125,1172,76.0,687.0,232.0,31.0,799,0
5339357644,13113,渋谷区,35.64895833333333,139.7109375,1384,85.0,868.0,219.0,50.0,960,0
5339357711,13113,渋谷区,35.64270833333333,139.7140625,366,46.0,195.0,50.0,21.0,234,0
5339357712,13113,渋谷区,35.64270833333333,139.71718750000002,1366,124.0,882.0,241.0,55.0,838,0
5339357713,13113,渋谷区,35.64479166666666,139.7140625,1341,115.0,847.0,219.0,31.0,871,0
5339357714,13113,渋谷区,35.64479166666666,139.71718750000002,1896,127.0,1240.0,282.0,57.0,1284,0
5339357721,13103,港区,35.64270833333333,139.7203125,1557,110.0,989.0,359.0,62.0,901,0
5339357722,13103,港区,35.64270833333333,139.72343750000002,2355,378.0,1324.0,513.0,107.0,1183,0
5339357723,13113,渋谷区,35.64479166666666,139.7203125,2131,248.0,1434.0,281.0,122.0,1260,0
5339357724,13103,港区,35.64479166666666,139.72343750000002,1954,214.0,1337.0,327.0,114.0,1184,0
5339357731,13113,渋谷区,35.646875,139.7140625,1677,105.0,1063.0,233.0,56.0,1174,0
5339357732,13113,渋谷区,35.646875,139.71718750000002,3299,288.0,2131.0,365.0,123.0,2207,0
5339357733,13113,渋谷区,35.64895833333333,139.7140625,1826,146.0,1132.0,309.0,76.0,1227,0
5339357734,13113,渋谷区,35.64895833333333,139.71718750000002,1581,147.0,1049.0,200.0,55.0,1054,0
5339357741,13113,渋谷区,35.646875,139.7203125,1666,167.0,1109.0,233.0,47.0,1047,0
5339357742,13103,港区,35.646875,139.72343750000002,500,41.0,359.0,87.0,29.0,316,0
5339357743,13113,渋谷区,35.64895833333333,139.7203125,1250,83.0,770.0,210.0,58.0,859,0
5339357744,13103,港区,35.64895833333333,139.72343750000002,2000,156.0,993.0,834.0,78.0,1210,0
5339357811,13103,港区,35.64270833333333,139.7265625,229,27.0,153.0,49.0,12.0,123,0
5339357812,13103,港区,35.64270833333333,139.7296875,1147,178.0,729.0,234.0,78.0,580,0
5339357813,13103,港区,35.64479166666666,139.7265625,1206,135.0,865.0,198.0,45.0,698,0
5339357814,13103,港区,35.64479166666666,139.7296875,2120,239.0,1520.0,361.0,116.0,1232,0
5339357821,13103,港区,35.64270833333333,139.7328125,1049,144.0,680.0,198.0,68.0,583,0
5339357822,13103,港区,35.64270833333333,139.7359375,1335,176.0,898.0,261.0,48.0,752,0
5339357823,13103,港区,35.64479166666666,139.7328125,2994,445.0,2030.0,501.0,101.0,1608,0
5339357824,13103,港区,35.64479166666666,139.7359375,2061,232.0,1492.0,337.0,94.0,1214,0
5339357831,13103,港区,35.646875,139.7265625,847,117.0,591.0,135.0,43.0,476,0
5339357832,13103,港区,35.646875,139.7296875,2031,203.0,1496.0,298.0,92.0,1364,0
5339357833,13103,港区,35.64895833333333,139.7265625,559,134.0,305.0,120.0,159.0,182,0
5339357834,13103,港区,35.64895833333333,139.7296875,1225,199.0,773.0,253.0,151.0,597,0
5339357841,13103,港区,35.646875,139.7328125,1271,115.0,941.0,172.0,74.0,849,0
5339357842,13103,港区,35.646875,139.7359375,1554,147.0,1119.0,277.0,72.0,947,0
5339357843,13103,港区,35.64895833333333,139.7328125,1189,209.0,772.0,138.0,155.0,635,0
5339357844,13103,港区,35.64895833333333,139.7359375,2862,448.0,2008.0,253.0,205.0,1693,0
5339357911,13103,港区,35.64270833333333,139.73906250000002,894,124.0,603.0,167.0,30.0,441,0
5339357912,13103,港区,35.64270833333333,139.74218750000003,497,77.0,333.0,87.0,26.0,247,0
5339357913,13103,港区,35.64479166666666,139.73906250000002,1246,135.0,912.0,199.0,50.0,809,0
5339357914,13103,港区,35.64479166666666,139.74218750000003,277,26.0,182.0,61.0,24.0,155,0
5339357921,13103,港区,35.64270833333333,139.7453125,1317,330.0,911.0,74.0,77.0,550,0
5339357922,13103,港区,35.64270833333333,139.74843750000002,701,39.0,479.0,143.0,52.0,533,0
5339357923,13103,港区,35.64479166666666,139.7453125,47,9.0,31.0,4.0,1.0,29,0
5339357924,13103,港区,35.64479166666666,139.74843750000002,221,32.0,174.0,15.0,11.0,104,0
5339357931,13103,港区,35.646875,139.73906250000002,3343,526.0,2189.0,592.0,123.0,1623,0
5339357932,13103,港区,35.646875,139.74218750000003,1051,92.0,705.0,243.0,50.0,651,0
5339357933,13103,港区,35.64895833333333,139.73906250000002,1370,196.0,874.0,264.0,91.0,687,0
5339357934,13103,港区,35.64895833333333,139.74218750000003,175,20.0,121.0,34.0,14.0,88,0
5339357941,13103,港区,35.646875,139.7453125,545,44.0,323.0,136.0,42.0,371,0
5339357942,13103,港区,35.646875,139.74843750000002,410,47.0,239.0,81.0,11.0,252,0
5339357943,13103,港区,35.64895833333333,139.7453125,1517,98.0,1049.0,176.0,84.0,1101,0
5339357944,13103,港区,35.64895833333333,139.74843750000002,1070,18.0,354.0,691.0,47.0,711,0
5339358011,13112,世田谷区,35.65104166666667,139.6265625,1089,111.0,719.0,258.0,16.0,524,0
5339358012,13112,世田谷区,35.65104166666667,139.62968750000002,1222,153.0,791.0,248.0,13.0,629,0
5339358013,13112,世田谷区,35.653125,139.6265625,2005,396.0,1381.0,226.0,27.0,843,0
5339358014,13112,世田谷区,35.653125,139.62968750000002,1241,174.0,790.0,275.0,20.0,642,0
5339358021,13112,世田谷区,35.65104166666667,139.6328125,1516,121.0,1160.0,227.0,57.0,998,0
5339358022,13112,世田谷区,35.65104166666667,139.6359375,818,46.0,587.0,178.0,13.0,532,0
5339358023,13112,世田谷区,35.653125,139.6328125,1472,138.0,1044.0,273.0,33.0,836,0
5339358024,13112,世田谷区,35.653125,139.6359375,1459,83.0,1001.0,357.0,35.0,947,0
5339358031,13112,世田谷区,35.65520833333334,139.6265625,1647,216.0,1076.0,354.0,43.0,764,0
5339358032,13112,世田谷区,35.65520833333334,139.62968750000002,742,83.0,512.0,147.0,7.0,382,0
5339358033,13112,世田谷区,35.65729166666667,139.6265625,1387,165.0,943.0,279.0,16.0,668,0
5339358034,13112,世田谷区,35.65729166666667,139.62968750000002,822,76.0,572.0,172.0,18.0,454,0
5339358041,13112,世田谷区,35.65520833333334,139.6328125,1311,141.0,862.0,307.0,23.0,698,0
5339358042,13112,世田谷区,35.65520833333334,139.6359375,1201,72.0,797.0,327.0,40.0,713,0
5339358043,13112,世田谷区,35.65729166666667,139.6328125,1597,224.0,1019.0,339.0,14.0,767,0
5339358044,13112,世田谷区,35.65729166666667,139.6359375,1595,198.0,1093.0,300.0,38.0,786,0
5339358111,13112,世田谷区,35.65104166666667,139.6390625,1238,74.0,873.0,288.0,32.0,805,0
5339358112,13112,世田谷区,35.65104166666667,139.6421875,1286,107.0,912.0,267.0,30.0,787,0
5339358113,13112,世田谷区,35.653125,139.6390625,1419,174.0,982.0,263.0,24.0,784,0
5339358114,13112,世田谷区,35.653125,139.6421875,871,74.0,573.0,224.0,9.0,525,0
5339358121,13112,世田谷区,35.65104166666667,139.6453125,1170,122.0,776.0,272.0,34.0,692,0
5339358122,13112,世田谷区,35.65104166666667,139.6484375,1095,119.0,738.0,237.0,9.0,614,0
5339358123,13112,世田谷区,35.653125,139.6453125,1083,91.0,725.0,265.0,22.0,626,0
5339358124,13112,世田谷区,35.653125,139.6484375,1437,96.0,1001.0,317.0,28.0,872,0
5339358131,13112,世田谷区,35.65520833333334,139.6390625,935,108.0,635.0,192.0,15.0,495,0
5339358132,13112,世田谷区,35.65520833333334,139.6421875,1067,124.0,698.0,245.0,9.0,541,0
5339358133,13112,世田谷区,35.65729166666667,139.6390625,1059,149.0,744.0,166.0,7.0,470,0
5339358134,13112,世田谷区,35.65729166666667,139.6421875,1216,131.0,849.0,236.0,16.0,663,0
5339358141,13112,世田谷区,35.65520833333334,139.6453125,1204,114.0,835.0,248.0,35.0,688,0
5339358142,13112,世田谷区,35.65520833333334,139.6484375,1571,135.0,1130.0,298.0,32.0,954,0
5339358143,13112,世田谷区,35.65729166666667,139.6453125,1227,97.0,836.0,294.0,28.0,709,0
5339358144,13112,世田谷区,35.65729166666667,139.6484375,1478,106.0,1097.0,275.0,59.0,943,0
5339358211,13112,世田谷区,35.65104166666667,139.6515625,1202,157.0,791.0,246.0,12.0,595,0
5339358212,13112,世田谷区,35.65104166666667,139.65468750000002,979,98.0,648.0,227.0,17.0,502,0
5339358213,13112,世田谷区,35.653125,139.6515625,1293,138.0,897.0,252.0,36.0,719,0
5339358214,13112,世田谷区,35.653125,139.65468750000002,1349,131.0,937.0,275.0,28.0,750,0
5339358221,13112,世田谷区,35.65104166666667,139.6578125,1388,179.0,942.0,267.0,23.0,701,0
5339358222,13112,世田谷区,35.65104166666667,139.66093750000002,1212,129.0,859.0,204.0,27.0,692,0
5339358223,13112,世田谷区,35.653125,139.6578125,1304,203.0,915.0,186.0,27.0,667,0
5339358224,13112,世田谷区,35.653125,139.66093750000002,1080,79.0,840.0,159.0,45.0,709,0
5339358231,13112,世田谷区,35.65520833333334,139.6515625,1204,93.0,821.0,270.0,24.0,742,0
5339358232,13112,世田谷区,35.65520833333334,139.65468750000002,1593,127.0,1146.0,318.0,46.0,1015,0
5339358233,13112,世田谷区,35.65729166666667,139.6515625,827,87.0,562.0,161.0,9.0,398,0
5339358234,13112,世田谷区,35.65729166666667,139.65468750000002,496,39.0,368.0,88.0,15.0,329,0
5339358241,13112,世田谷区,35.65520833333334,139.6578125,1346,116.0,995.0,235.0,50.0,822,0
5339358242,13112,世田谷区,35.65520833333334,139.66093750000002,1167,116.0,841.0,188.0,42.0,687,0
5339358243,13112,世田谷区,35.65729166666667,139.6578125,951,76.0,646.0,211.0,34.0,541,0
5339358244,13112,世田谷区,35.65729166666667,139.66093750000002,1303,108.0,968.0,221.0,38.0,810,0
5339358311,13112,世田谷区,35.65104166666667,139.6640625,1328,148.0,931.0,249.0,22.0,713,0
5339358312,13112,世田谷区,35.65104166666667,139.6671875,1447,169.0,1009.0,269.0,34.0,817,0
5339358313,13112,世田谷区,35.653125,139.6640625,1501,160.0,1089.0,247.0,43.0,857,0
5339358314,13112,世田谷区,35.653125,139.6671875,1461,137.0,1063.0,258.0,37.0,858,0
5339358321,13112,世田谷区,35.65104166666667,139.6703125,2129,370.0,1482.0,269.0,58.0,1030,0
5339358322,13112,世田谷区,35.65104166666667,139.6734375,1294,191.0,885.0,218.0,24.0,687,0
5339358323,13112,世田谷区,35.653125,139.6703125,1218,154.0,841.0,219.0,26.0,616,0
5339358324,13112,世田谷区,35.653125,139.6734375,1289,151.0,906.0,228.0,21.0,737,0
5339358331,13112,世田谷区,35.65520833333334,139.6640625,1029,90.0,682.0,250.0,31.0,569,0
5339358332,13112,世田谷区,35.65520833333334,139.6671875,869,48.0,608.0,213.0,53.0,539,0
5339358333,13112,世田谷区,35.65729166666667,139.6640625,1304,106.0,898.0,285.0,41.0,701,0
5339358334,13112,世田谷区,35.65729166666667,139.6671875,1121,73.0,836.0,202.0,30.0,712,0
5339358341,13112,世田谷区,35.65520833333334,139.6703125,1079,193.0,710.0,176.0,34.0,474,0
5339358342,13112,世田谷区,35.65520833333334,139.6734375,1127,131.0,786.0,210.0,28.0,574,0
5339358343,13112,世田谷区,35.65729166666667,139.6703125,988,122.0,635.0,231.0,27.0,476,0
5339358344,13112,世田谷区,35.65729166666667,139.6734375,903,139.0,588.0,175.0,57.0,412,0
5339358411,13112,世田谷区,35.65104166666667,139.67656250000002,1965,212.0,1423.0,330.0,50.0,1164,0
5339358412,13112,世田谷区,35.65104166666667,139.67968750000003,1586,97.0,1170.0,316.0,58.0,989,0
5339358413,13112,世田谷区,35.653125,139.67656250000002,1995,203.0,1339.0,452.0,29.0,1078,0
5339358414,13112,世田谷区,35.653125,139.67968750000003,1555,221.0,1006.0,248.0,45.0,782,0
5339358421,13112,世田谷区,35.65104166666667,139.6828125,1012,42.0,821.0,147.0,35.0,744,0
5339358422,13110,目黒区,35.65104166666667,139.68593750000002,1638,161.0,1235.0,224.0,45.0,1053,0
5339358423,13112,世田谷区,35.653125,139.6828125,565,101.0,424.0,40.0,3.0,351,0
5339358424,13110,目黒区,35.653125,139.68593750000002,934,196.0,655.0,72.0,9.0,379,0
5339358431,13112,世田谷区,35.65520833333334,139.67656250000002,1680,201.0,1160.0,318.0,51.0,876,0
5339358432,13112,世田谷区,35.65520833333334,139.67968750000003,1421,216.0,981.0,220.0,37.0,704,0
5339358433,13112,世田谷区,35.65729166666667,139.67656250000002,1089,134.0,711.0,242.0,23.0,590,0
5339358434,13110,目黒区,35.65729166666667,139.67968750000003,535,49.0,312.0,171.0,16.0,323,0
5339358441,13110,目黒区,35.65520833333334,139.6828125,1508,235.0,823.0,442.0,22.0,544,0
5339358442,13110,目黒区,35.65520833333334,139.68593750000002,634,85.0,436.0,113.0,11.0,328,0
5339358443,13110,目黒区,35.65729166666667,139.6828125,1126,130.0,732.0,260.0,49.0,604,0
5339358444,13110,目黒区,35.65729166666667,139.68593750000002,1245,108.0,921.0,207.0,60.0,767,0
5339358511,13110,目黒区,35.65104166666667,139.6890625,2772,268.0,2187.0,317.0,100.0,1697,0
5339358512,13110,目黒区,35.65104166666667,139.69218750000002,1108,119.0,802.0,187.0,58.0,645,0
5339358513,13110,目黒区,35.653125,139.6890625,1353,98.0,988.0,256.0,53.0,889,0
5339358514,13110,目黒区,35.653125,139.69218750000002,1302,123.0,1038.0,141.0,58.0,835,0
5339358521,13110,目黒区,35.65104166666667,139.6953125,219,42.0,124.0,49.0,18.0,90,0
5339358522,13113,渋谷区,35.65104166666667,139.6984375,658,92.0,435.0,89.0,36.0,325,0
5339358523,13113,渋谷区,35.653125,139.6953125,690,84.0,390.0,178.0,19.0,351,0
5339358524,13113,渋谷区,35.653125,139.6984375,1254,138.0,770.0,218.0,78.0,670,0
5339358531,13110,目黒区,35.65520833333334,139.6890625,1965,149.0,1414.0,384.0,69.0,1159,0
5339358532,13113,渋谷区,35.65520833333334,139.69218750000002,1919,157.0,1368.0,282.0,70.0,1231,0
5339358533,13110,目黒区,35.65729166666667,139.6890625,1512,175.0,1017.0,303.0,62.0,819,0
5339358534,13113,渋谷区,35.65729166666667,139.69218750000002,1533,95.0,948.0,337.0,39.0,996,0
5339358541,13113,渋谷区,35.65520833333334,139.6953125,1165,82.0,711.0,198.0,43.0,817,0
5339358542,13113,渋谷区,35.65520833333334,139.6984375,971,101.0,573.0,131.0,38.0,603,0
5339358543,13113,渋谷区,35.65729166666667,139.6953125,1223,25.0,686.0,148.0,48.0,1012,0
5339358544,13113,渋谷区,35.65729166666667,139.6984375,52,0.0,20.0,27.0,8.0,35,0
5339358611,13113,渋谷区,35.65104166666667,139.7015625,1255,155.0,750.0,213.0,67.0,687,0
5339358612,13113,渋谷区,35.65104166666667,139.7046875,1122,91.0,645.0,193.0,53.0,739,0
5339358613,13113,渋谷区,35.653125,139.7015625,1554,249.0,979.0,196.0,76.0,787,0
5339358614,13113,渋谷区,35.653125,139.7046875,1002,88.0,598.0,137.0,43.0,625,0
5339358621,13113,渋谷区,35.65104166666667,139.7078125,1525,97.0,949.0,237.0,44.0,1084,0
5339358622,13113,渋谷区,35.65104166666667,139.7109375,1129,92.0,638.0,187.0,48.0,744,0
5339358623,13113,渋谷区,35.653125,139.7078125,1386,65.0,765.0,431.0,45.0,944,0
5339358624,13113,渋谷区,35.653125,139.7109375,1252,120.0,785.0,249.0,31.0,735,0
5339358631,13113,渋谷区,35.65520833333334,139.7015625,764,48.0,393.0,100.0,44.0,559,0
5339358632,13113,渋谷区,35.65520833333334,139.7046875,644,30.0,441.0,52.0,25.0,480,0
5339358633,13113,渋谷区,35.65729166666667,139.7015625,44,3.0,12.0,20.0,0.0,28,0
5339358634,13113,渋谷区,35.65729166666667,139.7046875,499,8.0,326.0,42.0,12.0,437,0
5339358641,13113,渋谷区,35.65520833333334,139.7078125,1162,97.0,694.0,189.0,39.0,758,0
5339358642,13113,渋谷区,35.65520833333334,139.7109375,320,27.0,195.0,61.0,6.0,209,0
5339358643,13113,渋谷区,35.65729166666667,139.7078125,1006,101.0,533.0,184.0,45.0,651,0
5339358644,13113,渋谷区,35.65729166666667,139.7109375,362,22.0,196.0,95.0,12.0,217,0
5339358711,13113,渋谷区,35.65104166666667,139.7140625,869,109.0,543.0,144.0,47.0,422,0
5339358712,13113,渋谷区,35.65104166666667,139.71718750000002,710,95.0,375.0,194.0,92.0,304,0
5339358713,13113,渋谷区,35.653125,139.7140625,954,139.0,580.0,161.0,47.0,478,0
5339358714,13113,渋谷区,35.653125,139.71718750000002,869,132.0,558.0,126.0,83.0,327,0
5339358721,13113,渋谷区,35.65104166666667,139.7203125,492,40.0,256.0,122.0,11.0,331,0
5339358722,13103,港区,35.65104166666667,139.72343750000002,959,166.0,589.0,129.0,140.0,524,0
5339358723,13113,渋谷区,35.653125,139.7203125,1209,230.0,596.0,324.0,68.0,548,0
5339358724,13103,港区,35.653125,139.72343750000002,713,138.0,442.0,121.0,58.0,328,0
5339358731,13113,渋谷区,35.65520833333334,139.7140625,1666,231.0,1048.0,258.0,79.0,897,0
5339358732,13113,渋谷区,35.65520833333334,139.71718750000002,1059,121.0,520.0,344.0,54.0,428,0
5339358733,13113,渋谷区,35.65729166666667,139.7140625,1484,220.0,992.0,211.0,69.0,740,0
5339358734,13103,港区,35.65729166666667,139.71718750000002,1440,262.0,893.0,258.0,67.0,670,0
5339358741,13113,渋谷区,35.65520833333334,139.7203125,2312,340.0,1220.0,609.0,139.0,1085,0
5339358742,13103,港区,35.65520833333334,139.72343750000002,1162,263.0,634.0,230.0,101.0,460,0
5339358743,13103,港区,35.65729166666667,139.7203125,1034,151.0,673.0,199.0,108.0,512,0
5339358744,13103,港区,35.65729166666667,139.72343750000002,1156,200.0,824.0,132.0,107.0,604,0
5339358811,13103,港区,35.65104166666667,139.7265625,306,5.0,34.0,267.0,4.0,23,0
5339358812,13103,港区,35.65104166666667,139.7296875,931,177.0,575.0,175.0,176.0,433,0
5339358813,13103,港区,35.653125,139.7265625,321,73.0,183.0,65.0,51.0,131,0
5339358814,13103,港区,35.653125,139.7296875,804,189.0,492.0,123.0,159.0,304,0
5339358821,13103,港区,35.65104166666667,139.7328125,1343,210.0,872.0,252.0,141.0,708,0
5339358822,13103,港区,35.65104166666667,139.7359375,1975,278.0,1428.0,251.0,155.0,1196,0
5339358823,13103,港区,35.653125,139.7328125,1172,190.0,784.0,198.0,120.0,612,0
5339358824,13103,港区,35.653125,139.7359375,2722,269.0,2101.0,344.0,183.0,1843,0
5339358831,13103,港区,35.65520833333334,139.7265625,1187,180.0,793.0,214.0,99.0,600,0
5339358832,13103,港区,35.65520833333334,139.7296875,924,187.0,604.0,133.0,174.0,392,0
5339358833,13103,港区,35.65729166666667,139.7265625,943,144.0,630.0,169.0,131.0,453,0
5339358834,13103,港区,35.65729166666667,139.7296875,1001,238.0,656.0,75.0,309.0,488,0
5339358841,13103,港区,35.65520833333334,139.7328125,1105,156.0,778.0,171.0,127.0,597,0
5339358842,13103,港区,35.65520833333334,139.7359375,2063,152.0,1573.0,338.0,125.0,1415,0
5339358843,13103,港区,35.65729166666667,139.7328125,873,89.0,570.0,197.0,77.0,526,0
5339358844,13103,港区,35.65729166666667,139.7359375,1331,197.0,954.0,162.0,86.0,795,0
5339358911,13103,港区,35.65104166666667,139.73906250000002,533,83.0,307.0,121.0,31.0,262,0
5339358912,13103,港区,35.65104166666667,139.74218750000003,984,193.0,603.0,167.0,46.0,463,0
5339358913,13103,港区,35.653125,139.73906250000002,1567,225.0,962.0,317.0,107.0,784,0
5339358914,13103,港区,35.653125,139.74218750000003,276,35.0,188.0,37.0,18.0,149,0
5339358921,13103,港区,35.65104166666667,139.7453125,1673,148.0,1134.0,311.0,86.0,1061,0
5339358922,13103,港区,35.65104166666667,139.74843750000002,1485,210.0,1010.0,206.0,70.0,823,0
5339358923,13103,港区,35.653125,139.7453125,1018,103.0,805.0,92.0,99.0,662,0
5339358924,13103,港区,35.653125,139.74843750000002,494,60.0,405.0,29.0,58.0,328,0
5339358931,13103,港区,35.65520833333334,139.73906250000002,2049,211.0,1445.0,208.0,123.0,1363,0
5339358932,13103,港区,35.65520833333334,139.74218750000003,1551,127.0,1125.0,179.0,67.0,1085,0
5339358933,13103,港区,35.65729166666667,139.73906250000002,1382,127.0,935.0,210.0,105.0,820,0
5339358934,13103,港区,35.65729166666667,139.74218750000003,1943,217.0,1301.0,278.0,192.0,1228,0
5339358941,13103,港区,35.65520833333334,139.7453125,965,122.0,677.0,107.0,68.0,632,1
5339358942,13103,港区,35.65520833333334,139.74843750000002,9,,,,,4,2
5339358943,13103,港区,35.65729166666667,139.7453125,640,28.0,465.0,39.0,44.0,539,0
5339358944,13103,港区,35.65729166666667,139.74843750000002,1,,,,,1,2
5339359011,13112,世田谷区,35.659375000000004,139.6265625,885,102.0,609.0,173.0,15.0,440,0
5339359012,13112,世田谷区,35.659375000000004,139.62968750000002,889,82.0,660.0,147.0,37.0,488,0
5339359013,13112,世田谷区,35.661458333333336,139.6265625,921,108.0,636.0,172.0,16.0,466,0
5339359014,13112,世田谷区,35.661458333333336,139.62968750000002,649,50.0,424.0,170.0,7.0,380,0
5339359021,13112,世田谷区,35.659375000000004,139.6328125,983,136.0,689.0,158.0,18.0,491,0
5339359022,13112,世田谷区,35.659375000000004,139.6359375,1028,156.0,678.0,194.0,11.0,459,0
5339359023,13112,世田谷区,35.661458333333336,139.6328125,346,43.0,240.0,63.0,4.0,170,0
5339359024,13112,世田谷区,35.661458333333336,139.6359375,988,101.0,666.0,218.0,18.0,511,0
5339359031,13112,世田谷区,35.663541666666674,139.6265625,1541,214.0,982.0,338.0,32.0,721,0
5339359032,13112,世田谷区,35.663541666666674,139.62968750000002,1434,151.0,1020.0,261.0,38.0,733,0
5339359033,13112,世田谷区,35.665625000000006,139.6265625,1147,149.0,741.0,257.0,18.0,534,0
5339359034,13112,世田谷区,35.665625000000006,139.62968750000002,1216,123.0,849.0,244.0,12.0,650,0
5339359041,13112,世田谷区,35.663541666666674,139.6328125,1285,287.0,774.0,224.0,31.0,519,0
5339359042,13112,世田谷区,35.663541666666674,139.6359375,599,28.0,421.0,148.0,29.0,365,0
5339359043,13112,世田谷区,35.665625000000006,139.6328125,1442,188.0,985.0,269.0,22.0,743,0
5339359044,13112,世田谷区,35.665625000000006,139.6359375,1126,89.0,802.0,225.0,31.0,698,0
5339359111,13112,世田谷区,35.659375000000004,139.6390625,877,103.0,585.0,186.0,11.0,451,0
5339359112,13112,世田谷区,35.659375000000004,139.6421875,1311,110.0,960.0,241.0,44.0,797,0
5339359113,13112,世田谷区,35.661458333333336,139.6390625,1204,114.0,835.0,254.0,16.0,640,0
5339359114,13112,世田谷区,35.661458333333336,139.6421875,1238,107.0,865.0,263.0,22.0,703,0
5339359121,13112,世田谷区,35.659375000000004,139.6453125,1019,118.0,646.0,255.0,18.0,477,0
5339359122,13112,世田谷区,35.659375000000004,139.6484375,1502,196.0,1035.0,268.0,41.0,734,0
5339359123,13112,世田谷区,35.661458333333336,139.6453125,1184,127.0,816.0,237.0,16.0,571,0
5339359124,13112,世田谷区,35.661458333333336,139.6484375,1291,153.0,875.0,257.0,31.0,653,0
5339359131,13112,世田谷区,35.663541666666674,139.6390625,1304,126.0,907.0,270.0,43.0,721,0
5339359132,13112,世田谷区,35.663541666666674,139.6421875,1640,149.0,1201.0,290.0,45.0,957,0
5339359133,13112,世田谷区,35.665625000000006,139.6390625,1212,87.0,804.0,284.0,28.0,746,0
5339359134,13112,世田谷区,35.665625000000006,139.6421875,1350,80.0,1004.0,259.0,25.0,915,0
5339359141,13112,世田谷区,35.663541666666674,139.6453125,1277,117.0,858.0,302.0,36.0,651,0
5339359142,13112,世田谷区,35.663541666666674,139.6484375,1249,133.0,828.0,283.0,27.0,628,0
5339359143,13112,世田谷区,35.665625000000006,139.6453125,1456,146.0,1019.0,285.0,18.0,787,0
5339359144,13112,世田谷区,35.665625000000006,139.6484375,889,56.0,646.0,181.0,31.0,566,0
5339359211,13112,世田谷区,35.659375000000004,139.6515625,1234,131.0,881.0,222.0,37.0,667,0
5339359212,13112,世田谷区,35.659375000000004,139.65468750000002,421,25.0,313.0,80.0,15.0,265,0
5339359213,13112,世田谷区,35.661458333333336,139.6515625,1306,151.0,915.0,234.0,37.0,708,0
5339359214,13112,世田谷区,35.661458333333336,139.65468750000002,1298,106.0,960.0,219.0,21.0,819,0
5339359221,13112,世田谷区,35.659375000000004,139.6578125,1002,87.0,671.0,242.0,22.0,559,0
5339359222,13112,世田谷区,35.659375000000004,139.66093750000002,1334,89.0,998.0,245.0,57.0,849,0
5339359223,13112,世田谷区,35.661458333333336,139.6578125,1269,109.0,881.0,279.0,32.0,724,0
5339359224,13112,世田谷区,35.661458333333336,139.66093750000002,1365,97.0,1036.0,232.0,49.0,882,0
5339359231,13112,世田谷区,35.663541666666674,139.6515625,982,106.0,686.0,181.0,13.0,520,0
5339359232,13112,世田谷区,35.663541666666674,139.65468750000002,1628,140.0,1203.0,272.0,38.0,955,0
5339359233,13112,世田谷区,35.665625000000006,139.6515625,1344,99.0,974.0,253.0,37.0,829,0
5339359234,13112,世田谷区,35.665625000000006,139.65468750000002,1413,154.0,970.0,289.0,27.0,729,0
5339359241,13112,世田谷区,35.663541666666674,139.6578125,939,80.0,664.0,194.0,32.0,517,0
5339359242,13112,世田谷区,35.663541666666674,139.66093750000002,1265,81.0,962.0,216.0,37.0,850,0
5339359243,13112,世田谷区,35.665625000000006,139.6578125,1497,114.0,1099.0,282.0,38.0,913,0
5339359244,13112,世田谷区,35.665625000000006,139.66093750000002,1259,95.0,915.0,241.0,46.0,789,0
5339359311,13112,世田谷区,35.659375000000004,139.6640625,1160,69.0,907.0,184.0,57.0,771,0
5339359312,13112,世田谷区,35.659375000000004,139.6671875,1296,72.0,999.0,213.0,42.0,903,0
5339359313,13112,世田谷区,35.661458333333336,139.6640625,1059,59.0,797.0,202.0,37.0,687,0
5339359314,13112,世田谷区,35.661458333333336,139.6671875,598,28.0,421.0,149.0,19.0,397,0
5339359321,13112,世田谷区,35.659375000000004,139.6703125,1101,91.0,778.0,230.0,44.0,658,0
5339359322,13112,世田谷区,35.659375000000004,139.6734375,1169,91.0,852.0,225.0,47.0,751,0
5339359323,13112,世田谷区,35.661458333333336,139.6703125,1180,87.0,924.0,169.0,24.0,698,0
5339359324,13112,世田谷区,35.661458333333336,139.6734375,1713,139.0,1273.0,297.0,71.0,1075,0
5339359331,13112,世田谷区,35.663541666666674,139.6640625,984,60.0,752.0,171.0,63.0,629,0
5339359332,13112,世田谷区,35.663541666666674,139.6671875,1273,71.0,925.0,273.0,43.0,862,0
5339359333,13112,世田谷区,35.665625000000006,139.6640625,1170,123.0,805.0,242.0,27.0,678,0
5339359334,13112,世田谷区,35.665625000000006,139.6671875,1299,104.0,919.0,270.0,39.0,808,0
5339359341,13112,世田谷区,35.663541666666674,139.6703125,1102,78.0,761.0,251.0,41.0,674,0
5339359342,13112,世田谷区,35.663541666666674,139.6734375,1437,148.0,950.0,259.0,42.0,814,0
5339359343,13112,世田谷区,35.665625000000006,139.6703125,1539,100.0,1128.0,311.0,58.0,968,0
5339359344,13112,世田谷区,35.665625000000006,139.6734375,1149,77.0,819.0,213.0,44.0,723,0
5339359411,13112,世田谷区,35.659375000000004,139.67656250000002,912,105.0,616.0,189.0,31.0,504,0
5339359412,13110,目黒区,35.659375000000004,139.67968750000003,234,25.0,169.0,34.0,49.0,135,0
5339359413,13110,目黒区,35.661458333333336,139.67656250000002,592,43.0,436.0,110.0,25.0,373,0
5339359414,13110,目黒区,35.661458333333336,139.67968750000003,211,24.0,129.0,44.0,19.0,111,0
5339359421,13110,目黒区,35.659375000000004,139.6828125,252,19.0,198.0,34.0,5.0,173,0
5339359422,13110,目黒区,35.659375000000004,139.68593750000002,38,2.0,32.0,3.0,2.0,31,0
5339359423,13110,目黒区,35.661458333333336,139.6828125,129,13.0,84.0,31.0,2.0,54,0
5339359424,13110,目黒区,35.661458333333336,139.68593750000002,251,18.0,180.0,33.0,11.0,158,0
5339359431,13110,目黒区,35.663541666666674,139.67656250000002,682,66.0,488.0,96.0,33.0,428,0
5339359432,13110,目黒区,35.663541666666674,139.67968750000003,1056,119.0,695.0,202.0,36.0,553,0
5339359433,13113,渋谷区,35.665625000000006,139.67656250000002,1106,162.0,691.0,179.0,59.0,570,0
5339359434,13113,渋谷区,35.665625000000006,139.67968750000003,1410,202.0,885.0,225.0,44.0,741,0
5339359441,13113,渋谷区,35.663541666666674,139.6828125,1043,178.0,667.0,154.0,46.0,495,0
5339359442,13113,渋谷区,35.663541666666674,139.68593750000002,2122,217.0,1488.0,243.0,73.0,1345,0
5339359443,13113,渋谷区,35.665625000000006,139.6828125,1038,191.0,661.0,139.0,48.0,453,0
5339359444,13113,渋谷区,35.665625000000006,139.68593750000002,1540,192.0,999.0,240.0,67.0,867,0
5339359511,13113,渋谷区,35.659375000000004,139.6890625,894,67.0,492.0,262.0,43.0,449,0
5339359512,13113,渋谷区,35.659375000000004,139.69218750000002,1085,125.0,651.0,178.0,71.0,664,0
5339359513,13113,渋谷区,35.661458333333336,139.6890625,819,99.0,534.0,110.0,38.0,440,0
5339359514,13113,渋谷区,35.661458333333336,139.69218750000002,340,45.0,156.0,108.0,42.0,146,0
5339359521,13113,渋谷区,35.659375000000004,139.6953125,1101,32.0,598.0,106.0,44.0,941,0
5339359522,13113,渋谷区,35.659375000000004,139.6984375,22,2.0,12.0,6.0,0.0,14,0
5339359523,13113,渋谷区,35.661458333333336,139.6953125,379,41.0,237.0,54.0,30.0,220,0
5339359524,13113,渋谷区,35.661458333333336,139.6984375,83,4.0,26.0,24.0,1.0,66,0
5339359531,13113,渋谷区,35.663541666666674,139.6890625,866,55.0,593.0,111.0,38.0,570,0
5339359532,13113,渋谷区,35.663541666666674,139.69218750000002,556,70.0,318.0,112.0,28.0,287,0
5339359533,13113,渋谷区,35.665625000000006,139.6890625,1280,174.0,830.0,188.0,65.0,707,0
5339359534,13113,渋谷区,35.665625000000006,139.69218750000002,1186,105.0,756.0,152.0,71.0,765,0
5339359541,13113,渋谷区,35.663541666666674,139.6953125,935,82.0,578.0,79.0,34.0,687,0
5339359542,13113,渋谷区,35.663541666666674,139.6984375,380,25.0,191.0,77.0,22.0,269,0
5339359543,13113,渋谷区,35.665625000000006,139.6953125,91,7.0,64.0,6.0,11.0,65,0
5339359544,13113,渋谷区,35.665625000000006,139.6984375,92,19.0,59.0,8.0,28.0,46,0
5339359611,13113,渋谷区,35.659375000000004,139.7015625,3,,,,,2,2
5339359612,13113,渋谷区,35.659375000000004,139.7046875,199,2.0,45.0,5.0,8.0,183,0
5339359613,13113,渋谷区,35.661458333333336,139.7015625,93,13.0,55.0,15.0,2.0,53,1
5339359614,13113,渋谷区,35.661458333333336,139.7046875,1385,123.0,767.0,310.0,25.0,753,0
5339359621,13113,渋谷区,35.659375000000004,139.7078125,361,13.0,227.0,52.0,5.0,277,0
5339359622,13113,渋谷区,35.659375000000004,139.7109375,176,18.0,102.0,30.0,5.0,106,0
5339359623,13113,渋谷区,35.661458333333336,139.7078125,244,16.0,144.0,36.0,9.0,184,0
5339359624,13113,渋谷区,35.661458333333336,139.7109375,204,28.0,117.0,58.0,5.0,105,0
5339359631,13113,渋谷区,35.663541666666674,139.7015625,461,52.0,264.0,65.0,46.0,286,0
5339359632,13113,渋谷区,35.663541666666674,139.7046875,955,122.0,543.0,180.0,49.0,508,0
5339359633,13113,渋谷区,35.665625000000006,139.7015625,303,20.0,191.0,53.0,22.0,200,0
5339359634,13113,渋谷区,35.665625000000006,139.7046875,638,53.0,383.0,136.0,20.0,345,0
5339359641,13113,渋谷区,35.663541666666674,139.7078125,265,22.0,157.0,73.0,11.0,133,0
5339359642,13103,港区,35.663541666666674,139.7109375,184,28.0,109.0,47.0,16.0,100,0
5339359643,13113,渋谷区,35.665625000000006,139.7078125,652,85.0,385.0,133.0,70.0,322,0
5339359644,13103,港区,35.665625000000006,139.7109375,161,17.0,89.0,52.0,4.0,81,0
5339359711,13103,港区,35.659375000000004,139.7140625,945,111.0,640.0,175.0,40.0,538,0
5339359712,13103,港区,35.659375000000004,139.71718750000002,1381,179.0,976.0,226.0,65.0,798,0
5339359713,13103,港区,35.661458333333336,139.7140625,707,109.0,422.0,157.0,32.0,362,0
5339359714,13103,港区,35.661458333333336,139.71718750000002,554,90.0,310.0,152.0,17.0,276,0
5339359721,13103,港区,35.659375000000004,139.7203125,989,162.0,730.0,97.0,108.0,576,0
5339359722,13103,港区,35.659375000000004,139.72343750000002,1476,153.0,1093.0,230.0,125.0,954,0
5339359723,13103,港区,35.661458333333336,139.7203125,1276,157.0,843.0,276.0,122.0,695,0
5339359724,13103,港区,35.661458333333336,139.72343750000002,871,77.0,644.0,150.0,83.0,548,0
5339359731,13103,港区,35.663541666666674,139.7140625,558,84.0,301.0,154.0,12.0,272,0
5339359732,13103,港区,35.663541666666674,139.71718750000002,888,212.0,558.0,117.0,67.0,350,0
5339359733,13103,港区,35.665625000000006,139.7140625,362,30.0,210.0,121.0,15.0,184,0
5339359734,13103,港区,35.665625000000006,139.71718750000002,819,129.0,534.0,147.0,25.0,378,0
5339359741,13103,港区,35.663541666666674,139.7203125,552,93.0,373.0,86.0,55.0,304,0
5339359743,13103,港区,35.665625000000006,139.7203125,924,118.0,632.0,172.0,27.0,471,0
5339359744,13103,港区,35.665625000000006,139.72343750000002,43,3.0,28.0,12.0,0.0,27,0
5339359811,13103,港区,35.659375000000004,139.7265625,868,112.0,602.0,154.0,82.0,501,0
5339359812,13103,港区,35.659375000000004,139.7296875,1159,203.0,619.0,162.0,166.0,629,0
5339359813,13103,港区,35.661458333333336,139.7265625,812,70.0,580.0,162.0,78.0,522,0
5339359814,13103,港区,35.661458333333336,139.7296875,246,16.0,127.0,101.0,17.0,169,0
5339359821,13103,港区,35.659375000000004,139.7328125,309,35.0,197.0,62.0,39.0,172,0
5339359822,13103,港区,35.659375000000004,139.7359375,1015,162.0,640.0,200.0,105.0,502,0
5339359823,13103,港区,35.661458333333336,139.7328125,129,7.0,85.0,37.0,16.0,79,0
5339359824,13103,港区,35.661458333333336,139.7359375,613,54.0,437.0,65.0,132.0,428,0
5339359831,13103,港区,35.663541666666674,139.7265625,322,31.0,202.0,89.0,31.0,170,0
5339359832,13103,港区,35.663541666666674,139.7296875,818,71.0,562.0,185.0,69.0,541,0
5339359833,13103,港区,35.665625000000006,139.7265625,529,60.0,345.0,91.0,31.0,353,0
5339359834,13103,港区,35.665625000000006,139.7296875,435,48.0,313.0,56.0,67.0,291,0
5339359841,13103,港区,35.663541666666674,139.7328125,279,4.0,201.0,74.0,18.0,207,0
5339359842,13103,港区,35.663541666666674,139.7359375,1583,122.0,1057.0,178.0,212.0,1131,0
5339359843,13103,港区,35.665625000000006,139.7328125,1271,279.0,850.0,140.0,79.0,599,0
5339359844,13103,港区,35.665625000000006,139.7359375,981,77.0,707.0,121.0,170.0,698,0
5339359911,13103,港区,35.659375000000004,139.73906250000002,1491,205.0,1059.0,147.0,128.0,843,0
5339359912,13103,港区,35.659375000000004,139.74218750000003,451,64.0,323.0,47.0,79.0,280,0
5339359913,13103,港区,35.661458333333336,139.73906250000002,583,52.0,370.0,92.0,41.0,384,0
5339359914,13103,港区,35.661458333333336,139.74218750000003,53,6.0,40.0,2.0,7.0,35,0
5339359921,13103,港区,35.659375000000004,139.7453125,233,33.0,158.0,25.0,12.0,123,0
5339359922,13103,港区,35.659375000000004,139.74843750000002,6,,,,,2,2
5339359923,13103,港区,35.661458333333336,139.7453125,495,38.0,321.0,67.0,30.0,356,0
5339359924,13103,港区,35.661458333333336,139.74843750000002,263,26.0,151.0,43.0,12.0,177,1
5339359931,13103,港区,35.663541666666674,139.73906250000002,1242,151.0,826.0,151.0,101.0,770,0
5339359932,13103,港区,35.663541666666674,139.74218750000003,1249,182.0,834.0,169.0,132.0,648,0
5339359933,13103,港区,35.665625000000006,139.73906250000002,739,119.0,495.0,85.0,203.0,382,0
5339359934,13103,港区,35.665625000000006,139.74218750000003,386,46.0,235.0,58.0,94.0,243,0
5339359941,13103,港区,35.663541666666674,139.7453125,514,52.0,302.0,91.0,42.0,327,0
5339359942,13103,港区,35.663541666666674,139.74843750000002,1697,204.0,1120.0,155.0,184.0,1097,0
5339359943,13103,港区,35.665625000000006,139.7453125,634,38.0,415.0,104.0,30.0,464,0
5339359944,13103,港区,35.665625000000006,139.74843750000002,327,25.0,197.0,77.0,16.0,213,0
5339361031,13109,品川区,35.596875000000004,139.7515625,1485,163.0,854.0,465.0,192.0,697,0
5339361032,13109,品川区,35.596875000000004,139.75468750000002,786,99.0,419.0,266.0,22.0,337,0
5339361033,13109,品川区,35.598958333333336,139.7515625,1391,117.0,659.0,615.0,116.0,635,0
5339361034,13109,品川区,35.598958333333336,139.75468750000002,1188,112.0,579.0,493.0,32.0,544,0
5339362011,13109,品川区,35.60104166666667,139.7515625,1168,125.0,621.0,410.0,38.0,477,0
5339362012,13109,品川区,35.60104166666667,139.75468750000002,405,48.0,262.0,100.0,13.0,175,1
5339362013,13109,品川区,35.603125,139.7515625,1683,183.0,942.0,535.0,173.0,741,0
5339362014,13109,品川区,35.603125,139.75468750000002,1068,108.0,607.0,329.0,33.0,471,0
5339362022,13109,品川区,35.60104166666667,139.7609375,43,,,,,42,2
5339362032,13109,品川区,35.60520833333334,139.75468750000002,478,29.0,212.0,236.0,18.0,226,0
5339364032,13109,品川区,35.621875,139.75468750000002,375,82.0,276.0,6.0,23.0,162,0
5339364033,13109,品川区,35.623958333333334,139.7515625,230,19.0,146.0,39.0,13.0,133,0
5339364034,13109,品川区,35.623958333333334,139.75468750000002,827,110.0,546.0,23.0,39.0,471,0
5339364043,13109,品川区,35.623958333333334,139.7578125,40,0.0,30.0,0.0,2.0,40,0
5339364142,13108,江東区,35.621875,139.7734375,66,0.0,66.0,0.0,61.0,66,0
5339364211,13108,江東区,35.61770833333333,139.7765625,19,,,,,16,2
5339364213,13108,江東区,35.619791666666664,139.7765625,369,23.0,353.0,1.0,346.0,277,1
5339364231,13108,江東区,35.621875,139.7765625,158,0.0,158.0,0.0,151.0,158,0
5339364331,13108,江東区,35.621875,139.7890625,1,,,,,1,2
5339365013,13103,港区,35.628125,139.7515625,2630,535.0,1774.0,235.0,139.0,1171,0
5339365023,13103,港区,35.628125,139.7578125,55,9.0,46.0,0.0,0.0,39,0
5339365031,13103,港区,35.630208333333336,139.7515625,1831,304.0,1096.0,403.0,97.0,796,0
5339365032,13103,港区,35.630208333333336,139.75468750000002,400,54.0,285.0,31.0,20.0,239,0
5339365033,13103,港区,35.63229166666667,139.7515625,1660,298.0,1118.0,195.0,95.0,802,0
5339365231,13103,港区,35.630208333333336,139.7765625,568,108.0,389.0,64.0,46.0,233,0
5339365232,13103,港区,35.630208333333336,139.77968750000002,1525,206.0,1058.0,201.0,70.0,723,1
5339365234,13103,港区,35.63229166666667,139.77968750000002,1901,291.0,1327.0,255.0,149.0,841,0
5339365544,13108,江東区,35.63229166666667,139.8234375,1,,,,,1,2
5339366011,13103,港区,35.634375,139.7515625,584,109.0,331.0,143.0,40.0,260,0
5339366013,13103,港区,35.63645833333333,139.7515625,2348,444.0,1704.0,151.0,103.0,1116,0
5339366031,13103,港区,35.63854166666667,139.7515625,1559,226.0,941.0,380.0,105.0,763,0
5339366032,13103,港区,35.63854166666667,139.75468750000002,881,95.0,616.0,68.0,65.0,547,0
5339366033,13103,港区,35.640625,139.7515625,4660,932.0,3432.0,296.0,427.0,2243,0
5339366034,13103,港区,35.640625,139.75468750000002,677,74.0,486.0,75.0,37.0,388,0
5339366043,13103,港区,35.640625,139.7578125,337,26.0,251.0,26.0,22.0,269,0
5339366211,13103,港区,35.634375,139.7765625,1472,255.0,1053.0,124.0,81.0,657,0
5339366223,13108,江東区,35.63645833333333,139.7828125,1358,341.0,957.0,60.0,155.0,557,0
5339366224,13108,江東区,35.63645833333333,139.78593750000002,4854,1202.0,3396.0,255.0,283.0,1988,0
5339366314,13108,江東区,35.63645833333333,139.7921875,914,205.0,686.0,23.0,105.0,391,0
5339366321,13108,江東区,35.634375,139.7953125,15,,,,,14,2
5339366323,13108,江東区,35.63645833333333,139.7953125,170,33.0,139.0,11.0,27.0,72,1
5339366331,13108,江東区,35.63854166666667,139.7890625,26,,,,,25,2
5339366332,13108,江東区,35.63854166666667,139.7921875,1020,136.0,833.0,73.0,35.0,617,1
5339366333,13108,江東区,35.640625,139.7890625,12,2.0,10.0,0.0,0.0,5,0
5339366334,13108,江東区,35.640625,139.7921875,617,151.0,453.0,13.0,76.0,244,0
5339366341,13108,江東区,35.63854166666667,139.7953125,462,87.0,360.0,17.0,66.0,215,1
5339366342,13108,江東区,35.63854166666667,139.7984375,2,,,,,2,2
5339366343,13108,江東区,35.640625,139.7953125,444,85.0,320.0,39.0,25.0,192,0
5339366431,13108,江東区,35.63854166666667,139.80156250000002,8,0.0,7.0,0.0,0.0,8,0
5339366432,13108,江東区,35.63854166666667,139.80468750000003,17,0.0,17.0,0.0,13.0,17,0
5339366433,13108,江東区,35.640625,139.80156250000002,669,83.0,521.0,65.0,15.0,247,0
5339366434,13108,江東区,35.640625,139.80468750000003,15,0.0,12.0,1.0,10.0,15,0
5339366524,13108,江東区,35.63645833333333,139.8234375,1,,,,,1,2
5339366544,13108,江東区,35.640625,139.8234375,2,,,,,1,2
5339366621,13108,江東区,35.634375,139.8328125,3,,,,,2,2
5339366624,13108,江東区,35.63645833333333,139.8359375,2,,,,,2,2
5339366631,13108,江東区,35.63854166666667,139.8265625,5,0.0,20.0,8.0,10.0,1,1
5339367011,13103,港区,35.64270833333333,139.7515625,334,34.0,227.0,62.0,27.0,205,0
5339367012,13103,港区,35.64270833333333,139.75468750000002,986,86.0,732.0,47.0,42.0,716,0
5339367013,13103,港区,35.64479166666666,139.7515625,735,58.0,559.0,113.0,36.0,517,0
5339367014,13103,港区,35.64479166666666,139.75468750000002,2530,287.0,1822.0,341.0,174.0,1553,0
5339367021,13103,港区,35.64270833333333,139.7578125,414,39.0,274.0,91.0,27.0,255,0
5339367023,13103,港区,35.64479166666666,139.7578125,80,7.0,36.0,6.0,0.0,59,0
5339367031,13103,港区,35.646875,139.7515625,1636,237.0,1123.0,194.0,30.0,952,0
5339367032,13103,港区,35.646875,139.75468750000002,2783,577.0,1994.0,198.0,155.0,1320,0
5339367033,13103,港区,35.64895833333333,139.7515625,1351,107.0,987.0,155.0,69.0,999,0
5339367034,13103,港区,35.64895833333333,139.75468750000002,775,22.0,704.0,49.0,30.0,663,0
5339367041,13103,港区,35.646875,139.7578125,650,90.0,487.0,34.0,33.0,378,0
5339367043,13103,港区,35.64895833333333,139.7578125,545,57.0,426.0,20.0,49.0,366,0
5339367321,13108,江東区,35.64270833333333,139.7953125,1486,317.0,1095.0,74.0,78.0,666,0
5339367322,13108,江東区,35.64270833333333,139.7984375,1523,121.0,813.0,585.0,108.0,754,0
5339367324,13108,江東区,35.64479166666666,139.7984375,911,52.0,373.0,486.0,41.0,528,0
5339367332,13108,江東区,35.646875,139.7921875,2842,796.0,1884.0,157.0,247.0,1055,0
5339367334,13108,江東区,35.64895833333333,139.7921875,696,76.0,607.0,9.0,77.0,413,0
5339367342,13108,江東区,35.646875,139.7984375,4,,,,,3,2
5339367344,13108,江東区,35.64895833333333,139.7984375,872,113.0,657.0,106.0,12.0,319,1
5339367411,13108,江東区,35.64270833333333,139.80156250000002,1700,293.0,1209.0,187.0,56.0,787,0
5339367412,13108,江東区,35.64270833333333,139.80468750000003,1633,270.0,1090.0,276.0,112.0,634,1
5339367413,13108,江東区,35.64479166666666,139.80156250000002,1897,515.0,1249.0,130.0,100.0,769,0
5339367414,13108,江東区,35.64479166666666,139.80468750000003,2858,415.0,2063.0,379.0,162.0,1225,0
5339367421,13108,江東区,35.64270833333333,139.8078125,3,,,,,2,2
5339367431,13108,江東区,35.646875,139.80156250000002,2500,464.0,1927.0,97.0,98.0,1315,0
5339367432,13108,江東区,35.646875,139.80468750000003,4400,898.0,3233.0,263.0,372.0,1903,0
5339367433,13108,江東区,35.64895833333333,139.80156250000002,1356,198.0,1072.0,73.0,72.0,732,0
5339367434,13108,江東区,35.64895833333333,139.80468750000003,3832,1052.0,2598.0,180.0,227.0,1411,0
5339367441,13108,江東区,35.646875,139.8078125,59,12.0,45.0,2.0,0.0,24,0
5339367442,13108,江東区,35.646875,139.81093750000002,436,5.0,148.0,283.0,31.0,284,0
5339367443,13108,江東区,35.64895833333333,139.8078125,1025,36.0,411.0,578.0,86.0,591,0
5339367444,13108,江東区,35.64895833333333,139.81093750000002,1052,21.0,391.0,638.0,94.0,658,0
5339367511,13108,江東区,35.64270833333333,139.8140625,2,,,,,2,2
5339367512,13108,江東区,35.64270833333333,139.81718750000002,9,,,,,9,2
5339367514,13108,江東区,35.64479166666666,139.81718750000002,11,,,,,10,2
5339367521,13108,江東区,35.64270833333333,139.8203125,11,0.0,37.0,7.0,3.0,9,1
5339367523,13108,江東区,35.64479166666666,139.8203125,9,,,,,6,2
5339367524,13108,江東区,35.64479166666666,139.8234375,1,,,,,1,2
5339367531,13108,江東区,35.646875,139.8140625,892,130.0,724.0,32.0,22.0,429,0
5339367532,13108,江東区,35.646875,139.81718750000002,308,49.0,242.0,17.0,9.0,142,0
5339367534,13108,江東区,35.64895833333333,139.81718750000002,25,3.0,20.0,2.0,1.0,17,0
5339367614,13108,江東区,35.64479166666666,139.8296875,1,,,,,1,2
5339367624,13108,江東区,35.64479166666666,139.8359375,9,,,,,9,2
5339367642,13108,江東区,35.646875,139.8359375,4,,,,,4,2
5339367842,13123,江戸川区,35.646875,139.8609375,69,1.0,53.0,5.0,6.0,60,0
5339367912,13123,江戸川区,35.64270833333333,139.86718750000003,229,42.0,148.0,39.0,12.0,92,0
5339367914,13123,江戸川区,35.64479166666666,139.86718750000003,97,17.0,59.0,21.0,0.0,32,0
5339367921,13123,江戸川区,35.64270833333333,139.8703125,1234,152.0,842.0,240.0,42.0,448,0
5339367922,13123,江戸川区,35.64270833333333,139.87343750000002,2006,286.0,1352.0,367.0,83.0,748,0
5339367923,13123,江戸川区,35.64479166666666,139.8703125,1318,282.0,880.0,154.0,28.0,468,0
5339367924,13123,江戸川区,35.64479166666666,139.87343750000002,1821,273.0,1341.0,178.0,54.0,723,0
5339367931,13123,江戸川区,35.646875,139.86406250000002,73,0.0,48.0,3.0,0.0,73,0
5339367933,13123,江戸川区,35.64895833333333,139.86406250000002,91,10.0,67.0,14.0,3.0,33,0
5339367934,13123,江戸川区,35.64895833333333,139.86718750000003,791,122.0,523.0,130.0,15.0,329,0
5339367941,13123,江戸川区,35.646875,139.8703125,943,87.0,716.0,140.0,11.0,356,0
5339367942,13123,江戸川区,35.646875,139.87343750000002,1220,160.0,851.0,146.0,109.0,595,0
5339367943,13123,江戸川区,35.64895833333333,139.8703125,1647,136.0,917.0,582.0,106.0,871,0
5339367944,13123,江戸川区,35.64895833333333,139.87343750000002,1377,232.0,923.0,174.0,43.0,683,0
5339368011,13103,港区,35.65104166666667,139.7515625,2144,274.0,1525.0,294.0,109.0,1264,0
5339368012,13103,港区,35.65104166666667,139.75468750000002,1079,73.0,852.0,126.0,60.0,712,0
5339368013,13103,港区,35.653125,139.7515625,956,85.0,663.0,169.0,66.0,632,0
5339368014,13103,港区,35.653125,139.75468750000002,1245,171.0,883.0,141.0,107.0,700,0
5339368021,13103,港区,35.65104166666667,139.7578125,90,14.0,81.0,4.0,7.0,50,1
5339368023,13103,港区,35.653125,139.7578125,9,,,,,6,2
5339368024,13103,港区,35.653125,139.7609375,46,3.0,42.0,1.0,2.0,31,0
5339368031,13103,港区,35.65520833333334,139.7515625,614,25.0,407.0,106.0,35.0,470,0
5339368032,13103,港区,35.65520833333334,139.75468750000002,431,26.0,310.0,83.0,30.0,320,0
5339368033,13103,港区,35.65729166666667,139.7515625,213,6.0,139.0,47.0,8.0,154,0
5339368034,13103,港区,35.65729166666667,139.75468750000002,411,24.0,290.0,95.0,11.0,263,0
5339368041,13103,港区,35.65520833333334,139.7578125,2,,,,,1,2
5339368042,13103,港区,35.65520833333334,139.7609375,387,35.0,328.0,24.0,27.0,240,0
5339368043,13103,港区,35.65729166666667,139.7578125,1609,221.0,1124.0,229.0,103.0,882,1
5339368044,13103,港区,35.65729166666667,139.7609375,6,0.0,6.0,0.0,0.0,6,0
5339368114,13102,中央区,35.653125,139.7671875,227,62.0,163.0,2.0,6.0,87,0
5339368123,13102,中央区,35.653125,139.7703125,914,83.0,636.0,195.0,49.0,544,0
5339368124,13102,中央区,35.653125,139.7734375,966,283.0,660.0,23.0,18.0,350,0
5339368142,13102,中央区,35.65520833333334,139.7734375,7373,1332.0,5243.0,795.0,445.0,3312,0
5339368143,13102,中央区,35.65729166666667,139.7703125,2400,405.0,1466.0,527.0,69.0,1246,0
5339368144,13102,中央区,35.65729166666667,139.7734375,3911,816.0,2769.0,324.0,250.0,1763,0
5339368213,13102,中央区,35.653125,139.7765625,965,171.0,756.0,37.0,44.0,511,0
5339368214,13102,中央区,35.653125,139.77968750000002,80,2.0,77.0,1.0,2.0,69,0
5339368223,13102,中央区,35.653125,139.7828125,5,0.0,5.0,0.0,0.0,5,0
5339368231,13102,中央区,35.65520833333334,139.7765625,2604,576.0,1928.0,100.0,303.0,1142,0
5339368232,13102,中央区,35.65520833333334,139.77968750000002,1669,227.0,1093.0,349.0,139.0,870,0
5339368233,13102,中央区,35.65729166666667,139.7765625,2308,367.0,1704.0,237.0,71.0,1257,0
5339368234,13102,中央区,35.65729166666667,139.77968750000002,1136,82.0,845.0,209.0,25.0,743,0
5339368241,13102,中央区,35.65520833333334,139.7828125,581,52.0,324.0,204.0,6.0,290,0
5339368242,13102,中央区,35.65520833333334,139.78593750000002,3894,918.0,2754.0,221.0,312.0,1637,0
5339368243,13102,中央区,35.65729166666667,139.7828125,1254,220.0,867.0,167.0,53.0,523,0
5339368244,13102,中央区,35.65729166666667,139.78593750000002,2980,717.0,2008.0,255.0,447.0,1148,0
5339368321,13108,江東区,35.65104166666667,139.7953125,7,0.0,0.0,0.0,0.0,1,0
5339368322,13108,江東区,35.65104166666667,139.7984375,2846,761.0,1880.0,202.0,203.0,998,0
5339368323,13108,江東区,35.653125,139.7953125,2176,369.0,1373.0,428.0,123.0,940,0
5339368324,13108,江東区,35.653125,139.7984375,2631,548.0,1921.0,157.0,80.0,1159,0
5339368333,13102,中央区,35.65729166666667,139.7890625,445,112.0,317.0,16.0,64.0,187,0
5339368334,13108,江東区,35.65729166666667,139.7921875,2214,456.0,1447.0,309.0,138.0,869,0
5339368342,13108,江東区,35.65520833333334,139.7984375,1301,175.0,850.0,269.0,70.0,663,0
5339368343,13108,江東区,35.65729166666667,139.7953125,159,43.0,107.0,8.0,23.0,64,0
5339368344,13108,江東区,35.65729166666667,139.7984375,2367,512.0,1718.0,136.0,177.0,993,0
5339368411,13108,江東区,35.65104166666667,139.80156250000002,967,258.0,688.0,21.0,49.0,373,0
5339368412,13108,江東区,35.65104166666667,139.80468750000003,348,79.0,259.0,10.0,28.0,134,0
5339368413,13108,江東区,35.653125,139.80156250000002,2830,521.0,1814.0,495.0,152.0,1228,0
5339368414,13108,江東区,35.653125,139.80468750000003,381,54.0,247.0,80.0,47.0,169,0
5339368421,13108,江東区,35.65104166666667,139.8078125,1277,91.0,731.0,449.0,110.0,673,0
5339368422,13108,江東区,35.65104166666667,139.81093750000002,957,30.0,392.0,533.0,119.0,559,0
5339368423,13108,江東区,35.653125,139.8078125,2059,334.0,1396.0,329.0,80.0,854,0
5339368424,13108,江東区,35.653125,139.81093750000002,1664,386.0,1134.0,144.0,100.0,642,0
5339368431,13108,江東区,35.65520833333334,139.80156250000002,4021,789.0,2865.0,366.0,132.0,1430,0
5339368432,13108,江東区,35.65520833333334,139.80468750000003,1032,72.0,606.0,337.0,196.0,556,0
5339368433,13108,江東区,35.65729166666667,139.80156250000002,1613,168.0,1115.0,321.0,104.0,698,0
5339368434,13108,江東区,35.65729166666667,139.80468750000003,1375,205.0,886.0,270.0,139.0,677,0
5339368441,13108,江東区,35.65520833333334,139.8078125,603,60.0,410.0,131.0,22.0,279,0
5339368442,13108,江東区,35.65520833333334,139.81093750000002,4,,,,,1,2
5339368443,13108,江東区,35.65729166666667,139.8078125,687,75.0,497.0,103.0,26.0,310,0
5339368444,13108,江東区,35.65729166666667,139.81093750000002,777,203.0,524.0,50.0,36.0,296,1
5339368514,13108,江東区,35.653125,139.81718750000002,644,57.0,369.0,218.0,31.0,281,0
5339368531,13108,江東区,35.65520833333334,139.8140625,1233,139.0,684.0,285.0,76.0,465,0
5339368532,13108,江東区,35.65520833333334,139.81718750000002,253,9.0,128.0,10.0,14.0,105,0
5339368533,13108,江東区,35.65729166666667,139.8140625,681,37.0,496.0,125.0,60.0,439,0
5339368534,13108,江東区,35.65729166666667,139.81718750000002,1573,180.0,1220.0,163.0,78.0,776,0
5339368541,13108,江東区,35.65520833333334,139.8203125,106,0.0,157.0,2.0,13.0,101,1
5339368543,13108,江東区,35.65729166666667,139.8203125,55,,,,,54,2
5339368544,13108,江東区,35.65729166666667,139.8234375,2,,,,,2,2
5339368812,13123,江戸川区,35.65104166666667,139.8546875,323,28.0,289.0,3.0,0.0,262,0
5339368813,13123,江戸川区,35.653125,139.8515625,108,,,,,4,2
5339368814,13123,江戸川区,35.653125,139.8546875,516,153.0,357.0,108.0,0.0,205,1
5339368821,13123,江戸川区,35.65104166666667,139.8578125,388,63.0,322.0,1.0,0.0,241,0
5339368822,13123,江戸川区,35.65104166666667,139.8609375,1167,110.0,646.0,409.0,30.0,512,0
5339368823,13123,江戸川区,35.653125,139.8578125,918,269.0,644.0,2.0,6.0,306,0
5339368824,13123,江戸川区,35.653125,139.8609375,1057,142.0,672.0,243.0,55.0,404,0
5339368832,13123,江戸川区,35.65520833333334,139.8546875,1345,283.0,920.0,123.0,63.0,539,0
5339368833,13123,江戸川区,35.65729166666667,139.8515625,6,,,,,2,2
5339368834,13123,江戸川区,35.65729166666667,139.8546875,2187,250.0,1143.0,795.0,151.0,925,1
5339368841,13123,江戸川区,35.65520833333334,139.8578125,461,49.0,325.0,87.0,39.0,175,0
5339368842,13123,江戸川区,35.65520833333334,139.8609375,1855,158.0,971.0,726.0,230.0,839,0
5339368843,13123,江戸川区,35.65729166666667,139.8578125,1097,59.0,492.0,525.0,53.0,583,0
5339368844,13123,江戸川区,35.65729166666667,139.8609375,1439,108.0,869.0,392.0,183.0,766,0
5339368911,13123,江戸川区,35.65104166666667,139.86406250000002,319,52.0,228.0,39.0,10.0,114,0
5339368912,13123,江戸川区,35.65104166666667,139.86718750000003,1188,182.0,844.0,154.0,25.0,479,0
5339368914,13123,江戸川区,35.653125,139.86718750000003,1496,209.0,1066.0,214.0,46.0,572,0
5339368921,13123,江戸川区,35.65104166666667,139.8703125,1509,228.0,1059.0,214.0,45.0,668,0
5339368922,13123,江戸川区,35.65104166666667,139.87343750000002,1170,251.0,824.0,73.0,44.0,554,0
5339368923,13123,江戸川区,35.653125,139.8703125,704,127.0,494.0,64.0,10.0,304,0
5339368924,13123,江戸川区,35.653125,139.87343750000002,2048,290.0,1486.0,175.0,100.0,1081,0
5339368931,13123,江戸川区,35.65520833333334,139.86406250000002,751,75.0,519.0,111.0,35.0,399,0
5339368932,13123,江戸川区,35.65520833333334,139.86718750000003,1287,188.0,868.0,163.0,53.0,689,0
5339368933,13123,江戸川区,35.65729166666667,139.86406250000002,1819,224.0,1325.0,198.0,95.0,946,0
5339368934,13123,江戸川区,35.65729166666667,139.86718750000003,1825,187.0,1279.0,273.0,80.0,1046,0
5339368941,13123,江戸川区,35.65520833333334,139.8703125,1084,137.0,760.0,155.0,61.0,568,0
5339368942,13123,江戸川区,35.65520833333334,139.87343750000002,2002,262.0,1464.0,157.0,117.0,1143,0
5339368943,13123,江戸川区,35.65729166666667,139.8703125,1338,169.0,859.0,277.0,37.0,672,0
5339368944,13123,江戸川区,35.65729166666667,139.87343750000002,1523,145.0,1108.0,169.0,69.0,939,0
5339369011,13103,港区,35.659375000000004,139.7515625,237,10.0,152.0,38.0,11.0,177,0
5339369012,13103,港区,35.659375000000004,139.75468750000002,523,50.0,334.0,90.0,16.0,354,0
5339369013,13103,港区,35.661458333333336,139.7515625,413,5.0,361.0,32.0,21.0,370,0
5339369014,13103,港区,35.661458333333336,139.75468750000002,997,55.0,730.0,212.0,63.0,679,0
5339369021,13103,港区,35.659375000000004,139.7578125,1931,219.0,1330.0,134.0,104.0,1207,0
5339369022,13102,中央区,35.659375000000004,139.7609375,447,35.0,242.0,98.0,12.0,265,0
5339369023,13103,港区,35.661458333333336,139.7578125,517,48.0,365.0,36.0,41.0,362,0
5339369024,13102,中央区,35.661458333333336,139.7609375,1298,115.0,725.0,262.0,37.0,778,0
5339369031,13103,港区,35.663541666666674,139.7515625,340,38.0,256.0,36.0,17.0,218,0
5339369032,13103,港区,35.663541666666674,139.75468750000002,861,23.0,692.0,102.0,47.0,693,0
5339369033,13103,港区,35.665625000000006,139.7515625,483,25.0,340.0,50.0,24.0,373,0
5339369034,13103,港区,35.665625000000006,139.75468750000002,189,6.0,90.0,93.0,2.0,98,0
5339369041,13103,港区,35.663541666666674,139.7578125,372,23.0,276.0,70.0,33.0,287,0
5339369043,13103,港区,35.665625000000006,139.7578125,104,8.0,51.0,49.0,14.0,65,1
5339369044,13102,中央区,35.665625000000006,139.7609375,4,,,,,4,2
5339369122,13102,中央区,35.659375000000004,139.7734375,1977,328.0,1375.0,274.0,33.0,898,0
5339369131,13102,中央区,35.663541666666674,139.7640625,27,0.0,26.0,1.0,1.0,26,0
5339369133,13102,中央区,35.665625000000006,139.7640625,599,31.0,511.0,56.0,32.0,483,0
5339369134,13102,中央区,35.665625000000006,139.7671875,537,33.0,438.0,23.0,10.0,439,0
5339369141,13102,中央区,35.663541666666674,139.7703125,72,4.0,40.0,28.0,8.0,47,0
5339369142,13102,中央区,35.663541666666674,139.7734375,493,58.0,352.0,81.0,19.0,288,0
5339369143,13102,中央区,35.665625000000006,139.7703125,481,24.0,329.0,128.0,16.0,333,0
5339369144,13102,中央区,35.665625000000006,139.7734375,2330,317.0,1595.0,418.0,66.0,1245,0
5339369211,13102,中央区,35.659375000000004,139.7765625,2736,385.0,1839.0,459.0,122.0,1463,0
5339369212,13102,中央区,35.659375000000004,139.77968750000002,2175,220.0,1392.0,562.0,63.0,1227,0
5339369213,13102,中央区,35.661458333333336,139.7765625,3301,604.0,2356.0,341.0,178.0,1771,0
5339369214,13102,中央区,35.661458333333336,139.77968750000002,2111,175.0,1367.0,569.0,74.0,1383,0
5339369221,13102,中央区,35.659375000000004,139.7828125,2617,343.0,1691.0,583.0,101.0,1303,0
5339369222,13102,中央区,35.659375000000004,139.78593750000002,163,15.0,41.0,107.0,2.0,24,0
5339369223,13102,中央区,35.661458333333336,139.7828125,2036,179.0,1472.0,385.0,46.0,1175,0
5339369224,13102,中央区,35.661458333333336,139.78593750000002,507,66.0,316.0,125.0,5.0,224,0
5339369231,13102,中央区,35.663541666666674,139.7765625,204,11.0,182.0,11.0,9.0,168,0
5339369232,13102,中央区,35.663541666666674,139.77968750000002,2097,283.0,1382.0,432.0,33.0,1065,0
5339369233,13102,中央区,35.665625000000006,139.7765625,1796,209.0,1156.0,431.0,50.0,994,0
5339369234,13102,中央区,35.665625000000006,139.77968750000002,733,161.0,384.0,188.0,24.0,339,0
5339369241,13102,中央区,35.663541666666674,139.7828125,3794,559.0,2582.0,653.0,149.0,1928,0
5339369242,13102,中央区,35.663541666666674,139.78593750000002,2138,280.0,1514.0,343.0,82.0,1178,0
5339369243,13102,中央区,35.665625000000006,139.7828125,2176,276.0,1481.0,419.0,44.0,1027,0
5339369244,13102,中央区,35.665625000000006,139.78593750000002,3097,335.0,2067.0,694.0,76.0,1613,0
5339369312,13108,江東区,35.659375000000004,139.7921875,2167,402.0,1587.0,176.0,152.0,935,0
5339369313,13102,中央区,35.661458333333336,139.7890625,25,7.0,18.0,0.0,0.0,10,0
5339369314,13108,江東区,35.661458333333336,139.7921875,2059,169.0,1075.0,808.0,67.0,1153,0
5339369321,13108,江東区,35.659375000000004,139.7953125,3172,735.0,2333.0,103.0,233.0,1306,0
5339369322,13108,江東区,35.659375000000004,139.7984375,2637,497.0,1742.0,396.0,118.0,1050,0
5339369323,13108,江東区,35.661458333333336,139.7953125,966,114.0,624.0,228.0,40.0,415,0
5339369324,13108,江東区,35.661458333333336,139.7984375,545,103.0,388.0,54.0,17.0,186,0
5339369332,13108,江東区,35.663541666666674,139.7921875,275,39.0,183.0,53.0,9.0,118,0
5339369341,13108,江東区,35.663541666666674,139.7953125,1268,248.0,791.0,229.0,57.0,488,0
5339369342,13108,江東区,35.663541666666674,139.7984375,274,81.0,193.0,0.0,1.0,95,0
5339369343,13108,江東区,35.665625000000006,139.7953125,800,203.0,487.0,102.0,26.0,335,0
5339369344,13108,江東区,35.665625000000006,139.7984375,1312,162.0,850.0,288.0,19.0,657,0
5339369411,13108,江東区,35.659375000000004,139.80156250000002,1402,152.0,819.0,428.0,46.0,687,0
5339369412,13108,江東区,35.659375000000004,139.80468750000003,949,111.0,618.0,215.0,34.0,489,0
5339369413,13108,江東区,35.661458333333336,139.80156250000002,2803,391.0,1916.0,492.0,87.0,1077,0
5339369414,13108,江東区,35.661458333333336,139.80468750000003,2332,302.0,1404.0,533.0,118.0,1022,0
5339369421,13108,江東区,35.659375000000004,139.8078125,855,86.0,528.0,223.0,38.0,472,0
5339369422,13108,江東区,35.659375000000004,139.81093750000002,1620,174.0,854.0,466.0,56.0,668,0
5339369423,13108,江東区,35.661458333333336,139.8078125,1678,194.0,1040.0,264.0,81.0,617,0
5339369424,13108,江東区,35.661458333333336,139.81093750000002,1071,115.0,771.0,171.0,151.0,535,0
5339369431,13108,江東区,35.663541666666674,139.80156250000002,1309,144.0,901.0,130.0,47.0,560,0
5339369432,13108,江東区,35.663541666666674,139.80468750000003,110,0.0,107.0,3.0,2.0,102,0
5339369433,13108,江東区,35.665625000000006,139.80156250000002,1398,131.0,916.0,329.0,40.0,654,0
5339369434,13108,江東区,35.665625000000006,139.80468750000003,392,29.0,316.0,39.0,9.0,255,0
5339369441,13108,江東区,35.663541666666674,139.8078125,2348,449.0,1551.0,344.0,100.0,881,0
5339369442,13108,江東区,35.663541666666674,139.81093750000002,959,78.0,611.0,221.0,113.0,532,0
5339369443,13108,江東区,35.665625000000006,139.8078125,967,237.0,652.0,63.0,30.0,417,0
5339369444,13108,江東区,35.665625000000006,139.81093750000002,913,103.0,591.0,185.0,39.0,523,0
5339369511,13108,江東区,35.659375000000004,139.8140625,196,3.0,156.0,33.0,15.0,151,0
5339369512,13108,江東区,35.659375000000004,139.81718750000002,880,85.0,680.0,141.0,15.0,390,1
5339369513,13108,江東区,35.661458333333336,139.8140625,674,88.0,496.0,90.0,69.0,318,0
5339369514,13108,江東区,35.661458333333336,139.81718750000002,832,97.0,649.0,83.0,35.0,414,0
5339369521,13108,江東区,35.659375000000004,139.8203125,2,,,,,2,2
5339369522,13108,江東区,35.659375000000004,139.8234375,20,,,,,20,2
5339369524,13108,江東区,35.661458333333336,139.8234375,7,,,,,7,2
5339369531,13108,江東区,35.663541666666674,139.8140625,1137,220.0,857.0,52.0,45.0,515,0
5339369532,13108,江東区,35.663541666666674,139.81718750000002,233,47.0,186.0,0.0,1.0,121,0
5339369533,13108,江東区,35.665625000000006,139.8140625,1633,268.0,873.0,485.0,228.0,737,0
5339369534,13108,江東区,35.665625000000006,139.81718750000002,2743,412.0,1659.0,662.0,109.0,1201,0
5339369543,13108,江東区,35.665625000000006,139.8203125,1419,267.0,891.0,261.0,81.0,527,0
5339369612,13108,江東区,35.659375000000004,139.8296875,8,0.0,5.0,0.0,0.0,8,0
5339369641,13108,江東区,35.663541666666674,139.8328125,90,0.0,0.0,0.0,1.0,1,0
5339369643,13108,江東区,35.665625000000006,139.8328125,859,38.0,281.0,206.0,16.0,310,0
5339369644,13108,江東区,35.665625000000006,139.8359375,1534,259.0,1141.0,133.0,13.0,535,0
5339369733,13108,江東区,35.665625000000006,139.8390625,85,30.0,54.0,1.0,2.0,24,0
5339369734,13108,江東区,35.665625000000006,139.84218750000002,920,160.0,663.0,97.0,15.0,324,0
5339369811,13123,江戸川区,35.659375000000004,139.8515625,2288,528.0,1510.0,219.0,975.0,794,0
5339369812,13123,江戸川区,35.659375000000004,139.8546875,2543,417.0,1448.0,656.0,566.0,1004,0
5339369813,13123,江戸川区,35.661458333333336,139.8515625,179,34.0,115.0,25.0,66.0,75,0
5339369814,13123,江戸川区,35.661458333333336,139.8546875,1831,224.0,986.0,614.0,279.0,807,0
5339369821,13123,江戸川区,35.659375000000004,139.8578125,1081,145.0,666.0,264.0,161.0,461,0
5339369822,13123,江戸川区,35.659375000000004,139.8609375,1566,167.0,1151.0,211.0,120.0,866,0
5339369823,13123,江戸川区,35.661458333333336,139.8578125,748,80.0,534.0,103.0,196.0,452,0
5339369824,13123,江戸川区,35.661458333333336,139.8609375,1708,184.0,1192.0,199.0,108.0,1010,0
5339369831,13123,江戸川区,35.663541666666674,139.8515625,275,36.0,143.0,96.0,7.0,110,0
5339369832,13123,江戸川区,35.663541666666674,139.8546875,1595,148.0,871.0,555.0,83.0,776,0
5339369833,13123,江戸川区,35.665625000000006,139.8515625,1230,265.0,877.0,78.0,67.0,426,0
5339369834,13123,江戸川区,35.665625000000006,139.8546875,2461,317.0,1663.0,423.0,156.0,1159,0
5339369841,13123,江戸川区,35.663541666666674,139.8578125,1373,102.0,1025.0,129.0,86.0,931,0
5339369842,13123,江戸川区,35.663541666666674,139.8609375,2767,292.0,1850.0,458.0,285.0,1559,0
5339369843,13123,江戸川区,35.665625000000006,139.8578125,2396,311.0,1731.0,225.0,237.0,1291,0
5339369844,13123,江戸川区,35.665625000000006,139.8609375,2568,329.0,1595.0,483.0,526.0,1450,0
5339369911,13123,江戸川区,35.659375000000004,139.86406250000002,1644,180.0,1176.0,191.0,55.0,934,0
5339369912,13123,江戸川区,35.659375000000004,139.86718750000003,1583,206.0,1223.0,128.0,80.0,785,0
5339369913,13123,江戸川区,35.661458333333336,139.86406250000002,1852,256.0,1283.0,263.0,138.0,970,0
5339369914,13123,江戸川区,35.661458333333336,139.86718750000003,1788,185.0,1215.0,255.0,111.0,1031,0
5339369921,13123,江戸川区,35.659375000000004,139.8703125,970,76.0,775.0,88.0,45.0,571,0
5339369922,13123,江戸川区,35.659375000000004,139.87343750000002,1763,134.0,1345.0,147.0,64.0,1138,0
5339369923,13123,江戸川区,35.661458333333336,139.8703125,1654,186.0,1191.0,165.0,93.0,978,0
5339369924,13123,江戸川区,35.661458333333336,139.87343750000002,2878,379.0,2104.0,195.0,158.0,1639,0
5339369931,13123,江戸川区,35.663541666666674,139.86406250000002,2084,162.0,1416.0,411.0,154.0,1262,0
5339369932,13123,江戸川区,35.663541666666674,139.86718750000003,2233,194.0,1478.0,430.0,150.0,1354,0
5339369933,13123,江戸川区,35.665625000000006,139.86406250000002,1618,175.0,895.0,531.0,31.0,736,0
5339369934,13123,江戸川区,35.665625000000006,139.86718750000003,1925,227.0,1383.0,205.0,133.0,1187,0
5339369941,13123,江戸川区,35.663541666666674,139.8703125,1685,167.0,1221.0,230.0,99.0,949,0
5339369942,13123,江戸川区,35.663541666666674,139.87343750000002,1877,175.0,1281.0,327.0,76.0,1058,0
5339369943,13123,江戸川区,35.665625000000006,139.8703125,1795,90.0,1419.0,183.0,126.0,1355,0
5339369944,13123,江戸川区,35.665625000000006,139.87343750000002,1939,147.0,1436.0,265.0,110.0,1258,0
5339377011,13123,江戸川区,35.64270833333333,139.8765625,8,,,,,2,2
5339377013,13123,江戸川区,35.64479166666666,139.8765625,1146,198.0,814.0,132.0,54.0,485,1
5339377014,13123,江戸川区,35.64479166666666,139.87968750000002,874,85.0,485.0,302.0,26.0,389,0
5339377023,13123,江戸川区,35.64479166666666,139.8828125,112,14.0,53.0,45.0,0.0,47,0
5339377031,13123,江戸川区,35.646875,139.8765625,2203,322.0,1586.0,262.0,61.0,935,0
5339377032,13123,江戸川区,35.646875,139.87968750000002,2039,277.0,1097.0,644.0,55.0,877,0
5339377033,13123,江戸川区,35.64895833333333,139.8765625,1093,184.0,766.0,122.0,27.0,468,0
5339377034,13123,江戸川区,35.64895833333333,139.87968750000002,500,71.0,312.0,112.0,17.0,200,0
5339377041,13123,江戸川区,35.646875,139.8828125,1109,82.0,513.0,514.0,15.0,481,0
5339378011,13123,江戸川区,35.65104166666667,139.8765625,1250,187.0,919.0,117.0,16.0,566,0
5339378012,13123,江戸川区,35.65104166666667,139.87968750000002,1457,256.0,1048.0,132.0,20.0,552,0
5339378013,13123,江戸川区,35.653125,139.8765625,1878,276.0,1347.0,188.0,45.0,922,0
5339378014,13123,江戸川区,35.653125,139.87968750000002,747,102.0,538.0,84.0,18.0,364,0
5339378031,13123,江戸川区,35.65520833333334,139.8765625,1433,156.0,1068.0,184.0,46.0,713,0
5339378032,13123,江戸川区,35.65520833333334,139.87968750000002,1664,340.0,1093.0,212.0,54.0,626,0
5339378033,13123,江戸川区,35.65729166666667,139.8765625,1138,111.0,810.0,143.0,30.0,647,0
5339378034,13123,江戸川区,35.65729166666667,139.87968750000002,883,171.0,633.0,67.0,52.0,356,0
5339378041,13123,江戸川区,35.65520833333334,139.8828125,1078,288.0,733.0,48.0,67.0,388,0
5339378042,13123,江戸川区,35.65520833333334,139.8859375,21,7.0,11.0,3.0,0.0,7,0
5339378043,13123,江戸川区,35.65729166666667,139.8828125,1636,319.0,1124.0,175.0,50.0,616,0
5339378044,13123,江戸川区,35.65729166666667,139.8859375,292,40.0,203.0,39.0,9.0,134,0
5339379011,13123,江戸川区,35.659375000000004,139.8765625,1919,202.0,1345.0,306.0,82.0,993,0
5339379012,13123,江戸川区,35.659375000000004,139.87968750000002,1525,217.0,1030.0,260.0,56.0,690,0
5339379013,13123,江戸川区,35.661458333333336,139.8765625,1951,212.0,1476.0,172.0,141.0,1090,0
5339379014,13123,江戸川区,35.661458333333336,139.87968750000002,725,56.0,557.0,84.0,14.0,457,0
5339379021,13123,江戸川区,35.659375000000004,139.8828125,2044,223.0,1307.0,450.0,58.0,995,0
5339379022,13123,江戸川区,35.659375000000004,139.8859375,545,64.0,321.0,146.0,8.0,245,0
5339379023,13123,江戸川区,35.661458333333336,139.8828125,1437,219.0,1010.0,157.0,42.0,698,0
5339379024,13123,江戸川区,35.661458333333336,139.8859375,747,87.0,489.0,140.0,6.0,406,0
5339379031,13123,江戸川区,35.663541666666674,139.8765625,2146,197.0,1622.0,141.0,95.0,1444,0
5339379032,13123,江戸川区,35.663541666666674,139.87968750000002,1483,169.0,1043.0,188.0,45.0,850,0
5339379033,13123,江戸川区,35.665625000000006,139.8765625,1565,139.0,1130.0,179.0,39.0,969,0
5339379034,13123,江戸川区,35.665625000000006,139.87968750000002,1470,144.0,1025.0,214.0,49.0,808,0
5339379041,13123,江戸川区,35.663541666666674,139.8828125,1079,153.0,721.0,164.0,54.0,548,0
5339379042,13123,江戸川区,35.663541666666674,139.8859375,616,81.0,414.0,102.0,11.0,338,0
5339379043,13123,江戸川区,35.665625000000006,139.8828125,877,98.0,594.0,174.0,26.0,441,0
5339379044,13123,江戸川区,35.665625000000006,139.8859375,229,15.0,162.0,39.0,4.0,154,0
5339440642,13112,世田谷区,35.67187500000001,139.5859375,1156,142.0,736.0,266.0,44.0,540,0
5339440644,13112,世田谷区,35.67395833333334,139.5859375,776,181.0,487.0,108.0,15.0,293,0
5339440712,13112,世田谷区,35.66770833333334,139.59218750000002,1500,113.0,1191.0,186.0,44.0,922,0
5339440713,13112,世田谷区,35.66979166666667,139.5890625,954,137.0,571.0,236.0,13.0,403,0
5339440714,13112,世田谷区,35.66979166666667,139.59218750000002,1109,142.0,789.0,178.0,38.0,582,0
5339440721,13112,世田谷区,35.66770833333334,139.5953125,1402,106.0,1008.0,218.0,37.0,897,0
5339440722,13112,世田谷区,35.66770833333334,139.59843750000002,1649,171.0,1062.0,416.0,42.0,995,0
5339440723,13112,世田谷区,35.66979166666667,139.5953125,1357,86.0,1019.0,232.0,24.0,894,0
5339440724,13112,世田谷区,35.66979166666667,139.59843750000002,1484,85.0,1049.0,268.0,40.0,987,0
5339440731,13112,世田谷区,35.67187500000001,139.5890625,1593,267.0,996.0,330.0,22.0,655,0
5339440732,13112,世田谷区,35.67187500000001,139.59218750000002,851,128.0,572.0,151.0,31.0,392,0
5339440733,13112,世田谷区,35.67395833333334,139.5890625,975,199.0,584.0,191.0,7.0,373,0
5339440734,13112,世田谷区,35.67395833333334,139.59218750000002,769,154.0,544.0,71.0,1.0,321,0
5339440741,13112,世田谷区,35.67187500000001,139.5953125,1116,143.0,763.0,206.0,35.0,459,0
5339440742,13112,世田谷区,35.67187500000001,139.59843750000002,1717,212.0,1165.0,303.0,56.0,931,0
5339440743,13112,世田谷区,35.67395833333334,139.5953125,991,123.0,684.0,184.0,19.0,515,0
5339440744,13112,世田谷区,35.67395833333334,139.59843750000002,943,115.0,610.0,218.0,8.0,465,0
5339440811,13112,世田谷区,35.66770833333334,139.6015625,641,26.0,487.0,127.0,16.0,468,0
5339440812,13112,世田谷区,35.66770833333334,139.6046875,1626,210.0,1158.0,258.0,32.0,924,0
5339440813,13112,世田谷区,35.66979166666667,139.6015625,1386,66.0,1052.0,229.0,57.0,1007,0
5339440814,13112,世田谷区,35.66979166666667,139.6046875,1456,121.0,1076.0,253.0,48.0,948,0
5339440821,13112,世田谷区,35.66770833333334,139.6078125,1633,146.0,922.0,562.0,27.0,814,0
5339440822,13112,世田谷区,35.66770833333334,139.6109375,1638,201.0,1094.0,338.0,50.0,840,0
5339440823,13112,世田谷区,35.66979166666667,139.6078125,1526,126.0,1018.0,382.0,41.0,941,0
5339440824,13112,世田谷区,35.66979166666667,139.6109375,1164,87.0,863.0,196.0,28.0,745,0
5339440831,13112,世田谷区,35.67187500000001,139.6015625,969,48.0,718.0,182.0,44.0,642,0
5339440832,13112,世田谷区,35.67187500000001,139.6046875,2145,280.0,1406.0,439.0,65.0,1102,0
5339440833,13112,世田谷区,35.67395833333334,139.6015625,1272,130.0,779.0,324.0,36.0,719,0
5339440834,13112,世田谷区,35.67395833333334,139.6046875,1177,85.0,738.0,354.0,38.0,679,0
5339440841,13112,世田谷区,35.67187500000001,139.6078125,2356,233.0,1665.0,403.0,60.0,1269,0
5339440842,13115,杉並区,35.67187500000001,139.6109375,1358,84.0,973.0,203.0,35.0,917,0
5339440843,13112,世田谷区,35.67395833333334,139.6078125,1263,137.0,845.0,258.0,24.0,696,0
5339440844,13115,杉並区,35.67395833333334,139.6109375,1109,101.0,767.0,182.0,30.0,639,0
5339440911,13112,世田谷区,35.66770833333334,139.61406250000002,922,77.0,565.0,247.0,8.0,495,0
5339440912,13112,世田谷区,35.66770833333334,139.61718750000003,1004,36.0,765.0,185.0,23.0,489,0
5339440913,13112,世田谷区,35.66979166666667,139.61406250000002,1303,69.0,896.0,185.0,81.0,880,0
5339440914,13112,世田谷区,35.66979166666667,139.61718750000003,1252,98.0,899.0,219.0,39.0,846,0
5339440921,13112,世田谷区,35.66770833333334,139.6203125,218,18.0,181.0,19.0,1.0,161,0
5339440922,13112,世田谷区,35.66770833333334,139.62343750000002,966,103.0,667.0,196.0,22.0,505,0
5339440923,13112,世田谷区,35.66979166666667,139.6203125,1196,126.0,864.0,174.0,47.0,671,0
5339440924,13112,世田谷区,35.66979166666667,139.62343750000002,1591,81.0,1125.0,374.0,95.0,1063,0
5339440931,13115,杉並区,35.67187500000001,139.61406250000002,1628,122.0,1123.0,280.0,33.0,1074,0
5339440932,13112,世田谷区,35.67187500000001,139.61718750000003,1498,135.0,1021.0,298.0,42.0,881,0
5339440933,13112,世田谷区,35.67395833333334,139.61406250000002,1319,123.0,948.0,232.0,41.0,731,0
5339440934,13112,世田谷区,35.67395833333334,139.61718750000003,1678,150.0,1161.0,338.0,63.0,992,0
5339440941,13112,世田谷区,35.67187500000001,139.6203125,1275,124.0,914.0,218.0,45.0,721,0
5339440942,13115,杉並区,35.67187500000001,139.62343750000002,838,85.0,558.0,148.0,17.0,494,0
5339440943,13115,杉並区,35.67395833333334,139.6203125,1127,116.0,799.0,138.0,43.0,698,0
5339440944,13115,杉並区,35.67395833333334,139.62343750000002,1183,95.0,792.0,244.0,14.0,634,0
5339441711,13112,世田谷区,35.67604166666667,139.5890625,718,70.0,482.0,164.0,10.0,352,0
5339441712,13112,世田谷区,35.67604166666667,139.59218750000002,1280,194.0,835.0,231.0,22.0,584,0
5339441713,13112,世田谷区,35.678125,139.5890625,1071,92.0,814.0,157.0,4.0,365,0
5339441714,13112,世田谷区,35.678125,139.59218750000002,568,41.0,389.0,138.0,6.0,321,0
5339441721,13112,世田谷区,35.67604166666667,139.5953125,782,76.0,533.0,169.0,2.0,405,0
5339441722,13112,世田谷区,35.67604166666667,139.59843750000002,786,84.0,545.0,152.0,15.0,428,0
5339441723,13112,世田谷区,35.678125,139.5953125,169,13.0,100.0,56.0,1.0,83,0
5339441724,13112,世田谷区,35.678125,139.59843750000002,435,39.0,262.0,134.0,3.0,221,0
5339441731,13112,世田谷区,35.68020833333334,139.5890625,1049,120.0,657.0,261.0,14.0,473,0
5339441732,13112,世田谷区,35.68020833333334,139.59218750000002,800,97.0,491.0,212.0,3.0,352,0
5339441733,13112,世田谷区,35.68229166666667,139.5890625,710,80.0,464.0,159.0,14.0,331,0
5339441741,13112,世田谷区,35.68020833333334,139.5953125,607,44.0,384.0,179.0,8.0,286,0
5339441742,13112,世田谷区,35.68020833333334,139.59843750000002,1106,119.0,667.0,310.0,18.0,630,0
5339441743,13115,杉並区,35.68229166666667,139.5953125,630,55.0,334.0,241.0,27.0,356,0
5339441744,13115,杉並区,35.68229166666667,139.59843750000002,1284,108.0,705.0,382.0,6.0,678,0
5339441811,13112,世田谷区,35.67604166666667,139.6015625,1131,178.0,725.0,221.0,37.0,541,0
5339441812,13112,世田谷区,35.67604166666667,139.6046875,915,139.0,537.0,239.0,13.0,423,0
5339441813,13112,世田谷区,35.678125,139.6015625,972,114.0,595.0,263.0,33.0,454,0
5339441814,13112,世田谷区,35.678125,139.6046875,1021,157.0,648.0,174.0,8.0,462,0
5339441821,13112,世田谷区,35.67604166666667,139.6078125,1043,120.0,711.0,205.0,25.0,544,0
5339441822,13112,世田谷区,35.67604166666667,139.6109375,875,95.0,570.0,194.0,15.0,422,0
5339441823,13115,杉並区,35.678125,139.6078125,909,125.0,507.0,246.0,17.0,440,0
5339441824,13115,杉並区,35.678125,139.6109375,1089,151.0,715.0,194.0,27.0,501,0
5339441831,13112,世田谷区,35.68020833333334,139.6015625,1254,154.0,736.0,339.0,26.0,644,0
5339441832,13115,杉並区,35.68020833333334,139.6046875,709,99.0,481.0,113.0,10.0,350,0
5339441833,13115,杉並区,35.68229166666667,139.6015625,641,38.0,371.0,228.0,15.0,326,0
5339441834,13115,杉並区,35.68229166666667,139.6046875,172,20.0,90.0,60.0,2.0,83,0
5339441841,13115,杉並区,35.68020833333334,139.6078125,607,77.0,314.0,189.0,8.0,270,0
5339441842,13115,杉並区,35.68020833333334,139.6109375,1453,82.0,347.0,1000.0,7.0,267,0
5339441843,13115,杉並区,35.68229166666667,139.6078125,977,88.0,459.0,392.0,15.0,446,0
5339441844,13115,杉並区,35.68229166666667,139.6109375,785,62.0,319.0,390.0,15.0,476,0
5339441911,13115,杉並区,35.67604166666667,139.61406250000002,925,117.0,641.0,134.0,24.0,469,0
5339441912,13115,杉並区,35.67604166666667,139.61718750000003,1093,97.0,784.0,136.0,41.0,691,0
5339441913,13115,杉並区,35.678125,139.61406250000002,1099,102.0,782.0,160.0,41.0,621,0
5339441914,13115,杉並区,35.678125,139.61718750000003,879,148.0,537.0,169.0,16.0,394,0
5339441921,13115,杉並区,35.67604166666667,139.6203125,489,56.0,301.0,118.0,3.0,231,0
5339441922,13115,杉並区,35.67604166666667,139.62343750000002,399,39.0,206.0,137.0,1.0,193,0
5339441923,13115,杉並区,35.678125,139.6203125,931,102.0,565.0,235.0,15.0,428,0
5339441924,13115,杉並区,35.678125,139.62343750000002,659,78.0,385.0,175.0,2.0,296,0
5339441931,13115,杉並区,35.68020833333334,139.61406250000002,1156,110.0,793.0,174.0,28.0,730,0
5339441932,13115,杉並区,35.68020833333334,139.61718750000003,1172,143.0,746.0,233.0,15.0,554,0
5339441933,13115,杉並区,35.68229166666667,139.61406250000002,1138,99.0,608.0,389.0,27.0,667,0
5339441934,13115,杉並区,35.68229166666667,139.61718750000003,706,58.0,453.0,142.0,17.0,450,0
5339441941,13115,杉並区,35.68020833333334,139.6203125,432,30.0,236.0,162.0,8.0,233,0
5339441942,13115,杉並区,35.68020833333334,139.62343750000002,775,110.0,434.0,199.0,6.0,358,0
5339441943,13115,杉並区,35.68229166666667,139.6203125,564,46.0,348.0,148.0,5.0,302,0
5339441944,13115,杉並区,35.68229166666667,139.62343750000002,1079,124.0,653.0,261.0,13.0,537,0
5339442714,13115,杉並区,35.686458333333334,139.59218750000002,833,75.0,584.0,135.0,14.0,482,0
5339442721,13115,杉並区,35.684375,139.5953125,328,34.0,211.0,71.0,1.0,178,0
5339442722,13115,杉並区,35.684375,139.59843750000002,835,74.0,555.0,133.0,7.0,513,0
5339442723,13115,杉並区,35.686458333333334,139.5953125,1158,88.0,778.0,219.0,13.0,739,0
5339442724,13115,杉並区,35.686458333333334,139.59843750000002,1200,104.0,778.0,257.0,18.0,697,0
5339442741,13115,杉並区,35.68854166666667,139.5953125,899,69.0,578.0,210.0,9.0,515,0
5339442742,13115,杉並区,35.68854166666667,139.59843750000002,856,65.0,484.0,260.0,11.0,497,0
5339442743,13115,杉並区,35.690625000000004,139.5953125,1055,112.0,709.0,178.0,49.0,584,0
5339442744,13115,杉並区,35.690625000000004,139.59843750000002,966,103.0,596.0,234.0,7.0,469,0
5339442811,13115,杉並区,35.684375,139.6015625,570,75.0,320.0,127.0,8.0,291,0
5339442812,13115,杉並区,35.684375,139.6046875,71,4.0,33.0,31.0,0.0,44,0
5339442813,13115,杉並区,35.686458333333334,139.6015625,681,69.0,407.0,159.0,11.0,406,0
5339442814,13115,杉並区,35.686458333333334,139.6046875,787,107.0,475.0,174.0,9.0,382,0
5339442821,13115,杉並区,35.684375,139.6078125,1048,91.0,621.0,250.0,14.0,631,0
5339442822,13115,杉並区,35.684375,139.6109375,682,66.0,381.0,192.0,16.0,372,0
5339442823,13115,杉並区,35.686458333333334,139.6078125,1043,100.0,689.0,208.0,29.0,563,0
5339442824,13115,杉並区,35.686458333333334,139.6109375,480,57.0,310.0,92.0,4.0,236,0
5339442831,13115,杉並区,35.68854166666667,139.6015625,1129,121.0,731.0,209.0,12.0,626,0
5339442832,13115,杉並区,35.68854166666667,139.6046875,1263,135.0,840.0,230.0,15.0,684,0
5339442833,13115,杉並区,35.690625000000004,139.6015625,1116,119.0,688.0,247.0,15.0,607,0
5339442834,13115,杉並区,35.690625000000004,139.6046875,734,69.0,424.0,191.0,11.0,388,0
5339442841,13115,杉並区,35.68854166666667,139.6078125,1248,114.0,806.0,257.0,31.0,703,0
5339442842,13115,杉並区,35.68854166666667,139.6109375,1249,159.0,753.0,294.0,17.0,603,0
5339442843,13115,杉並区,35.690625000000004,139.6078125,1372,160.0,885.0,269.0,19.0,706,0
5339442844,13115,杉並区,35.690625000000004,139.6109375,1021,116.0,668.0,185.0,8.0,542,0
5339442911,13115,杉並区,35.684375,139.61406250000002,298,16.0,171.0,95.0,0.0,182,0
5339442912,13115,杉並区,35.684375,139.61718750000003,1322,204.0,834.0,257.0,22.0,605,0
5339442913,13115,杉並区,35.686458333333334,139.61406250000002,1645,259.0,1056.0,283.0,13.0,754,0
5339442914,13115,杉並区,35.686458333333334,139.61718750000003,2013,220.0,1270.0,386.0,39.0,1010,0
5339442921,13115,杉並区,35.684375,139.6203125,1021,95.0,659.0,211.0,12.0,546,0
5339442922,13115,杉並区,35.684375,139.62343750000002,1015,137.0,641.0,184.0,4.0,510,0
5339442923,13115,杉並区,35.686458333333334,139.6203125,867,95.0,540.0,172.0,10.0,458,0
5339442924,13115,杉並区,35.686458333333334,139.62343750000002,858,105.0,511.0,208.0,5.0,411,0
5339442931,13115,杉並区,35.68854166666667,139.61406250000002,798,102.0,511.0,143.0,9.0,387,0
5339442932,13115,杉並区,35.68854166666667,139.61718750000003,1284,132.0,895.0,170.0,27.0,827,0
5339442933,13115,杉並区,35.690625000000004,139.61406250000002,559,77.0,330.0,142.0,7.0,228,0
5339442934,13115,杉並区,35.690625000000004,139.61718750000003,1505,153.0,921.0,374.0,24.0,758,0
5339442941,13115,杉並区,35.68854166666667,139.6203125,1229,129.0,772.0,272.0,15.0,628,0
5339442942,13115,杉並区,35.68854166666667,139.62343750000002,1177,160.0,704.0,273.0,14.0,525,0
5339442943,13115,杉並区,35.690625000000004,139.6203125,946,108.0,574.0,243.0,11.0,444,0
5339442944,13115,杉並区,35.690625000000004,139.62343750000002,1099,138.0,716.0,208.0,13.0,461,0
5339443711,13115,杉並区,35.692708333333336,139.5890625,696,44.0,476.0,127.0,14.0,439,0
5339443712,13115,杉並区,35.692708333333336,139.59218750000002,1111,131.0,709.0,212.0,16.0,563,0
5339443713,13115,杉並区,35.69479166666667,139.5890625,440,49.0,274.0,108.0,2.0,216,0
5339443714,13115,杉並区,35.69479166666667,139.59218750000002,996,129.0,615.0,204.0,5.0,491,0
5339443721,13115,杉並区,35.692708333333336,139.5953125,1197,148.0,760.0,252.0,5.0,595,0
5339443722,13115,杉並区,35.692708333333336,139.59843750000002,1059,184.0,642.0,217.0,7.0,388,0
5339443723,13115,杉並区,35.69479166666667,139.5953125,1271,144.0,820.0,258.0,15.0,614,0
5339443724,13115,杉並区,35.69479166666667,139.59843750000002,1060,102.0,705.0,241.0,13.0,548,0
5339443732,13115,杉並区,35.696875000000006,139.59218750000002,970,93.0,591.0,245.0,21.0,500,0
5339443734,13115,杉並区,35.69895833333334,139.59218750000002,639,75.0,387.0,155.0,6.0,325,0
5339443741,13115,杉並区,35.696875000000006,139.5953125,1075,94.0,686.0,244.0,14.0,579,0
5339443742,13115,杉並区,35.696875000000006,139.59843750000002,1261,130.0,855.0,228.0,16.0,663,0
5339443743,13115,杉並区,35.69895833333334,139.5953125,978,89.0,645.0,194.0,11.0,518,0
5339443744,13115,杉並区,35.69895833333334,139.59843750000002,1844,154.0,1198.0,314.0,40.0,1198,0
5339443811,13115,杉並区,35.692708333333336,139.6015625,724,94.0,438.0,144.0,8.0,379,0
5339443812,13115,杉並区,35.692708333333336,139.6046875,1009,141.0,654.0,160.0,19.0,488,0
5339443813,13115,杉並区,35.69479166666667,139.6015625,906,98.0,581.0,172.0,13.0,515,0
5339443814,13115,杉並区,35.69479166666667,139.6046875,1376,193.0,823.0,309.0,27.0,684,0
5339443821,13115,杉並区,35.692708333333336,139.6078125,717,83.0,432.0,141.0,10.0,390,0
5339443822,13115,杉並区,35.692708333333336,139.6109375,738,86.0,408.0,222.0,8.0,294,0
5339443823,13115,杉並区,35.69479166666667,139.6078125,1107,146.0,710.0,222.0,18.0,543,0
5339443824,13115,杉並区,35.69479166666667,139.6109375,896,104.0,522.0,233.0,6.0,423,0
5339443831,13115,杉並区,35.696875000000006,139.6015625,917,106.0,606.0,154.0,15.0,485,0
5339443832,13115,杉並区,35.696875000000006,139.6046875,1095,110.0,722.0,207.0,17.0,596,0
5339443833,13115,杉並区,35.69895833333334,139.6015625,1086,108.0,702.0,225.0,8.0,612,0
5339443834,13115,杉並区,35.69895833333334,139.6046875,1218,133.0,711.0,303.0,27.0,665,0
5339443841,13115,杉並区,35.696875000000006,139.6078125,1503,228.0,968.0,247.0,40.0,716,0
5339443842,13115,杉並区,35.696875000000006,139.6109375,1010,112.0,671.0,190.0,20.0,516,0
5339443843,13115,杉並区,35.69895833333334,139.6078125,1246,154.0,835.0,195.0,12.0,628,0
5339443844,13115,杉並区,35.69895833333334,139.6109375,1184,154.0,749.0,242.0,34.0,523,0
5339443911,13115,杉並区,35.692708333333336,139.61406250000002,1011,148.0,627.0,195.0,3.0,448,0
5339443912,13115,杉並区,35.692708333333336,139.61718750000003,1209,122.0,797.0,228.0,32.0,667,0
5339443913,13115,杉並区,35.69479166666667,139.61406250000002,1037,119.0,566.0,273.0,7.0,517,0
5339443914,13115,杉並区,35.69479166666667,139.61718750000003,1178,167.0,743.0,210.0,50.0,598,0
5339443921,13115,杉並区,35.692708333333336,139.6203125,1341,134.0,879.0,254.0,26.0,695,0
5339443922,13115,杉並区,35.692708333333336,139.62343750000002,770,95.0,424.0,227.0,2.0,324,0
5339443923,13115,杉並区,35.69479166666667,139.6203125,1126,159.0,713.0,217.0,14.0,529,0
5339443924,13115,杉並区,35.69479166666667,139.62343750000002,768,113.0,442.0,191.0,6.0,357,0
5339443931,13115,杉並区,35.696875000000006,139.61406250000002,969,98.0,621.0,212.0,13.0,438,0
5339443932,13115,杉並区,35.696875000000006,139.61718750000003,1349,138.0,921.0,202.0,54.0,767,0
5339443933,13115,杉並区,35.69895833333334,139.61406250000002,924,100.0,571.0,214.0,11.0,456,0
5339443934,13115,杉並区,35.69895833333334,139.61718750000003,1606,197.0,1081.0,235.0,27.0,909,0
5339443941,13115,杉並区,35.696875000000006,139.6203125,880,103.0,546.0,197.0,15.0,444,0
5339443942,13115,杉並区,35.696875000000006,139.62343750000002,942,90.0,554.0,270.0,32.0,535,0
5339443943,13115,杉並区,35.69895833333334,139.6203125,877,80.0,529.0,231.0,11.0,477,0
5339443944,13115,杉並区,35.69895833333334,139.62343750000002,891,97.0,565.0,195.0,14.0,429,0
5339444721,13115,杉並区,35.70104166666667,139.5953125,1040,109.0,658.0,216.0,18.0,550,0
5339444722,13115,杉並区,35.70104166666667,139.59843750000002,1770,99.0,1208.0,306.0,56.0,1253,0
5339444723,13115,杉並区,35.703125,139.5953125,1125,88.0,772.0,201.0,24.0,717,0
5339444724,13115,杉並区,35.703125,139.59843750000002,1790,112.0,1229.0,255.0,33.0,1232,0
5339444742,13115,杉並区,35.70520833333334,139.59843750000002,2048,168.0,1373.0,315.0,57.0,1321,0
5339444743,13115,杉並区,35.70729166666667,139.5953125,1547,119.0,957.0,406.0,27.0,913,0
5339444744,13115,杉並区,35.70729166666667,139.59843750000002,1270,111.0,776.0,303.0,44.0,713,0
5339444811,13115,杉並区,35.70104166666667,139.6015625,1693,121.0,1184.0,265.0,36.0,1072,0
5339444812,13115,杉並区,35.70104166666667,139.6046875,1047,114.0,676.0,219.0,13.0,583,0
5339444813,13115,杉並区,35.703125,139.6015625,1398,96.0,931.0,241.0,44.0,949,0
5339444814,13115,杉並区,35.703125,139.6046875,1181,70.0,818.0,206.0,20.0,747,0
5339444821,13115,杉並区,35.70104166666667,139.6078125,985,106.0,659.0,171.0,14.0,538,0
5339444822,13115,杉並区,35.70104166666667,139.6109375,852,107.0,516.0,192.0,1.0,394,0
5339444823,13115,杉並区,35.703125,139.6078125,1364,144.0,880.0,274.0,31.0,788,0
5339444824,13115,杉並区,35.703125,139.6109375,975,84.0,635.0,208.0,11.0,530,0
5339444831,13115,杉並区,35.70520833333334,139.6015625,1935,182.0,1277.0,327.0,32.0,1169,0
5339444832,13115,杉並区,35.70520833333334,139.6046875,1387,148.0,889.0,267.0,21.0,779,0
5339444833,13115,杉並区,35.70729166666667,139.6015625,1614,116.0,1077.0,293.0,41.0,1034,0
5339444834,13115,杉並区,35.70729166666667,139.6046875,1254,145.0,812.0,240.0,10.0,630,0
5339444841,13115,杉並区,35.70520833333334,139.6078125,1633,146.0,1053.0,319.0,37.0,972,0
5339444842,13115,杉並区,35.70520833333334,139.6109375,1122,102.0,747.0,215.0,30.0,646,0
5339444843,13115,杉並区,35.70729166666667,139.6078125,1110,123.0,722.0,221.0,18.0,539,0
5339444844,13115,杉並区,35.70729166666667,139.6109375,1023,67.0,657.0,216.0,25.0,629,0
5339444911,13115,杉並区,35.70104166666667,139.61406250000002,872,100.0,537.0,201.0,16.0,431,0
5339444912,13115,杉並区,35.70104166666667,139.61718750000003,1604,184.0,1055.0,268.0,29.0,980,0
5339444913,13115,杉並区,35.703125,139.61406250000002,1374,113.0,935.0,223.0,49.0,890,0
5339444914,13115,杉並区,35.703125,139.61718750000003,2213,146.0,1562.0,303.0,72.0,1589,0
5339444921,13115,杉並区,35.70104166666667,139.6203125,977,69.0,630.0,231.0,27.0,576,0
5339444922,13115,杉並区,35.70104166666667,139.62343750000002,823,77.0,558.0,153.0,18.0,468,0
5339444923,13115,杉並区,35.703125,139.6203125,2333,272.0,1515.0,336.0,64.0,1395,0
5339444924,13115,杉並区,35.703125,139.62343750000002,1857,157.0,1160.0,389.0,34.0,1145,0
5339444931,13115,杉並区,35.70520833333334,139.61406250000002,1635,93.0,1173.0,234.0,67.0,1140,0
5339444932,13115,杉並区,35.70520833333334,139.61718750000003,1064,76.0,707.0,177.0,24.0,750,0
5339444933,13115,杉並区,35.70729166666667,139.61406250000002,1581,104.0,998.0,370.0,35.0,961,0
5339444934,13115,杉並区,35.70729166666667,139.61718750000003,1894,132.0,1289.0,306.0,48.0,1309,0
5339444941,13115,杉並区,35.70520833333334,139.6203125,497,31.0,317.0,105.0,11.0,345,0
5339444942,13115,杉並区,35.70520833333334,139.62343750000002,1244,97.0,797.0,201.0,44.0,845,0
5339444943,13115,杉並区,35.70729166666667,139.6203125,1674,127.0,1145.0,244.0,105.0,1122,0
5339444944,13115,杉並区,35.70729166666667,139.62343750000002,1709,152.0,1142.0,279.0,41.0,1071,0
5339445634,13120,練馬区,35.715625,139.5796875,1031,141.0,643.0,226.0,10.0,452,0
5339445642,13120,練馬区,35.71354166666667,139.5859375,1111,136.0,677.0,272.0,26.0,514,0
5339445643,13120,練馬区,35.715625,139.5828125,1404,181.0,891.0,282.0,35.0,678,0
5339445644,13115,杉並区,35.715625,139.5859375,713,58.0,423.0,205.0,8.0,364,0
5339445712,13115,杉並区,35.709375,139.59218750000002,951,92.0,595.0,220.0,25.0,564,0
5339445713,13115,杉並区,35.71145833333333,139.5890625,297,27.0,189.0,64.0,11.0,178,0
5339445714,13115,杉並区,35.71145833333333,139.59218750000002,530,60.0,328.0,107.0,5.0,270,0
5339445721,13115,杉並区,35.709375,139.5953125,1071,93.0,703.0,224.0,31.0,636,0
5339445722,13115,杉並区,35.709375,139.59843750000002,1004,71.0,661.0,211.0,30.0,598,0
5339445723,13115,杉並区,35.71145833333333,139.5953125,1007,125.0,579.0,261.0,8.0,479,0
5339445724,13115,杉並区,35.71145833333333,139.59843750000002,1149,135.0,729.0,216.0,14.0,604,0
5339445731,13115,杉並区,35.71354166666667,139.5890625,859,140.0,519.0,174.0,16.0,385,0
5339445732,13115,杉並区,35.71354166666667,139.59218750000002,553,59.0,364.0,110.0,5.0,250,0
5339445733,13115,杉並区,35.715625,139.5890625,169,6.0,53.0,84.0,2.0,52,0
5339445734,13115,杉並区,35.715625,139.59218750000002,726,81.0,468.0,140.0,8.0,333,0
5339445741,13115,杉並区,35.71354166666667,139.5953125,859,104.0,510.0,212.0,16.0,431,0
5339445742,13115,杉並区,35.71354166666667,139.59843750000002,990,119.0,633.0,210.0,16.0,491,0
5339445743,13115,杉並区,35.715625,139.5953125,306,55.0,186.0,63.0,4.0,125,0
5339445744,13115,杉並区,35.715625,139.59843750000002,854,92.0,588.0,137.0,14.0,431,0
5339445811,13115,杉並区,35.709375,139.6015625,1389,164.0,904.0,231.0,45.0,793,0
5339445812,13115,杉並区,35.709375,139.6046875,989,113.0,629.0,188.0,8.0,511,0
5339445813,13115,杉並区,35.71145833333333,139.6015625,1453,124.0,942.0,299.0,32.0,861,0
5339445814,13115,杉並区,35.71145833333333,139.6046875,1392,144.0,826.0,361.0,22.0,747,0
5339445821,13115,杉並区,35.709375,139.6078125,923,92.0,563.0,239.0,8.0,403,0
5339445822,13115,杉並区,35.709375,139.6109375,1508,131.0,1025.0,256.0,33.0,937,0
5339445823,13115,杉並区,35.71145833333333,139.6078125,1302,158.0,825.0,260.0,7.0,704,0
5339445824,13115,杉並区,35.71145833333333,139.6109375,1188,110.0,727.0,283.0,27.0,686,0
5339445831,13115,杉並区,35.71354166666667,139.6015625,1298,101.0,815.0,299.0,37.0,763,0
5339445832,13115,杉並区,35.71354166666667,139.6046875,2443,299.0,1544.0,522.0,15.0,1131,0
5339445833,13115,杉並区,35.715625,139.6015625,1155,146.0,683.0,283.0,10.0,551,0
5339445834,13115,杉並区,35.715625,139.6046875,1173,132.0,747.0,258.0,15.0,587,0
5339445841,13115,杉並区,35.71354166666667,139.6078125,1324,308.0,846.0,139.0,16.0,544,0
5339445842,13115,杉並区,35.71354166666667,139.6109375,1339,213.0,824.0,260.0,21.0,600,0
5339445843,13115,杉並区,35.715625,139.6078125,932,125.0,527.0,246.0,14.0,442,0
5339445844,13115,杉並区,35.715625,139.6109375,1018,131.0,616.0,233.0,8.0,447,0
5339445911,13115,杉並区,35.709375,139.61406250000002,1579,105.0,1062.0,289.0,61.0,1059,0
5339445912,13115,杉並区,35.709375,139.61718750000003,1297,95.0,886.0,224.0,30.0,843,0
5339445913,13115,杉並区,35.71145833333333,139.61406250000002,1251,122.0,807.0,265.0,32.0,733,0
5339445914,13115,杉並区,35.71145833333333,139.61718750000003,952,95.0,572.0,224.0,19.0,500,0
5339445921,13115,杉並区,35.709375,139.6203125,1188,92.0,805.0,215.0,23.0,736,0
5339445922,13115,杉並区,35.709375,139.62343750000002,1541,205.0,1028.0,239.0,36.0,825,0
5339445923,13115,杉並区,35.71145833333333,139.6203125,916,105.0,566.0,199.0,22.0,508,0
5339445924,13115,杉並区,35.71145833333333,139.62343750000002,1310,123.0,831.0,268.0,20.0,774,0
5339445931,13115,杉並区,35.71354166666667,139.61406250000002,1141,111.0,772.0,213.0,23.0,595,0
5339445932,13115,杉並区,35.71354166666667,139.61718750000003,642,57.0,390.0,163.0,8.0,313,0
5339445933,13115,杉並区,35.715625,139.61406250000002,1013,144.0,681.0,135.0,12.0,491,0
5339445934,13115,杉並区,35.715625,139.61718750000003,797,109.0,503.0,160.0,12.0,364,0
5339445941,13115,杉並区,35.71354166666667,139.6203125,1110,131.0,661.0,270.0,9.0,532,0
5339445942,13115,杉並区,35.71354166666667,139.62343750000002,1127,149.0,688.0,244.0,18.0,549,0
5339445943,13115,杉並区,35.715625,139.6203125,885,121.0,499.0,251.0,10.0,339,0
5339445944,13115,杉並区,35.715625,139.62343750000002,1244,229.0,717.0,246.0,19.0,520,0
5339446524,13120,練馬区,35.719791666666666,139.5734375,1116,101.0,537.0,450.0,5.0,342,0
5339446532,13120,練馬区,35.721875000000004,139.56718750000002,1199,107.0,749.0,280.0,20.0,685,0
5339446534,13120,練馬区,35.723958333333336,139.56718750000002,1058,116.0,683.0,207.0,49.0,588,0
5339446541,13120,練馬区,35.721875000000004,139.5703125,2711,364.0,1528.0,596.0,19.0,1225,0
5339446542,13120,練馬区,35.721875000000004,139.5734375,1491,106.0,864.0,436.0,22.0,754,0
5339446543,13120,練馬区,35.723958333333336,139.5703125,685,68.0,464.0,132.0,13.0,347,0
5339446544,13120,練馬区,35.723958333333336,139.5734375,909,88.0,585.0,196.0,21.0,470,0
5339446612,13120,練馬区,35.717708333333334,139.5796875,630,87.0,442.0,94.0,6.0,262,0
5339446613,13120,練馬区,35.719791666666666,139.5765625,745,89.0,448.0,193.0,3.0,317,0
5339446614,13120,練馬区,35.719791666666666,139.5796875,509,53.0,282.0,156.0,6.0,238,0
5339446621,13120,練馬区,35.717708333333334,139.5828125,1358,151.0,911.0,234.0,38.0,690,0
5339446622,13115,杉並区,35.717708333333334,139.5859375,739,82.0,406.0,240.0,12.0,323,0
5339446623,13120,練馬区,35.719791666666666,139.5828125,1120,148.0,712.0,225.0,17.0,551,0
5339446624,13120,練馬区,35.719791666666666,139.5859375,872,129.0,546.0,183.0,24.0,365,0
5339446631,13120,練馬区,35.721875000000004,139.5765625,1360,168.0,900.0,208.0,35.0,689,0
5339446632,13120,練馬区,35.721875000000004,139.5796875,1569,346.0,1035.0,157.0,47.0,658,0
5339446633,13120,練馬区,35.723958333333336,139.5765625,1288,110.0,888.0,219.0,42.0,759,0
5339446634,13120,練馬区,35.723958333333336,139.5796875,1186,118.0,816.0,174.0,46.0,638,0
5339446641,13120,練馬区,35.721875000000004,139.5828125,885,88.0,593.0,164.0,24.0,496,0
5339446642,13120,練馬区,35.721875000000004,139.5859375,751,49.0,460.0,208.0,35.0,422,0
5339446643,13120,練馬区,35.723958333333336,139.5828125,865,83.0,570.0,163.0,32.0,507,0
5339446644,13120,練馬区,35.723958333333336,139.5859375,1310,134.0,795.0,323.0,41.0,627,0
5339446711,13115,杉並区,35.717708333333334,139.5890625,603,84.0,373.0,125.0,3.0,264,0
5339446712,13115,杉並区,35.717708333333334,139.59218750000002,774,89.0,491.0,161.0,7.0,377,0
5339446713,13115,杉並区,35.719791666666666,139.5890625,1026,139.0,645.0,193.0,20.0,454,0
5339446714,13120,練馬区,35.719791666666666,139.59218750000002,779,81.0,511.0,153.0,24.0,436,0
5339446721,13115,杉並区,35.717708333333334,139.5953125,518,91.0,311.0,97.0,6.0,241,0
5339446722,13115,杉並区,35.717708333333334,139.59843750000002,814,105.0,536.0,150.0,17.0,368,0
5339446723,13115,杉並区,35.719791666666666,139.5953125,1150,125.0,700.0,310.0,18.0,529,0
5339446724,13115,杉並区,35.719791666666666,139.59843750000002,688,120.0,423.0,132.0,7.0,248,0
5339446731,13120,練馬区,35.721875000000004,139.5890625,1056,119.0,723.0,161.0,50.0,581,0
5339446732,13120,練馬区,35.721875000000004,139.59218750000002,1018,78.0,689.0,182.0,45.0,597,0
5339446733,13120,練馬区,35.723958333333336,139.5890625,1371,91.0,870.0,327.0,68.0,856,0
5339446734,13120,練馬区,35.723958333333336,139.59218750000002,1137,58.0,759.0,239.0,65.0,731,0
5339446741,13120,練馬区,35.721875000000004,139.5953125,991,135.0,639.0,207.0,25.0,437,0
5339446742,13115,杉並区,35.721875000000004,139.59843750000002,866,105.0,590.0,156.0,16.0,378,0
5339446743,13120,練馬区,35.723958333333336,139.5953125,898,80.0,545.0,237.0,35.0,478,0
5339446744,13120,練馬区,35.723958333333336,139.59843750000002,857,128.0,534.0,180.0,25.0,401,0
5339446811,13115,杉並区,35.717708333333334,139.6015625,941,142.0,574.0,206.0,13.0,419,0
5339446812,13115,杉並区,35.717708333333334,139.6046875,540,78.0,327.0,118.0,1.0,253,0
5339446813,13115,杉並区,35.719791666666666,139.6015625,622,113.0,412.0,81.0,15.0,257,0
5339446814,13115,杉並区,35.719791666666666,139.6046875,1078,162.0,729.0,170.0,9.0,459,0
5339446821,13115,杉並区,35.717708333333334,139.6078125,322,45.0,219.0,53.0,1.0,111,0
5339446822,13115,杉並区,35.717708333333334,139.6109375,1087,153.0,736.0,171.0,27.0,480,0
5339446823,13115,杉並区,35.719791666666666,139.6078125,1031,157.0,702.0,147.0,15.0,449,0
5339446824,13115,杉並区,35.719791666666666,139.6109375,984,151.0,583.0,221.0,9.0,458,0
5339446831,13115,杉並区,35.721875000000004,139.6015625,301,30.0,186.0,74.0,6.0,159,0
5339446832,13115,杉並区,35.721875000000004,139.6046875,1131,145.0,687.0,260.0,32.0,542,0
5339446833,13115,杉並区,35.723958333333336,139.6015625,358,36.0,191.0,113.0,11.0,174,0
5339446834,13115,杉並区,35.723958333333336,139.6046875,1163,90.0,737.0,269.0,31.0,707,0
5339446841,13115,杉並区,35.721875000000004,139.6078125,1278,172.0,867.0,196.0,25.0,583,0
5339446842,13115,杉並区,35.721875000000004,139.6109375,1062,142.0,648.0,246.0,9.0,471,0
5339446843,13115,杉並区,35.723958333333336,139.6078125,979,93.0,603.0,217.0,39.0,547,0
5339446844,13115,杉並区,35.723958333333336,139.6109375,1169,100.0,782.0,212.0,38.0,739,0
5339446911,13115,杉並区,35.717708333333334,139.61406250000002,1167,135.0,754.0,231.0,24.0,596,0
5339446912,13115,杉並区,35.717708333333334,139.61718750000003,781,103.0,453.0,196.0,3.0,366,0
5339446913,13115,杉並区,35.719791666666666,139.61406250000002,1085,103.0,722.0,203.0,20.0,643,0
5339446914,13115,杉並区,35.719791666666666,139.61718750000003,993,145.0,617.0,188.0,29.0,508,0
5339446921,13115,杉並区,35.717708333333334,139.6203125,832,93.0,482.0,207.0,7.0,412,0
5339446922,13115,杉並区,35.717708333333334,139.62343750000002,1156,162.0,770.0,179.0,25.0,569,0
5339446923,13115,杉並区,35.719791666666666,139.6203125,815,119.0,470.0,189.0,8.0,403,0
5339446924,13115,杉並区,35.719791666666666,139.62343750000002,1065,129.0,630.0,252.0,16.0,535,0
5339446931,13115,杉並区,35.721875000000004,139.61406250000002,1218,133.0,805.0,228.0,25.0,665,0
5339446932,13115,杉並区,35.721875000000004,139.61718750000003,722,118.0,439.0,139.0,8.0,347,0
5339446933,13115,杉並区,35.723958333333336,139.61406250000002,1171,102.0,744.0,247.0,36.0,733,0
5339446934,13115,杉並区,35.723958333333336,139.61718750000003,1388,122.0,935.0,238.0,52.0,886,0
5339446941,13115,杉並区,35.721875000000004,139.6203125,927,111.0,597.0,188.0,6.0,468,0
5339446942,13115,杉並区,35.721875000000004,139.62343750000002,975,87.0,594.0,187.0,26.0,592,0
5339446943,13115,杉並区,35.723958333333336,139.6203125,1372,137.0,882.0,298.0,71.0,771,0
5339446944,13115,杉並区,35.723958333333336,139.62343750000002,1274,95.0,842.0,242.0,43.0,800,0
5339447512,13120,練馬区,35.72604166666667,139.56718750000002,458,34.0,240.0,163.0,9.0,214,0
5339447514,13120,練馬区,35.728125,139.56718750000002,778,39.0,538.0,179.0,35.0,366,0
5339447521,13120,練馬区,35.72604166666667,139.5703125,740,77.0,409.0,230.0,18.0,346,0
5339447522,13120,練馬区,35.72604166666667,139.5734375,1739,207.0,1203.0,248.0,53.0,942,0
5339447523,13120,練馬区,35.728125,139.5703125,719,72.0,401.0,221.0,24.0,366,0
5339447524,13120,練馬区,35.728125,139.5734375,959,85.0,608.0,184.0,29.0,588,0
5339447541,13120,練馬区,35.73020833333334,139.5703125,707,98.0,484.0,105.0,11.0,323,0
5339447542,13120,練馬区,35.73020833333334,139.5734375,1163,139.0,745.0,220.0,29.0,568,0
5339447543,13120,練馬区,35.73229166666667,139.5703125,1154,168.0,715.0,243.0,11.0,409,0
5339447544,13120,練馬区,35.73229166666667,139.5734375,898,127.0,635.0,106.0,28.0,425,0
5339447611,13120,練馬区,35.72604166666667,139.5765625,1772,105.0,1199.0,330.0,101.0,1142,0
5339447612,13120,練馬区,35.72604166666667,139.5796875,1777,134.0,1220.0,304.0,57.0,1093,0
5339447613,13120,練馬区,35.728125,139.5765625,1227,50.0,816.0,232.0,68.0,874,0
5339447614,13120,練馬区,35.728125,139.5796875,1122,53.0,771.0,181.0,57.0,810,0
5339447621,13120,練馬区,35.72604166666667,139.5828125,1287,139.0,775.0,317.0,66.0,653,0
5339447622,13120,練馬区,35.72604166666667,139.5859375,1110,101.0,754.0,197.0,46.0,635,0
5339447623,13120,練馬区,35.728125,139.5828125,938,104.0,590.0,205.0,38.0,489,0
5339447624,13120,練馬区,35.728125,139.5859375,1180,179.0,818.0,136.0,27.0,592,0
5339447631,13120,練馬区,35.73020833333334,139.5765625,898,73.0,594.0,185.0,49.0,486,0
5339447632,13120,練馬区,35.73020833333334,139.5796875,1074,52.0,674.0,273.0,62.0,622,0
5339447633,13120,練馬区,35.73229166666667,139.5765625,702,82.0,426.0,166.0,25.0,383,0
5339447634,13120,練馬区,35.73229166666667,139.5796875,1492,154.0,1081.0,217.0,28.0,674,0
5339447641,13120,練馬区,35.73020833333334,139.5828125,816,50.0,487.0,258.0,15.0,427,0
5339447642,13120,練馬区,35.73020833333334,139.5859375,747,64.0,396.0,258.0,20.0,388,0
5339447643,13120,練馬区,35.73229166666667,139.5828125,700,72.0,411.0,203.0,14.0,336,0
5339447644,13120,練馬区,35.73229166666667,139.5859375,1253,122.0,679.0,431.0,34.0,570,0
5339447711,13120,練馬区,35.72604166666667,139.5890625,1332,106.0,941.0,197.0,62.0,832,0
5339447712,13120,練馬区,35.72604166666667,139.59218750000002,858,57.0,581.0,158.0,38.0,542,0
5339447713,13120,練馬区,35.728125,139.5890625,741,53.0,520.0,129.0,28.0,453,0
5339447714,13120,練馬区,35.728125,139.59218750000002,1173,89.0,788.0,222.0,30.0,715,0
5339447721,13120,練馬区,35.72604166666667,139.5953125,525,58.0,299.0,145.0,14.0,288,0
5339447722,13120,練馬区,35.72604166666667,139.59843750000002,700,95.0,457.0,122.0,22.0,328,0
5339447723,13120,練馬区,35.728125,139.5953125,896,70.0,553.0,234.0,18.0,474,0
5339447724,13120,練馬区,35.728125,139.59843750000002,765,123.0,496.0,115.0,21.0,365,0
5339447731,13120,練馬区,35.73020833333334,139.5890625,764,69.0,439.0,219.0,34.0,430,0
5339447732,13120,練馬区,35.73020833333334,139.59218750000002,1089,114.0,738.0,174.0,30.0,618,0
5339447733,13120,練馬区,35.73229166666667,139.5890625,1916,349.0,1163.0,369.0,65.0,826,0
5339447734,13120,練馬区,35.73229166666667,139.59218750000002,207,6.0,91.0,100.0,7.0,79,0
5339447741,13120,練馬区,35.73020833333334,139.5953125,1173,84.0,744.0,260.0,42.0,651,0
5339447742,13120,練馬区,35.73020833333334,139.59843750000002,978,136.0,621.0,187.0,28.0,457,0
5339447743,13120,練馬区,35.73229166666667,139.5953125,724,56.0,419.0,218.0,14.0,351,0
5339447744,13120,練馬区,35.73229166666667,139.59843750000002,925,94.0,581.0,224.0,16.0,445,0
5339447811,13120,練馬区,35.72604166666667,139.6015625,925,86.0,607.0,185.0,20.0,531,0
5339447812,13115,杉並区,35.72604166666667,139.6046875,903,106.0,593.0,156.0,26.0,524,0
5339447813,13120,練馬区,35.728125,139.6015625,891,80.0,599.0,168.0,28.0,513,0
5339447814,13120,練馬区,35.728125,139.6046875,1247,115.0,835.0,243.0,47.0,701,0
5339447821,13115,杉並区,35.72604166666667,139.6078125,963,115.0,607.0,202.0,8.0,501,0
5339447822,13115,杉並区,35.72604166666667,139.6109375,928,82.0,525.0,255.0,45.0,532,0
5339447823,13120,練馬区,35.728125,139.6078125,1141,116.0,794.0,181.0,43.0,642,0
5339447824,13115,杉並区,35.728125,139.6109375,321,31.0,159.0,119.0,2.0,145,0
5339447831,13120,練馬区,35.73020833333334,139.6015625,1116,154.0,737.0,171.0,16.0,552,0
5339447832,13120,練馬区,35.73020833333334,139.6046875,840,85.0,569.0,164.0,16.0,412,0
5339447833,13120,練馬区,35.73229166666667,139.6015625,941,94.0,626.0,202.0,18.0,428,0
5339447834,13120,練馬区,35.73229166666667,139.6046875,1100,155.0,703.0,214.0,15.0,489,0
5339447841,13120,練馬区,35.73020833333334,139.6078125,1041,151.0,688.0,170.0,48.0,450,0
5339447842,13120,練馬区,35.73020833333334,139.6109375,1018,162.0,651.0,185.0,26.0,439,0
5339447843,13120,練馬区,35.73229166666667,139.6078125,1254,167.0,752.0,302.0,34.0,507,0
5339447844,13120,練馬区,35.73229166666667,139.6109375,1216,163.0,773.0,232.0,43.0,567,0
5339447911,13115,杉並区,35.72604166666667,139.61406250000002,834,70.0,450.0,287.0,21.0,458,0
5339447912,13115,杉並区,35.72604166666667,139.61718750000003,743,80.0,482.0,158.0,7.0,354,0
5339447913,13115,杉並区,35.728125,139.61406250000002,923,122.0,565.0,181.0,40.0,535,0
5339447914,13115,杉並区,35.728125,139.61718750000003,857,95.0,534.0,173.0,19.0,491,0
5339447921,13115,杉並区,35.72604166666667,139.6203125,1261,101.0,853.0,241.0,35.0,760,0
5339447922,13115,杉並区,35.72604166666667,139.62343750000002,1230,127.0,794.0,235.0,32.0,706,0
5339447923,13115,杉並区,35.728125,139.6203125,790,105.0,530.0,117.0,38.0,434,0
5339447924,13115,杉並区,35.728125,139.62343750000002,1184,163.0,685.0,261.0,17.0,619,0
5339447931,13120,練馬区,35.73020833333334,139.61406250000002,1158,148.0,769.0,185.0,59.0,602,0
5339447932,13120,練馬区,35.73020833333334,139.61718750000003,1759,319.0,1154.0,244.0,34.0,702,0
5339447933,13120,練馬区,35.73229166666667,139.61406250000002,1079,135.0,726.0,171.0,41.0,537,0
5339447934,13120,練馬区,35.73229166666667,139.61718750000003,1021,164.0,676.0,152.0,36.0,443,0
5339447941,13120,練馬区,35.73020833333334,139.6203125,1579,309.0,1031.0,213.0,16.0,633,0
5339447942,13115,杉並区,35.73020833333334,139.62343750000002,1473,201.0,1019.0,206.0,18.0,685,0
5339447943,13120,練馬区,35.73229166666667,139.6203125,906,117.0,602.0,162.0,16.0,440,0
5339447944,13120,練馬区,35.73229166666667,139.62343750000002,1403,176.0,861.0,336.0,18.0,639,0
5339448521,13120,練馬区,35.73437500000001,139.5703125,1124,129.0,726.0,222.0,19.0,536,0
5339448522,13120,練馬区,35.73437500000001,139.5734375,1263,162.0,830.0,247.0,20.0,524,0
5339448523,13120,練馬区,35.73645833333334,139.5703125,1012,96.0,644.0,262.0,12.0,371,0
5339448524,13120,練馬区,35.73645833333334,139.5734375,899,111.0,557.0,213.0,7.0,368,0
5339448541,13120,練馬区,35.73854166666668,139.5703125,978,118.0,590.0,249.0,17.0,427,0
5339448542,13120,練馬区,35.73854166666668,139.5734375,1044,159.0,639.0,228.0,13.0,425,0
5339448543,13120,練馬区,35.74062500000001,139.5703125,788,114.0,530.0,131.0,9.0,311,0
5339448544,13120,練馬区,35.74062500000001,139.5734375,1015,131.0,591.0,263.0,11.0,452,0
5339448611,13120,練馬区,35.73437500000001,139.5765625,1797,188.0,1210.0,361.0,29.0,750,0
5339448612,13120,練馬区,35.73437500000001,139.5796875,731,110.0,436.0,170.0,15.0,320,0
5339448613,13120,練馬区,35.73645833333334,139.5765625,1501,228.0,1033.0,215.0,19.0,593,0
5339448614,13120,練馬区,35.73645833333334,139.5796875,1092,135.0,708.0,228.0,10.0,479,0
5339448621,13120,練馬区,35.73437500000001,139.5828125,583,95.0,357.0,115.0,9.0,250,0
5339448622,13120,練馬区,35.73437500000001,139.5859375,959,116.0,586.0,222.0,11.0,396,0
5339448623,13120,練馬区,35.73645833333334,139.5828125,672,77.0,407.0,183.0,5.0,278,0
5339448624,13120,練馬区,35.73645833333334,139.5859375,1068,166.0,688.0,192.0,3.0,455,0
5339448631,13120,練馬区,35.73854166666668,139.5765625,762,72.0,487.0,185.0,5.0,326,0
5339448632,13120,練馬区,35.73854166666668,139.5796875,1106,140.0,674.0,274.0,14.0,455,0
5339448633,13120,練馬区,35.74062500000001,139.5765625,940,98.0,597.0,227.0,15.0,376,0
5339448634,13120,練馬区,35.74062500000001,139.5796875,1077,97.0,653.0,298.0,11.0,489,0
5339448641,13120,練馬区,35.73854166666668,139.5828125,896,119.0,560.0,192.0,15.0,394,0
5339448642,13120,練馬区,35.73854166666668,139.5859375,1083,137.0,576.0,357.0,12.0,366,0
5339448643,13120,練馬区,35.74062500000001,139.5828125,798,76.0,490.0,204.0,4.0,373,0
5339448644,13120,練馬区,35.74062500000001,139.5859375,637,104.0,396.0,127.0,5.0,262,0
5339448711,13120,練馬区,35.73437500000001,139.5890625,669,112.0,431.0,111.0,7.0,276,0
5339448712,13120,練馬区,35.73437500000001,139.59218750000002,988,106.0,574.0,249.0,14.0,469,0
5339448713,13120,練馬区,35.73645833333334,139.5890625,1162,179.0,716.0,239.0,31.0,497,0
5339448714,13120,練馬区,35.73645833333334,139.59218750000002,1065,146.0,639.0,251.0,16.0,449,0
5339448721,13120,練馬区,35.73437500000001,139.5953125,1132,149.0,731.0,212.0,26.0,533,0
5339448722,13120,練馬区,35.73437500000001,139.59843750000002,529,69.0,331.0,121.0,12.0,238,0
5339448723,13120,練馬区,35.73645833333334,139.5953125,453,59.0,252.0,136.0,2.0,193,0
5339448724,13120,練馬区,35.73645833333334,139.59843750000002,78,1.0,43.0,30.0,0.0,40,0
5339448731,13120,練馬区,35.73854166666668,139.5890625,1073,164.0,689.0,192.0,19.0,500,0
5339448732,13120,練馬区,35.73854166666668,139.59218750000002,706,80.0,442.0,168.0,14.0,321,0
5339448733,13120,練馬区,35.74062500000001,139.5890625,971,164.0,624.0,145.0,8.0,460,0
5339448734,13120,練馬区,35.74062500000001,139.59218750000002,1045,97.0,640.0,263.0,18.0,519,0
5339448742,13120,練馬区,35.73854166666668,139.59843750000002,137,9.0,76.0,46.0,3.0,74,0
5339448743,13120,練馬区,35.74062500000001,139.5953125,324,47.0,220.0,51.0,5.0,127,0
5339448744,13120,練馬区,35.74062500000001,139.59843750000002,807,86.0,492.0,207.0,26.0,389,0
5339448811,13120,練馬区,35.73437500000001,139.6015625,963,138.0,600.0,203.0,7.0,430,0
5339448812,13120,練馬区,35.73437500000001,139.6046875,1118,178.0,662.0,263.0,26.0,444,0
5339448813,13120,練馬区,35.73645833333334,139.6015625,525,73.0,318.0,116.0,9.0,263,0
5339448814,13120,練馬区,35.73645833333334,139.6046875,925,98.0,602.0,196.0,13.0,482,0
5339448821,13120,練馬区,35.73437500000001,139.6078125,713,91.0,382.0,217.0,18.0,301,0
5339448822,13120,練馬区,35.73437500000001,139.6109375,1434,191.0,926.0,290.0,30.0,652,0
5339448823,13120,練馬区,35.73645833333334,139.6078125,1068,205.0,663.0,183.0,9.0,445,0
5339448824,13120,練馬区,35.73645833333334,139.6109375,660,93.0,409.0,147.0,10.0,290,0
5339448831,13120,練馬区,35.73854166666668,139.6015625,45,10.0,23.0,10.0,0.0,20,0
5339448832,13120,練馬区,35.73854166666668,139.6046875,272,26.0,172.0,62.0,3.0,147,0
5339448833,13120,練馬区,35.74062500000001,139.6015625,635,85.0,362.0,171.0,4.0,302,0
5339448834,13120,練馬区,35.74062500000001,139.6046875,773,80.0,482.0,168.0,13.0,421,0
5339448841,13120,練馬区,35.73854166666668,139.6078125,969,147.0,611.0,175.0,32.0,462,0
5339448842,13120,練馬区,35.73854166666668,139.6109375,804,23.0,253.0,510.0,22.0,541,0
5339448843,13120,練馬区,35.74062500000001,139.6078125,996,85.0,499.0,373.0,63.0,573,0
5339448844,13120,練馬区,35.74062500000001,139.6109375,891,64.0,434.0,376.0,43.0,496,0
5339448911,13120,練馬区,35.73437500000001,139.61406250000002,552,60.0,368.0,94.0,26.0,296,0
5339448912,13120,練馬区,35.73437500000001,139.61718750000003,684,52.0,477.0,117.0,19.0,381,0
5339448913,13120,練馬区,35.73645833333334,139.61406250000002,1093,141.0,734.0,171.0,23.0,555,0
5339448914,13120,練馬区,35.73645833333334,139.61718750000003,1015,125.0,638.0,202.0,52.0,485,0
5339448921,13120,練馬区,35.73437500000001,139.6203125,1193,135.0,705.0,322.0,25.0,509,0
5339448922,13120,練馬区,35.73437500000001,139.62343750000002,1007,110.0,596.0,270.0,70.0,513,0
5339448923,13120,練馬区,35.73645833333334,139.6203125,1034,86.0,620.0,262.0,31.0,556,0
5339448924,13120,練馬区,35.73645833333334,139.62343750000002,1188,102.0,771.0,237.0,43.0,698,0
5339448931,13120,練馬区,35.73854166666668,139.61406250000002,725,42.0,356.0,310.0,15.0,420,0
5339448932,13120,練馬区,35.73854166666668,139.61718750000003,934,56.0,432.0,421.0,18.0,549,0
5339448933,13120,練馬区,35.74062500000001,139.61406250000002,1042,115.0,611.0,281.0,23.0,550,0
5339448934,13120,練馬区,35.74062500000001,139.61718750000003,1156,120.0,692.0,310.0,36.0,581,0
5339448941,13120,練馬区,35.73854166666668,139.6203125,764,76.0,477.0,172.0,19.0,438,0
5339448942,13120,練馬区,35.73854166666668,139.62343750000002,1118,131.0,679.0,272.0,17.0,521,0
5339448943,13120,練馬区,35.74062500000001,139.6203125,1052,114.0,651.0,250.0,16.0,528,0
5339448944,13120,練馬区,35.74062500000001,139.62343750000002,1199,163.0,784.0,207.0,33.0,604,0
5339449521,13120,練馬区,35.74270833333334,139.5703125,1056,186.0,720.0,138.0,10.0,419,0
5339449522,13120,練馬区,35.74270833333334,139.5734375,1119,108.0,720.0,253.0,17.0,511,0
5339449523,13120,練馬区,35.74479166666667,139.5703125,741,128.0,490.0,114.0,9.0,306,0
5339449524,13120,練馬区,35.74479166666667,139.5734375,955,130.0,596.0,211.0,8.0,413,0
5339449532,13120,練馬区,35.74687500000001,139.56718750000002,940,78.0,623.0,199.0,23.0,551,0
5339449541,13120,練馬区,35.74687500000001,139.5703125,966,116.0,652.0,169.0,8.0,490,0
5339449542,13120,練馬区,35.74687500000001,139.5734375,1032,125.0,695.0,185.0,18.0,451,0
5339449543,13120,練馬区,35.74895833333334,139.5703125,1334,137.0,915.0,238.0,25.0,675,0
5339449544,13120,練馬区,35.74895833333334,139.5734375,1021,104.0,671.0,213.0,17.0,515,0
5339449611,13120,練馬区,35.74270833333334,139.5765625,1013,110.0,594.0,299.0,16.0,443,0
5339449612,13120,練馬区,35.74270833333334,139.5796875,929,119.0,610.0,184.0,12.0,365,0
5339449613,13120,練馬区,35.74479166666667,139.5765625,747,95.0,457.0,178.0,16.0,352,0
5339449614,13120,練馬区,35.74479166666667,139.5796875,993,95.0,675.0,176.0,12.0,497,0
5339449621,13120,練馬区,35.74270833333334,139.5828125,882,108.0,561.0,187.0,9.0,428,0
5339449622,13120,練馬区,35.74270833333334,139.5859375,725,61.0,532.0,118.0,3.0,356,0
5339449623,13120,練馬区,35.74479166666667,139.5828125,803,124.0,465.0,190.0,13.0,381,0
5339449624,13120,練馬区,35.74479166666667,139.5859375,680,83.0,434.0,129.0,8.0,374,0
5339449631,13120,練馬区,35.74687500000001,139.5765625,1251,127.0,833.0,252.0,22.0,585,0
5339449632,13120,練馬区,35.74687500000001,139.5796875,1194,140.0,688.0,323.0,13.0,533,0
5339449633,13120,練馬区,35.74895833333334,139.5765625,1083,110.0,661.0,267.0,19.0,546,0
5339449634,13120,練馬区,35.74895833333334,139.5796875,996,92.0,609.0,257.0,23.0,519,0
5339449641,13120,練馬区,35.74687500000001,139.5828125,1295,172.0,799.0,269.0,24.0,628,0
5339449642,13120,練馬区,35.74687500000001,139.5859375,844,21.0,467.0,305.0,6.0,525,0
5339449643,13120,練馬区,35.74895833333334,139.5828125,1312,142.0,853.0,263.0,16.0,662,0
5339449644,13120,練馬区,35.74895833333334,139.5859375,1440,188.0,895.0,266.0,30.0,819,0
5339449711,13120,練馬区,35.74270833333334,139.5890625,1293,137.0,794.0,335.0,33.0,640,0
5339449712,13120,練馬区,35.74270833333334,139.59218750000002,1156,142.0,742.0,242.0,29.0,543,0
5339449713,13120,練馬区,35.74479166666667,139.5890625,384,55.0,240.0,88.0,3.0,132,0
5339449714,13120,練馬区,35.74479166666667,139.59218750000002,676,95.0,414.0,156.0,21.0,285,0
5339449721,13120,練馬区,35.74270833333334,139.5953125,1012,114.0,676.0,196.0,29.0,495,0
5339449722,13120,練馬区,35.74270833333334,139.59843750000002,1219,174.0,809.0,179.0,37.0,619,0
5339449723,13120,練馬区,35.74479166666667,139.5953125,1045,96.0,645.0,273.0,23.0,543,0
5339449724,13120,練馬区,35.74479166666667,139.59843750000002,995,137.0,643.0,184.0,12.0,474,0
5339449731,13120,練馬区,35.74687500000001,139.5890625,1157,131.0,703.0,291.0,14.0,562,0
5339449732,13120,練馬区,35.74687500000001,139.59218750000002,875,113.0,546.0,188.0,7.0,472,0
5339449733,13120,練馬区,35.74895833333334,139.5890625,1123,117.0,737.0,220.0,22.0,631,0
5339449734,13120,練馬区,35.74895833333334,139.59218750000002,795,73.0,535.0,163.0,16.0,436,0
5339449741,13120,練馬区,35.74687500000001,139.5953125,1083,145.0,687.0,227.0,26.0,511,0
5339449742,13120,練馬区,35.74687500000001,139.59843750000002,1064,108.0,723.0,195.0,29.0,585,0
5339449743,13120,練馬区,35.74895833333334,139.5953125,1700,259.0,1070.0,329.0,13.0,741,0
5339449744,13120,練馬区,35.74895833333334,139.59843750000002,901,151.0,542.0,190.0,7.0,362,0
5339449811,13120,練馬区,35.74270833333334,139.6015625,1347,137.0,894.0,243.0,48.0,822,0
5339449812,13120,練馬区,35.74270833333334,139.6046875,1569,130.0,1044.0,259.0,30.0,987,0
5339449813,13120,練馬区,35.74479166666667,139.6015625,1198,143.0,792.0,229.0,37.0,567,0
5339449814,13120,練馬区,35.74479166666667,139.6046875,1496,196.0,1005.0,225.0,16.0,789,0
5339449821,13120,練馬区,35.74270833333334,139.6078125,930,82.0,631.0,155.0,12.0,556,0
5339449822,13120,練馬区,35.74270833333334,139.6109375,777,86.0,488.0,181.0,16.0,397,0
5339449823,13120,練馬区,35.74479166666667,139.6078125,1344,128.0,903.0,245.0,17.0,763,0
5339449824,13120,練馬区,35.74479166666667,139.6109375,710,102.0,436.0,163.0,26.0,314,0
5339449831,13120,練馬区,35.74687500000001,139.6015625,921,107.0,542.0,255.0,33.0,474,0
5339449832,13120,練馬区,35.74687500000001,139.6046875,1209,197.0,820.0,166.0,28.0,586,0
5339449833,13120,練馬区,35.74895833333334,139.6015625,1006,108.0,648.0,226.0,30.0,508,0
5339449834,13120,練馬区,35.74895833333334,139.6046875,904,98.0,565.0,220.0,9.0,437,0
5339449841,13120,練馬区,35.74687500000001,139.6078125,1087,159.0,637.0,259.0,35.0,532,0
5339449842,13120,練馬区,35.74687500000001,139.6109375,1172,128.0,693.0,298.0,32.0,575,0
5339449843,13120,練馬区,35.74895833333334,139.6078125,1186,122.0,727.0,305.0,29.0,543,0
5339449844,13120,練馬区,35.74895833333334,139.6109375,1098,161.0,634.0,254.0,23.0,472,0
5339449911,13120,練馬区,35.74270833333334,139.61406250000002,503,24.0,335.0,120.0,33.0,296,0
5339449912,13120,練馬区,35.74270833333334,139.61718750000003,1319,126.0,865.0,301.0,24.0,654,0
5339449913,13120,練馬区,35.74479166666667,139.61406250000002,615,65.0,340.0,199.0,10.0,279,0
5339449914,13120,練馬区,35.74479166666667,139.61718750000003,1116,103.0,710.0,269.0,27.0,549,0
5339449921,13120,練馬区,35.74270833333334,139.6203125,897,112.0,577.0,194.0,5.0,380,0
5339449922,13120,練馬区,35.74270833333334,139.62343750000002,803,134.0,506.0,153.0,9.0,322,0
5339449923,13120,練馬区,35.74479166666667,139.6203125,1338,184.0,787.0,324.0,22.0,606,0
5339449924,13120,練馬区,35.74479166666667,139.62343750000002,911,110.0,574.0,217.0,27.0,392,0
5339449931,13120,練馬区,35.74687500000001,139.61406250000002,1191,176.0,773.0,226.0,16.0,545,0
5339449932,13120,練馬区,35.74687500000001,139.61718750000003,1371,173.0,980.0,155.0,37.0,711,0
5339449933,13120,練馬区,35.74895833333334,139.61406250000002,1225,190.0,815.0,199.0,22.0,542,0
5339449934,13120,練馬区,35.74895833333334,139.61718750000003,1015,155.0,652.0,178.0,14.0,444,0
5339449941,13120,練馬区,35.74687500000001,139.6203125,1396,230.0,965.0,169.0,39.0,642,0
5339449942,13120,練馬区,35.74687500000001,139.62343750000002,648,111.0,438.0,91.0,12.0,268,0
5339449943,13120,練馬区,35.74895833333334,139.6203125,1091,112.0,754.0,182.0,31.0,574,0
5339449944,13120,練馬区,35.74895833333334,139.62343750000002,178,30.0,118.0,25.0,0.0,79,0
5339450011,13112,世田谷区,35.66770833333334,139.6265625,1273,166.0,842.0,218.0,44.0,688,0
5339450012,13112,世田谷区,35.66770833333334,139.62968750000002,703,38.0,486.0,162.0,18.0,421,0
5339450013,13115,杉並区,35.66979166666667,139.6265625,1686,99.0,1027.0,376.0,45.0,1081,0
5339450014,13115,杉並区,35.66979166666667,139.62968750000002,1642,118.0,1173.0,257.0,50.0,1099,0
5339450021,13112,世田谷区,35.66770833333334,139.6328125,1079,37.0,783.0,205.0,70.0,817,0
5339450022,13115,杉並区,35.66770833333334,139.6359375,1454,84.0,1021.0,209.0,54.0,1038,0
5339450023,13115,杉並区,35.66979166666667,139.6328125,1070,63.0,703.0,206.0,33.0,726,0
5339450024,13115,杉並区,35.66979166666667,139.6359375,1614,93.0,1020.0,386.0,63.0,1079,0
5339450031,13115,杉並区,35.67187500000001,139.6265625,1156,116.0,699.0,260.0,17.0,616,0
5339450032,13115,杉並区,35.67187500000001,139.62968750000002,954,89.0,633.0,183.0,21.0,547,0
5339450033,13115,杉並区,35.67395833333334,139.6265625,1071,130.0,658.0,229.0,17.0,525,0
5339450034,13115,杉並区,35.67395833333334,139.62968750000002,1091,108.0,669.0,255.0,5.0,532,0
5339450041,13115,杉並区,35.67187500000001,139.6328125,1245,164.0,758.0,278.0,34.0,636,0
5339450042,13115,杉並区,35.67187500000001,139.6359375,428,44.0,279.0,73.0,3.0,240,0
5339450043,13115,杉並区,35.67395833333334,139.6328125,945,94.0,557.0,254.0,21.0,501,0
5339450044,13115,杉並区,35.67395833333334,139.6359375,751,92.0,462.0,174.0,7.0,333,0
5339450111,13115,杉並区,35.66770833333334,139.6390625,1136,73.0,799.0,186.0,44.0,802,0
5339450112,13115,杉並区,35.66770833333334,139.6421875,1278,111.0,907.0,232.0,76.0,830,0
5339450113,13115,杉並区,35.66979166666667,139.6390625,555,56.0,342.0,124.0,12.0,299,0
5339450114,13115,杉並区,35.66979166666667,139.6421875,578,68.0,351.0,132.0,6.0,265,0
5339450121,13115,杉並区,35.66770833333334,139.6453125,1368,57.0,1074.0,237.0,78.0,964,0
5339450122,13112,世田谷区,35.66770833333334,139.6484375,1565,88.0,1182.0,293.0,60.0,1055,0
5339450123,13115,杉並区,35.66979166666667,139.6453125,107,12.0,63.0,28.0,2.0,54,0
5339450124,13115,杉並区,35.66979166666667,139.6484375,680,40.0,471.0,135.0,23.0,477,0
5339450131,13115,杉並区,35.67187500000001,139.6390625,810,95.0,477.0,195.0,12.0,396,0
5339450132,13115,杉並区,35.67187500000001,139.6421875,1006,131.0,631.0,198.0,11.0,504,0
5339450133,13115,杉並区,35.67395833333334,139.6390625,852,126.0,509.0,174.0,16.0,441,0
5339450134,13115,杉並区,35.67395833333334,139.6421875,1123,110.0,664.0,255.0,13.0,646,0
5339450141,13115,杉並区,35.67187500000001,139.6453125,767,72.0,477.0,123.0,14.0,484,0
5339450142,13115,杉並区,35.67187500000001,139.6484375,437,26.0,307.0,65.0,7.0,231,0
5339450143,13115,杉並区,35.67395833333334,139.6453125,1033,106.0,689.0,182.0,12.0,569,0
5339450144,13115,杉並区,35.67395833333334,139.6484375,879,132.0,567.0,118.0,5.0,458,0
5339450211,13112,世田谷区,35.66770833333334,139.6515625,1216,92.0,859.0,262.0,56.0,711,0
5339450212,13112,世田谷区,35.66770833333334,139.65468750000002,1273,106.0,889.0,265.0,32.0,748,0
5339450213,13112,世田谷区,35.66979166666667,139.6515625,1394,54.0,1100.0,218.0,54.0,1024,0
5339450214,13112,世田谷区,35.66979166666667,139.65468750000002,1829,121.0,1407.0,276.0,79.0,1279,0
5339450221,13112,世田谷区,35.66770833333334,139.6578125,1235,91.0,848.0,289.0,26.0,729,0
5339450222,13112,世田谷区,35.66770833333334,139.66093750000002,1754,115.0,1349.0,279.0,82.0,1170,0
5339450223,13112,世田谷区,35.66979166666667,139.6578125,554,45.0,414.0,95.0,13.0,372,0
5339450224,13112,世田谷区,35.66979166666667,139.66093750000002,1297,94.0,977.0,225.0,53.0,888,0
5339450231,13115,杉並区,35.67187500000001,139.6515625,1055,81.0,744.0,131.0,54.0,730,0
5339450232,13115,杉並区,35.67187500000001,139.65468750000002,1195,100.0,817.0,210.0,25.0,719,0
5339450233,13115,杉並区,35.67395833333334,139.6515625,1122,155.0,736.0,203.0,51.0,577,0
5339450234,13115,杉並区,35.67395833333334,139.65468750000002,1314,88.0,884.0,225.0,36.0,897,0
5339450241,13115,杉並区,35.67187500000001,139.6578125,1498,78.0,1103.0,243.0,58.0,1058,0
5339450242,13112,世田谷区,35.67187500000001,139.66093750000002,1749,118.0,1386.0,205.0,76.0,1238,0
5339450243,13115,杉並区,35.67395833333334,139.6578125,1557,104.0,1061.0,290.0,33.0,1011,0
5339450244,13115,杉並区,35.67395833333334,139.66093750000002,1680,117.0,1252.0,162.0,53.0,1206,0
5339450311,13112,世田谷区,35.66770833333334,139.6640625,1450,110.0,1062.0,276.0,51.0,882,0
5339450312,13112,世田谷区,35.66770833333334,139.6671875,1360,95.0,1034.0,224.0,43.0,867,0
5339450313,13112,世田谷区,35.66979166666667,139.6640625,1470,112.0,1056.0,291.0,43.0,932,0
5339450314,13112,世田谷区,35.66979166666667,139.6671875,1181,85.0,857.0,239.0,20.0,722,0
5339450321,13112,世田谷区,35.66770833333334,139.6703125,1198,98.0,854.0,236.0,52.0,728,0
5339450322,13113,渋谷区,35.66770833333334,139.6734375,983,84.0,623.0,225.0,26.0,549,0
5339450323,13112,世田谷区,35.66979166666667,139.6703125,1545,117.0,1025.0,373.0,54.0,928,0
5339450324,13113,渋谷区,35.66979166666667,139.6734375,850,109.0,513.0,170.0,42.0,466,0
5339450331,13113,渋谷区,35.67187500000001,139.6640625,1851,164.0,1287.0,294.0,41.0,1155,0
5339450332,13113,渋谷区,35.67187500000001,139.6671875,1683,115.0,1230.0,255.0,29.0,1119,0
5339450333,13113,渋谷区,35.67395833333334,139.6640625,2857,161.0,2062.0,397.0,89.0,2007,0
5339450334,13113,渋谷区,35.67395833333334,139.6671875,1709,119.0,1234.0,149.0,42.0,1254,0
5339450341,13113,渋谷区,35.67187500000001,139.6703125,1823,142.0,1269.0,328.0,47.0,1186,0
5339450342,13113,渋谷区,35.67187500000001,139.6734375,1197,112.0,924.0,121.0,38.0,780,0
5339450343,13113,渋谷区,35.67395833333334,139.6703125,1262,103.0,759.0,321.0,53.0,774,0
5339450344,13113,渋谷区,35.67395833333334,139.6734375,1229,125.0,895.0,139.0,19.0,731,0
5339450411,13113,渋谷区,35.66770833333334,139.67656250000002,928,105.0,607.0,118.0,14.0,543,0
5339450412,13113,渋谷区,35.66770833333334,139.67968750000003,1300,121.0,846.0,226.0,32.0,746,0
5339450413,13113,渋谷区,35.66979166666667,139.67656250000002,817,118.0,485.0,171.0,44.0,390,0
5339450414,13113,渋谷区,35.66979166666667,139.67968750000003,1098,80.0,679.0,183.0,30.0,720,0
5339450421,13113,渋谷区,35.66770833333334,139.6828125,1543,157.0,973.0,271.0,28.0,907,0
5339450422,13113,渋谷区,35.66770833333334,139.68593750000002,1667,135.0,1124.0,235.0,57.0,1090,0
5339450423,13113,渋谷区,35.66979166666667,139.6828125,1570,108.0,1000.0,257.0,36.0,1053,0
5339450424,13113,渋谷区,35.66979166666667,139.68593750000002,1583,145.0,1081.0,223.0,27.0,1003,0
5339450431,13113,渋谷区,35.67187500000001,139.67656250000002,529,76.0,318.0,108.0,23.0,240,0
5339450432,13113,渋谷区,35.67187500000001,139.67968750000003,1226,149.0,763.0,239.0,43.0,620,0
5339450433,13113,渋谷区,35.67395833333334,139.67656250000002,1394,176.0,981.0,177.0,17.0,732,0
5339450434,13113,渋谷区,35.67395833333334,139.67968750000003,1246,85.0,741.0,347.0,17.0,636,0
5339450441,13113,渋谷区,35.67187500000001,139.6828125,1302,136.0,834.0,238.0,45.0,738,0
5339450442,13113,渋谷区,35.67187500000001,139.68593750000002,1359,151.0,900.0,216.0,34.0,822,0
5339450443,13113,渋谷区,35.67395833333334,139.6828125,992,149.0,590.0,184.0,28.0,488,0
5339450444,13113,渋谷区,35.67395833333334,139.68593750000002,1696,221.0,1111.0,222.0,42.0,987,0
5339450511,13113,渋谷区,35.66770833333334,139.6890625,2121,268.0,1452.0,224.0,74.0,1265,0
5339450512,13113,渋谷区,35.66770833333334,139.69218750000002,409,18.0,264.0,64.0,22.0,311,0
5339450513,13113,渋谷区,35.66979166666667,139.6890625,1324,113.0,847.0,226.0,44.0,833,0
5339450514,13113,渋谷区,35.66979166666667,139.69218750000002,22,3.0,10.0,5.0,0.0,15,0
5339450531,13113,渋谷区,35.67187500000001,139.6890625,902,97.0,559.0,187.0,18.0,522,0
5339450532,13113,渋谷区,35.67187500000001,139.69218750000002,55,2.0,29.0,11.0,1.0,38,0
5339450533,13113,渋谷区,35.67395833333334,139.6890625,1547,255.0,984.0,234.0,70.0,793,0
5339450534,13113,渋谷区,35.67395833333334,139.69218750000002,606,82.0,389.0,102.0,24.0,324,0
5339450611,13113,渋谷区,35.66770833333334,139.7015625,107,5.0,51.0,50.0,0.0,39,0
5339450612,13113,渋谷区,35.66770833333334,139.7046875,272,15.0,128.0,109.0,7.0,150,0
5339450613,13113,渋谷区,35.66979166666667,139.7015625,86,4.0,32.0,23.0,1.0,59,0
5339450614,13113,渋谷区,35.66979166666667,139.7046875,316,19.0,150.0,99.0,1.0,187,0
5339450621,13113,渋谷区,35.66770833333334,139.7078125,268,27.0,134.0,65.0,9.0,143,0
5339450622,13113,渋谷区,35.66770833333334,139.7109375,615,45.0,332.0,132.0,22.0,381,0
5339450623,13113,渋谷区,35.66979166666667,139.7078125,291,18.0,135.0,101.0,5.0,172,0
5339450624,13113,渋谷区,35.66979166666667,139.7109375,1074,104.0,635.0,204.0,35.0,620,0
5339450631,13113,渋谷区,35.67187500000001,139.7015625,1,,,,,1,2
5339450632,13113,渋谷区,35.67187500000001,139.7046875,348,35.0,190.0,79.0,28.0,191,1
5339450634,13113,渋谷区,35.67395833333334,139.7046875,446,49.0,246.0,61.0,23.0,275,0
5339450641,13113,渋谷区,35.67187500000001,139.7078125,931,90.0,577.0,134.0,26.0,637,0
5339450642,13113,渋谷区,35.67187500000001,139.7109375,990,108.0,627.0,134.0,47.0,560,0
5339450643,13113,渋谷区,35.67395833333334,139.7078125,1662,273.0,1057.0,179.0,46.0,818,0
5339450644,13113,渋谷区,35.67395833333334,139.7109375,1195,73.0,696.0,275.0,21.0,760,0
5339450711,13103,港区,35.66770833333334,139.7140625,473,30.0,222.0,218.0,16.0,282,0
5339450712,13103,港区,35.66770833333334,139.71718750000002,769,91.0,496.0,175.0,23.0,429,0
5339450713,13113,渋谷区,35.66979166666667,139.7140625,626,61.0,379.0,114.0,32.0,381,0
5339450714,13103,港区,35.66979166666667,139.71718750000002,137,6.0,77.0,53.0,5.0,74,0
5339450721,13103,港区,35.66770833333334,139.7203125,145,13.0,106.0,26.0,6.0,91,0
5339450722,13103,港区,35.66770833333334,139.72343750000002,66,2.0,45.0,19.0,2.0,40,0
5339450723,13103,港区,35.66979166666667,139.7203125,733,96.0,480.0,157.0,28.0,366,0
5339450724,13103,港区,35.66979166666667,139.72343750000002,517,88.0,345.0,82.0,14.0,243,0
5339450731,13113,渋谷区,35.67187500000001,139.7140625,888,98.0,499.0,234.0,19.0,497,0
5339450732,13103,港区,35.67187500000001,139.71718750000002,155,11.0,88.0,41.0,0.0,91,0
5339450733,13113,渋谷区,35.67395833333334,139.7140625,927,73.0,404.0,212.0,15.0,601,0
5339450741,13103,港区,35.67187500000001,139.7203125,104,8.0,54.0,42.0,1.0,52,0
5339450742,13103,港区,35.67187500000001,139.72343750000002,327,25.0,235.0,67.0,16.0,208,0
5339450743,13103,港区,35.67395833333334,139.7203125,1113,120.0,536.0,456.0,27.0,559,0
5339450744,13103,港区,35.67395833333334,139.72343750000002,40,0.0,22.0,18.0,7.0,23,0
5339450811,13103,港区,35.66770833333334,139.7265625,850,101.0,542.0,207.0,50.0,470,0
5339450812,13103,港区,35.66770833333334,139.7296875,824,98.0,535.0,154.0,69.0,483,0
5339450813,13103,港区,35.66979166666667,139.7265625,820,119.0,512.0,189.0,21.0,373,0
5339450814,13103,港区,35.66979166666667,139.7296875,1737,247.0,1103.0,366.0,112.0,918,0
5339450821,13103,港区,35.66770833333334,139.7328125,1391,179.0,1021.0,191.0,148.0,915,0
5339450822,13103,港区,35.66770833333334,139.7359375,753,119.0,497.0,136.0,86.0,379,0
5339450823,13103,港区,35.66979166666667,139.7328125,1030,83.0,791.0,156.0,124.0,719,0
5339450824,13103,港区,35.66979166666667,139.7359375,1683,173.0,1299.0,211.0,209.0,1103,0
5339450831,13103,港区,35.67187500000001,139.7265625,1711,237.0,1060.0,414.0,123.0,936,0
5339450832,13103,港区,35.67187500000001,139.7296875,1293,152.0,906.0,235.0,92.0,732,0
5339450833,13103,港区,35.67395833333334,139.7265625,168,34.0,108.0,26.0,4.0,68,0
5339450834,13103,港区,35.67395833333334,139.7296875,631,76.0,422.0,133.0,38.0,335,0
5339450841,13103,港区,35.67187500000001,139.7328125,896,111.0,596.0,186.0,157.0,483,0
5339450842,13103,港区,35.67187500000001,139.7359375,345,40.0,267.0,38.0,43.0,233,0
5339450843,13103,港区,35.67395833333334,139.7328125,1435,173.0,1040.0,221.0,72.0,799,0
5339450844,13103,港区,35.67395833333334,139.7359375,495,21.0,370.0,104.0,76.0,342,0
5339450911,13103,港区,35.66770833333334,139.73906250000002,764,28.0,554.0,72.0,88.0,628,0
5339450912,13103,港区,35.66770833333334,139.74218750000003,339,60.0,207.0,49.0,55.0,157,0
5339450913,13103,港区,35.66979166666667,139.73906250000002,1652,192.0,1140.0,320.0,160.0,892,0
5339450914,13103,港区,35.66979166666667,139.74218750000003,322,44.0,207.0,67.0,54.0,149,0
5339450921,13103,港区,35.66770833333334,139.7453125,7,,,,,2,2
5339450922,13103,港区,35.66770833333334,139.74843750000002,459,30.0,245.0,68.0,20.0,337,1
5339450923,13103,港区,35.66979166666667,139.7453125,14,2.0,19.0,6.0,0.0,7,1
5339450924,13103,港区,35.66979166666667,139.74843750000002,26,2.0,15.0,9.0,0.0,13,0
5339450931,13103,港区,35.67187500000001,139.73906250000002,1073,65.0,868.0,94.0,211.0,832,0
5339450932,13103,港区,35.67187500000001,139.74218750000003,18,0.0,9.0,9.0,1.0,16,0
5339450933,13103,港区,35.67395833333334,139.73906250000002,42,2.0,28.0,12.0,7.0,26,0
5339450934,13101,千代田区,35.67395833333334,139.74218750000003,22,5.0,14.0,3.0,0.0,9,0
5339450941,13101,千代田区,35.67187500000001,139.7453125,6,,,,,4,2
5339450942,13101,千代田区,35.67187500000001,139.74843750000002,4,,,,,4,2
5339450944,13101,千代田区,35.67395833333334,139.74843750000002,3,,,,,3,2
5339451011,13115,杉並区,35.67604166666667,139.6265625,810,99.0,534.0,155.0,5.0,351,0
5339451012,13115,杉並区,35.67604166666667,139.62968750000002,853,68.0,487.0,237.0,8.0,451,0
5339451013,13115,杉並区,35.678125,139.6265625,532,39.0,309.0,153.0,6.0,270,0
5339451014,13115,杉並区,35.678125,139.62968750000002,1198,116.0,772.0,276.0,12.0,600,0
5339451021,13115,杉並区,35.67604166666667,139.6328125,824,93.0,475.0,217.0,9.0,423,0
5339451022,13115,杉並区,35.67604166666667,139.6359375,645,50.0,366.0,197.0,9.0,332,0
5339451023,13115,杉並区,35.678125,139.6328125,1059,104.0,630.0,281.0,13.0,564,0
5339451024,13115,杉並区,35.678125,139.6359375,834,49.0,563.0,170.0,16.0,513,0
5339451031,13115,杉並区,35.68020833333334,139.6265625,964,70.0,561.0,185.0,9.0,640,0
5339451032,13115,杉並区,35.68020833333334,139.62968750000002,1255,108.0,814.0,247.0,28.0,724,0
5339451033,13115,杉並区,35.68229166666667,139.6265625,930,120.0,584.0,184.0,8.0,503,0
5339451034,13115,杉並区,35.68229166666667,139.62968750000002,1283,127.0,834.0,253.0,24.0,716,0
5339451041,13115,杉並区,35.68020833333334,139.6328125,1121,135.0,681.0,245.0,22.0,575,0
5339451042,13115,杉並区,35.68020833333334,139.6359375,1330,145.0,856.0,271.0,26.0,712,0
5339451043,13115,杉並区,35.68229166666667,139.6328125,1108,125.0,743.0,214.0,14.0,602,0
5339451044,13115,杉並区,35.68229166666667,139.6359375,893,116.0,537.0,201.0,17.0,465,0
5339451111,13115,杉並区,35.67604166666667,139.6390625,1252,133.0,800.0,234.0,18.0,718,0
5339451112,13115,杉並区,35.67604166666667,139.6421875,999,93.0,668.0,165.0,23.0,567,0
5339451113,13115,杉並区,35.678125,139.6390625,1281,75.0,875.0,233.0,32.0,883,0
5339451114,13115,杉並区,35.678125,139.6421875,1293,115.0,828.0,233.0,24.0,787,0
5339451121,13115,杉並区,35.67604166666667,139.6453125,889,65.0,595.0,157.0,28.0,544,0
5339451122,13115,杉並区,35.67604166666667,139.6484375,310,34.0,217.0,44.0,1.0,173,0
5339451123,13115,杉並区,35.678125,139.6453125,1199,106.0,741.0,282.0,23.0,688,0
5339451124,13115,杉並区,35.678125,139.6484375,1004,117.0,625.0,202.0,18.0,461,0
5339451131,13115,杉並区,35.68020833333334,139.6390625,1104,107.0,728.0,203.0,14.0,617,0
5339451132,13115,杉並区,35.68020833333334,139.6421875,1094,121.0,670.0,227.0,16.0,607,0
5339451133,13115,杉並区,35.68229166666667,139.6390625,238,16.0,146.0,60.0,12.0,132,0
5339451134,13115,杉並区,35.68229166666667,139.6421875,410,48.0,276.0,67.0,9.0,237,0
5339451141,13115,杉並区,35.68020833333334,139.6453125,1319,114.0,835.0,267.0,15.0,748,0
5339451142,13115,杉並区,35.68020833333334,139.6484375,789,75.0,471.0,200.0,8.0,407,0
5339451143,13115,杉並区,35.68229166666667,139.6453125,1565,118.0,1062.0,278.0,25.0,946,0
5339451144,13115,杉並区,35.68229166666667,139.6484375,1053,98.0,767.0,127.0,24.0,644,0
5339451211,13115,杉並区,35.67604166666667,139.6515625,1291,153.0,759.0,293.0,18.0,667,0
5339451212,13115,杉並区,35.67604166666667,139.65468750000002,1284,88.0,769.0,322.0,30.0,759,0
5339451213,13115,杉並区,35.678125,139.6515625,1370,157.0,849.0,278.0,25.0,740,0
5339451214,13115,杉並区,35.678125,139.65468750000002,1279,120.0,791.0,312.0,26.0,714,0
5339451221,13115,杉並区,35.67604166666667,139.6578125,1723,104.0,1230.0,207.0,54.0,1213,0
5339451222,13115,杉並区,35.67604166666667,139.66093750000002,1676,109.0,1133.0,309.0,34.0,1149,0
5339451223,13115,杉並区,35.678125,139.6578125,2271,310.0,1502.0,353.0,41.0,1280,0
5339451224,13115,杉並区,35.678125,139.66093750000002,1840,172.0,1158.0,377.0,37.0,1101,0
5339451231,13115,杉並区,35.68020833333334,139.6515625,1146,171.0,747.0,191.0,42.0,525,0
5339451232,13115,杉並区,35.68020833333334,139.65468750000002,1637,174.0,1114.0,277.0,30.0,914,0
5339451233,13115,杉並区,35.68229166666667,139.6515625,1382,182.0,921.0,226.0,18.0,757,0
5339451234,13115,杉並区,35.68229166666667,139.65468750000002,1705,126.0,1108.0,369.0,34.0,1088,0
5339451241,13115,杉並区,35.68020833333334,139.6578125,1270,97.0,793.0,282.0,25.0,833,0
5339451242,13115,杉並区,35.68020833333334,139.66093750000002,1860,165.0,1287.0,278.0,31.0,1139,0
5339451243,13115,杉並区,35.68229166666667,139.6578125,2564,331.0,1718.0,403.0,54.0,1423,0
5339451244,13114,中野区,35.68229166666667,139.66093750000002,1403,86.0,946.0,275.0,45.0,849,0
5339451311,13113,渋谷区,35.67604166666667,139.6640625,1847,181.0,1228.0,307.0,59.0,1163,0
5339451312,13113,渋谷区,35.67604166666667,139.6671875,1778,101.0,1137.0,378.0,36.0,1255,0
5339451313,13115,杉並区,35.678125,139.6640625,1965,174.0,1324.0,350.0,36.0,1153,0
5339451314,13113,渋谷区,35.678125,139.6671875,1543,107.0,1023.0,290.0,26.0,988,0
5339451321,13113,渋谷区,35.67604166666667,139.6703125,2103,105.0,1433.0,329.0,41.0,1523,0
5339451322,13113,渋谷区,35.67604166666667,139.6734375,2722,198.0,1853.0,378.0,49.0,1914,0
5339451323,13113,渋谷区,35.678125,139.6703125,1936,195.0,1233.0,382.0,26.0,1125,0
5339451324,13113,渋谷区,35.678125,139.6734375,1963,217.0,1230.0,391.0,40.0,1109,0
5339451331,13114,中野区,35.68020833333334,139.6640625,1579,161.0,973.0,375.0,32.0,837,0
5339451332,13114,中野区,35.68020833333334,139.6671875,1538,144.0,977.0,315.0,35.0,846,0
5339451333,13114,中野区,35.68229166666667,139.6640625,1806,209.0,1189.0,269.0,48.0,1079,0
5339451334,13114,中野区,35.68229166666667,139.6671875,1549,131.0,973.0,347.0,24.0,888,0
5339451341,13113,渋谷区,35.68020833333334,139.6703125,2226,263.0,1526.0,315.0,59.0,1266,0
5339451342,13113,渋谷区,35.68020833333334,139.6734375,1959,209.0,1241.0,417.0,49.0,1125,0
5339451343,13114,中野区,35.68229166666667,139.6703125,2016,150.0,1384.0,381.0,58.0,1239,0
5339451344,13113,渋谷区,35.68229166666667,139.6734375,1970,174.0,1225.0,449.0,71.0,1170,0
5339451411,13113,渋谷区,35.67604166666667,139.67656250000002,1942,171.0,1232.0,379.0,55.0,1268,0
5339451412,13113,渋谷区,35.67604166666667,139.67968750000003,1110,70.0,723.0,208.0,25.0,749,0
5339451413,13113,渋谷区,35.678125,139.67656250000002,1773,128.0,1125.0,359.0,27.0,1097,0
5339451414,13113,渋谷区,35.678125,139.67968750000003,1855,114.0,1228.0,329.0,46.0,1292,0
5339451421,13113,渋谷区,35.67604166666667,139.6828125,1262,134.0,734.0,334.0,42.0,650,0
5339451422,13113,渋谷区,35.67604166666667,139.68593750000002,1817,225.0,1185.0,308.0,48.0,926,0
5339451423,13113,渋谷区,35.678125,139.6828125,1915,212.0,1316.0,269.0,81.0,1093,0
5339451424,13113,渋谷区,35.678125,139.68593750000002,1691,166.0,1151.0,259.0,37.0,997,0
5339451431,13113,渋谷区,35.68020833333334,139.67656250000002,1914,142.0,1197.0,400.0,46.0,1258,0
5339451432,13113,渋谷区,35.68020833333334,139.67968750000003,1869,128.0,1246.0,338.0,48.0,1202,0
5339451433,13113,渋谷区,35.68229166666667,139.67656250000002,2229,152.0,1487.0,396.0,68.0,1466,0
5339451434,13113,渋谷区,35.68229166666667,139.67968750000003,2171,158.0,1502.0,348.0,60.0,1433,0
5339451441,13113,渋谷区,35.68020833333334,139.6828125,1790,114.0,1290.0,237.0,48.0,1221,0
5339451442,13113,渋谷区,35.68020833333334,139.68593750000002,1416,122.0,917.0,227.0,41.0,899,0
5339451443,13113,渋谷区,35.68229166666667,139.6828125,1995,150.0,1365.0,299.0,73.0,1313,0
5339451444,13113,渋谷区,35.68229166666667,139.68593750000002,695,52.0,481.0,84.0,20.0,471,0
5339451511,13113,渋谷区,35.67604166666667,139.6890625,1551,213.0,1009.0,266.0,52.0,816,0
5339451512,13113,渋谷区,35.67604166666667,139.69218750000002,941,136.0,632.0,106.0,59.0,493,0
5339451513,13113,渋谷区,35.678125,139.6890625,1625,175.0,1064.0,296.0,76.0,917,0
5339451514,13113,渋谷区,35.678125,139.69218750000002,1445,161.0,952.0,206.0,44.0,846,0
5339451521,13113,渋谷区,35.67604166666667,139.6953125,22,5.0,13.0,2.0,7.0,9,0
5339451523,13113,渋谷区,35.678125,139.6953125,56,15.0,35.0,2.0,14.0,25,0
5339451531,13113,渋谷区,35.68020833333334,139.6890625,1927,182.0,1335.0,211.0,93.0,1187,0
5339451532,13113,渋谷区,35.68020833333334,139.69218750000002,1985,212.0,1282.0,328.0,103.0,1132,0
5339451533,13113,渋谷区,35.68229166666667,139.6890625,1034,127.0,632.0,164.0,25.0,604,0
5339451534,13113,渋谷区,35.68229166666667,139.69218750000002,2103,232.0,1364.0,312.0,71.0,1233,0
5339451541,13113,渋谷区,35.68020833333334,139.6953125,641,53.0,417.0,116.0,15.0,376,0
5339451542,13113,渋谷区,35.68020833333334,139.6984375,304,18.0,212.0,31.0,8.0,233,0
5339451543,13113,渋谷区,35.68229166666667,139.6953125,1513,147.0,961.0,248.0,57.0,961,0
5339451544,13113,渋谷区,35.68229166666667,139.6984375,1512,105.0,940.0,255.0,53.0,992,0
5339451612,13113,渋谷区,35.67604166666667,139.7046875,1008,85.0,578.0,162.0,34.0,649,0
5339451613,13113,渋谷区,35.678125,139.7015625,5,,,,,1,2
5339451614,13113,渋谷区,35.678125,139.7046875,945,67.0,621.0,99.0,39.0,683,1
5339451621,13113,渋谷区,35.67604166666667,139.7078125,924,94.0,561.0,149.0,27.0,570,0
5339451622,13113,渋谷区,35.67604166666667,139.7109375,883,58.0,526.0,167.0,32.0,596,0
5339451623,13113,渋谷区,35.678125,139.7078125,1380,179.0,808.0,195.0,63.0,789,0
5339451624,13113,渋谷区,35.678125,139.7109375,813,115.0,500.0,129.0,48.0,441,0
5339451631,13113,渋谷区,35.68020833333334,139.7015625,653,47.0,426.0,80.0,18.0,455,0
5339451632,13113,渋谷区,35.68020833333334,139.7046875,949,50.0,637.0,118.0,40.0,697,0
5339451633,13113,渋谷区,35.68229166666667,139.7015625,601,47.0,377.0,60.0,25.0,427,0
5339451634,13113,渋谷区,35.68229166666667,139.7046875,837,60.0,506.0,150.0,26.0,571,0
5339451641,13113,渋谷区,35.68020833333334,139.7078125,939,83.0,596.0,177.0,26.0,547,0
5339451642,13113,渋谷区,35.68020833333334,139.7109375,201,33.0,134.0,27.0,8.0,100,1
5339451643,13113,渋谷区,35.68229166666667,139.7078125,758,81.0,464.0,106.0,31.0,478,0
5339451644,13113,渋谷区,35.68229166666667,139.7109375,9,,,,,5,2
5339451713,13104,新宿区,35.678125,139.7140625,5,,,,,1,2
5339451721,13103,港区,35.67604166666667,139.7203125,154,16.0,85.0,53.0,10.0,74,0
5339451723,13103,港区,35.678125,139.7203125,53,5.0,38.0,7.0,7.0,31,0
5339451724,13103,港区,35.678125,139.72343750000002,82,11.0,48.0,17.0,0.0,43,0
5339451731,13113,渋谷区,35.68020833333334,139.7140625,124,4.0,115.0,3.0,4.0,99,1
5339451733,13104,新宿区,35.68229166666667,139.7140625,477,31.0,337.0,70.0,11.0,331,0
5339451734,13104,新宿区,35.68229166666667,139.71718750000002,457,55.0,266.0,71.0,8.0,282,0
5339451741,13104,新宿区,35.68020833333334,139.7203125,216,8.0,120.0,16.0,29.0,187,0
5339451742,13104,新宿区,35.68020833333334,139.72343750000002,970,145.0,579.0,169.0,19.0,527,0
5339451743,13104,新宿区,35.68229166666667,139.7203125,226,21.0,123.0,45.0,3.0,141,0
5339451744,13104,新宿区,35.68229166666667,139.72343750000002,1802,189.0,1107.0,353.0,80.0,1048,0
5339451821,13103,港区,35.67604166666667,139.7328125,204,19.0,162.0,23.0,23.0,132,0
5339451822,13103,港区,35.67604166666667,139.7359375,262,21.0,187.0,54.0,24.0,181,0
5339451823,13103,港区,35.678125,139.7328125,491,61.0,377.0,53.0,16.0,282,0
5339451824,13103,港区,35.678125,139.7359375,33,2.0,24.0,7.0,2.0,26,0
5339451831,13104,新宿区,35.68020833333334,139.7265625,423,60.0,294.0,35.0,28.0,219,0
5339451832,13103,港区,35.68020833333334,139.7296875,4,,,,,2,2
5339451833,13104,新宿区,35.68229166666667,139.7265625,786,106.0,493.0,143.0,35.0,397,1
5339451842,13101,千代田区,35.68020833333334,139.7359375,71,8.0,55.0,8.0,2.0,45,0
5339451843,13101,千代田区,35.68229166666667,139.7328125,34,0.0,12.0,22.0,22.0,34,0
5339451844,13101,千代田区,35.68229166666667,139.7359375,362,49.0,267.0,46.0,5.0,199,0
5339451911,13101,千代田区,35.67604166666667,139.73906250000002,267,31.0,215.0,21.0,63.0,172,0
5339451912,13101,千代田区,35.67604166666667,139.74218750000003,77,7.0,46.0,24.0,5.0,42,0
5339451913,13101,千代田区,35.678125,139.73906250000002,197,25.0,165.0,18.0,10.0,114,1
5339451914,13101,千代田区,35.678125,139.74218750000003,11,,,,,9,2
5339451931,13101,千代田区,35.68020833333334,139.73906250000002,504,100.0,359.0,45.0,34.0,243,0
5339451932,13101,千代田区,35.68020833333334,139.74218750000003,344,35.0,239.0,69.0,18.0,187,0
5339451933,13101,千代田区,35.68229166666667,139.73906250000002,828,101.0,585.0,142.0,30.0,494,0
5339451934,13101,千代田区,35.68229166666667,139.74218750000003,1009,104.0,729.0,176.0,36.0,643,0
5339452011,13115,杉並区,35.684375,139.6265625,1047,126.0,761.0,137.0,13.0,576,0
5339452012,13115,杉並区,35.684375,139.62968750000002,1017,117.0,635.0,207.0,9.0,555,0
5339452013,13115,杉並区,35.686458333333334,139.6265625,1382,173.0,846.0,284.0,21.0,701,0
5339452014,13115,杉並区,35.686458333333334,139.62968750000002,1064,115.0,670.0,239.0,12.0,500,0
5339452021,13115,杉並区,35.684375,139.6328125,1128,168.0,760.0,182.0,18.0,518,0
5339452022,13115,杉並区,35.684375,139.6359375,993,110.0,593.0,252.0,17.0,492,0
5339452023,13115,杉並区,35.686458333333334,139.6328125,734,122.0,445.0,135.0,6.0,326,0
5339452024,13115,杉並区,35.686458333333334,139.6359375,648,133.0,407.0,99.0,12.0,267,0
5339452031,13115,杉並区,35.68854166666667,139.6265625,769,127.0,482.0,132.0,5.0,359,0
5339452032,13115,杉並区,35.68854166666667,139.62968750000002,804,118.0,509.0,156.0,13.0,350,0
5339452033,13115,杉並区,35.690625000000004,139.6265625,592,76.0,369.0,123.0,5.0,305,0
5339452034,13115,杉並区,35.690625000000004,139.62968750000002,984,139.0,598.0,191.0,15.0,456,0
5339452041,13115,杉並区,35.68854166666667,139.6328125,492,71.0,299.0,97.0,3.0,224,0
5339452042,13115,杉並区,35.68854166666667,139.6359375,1285,186.0,809.0,250.0,11.0,547,0
5339452043,13115,杉並区,35.690625000000004,139.6328125,745,143.0,481.0,104.0,8.0,298,0
5339452044,13115,杉並区,35.690625000000004,139.6359375,1292,171.0,786.0,292.0,12.0,642,0
5339452111,13115,杉並区,35.684375,139.6390625,28,2.0,18.0,5.0,1.0,16,0
5339452112,13115,杉並区,35.684375,139.6421875,21,8.0,13.0,0.0,0.0,7,0
5339452113,13115,杉並区,35.686458333333334,139.6390625,285,42.0,150.0,74.0,6.0,141,0
5339452114,13115,杉並区,35.686458333333334,139.6421875,394,53.0,266.0,55.0,8.0,207,0
5339452121,13115,杉並区,35.684375,139.6453125,857,90.0,519.0,191.0,18.0,472,0
5339452122,13115,杉並区,35.684375,139.6484375,394,37.0,254.0,85.0,12.0,221,0
5339452123,13115,杉並区,35.686458333333334,139.6453125,301,44.0,180.0,68.0,8.0,138,0
5339452124,13115,杉並区,35.686458333333334,139.6484375,287,36.0,164.0,80.0,4.0,137,0
5339452131,13115,杉並区,35.68854166666667,139.6390625,1238,136.0,725.0,341.0,15.0,598,0
5339452132,13115,杉並区,35.68854166666667,139.6421875,852,147.0,553.0,128.0,22.0,409,0
5339452133,13115,杉並区,35.690625000000004,139.6390625,1133,136.0,662.0,308.0,13.0,550,0
5339452134,13115,杉並区,35.690625000000004,139.6421875,1106,117.0,699.0,238.0,23.0,592,0
5339452141,13115,杉並区,35.68854166666667,139.6453125,322,36.0,189.0,80.0,8.0,167,0
5339452142,13115,杉並区,35.68854166666667,139.6484375,461,76.0,281.0,87.0,10.0,215,0
5339452143,13115,杉並区,35.690625000000004,139.6453125,882,126.0,536.0,192.0,22.0,445,0
5339452144,13115,杉並区,35.690625000000004,139.6484375,1079,118.0,718.0,182.0,15.0,632,0
5339452211,13115,杉並区,35.684375,139.6515625,1195,179.0,712.0,249.0,27.0,600,0
5339452212,13115,杉並区,35.684375,139.65468750000002,1857,142.0,1196.0,397.0,33.0,1162,0
5339452213,13115,杉並区,35.686458333333334,139.6515625,974,146.0,569.0,241.0,10.0,444,0
5339452214,13115,杉並区,35.686458333333334,139.65468750000002,1466,135.0,1000.0,264.0,28.0,871,0
5339452221,13115,杉並区,35.684375,139.6578125,1695,106.0,1150.0,325.0,60.0,1169,0
5339452222,13114,中野区,35.684375,139.66093750000002,1179,78.0,796.0,246.0,38.0,732,0
5339452223,13115,杉並区,35.686458333333334,139.6578125,486,46.0,330.0,68.0,18.0,316,0
5339452224,13114,中野区,35.686458333333334,139.66093750000002,1517,171.0,829.0,478.0,46.0,806,0
5339452231,13115,杉並区,35.68854166666667,139.6515625,1597,178.0,1031.0,317.0,26.0,860,0
5339452232,13115,杉並区,35.68854166666667,139.65468750000002,2160,228.0,1458.0,379.0,30.0,1201,0
5339452233,13115,杉並区,35.690625000000004,139.6515625,1774,176.0,1104.0,412.0,28.0,947,0
5339452234,13115,杉並区,35.690625000000004,139.65468750000002,2023,192.0,1376.0,337.0,59.0,1232,0
5339452241,13115,杉並区,35.68854166666667,139.6578125,148,6.0,81.0,54.0,2.0,88,0
5339452242,13115,杉並区,35.68854166666667,139.66093750000002,996,85.0,660.0,199.0,18.0,577,0
5339452243,13115,杉並区,35.690625000000004,139.6578125,813,92.0,482.0,190.0,31.0,477,0
5339452244,13115,杉並区,35.690625000000004,139.66093750000002,1264,91.0,733.0,358.0,23.0,707,0
5339452311,13114,中野区,35.684375,139.6640625,887,79.0,593.0,150.0,26.0,548,0
5339452312,13114,中野区,35.684375,139.6671875,1880,192.0,1182.0,411.0,43.0,1007,0
5339452313,13114,中野区,35.686458333333334,139.6640625,498,49.0,320.0,111.0,16.0,269,0
5339452314,13114,中野区,35.686458333333334,139.6671875,2070,249.0,1373.0,342.0,44.0,1102,0
5339452321,13114,中野区,35.684375,139.6703125,2103,150.0,1356.0,506.0,40.0,1169,0
5339452322,13114,中野区,35.684375,139.6734375,983,73.0,645.0,224.0,30.0,611,0
5339452323,13114,中野区,35.686458333333334,139.6703125,1965,140.0,1352.0,359.0,40.0,1186,0
5339452324,13114,中野区,35.686458333333334,139.6734375,1098,99.0,720.0,219.0,28.0,667,0
5339452331,13114,中野区,35.68854166666667,139.6640625,1393,121.0,932.0,251.0,60.0,750,0
5339452332,13114,中野区,35.68854166666667,139.6671875,1517,120.0,960.0,371.0,29.0,834,0
5339452333,13115,杉並区,35.690625000000004,139.6640625,955,78.0,633.0,189.0,25.0,575,0
5339452334,13114,中野区,35.690625000000004,139.6671875,932,100.0,622.0,163.0,31.0,549,0
5339452341,13114,中野区,35.68854166666667,139.6703125,1462,149.0,893.0,340.0,33.0,810,0
5339452342,13114,中野区,35.68854166666667,139.6734375,1692,110.0,1144.0,343.0,42.0,1084,0
5339452343,13114,中野区,35.690625000000004,139.6703125,1594,120.0,1015.0,335.0,69.0,1041,0
5339452344,13114,中野区,35.690625000000004,139.6734375,2098,132.0,1475.0,297.0,77.0,1414,0
5339452411,13113,渋谷区,35.684375,139.67656250000002,2175,203.0,1446.0,401.0,41.0,1259,0
5339452412,13113,渋谷区,35.684375,139.67968750000003,1852,137.0,1128.0,466.0,44.0,1121,0
5339452413,13113,渋谷区,35.686458333333334,139.67656250000002,2325,208.0,1607.0,381.0,41.0,1403,0
5339452414,13113,渋谷区,35.686458333333334,139.67968750000003,2097,153.0,1344.0,428.0,61.0,1315,0
5339452421,13113,渋谷区,35.684375,139.6828125,1994,155.0,1282.0,409.0,89.0,1281,0
5339452422,13104,新宿区,35.684375,139.68593750000002,1326,109.0,887.0,209.0,43.0,851,0
5339452423,13113,渋谷区,35.686458333333334,139.6828125,1983,193.0,1342.0,277.0,109.0,1185,0
5339452424,13104,新宿区,35.686458333333334,139.68593750000002,1628,117.0,1178.0,178.0,91.0,1128,0
5339452431,13114,中野区,35.68854166666667,139.67656250000002,1962,178.0,1339.0,330.0,50.0,1166,0
5339452432,13113,渋谷区,35.68854166666667,139.67968750000003,2409,240.0,1686.0,284.0,84.0,1498,0
5339452433,13114,中野区,35.690625000000004,139.67656250000002,1942,142.0,1212.0,411.0,48.0,1261,0
5339452434,13114,中野区,35.690625000000004,139.67968750000003,2018,94.0,1406.0,306.0,85.0,1405,0
5339452441,13113,渋谷区,35.68854166666667,139.6828125,2095,143.0,1382.0,334.0,126.0,1408,0
5339452442,13104,新宿区,35.68854166666667,139.68593750000002,2071,114.0,1364.0,327.0,133.0,1531,0
5339452443,13113,渋谷区,35.690625000000004,139.6828125,1848,119.0,1226.0,337.0,96.0,1222,0
5339452444,13104,新宿区,35.690625000000004,139.68593750000002,2453,147.0,1617.0,350.0,120.0,1816,0
5339452511,13104,新宿区,35.684375,139.6890625,1498,89.0,1089.0,168.0,114.0,1092,0
5339452512,13113,渋谷区,35.684375,139.69218750000002,673,66.0,436.0,98.0,37.0,433,0
5339452513,13104,新宿区,35.686458333333334,139.6890625,973,49.0,686.0,129.0,57.0,737,0
5339452514,13104,新宿区,35.686458333333334,139.69218750000002,631,21.0,418.0,96.0,72.0,487,0
5339452521,13113,渋谷区,35.684375,139.6953125,1605,120.0,1075.0,220.0,53.0,1058,0
5339452522,13113,渋谷区,35.684375,139.6984375,1530,140.0,907.0,285.0,71.0,987,0
5339452523,13113,渋谷区,35.686458333333334,139.6953125,381,19.0,262.0,36.0,12.0,278,0
5339452524,13113,渋谷区,35.686458333333334,139.6984375,551,19.0,387.0,80.0,27.0,389,0
5339452531,13104,新宿区,35.68854166666667,139.6890625,978,73.0,594.0,209.0,75.0,698,1
5339452532,13104,新宿区,35.68854166666667,139.69218750000002,53,,,,,53,2
5339452533,13104,新宿区,35.690625000000004,139.6890625,246,18.0,159.0,40.0,22.0,177,0
5339452534,13104,新宿区,35.690625000000004,139.69218750000002,3,,,,,3,2
5339452541,13104,新宿区,35.68854166666667,139.6953125,3,,,,,2,2
5339452542,13104,新宿区,35.68854166666667,139.6984375,52,1.0,19.0,18.0,1.0,40,1
5339452543,13104,新宿区,35.690625000000004,139.6953125,2,,,,,2,2
5339452544,13104,新宿区,35.690625000000004,139.6984375,5,,,,,2,2
5339452611,13113,渋谷区,35.684375,139.7015625,423,33.0,246.0,78.0,8.0,274,0
5339452612,13113,渋谷区,35.684375,139.7046875,976,82.0,632.0,130.0,30.0,625,0
5339452613,13113,渋谷区,35.686458333333334,139.7015625,4,,,,,1,2
5339452614,13113,渋谷区,35.686458333333334,139.7046875,206,10.0,131.0,19.0,4.0,168,1
5339452631,13113,渋谷区,35.68854166666667,139.7015625,20,0.0,11.0,2.0,0.0,17,0
5339452632,13104,新宿区,35.68854166666667,139.7046875,283,5.0,185.0,80.0,9.0,179,1
5339452633,13104,新宿区,35.690625000000004,139.7015625,16,0.0,5.0,5.0,0.0,10,0
5339452634,13104,新宿区,35.690625000000004,139.7046875,9,,,,,7,2
5339452641,13104,新宿区,35.68854166666667,139.7078125,380,14.0,232.0,83.0,22.0,290,0
5339452642,13104,新宿区,35.68854166666667,139.7109375,1008,36.0,611.0,161.0,56.0,758,0
5339452643,13104,新宿区,35.690625000000004,139.7078125,440,8.0,232.0,73.0,26.0,358,0
5339452644,13104,新宿区,35.690625000000004,139.7109375,1757,68.0,1141.0,278.0,99.0,1364,0
5339452711,13104,新宿区,35.684375,139.7140625,219,30.0,141.0,35.0,3.0,109,0
5339452712,13104,新宿区,35.684375,139.71718750000002,1964,199.0,1165.0,389.0,69.0,1204,0
5339452713,13104,新宿区,35.686458333333334,139.7140625,553,56.0,364.0,82.0,23.0,311,0
5339452714,13104,新宿区,35.686458333333334,139.71718750000002,1783,148.0,1126.0,297.0,87.0,1121,0
5339452721,13104,新宿区,35.684375,139.7203125,1463,117.0,932.0,256.0,36.0,954,0
5339452722,13104,新宿区,35.684375,139.72343750000002,1416,164.0,873.0,289.0,48.0,806,0
5339452723,13104,新宿区,35.686458333333334,139.7203125,1312,72.0,850.0,293.0,44.0,817,0
5339452724,13104,新宿区,35.686458333333334,139.72343750000002,1053,90.0,614.0,247.0,37.0,646,0
5339452731,13104,新宿区,35.68854166666667,139.7140625,1354,64.0,819.0,268.0,74.0,981,0
5339452732,13104,新宿区,35.68854166666667,139.71718750000002,1562,175.0,1035.0,211.0,82.0,948,0
5339452733,13104,新宿区,35.690625000000004,139.7140625,2127,116.0,1389.0,296.0,140.0,1619,0
5339452734,13104,新宿区,35.690625000000004,139.71718750000002,1815,122.0,1212.0,322.0,89.0,1251,0
5339452741,13104,新宿区,35.68854166666667,139.7203125,1507,99.0,975.0,256.0,46.0,1098,0
5339452742,13104,新宿区,35.68854166666667,139.72343750000002,1415,121.0,967.0,177.0,81.0,931,0
5339452743,13104,新宿区,35.690625000000004,139.7203125,1219,129.0,725.0,277.0,51.0,742,0
5339452744,13104,新宿区,35.690625000000004,139.72343750000002,1905,166.0,1191.0,337.0,88.0,1251,0
5339452811,13104,新宿区,35.684375,139.7265625,1306,108.0,799.0,288.0,37.0,780,0
5339452812,13104,新宿区,35.684375,139.7296875,29,3.0,14.0,10.0,6.0,9,0
5339452813,13104,新宿区,35.686458333333334,139.7265625,789,69.0,411.0,208.0,19.0,452,0
5339452814,13104,新宿区,35.686458333333334,139.7296875,108,3.0,50.0,29.0,3.0,69,0
5339452821,13101,千代田区,35.684375,139.7328125,178,27.0,120.0,31.0,15.0,111,0
5339452822,13101,千代田区,35.684375,139.7359375,731,132.0,487.0,112.0,20.0,340,0
5339452823,13101,千代田区,35.686458333333334,139.7328125,805,166.0,496.0,141.0,16.0,324,0
5339452824,13101,千代田区,35.686458333333334,139.7359375,827,188.0,502.0,127.0,30.0,331,0
5339452831,13104,新宿区,35.68854166666667,139.7265625,1329,143.0,795.0,285.0,35.0,756,0
5339452832,13104,新宿区,35.68854166666667,139.7296875,344,26.0,203.0,83.0,10.0,212,0
5339452833,13104,新宿区,35.690625000000004,139.7265625,1926,184.0,1247.0,320.0,95.0,1227,0
5339452834,13104,新宿区,35.690625000000004,139.7296875,1128,81.0,767.0,137.0,43.0,800,0
5339452841,13101,千代田区,35.68854166666667,139.7328125,821,173.0,506.0,142.0,16.0,331,0
5339452842,13101,千代田区,35.68854166666667,139.7359375,885,172.0,485.0,225.0,27.0,380,0
5339452843,13104,新宿区,35.690625000000004,139.7328125,510,53.0,371.0,58.0,16.0,326,0
5339452844,13101,千代田区,35.690625000000004,139.7359375,1024,161.0,670.0,189.0,23.0,398,0
5339452911,13101,千代田区,35.684375,139.73906250000002,578,73.0,399.0,106.0,35.0,329,0
5339452912,13101,千代田区,35.684375,139.74218750000003,912,142.0,607.0,163.0,32.0,475,0
5339452913,13101,千代田区,35.686458333333334,139.73906250000002,1453,257.0,925.0,253.0,43.0,663,0
5339452914,13101,千代田区,35.686458333333334,139.74218750000003,846,141.0,483.0,214.0,43.0,404,0
5339452921,13101,千代田区,35.684375,139.7453125,67,15.0,50.0,13.0,3.0,28,1
5339452924,13101,千代田区,35.686458333333334,139.74843750000002,11,,,,,8,2
5339452931,13101,千代田区,35.68854166666667,139.73906250000002,1596,274.0,984.0,337.0,42.0,652,0
5339452932,13101,千代田区,35.68854166666667,139.74218750000003,2255,384.0,1437.0,426.0,71.0,961,0
5339452933,13101,千代田区,35.690625000000004,139.73906250000002,2390,501.0,1602.0,286.0,44.0,1016,0
5339452934,13101,千代田区,35.690625000000004,139.74218750000003,1272,206.0,774.0,277.0,54.0,634,0
5339452941,13101,千代田区,35.68854166666667,139.7453125,521,98.0,325.0,97.0,22.0,224,0
5339452943,13101,千代田区,35.690625000000004,139.7453125,833,162.0,559.0,116.0,39.0,362,1
5339452944,13101,千代田区,35.690625000000004,139.74843750000002,4,,,,,2,2
5339453011,13115,杉並区,35.692708333333336,139.6265625,544,62.0,306.0,162.0,8.0,233,0
5339453012,13115,杉並区,35.692708333333336,139.62968750000002,500,60.0,317.0,109.0,13.0,226,0
5339453013,13115,杉並区,35.69479166666667,139.6265625,884,161.0,533.0,167.0,7.0,387,0
5339453014,13115,杉並区,35.69479166666667,139.62968750000002,594,63.0,379.0,138.0,6.0,274,0
5339453021,13115,杉並区,35.692708333333336,139.6328125,278,25.0,180.0,63.0,1.0,148,0
5339453022,13115,杉並区,35.692708333333336,139.6359375,1147,99.0,710.0,296.0,21.0,620,0
5339453023,13115,杉並区,35.69479166666667,139.6328125,691,126.0,415.0,133.0,35.0,316,0
5339453024,13115,杉並区,35.69479166666667,139.6359375,1133,139.0,699.0,245.0,32.0,568,0
5339453031,13115,杉並区,35.696875000000006,139.6265625,1779,345.0,1070.0,326.0,55.0,830,0
5339453032,13115,杉並区,35.696875000000006,139.62968750000002,1335,108.0,883.0,214.0,13.0,831,0
5339453033,13115,杉並区,35.69895833333334,139.6265625,1018,89.0,557.0,322.0,15.0,494,0
5339453034,13115,杉並区,35.69895833333334,139.62968750000002,1421,141.0,882.0,340.0,30.0,782,0
5339453041,13115,杉並区,35.696875000000006,139.6328125,1301,256.0,853.0,170.0,47.0,544,0
5339453042,13115,杉並区,35.696875000000006,139.6359375,966,105.0,629.0,206.0,16.0,484,0
5339453043,13115,杉並区,35.69895833333334,139.6328125,1248,101.0,778.0,284.0,16.0,780,0
5339453044,13115,杉並区,35.69895833333334,139.6359375,1616,117.0,1050.0,338.0,48.0,1038,0
5339453111,13115,杉並区,35.692708333333336,139.6390625,1217,118.0,774.0,271.0,22.0,666,0
5339453112,13115,杉並区,35.692708333333336,139.6421875,1417,132.0,938.0,245.0,20.0,822,0
5339453113,13115,杉並区,35.69479166666667,139.6390625,1344,124.0,897.0,245.0,69.0,785,0
5339453114,13115,杉並区,35.69479166666667,139.6421875,1357,97.0,863.0,317.0,47.0,846,0
5339453121,13115,杉並区,35.692708333333336,139.6453125,1224,117.0,807.0,243.0,17.0,721,0
5339453122,13115,杉並区,35.692708333333336,139.6484375,1189,136.0,802.0,195.0,30.0,651,0
5339453123,13115,杉並区,35.69479166666667,139.6453125,1648,119.0,1071.0,360.0,26.0,1030,0
5339453124,13115,杉並区,35.69479166666667,139.6484375,914,81.0,604.0,165.0,17.0,565,0
5339453131,13115,杉並区,35.696875000000006,139.6390625,1885,125.0,1284.0,364.0,53.0,1226,0
5339453132,13115,杉並区,35.696875000000006,139.6421875,1752,143.0,1138.0,345.0,86.0,1140,0
5339453133,13115,杉並区,35.69895833333334,139.6390625,1561,97.0,1043.0,326.0,41.0,989,0
5339453134,13115,杉並区,35.69895833333334,139.6421875,1705,144.0,1168.0,313.0,59.0,1053,0
5339453141,13115,杉並区,35.696875000000006,139.6453125,1802,131.0,1197.0,366.0,75.0,1128,0
5339453142,13115,杉並区,35.696875000000006,139.6484375,1439,74.0,987.0,252.0,42.0,1007,0
5339453143,13115,杉並区,35.69895833333334,139.6453125,1602,123.0,1104.0,270.0,55.0,1006,0
5339453144,13115,杉並区,35.69895833333334,139.6484375,1807,77.0,1301.0,265.0,53.0,1297,0
5339453211,13115,杉並区,35.692708333333336,139.6515625,866,58.0,594.0,163.0,22.0,557,0
5339453212,13115,杉並区,35.692708333333336,139.65468750000002,2073,190.0,1197.0,592.0,32.0,1216,0
5339453213,13115,杉並区,35.69479166666667,139.6515625,697,42.0,510.0,110.0,23.0,460,0
5339453214,13115,杉並区,35.69479166666667,139.65468750000002,1336,94.0,884.0,272.0,29.0,833,0
5339453221,13115,杉並区,35.692708333333336,139.6578125,1515,154.0,906.0,369.0,65.0,847,0
5339453222,13115,杉並区,35.692708333333336,139.66093750000002,1330,120.0,925.0,194.0,55.0,810,0
5339453223,13115,杉並区,35.69479166666667,139.6578125,1481,119.0,954.0,305.0,54.0,895,0
5339453224,13115,杉並区,35.69479166666667,139.66093750000002,1200,97.0,795.0,208.0,35.0,745,0
5339453231,13115,杉並区,35.696875000000006,139.6515625,1708,103.0,1118.0,340.0,37.0,1173,0
5339453232,13115,杉並区,35.696875000000006,139.65468750000002,1264,124.0,814.0,242.0,51.0,819,0
5339453233,13115,杉並区,35.69895833333334,139.6515625,1158,56.0,844.0,192.0,46.0,805,0
5339453234,13115,杉並区,35.69895833333334,139.65468750000002,1304,63.0,950.0,186.0,36.0,946,0
5339453241,13115,杉並区,35.696875000000006,139.6578125,903,65.0,577.0,186.0,30.0,589,0
5339453242,13115,杉並区,35.696875000000006,139.66093750000002,1536,125.0,1086.0,219.0,43.0,1017,0
5339453243,13115,杉並区,35.69895833333334,139.6578125,1657,122.0,1125.0,301.0,45.0,1068,0
5339453244,13115,杉並区,35.69895833333334,139.66093750000002,1981,136.0,1332.0,342.0,65.0,1349,0
5339453311,13115,杉並区,35.692708333333336,139.6640625,1495,197.0,917.0,311.0,36.0,828,0
5339453312,13115,杉並区,35.692708333333336,139.6671875,1826,156.0,1244.0,295.0,52.0,1163,0
5339453313,13115,杉並区,35.69479166666667,139.6640625,1222,125.0,800.0,220.0,41.0,758,0
5339453314,13114,中野区,35.69479166666667,139.6671875,2347,191.0,1602.0,425.0,69.0,1392,0
5339453321,13114,中野区,35.692708333333336,139.6703125,1250,87.0,879.0,213.0,39.0,815,0
5339453322,13114,中野区,35.692708333333336,139.6734375,1911,114.0,1255.0,396.0,109.0,1261,0
5339453323,13114,中野区,35.69479166666667,139.6703125,2018,160.0,1327.0,423.0,80.0,1297,0
5339453324,13114,中野区,35.69479166666667,139.6734375,1746,117.0,1175.0,335.0,85.0,1158,0
5339453331,13114,中野区,35.696875000000006,139.6640625,2093,127.0,1399.0,406.0,129.0,1457,0
5339453332,13114,中野区,35.696875000000006,139.6671875,1942,149.0,1316.0,350.0,90.0,1229,0
5339453333,13114,中野区,35.69895833333334,139.6640625,1967,184.0,1307.0,372.0,93.0,1169,0
5339453334,13114,中野区,35.69895833333334,139.6671875,2077,189.0,1402.0,393.0,65.0,1293,0
5339453341,13114,中野区,35.696875000000006,139.6703125,2063,139.0,1416.0,331.0,105.0,1423,0
5339453342,13114,中野区,35.696875000000006,139.6734375,2040,143.0,1360.0,384.0,53.0,1306,0
5339453343,13114,中野区,35.69895833333334,139.6703125,1984,123.0,1360.0,374.0,85.0,1316,0
5339453344,13114,中野区,35.69895833333334,139.6734375,1889,122.0,1288.0,301.0,96.0,1298,0
5339453411,13114,中野区,35.692708333333336,139.67656250000002,2135,152.0,1470.0,296.0,89.0,1491,0
5339453412,13114,中野区,35.692708333333336,139.67968750000003,1174,79.0,725.0,256.0,43.0,765,0
5339453413,13114,中野区,35.69479166666667,139.67656250000002,1971,197.0,1369.0,249.0,89.0,1273,0
5339453414,13114,中野区,35.69479166666667,139.67968750000003,1915,157.0,1278.0,349.0,55.0,1222,0
5339453421,13114,中野区,35.692708333333336,139.6828125,1735,148.0,1116.0,338.0,41.0,1104,0
5339453422,13104,新宿区,35.692708333333336,139.68593750000002,2641,147.0,1838.0,363.0,198.0,1898,0
5339453423,13114,中野区,35.69479166666667,139.6828125,1630,115.0,1090.0,282.0,46.0,1083,0
5339453424,13104,新宿区,35.69479166666667,139.68593750000002,1904,225.0,1371.0,227.0,186.0,1090,0
5339453431,13114,中野区,35.696875000000006,139.67656250000002,2117,176.0,1490.0,278.0,79.0,1408,0
5339453432,13114,中野区,35.696875000000006,139.67968750000003,1978,154.0,1317.0,332.0,73.0,1294,0
5339453433,13114,中野区,35.69895833333334,139.67656250000002,1821,138.0,1205.0,356.0,71.0,1133,0
5339453434,13114,中野区,35.69895833333334,139.67968750000003,826,89.0,588.0,89.0,16.0,520,0
5339453441,13114,中野区,35.696875000000006,139.6828125,803,65.0,547.0,117.0,25.0,492,0
5339453442,13114,中野区,35.696875000000006,139.68593750000002,1802,138.0,1294.0,206.0,81.0,1228,0
5339453443,13114,中野区,35.69895833333334,139.6828125,1716,115.0,1191.0,290.0,84.0,1151,0
5339453444,13114,中野区,35.69895833333334,139.68593750000002,2056,136.0,1415.0,294.0,119.0,1401,0
5339453511,13104,新宿区,35.692708333333336,139.6890625,1632,171.0,1193.0,185.0,237.0,1027,0
5339453512,13104,新宿区,35.692708333333336,139.69218750000002,5,,,,,2,2
5339453513,13104,新宿区,35.69479166666667,139.6890625,964,82.0,635.0,122.0,82.0,627,0
5339453514,13104,新宿区,35.69479166666667,139.69218750000002,889,40.0,607.0,145.0,49.0,652,1
5339453521,13104,新宿区,35.692708333333336,139.6953125,126,1.0,98.0,21.0,3.0,108,0
5339453522,13104,新宿区,35.692708333333336,139.6984375,14,,,,,14,2
5339453523,13104,新宿区,35.69479166666667,139.6953125,1043,46.0,690.0,154.0,68.0,792,1
5339453524,13104,新宿区,35.69479166666667,139.6984375,77,3.0,24.0,29.0,0.0,51,0
5339453531,13104,新宿区,35.696875000000006,139.6890625,1582,166.0,1053.0,227.0,121.0,973,0
5339453532,13104,新宿区,35.696875000000006,139.69218750000002,2180,163.0,1521.0,209.0,113.0,1577,0
5339453533,13104,新宿区,35.69895833333334,139.6890625,1987,179.0,1325.0,306.0,161.0,1312,0
5339453534,13104,新宿区,35.69895833333334,139.69218750000002,1813,130.0,1301.0,239.0,222.0,1203,0
5339453541,13104,新宿区,35.696875000000006,139.6953125,1685,69.0,1122.0,238.0,138.0,1252,0
5339453542,13104,新宿区,35.696875000000006,139.6984375,723,22.0,500.0,67.0,61.0,617,0
5339453543,13104,新宿区,35.69895833333334,139.6953125,1464,84.0,971.0,201.0,173.0,1077,0
5339453544,13104,新宿区,35.69895833333334,139.6984375,861,25.0,561.0,152.0,151.0,686,0
5339453611,13104,新宿区,35.692708333333336,139.7015625,49,,,,,48,2
5339453612,13104,新宿区,35.692708333333336,139.7046875,78,2.0,58.0,37.0,2.0,67,1
5339453613,13104,新宿区,35.69479166666667,139.7015625,14,,,,,13,2
5339453614,13104,新宿区,35.69479166666667,139.7046875,503,6.0,328.0,39.0,38.0,477,0
5339453621,13104,新宿区,35.692708333333336,139.7078125,963,21.0,704.0,97.0,95.0,824,0
5339453622,13104,新宿区,35.692708333333336,139.7109375,1300,49.0,873.0,147.0,52.0,1029,0
5339453623,13104,新宿区,35.69479166666667,139.7078125,1507,61.0,946.0,329.0,157.0,1116,0
5339453624,13104,新宿区,35.69479166666667,139.7109375,874,41.0,595.0,123.0,35.0,611,0
5339453631,13104,新宿区,35.696875000000006,139.7015625,239,2.0,106.0,29.0,30.0,218,0
5339453632,13104,新宿区,35.696875000000006,139.7046875,457,13.0,295.0,38.0,79.0,395,0
5339453633,13104,新宿区,35.69895833333334,139.7015625,894,28.0,570.0,162.0,226.0,686,0
5339453634,13104,新宿区,35.69895833333334,139.7046875,1282,43.0,723.0,160.0,350.0,1046,0
5339453641,13104,新宿区,35.696875000000006,139.7078125,1494,93.0,1108.0,114.0,240.0,1101,0
5339453642,13104,新宿区,35.696875000000006,139.7109375,1281,70.0,884.0,186.0,111.0,955,0
5339453643,13104,新宿区,35.69895833333334,139.7078125,2169,152.0,1364.0,354.0,252.0,1441,0
5339453644,13104,新宿区,35.69895833333334,139.7109375,2050,136.0,1200.0,415.0,220.0,1382,0
5339453711,13104,新宿区,35.692708333333336,139.7140625,3359,515.0,2180.0,427.0,186.0,1777,0
5339453712,13104,新宿区,35.692708333333336,139.71718750000002,1404,133.0,879.0,248.0,98.0,888,0
5339453713,13104,新宿区,35.69479166666667,139.7140625,1609,123.0,955.0,436.0,72.0,941,0
5339453714,13104,新宿区,35.69479166666667,139.71718750000002,1910,144.0,1158.0,448.0,82.0,1253,0
5339453721,13104,新宿区,35.692708333333336,139.7203125,2058,156.0,1369.0,349.0,116.0,1372,0
5339453722,13104,新宿区,35.692708333333336,139.72343750000002,1378,104.0,892.0,207.0,60.0,938,0
5339453723,13104,新宿区,35.69479166666667,139.7203125,2830,410.0,1812.0,311.0,581.0,1618,0
5339453724,13104,新宿区,35.69479166666667,139.72343750000002,1669,192.0,1219.0,143.0,136.0,990,0
5339453731,13104,新宿区,35.696875000000006,139.7140625,2000,165.0,1372.0,363.0,112.0,1270,0
5339453732,13104,新宿区,35.696875000000006,139.71718750000002,1620,202.0,1033.0,264.0,111.0,943,0
5339453733,13104,新宿区,35.69895833333334,139.7140625,1546,153.0,1016.0,248.0,86.0,963,0
5339453734,13104,新宿区,35.69895833333334,139.71718750000002,1125,150.0,734.0,178.0,56.0,639,0
5339453741,13104,新宿区,35.696875000000006,139.7203125,600,38.0,399.0,106.0,80.0,392,0
5339453742,13104,新宿区,35.696875000000006,139.72343750000002,1634,215.0,1055.0,291.0,201.0,914,0
5339453743,13104,新宿区,35.69895833333334,139.7203125,1556,204.0,1071.0,211.0,184.0,892,0
5339453744,13104,新宿区,35.69895833333334,139.72343750000002,1658,183.0,916.0,466.0,151.0,848,0
5339453811,13104,新宿区,35.692708333333336,139.7265625,119,8.0,75.0,21.0,5.0,76,0
5339453813,13104,新宿区,35.69479166666667,139.7265625,2163,184.0,1746.0,159.0,79.0,766,0
5339453814,13104,新宿区,35.69479166666667,139.7296875,133,11.0,103.0,10.0,24.0,86,0
5339453821,13104,新宿区,35.692708333333336,139.7328125,81,2.0,55.0,20.0,4.0,41,0
5339453822,13104,新宿区,35.692708333333336,139.7359375,199,12.0,115.0,42.0,8.0,120,0
5339453823,13104,新宿区,35.69479166666667,139.7328125,383,31.0,217.0,117.0,17.0,201,0
5339453824,13104,新宿区,35.69479166666667,139.7359375,1009,95.0,609.0,215.0,21.0,582,0
5339453831,13104,新宿区,35.696875000000006,139.7265625,2446,253.0,1708.0,321.0,150.0,1531,0
5339453832,13104,新宿区,35.696875000000006,139.7296875,1031,130.0,777.0,103.0,20.0,416,0
5339453833,13104,新宿区,35.69895833333334,139.7265625,2564,248.0,1727.0,420.0,113.0,1625,0
5339453834,13104,新宿区,35.69895833333334,139.7296875,1615,154.0,1108.0,253.0,47.0,1001,0
5339453841,13104,新宿区,35.696875000000006,139.7328125,816,141.0,501.0,116.0,50.0,397,0
5339453842,13104,新宿区,35.696875000000006,139.7359375,1588,193.0,1029.0,220.0,113.0,902,0
5339453843,13104,新宿区,35.69895833333334,139.7328125,2027,202.0,1252.0,410.0,46.0,1200,0
5339453844,13104,新宿区,35.69895833333334,139.7359375,1673,261.0,1048.0,264.0,33.0,799,0
5339453911,13101,千代田区,35.692708333333336,139.73906250000002,574,99.0,399.0,66.0,18.0,304,0
5339453912,13101,千代田区,35.692708333333336,139.74218750000003,829,100.0,580.0,149.0,48.0,490,0
5339453913,13101,千代田区,35.69479166666667,139.73906250000002,496,80.0,334.0,64.0,26.0,237,0
5339453914,13101,千代田区,35.69479166666667,139.74218750000003,48,21.0,27.0,0.0,2.0,14,0
5339453921,13101,千代田区,35.692708333333336,139.7453125,878,118.0,665.0,105.0,43.0,509,1
5339453922,13101,千代田区,35.692708333333336,139.74843750000002,10,,,,,4,2
5339453923,13101,千代田区,35.69479166666667,139.7453125,170,24.0,104.0,46.0,12.0,73,1
5339453924,13101,千代田区,35.69479166666667,139.74843750000002,4,,,,,4,2
5339453931,13104,新宿区,35.696875000000006,139.73906250000002,747,111.0,498.0,104.0,45.0,367,0
5339453932,13101,千代田区,35.696875000000006,139.74218750000003,384,46.0,322.0,16.0,4.0,274,0
5339453933,13104,新宿区,35.69895833333334,139.73906250000002,1257,151.0,804.0,233.0,107.0,668,0
5339453934,13101,千代田区,35.69895833333334,139.74218750000003,1007,212.0,651.0,132.0,33.0,440,0
5339453941,13101,千代田区,35.696875000000006,139.7453125,616,65.0,419.0,129.0,10.0,356,0
5339453942,13101,千代田区,35.696875000000006,139.74843750000002,102,14.0,67.0,21.0,3.0,58,0
5339453943,13101,千代田区,35.69895833333334,139.7453125,795,123.0,519.0,147.0,30.0,398,0
5339453944,13101,千代田区,35.69895833333334,139.74843750000002,1110,172.0,729.0,196.0,34.0,566,0
5339454011,13115,杉並区,35.70104166666667,139.6265625,939,98.0,599.0,201.0,30.0,477,0
5339454012,13115,杉並区,35.70104166666667,139.62968750000002,1682,148.0,1222.0,287.0,65.0,1014,0
5339454013,13115,杉並区,35.703125,139.6265625,2016,191.0,1377.0,288.0,60.0,1259,0
5339454014,13115,杉並区,35.703125,139.62968750000002,1601,158.0,1061.0,301.0,74.0,960,0
5339454021,13115,杉並区,35.70104166666667,139.6328125,1683,139.0,1125.0,317.0,53.0,1083,0
5339454022,13115,杉並区,35.70104166666667,139.6359375,1487,97.0,1028.0,262.0,52.0,968,0
5339454023,13115,杉並区,35.703125,139.6328125,1527,86.0,1041.0,274.0,63.0,1070,0
5339454024,13115,杉並区,35.703125,139.6359375,1651,151.0,1111.0,261.0,32.0,1032,0
5339454031,13115,杉並区,35.70520833333334,139.6265625,1428,124.0,958.0,263.0,51.0,892,0
5339454032,13115,杉並区,35.70520833333334,139.62968750000002,1749,118.0,1221.0,303.0,134.0,1156,0
5339454033,13115,杉並区,35.70729166666667,139.6265625,1328,111.0,866.0,268.0,41.0,761,0
5339454034,13115,杉並区,35.70729166666667,139.62968750000002,1458,133.0,960.0,263.0,68.0,914,0
5339454041,13115,杉並区,35.70520833333334,139.6328125,1771,115.0,1218.0,302.0,56.0,1216,0
5339454042,13115,杉並区,35.70520833333334,139.6359375,735,38.0,474.0,134.0,29.0,530,0
5339454043,13115,杉並区,35.70729166666667,139.6328125,1496,115.0,1008.0,251.0,83.0,950,0
5339454044,13115,杉並区,35.70729166666667,139.6359375,1275,101.0,870.0,225.0,48.0,748,0
5339454111,13115,杉並区,35.70104166666667,139.6390625,1279,106.0,829.0,273.0,47.0,729,0
5339454112,13115,杉並区,35.70104166666667,139.6421875,1226,151.0,778.0,227.0,35.0,698,0
5339454113,13115,杉並区,35.703125,139.6390625,1707,93.0,1147.0,281.0,38.0,1207,0
5339454114,13115,杉並区,35.703125,139.6421875,1472,84.0,1022.0,252.0,64.0,960,0
5339454121,13115,杉並区,35.70104166666667,139.6453125,1800,159.0,1203.0,312.0,111.0,1124,0
5339454122,13115,杉並区,35.70104166666667,139.6484375,1900,129.0,1286.0,311.0,47.0,1281,0
5339454123,13115,杉並区,35.703125,139.6453125,1863,120.0,1337.0,256.0,57.0,1278,0
5339454124,13115,杉並区,35.703125,139.6484375,2254,104.0,1523.0,417.0,95.0,1597,0
5339454131,13115,杉並区,35.70520833333334,139.6390625,1435,89.0,909.0,301.0,94.0,970,0
5339454132,13115,杉並区,35.70520833333334,139.6421875,1278,79.0,885.0,202.0,52.0,885,0
5339454133,13115,杉並区,35.70729166666667,139.6390625,1227,99.0,766.0,270.0,58.0,779,0
5339454134,13115,杉並区,35.70729166666667,139.6421875,1449,133.0,957.0,276.0,56.0,851,0
5339454141,13115,杉並区,35.70520833333334,139.6453125,1608,88.0,1085.0,287.0,56.0,1160,0
5339454142,13115,杉並区,35.70520833333334,139.6484375,1296,60.0,900.0,221.0,69.0,943,0
5339454143,13115,杉並区,35.70729166666667,139.6453125,1644,98.0,1087.0,322.0,50.0,1124,0
5339454144,13115,杉並区,35.70729166666667,139.6484375,1918,130.0,1319.0,303.0,126.0,1335,0
5339454211,13115,杉並区,35.70104166666667,139.6515625,1034,59.0,728.0,169.0,40.0,716,0
5339454212,13115,杉並区,35.70104166666667,139.65468750000002,1656,95.0,1239.0,186.0,83.0,1209,0
5339454213,13115,杉並区,35.703125,139.6515625,1831,126.0,1294.0,247.0,75.0,1244,0
5339454214,13115,杉並区,35.703125,139.65468750000002,1590,85.0,1092.0,253.0,84.0,1163,0
5339454221,13115,杉並区,35.70104166666667,139.6578125,1711,125.0,1132.0,306.0,70.0,1108,0
5339454222,13115,杉並区,35.70104166666667,139.66093750000002,1892,112.0,1356.0,298.0,97.0,1281,0
5339454223,13115,杉並区,35.703125,139.6578125,1888,192.0,1283.0,263.0,68.0,1111,0
5339454224,13115,杉並区,35.703125,139.66093750000002,1954,168.0,1352.0,299.0,101.0,1242,0
5339454231,13115,杉並区,35.70520833333334,139.6515625,1458,75.0,968.0,217.0,68.0,1059,0
5339454232,13115,杉並区,35.70520833333334,139.65468750000002,1097,79.0,720.0,195.0,60.0,749,0
5339454233,13115,杉並区,35.70729166666667,139.6515625,1996,121.0,1410.0,308.0,79.0,1407,0
5339454234,13115,杉並区,35.70729166666667,139.65468750000002,1280,81.0,877.0,194.0,58.0,849,0
5339454241,13115,杉並区,35.70520833333334,139.6578125,1534,62.0,1061.0,233.0,77.0,1142,0
5339454242,13114,中野区,35.70520833333334,139.66093750000002,1495,147.0,1025.0,259.0,68.0,906,0
5339454243,13115,杉並区,35.70729166666667,139.6578125,798,63.0,504.0,168.0,18.0,502,0
5339454244,13114,中野区,35.70729166666667,139.66093750000002,171,17.0,125.0,21.0,59.0,105,0
5339454311,13114,中野区,35.70104166666667,139.6640625,1917,119.0,1279.0,399.0,98.0,1288,0
5339454312,13114,中野区,35.70104166666667,139.6671875,2070,183.0,1344.0,417.0,136.0,1303,0
5339454313,13114,中野区,35.703125,139.6640625,1970,184.0,1386.0,286.0,71.0,1197,0
5339454314,13114,中野区,35.703125,139.6671875,1526,170.0,1098.0,201.0,68.0,871,0
5339454321,13114,中野区,35.70104166666667,139.6703125,1977,161.0,1312.0,349.0,105.0,1252,0
5339454322,13114,中野区,35.70104166666667,139.6734375,1674,117.0,1181.0,263.0,60.0,1078,0
5339454323,13114,中野区,35.703125,139.6703125,1196,81.0,854.0,178.0,59.0,771,0
5339454324,13114,中野区,35.703125,139.6734375,1538,158.0,1057.0,242.0,61.0,910,0
5339454331,13114,中野区,35.70520833333334,139.6640625,641,46.0,464.0,109.0,20.0,430,0
5339454332,13114,中野区,35.70520833333334,139.6671875,583,56.0,336.0,130.0,18.0,355,0
5339454333,13114,中野区,35.70729166666667,139.6640625,26,0.0,13.0,8.0,0.0,19,0
5339454334,13114,中野区,35.70729166666667,139.6671875,1110,36.0,776.0,180.0,54.0,853,0
5339454341,13114,中野区,35.70520833333334,139.6703125,655,52.0,450.0,108.0,28.0,393,0
5339454342,13114,中野区,35.70520833333334,139.6734375,1127,87.0,777.0,164.0,54.0,737,0
5339454343,13114,中野区,35.70729166666667,139.6703125,1702,104.0,1180.0,307.0,75.0,1099,0
5339454344,13114,中野区,35.70729166666667,139.6734375,1934,170.0,1409.0,257.0,127.0,1132,0
5339454411,13114,中野区,35.70104166666667,139.67656250000002,1572,144.0,1067.0,266.0,77.0,961,0
5339454412,13114,中野区,35.70104166666667,139.67968750000003,1583,74.0,1000.0,389.0,64.0,1103,0
5339454413,13114,中野区,35.703125,139.67656250000002,1844,182.0,1269.0,324.0,108.0,1072,0
5339454414,13114,中野区,35.703125,139.67968750000003,1370,103.0,933.0,253.0,78.0,811,0
5339454421,13114,中野区,35.70104166666667,139.6828125,1654,130.0,1197.0,234.0,60.0,1043,0
5339454422,13114,中野区,35.70104166666667,139.68593750000002,1759,164.0,1141.0,338.0,99.0,1038,0
5339454423,13114,中野区,35.703125,139.6828125,1288,94.0,855.0,265.0,60.0,786,0
5339454424,13114,中野区,35.703125,139.68593750000002,1738,115.0,1223.0,271.0,97.0,1156,0
5339454431,13114,中野区,35.70520833333334,139.67656250000002,1740,132.0,1199.0,305.0,95.0,1087,0
5339454432,13114,中野区,35.70520833333334,139.67968750000003,1286,89.0,879.0,269.0,91.0,710,0
5339454433,13114,中野区,35.70729166666667,139.67656250000002,1690,140.0,1190.0,286.0,92.0,996,0
5339454434,13114,中野区,35.70729166666667,139.67968750000003,1074,111.0,684.0,216.0,27.0,628,0
5339454441,13114,中野区,35.70520833333334,139.6828125,1984,205.0,1376.0,272.0,65.0,1221,0
5339454442,13114,中野区,35.70520833333334,139.68593750000002,2180,143.0,1529.0,318.0,174.0,1501,0
5339454443,13114,中野区,35.70729166666667,139.6828125,1687,140.0,1158.0,277.0,99.0,1134,0
5339454444,13114,中野区,35.70729166666667,139.68593750000002,1827,118.0,1245.0,302.0,84.0,1204,0
5339454511,13104,新宿区,35.70104166666667,139.6890625,2243,187.0,1388.0,534.0,226.0,1310,0
5339454512,13104,新宿区,35.70104166666667,139.69218750000002,2207,140.0,1441.0,378.0,468.0,1529,0
5339454513,13104,新宿区,35.703125,139.6890625,1590,102.0,967.0,401.0,240.0,1029,0
5339454514,13104,新宿区,35.703125,139.69218750000002,1816,92.0,1176.0,340.0,266.0,1296,0
5339454521,13104,新宿区,35.70104166666667,139.6953125,1550,61.0,1036.0,200.0,294.0,1198,0
5339454522,13104,新宿区,35.70104166666667,139.6984375,983,31.0,572.0,195.0,244.0,776,0
5339454523,13104,新宿区,35.703125,139.6953125,1733,124.0,1155.0,205.0,410.0,1238,0
5339454524,13104,新宿区,35.703125,139.6984375,1987,113.0,1294.0,294.0,555.0,1473,0
5339454531,13104,新宿区,35.70520833333334,139.6890625,1599,150.0,1001.0,295.0,168.0,1010,0
5339454532,13104,新宿区,35.70520833333334,139.69218750000002,1150,91.0,731.0,214.0,176.0,764,0
5339454533,13104,新宿区,35.70729166666667,139.6890625,1845,143.0,1282.0,311.0,193.0,1180,0
5339454534,13104,新宿区,35.70729166666667,139.69218750000002,2249,126.0,1594.0,320.0,249.0,1644,0
5339454541,13104,新宿区,35.70520833333334,139.6953125,1607,205.0,974.0,379.0,205.0,793,0
5339454542,13104,新宿区,35.70520833333334,139.6984375,1268,281.0,875.0,63.0,53.0,516,0
5339454543,13104,新宿区,35.70729166666667,139.6953125,2019,189.0,1045.0,700.0,287.0,1260,0
5339454544,13104,新宿区,35.70729166666667,139.6984375,1034,74.0,436.0,474.0,67.0,556,0
5339454611,13104,新宿区,35.70104166666667,139.7015625,1183,56.0,712.0,201.0,349.0,888,0
5339454612,13104,新宿区,35.70104166666667,139.7046875,1877,114.0,1117.0,370.0,473.0,1267,0
5339454613,13104,新宿区,35.703125,139.7015625,941,39.0,647.0,137.0,191.0,720,0
5339454614,13104,新宿区,35.703125,139.7046875,2090,137.0,1325.0,365.0,542.0,1447,0
5339454621,13104,新宿区,35.70104166666667,139.7078125,2312,127.0,1362.0,588.0,379.0,1619,0
5339454622,13104,新宿区,35.70104166666667,139.7109375,1551,100.0,818.0,494.0,163.0,1003,0
5339454623,13104,新宿区,35.703125,139.7078125,2264,148.0,1337.0,555.0,396.0,1525,0
5339454624,13104,新宿区,35.703125,139.7109375,1888,97.0,773.0,980.0,166.0,1096,0
5339454631,13104,新宿区,35.70520833333334,139.7015625,1186,93.0,676.0,286.0,113.0,677,0
5339454632,13104,新宿区,35.70520833333334,139.7046875,1136,139.0,774.0,121.0,141.0,644,0
5339454633,13104,新宿区,35.70729166666667,139.7015625,1213,181.0,703.0,230.0,158.0,600,0
5339454634,13104,新宿区,35.70729166666667,139.7046875,424,50.0,273.0,12.0,97.0,273,0
5339454641,13104,新宿区,35.70520833333334,139.7078125,904,138.0,635.0,71.0,112.0,475,0
5339454642,13104,新宿区,35.70520833333334,139.7109375,730,45.0,418.0,194.0,38.0,461,0
5339454643,13104,新宿区,35.70729166666667,139.7078125,1206,162.0,695.0,300.0,80.0,634,0
5339454644,13104,新宿区,35.70729166666667,139.7109375,183,9.0,107.0,45.0,9.0,131,0
5339454711,13104,新宿区,35.70104166666667,139.7140625,1217,81.0,585.0,508.0,110.0,648,0
5339454712,13104,新宿区,35.70104166666667,139.71718750000002,1664,186.0,1049.0,294.0,101.0,1005,0
5339454713,13104,新宿区,35.703125,139.7140625,1137,41.0,439.0,638.0,99.0,688,0
5339454714,13104,新宿区,35.703125,139.71718750000002,662,48.0,461.0,85.0,29.0,446,0
5339454721,13104,新宿区,35.70104166666667,139.7203125,2439,241.0,1656.0,350.0,139.0,1535,0
5339454722,13104,新宿区,35.70104166666667,139.72343750000002,2165,239.0,1367.0,386.0,163.0,1249,0
5339454723,13104,新宿区,35.703125,139.7203125,1439,125.0,993.0,239.0,93.0,883,0
5339454724,13104,新宿区,35.703125,139.72343750000002,1540,192.0,920.0,274.0,34.0,858,0
5339454731,13104,新宿区,35.70520833333334,139.7140625,150,3.0,91.0,44.0,4.0,103,0
5339454732,13104,新宿区,35.70520833333334,139.71718750000002,319,18.0,245.0,36.0,6.0,251,0
5339454733,13104,新宿区,35.70729166666667,139.7140625,530,41.0,344.0,92.0,39.0,321,0
5339454734,13104,新宿区,35.70729166666667,139.71718750000002,1080,90.0,685.0,163.0,81.0,691,0
5339454741,13104,新宿区,35.70520833333334,139.7203125,1404,121.0,865.0,228.0,79.0,929,0
5339454742,13104,新宿区,35.70520833333334,139.72343750000002,1197,85.0,706.0,230.0,76.0,794,0
5339454743,13104,新宿区,35.70729166666667,139.7203125,674,24.0,417.0,107.0,60.0,508,0
5339454744,13104,新宿区,35.70729166666667,139.72343750000002,1819,93.0,1274.0,275.0,162.0,1305,0
5339454811,13104,新宿区,35.70104166666667,139.7265625,1888,175.0,1194.0,384.0,87.0,1110,0
5339454812,13104,新宿区,35.70104166666667,139.7296875,1263,150.0,702.0,319.0,36.0,642,0
5339454813,13104,新宿区,35.703125,139.7265625,1379,135.0,890.0,260.0,49.0,783,0
5339454814,13104,新宿区,35.703125,139.7296875,1570,152.0,958.0,322.0,32.0,864,0
5339454821,13104,新宿区,35.70104166666667,139.7328125,1630,290.0,1051.0,193.0,38.0,819,0
5339454822,13104,新宿区,35.70104166666667,139.7359375,1674,107.0,1108.0,278.0,40.0,1148,0
5339454823,13104,新宿区,35.703125,139.7328125,1442,104.0,830.0,375.0,37.0,829,0
5339454824,13104,新宿区,35.703125,139.7359375,1525,89.0,898.0,396.0,55.0,989,0
5339454831,13104,新宿区,35.70520833333334,139.7265625,1733,124.0,1188.0,288.0,102.0,1194,0
5339454832,13104,新宿区,35.70520833333334,139.7296875,1816,120.0,1255.0,287.0,54.0,1265,0
5339454833,13104,新宿区,35.70729166666667,139.7265625,1652,109.0,1079.0,299.0,126.0,1115,0
5339454834,13104,新宿区,35.70729166666667,139.7296875,1553,75.0,1036.0,173.0,89.0,1204,0
5339454841,13104,新宿区,35.70520833333334,139.7328125,2027,129.0,1246.0,419.0,48.0,1295,0
5339454842,13104,新宿区,35.70520833333334,139.7359375,1842,180.0,1250.0,246.0,52.0,1132,0
5339454843,13104,新宿区,35.70729166666667,139.7328125,2436,258.0,1643.0,336.0,90.0,1516,0
5339454844,13104,新宿区,35.70729166666667,139.7359375,2025,174.0,1416.0,284.0,78.0,1312,0
5339454911,13104,新宿区,35.70104166666667,139.73906250000002,1229,83.0,763.0,218.0,23.0,823,0
5339454912,13104,新宿区,35.70104166666667,139.74218750000003,457,9.0,231.0,101.0,11.0,342,0
5339454913,13104,新宿区,35.703125,139.73906250000002,1582,147.0,1059.0,284.0,39.0,948,0
5339454914,13104,新宿区,35.703125,139.74218750000003,515,33.0,269.0,118.0,12.0,350,0
5339454921,13101,千代田区,35.70104166666667,139.7453125,1668,286.0,1062.0,318.0,35.0,786,0
5339454922,13101,千代田区,35.70104166666667,139.74843750000002,505,83.0,322.0,82.0,31.0,252,0
5339454923,13104,新宿区,35.703125,139.7453125,235,33.0,142.0,45.0,7.0,135,1
5339454924,13101,千代田区,35.703125,139.74843750000002,10,,,,,7,2
5339454931,13104,新宿区,35.70520833333334,139.73906250000002,2568,303.0,1639.0,378.0,52.0,1432,0
5339454932,13104,新宿区,35.70520833333334,139.74218750000003,1560,130.0,1031.0,178.0,47.0,1078,0
5339454933,13104,新宿区,35.70729166666667,139.73906250000002,1933,215.0,1227.0,336.0,73.0,1066,0
5339454934,13104,新宿区,35.70729166666667,139.74218750000003,2044,217.0,1291.0,393.0,50.0,1218,0
5339454941,13105,文京区,35.70520833333334,139.7453125,692,72.0,409.0,110.0,24.0,418,0
5339454942,13105,文京区,35.70520833333334,139.74843750000002,145,11.0,130.0,1.0,113.0,19,0
5339454943,13105,文京区,35.70729166666667,139.7453125,1537,83.0,922.0,387.0,46.0,934,0
5339454944,13105,文京区,35.70729166666667,139.74843750000002,543,60.0,365.0,92.0,10.0,275,0
5339455011,13115,杉並区,35.709375,139.6265625,1061,84.0,692.0,206.0,22.0,624,0
5339455012,13115,杉並区,35.709375,139.62968750000002,1168,131.0,752.0,227.0,32.0,637,0
5339455013,13115,杉並区,35.71145833333333,139.6265625,1115,135.0,727.0,208.0,35.0,594,0
5339455014,13115,杉並区,35.71145833333333,139.62968750000002,1165,112.0,639.0,340.0,28.0,695,0
5339455021,13115,杉並区,35.709375,139.6328125,1351,119.0,889.0,250.0,49.0,837,0
5339455022,13115,杉並区,35.709375,139.6359375,1752,120.0,1196.0,281.0,55.0,1175,0
5339455023,13115,杉並区,35.71145833333333,139.6328125,1552,172.0,958.0,338.0,52.0,920,0
5339455024,13115,杉並区,35.71145833333333,139.6359375,1708,140.0,1150.0,273.0,55.0,1081,0
5339455031,13115,杉並区,35.71354166666667,139.6265625,1043,115.0,651.0,234.0,15.0,529,0
5339455032,13115,杉並区,35.71354166666667,139.62968750000002,1213,137.0,737.0,268.0,22.0,647,0
5339455033,13115,杉並区,35.715625,139.6265625,1155,106.0,678.0,281.0,30.0,651,0
5339455034,13115,杉並区,35.715625,139.62968750000002,1229,115.0,785.0,243.0,18.0,722,0
5339455041,13115,杉並区,35.71354166666667,139.6328125,1392,121.0,893.0,273.0,33.0,843,0
5339455042,13115,杉並区,35.71354166666667,139.6359375,1735,144.0,1067.0,361.0,67.0,1065,0
5339455043,13115,杉並区,35.715625,139.6328125,1253,137.0,790.0,251.0,20.0,705,0
5339455044,13115,杉並区,35.715625,139.6359375,1386,96.0,952.0,258.0,41.0,828,0
5339455111,13115,杉並区,35.709375,139.6390625,1220,121.0,759.0,275.0,51.0,700,0
5339455112,13115,杉並区,35.709375,139.6421875,900,105.0,585.0,191.0,31.0,479,0
5339455113,13115,杉並区,35.71145833333333,139.6390625,1477,161.0,930.0,302.0,30.0,831,0
5339455114,13115,杉並区,35.71145833333333,139.6421875,1324,98.0,932.0,233.0,43.0,809,0
5339455121,13115,杉並区,35.709375,139.6453125,1245,93.0,808.0,225.0,64.0,840,0
5339455122,13115,杉並区,35.709375,139.6484375,2003,125.0,1372.0,349.0,85.0,1362,0
5339455123,13114,中野区,35.71145833333333,139.6453125,1816,166.0,1256.0,309.0,93.0,1096,0
5339455124,13114,中野区,35.71145833333333,139.6484375,1583,92.0,1155.0,269.0,67.0,999,0
5339455131,13115,杉並区,35.71354166666667,139.6390625,1267,160.0,790.0,262.0,23.0,636,0
5339455132,13114,中野区,35.71354166666667,139.6421875,1193,184.0,749.0,211.0,16.0,571,0
5339455133,13114,中野区,35.715625,139.6390625,1651,258.0,847.0,516.0,69.0,785,0
5339455134,13114,中野区,35.715625,139.6421875,1143,142.0,688.0,278.0,20.0,577,0
5339455141,13114,中野区,35.71354166666667,139.6453125,1152,87.0,799.0,225.0,44.0,656,0
5339455142,13114,中野区,35.71354166666667,139.6484375,1579,135.0,1106.0,289.0,67.0,979,0
5339455143,13114,中野区,35.715625,139.6453125,1293,116.0,824.0,318.0,60.0,688,0
5339455144,13114,中野区,35.715625,139.6484375,1332,106.0,918.0,277.0,82.0,831,0
5339455211,13114,中野区,35.709375,139.6515625,1922,100.0,1384.0,298.0,86.0,1365,0
5339455212,13114,中野区,35.709375,139.65468750000002,2118,120.0,1588.0,293.0,94.0,1456,0
5339455213,13114,中野区,35.71145833333333,139.6515625,1777,119.0,1228.0,366.0,175.0,1106,0
5339455214,13114,中野区,35.71145833333333,139.65468750000002,1953,130.0,1373.0,336.0,108.0,1304,0
5339455221,13114,中野区,35.709375,139.6578125,1605,85.0,1159.0,321.0,69.0,563,0
5339455222,13114,中野区,35.709375,139.66093750000002,793,91.0,567.0,111.0,16.0,467,0
5339455223,13114,中野区,35.71145833333333,139.6578125,1846,170.0,1244.0,362.0,55.0,1051,0
5339455224,13114,中野区,35.71145833333333,139.66093750000002,1686,190.0,1168.0,263.0,47.0,990,0
5339455231,13114,中野区,35.71354166666667,139.6515625,1309,103.0,914.0,265.0,38.0,758,0
5339455232,13114,中野区,35.71354166666667,139.65468750000002,1690,114.0,1222.0,257.0,113.0,1059,0
5339455233,13114,中野区,35.715625,139.6515625,1196,118.0,802.0,215.0,58.0,690,0
5339455234,13114,中野区,35.715625,139.65468750000002,1465,119.0,1016.0,244.0,49.0,895,0
5339455241,13114,中野区,35.71354166666667,139.6578125,1606,152.0,1074.0,319.0,58.0,946,0
5339455242,13114,中野区,35.71354166666667,139.66093750000002,1296,147.0,842.0,263.0,37.0,688,0
5339455243,13114,中野区,35.715625,139.6578125,1445,178.0,946.0,256.0,59.0,759,0
5339455244,13114,中野区,35.715625,139.66093750000002,524,42.0,347.0,95.0,26.0,318,0
5339455311,13114,中野区,35.709375,139.6640625,1064,115.0,730.0,172.0,65.0,630,0
5339455312,13114,中野区,35.709375,139.6671875,1999,148.0,1405.0,336.0,98.0,1286,0
5339455313,13114,中野区,35.71145833333333,139.6640625,1994,140.0,1500.0,260.0,139.0,1341,0
5339455314,13114,中野区,35.71145833333333,139.6671875,2060,103.0,1462.0,398.0,85.0,1396,0
5339455321,13114,中野区,35.709375,139.6703125,2131,139.0,1451.0,451.0,117.0,1302,0
5339455322,13114,中野区,35.709375,139.6734375,1749,159.0,1251.0,250.0,78.0,1072,0
5339455323,13114,中野区,35.71145833333333,139.6703125,2025,131.0,1433.0,351.0,129.0,1368,0
5339455324,13114,中野区,35.71145833333333,139.6734375,1304,91.0,863.0,284.0,53.0,791,0
5339455331,13114,中野区,35.71354166666667,139.6640625,1576,125.0,1129.0,279.0,95.0,975,0
5339455332,13114,中野区,35.71354166666667,139.6671875,1666,96.0,1250.0,260.0,82.0,1060,0
5339455333,13114,中野区,35.715625,139.6640625,1365,251.0,947.0,133.0,27.0,613,0
5339455334,13114,中野区,35.715625,139.6671875,1817,138.0,1235.0,387.0,43.0,1125,0
5339455341,13114,中野区,35.71354166666667,139.6703125,1892,122.0,1295.0,347.0,80.0,1277,0
5339455342,13114,中野区,35.71354166666667,139.6734375,1708,142.0,1142.0,315.0,80.0,1110,0
5339455343,13114,中野区,35.715625,139.6703125,1678,102.0,1160.0,288.0,56.0,1132,0
5339455344,13114,中野区,35.715625,139.6734375,1252,87.0,885.0,223.0,74.0,801,0
5339455411,13114,中野区,35.709375,139.67656250000002,1508,100.0,1047.0,287.0,161.0,975,0
5339455412,13114,中野区,35.709375,139.67968750000003,1055,74.0,690.0,239.0,48.0,602,0
5339455413,13114,中野区,35.71145833333333,139.67656250000002,1660,135.0,1109.0,296.0,82.0,976,0
5339455414,13114,中野区,35.71145833333333,139.67968750000003,1088,77.0,749.0,162.0,36.0,735,0
5339455421,13114,中野区,35.709375,139.6828125,1751,100.0,1221.0,290.0,82.0,1177,0
5339455422,13114,中野区,35.709375,139.68593750000002,1776,128.0,1223.0,298.0,156.0,1155,0
5339455423,13104,新宿区,35.71145833333333,139.6828125,2018,123.0,1368.0,347.0,116.0,1417,0
5339455424,13104,新宿区,35.71145833333333,139.68593750000002,2072,119.0,1472.0,288.0,127.0,1438,0
5339455431,13114,中野区,35.71354166666667,139.67656250000002,1964,171.0,1276.0,423.0,79.0,1141,0
5339455432,13114,中野区,35.71354166666667,139.67968750000003,1452,157.0,853.0,357.0,125.0,869,0
5339455433,13114,中野区,35.715625,139.67656250000002,1228,79.0,788.0,277.0,74.0,795,0
5339455434,13104,新宿区,35.715625,139.67968750000003,653,54.0,421.0,125.0,46.0,411,0
5339455441,13104,新宿区,35.71354166666667,139.6828125,1868,105.0,1213.0,392.0,112.0,1318,0
5339455442,13104,新宿区,35.71354166666667,139.68593750000002,1537,93.0,978.0,347.0,68.0,1034,0
5339455443,13104,新宿区,35.715625,139.6828125,1208,83.0,776.0,282.0,51.0,742,0
5339455444,13104,新宿区,35.715625,139.68593750000002,1329,99.0,867.0,264.0,59.0,903,0
5339455511,13114,中野区,35.709375,139.6890625,1624,105.0,1102.0,334.0,105.0,988,0
5339455512,13114,中野区,35.709375,139.69218750000002,2624,289.0,1705.0,530.0,199.0,1407,0
5339455513,13104,新宿区,35.71145833333333,139.6890625,2221,177.0,1537.0,323.0,112.0,1408,0
5339455514,13104,新宿区,35.71145833333333,139.69218750000002,1481,144.0,1034.0,215.0,113.0,957,0
5339455521,13104,新宿区,35.709375,139.6953125,1913,213.0,1129.0,484.0,225.0,1091,0
5339455522,13104,新宿区,35.709375,139.6984375,2036,197.0,1278.0,424.0,240.0,1272,0
5339455523,13104,新宿区,35.71145833333333,139.6953125,1115,65.0,751.0,196.0,105.0,787,0
5339455524,13104,新宿区,35.71145833333333,139.6984375,1504,76.0,1010.0,282.0,205.0,1042,0
5339455531,13104,新宿区,35.71354166666667,139.6890625,1681,93.0,1040.0,384.0,65.0,1126,0
5339455532,13104,新宿区,35.71354166666667,139.69218750000002,1111,83.0,720.0,157.0,69.0,753,0
5339455533,13104,新宿区,35.715625,139.6890625,1707,100.0,1087.0,346.0,99.0,1233,0
5339455534,13104,新宿区,35.715625,139.69218750000002,2369,185.0,1496.0,416.0,181.0,1509,0
5339455541,13104,新宿区,35.71354166666667,139.6953125,898,43.0,568.0,216.0,91.0,629,0
5339455542,13104,新宿区,35.71354166666667,139.6984375,1817,92.0,1189.0,328.0,192.0,1306,0
5339455543,13104,新宿区,35.715625,139.6953125,1909,126.0,1082.0,491.0,132.0,1241,0
5339455544,13104,新宿区,35.715625,139.6984375,1390,55.0,862.0,265.0,199.0,978,0
5339455611,13104,新宿区,35.709375,139.7015625,1044,150.0,588.0,237.0,127.0,579,0
5339455612,13104,新宿区,35.709375,139.7046875,1935,168.0,1076.0,576.0,211.0,1091,0
5339455613,13104,新宿区,35.71145833333333,139.7015625,1555,120.0,998.0,299.0,169.0,1053,0
5339455614,13104,新宿区,35.71145833333333,139.7046875,736,64.0,484.0,119.0,42.0,477,0
5339455621,13104,新宿区,35.709375,139.7078125,1351,105.0,900.0,220.0,148.0,877,0
5339455622,13104,新宿区,35.709375,139.7109375,1902,128.0,1318.0,265.0,195.0,1290,0
5339455623,13104,新宿区,35.71145833333333,139.7078125,1237,82.0,808.0,220.0,90.0,848,0
5339455624,13104,新宿区,35.71145833333333,139.7109375,2026,184.0,1365.0,312.0,225.0,1246,0
5339455631,13104,新宿区,35.71354166666667,139.7015625,1558,102.0,1004.0,234.0,179.0,1077,0
5339455632,13104,新宿区,35.71354166666667,139.7046875,317,10.0,168.0,67.0,75.0,236,0
5339455633,13104,新宿区,35.715625,139.7015625,957,92.0,673.0,80.0,129.0,617,0
5339455634,13116,豊島区,35.715625,139.7046875,923,56.0,592.0,199.0,126.0,610,0
5339455641,13104,新宿区,35.71354166666667,139.7078125,1480,66.0,1091.0,238.0,274.0,1053,0
5339455642,13104,新宿区,35.71354166666667,139.7109375,2123,143.0,1462.0,290.0,288.0,1493,0
5339455643,13116,豊島区,35.715625,139.7078125,843,96.0,631.0,98.0,128.0,532,0
5339455644,13116,豊島区,35.715625,139.7109375,1460,172.0,1001.0,266.0,125.0,722,0
5339455711,13104,新宿区,35.709375,139.7140625,2056,132.0,1382.0,354.0,197.0,1413,0
5339455712,13104,新宿区,35.709375,139.71718750000002,1277,90.0,813.0,232.0,141.0,843,0
5339455713,13104,新宿区,35.71145833333333,139.7140625,1771,166.0,1106.0,318.0,76.0,1048,0
5339455714,13104,新宿区,35.71145833333333,139.71718750000002,1544,193.0,1028.0,251.0,99.0,730,0
5339455721,13104,新宿区,35.709375,139.7203125,594,23.0,362.0,142.0,91.0,448,0
5339455722,13104,新宿区,35.709375,139.72343750000002,1355,88.0,866.0,242.0,99.0,907,0
5339455723,13104,新宿区,35.71145833333333,139.7203125,2631,186.0,1521.0,614.0,302.0,1870,0
5339455724,13105,文京区,35.71145833333333,139.72343750000002,1318,97.0,936.0,164.0,144.0,822,0
5339455731,13116,豊島区,35.71354166666667,139.7140625,1815,184.0,1240.0,298.0,193.0,1018,0
5339455732,13116,豊島区,35.71354166666667,139.71718750000002,2082,126.0,1512.0,352.0,303.0,1035,0
5339455733,13116,豊島区,35.715625,139.7140625,2204,265.0,1545.0,349.0,148.0,1271,0
5339455734,13116,豊島区,35.715625,139.71718750000002,1515,136.0,1049.0,279.0,172.0,914,0
5339455741,13116,豊島区,35.71354166666667,139.7203125,1697,159.0,1103.0,334.0,140.0,1037,0
5339455742,13105,文京区,35.71354166666667,139.72343750000002,292,15.0,261.0,15.0,12.0,39,0
5339455743,13105,文京区,35.715625,139.7203125,704,107.0,407.0,164.0,15.0,323,0
5339455744,13105,文京区,35.715625,139.72343750000002,1081,120.0,642.0,250.0,28.0,584,0
5339455811,13104,新宿区,35.709375,139.7265625,1654,87.0,1010.0,264.0,86.0,1147,0
5339455812,13104,新宿区,35.709375,139.7296875,2259,179.0,1474.0,411.0,73.0,1393,0
5339455813,13105,文京区,35.71145833333333,139.7265625,785,103.0,483.0,116.0,14.0,431,0
5339455814,13105,文京区,35.71145833333333,139.7296875,944,124.0,645.0,139.0,37.0,515,0
5339455821,13105,文京区,35.709375,139.7328125,2194,223.0,1452.0,382.0,76.0,1262,0
5339455822,13105,文京区,35.709375,139.7359375,1973,209.0,1388.0,236.0,71.0,1260,0
5339455823,13105,文京区,35.71145833333333,139.7328125,1182,157.0,753.0,210.0,25.0,614,0
5339455824,13105,文京区,35.71145833333333,139.7359375,872,104.0,560.0,165.0,12.0,425,0
5339455831,13105,文京区,35.71354166666667,139.7265625,349,41.0,237.0,46.0,10.0,208,0
5339455832,13105,文京区,35.71354166666667,139.7296875,1962,149.0,1263.0,383.0,52.0,1203,0
5339455833,13105,文京区,35.715625,139.7265625,1257,136.0,805.0,228.0,22.0,606,0
5339455834,13105,文京区,35.715625,139.7296875,1771,164.0,1130.0,328.0,53.0,1047,0
5339455841,13105,文京区,35.71354166666667,139.7328125,1202,164.0,751.0,241.0,28.0,525,0
5339455842,13105,文京区,35.71354166666667,139.7359375,1178,160.0,735.0,239.0,18.0,485,0
5339455843,13105,文京区,35.715625,139.7328125,953,123.0,565.0,193.0,16.0,506,0
5339455844,13105,文京区,35.715625,139.7359375,955,100.0,583.0,218.0,23.0,436,0
5339455911,13105,文京区,35.709375,139.73906250000002,2401,287.0,1699.0,258.0,108.0,1431,0
5339455912,13105,文京区,35.709375,139.74218750000003,2137,295.0,1438.0,304.0,53.0,1155,0
5339455913,13105,文京区,35.71145833333333,139.73906250000002,1067,122.0,658.0,213.0,38.0,574,0
5339455914,13105,文京区,35.71145833333333,139.74218750000003,1329,197.0,897.0,165.0,35.0,663,0
5339455921,13105,文京区,35.709375,139.7453125,1895,233.0,1242.0,287.0,78.0,1015,0
5339455922,13105,文京区,35.709375,139.74843750000002,1214,126.0,817.0,197.0,38.0,736,0
5339455923,13105,文京区,35.71145833333333,139.7453125,1958,242.0,1231.0,326.0,58.0,1083,0
5339455924,13105,文京区,35.71145833333333,139.74843750000002,1047,118.0,650.0,218.0,29.0,552,0
5339455931,13105,文京区,35.71354166666667,139.73906250000002,1300,278.0,827.0,150.0,21.0,614,0
5339455932,13105,文京区,35.71354166666667,139.74218750000003,1572,296.0,1009.0,204.0,40.0,765,0
5339455933,13105,文京区,35.715625,139.73906250000002,2007,251.0,1332.0,295.0,45.0,1096,0
5339455934,13105,文京区,35.715625,139.74218750000003,1950,313.0,1200.0,357.0,41.0,930,0
5339455941,13105,文京区,35.71354166666667,139.7453125,1550,222.0,997.0,284.0,20.0,687,0
5339455942,13105,文京区,35.71354166666667,139.74843750000002,2216,337.0,1461.0,302.0,48.0,1192,0
5339455943,13105,文京区,35.715625,139.7453125,1253,192.0,761.0,258.0,19.0,564,0
5339455944,13105,文京区,35.715625,139.74843750000002,1966,264.0,1259.0,317.0,49.0,1068,0
5339456011,13115,杉並区,35.717708333333334,139.6265625,1259,152.0,831.0,205.0,35.0,676,0
5339456012,13115,杉並区,35.717708333333334,139.62968750000002,1083,121.0,682.0,237.0,40.0,544,0
5339456013,13115,杉並区,35.719791666666666,139.6265625,1266,158.0,831.0,238.0,33.0,637,0
5339456014,13115,杉並区,35.719791666666666,139.62968750000002,1003,123.0,656.0,181.0,29.0,509,0
5339456021,13114,中野区,35.717708333333334,139.6328125,1296,145.0,751.0,354.0,30.0,635,0
5339456022,13114,中野区,35.717708333333334,139.6359375,1161,124.0,776.0,218.0,83.0,629,0
5339456023,13114,中野区,35.719791666666666,139.6328125,1237,103.0,757.0,345.0,110.0,652,0
5339456024,13114,中野区,35.719791666666666,139.6359375,1306,94.0,876.0,270.0,78.0,799,0
5339456031,13115,杉並区,35.721875000000004,139.6265625,1174,115.0,793.0,201.0,40.0,646,0
5339456032,13114,中野区,35.721875000000004,139.62968750000002,1162,112.0,717.0,295.0,30.0,602,0
5339456033,13115,杉並区,35.723958333333336,139.6265625,936,82.0,600.0,196.0,30.0,493,0
5339456034,13114,中野区,35.723958333333336,139.62968750000002,1434,160.0,972.0,258.0,42.0,724,0
5339456041,13114,中野区,35.721875000000004,139.6328125,1310,133.0,813.0,325.0,93.0,700,0
5339456042,13114,中野区,35.721875000000004,139.6359375,1145,83.0,708.0,310.0,218.0,694,0
5339456043,13114,中野区,35.723958333333336,139.6328125,1182,99.0,794.0,266.0,96.0,669,0
5339456044,13114,中野区,35.723958333333336,139.6359375,908,82.0,567.0,236.0,27.0,514,0
5339456111,13114,中野区,35.717708333333334,139.6390625,1250,191.0,744.0,295.0,55.0,618,0
5339456112,13114,中野区,35.717708333333334,139.6421875,1087,107.0,686.0,267.0,24.0,596,0
5339456113,13114,中野区,35.719791666666666,139.6390625,1458,282.0,879.0,284.0,26.0,663,0
5339456114,13114,中野区,35.719791666666666,139.6421875,778,75.0,495.0,170.0,26.0,458,0
5339456121,13114,中野区,35.717708333333334,139.6453125,1347,120.0,876.0,283.0,56.0,823,0
5339456122,13114,中野区,35.717708333333334,139.6484375,1622,129.0,1128.0,273.0,57.0,1021,0
5339456123,13114,中野区,35.719791666666666,139.6453125,1340,101.0,896.0,279.0,60.0,835,0
5339456124,13114,中野区,35.719791666666666,139.6484375,1427,109.0,905.0,324.0,58.0,903,0
5339456131,13114,中野区,35.721875000000004,139.6390625,641,38.0,382.0,184.0,38.0,420,0
5339456132,13114,中野区,35.721875000000004,139.6421875,1400,114.0,933.0,293.0,46.0,849,0
5339456133,13114,中野区,35.723958333333336,139.6390625,1213,82.0,835.0,236.0,77.0,786,0
5339456134,13114,中野区,35.723958333333336,139.6421875,1660,145.0,1091.0,290.0,76.0,1003,0
5339456141,13114,中野区,35.721875000000004,139.6453125,1415,102.0,968.0,297.0,68.0,915,0
5339456142,13114,中野区,35.721875000000004,139.6484375,1224,78.0,788.0,308.0,97.0,778,0
5339456143,13114,中野区,35.723958333333336,139.6453125,1489,96.0,1067.0,241.0,96.0,993,0
5339456144,13114,中野区,35.723958333333336,139.6484375,1412,112.0,978.0,276.0,69.0,846,0
5339456211,13114,中野区,35.717708333333334,139.6515625,1366,118.0,901.0,282.0,61.0,832,0
5339456212,13114,中野区,35.717708333333334,139.65468750000002,1559,136.0,1066.0,307.0,76.0,897,0
5339456213,13114,中野区,35.719791666666666,139.6515625,1396,74.0,947.0,291.0,82.0,902,0
5339456214,13114,中野区,35.719791666666666,139.65468750000002,1554,86.0,1109.0,268.0,116.0,1048,0
5339456221,13114,中野区,35.717708333333334,139.6578125,1258,102.0,809.0,270.0,48.0,731,0
5339456222,13114,中野区,35.717708333333334,139.66093750000002,939,81.0,631.0,182.0,62.0,581,0
5339456223,13114,中野区,35.719791666666666,139.6578125,1399,134.0,957.0,250.0,61.0,867,0
5339456224,13114,中野区,35.719791666666666,139.66093750000002,1554,107.0,1013.0,328.0,116.0,1038,0
5339456231,13114,中野区,35.721875000000004,139.6515625,1502,109.0,1012.0,320.0,72.0,934,0
5339456232,13114,中野区,35.721875000000004,139.65468750000002,1608,110.0,1046.0,328.0,92.0,1051,0
5339456233,13114,中野区,35.723958333333336,139.6515625,1502,132.0,1006.0,277.0,99.0,915,0
5339456234,13114,中野区,35.723958333333336,139.65468750000002,1376,107.0,997.0,196.0,75.0,862,0
5339456241,13114,中野区,35.721875000000004,139.6578125,1246,96.0,844.0,227.0,70.0,740,0
5339456242,13114,中野区,35.721875000000004,139.66093750000002,1334,122.0,840.0,334.0,45.0,776,0
5339456243,13114,中野区,35.723958333333336,139.6578125,1037,130.0,684.0,206.0,47.0,497,0
5339456244,13114,中野区,35.723958333333336,139.66093750000002,1386,87.0,955.0,261.0,90.0,888,0
5339456311,13114,中野区,35.717708333333334,139.6640625,1426,131.0,941.0,299.0,54.0,835,0
5339456312,13114,中野区,35.717708333333334,139.6671875,1365,75.0,899.0,321.0,53.0,841,0
5339456313,13114,中野区,35.719791666666666,139.6640625,1145,52.0,769.0,266.0,56.0,757,0
5339456314,13114,中野区,35.719791666666666,139.6671875,1311,47.0,845.0,341.0,84.0,910,0
5339456321,13114,中野区,35.717708333333334,139.6703125,1463,113.0,955.0,315.0,55.0,943,0
5339456322,13114,中野区,35.717708333333334,139.6734375,1456,70.0,1001.0,305.0,70.0,974,0
5339456323,13114,中野区,35.719791666666666,139.6703125,1373,117.0,909.0,264.0,39.0,829,0
5339456324,13114,中野区,35.719791666666666,139.6734375,1714,124.0,1098.0,393.0,114.0,1088,0
5339456331,13114,中野区,35.721875000000004,139.6640625,1108,103.0,715.0,235.0,55.0,700,0
5339456332,13114,中野区,35.721875000000004,139.6671875,1555,128.0,977.0,364.0,85.0,930,0
5339456333,13114,中野区,35.723958333333336,139.6640625,1578,135.0,1021.0,360.0,76.0,973,0
5339456334,13114,中野区,35.723958333333336,139.6671875,1337,118.0,906.0,246.0,58.0,810,0
5339456341,13114,中野区,35.721875000000004,139.6703125,1416,134.0,935.0,287.0,51.0,808,0
5339456342,13114,中野区,35.721875000000004,139.6734375,269,24.0,185.0,46.0,33.0,170,0
5339456343,13114,中野区,35.723958333333336,139.6703125,1011,65.0,664.0,251.0,37.0,590,0
5339456344,13114,中野区,35.723958333333336,139.6734375,923,94.0,615.0,190.0,21.0,468,0
5339456411,13114,中野区,35.717708333333334,139.67656250000002,892,111.0,627.0,124.0,20.0,489,0
5339456412,13104,新宿区,35.717708333333334,139.67968750000003,347,34.0,245.0,55.0,18.0,214,0
5339456413,13104,新宿区,35.719791666666666,139.67656250000002,940,96.0,582.0,194.0,31.0,503,0
5339456414,13104,新宿区,35.719791666666666,139.67968750000003,1733,205.0,1130.0,295.0,42.0,996,0
5339456421,13104,新宿区,35.717708333333334,139.6828125,1154,151.0,735.0,201.0,66.0,611,0
5339456422,13104,新宿区,35.717708333333334,139.68593750000002,1087,122.0,668.0,219.0,52.0,598,0
5339456423,13104,新宿区,35.719791666666666,139.6828125,1364,111.0,908.0,231.0,41.0,839,0
5339456424,13104,新宿区,35.719791666666666,139.68593750000002,979,90.0,626.0,193.0,37.0,578,0
5339456431,13104,新宿区,35.721875000000004,139.67656250000002,1346,141.0,903.0,217.0,25.0,814,0
5339456432,13104,新宿区,35.721875000000004,139.67968750000003,2047,192.0,1358.0,365.0,89.0,1201,0
5339456433,13104,新宿区,35.723958333333336,139.67656250000002,1236,110.0,748.0,299.0,27.0,733,0
5339456434,13104,新宿区,35.723958333333336,139.67968750000003,1178,82.0,772.0,250.0,31.0,706,0
5339456441,13104,新宿区,35.721875000000004,139.6828125,1377,106.0,877.0,275.0,41.0,869,0
5339456442,13104,新宿区,35.721875000000004,139.68593750000002,1457,119.0,936.0,313.0,51.0,936,0
5339456443,13116,豊島区,35.723958333333336,139.6828125,1174,141.0,855.0,95.0,39.0,712,0
5339456444,13116,豊島区,35.723958333333336,139.68593750000002,1755,172.0,1251.0,303.0,58.0,1015,0
5339456511,13104,新宿区,35.717708333333334,139.6890625,1271,151.0,803.0,227.0,59.0,719,0
5339456512,13104,新宿区,35.717708333333334,139.69218750000002,1953,343.0,1251.0,239.0,103.0,1012,0
5339456513,13104,新宿区,35.719791666666666,139.6890625,1336,140.0,910.0,214.0,48.0,716,0
5339456514,13104,新宿区,35.719791666666666,139.69218750000002,1324,125.0,827.0,272.0,59.0,737,0
5339456521,13104,新宿区,35.717708333333334,139.6953125,1448,106.0,908.0,264.0,108.0,935,0
5339456522,13104,新宿区,35.717708333333334,139.6984375,1095,112.0,700.0,196.0,49.0,623,0
5339456523,13104,新宿区,35.719791666666666,139.6953125,1187,102.0,611.0,391.0,50.0,619,0
5339456524,13104,新宿区,35.719791666666666,139.6984375,1113,129.0,620.0,307.0,17.0,483,0
5339456531,13104,新宿区,35.721875000000004,139.6890625,1755,178.0,1144.0,324.0,73.0,965,0
5339456532,13104,新宿区,35.721875000000004,139.69218750000002,1946,190.0,1313.0,303.0,108.0,1271,0
5339456533,13116,豊島区,35.723958333333336,139.6890625,1925,188.0,1301.0,402.0,91.0,1182,0
5339456534,13116,豊島区,35.723958333333336,139.69218750000002,1464,153.0,1044.0,245.0,92.0,891,0
5339456541,13116,豊島区,35.721875000000004,139.6953125,1794,159.0,1211.0,313.0,96.0,1105,0
5339456542,13104,新宿区,35.721875000000004,139.6984375,1723,161.0,1130.0,339.0,116.0,1009,0
5339456543,13116,豊島区,35.723958333333336,139.6953125,1873,200.0,1384.0,261.0,120.0,1120,0
5339456544,13116,豊島区,35.723958333333336,139.6984375,1180,102.0,778.0,285.0,63.0,651,0
5339456611,13104,新宿区,35.717708333333334,139.7015625,761,45.0,501.0,104.0,65.0,550,0
5339456612,13104,新宿区,35.717708333333334,139.7046875,1091,80.0,687.0,210.0,96.0,694,0
5339456613,13104,新宿区,35.719791666666666,139.7015625,1304,139.0,840.0,248.0,56.0,628,0
5339456614,13104,新宿区,35.719791666666666,139.7046875,1132,150.0,721.0,227.0,68.0,532,0
5339456621,13116,豊島区,35.717708333333334,139.7078125,1029,187.0,687.0,142.0,12.0,404,0
5339456623,13116,豊島区,35.719791666666666,139.7078125,146,19.0,102.0,22.0,13.0,70,0
5339456624,13116,豊島区,35.719791666666666,139.7109375,434,60.0,290.0,77.0,19.0,220,0
5339456631,13104,新宿区,35.721875000000004,139.7015625,1152,91.0,732.0,249.0,20.0,662,0
5339456632,13104,新宿区,35.721875000000004,139.7046875,1366,96.0,887.0,279.0,60.0,900,0
5339456633,13116,豊島区,35.723958333333336,139.7015625,1095,106.0,755.0,198.0,68.0,649,0
5339456634,13116,豊島区,35.723958333333336,139.7046875,997,126.0,663.0,192.0,79.0,472,0
5339456641,13116,豊島区,35.721875000000004,139.7078125,552,46.0,383.0,114.0,40.0,352,0
5339456642,13116,豊島区,35.721875000000004,139.7109375,1730,163.0,1195.0,338.0,103.0,991,0
5339456643,13116,豊島区,35.723958333333336,139.7078125,1385,101.0,987.0,266.0,140.0,945,0
5339456644,13116,豊島区,35.723958333333336,139.7109375,2091,156.0,1386.0,512.0,117.0,1224,0
5339456711,13116,豊島区,35.717708333333334,139.7140625,1988,225.0,1362.0,365.0,128.0,1188,0
5339456712,13116,豊島区,35.717708333333334,139.71718750000002,1998,190.0,1389.0,377.0,117.0,1113,0
5339456713,13116,豊島区,35.719791666666666,139.7140625,1599,142.0,1164.0,259.0,94.0,1059,0
5339456714,13116,豊島区,35.719791666666666,139.71718750000002,1499,148.0,991.0,328.0,54.0,842,0
5339456721,13105,文京区,35.717708333333334,139.7203125,972,77.0,620.0,190.0,24.0,608,0
5339456722,13105,文京区,35.717708333333334,139.72343750000002,1653,213.0,1049.0,292.0,39.0,905,0
5339456723,13116,豊島区,35.719791666666666,139.7203125,1226,130.0,822.0,254.0,54.0,694,0
5339456724,13116,豊島区,35.719791666666666,139.72343750000002,1235,150.0,795.0,232.0,34.0,677,0
5339456731,13116,豊島区,35.721875000000004,139.7140625,1540,113.0,1042.0,358.0,78.0,986,0
5339456732,13116,豊島区,35.721875000000004,139.71718750000002,824,126.0,531.0,153.0,15.0,452,0
5339456733,13116,豊島区,35.723958333333336,139.7140625,741,61.0,468.0,200.0,56.0,416,0
5339456734,13116,豊島区,35.723958333333336,139.71718750000002,909,75.0,668.0,152.0,76.0,596,0
5339456741,13116,豊島区,35.721875000000004,139.7203125,754,73.0,509.0,159.0,21.0,419,0
5339456742,13116,豊島区,35.721875000000004,139.72343750000002,819,74.0,619.0,107.0,27.0,481,0
5339456743,13116,豊島区,35.723958333333336,139.7203125,897,26.0,649.0,202.0,55.0,667,0
5339456744,13105,文京区,35.723958333333336,139.72343750000002,1839,176.0,1174.0,413.0,71.0,1095,0
5339456811,13105,文京区,35.717708333333334,139.7265625,540,29.0,330.0,48.0,112.0,433,0
5339456812,13105,文京区,35.717708333333334,139.7296875,1528,200.0,920.0,322.0,33.0,789,0
5339456813,13105,文京区,35.719791666666666,139.7265625,1575,212.0,1093.0,181.0,60.0,802,0
5339456814,13105,文京区,35.719791666666666,139.7296875,1116,114.0,743.0,168.0,28.0,680,0
5339456821,13105,文京区,35.717708333333334,139.7328125,250,51.0,161.0,25.0,2.0,131,0
5339456822,13105,文京区,35.717708333333334,139.7359375,1255,200.0,826.0,168.0,32.0,624,0
5339456823,13105,文京区,35.719791666666666,139.7328125,1311,164.0,872.0,158.0,27.0,828,0
5339456824,13105,文京区,35.719791666666666,139.7359375,504,80.0,328.0,69.0,24.0,255,0
5339456831,13105,文京区,35.721875000000004,139.7265625,15,0.0,7.0,8.0,0.0,7,0
5339456832,13105,文京区,35.721875000000004,139.7296875,1237,129.0,831.0,179.0,27.0,746,0
5339456833,13105,文京区,35.723958333333336,139.7265625,1151,158.0,730.0,224.0,28.0,574,0
5339456834,13105,文京区,35.723958333333336,139.7296875,2392,217.0,1535.0,475.0,121.0,1352,0
5339456841,13105,文京区,35.721875000000004,139.7328125,1884,252.0,1278.0,236.0,122.0,1067,0
5339456842,13105,文京区,35.721875000000004,139.7359375,1106,121.0,788.0,156.0,50.0,708,0
5339456843,13105,文京区,35.723958333333336,139.7328125,1048,100.0,640.0,250.0,43.0,563,0
5339456844,13105,文京区,35.723958333333336,139.7359375,1540,123.0,926.0,338.0,68.0,888,0
5339456911,13105,文京区,35.717708333333334,139.73906250000002,1308,157.0,875.0,191.0,30.0,656,0
5339456912,13105,文京区,35.717708333333334,139.74218750000003,1898,225.0,1220.0,345.0,62.0,1068,0
5339456913,13105,文京区,35.719791666666666,139.73906250000002,1698,272.0,1113.0,198.0,44.0,958,0
5339456914,13105,文京区,35.719791666666666,139.74218750000003,1400,185.0,893.0,247.0,54.0,737,0
5339456921,13105,文京区,35.717708333333334,139.7453125,500,40.0,307.0,95.0,10.0,313,0
5339456922,13105,文京区,35.717708333333334,139.74843750000002,1171,171.0,741.0,224.0,24.0,568,0
5339456923,13105,文京区,35.719791666666666,139.7453125,312,26.0,150.0,123.0,10.0,155,0
5339456924,13105,文京区,35.719791666666666,139.74843750000002,1434,160.0,936.0,282.0,64.0,767,0
5339456931,13105,文京区,35.721875000000004,139.73906250000002,1871,254.0,1198.0,271.0,60.0,992,0
5339456932,13105,文京区,35.721875000000004,139.74218750000003,677,177.0,394.0,86.0,17.0,262,0
5339456933,13105,文京区,35.723958333333336,139.73906250000002,2268,342.0,1481.0,334.0,63.0,1086,0
5339456934,13105,文京区,35.723958333333336,139.74218750000003,1223,174.0,732.0,221.0,24.0,626,0
5339456941,13105,文京区,35.721875000000004,139.7453125,1125,109.0,758.0,199.0,126.0,633,0
5339456942,13105,文京区,35.721875000000004,139.74843750000002,1196,115.0,771.0,264.0,33.0,625,0
5339456943,13105,文京区,35.723958333333336,139.7453125,1272,152.0,774.0,289.0,25.0,597,0
5339456944,13105,文京区,35.723958333333336,139.74843750000002,1449,139.0,955.0,246.0,33.0,893,0
5339457011,13114,中野区,35.72604166666667,139.6265625,1263,109.0,868.0,230.0,27.0,724,0
5339457012,13114,中野区,35.72604166666667,139.62968750000002,1430,174.0,887.0,312.0,35.0,678,0
5339457013,13114,中野区,35.728125,139.6265625,787,61.0,528.0,175.0,37.0,422,0
5339457014,13114,中野区,35.728125,139.62968750000002,375,45.0,231.0,88.0,17.0,194,0
5339457021,13114,中野区,35.72604166666667,139.6328125,1508,199.0,1010.0,250.0,44.0,733,0
5339457022,13114,中野区,35.72604166666667,139.6359375,1170,107.0,746.0,287.0,81.0,662,0
5339457023,13114,中野区,35.728125,139.6328125,844,112.0,575.0,130.0,27.0,411,0
5339457024,13114,中野区,35.728125,139.6359375,1207,129.0,804.0,249.0,43.0,597,0
5339457031,13114,中野区,35.73020833333334,139.6265625,969,117.0,607.0,240.0,17.0,444,0
5339457032,13114,中野区,35.73020833333334,139.62968750000002,921,117.0,550.0,240.0,20.0,413,0
5339457033,13114,中野区,35.73229166666667,139.6265625,1068,180.0,659.0,220.0,16.0,438,0
5339457034,13114,中野区,35.73229166666667,139.62968750000002,927,142.0,583.0,180.0,41.0,424,0
5339457041,13114,中野区,35.73020833333334,139.6328125,848,123.0,565.0,149.0,17.0,351,0
5339457042,13114,中野区,35.73020833333334,139.6359375,1028,152.0,731.0,130.0,23.0,464,0
5339457043,13114,中野区,35.73229166666667,139.6328125,1168,213.0,752.0,193.0,15.0,478,0
5339457044,13120,練馬区,35.73229166666667,139.6359375,1175,143.0,785.0,221.0,2.0,537,0
5339457111,13114,中野区,35.72604166666667,139.6390625,1616,137.0,1159.0,236.0,107.0,997,0
5339457112,13120,練馬区,35.72604166666667,139.6421875,1545,117.0,1099.0,237.0,126.0,979,0
5339457113,13120,練馬区,35.728125,139.6390625,1210,136.0,839.0,195.0,38.0,606,0
5339457114,13120,練馬区,35.728125,139.6421875,1566,202.0,1100.0,204.0,78.0,780,0
5339457121,13120,練馬区,35.72604166666667,139.6453125,1402,120.0,976.0,245.0,88.0,873,0
5339457122,13114,中野区,35.72604166666667,139.6484375,1193,168.0,819.0,139.0,15.0,476,0
5339457123,13120,練馬区,35.728125,139.6453125,1342,240.0,876.0,200.0,44.0,566,0
5339457124,13120,練馬区,35.728125,139.6484375,1520,195.0,1054.0,212.0,41.0,734,0
5339457131,13120,練馬区,35.73020833333334,139.6390625,2022,234.0,1140.0,593.0,29.0,795,0
5339457132,13120,練馬区,35.73020833333334,139.6421875,1133,148.0,735.0,210.0,25.0,557,0
5339457133,13120,練馬区,35.73229166666667,139.6390625,1597,160.0,1065.0,305.0,34.0,949,0
5339457134,13120,練馬区,35.73229166666667,139.6421875,1312,171.0,853.0,222.0,23.0,636,0
5339457141,13120,練馬区,35.73020833333334,139.6453125,844,125.0,494.0,195.0,14.0,369,0
5339457142,13120,練馬区,35.73020833333334,139.6484375,903,144.0,537.0,196.0,24.0,404,0
5339457143,13120,練馬区,35.73229166666667,139.6453125,1297,184.0,888.0,187.0,22.0,614,0
5339457144,13120,練馬区,35.73229166666667,139.6484375,1230,150.0,695.0,346.0,26.0,564,0
5339457211,13114,中野区,35.72604166666667,139.6515625,1408,204.0,940.0,229.0,29.0,664,0
5339457212,13114,中野区,35.72604166666667,139.65468750000002,1300,102.0,816.0,349.0,53.0,709,0
5339457213,13120,練馬区,35.728125,139.6515625,1404,188.0,928.0,219.0,78.0,709,0
5339457214,13120,練馬区,35.728125,139.65468750000002,1394,182.0,796.0,342.0,28.0,692,0
5339457221,13120,練馬区,35.72604166666667,139.6578125,998,131.0,650.0,193.0,33.0,508,0
5339457222,13114,中野区,35.72604166666667,139.66093750000002,1432,116.0,993.0,250.0,117.0,878,0
5339457223,13120,練馬区,35.728125,139.6578125,861,94.0,529.0,217.0,19.0,374,0
5339457224,13120,練馬区,35.728125,139.66093750000002,1350,131.0,896.0,237.0,31.0,736,0
5339457231,13120,練馬区,35.73020833333334,139.6515625,1354,248.0,864.0,213.0,44.0,576,0
5339457232,13120,練馬区,35.73020833333334,139.65468750000002,1192,149.0,683.0,312.0,19.0,571,0
5339457233,13120,練馬区,35.73229166666667,139.6515625,1089,136.0,727.0,192.0,20.0,570,0
5339457234,13120,練馬区,35.73229166666667,139.65468750000002,1576,116.0,1072.0,301.0,42.0,984,0
5339457241,13120,練馬区,35.73020833333334,139.6578125,1087,112.0,714.0,204.0,26.0,623,0
5339457242,13120,練馬区,35.73020833333334,139.66093750000002,1363,131.0,944.0,228.0,52.0,747,0
5339457243,13120,練馬区,35.73229166666667,139.6578125,1308,107.0,872.0,242.0,59.0,833,0
5339457244,13120,練馬区,35.73229166666667,139.66093750000002,1484,149.0,1063.0,201.0,34.0,868,0
5339457311,13114,中野区,35.72604166666667,139.6640625,1411,113.0,847.0,403.0,53.0,803,0
5339457312,13114,中野区,35.72604166666667,139.6671875,1171,94.0,698.0,320.0,39.0,699,0
5339457313,13114,中野区,35.728125,139.6640625,1598,230.0,756.0,489.0,89.0,471,0
5339457314,13114,中野区,35.728125,139.6671875,1803,344.0,1154.0,279.0,125.0,805,0
5339457321,13114,中野区,35.72604166666667,139.6703125,1320,124.0,818.0,345.0,33.0,688,0
5339457322,13114,中野区,35.72604166666667,139.6734375,1178,116.0,701.0,319.0,25.0,567,0
5339457323,13114,中野区,35.728125,139.6703125,1331,201.0,851.0,253.0,42.0,681,0
5339457324,13114,中野区,35.728125,139.6734375,1020,76.0,583.0,339.0,49.0,554,0
5339457331,13120,練馬区,35.73020833333334,139.6640625,972,72.0,490.0,374.0,27.0,408,0
5339457332,13114,中野区,35.73020833333334,139.6671875,508,42.0,290.0,143.0,13.0,307,0
5339457333,13120,練馬区,35.73229166666667,139.6640625,1514,144.0,923.0,359.0,49.0,848,0
5339457334,13120,練馬区,35.73229166666667,139.6671875,1308,86.0,759.0,266.0,24.0,690,0
5339457341,13114,中野区,35.73020833333334,139.6703125,1207,102.0,806.0,250.0,31.0,684,0
5339457342,13114,中野区,35.73020833333334,139.6734375,952,83.0,646.0,199.0,38.0,556,0
5339457343,13114,中野区,35.73229166666667,139.6703125,1388,111.0,868.0,323.0,45.0,802,0
5339457344,13114,中野区,35.73229166666667,139.6734375,1235,89.0,859.0,235.0,50.0,745,0
5339457411,13104,新宿区,35.72604166666667,139.67656250000002,995,114.0,644.0,216.0,39.0,512,0
5339457412,13104,新宿区,35.72604166666667,139.67968750000003,800,85.0,498.0,174.0,29.0,410,0
5339457413,13114,中野区,35.728125,139.67656250000002,958,145.0,611.0,191.0,31.0,466,0
5339457414,13116,豊島区,35.728125,139.67968750000003,1082,68.0,841.0,162.0,45.0,750,0
5339457421,13116,豊島区,35.72604166666667,139.6828125,1475,116.0,1046.0,267.0,56.0,943,0
5339457422,13116,豊島区,35.72604166666667,139.68593750000002,1785,193.0,1180.0,385.0,100.0,1004,0
5339457423,13116,豊島区,35.728125,139.6828125,1987,128.0,1349.0,463.0,95.0,1354,0
5339457424,13116,豊島区,35.728125,139.68593750000002,1874,132.0,1294.0,414.0,67.0,1217,0
5339457431,13114,中野区,35.73020833333334,139.67656250000002,1234,93.0,811.0,289.0,30.0,727,0
5339457432,13116,豊島区,35.73020833333334,139.67968750000003,1935,300.0,1282.0,323.0,67.0,991,0
5339457433,13120,練馬区,35.73229166666667,139.67656250000002,1514,116.0,995.0,307.0,53.0,955,0
5339457434,13116,豊島区,35.73229166666667,139.67968750000003,1735,165.0,1206.0,323.0,56.0,1075,0
5339457441,13116,豊島区,35.73020833333334,139.6828125,1476,134.0,1013.0,302.0,90.0,914,0
5339457442,13116,豊島区,35.73020833333334,139.68593750000002,1846,169.0,1173.0,477.0,71.0,1036,0
5339457443,13116,豊島区,35.73229166666667,139.6828125,1535,142.0,987.0,379.0,59.0,934,0
5339457444,13116,豊島区,35.73229166666667,139.68593750000002,1516,128.0,1005.0,365.0,49.0,882,0
5339457511,13116,豊島区,35.72604166666667,139.6890625,1764,162.0,1165.0,405.0,81.0,1042,0
5339457512,13116,豊島区,35.72604166666667,139.69218750000002,1743,127.0,1135.0,452.0,107.0,1079,0
5339457513,13116,豊島区,35.728125,139.6890625,1568,138.0,1077.0,321.0,59.0,989,0
5339457514,13116,豊島区,35.728125,139.69218750000002,1806,155.0,1171.0,447.0,92.0,1114,0
5339457521,13116,豊島区,35.72604166666667,139.6953125,2028,177.0,1451.0,367.0,94.0,1320,0
5339457522,13116,豊島区,35.72604166666667,139.6984375,1656,106.0,1173.0,344.0,132.0,1062,0
5339457523,13116,豊島区,35.728125,139.6953125,1517,121.0,1120.0,250.0,95.0,970,0
5339457524,13116,豊島区,35.728125,139.6984375,2042,188.0,1484.0,334.0,207.0,1321,0
5339457531,13116,豊島区,35.73020833333334,139.6890625,1547,135.0,993.0,391.0,62.0,938,0
5339457532,13116,豊島区,35.73020833333334,139.69218750000002,1725,130.0,1163.0,396.0,75.0,1061,0
5339457533,13116,豊島区,35.73229166666667,139.6890625,1339,133.0,836.0,351.0,56.0,695,0
5339457534,13116,豊島区,35.73229166666667,139.69218750000002,1624,140.0,1121.0,332.0,123.0,959,0
5339457541,13116,豊島区,35.73020833333334,139.6953125,1679,149.0,1145.0,345.0,86.0,1055,0
5339457542,13116,豊島区,35.73020833333334,139.6984375,1957,175.0,1425.0,311.0,179.0,1258,0
5339457543,13116,豊島区,35.73229166666667,139.6953125,1577,109.0,1121.0,321.0,74.0,961,0
5339457544,13116,豊島区,35.73229166666667,139.6984375,1811,94.0,1392.0,289.0,164.0,1265,0
5339457611,13116,豊島区,35.72604166666667,139.7015625,1714,142.0,1201.0,338.0,131.0,1022,0
5339457612,13116,豊島区,35.72604166666667,139.7046875,1784,191.0,1246.0,314.0,148.0,1061,0
5339457613,13116,豊島区,35.728125,139.7015625,1369,105.0,1012.0,225.0,100.0,880,0
5339457614,13116,豊島区,35.728125,139.7046875,1930,185.0,1441.0,272.0,180.0,1226,0
5339457621,13116,豊島区,35.72604166666667,139.7078125,1332,98.0,961.0,243.0,144.0,890,0
5339457622,13116,豊島区,35.72604166666667,139.7109375,1289,131.0,1013.0,124.0,134.0,828,1
5339457623,13116,豊島区,35.728125,139.7078125,937,59.0,736.0,119.0,126.0,675,0
5339457624,13116,豊島区,35.728125,139.7109375,9,,,,,7,2
5339457631,13116,豊島区,35.73020833333334,139.7015625,326,34.0,228.0,59.0,19.0,191,0
5339457632,13116,豊島区,35.73020833333334,139.7046875,596,31.0,441.0,107.0,73.0,449,0
5339457633,13116,豊島区,35.73229166666667,139.7015625,1626,142.0,1198.0,249.0,127.0,1068,0
5339457634,13116,豊島区,35.73229166666667,139.7046875,1853,125.0,1375.0,318.0,199.0,1160,0
5339457641,13116,豊島区,35.73020833333334,139.7078125,875,102.0,701.0,66.0,114.0,514,1
5339457642,13116,豊島区,35.73020833333334,139.7109375,8,,,,,4,2
5339457643,13116,豊島区,35.73229166666667,139.7078125,371,12.0,266.0,83.0,83.0,270,0
5339457644,13116,豊島区,35.73229166666667,139.7109375,88,2.0,55.0,28.0,8.0,59,0
5339457711,13116,豊島区,35.72604166666667,139.7140625,1209,79.0,924.0,181.0,99.0,840,0
5339457712,13116,豊島区,35.72604166666667,139.71718750000002,1668,197.0,1120.0,324.0,89.0,907,0
5339457713,13116,豊島区,35.728125,139.7140625,114,7.0,75.0,28.0,11.0,72,0
5339457714,13116,豊島区,35.728125,139.71718750000002,238,9.0,186.0,32.0,42.0,195,0
5339457721,13116,豊島区,35.72604166666667,139.7203125,2113,194.0,1542.0,342.0,121.0,1250,0
5339457722,13116,豊島区,35.72604166666667,139.72343750000002,1998,215.0,1257.0,468.0,81.0,1144,0
5339457723,13116,豊島区,35.728125,139.7203125,1676,217.0,1236.0,203.0,151.0,939,0
5339457724,13116,豊島区,35.728125,139.72343750000002,1024,117.0,680.0,215.0,44.0,569,0
5339457731,13116,豊島区,35.73020833333334,139.7140625,32,0.0,16.0,15.0,1.0,19,0
5339457732,13116,豊島区,35.73020833333334,139.71718750000002,337,14.0,265.0,48.0,90.0,255,0
5339457733,13116,豊島区,35.73229166666667,139.7140625,485,4.0,419.0,46.0,94.0,439,0
5339457734,13116,豊島区,35.73229166666667,139.71718750000002,1375,64.0,1094.0,177.0,315.0,1073,0
5339457741,13116,豊島区,35.73020833333334,139.7203125,1193,129.0,908.0,128.0,99.0,701,0
5339457742,13116,豊島区,35.73020833333334,139.72343750000002,2549,201.0,1937.0,360.0,399.0,1708,0
5339457743,13116,豊島区,35.73229166666667,139.7203125,2356,187.0,1828.0,286.0,370.0,1622,0
5339457744,13116,豊島区,35.73229166666667,139.72343750000002,1439,87.0,1032.0,285.0,222.0,990,0
5339457811,13105,文京区,35.72604166666667,139.7265625,2201,172.0,1455.0,410.0,121.0,1467,0
5339457812,13105,文京区,35.72604166666667,139.7296875,2077,158.0,1408.0,441.0,142.0,1265,0
5339457813,13116,豊島区,35.728125,139.7265625,2415,181.0,1793.0,399.0,176.0,1617,0
5339457814,13116,豊島区,35.728125,139.7296875,2335,152.0,1570.0,575.0,216.0,1489,0
5339457821,13116,豊島区,35.72604166666667,139.7328125,1486,94.0,1050.0,307.0,140.0,922,0
5339457822,13105,文京区,35.72604166666667,139.7359375,1459,158.0,955.0,313.0,95.0,755,0
5339457823,13116,豊島区,35.728125,139.7328125,2302,253.0,1636.0,378.0,199.0,1402,0
5339457824,13116,豊島区,35.728125,139.7359375,1327,160.0,838.0,300.0,99.0,688,0
5339457831,13116,豊島区,35.73020833333334,139.7265625,2171,187.0,1550.0,392.0,246.0,1445,0
5339457832,13116,豊島区,35.73020833333334,139.7296875,1487,90.0,959.0,417.0,188.0,963,0
5339457833,13116,豊島区,35.73229166666667,139.7265625,1454,74.0,1173.0,167.0,347.0,1112,0
5339457834,13116,豊島区,35.73229166666667,139.7296875,1437,74.0,1097.0,221.0,214.0,1041,0
5339457841,13116,豊島区,35.73020833333334,139.7328125,2466,124.0,1883.0,408.0,412.0,1799,0
5339457842,13116,豊島区,35.73020833333334,139.7359375,1830,131.0,1271.0,357.0,166.0,1209,0
5339457843,13116,豊島区,35.73229166666667,139.7328125,1576,177.0,1112.0,264.0,129.0,886,0
5339457844,13116,豊島区,35.73229166666667,139.7359375,1915,153.0,1414.0,317.0,220.0,1218,0
5339457911,13105,文京区,35.72604166666667,139.73906250000002,1780,240.0,1078.0,377.0,37.0,926,0
5339457912,13105,文京区,35.72604166666667,139.74218750000003,2104,255.0,1404.0,348.0,40.0,1004,0
5339457913,13105,文京区,35.728125,139.73906250000002,1848,217.0,1176.0,355.0,36.0,1003,0
5339457914,13105,文京区,35.728125,139.74218750000003,2367,243.0,1586.0,349.0,64.0,1411,0
5339457921,13105,文京区,35.72604166666667,139.7453125,1775,232.0,1204.0,250.0,28.0,924,0
5339457922,13105,文京区,35.72604166666667,139.74843750000002,1675,175.0,1082.0,308.0,42.0,935,0
5339457923,13105,文京区,35.728125,139.7453125,1278,145.0,832.0,213.0,19.0,703,0
5339457924,13105,文京区,35.728125,139.74843750000002,1456,234.0,887.0,279.0,93.0,730,0
5339457931,13105,文京区,35.73020833333334,139.73906250000002,1762,166.0,1139.0,307.0,98.0,1021,0
5339457932,13105,文京区,35.73020833333334,139.74218750000003,1988,188.0,1361.0,321.0,110.0,1187,0
5339457933,13116,豊島区,35.73229166666667,139.73906250000002,1612,118.0,1119.0,316.0,158.0,1113,0
5339457934,13116,豊島区,35.73229166666667,139.74218750000003,1167,131.0,797.0,218.0,104.0,611,0
5339457941,13105,文京区,35.73020833333334,139.7453125,1283,242.0,773.0,221.0,29.0,603,0
5339457942,13105,文京区,35.73020833333334,139.74843750000002,1075,225.0,631.0,165.0,29.0,538,0
5339457943,13105,文京区,35.73229166666667,139.7453125,146,18.0,78.0,41.0,5.0,73,0
5339457944,13105,文京区,35.73229166666667,139.74843750000002,1531,204.0,975.0,272.0,61.0,815,0
5339458011,13120,練馬区,35.73437500000001,139.6265625,1252,120.0,761.0,336.0,39.0,649,0
5339458012,13114,中野区,35.73437500000001,139.62968750000002,1519,138.0,993.0,345.0,45.0,868,0
5339458013,13120,練馬区,35.73645833333334,139.6265625,1685,128.0,1077.0,314.0,56.0,963,0
5339458014,13120,練馬区,35.73645833333334,139.62968750000002,1554,166.0,1039.0,254.0,26.0,934,0
5339458021,13114,中野区,35.73437500000001,139.6328125,1446,144.0,861.0,412.0,30.0,698,0
5339458022,13120,練馬区,35.73437500000001,139.6359375,881,98.0,529.0,220.0,14.0,472,0
5339458023,13120,練馬区,35.73645833333334,139.6328125,1710,204.0,1101.0,337.0,22.0,922,0
5339458024,13120,練馬区,35.73645833333334,139.6359375,1556,191.0,1076.0,208.0,51.0,887,0
5339458031,13120,練馬区,35.73854166666668,139.6265625,875,101.0,542.0,162.0,5.0,471,0
5339458032,13120,練馬区,35.73854166666668,139.62968750000002,1528,135.0,1022.0,289.0,53.0,945,0
5339458033,13120,練馬区,35.74062500000001,139.6265625,968,102.0,606.0,229.0,12.0,474,0
5339458034,13120,練馬区,35.74062500000001,139.62968750000002,1113,115.0,654.0,300.0,21.0,565,0
5339458041,13120,練馬区,35.73854166666668,139.6328125,1679,225.0,1014.0,369.0,41.0,913,0
5339458042,13120,練馬区,35.73854166666668,139.6359375,1358,150.0,852.0,298.0,33.0,724,0
5339458043,13120,練馬区,35.74062500000001,139.6328125,1350,123.0,817.0,335.0,26.0,776,0
5339458044,13120,練馬区,35.74062500000001,139.6359375,1737,146.0,1205.0,275.0,42.0,1094,0
5339458111,13120,練馬区,35.73437500000001,139.6390625,1742,177.0,1139.0,312.0,53.0,1017,0
5339458112,13120,練馬区,35.73437500000001,139.6421875,1420,166.0,945.0,238.0,35.0,771,0
5339458113,13120,練馬区,35.73645833333334,139.6390625,1821,135.0,1193.0,376.0,37.0,1121,0
5339458114,13120,練馬区,35.73645833333334,139.6421875,1484,156.0,1066.0,171.0,60.0,898,0
5339458121,13120,練馬区,35.73437500000001,139.6453125,1882,355.0,1230.0,248.0,20.0,800,0
5339458122,13120,練馬区,35.73437500000001,139.6484375,1394,154.0,926.0,268.0,27.0,741,0
5339458123,13120,練馬区,35.73645833333334,139.6453125,1815,206.0,1247.0,283.0,114.0,1109,0
5339458124,13120,練馬区,35.73645833333334,139.6484375,3024,254.0,2055.0,500.0,138.0,1900,0
5339458131,13120,練馬区,35.73854166666668,139.6390625,1010,74.0,719.0,168.0,14.0,606,0
5339458132,13120,練馬区,35.73854166666668,139.6421875,1666,160.0,1139.0,264.0,36.0,1054,0
5339458133,13120,練馬区,35.74062500000001,139.6390625,1214,172.0,817.0,190.0,11.0,586,0
5339458134,13120,練馬区,35.74062500000001,139.6421875,1088,124.0,626.0,312.0,17.0,473,0
5339458141,13120,練馬区,35.73854166666668,139.6453125,953,153.0,656.0,110.0,25.0,461,0
5339458142,13120,練馬区,35.73854166666668,139.6484375,1564,123.0,1111.0,224.0,57.0,1024,0
5339458143,13120,練馬区,35.74062500000001,139.6453125,732,79.0,420.0,198.0,9.0,374,0
5339458144,13120,練馬区,35.74062500000001,139.6484375,1466,103.0,978.0,261.0,48.0,949,0
5339458211,13120,練馬区,35.73437500000001,139.6515625,1564,208.0,1068.0,157.0,63.0,979,0
5339458212,13120,練馬区,35.73437500000001,139.65468750000002,2016,155.0,1319.0,420.0,62.0,1240,0
5339458213,13120,練馬区,35.73645833333334,139.6515625,2807,225.0,1926.0,453.0,121.0,1688,0
5339458214,13120,練馬区,35.73645833333334,139.65468750000002,1781,93.0,1275.0,204.0,61.0,1325,0
5339458221,13120,練馬区,35.73437500000001,139.6578125,1635,137.0,1175.0,213.0,55.0,1037,0
5339458222,13120,練馬区,35.73437500000001,139.66093750000002,1847,142.0,1323.0,283.0,93.0,1251,0
5339458223,13120,練馬区,35.73645833333334,139.6578125,1985,152.0,1390.0,300.0,103.0,1323,0
5339458224,13120,練馬区,35.73645833333334,139.66093750000002,1699,135.0,1189.0,270.0,88.0,1121,0
5339458231,13120,練馬区,35.73854166666668,139.6515625,1344,106.0,874.0,241.0,34.0,871,0
5339458232,13120,練馬区,35.73854166666668,139.65468750000002,962,67.0,658.0,155.0,31.0,587,0
5339458233,13120,練馬区,35.74062500000001,139.6515625,918,82.0,561.0,204.0,14.0,547,0
5339458234,13120,練馬区,35.74062500000001,139.65468750000002,1285,97.0,793.0,306.0,45.0,806,0
5339458241,13120,練馬区,35.73854166666668,139.6578125,1885,99.0,1360.0,274.0,55.0,1320,0
5339458242,13120,練馬区,35.73854166666668,139.66093750000002,2634,168.0,1795.0,484.0,85.0,1750,0
5339458243,13120,練馬区,35.74062500000001,139.6578125,1311,87.0,863.0,275.0,23.0,774,0
5339458244,13120,練馬区,35.74062500000001,139.66093750000002,1322,144.0,846.0,275.0,42.0,771,0
5339458311,13120,練馬区,35.73437500000001,139.6640625,1237,80.0,942.0,98.0,85.0,868,0
5339458312,13120,練馬区,35.73437500000001,139.6671875,1576,127.0,1075.0,233.0,61.0,1029,0
5339458313,13120,練馬区,35.73645833333334,139.6640625,1767,88.0,1242.0,308.0,104.0,1215,0
5339458314,13120,練馬区,35.73645833333334,139.6671875,176,9.0,117.0,40.0,1.0,111,0
5339458321,13120,練馬区,35.73437500000001,139.6703125,1688,109.0,1179.0,264.0,73.0,1113,0
5339458322,13120,練馬区,35.73437500000001,139.6734375,2047,149.0,1425.0,317.0,85.0,1365,0
5339458323,13120,練馬区,35.73645833333334,139.6703125,1795,105.0,1256.0,226.0,59.0,1290,0
5339458324,13120,練馬区,35.73645833333334,139.6734375,1465,83.0,993.0,225.0,35.0,994,0
5339458331,13120,練馬区,35.73854166666668,139.6640625,2052,150.0,1445.0,324.0,86.0,1316,0
5339458332,13120,練馬区,35.73854166666668,139.6671875,1219,78.0,854.0,201.0,60.0,845,0
5339458333,13120,練馬区,35.74062500000001,139.6640625,1429,99.0,970.0,268.0,40.0,866,0
5339458334,13120,練馬区,35.74062500000001,139.6671875,1682,220.0,1140.0,228.0,44.0,961,0
5339458341,13120,練馬区,35.73854166666668,139.6703125,1715,112.0,1194.0,272.0,54.0,1107,0
5339458342,13120,練馬区,35.73854166666668,139.6734375,1286,115.0,830.0,208.0,31.0,831,0
5339458343,13120,練馬区,35.74062500000001,139.6703125,1201,67.0,758.0,261.0,41.0,818,0
5339458344,13120,練馬区,35.74062500000001,139.6734375,1217,50.0,814.0,223.0,27.0,855,0
5339458411,13120,練馬区,35.73437500000001,139.67656250000002,1314,73.0,908.0,244.0,32.0,897,0
5339458412,13116,豊島区,35.73437500000001,139.67968750000003,1449,131.0,967.0,303.0,68.0,843,0
5339458413,13120,練馬区,35.73645833333334,139.67656250000002,873,61.0,532.0,214.0,35.0,543,0
5339458414,13120,練馬区,35.73645833333334,139.67968750000003,1185,75.0,803.0,232.0,38.0,779,0
5339458421,13116,豊島区,35.73437500000001,139.6828125,1230,89.0,849.0,275.0,51.0,803,0
5339458422,13116,豊島区,35.73437500000001,139.68593750000002,1231,161.0,815.0,248.0,37.0,611,0
5339458423,13116,豊島区,35.73645833333334,139.6828125,1651,156.0,1152.0,328.0,42.0,842,0
5339458424,13116,豊島区,35.73645833333334,139.68593750000002,746,60.0,488.0,187.0,30.0,417,0
5339458431,13120,練馬区,35.73854166666668,139.67656250000002,1014,70.0,680.0,205.0,30.0,638,0
5339458432,13120,練馬区,35.73854166666668,139.67968750000003,1653,186.0,1055.0,313.0,37.0,906,0
5339458433,13120,練馬区,35.74062500000001,139.67656250000002,1412,122.0,1006.0,190.0,29.0,803,0
5339458434,13119,板橋区,35.74062500000001,139.67968750000003,1215,168.0,784.0,163.0,24.0,660,0
5339458441,13116,豊島区,35.73854166666668,139.6828125,572,44.0,372.0,118.0,17.0,362,0
5339458442,13116,豊島区,35.73854166666668,139.68593750000002,1737,118.0,1221.0,371.0,71.0,1088,0
5339458443,13119,板橋区,35.74062500000001,139.6828125,1142,89.0,811.0,172.0,18.0,703,0
5339458444,13119,板橋区,35.74062500000001,139.68593750000002,1153,96.0,773.0,212.0,38.0,668,0
5339458511,13116,豊島区,35.73437500000001,139.6890625,1261,138.0,860.0,247.0,38.0,729,0
5339458512,13116,豊島区,35.73437500000001,139.69218750000002,1700,146.0,1177.0,292.0,79.0,1012,0
5339458513,13116,豊島区,35.73645833333334,139.6890625,1491,128.0,973.0,368.0,80.0,874,0
5339458514,13116,豊島区,35.73645833333334,139.69218750000002,1111,67.0,781.0,247.0,39.0,725,0
5339458521,13116,豊島区,35.73437500000001,139.6953125,1107,94.0,790.0,201.0,58.0,665,0
5339458522,13116,豊島区,35.73437500000001,139.6984375,1791,110.0,1250.0,397.0,139.0,1174,0
5339458523,13116,豊島区,35.73645833333334,139.6953125,1476,154.0,983.0,312.0,42.0,837,0
5339458524,13116,豊島区,35.73645833333334,139.6984375,1592,101.0,1100.0,360.0,79.0,1022,0
5339458531,13116,豊島区,35.73854166666668,139.6890625,1005,50.0,712.0,226.0,39.0,680,0
5339458532,13116,豊島区,35.73854166666668,139.69218750000002,1217,120.0,809.0,263.0,15.0,649,0
5339458533,13116,豊島区,35.74062500000001,139.6890625,1090,108.0,674.0,284.0,23.0,535,0
5339458534,13116,豊島区,35.74062500000001,139.69218750000002,1194,120.0,777.0,276.0,35.0,714,0
5339458541,13116,豊島区,35.73854166666668,139.6953125,1784,185.0,1259.0,307.0,76.0,1063,0
5339458542,13116,豊島区,35.73854166666668,139.6984375,1516,171.0,1032.0,290.0,80.0,843,0
5339458543,13116,豊島区,35.74062500000001,139.6953125,1418,189.0,957.0,253.0,46.0,740,0
5339458544,13116,豊島区,35.74062500000001,139.6984375,1602,177.0,998.0,364.0,72.0,892,0
5339458611,13116,豊島区,35.73437500000001,139.7015625,1591,92.0,1170.0,295.0,193.0,1079,0
5339458612,13116,豊島区,35.73437500000001,139.7046875,1909,98.0,1391.0,379.0,341.0,1302,0
5339458613,13116,豊島区,35.73645833333334,139.7015625,1916,157.0,1346.0,326.0,229.0,1198,0
5339458614,13116,豊島区,35.73645833333334,139.7046875,1896,126.0,1326.0,379.0,261.0,1260,0
5339458621,13116,豊島区,35.73437500000001,139.7078125,2191,119.0,1667.0,365.0,505.0,1520,0
5339458622,13116,豊島区,35.73437500000001,139.7109375,1431,95.0,1121.0,182.0,285.0,999,0
5339458623,13116,豊島区,35.73645833333334,139.7078125,2552,127.0,2002.0,367.0,607.0,1850,0
5339458624,13116,豊島区,35.73645833333334,139.7109375,1972,81.0,1565.0,281.0,514.0,1450,0
5339458631,13116,豊島区,35.73854166666668,139.7015625,1349,86.0,908.0,293.0,81.0,870,0
5339458632,13119,板橋区,35.73854166666668,139.7046875,1784,123.0,1263.0,333.0,193.0,1158,0
5339458633,13119,板橋区,35.74062500000001,139.7015625,1517,146.0,971.0,340.0,84.0,850,0
5339458634,13119,板橋区,35.74062500000001,139.7046875,1466,143.0,1050.0,255.0,130.0,869,0
5339458641,13116,豊島区,35.73854166666668,139.7078125,1912,110.0,1376.0,390.0,352.0,1310,0
5339458642,13116,豊島区,35.73854166666668,139.7109375,1654,93.0,1347.0,182.0,290.0,1113,0
5339458643,13116,豊島区,35.74062500000001,139.7078125,1489,69.0,1143.0,228.0,238.0,1061,0
5339458644,13116,豊島区,35.74062500000001,139.7109375,1396,115.0,983.0,275.0,146.0,827,0
5339458711,13116,豊島区,35.73437500000001,139.7140625,562,11.0,272.0,275.0,62.0,234,0
5339458712,13116,豊島区,35.73437500000001,139.71718750000002,1326,81.0,1041.0,175.0,205.0,969,0
5339458713,13116,豊島区,35.73645833333334,139.7140625,1350,66.0,992.0,269.0,243.0,932,0
5339458714,13116,豊島区,35.73645833333334,139.71718750000002,1605,102.0,1083.0,384.0,119.0,1060,0
5339458721,13116,豊島区,35.73437500000001,139.7203125,1900,137.0,1306.0,412.0,270.0,1214,0
5339458722,13116,豊島区,35.73437500000001,139.72343750000002,2142,206.0,1462.0,430.0,277.0,1316,0
5339458723,13116,豊島区,35.73645833333334,139.7203125,1967,171.0,1350.0,379.0,285.0,1201,0
5339458724,13116,豊島区,35.73645833333334,139.72343750000002,2571,315.0,1911.0,308.0,227.0,1537,0
5339458731,13116,豊島区,35.73854166666668,139.7140625,1577,87.0,1097.0,351.0,255.0,1110,0
5339458732,13116,豊島区,35.73854166666668,139.71718750000002,1168,113.0,813.0,218.0,134.0,725,0
5339458733,13116,豊島区,35.74062500000001,139.7140625,1171,99.0,752.0,288.0,91.0,696,0
5339458734,13116,豊島区,35.74062500000001,139.71718750000002,1677,100.0,1202.0,340.0,199.0,1103,0
5339458741,13116,豊島区,35.73854166666668,139.7203125,2094,149.0,1476.0,436.0,189.0,1365,0
5339458742,13116,豊島区,35.73854166666668,139.72343750000002,3153,336.0,2228.0,539.0,268.0,1762,0
5339458743,13116,豊島区,35.74062500000001,139.7203125,1736,140.0,1188.0,376.0,113.0,1074,0
5339458744,13117,北区,35.74062500000001,139.72343750000002,2423,236.0,1681.0,483.0,168.0,1394,0
5339458811,13116,豊島区,35.73437500000001,139.7265625,3068,234.0,2329.0,456.0,505.0,2039,0
5339458812,13116,豊島区,35.73437500000001,139.7296875,2397,190.0,1704.0,463.0,316.0,1525,0
5339458813,13116,豊島区,35.73645833333334,139.7265625,1427,101.0,987.0,310.0,213.0,917,0
5339458814,13116,豊島区,35.73645833333334,139.7296875,1431,106.0,986.0,303.0,168.0,894,0
5339458821,13116,豊島区,35.73437500000001,139.7328125,1853,175.0,1214.0,437.0,150.0,979,0
5339458822,13116,豊島区,35.73437500000001,139.7359375,1874,157.0,1368.0,316.0,159.0,1156,0
5339458823,13116,豊島区,35.73645833333334,139.7328125,1677,159.0,1200.0,285.0,152.0,995,0
5339458824,13116,豊島区,35.73645833333334,139.7359375,1180,115.0,852.0,190.0,108.0,701,0
5339458831,13116,豊島区,35.73854166666668,139.7265625,1710,187.0,1082.0,404.0,106.0,917,0
5339458832,13116,豊島区,35.73854166666668,139.7296875,2220,134.0,1551.0,494.0,270.0,1095,0
5339458833,13116,豊島区,35.74062500000001,139.7265625,1287,118.0,881.0,268.0,68.0,818,0
5339458834,13116,豊島区,35.74062500000001,139.7296875,2111,214.0,1414.0,456.0,121.0,1157,0
5339458841,13116,豊島区,35.73854166666668,139.7328125,2049,198.0,1367.0,431.0,121.0,1208,0
5339458842,13116,豊島区,35.73854166666668,139.7359375,286,20.0,185.0,80.0,7.0,154,0
5339458843,13116,豊島区,35.74062500000001,139.7328125,1782,203.0,1103.0,453.0,112.0,974,0
5339458844,13116,豊島区,35.74062500000001,139.7359375,953,74.0,447.0,415.0,36.0,433,0
5339458911,13116,豊島区,35.73437500000001,139.73906250000002,522,33.0,390.0,86.0,56.0,361,0
5339458912,13116,豊島区,35.73437500000001,139.74218750000003,1836,233.0,1193.0,372.0,52.0,909,0
5339458913,13116,豊島区,35.73645833333334,139.73906250000002,1003,208.0,670.0,113.0,34.0,462,0
5339458914,13116,豊島区,35.73645833333334,139.74218750000003,1948,271.0,1306.0,351.0,41.0,921,0
5339458921,13105,文京区,35.73437500000001,139.7453125,280,27.0,169.0,64.0,9.0,158,0
5339458922,13116,豊島区,35.73437500000001,139.74843750000002,2239,204.0,1550.0,417.0,132.0,1399,0
5339458923,13116,豊島区,35.73645833333334,139.7453125,1431,128.0,984.0,293.0,64.0,863,0
5339458924,13116,豊島区,35.73645833333334,139.74843750000002,1536,92.0,1004.0,418.0,115.0,962,0
5339458931,13116,豊島区,35.73854166666668,139.73906250000002,908,117.0,607.0,171.0,27.0,444,0
5339458932,13116,豊島区,35.73854166666668,139.74218750000003,1679,321.0,1058.0,273.0,81.0,783,0
5339458933,13116,豊島区,35.74062500000001,139.73906250000002,1170,99.0,694.0,355.0,34.0,643,0
5339458934,13116,豊島区,35.74062500000001,139.74218750000003,1885,163.0,1227.0,458.0,110.0,1111,0
5339458941,13116,豊島区,35.73854166666668,139.7453125,1610,122.0,1101.0,366.0,93.0,938,0
5339458942,13117,北区,35.73854166666668,139.74843750000002,1955,115.0,1408.0,409.0,195.0,1285,0
5339458943,13117,北区,35.74062500000001,139.7453125,1604,138.0,1087.0,376.0,135.0,927,0
5339458944,13117,北区,35.74062500000001,139.74843750000002,1897,162.0,1402.0,333.0,132.0,1092,0
5339459011,13120,練馬区,35.74270833333334,139.6265625,768,81.0,464.0,178.0,13.0,383,0
5339459012,13120,練馬区,35.74270833333334,139.62968750000002,1105,124.0,690.0,239.0,13.0,564,0
5339459013,13120,練馬区,35.74479166666667,139.6265625,834,87.0,541.0,174.0,27.0,399,0
5339459014,13120,練馬区,35.74479166666667,139.62968750000002,628,56.0,392.0,165.0,7.0,269,0
5339459021,13120,練馬区,35.74270833333334,139.6328125,1119,127.0,674.0,242.0,30.0,614,0
5339459022,13120,練馬区,35.74270833333334,139.6359375,1611,205.0,1069.0,291.0,43.0,813,0
5339459023,13120,練馬区,35.74479166666667,139.6328125,1035,127.0,669.0,198.0,18.0,543,0
5339459024,13120,練馬区,35.74479166666667,139.6359375,1094,133.0,659.0,249.0,17.0,526,0
5339459031,13120,練馬区,35.74687500000001,139.6265625,1011,121.0,597.0,269.0,21.0,354,0
5339459032,13120,練馬区,35.74687500000001,139.62968750000002,1222,188.0,691.0,327.0,34.0,405,0
5339459033,13120,練馬区,35.74895833333334,139.6265625,680,118.0,450.0,102.0,3.0,257,0
5339459034,13120,練馬区,35.74895833333334,139.62968750000002,853,133.0,546.0,166.0,7.0,313,0
5339459041,13120,練馬区,35.74687500000001,139.6328125,859,147.0,569.0,124.0,11.0,374,0
5339459042,13120,練馬区,35.74687500000001,139.6359375,737,111.0,489.0,125.0,10.0,307,0
5339459043,13120,練馬区,35.74895833333334,139.6328125,590,93.0,390.0,90.0,15.0,237,0
5339459044,13120,練馬区,35.74895833333334,139.6359375,969,98.0,681.0,159.0,25.0,509,0
5339459111,13120,練馬区,35.74270833333334,139.6390625,1308,180.0,829.0,253.0,20.0,638,0
5339459112,13120,練馬区,35.74270833333334,139.6421875,992,91.0,628.0,244.0,12.0,521,0
5339459113,13120,練馬区,35.74479166666667,139.6390625,1069,116.0,632.0,289.0,19.0,500,0
5339459114,13120,練馬区,35.74479166666667,139.6421875,420,50.0,254.0,97.0,18.0,201,0
5339459121,13120,練馬区,35.74270833333334,139.6453125,399,50.0,225.0,115.0,5.0,173,0
5339459122,13120,練馬区,35.74270833333334,139.6484375,1511,147.0,970.0,297.0,32.0,831,0
5339459124,13120,練馬区,35.74479166666667,139.6484375,897,87.0,621.0,151.0,19.0,492,0
5339459131,13120,練馬区,35.74687500000001,139.6390625,760,125.0,498.0,122.0,7.0,305,0
5339459132,13120,練馬区,35.74687500000001,139.6421875,759,83.0,461.0,191.0,14.0,369,0
5339459133,13120,練馬区,35.74895833333334,139.6390625,974,81.0,652.0,197.0,16.0,548,0
5339459134,13120,練馬区,35.74895833333334,139.6421875,975,101.0,626.0,185.0,25.0,534,0
5339459141,13120,練馬区,35.74687500000001,139.6453125,585,73.0,393.0,99.0,13.0,288,0
5339459142,13120,練馬区,35.74687500000001,139.6484375,1426,113.0,1011.0,240.0,37.0,779,0
5339459143,13120,練馬区,35.74895833333334,139.6453125,1027,128.0,701.0,175.0,24.0,498,0
5339459144,13120,練馬区,35.74895833333334,139.6484375,1477,211.0,972.0,239.0,35.0,695,0
5339459211,13120,練馬区,35.74270833333334,139.6515625,476,19.0,242.0,177.0,12.0,251,0
5339459212,13120,練馬区,35.74270833333334,139.65468750000002,967,67.0,580.0,271.0,17.0,571,0
5339459213,13120,練馬区,35.74479166666667,139.6515625,863,110.0,486.0,227.0,9.0,428,0
5339459214,13120,練馬区,35.74479166666667,139.65468750000002,815,82.0,495.0,199.0,15.0,457,0
5339459221,13120,練馬区,35.74270833333334,139.6578125,1025,91.0,570.0,335.0,22.0,509,0
5339459222,13120,練馬区,35.74270833333334,139.66093750000002,1194,118.0,796.0,223.0,23.0,687,0
5339459223,13120,練馬区,35.74479166666667,139.6578125,1202,175.0,779.0,187.0,24.0,589,0
5339459224,13120,練馬区,35.74479166666667,139.66093750000002,1054,135.0,660.0,225.0,20.0,531,0
5339459231,13120,練馬区,35.74687500000001,139.6515625,1093,147.0,697.0,219.0,21.0,458,0
5339459232,13120,練馬区,35.74687500000001,139.65468750000002,599,57.0,382.0,136.0,15.0,327,0
5339459233,13120,練馬区,35.74895833333334,139.6515625,1100,155.0,605.0,311.0,17.0,515,0
5339459234,13120,練馬区,35.74895833333334,139.65468750000002,1068,109.0,696.0,225.0,19.0,518,0
5339459241,13120,練馬区,35.74687500000001,139.6578125,1055,174.0,683.0,179.0,31.0,439,0
5339459242,13120,練馬区,35.74687500000001,139.66093750000002,1005,111.0,620.0,241.0,23.0,489,0
5339459243,13120,練馬区,35.74895833333334,139.6578125,840,86.0,526.0,191.0,19.0,450,0
5339459244,13120,練馬区,35.74895833333334,139.66093750000002,1151,100.0,765.0,249.0,29.0,610,0
5339459311,13120,練馬区,35.74270833333334,139.6640625,1344,137.0,882.0,273.0,17.0,730,0
5339459312,13120,練馬区,35.74270833333334,139.6671875,1110,91.0,614.0,360.0,34.0,568,0
5339459313,13120,練馬区,35.74479166666667,139.6640625,1098,129.0,636.0,308.0,25.0,524,0
5339459314,13120,練馬区,35.74479166666667,139.6671875,1281,137.0,823.0,240.0,24.0,710,0
5339459321,13120,練馬区,35.74270833333334,139.6703125,1302,77.0,889.0,237.0,26.0,849,0
5339459322,13120,練馬区,35.74270833333334,139.6734375,1171,98.0,730.0,287.0,18.0,675,0
5339459323,13120,練馬区,35.74479166666667,139.6703125,1397,118.0,949.0,265.0,47.0,769,0
5339459324,13120,練馬区,35.74479166666667,139.6734375,1186,95.0,844.0,161.0,42.0,741,0
5339459331,13120,練馬区,35.74687500000001,139.6640625,1378,166.0,946.0,211.0,16.0,720,0
5339459332,13120,練馬区,35.74687500000001,139.6671875,1322,152.0,890.0,240.0,29.0,655,0
5339459333,13120,練馬区,35.74895833333334,139.6640625,1156,107.0,746.0,249.0,24.0,618,0
5339459334,13120,練馬区,35.74895833333334,139.6671875,1054,91.0,726.0,150.0,18.0,590,0
5339459341,13120,練馬区,35.74687500000001,139.6703125,984,96.0,633.0,214.0,19.0,495,0
5339459342,13119,板橋区,35.74687500000001,139.6734375,1059,99.0,710.0,198.0,40.0,558,0
5339459343,13120,練馬区,35.74895833333334,139.6703125,1332,153.0,852.0,266.0,38.0,719,0
5339459344,13120,練馬区,35.74895833333334,139.6734375,877,124.0,559.0,153.0,34.0,434,0
5339459411,13120,練馬区,35.74270833333334,139.67656250000002,1063,93.0,757.0,155.0,45.0,542,0
5339459412,13120,練馬区,35.74270833333334,139.67968750000003,1067,112.0,694.0,191.0,29.0,633,0
5339459413,13120,練馬区,35.74479166666667,139.67656250000002,1219,77.0,867.0,173.0,37.0,826,0
5339459414,13119,板橋区,35.74479166666667,139.67968750000003,1176,75.0,795.0,215.0,51.0,756,0
5339459421,13119,板橋区,35.74270833333334,139.6828125,1370,160.0,993.0,162.0,56.0,738,0
5339459422,13119,板橋区,35.74270833333334,139.68593750000002,1301,126.0,864.0,246.0,47.0,710,0
5339459423,13119,板橋区,35.74479166666667,139.6828125,1516,150.0,852.0,466.0,43.0,673,0
5339459424,13119,板橋区,35.74479166666667,139.68593750000002,1254,98.0,821.0,272.0,49.0,732,0
5339459431,13119,板橋区,35.74687500000001,139.67656250000002,2012,119.0,1422.0,374.0,74.0,1192,0
5339459432,13119,板橋区,35.74687500000001,139.67968750000003,1244,101.0,850.0,226.0,20.0,741,0
5339459433,13119,板橋区,35.74895833333334,139.67656250000002,1309,137.0,930.0,190.0,48.0,680,0
5339459434,13119,板橋区,35.74895833333334,139.67968750000003,1414,132.0,1020.0,212.0,29.0,773,0
5339459441,13119,板橋区,35.74687500000001,139.6828125,792,91.0,473.0,213.0,4.0,340,0
5339459442,13119,板橋区,35.74687500000001,139.68593750000002,1946,246.0,1134.0,495.0,60.0,986,0
5339459443,13119,板橋区,35.74895833333334,139.6828125,1651,174.0,1095.0,321.0,46.0,856,0
5339459444,13119,板橋区,35.74895833333334,139.68593750000002,1125,92.0,696.0,279.0,27.0,616,0
5339459511,13119,板橋区,35.74270833333334,139.6890625,1140,97.0,761.0,209.0,19.0,638,0
5339459512,13116,豊島区,35.74270833333334,139.69218750000002,1458,121.0,930.0,369.0,37.0,814,0
5339459513,13119,板橋区,35.74479166666667,139.6890625,1278,133.0,719.0,358.0,28.0,651,0
5339459514,13119,板橋区,35.74479166666667,139.69218750000002,1470,151.0,957.0,323.0,39.0,803,0
5339459521,13119,板橋区,35.74270833333334,139.6953125,1463,153.0,909.0,362.0,46.0,803,0
5339459522,13119,板橋区,35.74270833333334,139.6984375,1446,130.0,886.0,380.0,54.0,751,0
5339459523,13119,板橋区,35.74479166666667,139.6953125,1693,204.0,860.0,613.0,117.0,864,0
5339459524,13119,板橋区,35.74479166666667,139.6984375,1300,109.0,825.0,304.0,59.0,742,0
5339459531,13119,板橋区,35.74687500000001,139.6890625,1335,115.0,804.0,369.0,43.0,744,0
5339459532,13119,板橋区,35.74687500000001,139.69218750000002,1021,92.0,595.0,258.0,42.0,601,0
5339459533,13119,板橋区,35.74895833333334,139.6890625,1088,137.0,660.0,273.0,36.0,529,0
5339459534,13119,板橋区,35.74895833333334,139.69218750000002,802,94.0,463.0,219.0,26.0,410,0
5339459541,13119,板橋区,35.74687500000001,139.6953125,1437,167.0,1016.0,242.0,91.0,809,0
5339459542,13119,板橋区,35.74687500000001,139.6984375,1992,246.0,1253.0,434.0,132.0,1020,0
5339459543,13119,板橋区,35.74895833333334,139.6953125,1518,92.0,1055.0,310.0,119.0,952,0
5339459544,13119,板橋区,35.74895833333334,139.6984375,1233,115.0,795.0,250.0,86.0,757,0
5339459611,13119,板橋区,35.74270833333334,139.7015625,1823,201.0,1159.0,365.0,123.0,1028,0
5339459612,13119,板橋区,35.74270833333334,139.7046875,1797,203.0,1220.0,294.0,131.0,988,0
5339459613,13119,板橋区,35.74479166666667,139.7015625,2164,180.0,1408.0,449.0,168.0,1258,0
5339459614,13119,板橋区,35.74479166666667,139.7046875,1867,182.0,1212.0,390.0,122.0,1063,0
5339459621,13119,板橋区,35.74270833333334,139.7078125,2316,213.0,1538.0,419.0,218.0,1343,0
5339459622,13116,豊島区,35.74270833333334,139.7109375,1448,108.0,1015.0,304.0,221.0,892,0
5339459623,13119,板橋区,35.74479166666667,139.7078125,2147,156.0,1476.0,375.0,165.0,1409,0
5339459624,13116,豊島区,35.74479166666667,139.7109375,1928,158.0,1229.0,488.0,138.0,1174,0
5339459631,13119,板橋区,35.74687500000001,139.7015625,1939,143.0,1385.0,335.0,154.0,1220,0
5339459632,13119,板橋区,35.74687500000001,139.7046875,1934,131.0,1264.0,489.0,72.0,1169,0
5339459633,13119,板橋区,35.74895833333334,139.7015625,1931,178.0,1248.0,368.0,100.0,1177,0
5339459634,13119,板橋区,35.74895833333334,139.7046875,1499,84.0,1034.0,310.0,87.0,981,0
5339459641,13119,板橋区,35.74687500000001,139.7078125,1631,120.0,1143.0,315.0,105.0,965,0
5339459642,13119,板橋区,35.74687500000001,139.7109375,933,53.0,717.0,112.0,29.0,667,0
5339459643,13119,板橋区,35.74895833333334,139.7078125,2429,200.0,1741.0,397.0,142.0,1547,0
5339459644,13119,板橋区,35.74895833333334,139.7109375,1481,112.0,1014.0,260.0,78.0,947,0
5339459711,13116,豊島区,35.74270833333334,139.7140625,1465,123.0,939.0,377.0,94.0,863,0
5339459712,13116,豊島区,35.74270833333334,139.71718750000002,2626,257.0,1793.0,542.0,103.0,1350,0
5339459713,13116,豊島区,35.74479166666667,139.7140625,1385,112.0,930.0,315.0,85.0,822,0
5339459714,13116,豊島区,35.74479166666667,139.71718750000002,3690,715.0,2435.0,499.0,112.0,1656,0
5339459721,13117,北区,35.74270833333334,139.7203125,2230,213.0,1585.0,420.0,199.0,1293,0
5339459722,13117,北区,35.74270833333334,139.72343750000002,1643,134.0,1135.0,374.0,153.0,861,0
5339459723,13117,北区,35.74479166666667,139.7203125,1963,178.0,1468.0,310.0,160.0,1142,0
5339459724,13117,北区,35.74479166666667,139.72343750000002,1957,159.0,1371.0,420.0,105.0,1081,0
5339459731,13119,板橋区,35.74687500000001,139.7140625,1127,90.0,740.0,264.0,65.0,652,0
5339459732,13119,板橋区,35.74687500000001,139.71718750000002,2418,150.0,1709.0,368.0,148.0,1590,0
5339459733,13119,板橋区,35.74895833333334,139.7140625,1745,99.0,1219.0,239.0,192.0,1258,0
5339459734,13119,板橋区,35.74895833333334,139.71718750000002,2151,126.0,1371.0,439.0,159.0,1381,0
5339459741,13119,板橋区,35.74687500000001,139.7203125,2777,217.0,1847.0,478.0,178.0,1763,0
5339459742,13117,北区,35.74687500000001,139.72343750000002,2372,190.0,1635.0,526.0,135.0,1375,0
5339459743,13119,板橋区,35.74895833333334,139.7203125,2026,201.0,1373.0,340.0,150.0,1224,0
5339459744,13117,北区,35.74895833333334,139.72343750000002,738,84.0,550.0,100.0,67.0,423,0
5339459811,13116,豊島区,35.74270833333334,139.7265625,1704,171.0,1190.0,328.0,79.0,964,0
5339459812,13116,豊島区,35.74270833333334,139.7296875,1221,93.0,841.0,269.0,45.0,753,0
5339459813,13117,北区,35.74479166666667,139.7265625,1793,288.0,1254.0,250.0,85.0,868,0
5339459814,13116,豊島区,35.74479166666667,139.7296875,1660,103.0,1171.0,377.0,74.0,1064,0
5339459821,13117,北区,35.74270833333334,139.7328125,1637,137.0,1073.0,408.0,66.0,935,0
5339459822,13117,北区,35.74270833333334,139.7359375,1204,209.0,834.0,161.0,66.0,555,0
5339459823,13117,北区,35.74479166666667,139.7328125,1511,154.0,993.0,355.0,55.0,868,0
5339459824,13117,北区,35.74479166666667,139.7359375,1654,182.0,1008.0,456.0,65.0,839,0
5339459831,13117,北区,35.74687500000001,139.7265625,2152,195.0,1441.0,499.0,78.0,1174,0
5339459832,13117,北区,35.74687500000001,139.7296875,1306,106.0,920.0,265.0,44.0,769,0
5339459833,13117,北区,35.74895833333334,139.7265625,1894,308.0,1241.0,344.0,79.0,841,0
5339459834,13117,北区,35.74895833333334,139.7296875,1782,269.0,994.0,519.0,82.0,869,0
5339459841,13117,北区,35.74687500000001,139.7328125,1404,135.0,926.0,338.0,44.0,805,0
5339459842,13117,北区,35.74687500000001,139.7359375,1275,100.0,812.0,363.0,51.0,677,0
5339459843,13117,北区,35.74895833333334,139.7328125,1831,195.0,1167.0,464.0,61.0,966,0
5339459844,13117,北区,35.74895833333334,139.7359375,1423,131.0,961.0,330.0,43.0,690,0
5339459911,13117,北区,35.74270833333334,139.73906250000002,1601,161.0,988.0,440.0,61.0,833,0
5339459912,13117,北区,35.74270833333334,139.74218750000003,1503,198.0,911.0,391.0,56.0,751,0
5339459913,13117,北区,35.74479166666667,139.73906250000002,1513,202.0,919.0,385.0,43.0,688,0
5339459914,13117,北区,35.74479166666667,139.74218750000003,1274,160.0,780.0,334.0,20.0,596,0
5339459921,13117,北区,35.74270833333334,139.7453125,966,107.0,581.0,278.0,29.0,482,0
5339459922,13117,北区,35.74270833333334,139.74843750000002,1093,84.0,700.0,307.0,76.0,625,0
5339459923,13117,北区,35.74479166666667,139.7453125,857,96.0,512.0,249.0,30.0,439,0
5339459924,13117,北区,35.74479166666667,139.74843750000002,1121,124.0,677.0,320.0,45.0,565,0
5339459931,13117,北区,35.74687500000001,139.73906250000002,1505,162.0,989.0,350.0,52.0,775,0
5339459932,13117,北区,35.74687500000001,139.74218750000003,466,45.0,298.0,123.0,23.0,239,0
5339459933,13117,北区,35.74895833333334,139.73906250000002,807,60.0,512.0,233.0,40.0,443,0
5339459934,13117,北区,35.74895833333334,139.74218750000003,458,39.0,300.0,114.0,21.0,258,0
5339459941,13117,北区,35.74687500000001,139.7453125,109,8.0,77.0,24.0,3.0,64,0
5339459942,13117,北区,35.74687500000001,139.74843750000002,1053,91.0,632.0,330.0,68.0,602,0
5339459943,13117,北区,35.74895833333334,139.7453125,1149,94.0,761.0,294.0,70.0,665,0
5339459944,13117,北区,35.74895833333334,139.74843750000002,926,84.0,593.0,249.0,73.0,522,0
5339460011,13103,港区,35.66770833333334,139.7515625,386,12.0,255.0,85.0,19.0,285,0
5339460012,13103,港区,35.66770833333334,139.75468750000002,116,8.0,65.0,49.0,4.0,69,1
5339460013,13103,港区,35.66979166666667,139.7515625,134,9.0,73.0,28.0,2.0,103,0
5339460014,13102,中央区,35.66979166666667,139.75468750000002,6,,,,,2,2
5339460021,13103,港区,35.66770833333334,139.7578125,20,0.0,13.0,7.0,0.0,17,0
5339460022,13102,中央区,35.66770833333334,139.7609375,40,3.0,25.0,12.0,1.0,26,0
5339460023,13102,中央区,35.66979166666667,139.7578125,4,,,,,4,2
5339460024,13102,中央区,35.66979166666667,139.7609375,37,4.0,21.0,18.0,0.0,22,1
5339460034,13101,千代田区,35.67395833333334,139.75468750000002,3,,,,,3,2
5339460042,13101,千代田区,35.67187500000001,139.7609375,12,,,,,6,2
5339460044,13101,千代田区,35.67395833333334,139.7609375,10,3.0,7.0,12.0,1.0,9,1
5339460111,13102,中央区,35.66770833333334,139.7640625,122,7.0,88.0,27.0,16.0,89,0
5339460112,13102,中央区,35.66770833333334,139.7671875,159,4.0,126.0,28.0,23.0,120,0
5339460113,13102,中央区,35.66979166666667,139.7640625,20,1.0,14.0,5.0,0.0,11,0
5339460114,13102,中央区,35.66979166666667,139.7671875,99,5.0,54.0,40.0,1.0,61,0
5339460121,13102,中央区,35.66770833333334,139.7703125,629,49.0,475.0,105.0,27.0,423,0
5339460122,13102,中央区,35.66770833333334,139.7734375,757,63.0,584.0,110.0,18.0,478,0
5339460123,13102,中央区,35.66979166666667,139.7703125,521,47.0,400.0,74.0,11.0,346,0
5339460124,13102,中央区,35.66979166666667,139.7734375,1624,137.0,1234.0,253.0,51.0,1124,0
5339460131,13102,中央区,35.67187500000001,139.7640625,2,,,,,1,2
5339460132,13102,中央区,35.67187500000001,139.7671875,28,5.0,13.0,10.0,0.0,12,0
5339460134,13102,中央区,35.67395833333334,139.7671875,51,8.0,30.0,15.0,0.0,24,1
5339460141,13102,中央区,35.67187500000001,139.7703125,1360,52.0,1028.0,279.0,47.0,1041,0
5339460142,13102,中央区,35.67187500000001,139.7734375,1593,123.0,1197.0,273.0,61.0,974,0
5339460143,13102,中央区,35.67395833333334,139.7703125,563,51.0,404.0,108.0,2.0,273,0
5339460144,13102,中央区,35.67395833333334,139.7734375,594,39.0,448.0,99.0,17.0,365,0
5339460211,13102,中央区,35.66770833333334,139.7765625,712,55.0,501.0,156.0,36.0,456,0
5339460212,13102,中央区,35.66770833333334,139.77968750000002,940,152.0,695.0,93.0,21.0,508,0
5339460213,13102,中央区,35.66979166666667,139.7765625,2208,277.0,1508.0,423.0,81.0,1246,0
5339460214,13102,中央区,35.66979166666667,139.77968750000002,3026,406.0,2241.0,379.0,138.0,1690,0
5339460221,13102,中央区,35.66770833333334,139.7828125,667,47.0,433.0,186.0,10.0,325,0
5339460222,13102,中央区,35.66770833333334,139.78593750000002,4207,694.0,2782.0,731.0,184.0,1859,0
5339460223,13102,中央区,35.66979166666667,139.7828125,1662,278.0,1098.0,286.0,194.0,773,0
5339460224,13102,中央区,35.66979166666667,139.78593750000002,3707,496.0,2438.0,772.0,271.0,1842,0
5339460231,13102,中央区,35.67187500000001,139.7765625,1826,160.0,1458.0,208.0,47.0,1201,0
5339460232,13102,中央区,35.67187500000001,139.77968750000002,3019,470.0,2160.0,389.0,186.0,1566,0
5339460233,13102,中央区,35.67395833333334,139.7765625,855,61.0,667.0,127.0,33.0,551,0
5339460234,13102,中央区,35.67395833333334,139.77968750000002,1616,182.0,1168.0,261.0,85.0,955,0
5339460241,13102,中央区,35.67187500000001,139.7828125,627,87.0,437.0,103.0,25.0,321,0
5339460243,13102,中央区,35.67395833333334,139.7828125,2867,340.0,2156.0,371.0,181.0,1664,0
5339460244,13102,中央区,35.67395833333334,139.78593750000002,1,0.0,0.0,0.0,0.0,1,0
5339460312,13108,江東区,35.66770833333334,139.7921875,62,0.0,60.0,0.0,15.0,15,0
5339460313,13108,江東区,35.66979166666667,139.7890625,1470,225.0,919.0,323.0,43.0,618,0
5339460314,13108,江東区,35.66979166666667,139.7921875,1409,113.0,972.0,302.0,40.0,851,0
5339460321,13108,江東区,35.66770833333334,139.7953125,1785,191.0,1207.0,368.0,47.0,860,0
5339460322,13108,江東区,35.66770833333334,139.7984375,2081,244.0,1372.0,427.0,63.0,1002,0
5339460323,13108,江東区,35.66979166666667,139.7953125,1468,145.0,916.0,390.0,33.0,865,0
5339460324,13108,江東区,35.66979166666667,139.7984375,1487,140.0,871.0,427.0,38.0,899,0
5339460331,13108,江東区,35.67187500000001,139.7890625,204,14.0,155.0,25.0,4.0,133,0
5339460332,13108,江東区,35.67187500000001,139.7921875,1049,64.0,709.0,228.0,32.0,684,0
5339460333,13108,江東区,35.67395833333334,139.7890625,774,43.0,516.0,180.0,26.0,494,0
5339460334,13108,江東区,35.67395833333334,139.7921875,2021,143.0,1578.0,249.0,54.0,1369,0
5339460341,13108,江東区,35.67187500000001,139.7953125,1120,63.0,807.0,218.0,32.0,748,0
5339460342,13108,江東区,35.67187500000001,139.7984375,647,40.0,401.0,179.0,22.0,407,0
5339460343,13108,江東区,35.67395833333334,139.7953125,1742,134.0,1288.0,251.0,35.0,1176,0
5339460344,13108,江東区,35.67395833333334,139.7984375,829,50.0,589.0,162.0,43.0,552,0
5339460411,13108,江東区,35.66770833333334,139.80156250000002,1691,163.0,1213.0,293.0,24.0,882,0
5339460412,13108,江東区,35.66770833333334,139.80468750000003,699,84.0,508.0,87.0,19.0,411,0
5339460413,13108,江東区,35.66979166666667,139.80156250000002,1491,82.0,1067.0,308.0,84.0,1011,0
5339460414,13108,江東区,35.66979166666667,139.80468750000003,1202,125.0,837.0,208.0,30.0,692,0
5339460421,13108,江東区,35.66770833333334,139.8078125,1738,204.0,1256.0,232.0,70.0,1013,0
5339460422,13108,江東区,35.66770833333334,139.81093750000002,1932,146.0,1430.0,294.0,142.0,1330,0
5339460423,13108,江東区,35.66979166666667,139.8078125,1700,155.0,1211.0,280.0,63.0,1033,0
5339460424,13108,江東区,35.66979166666667,139.81093750000002,1626,119.0,1142.0,303.0,83.0,1083,0
5339460431,13108,江東区,35.67187500000001,139.80156250000002,1468,94.0,1073.0,273.0,31.0,969,0
5339460432,13108,江東区,35.67187500000001,139.80468750000003,844,105.0,644.0,80.0,25.0,539,0
5339460433,13108,江東区,35.67395833333334,139.80156250000002,1966,226.0,1397.0,306.0,58.0,1079,0
5339460434,13108,江東区,35.67395833333334,139.80468750000003,1991,269.0,1371.0,323.0,129.0,1051,0
5339460441,13108,江東区,35.67187500000001,139.8078125,181,10.0,136.0,31.0,4.0,124,0
5339460442,13108,江東区,35.67187500000001,139.81093750000002,1442,116.0,952.0,321.0,38.0,844,0
5339460443,13108,江東区,35.67395833333334,139.8078125,707,196.0,469.0,40.0,43.0,265,0
5339460444,13108,江東区,35.67395833333334,139.81093750000002,837,103.0,598.0,126.0,27.0,465,0
5339460511,13108,江東区,35.66770833333334,139.8140625,1376,218.0,998.0,139.0,174.0,707,0
5339460512,13108,江東区,35.66770833333334,139.81718750000002,1503,206.0,835.0,462.0,51.0,701,0
5339460513,13108,江東区,35.66979166666667,139.8140625,1454,87.0,838.0,504.0,65.0,940,0
5339460514,13108,江東区,35.66979166666667,139.81718750000002,1569,199.0,877.0,485.0,50.0,769,0
5339460521,13108,江東区,35.66770833333334,139.8203125,742,84.0,452.0,193.0,45.0,387,0
5339460522,13108,江東区,35.66770833333334,139.8234375,91,0.0,91.0,0.0,0.0,91,0
5339460523,13108,江東区,35.66979166666667,139.8203125,1358,137.0,820.0,392.0,55.0,729,0
5339460524,13108,江東区,35.66979166666667,139.8234375,2633,293.0,1378.0,953.0,227.0,1274,0
5339460531,13108,江東区,35.67187500000001,139.8140625,1693,169.0,1055.0,426.0,60.0,969,0
5339460532,13108,江東区,35.67187500000001,139.81718750000002,1302,109.0,813.0,365.0,48.0,722,0
5339460533,13108,江東区,35.67395833333334,139.8140625,879,128.0,579.0,168.0,27.0,442,0
5339460534,13108,江東区,35.67395833333334,139.81718750000002,312,34.0,212.0,61.0,18.0,147,0
5339460541,13108,江東区,35.67187500000001,139.8203125,1502,140.0,881.0,476.0,34.0,674,0
5339460542,13108,江東区,35.67187500000001,139.8234375,3836,337.0,1920.0,1552.0,408.0,1999,0
5339460543,13108,江東区,35.67395833333334,139.8203125,1550,198.0,837.0,512.0,65.0,748,0
5339460544,13108,江東区,35.67395833333334,139.8234375,1849,190.0,1014.0,630.0,126.0,960,0
5339460612,13108,江東区,35.66770833333334,139.8296875,112,1.0,107.0,1.0,0.0,107,0
5339460613,13108,江東区,35.66979166666667,139.8265625,1172,170.0,712.0,288.0,79.0,486,0
5339460614,13108,江東区,35.66979166666667,139.8296875,353,14.0,141.0,198.0,11.0,232,0
5339460621,13108,江東区,35.66770833333334,139.8328125,2059,344.0,1391.0,324.0,61.0,817,0
5339460622,13108,江東区,35.66770833333334,139.8359375,920,158.0,657.0,105.0,21.0,352,0
5339460623,13108,江東区,35.66979166666667,139.8328125,993,119.0,616.0,255.0,23.0,457,0
5339460624,13108,江東区,35.66979166666667,139.8359375,1709,133.0,1285.0,286.0,21.0,987,0
5339460631,13108,江東区,35.67187500000001,139.8265625,1121,169.0,673.0,274.0,56.0,528,0
5339460632,13108,江東区,35.67187500000001,139.8296875,1541,141.0,804.0,595.0,36.0,751,0
5339460633,13108,江東区,35.67395833333334,139.8265625,2361,198.0,1572.0,558.0,68.0,1409,0
5339460634,13108,江東区,35.67395833333334,139.8296875,2049,233.0,1118.0,698.0,79.0,1052,0
5339460641,13108,江東区,35.67187500000001,139.8328125,1453,132.0,921.0,400.0,39.0,768,0
5339460642,13108,江東区,35.67187500000001,139.8359375,885,109.0,645.0,130.0,12.0,387,0
5339460643,13108,江東区,35.67395833333334,139.8328125,1894,287.0,1039.0,568.0,84.0,905,0
5339460644,13108,江東区,35.67395833333334,139.8359375,1425,201.0,730.0,494.0,48.0,719,0
5339460711,13108,江東区,35.66770833333334,139.8390625,1143,189.0,616.0,336.0,40.0,545,0
5339460712,13108,江東区,35.66770833333334,139.84218750000002,1658,316.0,1106.0,233.0,106.0,659,0
5339460713,13108,江東区,35.66979166666667,139.8390625,2877,318.0,1787.0,770.0,74.0,1295,0
5339460714,13108,江東区,35.66979166666667,139.84218750000002,708,82.0,426.0,197.0,2.0,337,0
5339460731,13108,江東区,35.67187500000001,139.8390625,1994,199.0,1166.0,627.0,86.0,1048,0
5339460732,13108,江東区,35.67187500000001,139.84218750000002,605,64.0,441.0,100.0,5.0,319,0
5339460733,13108,江東区,35.67395833333334,139.8390625,1298,204.0,651.0,443.0,74.0,657,0
5339460734,13108,江東区,35.67395833333334,139.84218750000002,2018,295.0,1294.0,426.0,46.0,791,0
5339460811,13123,江戸川区,35.66770833333334,139.8515625,736,115.0,463.0,155.0,13.0,308,0
5339460812,13123,江戸川区,35.66770833333334,139.8546875,4694,1145.0,3068.0,413.0,423.0,1841,0
5339460813,13123,江戸川区,35.66979166666667,139.8515625,1038,91.0,649.0,291.0,36.0,469,0
5339460814,13123,江戸川区,35.66979166666667,139.8546875,2527,545.0,1669.0,184.0,209.0,1073,0
5339460821,13123,江戸川区,35.66770833333334,139.8578125,2543,340.0,1676.0,440.0,125.0,1178,0
5339460822,13123,江戸川区,35.66770833333334,139.8609375,2628,360.0,1644.0,529.0,664.0,1408,0
5339460823,13123,江戸川区,35.66979166666667,139.8578125,2084,259.0,1454.0,341.0,62.0,928,0
5339460824,13123,江戸川区,35.66979166666667,139.8609375,2060,244.0,1143.0,648.0,67.0,939,0
5339460831,13123,江戸川区,35.67187500000001,139.8515625,493,70.0,333.0,89.0,15.0,246,0
5339460832,13123,江戸川区,35.67187500000001,139.8546875,1382,163.0,968.0,209.0,51.0,652,0
5339460833,13123,江戸川区,35.67395833333334,139.8515625,413,37.0,264.0,112.0,9.0,193,0
5339460834,13123,江戸川区,35.67395833333334,139.8546875,1017,106.0,656.0,254.0,49.0,497,0
5339460841,13123,江戸川区,35.67187500000001,139.8578125,328,40.0,233.0,53.0,5.0,162,0
5339460842,13123,江戸川区,35.67187500000001,139.8609375,1133,171.0,724.0,214.0,38.0,462,0
5339460843,13123,江戸川区,35.67395833333334,139.8578125,427,62.0,283.0,81.0,42.0,204,0
5339460844,13123,江戸川区,35.67395833333334,139.8609375,771,104.0,446.0,204.0,3.0,329,0
5339460911,13123,江戸川区,35.66770833333334,139.86406250000002,1820,325.0,1100.0,368.0,100.0,770,0
5339460912,13123,江戸川区,35.66770833333334,139.86718750000003,2118,248.0,1236.0,596.0,88.0,1015,0
5339460913,13123,江戸川区,35.66979166666667,139.86406250000002,1947,323.0,1297.0,291.0,76.0,750,0
5339460914,13123,江戸川区,35.66979166666667,139.86718750000003,1358,183.0,844.0,308.0,40.0,629,0
5339460921,13123,江戸川区,35.66770833333334,139.8703125,2181,210.0,1510.0,306.0,167.0,1271,0
5339460922,13123,江戸川区,35.66770833333334,139.87343750000002,1529,193.0,1142.0,134.0,71.0,861,0
5339460923,13123,江戸川区,35.66979166666667,139.8703125,1673,184.0,1182.0,262.0,77.0,985,0
5339460924,13123,江戸川区,35.66979166666667,139.87343750000002,1310,161.0,909.0,188.0,45.0,756,0
5339460931,13123,江戸川区,35.67187500000001,139.86406250000002,1593,190.0,954.0,434.0,34.0,649,0
5339460932,13123,江戸川区,35.67187500000001,139.86718750000003,1411,292.0,923.0,167.0,82.0,595,0
5339460933,13123,江戸川区,35.67395833333334,139.86406250000002,1045,210.0,684.0,145.0,49.0,453,0
5339460934,13123,江戸川区,35.67395833333334,139.86718750000003,1486,232.0,890.0,360.0,100.0,676,0
5339460941,13123,江戸川区,35.67187500000001,139.8703125,1235,139.0,829.0,222.0,43.0,610,0
5339460942,13123,江戸川区,35.67187500000001,139.87343750000002,857,86.0,586.0,144.0,30.0,484,0
5339460943,13123,江戸川区,35.67395833333334,139.8703125,1210,202.0,795.0,182.0,36.0,554,0
5339460944,13123,江戸川区,35.67395833333334,139.87343750000002,987,97.0,665.0,220.0,26.0,465,0
5339461011,13101,千代田区,35.67604166666667,139.7515625,5,0.0,4.0,1.0,1.0,5,0
5339461111,13101,千代田区,35.67604166666667,139.7640625,1,,,,,1,2
5339461112,13101,千代田区,35.67604166666667,139.7671875,10,,,,,9,2
5339461114,13101,千代田区,35.678125,139.7671875,20,0.0,18.0,13.0,4.0,19,1
5339461121,13102,中央区,35.67604166666667,139.7703125,84,3.0,63.0,18.0,2.0,53,0
5339461122,13102,中央区,35.67604166666667,139.7734375,632,53.0,510.0,56.0,18.0,416,0
5339461123,13102,中央区,35.678125,139.7703125,33,4.0,18.0,8.0,7.0,17,0
5339461124,13102,中央区,35.678125,139.7734375,151,10.0,125.0,15.0,4.0,112,0
5339461141,13101,千代田区,35.68020833333334,139.7703125,34,1.0,15.0,18.0,0.0,19,0
5339461142,13102,中央区,35.68020833333334,139.7734375,161,12.0,118.0,31.0,4.0,102,0
5339461143,13101,千代田区,35.68229166666667,139.7703125,17,0.0,5.0,4.0,0.0,13,0
5339461144,13102,中央区,35.68229166666667,139.7734375,18,0.0,14.0,4.0,2.0,9,0
5339461211,13102,中央区,35.67604166666667,139.7765625,823,89.0,585.0,146.0,23.0,456,0
5339461212,13102,中央区,35.67604166666667,139.77968750000002,2081,252.0,1579.0,228.0,117.0,1187,0
5339461213,13102,中央区,35.678125,139.7765625,632,36.0,517.0,79.0,27.0,449,0
5339461214,13102,中央区,35.678125,139.77968750000002,733,53.0,572.0,108.0,27.0,481,0
5339461221,13102,中央区,35.67604166666667,139.7828125,2250,285.0,1722.0,242.0,94.0,1296,0
5339461222,13102,中央区,35.67604166666667,139.78593750000002,1009,84.0,765.0,160.0,134.0,688,0
5339461223,13102,中央区,35.678125,139.7828125,593,54.0,429.0,109.0,15.0,371,0
5339461224,13102,中央区,35.678125,139.78593750000002,652,51.0,472.0,129.0,25.0,372,0
5339461231,13102,中央区,35.68020833333334,139.7765625,274,24.0,233.0,17.0,10.0,199,0
5339461232,13102,中央区,35.68020833333334,139.77968750000002,157,15.0,107.0,35.0,5.0,100,0
5339461233,13102,中央区,35.68229166666667,139.7765625,331,21.0,287.0,23.0,9.0,260,0
5339461234,13102,中央区,35.68229166666667,139.77968750000002,385,42.0,303.0,40.0,12.0,236,0
5339461241,13102,中央区,35.68020833333334,139.7828125,1053,132.0,837.0,84.0,35.0,607,0
5339461242,13102,中央区,35.68020833333334,139.78593750000002,1198,115.0,875.0,208.0,61.0,735,0
5339461243,13102,中央区,35.68229166666667,139.7828125,1574,191.0,1132.0,251.0,32.0,920,0
5339461244,13102,中央区,35.68229166666667,139.78593750000002,2046,214.0,1604.0,227.0,47.0,1278,0
5339461311,13108,江東区,35.67604166666667,139.7890625,1388,145.0,1083.0,118.0,57.0,881,0
5339461312,13108,江東区,35.67604166666667,139.7921875,930,54.0,672.0,167.0,78.0,631,0
5339461313,13108,江東区,35.678125,139.7890625,366,24.0,273.0,48.0,11.0,261,0
5339461314,13108,江東区,35.678125,139.7921875,371,13.0,331.0,21.0,16.0,290,0
5339461321,13108,江東区,35.67604166666667,139.7953125,1132,82.0,766.0,243.0,27.0,762,0
5339461322,13108,江東区,35.67604166666667,139.7984375,1298,133.0,857.0,265.0,22.0,718,0
5339461323,13108,江東区,35.678125,139.7953125,1562,159.0,1031.0,356.0,35.0,821,0
5339461324,13108,江東区,35.678125,139.7984375,1364,80.0,870.0,385.0,23.0,813,0
5339461331,13102,中央区,35.68020833333334,139.7890625,926,113.0,705.0,108.0,19.0,554,0
5339461332,13108,江東区,35.68020833333334,139.7921875,1113,147.0,922.0,31.0,33.0,670,0
5339461333,13102,中央区,35.68229166666667,139.7890625,2302,320.0,1586.0,395.0,60.0,1279,0
5339461334,13108,江東区,35.68229166666667,139.7921875,726,115.0,528.0,81.0,17.0,383,0
5339461341,13108,江東区,35.68020833333334,139.7953125,403,45.0,268.0,86.0,18.0,226,0
5339461342,13108,江東区,35.68020833333334,139.7984375,506,50.0,347.0,101.0,8.0,261,0
5339461343,13108,江東区,35.68229166666667,139.7953125,1878,259.0,1267.0,319.0,34.0,928,0
5339461344,13108,江東区,35.68229166666667,139.7984375,1828,177.0,1198.0,412.0,24.0,961,0
5339461411,13108,江東区,35.67604166666667,139.80156250000002,1405,237.0,986.0,161.0,35.0,744,0
5339461412,13108,江東区,35.67604166666667,139.80468750000003,2200,448.0,1436.0,303.0,40.0,888,0
5339461413,13108,江東区,35.678125,139.80156250000002,1550,202.0,1107.0,220.0,35.0,790,0
5339461414,13108,江東区,35.678125,139.80468750000003,1613,244.0,1061.0,284.0,38.0,775,0
5339461421,13108,江東区,35.67604166666667,139.8078125,422,96.0,283.0,41.0,9.0,179,0
5339461422,13108,江東区,35.67604166666667,139.81093750000002,745,109.0,505.0,126.0,16.0,311,0
5339461423,13108,江東区,35.678125,139.8078125,602,72.0,443.0,83.0,17.0,279,0
5339461424,13108,江東区,35.678125,139.81093750000002,1308,157.0,877.0,201.0,81.0,724,0
5339461431,13108,江東区,35.68020833333334,139.80156250000002,1131,103.0,675.0,319.0,14.0,586,0
5339461432,13108,江東区,35.68020833333334,139.80468750000003,1433,119.0,895.0,390.0,18.0,782,0
5339461433,13108,江東区,35.68229166666667,139.80156250000002,1986,221.0,1407.0,320.0,35.0,1066,0
5339461434,13108,江東区,35.68229166666667,139.80468750000003,2312,261.0,1555.0,456.0,31.0,1219,0
5339461441,13108,江東区,35.68020833333334,139.8078125,1730,239.0,1232.0,229.0,20.0,910,0
5339461442,13108,江東区,35.68020833333334,139.81093750000002,1276,178.0,861.0,220.0,40.0,631,0
5339461443,13108,江東区,35.68229166666667,139.8078125,3301,624.0,2121.0,541.0,103.0,1438,0
5339461444,13108,江東区,35.68229166666667,139.81093750000002,1339,167.0,918.0,220.0,57.0,737,0
5339461511,13108,江東区,35.67604166666667,139.8140625,996,150.0,617.0,227.0,82.0,434,0
5339461512,13108,江東区,35.67604166666667,139.81718750000002,720,101.0,482.0,127.0,19.0,369,0
5339461513,13108,江東区,35.678125,139.8140625,1285,139.0,775.0,368.0,26.0,613,0
5339461514,13108,江東区,35.678125,139.81718750000002,2170,201.0,1448.0,511.0,43.0,944,0
5339461521,13108,江東区,35.67604166666667,139.8203125,1833,316.0,1145.0,358.0,80.0,775,0
5339461522,13108,江東区,35.67604166666667,139.8234375,3212,575.0,2030.0,573.0,68.0,1373,0
5339461523,13108,江東区,35.678125,139.8203125,1054,124.0,578.0,349.0,32.0,469,0
5339461524,13108,江東区,35.678125,139.8234375,1270,145.0,863.0,210.0,43.0,635,0
5339461531,13108,江東区,35.68020833333334,139.8140625,1585,141.0,986.0,431.0,49.0,857,0
5339461532,13108,江東区,35.68020833333334,139.81718750000002,1321,119.0,816.0,371.0,47.0,714,0
5339461533,13108,江東区,35.68229166666667,139.8140625,1561,103.0,974.0,430.0,62.0,896,0
5339461534,13108,江東区,35.68229166666667,139.81718750000002,1835,127.0,1294.0,369.0,51.0,1198,0
5339461541,13108,江東区,35.68020833333334,139.8203125,2446,363.0,1465.0,617.0,47.0,1054,0
5339461542,13108,江東区,35.68020833333334,139.8234375,1497,153.0,1062.0,213.0,34.0,879,0
5339461543,13108,江東区,35.68229166666667,139.8203125,1420,198.0,811.0,383.0,46.0,837,0
5339461544,13108,江東区,35.68229166666667,139.8234375,1688,333.0,1046.0,309.0,64.0,691,0
5339461611,13108,江東区,35.67604166666667,139.8265625,1280,124.0,744.0,408.0,31.0,580,0
5339461612,13108,江東区,35.67604166666667,139.8296875,1676,170.0,1016.0,490.0,48.0,773,0
5339461613,13108,江東区,35.678125,139.8265625,919,92.0,609.0,174.0,14.0,457,0
5339461614,13108,江東区,35.678125,139.8296875,1953,169.0,1105.0,676.0,78.0,1001,0
5339461621,13108,江東区,35.67604166666667,139.8328125,1412,114.0,993.0,302.0,48.0,844,0
5339461622,13108,江東区,35.67604166666667,139.8359375,1160,117.0,670.0,370.0,36.0,585,0
5339461623,13108,江東区,35.678125,139.8328125,1522,196.0,946.0,379.0,42.0,744,0
5339461624,13108,江東区,35.678125,139.8359375,2467,208.0,1499.0,758.0,185.0,1353,0
5339461631,13108,江東区,35.68020833333334,139.8265625,2644,434.0,1749.0,457.0,90.0,1036,0
5339461632,13108,江東区,35.68020833333334,139.8296875,1808,257.0,1078.0,471.0,35.0,832,0
5339461633,13108,江東区,35.68229166666667,139.8265625,1351,158.0,931.0,261.0,45.0,656,0
5339461634,13108,江東区,35.68229166666667,139.8296875,1424,129.0,877.0,414.0,43.0,725,0
5339461641,13108,江東区,35.68020833333334,139.8328125,1239,120.0,739.0,380.0,20.0,627,0
5339461642,13108,江東区,35.68020833333334,139.8359375,1360,120.0,868.0,369.0,35.0,687,0
5339461643,13108,江東区,35.68229166666667,139.8328125,3172,346.0,1923.0,900.0,597.0,1762,0
5339461644,13108,江東区,35.68229166666667,139.8359375,1706,139.0,1083.0,475.0,55.0,971,0
5339461711,13108,江東区,35.67604166666667,139.8390625,1423,175.0,902.0,343.0,60.0,675,0
5339461712,13108,江東区,35.67604166666667,139.84218750000002,1701,198.0,1020.0,471.0,59.0,828,0
5339461713,13108,江東区,35.678125,139.8390625,1194,129.0,577.0,341.0,42.0,443,0
5339461714,13108,江東区,35.678125,139.84218750000002,1502,215.0,932.0,352.0,73.0,654,0
5339461723,13108,江東区,35.678125,139.8453125,261,21.0,184.0,55.0,14.0,136,0
5339461731,13108,江東区,35.68020833333334,139.8390625,3570,377.0,2509.0,683.0,84.0,1310,0
5339461732,13108,江東区,35.68020833333334,139.84218750000002,1985,344.0,1315.0,326.0,122.0,888,0
5339461733,13108,江東区,35.68229166666667,139.8390625,1218,107.0,607.0,504.0,34.0,573,0
5339461734,13108,江東区,35.68229166666667,139.84218750000002,1631,171.0,921.0,538.0,38.0,691,0
5339461741,13108,江東区,35.68020833333334,139.8453125,769,138.0,561.0,69.0,19.0,345,0
5339461743,13108,江東区,35.68229166666667,139.8453125,1183,202.0,862.0,117.0,31.0,544,0
5339461811,13123,江戸川区,35.67604166666667,139.8515625,253,40.0,141.0,72.0,10.0,106,0
5339461812,13123,江戸川区,35.67604166666667,139.8546875,982,101.0,585.0,274.0,46.0,440,0
5339461813,13123,江戸川区,35.678125,139.8515625,15,0.0,10.0,5.0,0.0,7,0
5339461814,13123,江戸川区,35.678125,139.8546875,1068,131.0,689.0,217.0,10.0,552,0
5339461821,13123,江戸川区,35.67604166666667,139.8578125,1616,169.0,834.0,605.0,74.0,756,0
5339461822,13123,江戸川区,35.67604166666667,139.8609375,1342,224.0,884.0,220.0,42.0,504,0
5339461823,13123,江戸川区,35.678125,139.8578125,1256,138.0,787.0,307.0,35.0,599,0
5339461824,13123,江戸川区,35.678125,139.8609375,1282,186.0,883.0,205.0,6.0,538,0
5339461832,13123,江戸川区,35.68020833333334,139.8546875,37,0.0,31.0,6.0,2.0,31,0
5339461841,13123,江戸川区,35.68020833333334,139.8578125,553,41.0,299.0,201.0,17.0,320,0
5339461842,13123,江戸川区,35.68020833333334,139.8609375,1103,140.0,707.0,238.0,36.0,533,0
5339461843,13123,江戸川区,35.68229166666667,139.8578125,643,63.0,397.0,171.0,10.0,331,0
5339461844,13123,江戸川区,35.68229166666667,139.8609375,1269,134.0,816.0,293.0,42.0,659,0
5339461911,13123,江戸川区,35.67604166666667,139.86406250000002,1109,168.0,725.0,200.0,31.0,479,0
5339461912,13123,江戸川区,35.67604166666667,139.86718750000003,1116,149.0,714.0,232.0,16.0,499,0
5339461913,13123,江戸川区,35.678125,139.86406250000002,1033,81.0,667.0,254.0,24.0,521,0
5339461914,13123,江戸川区,35.678125,139.86718750000003,1282,200.0,826.0,232.0,40.0,511,0
5339461921,13123,江戸川区,35.67604166666667,139.8703125,1410,165.0,887.0,340.0,33.0,619,0
5339461922,13123,江戸川区,35.67604166666667,139.87343750000002,1249,202.0,813.0,214.0,13.0,528,0
5339461923,13123,江戸川区,35.678125,139.8703125,1180,130.0,772.0,250.0,82.0,581,0
5339461924,13123,江戸川区,35.678125,139.87343750000002,1381,153.0,843.0,358.0,26.0,651,0
5339461931,13123,江戸川区,35.68020833333334,139.86406250000002,1766,214.0,1226.0,304.0,45.0,842,0
5339461932,13123,江戸川区,35.68020833333334,139.86718750000003,2141,336.0,1419.0,342.0,193.0,966,0
5339461933,13123,江戸川区,35.68229166666667,139.86406250000002,2475,303.0,1747.0,305.0,77.0,1303,0
5339461934,13123,江戸川区,35.68229166666667,139.86718750000003,2190,526.0,1483.0,147.0,241.0,835,0
5339461941,13123,江戸川区,35.68020833333334,139.8703125,1406,173.0,978.0,235.0,27.0,666,0
5339461942,13123,江戸川区,35.68020833333334,139.87343750000002,977,127.0,676.0,159.0,9.0,388,0
5339461943,13123,江戸川区,35.68229166666667,139.8703125,1194,152.0,828.0,197.0,36.0,563,0
5339461944,13123,江戸川区,35.68229166666667,139.87343750000002,1403,125.0,919.0,346.0,22.0,578,0
5339462024,13101,千代田区,35.686458333333334,139.7609375,44,0.0,40.0,0.0,0.0,44,0
5339462034,13101,千代田区,35.690625000000004,139.75468750000002,138,,,,,133,2
5339462042,13101,千代田区,35.68854166666667,139.7609375,42,4.0,170.0,0.0,0.0,42,1
5339462044,13101,千代田区,35.690625000000004,139.7609375,11,0.0,7.0,4.0,2.0,6,0
5339462112,13101,千代田区,35.684375,139.7671875,3,,,,,3,2
5339462122,13102,中央区,35.684375,139.7734375,27,5.0,12.0,10.0,0.0,14,0
5339462123,13102,中央区,35.686458333333334,139.7703125,1,,,,,1,2
5339462124,13102,中央区,35.686458333333334,139.7734375,74,8.0,55.0,12.0,1.0,42,1
5339462131,13101,千代田区,35.68854166666667,139.7640625,55,5.0,28.0,22.0,1.0,36,0
5339462132,13101,千代田区,35.68854166666667,139.7671875,15,1.0,11.0,3.0,0.0,6,0
5339462133,13101,千代田区,35.690625000000004,139.7640625,610,48.0,489.0,73.0,18.0,430,0
5339462134,13101,千代田区,35.690625000000004,139.7671875,552,40.0,405.0,107.0,32.0,358,0
5339462141,13102,中央区,35.68854166666667,139.7703125,153,16.0,88.0,51.0,6.0,80,1
5339462142,13102,中央区,35.68854166666667,139.7734375,124,15.0,79.0,30.0,1.0,67,0
5339462143,13101,千代田区,35.690625000000004,139.7703125,286,35.0,191.0,59.0,29.0,175,0
5339462144,13101,千代田区,35.690625000000004,139.7734375,441,10.0,371.0,58.0,12.0,356,0
5339462211,13102,中央区,35.684375,139.7765625,100,8.0,73.0,19.0,1.0,65,0
5339462212,13102,中央区,35.684375,139.77968750000002,902,145.0,677.0,80.0,15.0,547,0
5339462213,13102,中央区,35.686458333333334,139.7765625,503,58.0,385.0,60.0,27.0,322,0
5339462214,13102,中央区,35.686458333333334,139.77968750000002,1501,137.0,1152.0,212.0,41.0,968,0
5339462221,13102,中央区,35.684375,139.7828125,1716,229.0,1184.0,303.0,44.0,918,0
5339462222,13102,中央区,35.684375,139.78593750000002,1535,126.0,1093.0,316.0,42.0,957,0
5339462223,13102,中央区,35.686458333333334,139.7828125,1337,172.0,941.0,224.0,25.0,746,0
5339462224,13102,中央区,35.686458333333334,139.78593750000002,1942,306.0,1291.0,345.0,46.0,958,0
5339462231,13102,中央区,35.68854166666667,139.7765625,853,81.0,721.0,51.0,23.0,573,0
5339462232,13102,中央区,35.68854166666667,139.77968750000002,1900,249.0,1502.0,149.0,68.0,1190,0
5339462233,13102,中央区,35.690625000000004,139.7765625,873,84.0,668.0,121.0,21.0,513,0
5339462234,13102,中央区,35.690625000000004,139.77968750000002,1468,190.0,1112.0,166.0,35.0,834,0
5339462241,13102,中央区,35.68854166666667,139.7828125,1831,259.0,1441.0,131.0,73.0,1091,0
5339462242,13102,中央区,35.68854166666667,139.78593750000002,1711,203.0,1233.0,275.0,58.0,1010,0
5339462243,13102,中央区,35.690625000000004,139.7828125,2663,407.0,2097.0,159.0,93.0,1555,0
5339462244,13102,中央区,35.690625000000004,139.78593750000002,2549,331.0,1981.0,237.0,95.0,1504,0
5339462311,13102,中央区,35.684375,139.7890625,3084,448.0,2262.0,373.0,81.0,1730,0
5339462312,13102,中央区,35.684375,139.7921875,1063,155.0,796.0,112.0,48.0,572,0
5339462313,13102,中央区,35.686458333333334,139.7890625,2801,361.0,2023.0,416.0,63.0,1572,0
5339462314,13102,中央区,35.686458333333334,139.7921875,727,104.0,526.0,93.0,17.0,386,0
5339462321,13108,江東区,35.684375,139.7953125,876,76.0,595.0,185.0,9.0,482,0
5339462322,13108,江東区,35.684375,139.7984375,1723,135.0,1188.0,361.0,36.0,1052,0
5339462323,13108,江東区,35.686458333333334,139.7953125,1121,92.0,775.0,241.0,17.0,655,0
5339462324,13108,江東区,35.686458333333334,139.7984375,1560,132.0,1050.0,343.0,31.0,918,0
5339462331,13102,中央区,35.68854166666667,139.7890625,377,46.0,264.0,66.0,12.0,197,0
5339462332,13108,江東区,35.68854166666667,139.7921875,1435,143.0,1013.0,249.0,30.0,815,0
5339462333,13102,中央区,35.690625000000004,139.7890625,1003,190.0,697.0,116.0,28.0,463,0
5339462334,13107,墨田区,35.690625000000004,139.7921875,2256,207.0,1709.0,320.0,52.0,1336,0
5339462341,13108,江東区,35.68854166666667,139.7953125,2415,223.0,1769.0,357.0,43.0,1442,0
5339462342,13108,江東区,35.68854166666667,139.7984375,2174,165.0,1604.0,333.0,60.0,1423,0
5339462343,13107,墨田区,35.690625000000004,139.7953125,2390,261.0,1843.0,276.0,68.0,1360,0
5339462344,13107,墨田区,35.690625000000004,139.7984375,1822,156.0,1371.0,295.0,48.0,1131,0
5339462411,13108,江東区,35.684375,139.80156250000002,1612,147.0,1060.0,391.0,37.0,913,0
5339462412,13108,江東区,35.684375,139.80468750000003,1844,248.0,1163.0,403.0,28.0,909,0
5339462413,13108,江東区,35.686458333333334,139.80156250000002,1950,192.0,1358.0,344.0,38.0,1145,0
5339462414,13108,江東区,35.686458333333334,139.80468750000003,2006,142.0,1428.0,397.0,51.0,1242,0
5339462421,13108,江東区,35.684375,139.8078125,1254,129.0,705.0,409.0,15.0,587,0
5339462422,13108,江東区,35.684375,139.81093750000002,2684,650.0,1674.0,353.0,60.0,1059,0
5339462423,13108,江東区,35.686458333333334,139.8078125,1679,144.0,1227.0,282.0,51.0,1015,0
5339462424,13108,江東区,35.686458333333334,139.81093750000002,1573,183.0,1065.0,293.0,67.0,878,0
5339462431,13107,墨田区,35.68854166666667,139.80156250000002,2092,134.0,1644.0,289.0,62.0,1404,0
5339462432,13107,墨田区,35.68854166666667,139.80468750000003,1995,142.0,1489.0,348.0,49.0,1283,0
5339462433,13107,墨田区,35.690625000000004,139.80156250000002,1714,150.0,1214.0,349.0,40.0,989,0
5339462434,13107,墨田区,35.690625000000004,139.80468750000003,1811,148.0,1351.0,312.0,45.0,1076,0
5339462441,13107,墨田区,35.68854166666667,139.8078125,2349,198.0,1664.0,487.0,70.0,1266,0
5339462442,13107,墨田区,35.68854166666667,139.81093750000002,1859,228.0,1268.0,359.0,56.0,931,0
5339462443,13107,墨田区,35.690625000000004,139.8078125,1891,181.0,1429.0,278.0,69.0,1173,0
5339462444,13107,墨田区,35.690625000000004,139.81093750000002,1961,157.0,1451.0,329.0,90.0,1068,0
5339462511,13108,江東区,35.684375,139.8140625,3516,701.0,2459.0,338.0,153.0,1517,0
5339462512,13108,江東区,35.684375,139.81718750000002,1451,121.0,911.0,394.0,17.0,741,0
5339462513,13108,江東区,35.686458333333334,139.8140625,1357,84.0,956.0,285.0,38.0,898,0
5339462514,13108,江東区,35.686458333333334,139.81718750000002,998,104.0,605.0,277.0,22.0,479,0
5339462521,13108,江東区,35.684375,139.8203125,1586,164.0,910.0,504.0,40.0,732,0
5339462522,13108,江東区,35.684375,139.8234375,1424,170.0,761.0,492.0,143.0,664,0
5339462523,13108,江東区,35.686458333333334,139.8203125,602,90.0,408.0,101.0,14.0,258,0
5339462524,13108,江東区,35.686458333333334,139.8234375,1824,334.0,1256.0,232.0,52.0,808,0
5339462531,13108,江東区,35.68854166666667,139.8140625,1989,194.0,1415.0,347.0,55.0,1229,0
5339462532,13108,江東区,35.68854166666667,139.81718750000002,460,28.0,288.0,140.0,16.0,253,0
5339462533,13108,江東区,35.690625000000004,139.8140625,2296,153.0,1576.0,528.0,86.0,1361,0
5339462534,13108,江東区,35.690625000000004,139.81718750000002,302,23.0,202.0,76.0,14.0,172,0
5339462541,13108,江東区,35.68854166666667,139.8203125,979,76.0,659.0,239.0,33.0,541,0
5339462542,13108,江東区,35.68854166666667,139.8234375,2358,238.0,1652.0,462.0,88.0,1287,0
5339462543,13108,江東区,35.690625000000004,139.8203125,1,,,,,1,2
5339462544,13108,江東区,35.690625000000004,139.8234375,1610,113.0,1054.0,439.0,79.0,906,1
5339462611,13108,江東区,35.684375,139.8265625,1168,119.0,854.0,190.0,44.0,556,0
5339462612,13108,江東区,35.684375,139.8296875,2929,303.0,1858.0,764.0,121.0,1327,0
5339462613,13108,江東区,35.686458333333334,139.8265625,1775,189.0,1138.0,447.0,146.0,881,0
5339462614,13108,江東区,35.686458333333334,139.8296875,3266,344.0,1828.0,1083.0,1026.0,1839,0
5339462621,13108,江東区,35.684375,139.8328125,2771,305.0,1581.0,885.0,607.0,1410,0
5339462622,13108,江東区,35.684375,139.8359375,2068,310.0,1278.0,475.0,130.0,928,0
5339462623,13108,江東区,35.686458333333334,139.8328125,1239,93.0,574.0,569.0,37.0,680,0
5339462624,13108,江東区,35.686458333333334,139.8359375,1319,73.0,744.0,498.0,64.0,724,0
5339462631,13108,江東区,35.68854166666667,139.8265625,2121,213.0,1325.0,579.0,274.0,1177,0
5339462632,13108,江東区,35.68854166666667,139.8296875,1750,206.0,1171.0,358.0,168.0,1007,0
5339462633,13108,江東区,35.690625000000004,139.8265625,1319,81.0,961.0,267.0,57.0,867,0
5339462634,13108,江東区,35.690625000000004,139.8296875,1239,110.0,775.0,353.0,43.0,637,0
5339462641,13108,江東区,35.68854166666667,139.8328125,2120,170.0,1326.0,598.0,100.0,1171,0
5339462642,13108,江東区,35.68854166666667,139.8359375,2696,202.0,1922.0,558.0,92.0,1590,0
5339462643,13108,江東区,35.690625000000004,139.8328125,2652,225.0,1557.0,842.0,471.0,1569,0
5339462644,13108,江東区,35.690625000000004,139.8359375,1778,273.0,1163.0,330.0,148.0,857,0
5339462711,13108,江東区,35.684375,139.8390625,1847,190.0,1104.0,553.0,40.0,861,0
5339462712,13108,江東区,35.684375,139.84218750000002,1353,82.0,628.0,642.0,39.0,843,0
5339462713,13108,江東区,35.686458333333334,139.8390625,1172,91.0,591.0,481.0,35.0,645,0
5339462714,13108,江東区,35.686458333333334,139.84218750000002,3183,337.0,2031.0,809.0,106.0,1399,0
5339462721,13108,江東区,35.684375,139.8453125,1684,165.0,858.0,664.0,54.0,870,1
5339462722,13123,江戸川区,35.684375,139.84843750000002,4,,,,,2,2
5339462723,13108,江東区,35.686458333333334,139.8453125,1788,117.0,814.0,857.0,47.0,937,0
5339462724,13123,江戸川区,35.686458333333334,139.84843750000002,82,20.0,56.0,5.0,29.0,30,0
5339462731,13108,江東区,35.68854166666667,139.8390625,1927,173.0,1182.0,560.0,83.0,1090,0
5339462732,13108,江東区,35.68854166666667,139.84218750000002,1820,141.0,1212.0,455.0,59.0,1079,0
5339462733,13108,江東区,35.690625000000004,139.8390625,1799,163.0,1138.0,459.0,78.0,1017,0
5339462734,13108,江東区,35.690625000000004,139.84218750000002,1622,131.0,941.0,382.0,105.0,782,0
5339462741,13108,江東区,35.68854166666667,139.8453125,848,73.0,511.0,259.0,21.0,413,0
5339462742,13123,江戸川区,35.68854166666667,139.84843750000002,1720,234.0,1151.0,331.0,303.0,686,0
5339462743,13108,江東区,35.690625000000004,139.8453125,1870,194.0,1072.0,600.0,64.0,874,0
5339462744,13123,江戸川区,35.690625000000004,139.84843750000002,1008,124.0,601.0,276.0,48.0,461,0
5339462821,13123,江戸川区,35.684375,139.8578125,988,92.0,591.0,294.0,25.0,461,0
5339462822,13123,江戸川区,35.684375,139.8609375,1325,193.0,860.0,262.0,208.0,610,0
5339462823,13123,江戸川区,35.686458333333334,139.8578125,342,37.0,176.0,123.0,10.0,176,0
5339462824,13123,江戸川区,35.686458333333334,139.8609375,1675,143.0,912.0,614.0,246.0,853,0
5339462831,13123,江戸川区,35.68854166666667,139.8515625,380,32.0,226.0,109.0,13.0,177,0
5339462833,13123,江戸川区,35.690625000000004,139.8515625,1856,234.0,1254.0,330.0,662.0,974,0
5339462842,13123,江戸川区,35.68854166666667,139.8609375,576,75.0,392.0,80.0,21.0,297,0
5339462844,13123,江戸川区,35.690625000000004,139.8609375,543,51.0,361.0,129.0,12.0,267,0
5339462911,13123,江戸川区,35.684375,139.86406250000002,778,59.0,543.0,170.0,20.0,369,0
5339462912,13123,江戸川区,35.684375,139.86718750000003,2158,284.0,1593.0,248.0,64.0,928,0
5339462913,13123,江戸川区,35.686458333333334,139.86406250000002,1606,112.0,748.0,735.0,37.0,873,0
5339462914,13123,江戸川区,35.686458333333334,139.86718750000003,1515,256.0,1102.0,109.0,59.0,707,0
5339462921,13123,江戸川区,35.684375,139.8703125,1475,199.0,1005.0,201.0,35.0,704,0
5339462922,13123,江戸川区,35.684375,139.87343750000002,1637,382.0,1026.0,202.0,53.0,625,0
5339462923,13123,江戸川区,35.686458333333334,139.8703125,756,91.0,560.0,73.0,36.0,403,0
5339462924,13123,江戸川区,35.686458333333334,139.87343750000002,1161,136.0,744.0,249.0,25.0,505,0
5339462931,13123,江戸川区,35.68854166666667,139.86406250000002,832,97.0,564.0,124.0,51.0,474,0
5339462932,13123,江戸川区,35.68854166666667,139.86718750000003,611,78.0,424.0,103.0,29.0,300,0
5339462933,13123,江戸川区,35.690625000000004,139.86406250000002,1046,146.0,688.0,183.0,19.0,511,0
5339462934,13123,江戸川区,35.690625000000004,139.86718750000003,1653,237.0,1152.0,222.0,51.0,756,0
5339462941,13123,江戸川区,35.68854166666667,139.8703125,721,88.0,484.0,143.0,23.0,306,0
5339462942,13123,江戸川区,35.68854166666667,139.87343750000002,1116,126.0,736.0,223.0,34.0,508,0
5339462943,13123,江戸川区,35.690625000000004,139.8703125,571,81.0,384.0,101.0,26.0,243,0
5339462944,13123,江戸川区,35.690625000000004,139.87343750000002,738,169.0,452.0,110.0,27.0,269,0
5339463012,13101,千代田区,35.692708333333336,139.75468750000002,581,140.0,441.0,0.0,0.0,251,0
5339463013,13101,千代田区,35.69479166666667,139.7515625,272,35.0,207.0,30.0,8.0,151,0
5339463014,13101,千代田区,35.69479166666667,139.75468750000002,472,35.0,357.0,79.0,20.0,320,0
5339463022,13101,千代田区,35.692708333333336,139.7609375,333,25.0,272.0,36.0,10.0,249,0
5339463023,13101,千代田区,35.69479166666667,139.7578125,868,73.0,548.0,203.0,21.0,544,0
5339463024,13101,千代田区,35.69479166666667,139.7609375,457,49.0,324.0,84.0,14.0,264,0
5339463031,13101,千代田区,35.696875000000006,139.7515625,957,92.0,679.0,168.0,59.0,625,0
5339463032,13101,千代田区,35.696875000000006,139.75468750000002,597,50.0,388.0,159.0,5.0,384,0
5339463033,13101,千代田区,35.69895833333334,139.7515625,1572,195.0,1091.0,285.0,67.0,847,0
5339463034,13101,千代田区,35.69895833333334,139.75468750000002,984,90.0,654.0,240.0,45.0,538,0
5339463041,13101,千代田区,35.696875000000006,139.7578125,782,66.0,572.0,144.0,37.0,515,0
5339463042,13101,千代田区,35.696875000000006,139.7609375,363,70.0,209.0,84.0,14.0,169,0
5339463043,13101,千代田区,35.69895833333334,139.7578125,822,118.0,597.0,107.0,44.0,473,0
5339463044,13101,千代田区,35.69895833333334,139.7609375,166,15.0,118.0,33.0,12.0,108,0
5339463111,13101,千代田区,35.692708333333336,139.7640625,597,77.0,453.0,67.0,23.0,353,0
5339463112,13101,千代田区,35.692708333333336,139.7671875,530,42.0,399.0,89.0,14.0,315,0
5339463113,13101,千代田区,35.69479166666667,139.7640625,628,52.0,457.0,119.0,31.0,408,0
5339463114,13101,千代田区,35.69479166666667,139.7671875,901,73.0,701.0,122.0,32.0,618,0
5339463121,13101,千代田区,35.692708333333336,139.7703125,584,65.0,428.0,88.0,31.0,369,0
5339463122,13101,千代田区,35.692708333333336,139.7734375,565,22.0,387.0,155.0,19.0,377,0
5339463123,13101,千代田区,35.69479166666667,139.7703125,1317,133.0,1057.0,125.0,36.0,876,0
5339463124,13101,千代田区,35.69479166666667,139.7734375,1268,209.0,848.0,211.0,39.0,651,0
5339463131,13101,千代田区,35.696875000000006,139.7640625,166,12.0,127.0,26.0,4.0,106,0
5339463132,13101,千代田区,35.696875000000006,139.7671875,1224,145.0,841.0,231.0,20.0,651,0
5339463133,13101,千代田区,35.69895833333334,139.7640625,157,10.0,108.0,39.0,7.0,107,0
5339463134,13101,千代田区,35.69895833333334,139.7671875,295,23.0,210.0,60.0,5.0,193,0
5339463141,13101,千代田区,35.696875000000006,139.7703125,300,28.0,213.0,57.0,34.0,191,0
5339463142,13101,千代田区,35.696875000000006,139.7734375,396,23.0,287.0,84.0,26.0,288,0
5339463143,13101,千代田区,35.69895833333334,139.7703125,175,11.0,121.0,43.0,13.0,108,0
5339463144,13101,千代田区,35.69895833333334,139.7734375,18,3.0,9.0,6.0,0.0,9,0
5339463211,13101,千代田区,35.692708333333336,139.7765625,1577,158.0,1245.0,173.0,90.0,1023,0
5339463212,13102,中央区,35.692708333333336,139.77968750000002,1913,218.0,1530.0,163.0,130.0,1226,0
5339463213,13101,千代田区,35.69479166666667,139.7765625,1117,81.0,901.0,134.0,67.0,782,0
5339463214,13101,千代田区,35.69479166666667,139.77968750000002,1280,137.0,1003.0,137.0,122.0,803,0
5339463221,13102,中央区,35.692708333333336,139.7828125,1300,164.0,1035.0,100.0,54.0,712,0
5339463222,13102,中央区,35.692708333333336,139.78593750000002,2151,297.0,1602.0,252.0,82.0,1155,0
5339463223,13102,中央区,35.69479166666667,139.7828125,980,70.0,819.0,87.0,58.0,695,0
5339463224,13102,中央区,35.69479166666667,139.78593750000002,1266,87.0,1061.0,113.0,57.0,888,0
5339463231,13101,千代田区,35.696875000000006,139.7765625,397,50.0,289.0,58.0,11.0,235,0
5339463232,13101,千代田区,35.696875000000006,139.77968750000002,1707,201.0,1347.0,158.0,82.0,1126,0
5339463233,13101,千代田区,35.69895833333334,139.7765625,774,66.0,542.0,163.0,38.0,452,0
5339463234,13101,千代田区,35.69895833333334,139.77968750000002,1026,115.0,784.0,115.0,92.0,653,0
5339463241,13106,台東区,35.696875000000006,139.7828125,1571,187.0,1189.0,181.0,73.0,949,0
5339463242,13106,台東区,35.696875000000006,139.78593750000002,607,45.0,412.0,144.0,59.0,387,0
5339463243,13106,台東区,35.69895833333334,139.7828125,1624,132.0,1226.0,253.0,112.0,1029,0
5339463244,13106,台東区,35.69895833333334,139.78593750000002,1430,135.0,1017.0,270.0,98.0,863,0
5339463311,13107,墨田区,35.692708333333336,139.7890625,387,31.0,265.0,87.0,34.0,228,0
5339463312,13107,墨田区,35.692708333333336,139.7921875,1932,157.0,1449.0,325.0,113.0,1186,0
5339463313,13107,墨田区,35.69479166666667,139.7890625,549,47.0,397.0,104.0,37.0,321,0
5339463314,13107,墨田区,35.69479166666667,139.7921875,1507,106.0,1137.0,262.0,117.0,961,0
5339463321,13107,墨田区,35.692708333333336,139.7953125,1658,157.0,1312.0,188.0,67.0,1055,0
5339463322,13107,墨田区,35.692708333333336,139.7984375,2124,237.0,1637.0,250.0,73.0,1258,0
5339463323,13107,墨田区,35.69479166666667,139.7953125,1301,83.0,954.0,264.0,72.0,846,0
5339463324,13107,墨田区,35.69479166666667,139.7984375,1849,199.0,1412.0,238.0,91.0,1100,0
5339463331,13106,台東区,35.696875000000006,139.7890625,951,83.0,708.0,155.0,58.0,594,0
5339463332,13107,墨田区,35.696875000000006,139.7921875,101,11.0,69.0,21.0,2.0,43,0
5339463333,13106,台東区,35.69895833333334,139.7890625,1921,130.0,1546.0,240.0,115.0,1255,0
5339463334,13107,墨田区,35.69895833333334,139.7921875,456,58.0,359.0,38.0,20.0,254,0
5339463341,13107,墨田区,35.696875000000006,139.7953125,53,6.0,37.0,10.0,7.0,33,0
5339463342,13107,墨田区,35.696875000000006,139.7984375,1228,115.0,956.0,157.0,38.0,722,0
5339463343,13107,墨田区,35.69895833333334,139.7953125,239,53.0,161.0,25.0,9.0,103,0
5339463344,13107,墨田区,35.69895833333334,139.7984375,1807,156.0,1328.0,322.0,92.0,1067,0
5339463411,13107,墨田区,35.692708333333336,139.80156250000002,1699,159.0,1354.0,186.0,43.0,999,0
5339463412,13107,墨田区,35.692708333333336,139.80468750000003,1691,191.0,1339.0,161.0,67.0,991,0
5339463413,13107,墨田区,35.69479166666667,139.80156250000002,2487,349.0,1806.0,332.0,84.0,1243,0
5339463414,13107,墨田区,35.69479166666667,139.80468750000003,2287,251.0,1740.0,296.0,117.0,1347,0
5339463421,13107,墨田区,35.692708333333336,139.8078125,1279,117.0,1020.0,139.0,92.0,823,0
5339463422,13107,墨田区,35.692708333333336,139.81093750000002,1816,181.0,1392.0,242.0,189.0,1061,0
5339463423,13107,墨田区,35.69479166666667,139.8078125,2509,250.0,1945.0,314.0,182.0,1520,0
5339463424,13107,墨田区,35.69479166666667,139.81093750000002,1677,126.0,1403.0,147.0,168.0,1142,0
5339463431,13107,墨田区,35.696875000000006,139.80156250000002,1598,218.0,1035.0,345.0,40.0,807,0
5339463432,13107,墨田区,35.696875000000006,139.80468750000003,2360,388.0,1668.0,304.0,122.0,1101,0
5339463433,13107,墨田区,35.69895833333334,139.80156250000002,1781,155.0,1296.0,328.0,67.0,1119,0
5339463434,13107,墨田区,35.69895833333334,139.80468750000003,2027,266.0,1429.0,331.0,80.0,1082,0
5339463441,13107,墨田区,35.696875000000006,139.8078125,1949,244.0,1451.0,254.0,123.0,1061,0
5339463442,13107,墨田区,35.696875000000006,139.81093750000002,1261,158.0,896.0,207.0,64.0,681,0
5339463443,13107,墨田区,35.69895833333334,139.8078125,1724,168.0,1332.0,224.0,75.0,1015,0
5339463444,13107,墨田区,35.69895833333334,139.81093750000002,2322,208.0,1782.0,332.0,260.0,1452,0
5339463511,13108,江東区,35.692708333333336,139.8140625,1297,123.0,1015.0,153.0,187.0,874,0
5339463512,13108,江東区,35.692708333333336,139.81718750000002,1016,65.0,698.0,230.0,136.0,638,0
5339463513,13107,墨田区,35.69479166666667,139.8140625,634,16.0,558.0,60.0,68.0,487,0
5339463514,13107,墨田区,35.69479166666667,139.81718750000002,1321,83.0,1008.0,230.0,311.0,891,0
5339463521,13108,江東区,35.692708333333336,139.8203125,1052,105.0,768.0,175.0,45.0,587,0
5339463522,13108,江東区,35.692708333333336,139.8234375,1416,127.0,965.0,320.0,88.0,776,0
5339463523,13108,江東区,35.69479166666667,139.8203125,1232,161.0,873.0,166.0,104.0,687,0
5339463524,13108,江東区,35.69479166666667,139.8234375,1509,137.0,1001.0,338.0,86.0,831,0
5339463531,13107,墨田区,35.696875000000006,139.8140625,95,4.0,73.0,18.0,7.0,64,0
5339463532,13107,墨田区,35.696875000000006,139.81718750000002,1246,128.0,832.0,286.0,108.0,722,0
5339463533,13107,墨田区,35.69895833333334,139.8140625,1225,77.0,942.0,205.0,156.0,813,0
5339463534,13107,墨田区,35.69895833333334,139.81718750000002,154,26.0,109.0,19.0,32.0,88,0
5339463541,13108,江東区,35.696875000000006,139.8203125,2466,289.0,1602.0,553.0,232.0,1276,0
5339463542,13108,江東区,35.696875000000006,139.8234375,1378,135.0,1038.0,198.0,161.0,821,0
5339463543,13108,江東区,35.69895833333334,139.8203125,1691,206.0,954.0,529.0,194.0,898,0
5339463544,13108,江東区,35.69895833333334,139.8234375,1440,80.0,986.0,361.0,273.0,929,0
5339463611,13108,江東区,35.692708333333336,139.8265625,2249,494.0,1495.0,249.0,188.0,948,0
5339463612,13108,江東区,35.692708333333336,139.8296875,1165,181.0,710.0,273.0,43.0,500,0
5339463613,13108,江東区,35.69479166666667,139.8265625,1974,146.0,1511.0,266.0,233.0,1345,0
5339463614,13108,江東区,35.69479166666667,139.8296875,744,76.0,530.0,119.0,72.0,455,0
5339463621,13108,江東区,35.692708333333336,139.8328125,3948,427.0,2152.0,1367.0,899.0,1988,0
5339463622,13108,江東区,35.692708333333336,139.8359375,2367,331.0,1556.0,476.0,143.0,1074,0
5339463623,13108,江東区,35.69479166666667,139.8328125,1265,125.0,878.0,248.0,124.0,735,0
5339463624,13108,江東区,35.69479166666667,139.8359375,1418,156.0,962.0,296.0,81.0,736,0
5339463631,13108,江東区,35.696875000000006,139.8265625,1078,54.0,818.0,190.0,102.0,741,0
5339463632,13108,江東区,35.696875000000006,139.8296875,1210,130.0,873.0,197.0,73.0,675,0
5339463633,13108,江東区,35.69895833333334,139.8265625,1417,109.0,1004.0,298.0,120.0,926,0
5339463634,13108,江東区,35.69895833333334,139.8296875,2175,196.0,1543.0,424.0,145.0,1291,0
5339463641,13108,江東区,35.696875000000006,139.8328125,1367,152.0,969.0,238.0,94.0,760,0
5339463642,13108,江東区,35.696875000000006,139.8359375,2392,222.0,1463.0,699.0,238.0,1393,0
5339463643,13108,江東区,35.69895833333334,139.8328125,1321,128.0,901.0,291.0,87.0,777,0
5339463644,13108,江東区,35.69895833333334,139.8359375,896,91.0,605.0,199.0,45.0,512,0
5339463711,13108,江東区,35.692708333333336,139.8390625,2435,201.0,1373.0,842.0,159.0,1335,0
5339463712,13108,江東区,35.692708333333336,139.84218750000002,1833,185.0,1168.0,453.0,54.0,989,0
5339463713,13108,江東区,35.69479166666667,139.8390625,2234,430.0,1460.0,342.0,283.0,970,0
5339463714,13108,江東区,35.69479166666667,139.84218750000002,1170,170.0,735.0,263.0,41.0,538,0
5339463721,13108,江東区,35.692708333333336,139.8453125,800,47.0,324.0,429.0,22.0,349,0
5339463722,13123,江戸川区,35.692708333333336,139.84843750000002,199,14.0,108.0,77.0,8.0,91,0
5339463723,13108,江東区,35.69479166666667,139.8453125,1828,369.0,1048.0,322.0,83.0,675,0
5339463724,13123,江戸川区,35.69479166666667,139.84843750000002,1402,258.0,846.0,296.0,101.0,570,0
5339463731,13108,江東区,35.696875000000006,139.8390625,2635,422.0,1735.0,469.0,197.0,1392,0
5339463732,13108,江東区,35.696875000000006,139.84218750000002,1786,258.0,1280.0,242.0,120.0,930,0
5339463733,13108,江東区,35.69895833333334,139.8390625,1556,288.0,892.0,367.0,94.0,641,0
5339463734,13108,江東区,35.69895833333334,139.84218750000002,1968,255.0,1081.0,625.0,138.0,838,0
5339463741,13108,江東区,35.696875000000006,139.8453125,1944,341.0,1313.0,286.0,48.0,696,0
5339463742,13123,江戸川区,35.696875000000006,139.84843750000002,847,70.0,513.0,263.0,87.0,383,0
5339463743,13123,江戸川区,35.69895833333334,139.8453125,1238,110.0,708.0,415.0,33.0,542,0
5339463744,13123,江戸川区,35.69895833333334,139.84843750000002,1883,279.0,1285.0,299.0,85.0,715,0
5339463813,13123,江戸川区,35.69479166666667,139.8515625,1008,111.0,658.0,232.0,28.0,400,0
5339463814,13123,江戸川区,35.69479166666667,139.8546875,276,24.0,142.0,106.0,10.0,134,0
5339463822,13123,江戸川区,35.692708333333336,139.8609375,145,13.0,78.0,47.0,1.0,72,0
5339463824,13123,江戸川区,35.69479166666667,139.8609375,125,19.0,78.0,24.0,1.0,51,0
5339463831,13123,江戸川区,35.696875000000006,139.8515625,1194,132.0,654.0,404.0,77.0,582,0
5339463832,13123,江戸川区,35.696875000000006,139.8546875,468,47.0,310.0,106.0,11.0,187,0
5339463833,13123,江戸川区,35.69895833333334,139.8515625,2248,313.0,1516.0,405.0,71.0,779,0
5339463834,13123,江戸川区,35.69895833333334,139.8546875,470,82.0,189.0,199.0,53.0,261,0
5339463842,13123,江戸川区,35.696875000000006,139.8609375,226,26.0,133.0,63.0,2.0,97,0
5339463844,13123,江戸川区,35.69895833333334,139.8609375,272,31.0,165.0,75.0,9.0,106,0
5339463911,13123,江戸川区,35.692708333333336,139.86406250000002,1171,179.0,756.0,196.0,38.0,523,0
5339463912,13123,江戸川区,35.692708333333336,139.86718750000003,1673,266.0,1062.0,298.0,56.0,700,0
5339463913,13123,江戸川区,35.69479166666667,139.86406250000002,881,88.0,439.0,319.0,26.0,386,0
5339463914,13123,江戸川区,35.69479166666667,139.86718750000003,1679,199.0,1093.0,353.0,50.0,816,0
5339463921,13123,江戸川区,35.692708333333336,139.8703125,1408,333.0,925.0,149.0,37.0,488,0
5339463922,13123,江戸川区,35.692708333333336,139.87343750000002,973,132.0,661.0,176.0,25.0,381,0
5339463923,13123,江戸川区,35.69479166666667,139.8703125,1163,168.0,720.0,266.0,42.0,513,0
5339463924,13123,江戸川区,35.69479166666667,139.87343750000002,1207,136.0,645.0,425.0,26.0,440,0
5339463931,13123,江戸川区,35.696875000000006,139.86406250000002,1077,134.0,627.0,307.0,22.0,459,0
5339463932,13123,江戸川区,35.696875000000006,139.86718750000003,1031,115.0,685.0,228.0,21.0,446,0
5339463933,13123,江戸川区,35.69895833333334,139.86406250000002,666,49.0,321.0,282.0,9.0,274,0
5339463934,13123,江戸川区,35.69895833333334,139.86718750000003,683,50.0,352.0,266.0,14.0,325,0
5339463941,13123,江戸川区,35.696875000000006,139.8703125,804,100.0,470.0,220.0,28.0,357,0
5339463942,13123,江戸川区,35.696875000000006,139.87343750000002,1150,133.0,685.0,320.0,35.0,442,0
5339463943,13123,江戸川区,35.69895833333334,139.8703125,719,106.0,403.0,198.0,12.0,311,0
5339463944,13123,江戸川区,35.69895833333334,139.87343750000002,816,109.0,458.0,242.0,17.0,377,0
5339464011,13101,千代田区,35.70104166666667,139.7515625,367,25.0,289.0,53.0,29.0,231,0
5339464012,13101,千代田区,35.70104166666667,139.75468750000002,238,27.0,153.0,58.0,16.0,119,0
5339464013,13105,文京区,35.703125,139.7515625,271,30.0,165.0,47.0,5.0,155,0
5339464014,13105,文京区,35.703125,139.75468750000002,265,20.0,144.0,59.0,4.0,179,0
5339464021,13101,千代田区,35.70104166666667,139.7578125,728,68.0,509.0,93.0,30.0,493,0
5339464022,13101,千代田区,35.70104166666667,139.7609375,189,0.0,178.0,11.0,1.0,175,0
5339464023,13105,文京区,35.703125,139.7578125,1036,94.0,618.0,158.0,23.0,695,0
5339464024,13105,文京区,35.703125,139.7609375,306,40.0,175.0,60.0,5.0,170,0
5339464032,13105,文京区,35.70520833333334,139.75468750000002,876,87.0,568.0,70.0,26.0,578,0
5339464033,13105,文京区,35.70729166666667,139.7515625,30,0.0,3.0,27.0,0.0,26,0
5339464034,13105,文京区,35.70729166666667,139.75468750000002,2168,341.0,1327.0,362.0,65.0,1096,0
5339464041,13105,文京区,35.70520833333334,139.7578125,2449,334.0,1536.0,407.0,86.0,1296,0
5339464042,13105,文京区,35.70520833333334,139.7609375,1733,122.0,1131.0,220.0,69.0,1255,0
5339464043,13105,文京区,35.70729166666667,139.7578125,1611,192.0,1038.0,260.0,41.0,856,0
5339464044,13105,文京区,35.70729166666667,139.7609375,702,32.0,444.0,117.0,16.0,509,0
5339464111,13105,文京区,35.70104166666667,139.7640625,14,,,,,2,2
5339464112,13105,文京区,35.70104166666667,139.7671875,1032,120.0,729.0,117.0,14.0,638,1
5339464113,13105,文京区,35.703125,139.7640625,1348,82.0,843.0,215.0,47.0,921,0
5339464114,13105,文京区,35.703125,139.7671875,1991,143.0,1367.0,238.0,60.0,1414,0
5339464121,13101,千代田区,35.70104166666667,139.7703125,554,53.0,392.0,109.0,12.0,305,0
5339464122,13101,千代田区,35.70104166666667,139.7734375,1017,129.0,709.0,175.0,48.0,572,0
5339464123,13101,千代田区,35.703125,139.7703125,879,75.0,602.0,182.0,34.0,568,0
5339464124,13106,台東区,35.703125,139.7734375,801,49.0,601.0,151.0,56.0,545,0
5339464131,13105,文京区,35.70520833333334,139.7640625,1733,153.0,1133.0,285.0,76.0,1106,0
5339464132,13105,文京区,35.70520833333334,139.7671875,1992,169.0,1316.0,271.0,90.0,1306,0
5339464133,13105,文京区,35.70729166666667,139.7640625,1502,150.0,957.0,210.0,56.0,980,0
5339464134,13105,文京区,35.70729166666667,139.7671875,1452,123.0,825.0,316.0,66.0,869,0
5339464141,13101,千代田区,35.70520833333334,139.7703125,1605,129.0,1101.0,239.0,72.0,1071,0
5339464142,13106,台東区,35.70520833333334,139.7734375,792,47.0,574.0,161.0,113.0,501,0
5339464143,13106,台東区,35.70729166666667,139.7703125,1262,93.0,765.0,211.0,82.0,870,0
5339464144,13106,台東区,35.70729166666667,139.7734375,52,1.0,33.0,18.0,3.0,27,0
5339464211,13106,台東区,35.70104166666667,139.7765625,980,76.0,735.0,164.0,64.0,617,0
5339464212,13106,台東区,35.70104166666667,139.77968750000002,1675,160.0,1227.0,287.0,111.0,985,0
5339464213,13106,台東区,35.703125,139.7765625,1082,41.0,856.0,170.0,127.0,789,0
5339464214,13106,台東区,35.703125,139.77968750000002,2035,199.0,1478.0,345.0,221.0,1217,0
5339464221,13106,台東区,35.70104166666667,139.7828125,1716,164.0,1194.0,351.0,148.0,1038,0
5339464222,13106,台東区,35.70104166666667,139.78593750000002,1962,185.0,1423.0,342.0,136.0,1182,0
5339464223,13106,台東区,35.703125,139.7828125,2737,228.0,1886.0,593.0,224.0,1689,0
5339464224,13106,台東区,35.703125,139.78593750000002,2743,290.0,2020.0,416.0,301.0,1535,0
5339464231,13106,台東区,35.70520833333334,139.7765625,1262,69.0,929.0,256.0,219.0,835,0
5339464232,13106,台東区,35.70520833333334,139.77968750000002,2029,153.0,1388.0,467.0,230.0,1190,0
5339464233,13106,台東区,35.70729166666667,139.7765625,368,17.0,243.0,95.0,121.0,249,0
5339464234,13106,台東区,35.70729166666667,139.77968750000002,1310,95.0,975.0,230.0,138.0,829,0
5339464241,13106,台東区,35.70520833333334,139.7828125,2123,164.0,1492.0,456.0,191.0,1257,0
5339464242,13106,台東区,35.70520833333334,139.78593750000002,2628,238.0,1954.0,413.0,260.0,1604,0
5339464243,13106,台東区,35.70729166666667,139.7828125,1368,121.0,965.0,270.0,99.0,774,0
5339464244,13106,台東区,35.70729166666667,139.78593750000002,2701,287.0,1979.0,409.0,223.0,1547,0
5339464311,13106,台東区,35.70104166666667,139.7890625,1042,71.0,828.0,141.0,68.0,668,0
5339464312,13106,台東区,35.70104166666667,139.7921875,294,39.0,253.0,2.0,9.0,175,0
5339464313,13106,台東区,35.703125,139.7890625,1538,157.0,1105.0,265.0,88.0,928,0
5339464314,13106,台東区,35.703125,139.7921875,1225,119.0,926.0,177.0,44.0,715,0
5339464321,13107,墨田区,35.70104166666667,139.7953125,1374,135.0,872.0,366.0,51.0,655,0
5339464322,13107,墨田区,35.70104166666667,139.7984375,1817,145.0,1351.0,321.0,48.0,1100,0
5339464323,13107,墨田区,35.703125,139.7953125,658,74.0,445.0,132.0,24.0,332,0
5339464324,13107,墨田区,35.703125,139.7984375,1432,120.0,1045.0,266.0,29.0,841,0
5339464331,13106,台東区,35.70520833333334,139.7890625,2401,276.0,1841.0,273.0,106.0,1404,0
5339464332,13106,台東区,35.70520833333334,139.7921875,2485,274.0,1794.0,404.0,190.0,1446,0
5339464333,13106,台東区,35.70729166666667,139.7890625,1853,216.0,1260.0,366.0,82.0,1009,0
5339464334,13106,台東区,35.70729166666667,139.7921875,2609,263.0,1849.0,468.0,153.0,1501,0
5339464341,13106,台東区,35.70520833333334,139.7953125,681,91.0,477.0,112.0,44.0,392,0
5339464342,13107,墨田区,35.70520833333334,139.7984375,1301,128.0,913.0,260.0,40.0,706,0
5339464343,13106,台東区,35.70729166666667,139.7953125,1101,111.0,802.0,172.0,60.0,671,0
5339464344,13107,墨田区,35.70729166666667,139.7984375,974,48.0,761.0,165.0,33.0,682,0
5339464411,13107,墨田区,35.70104166666667,139.80156250000002,2175,291.0,1518.0,365.0,54.0,1069,0
5339464412,13107,墨田区,35.70104166666667,139.80468750000003,2212,231.0,1645.0,334.0,65.0,1312,0
5339464413,13107,墨田区,35.703125,139.80156250000002,1590,132.0,1102.0,351.0,36.0,884,0
5339464414,13107,墨田区,35.703125,139.80468750000003,1602,184.0,1094.0,314.0,55.0,841,0
5339464421,13107,墨田区,35.70104166666667,139.8078125,2025,284.0,1450.0,291.0,112.0,1052,0
5339464422,13107,墨田区,35.70104166666667,139.81093750000002,1825,198.0,1235.0,381.0,122.0,1013,0
5339464423,13107,墨田区,35.703125,139.8078125,1000,85.0,736.0,179.0,33.0,600,0
5339464424,13107,墨田区,35.703125,139.81093750000002,1745,138.0,1255.0,346.0,88.0,1093,0
5339464431,13107,墨田区,35.70520833333334,139.80156250000002,1391,113.0,895.0,379.0,35.0,736,0
5339464432,13107,墨田区,35.70520833333334,139.80468750000003,1725,165.0,1203.0,354.0,52.0,979,0
5339464433,13107,墨田区,35.70729166666667,139.80156250000002,1515,138.0,980.0,397.0,25.0,838,0
5339464434,13107,墨田区,35.70729166666667,139.80468750000003,1881,182.0,1327.0,366.0,36.0,1097,0
5339464441,13107,墨田区,35.70520833333334,139.8078125,1806,208.0,1325.0,273.0,60.0,896,0
5339464442,13107,墨田区,35.70520833333334,139.81093750000002,791,52.0,619.0,119.0,18.0,482,0
5339464443,13107,墨田区,35.70729166666667,139.8078125,1639,203.0,1039.0,379.0,25.0,864,0
5339464444,13107,墨田区,35.70729166666667,139.81093750000002,1454,126.0,961.0,357.0,16.0,723,0
5339464511,13107,墨田区,35.70104166666667,139.8140625,1856,157.0,1421.0,272.0,152.0,1200,0
5339464512,13107,墨田区,35.70104166666667,139.81718750000002,2965,302.0,1958.0,697.0,184.0,1557,0
5339464513,13107,墨田区,35.703125,139.8140625,1909,177.0,1348.0,383.0,177.0,1089,0
5339464514,13107,墨田区,35.703125,139.81718750000002,2186,184.0,1425.0,577.0,92.0,1158,0
5339464521,13108,江東区,35.70104166666667,139.8203125,1638,148.0,1068.0,410.0,212.0,927,0
5339464522,13108,江東区,35.70104166666667,139.8234375,2805,253.0,2003.0,530.0,422.0,1721,0
5339464523,13108,江東区,35.703125,139.8203125,1189,95.0,817.0,265.0,67.0,702,0
5339464524,13108,江東区,35.703125,139.8234375,1335,88.0,859.0,356.0,133.0,793,0
5339464531,13107,墨田区,35.70520833333334,139.8140625,1803,153.0,1289.0,358.0,52.0,1035,0
5339464532,13107,墨田区,35.70520833333334,139.81718750000002,2170,252.0,1260.0,658.0,140.0,1048,0
5339464533,13107,墨田区,35.70729166666667,139.8140625,2081,176.0,1527.0,374.0,65.0,1275,0
5339464534,13107,墨田区,35.70729166666667,139.81718750000002,2554,338.0,1785.0,431.0,71.0,1260,0
5339464541,13108,江東区,35.70520833333334,139.8203125,2011,263.0,1306.0,406.0,69.0,1051,0
5339464542,13108,江東区,35.70520833333334,139.8234375,1602,148.0,1062.0,362.0,58.0,881,0
5339464543,13108,江東区,35.70729166666667,139.8203125,1137,86.0,415.0,622.0,35.0,498,0
5339464544,13107,墨田区,35.70729166666667,139.8234375,1731,181.0,1042.0,507.0,66.0,757,0
5339464611,13108,江東区,35.70104166666667,139.8265625,1590,101.0,1231.0,253.0,149.0,1116,0
5339464612,13108,江東区,35.70104166666667,139.8296875,1720,146.0,1164.0,400.0,101.0,1016,0
5339464613,13108,江東区,35.703125,139.8265625,1190,76.0,850.0,254.0,69.0,754,0
5339464614,13108,江東区,35.703125,139.8296875,1111,105.0,751.0,252.0,92.0,627,0
5339464621,13108,江東区,35.70104166666667,139.8328125,1627,148.0,1151.0,322.0,115.0,968,0
5339464622,13108,江東区,35.70104166666667,139.8359375,454,34.0,290.0,129.0,18.0,231,0
5339464623,13107,墨田区,35.703125,139.8328125,1537,254.0,1038.0,242.0,85.0,714,0
5339464624,13123,江戸川区,35.703125,139.8359375,102,6.0,66.0,30.0,4.0,47,0
5339464631,13107,墨田区,35.70520833333334,139.8265625,1383,159.0,1004.0,213.0,65.0,635,0
5339464632,13107,墨田区,35.70520833333334,139.8296875,3062,183.0,1464.0,1415.0,537.0,1732,0
5339464633,13107,墨田区,35.70729166666667,139.8265625,928,69.0,683.0,167.0,75.0,521,0
5339464634,13107,墨田区,35.70729166666667,139.8296875,1147,95.0,653.0,396.0,71.0,606,0
5339464641,13107,墨田区,35.70520833333334,139.8328125,1574,151.0,844.0,578.0,110.0,733,0
5339464642,13123,江戸川区,35.70520833333334,139.8359375,718,85.0,365.0,251.0,40.0,350,0
5339464643,13107,墨田区,35.70729166666667,139.8328125,1415,109.0,893.0,410.0,56.0,781,0
5339464644,13107,墨田区,35.70729166666667,139.8359375,638,57.0,438.0,142.0,21.0,337,0
5339464711,13108,江東区,35.70104166666667,139.8390625,801,175.0,447.0,177.0,21.0,321,0
5339464712,13123,江戸川区,35.70104166666667,139.84218750000002,1332,338.0,813.0,151.0,89.0,511,0
5339464713,13123,江戸川区,35.703125,139.8390625,1544,51.0,555.0,933.0,102.0,927,0
5339464714,13123,江戸川区,35.703125,139.84218750000002,1439,104.0,841.0,402.0,144.0,854,0
5339464721,13123,江戸川区,35.70104166666667,139.8453125,1383,108.0,852.0,401.0,52.0,731,0
5339464722,13123,江戸川区,35.70104166666667,139.84843750000002,1294,145.0,785.0,311.0,74.0,694,0
5339464723,13123,江戸川区,35.703125,139.8453125,1219,83.0,766.0,307.0,74.0,713,0
5339464724,13123,江戸川区,35.703125,139.84843750000002,956,59.0,585.0,265.0,45.0,578,0
5339464731,13123,江戸川区,35.70520833333334,139.8390625,923,57.0,613.0,204.0,56.0,595,0
5339464732,13123,江戸川区,35.70520833333334,139.84218750000002,1929,153.0,1279.0,437.0,237.0,1112,0
5339464733,13123,江戸川区,35.70729166666667,139.8390625,1150,59.0,755.0,295.0,74.0,730,0
5339464734,13123,江戸川区,35.70729166666667,139.84218750000002,1263,95.0,844.0,259.0,162.0,777,0
5339464741,13123,江戸川区,35.70520833333334,139.8453125,1270,129.0,845.0,248.0,76.0,695,0
5339464742,13123,江戸川区,35.70520833333334,139.84843750000002,1330,115.0,788.0,343.0,68.0,792,0
5339464743,13123,江戸川区,35.70729166666667,139.8453125,1677,132.0,1056.0,400.0,160.0,1075,0
5339464744,13123,江戸川区,35.70729166666667,139.84843750000002,2533,510.0,1698.0,281.0,216.0,1017,0
5339464811,13123,江戸川区,35.70104166666667,139.8515625,1276,141.0,792.0,312.0,60.0,593,0
5339464812,13123,江戸川区,35.70104166666667,139.8546875,17,0.0,12.0,5.0,0.0,8,0
5339464813,13123,江戸川区,35.703125,139.8515625,439,49.0,276.0,105.0,11.0,208,0
5339464822,13123,江戸川区,35.70104166666667,139.8609375,474,47.0,328.0,91.0,4.0,235,0
5339464824,13123,江戸川区,35.703125,139.8609375,704,107.0,411.0,176.0,33.0,298,0
5339464831,13123,江戸川区,35.70520833333334,139.8515625,639,54.0,403.0,170.0,24.0,347,0
5339464833,13123,江戸川区,35.70729166666667,139.8515625,31,1.0,15.0,9.0,4.0,19,0
5339464842,13123,江戸川区,35.70520833333334,139.8609375,726,82.0,431.0,206.0,13.0,312,0
5339464843,13123,江戸川区,35.70729166666667,139.8578125,159,5.0,101.0,49.0,5.0,90,0
5339464844,13123,江戸川区,35.70729166666667,139.8609375,898,98.0,579.0,217.0,46.0,394,0
5339464911,13123,江戸川区,35.70104166666667,139.86406250000002,1271,100.0,692.0,436.0,32.0,550,0
5339464912,13123,江戸川区,35.70104166666667,139.86718750000003,1163,144.0,675.0,314.0,39.0,539,0
5339464913,13123,江戸川区,35.703125,139.86406250000002,788,102.0,496.0,174.0,29.0,350,0
5339464914,13123,江戸川区,35.703125,139.86718750000003,1063,114.0,609.0,318.0,29.0,537,0
5339464921,13123,江戸川区,35.70104166666667,139.8703125,949,171.0,589.0,183.0,16.0,381,0
5339464922,13123,江戸川区,35.70104166666667,139.87343750000002,1343,144.0,833.0,323.0,29.0,563,0
5339464923,13123,江戸川区,35.703125,139.8703125,891,105.0,578.0,191.0,33.0,382,0
5339464924,13123,江戸川区,35.703125,139.87343750000002,1340,128.0,788.0,405.0,28.0,565,0
5339464931,13123,江戸川区,35.70520833333334,139.86406250000002,1106,143.0,698.0,255.0,36.0,474,0
5339464932,13123,江戸川区,35.70520833333334,139.86718750000003,1051,137.0,614.0,281.0,36.0,481,0
5339464933,13123,江戸川区,35.70729166666667,139.86406250000002,1249,198.0,811.0,221.0,56.0,563,0
5339464934,13123,江戸川区,35.70729166666667,139.86718750000003,645,51.0,403.0,179.0,29.0,332,0
5339464941,13123,江戸川区,35.70520833333334,139.8703125,1255,153.0,772.0,327.0,28.0,564,0
5339464942,13123,江戸川区,35.70520833333334,139.87343750000002,1022,105.0,637.0,266.0,34.0,479,0
5339464943,13123,江戸川区,35.70729166666667,139.8703125,803,49.0,411.0,340.0,17.0,419,0
5339464944,13123,江戸川区,35.70729166666667,139.87343750000002,1206,134.0,661.0,391.0,47.0,578,0
5339465011,13105,文京区,35.709375,139.7515625,1410,195.0,882.0,172.0,40.0,825,0
5339465012,13105,文京区,35.709375,139.75468750000002,1616,184.0,924.0,371.0,49.0,916,0
5339465013,13105,文京区,35.71145833333333,139.7515625,2951,349.0,1858.0,550.0,65.0,1641,0
5339465014,13105,文京区,35.71145833333333,139.75468750000002,2143,251.0,1397.0,323.0,56.0,1212,0
5339465021,13105,文京区,35.709375,139.7578125,2281,255.0,1496.0,361.0,118.0,1290,0
5339465022,13105,文京区,35.709375,139.7609375,646,65.0,416.0,99.0,24.0,387,0
5339465023,13105,文京区,35.71145833333333,139.7578125,1704,217.0,1106.0,256.0,78.0,974,0
5339465024,13105,文京区,35.71145833333333,139.7609375,296,19.0,199.0,48.0,11.0,188,0
5339465031,13105,文京区,35.71354166666667,139.7515625,3279,484.0,2145.0,507.0,95.0,1670,0
5339465032,13105,文京区,35.71354166666667,139.75468750000002,1087,130.0,677.0,214.0,37.0,540,0
5339465033,13105,文京区,35.715625,139.7515625,2021,174.0,1276.0,376.0,88.0,1258,0
5339465034,13105,文京区,35.715625,139.75468750000002,1271,187.0,763.0,255.0,49.0,620,0
5339465041,13105,文京区,35.71354166666667,139.7578125,1825,204.0,1127.0,305.0,145.0,1098,0
5339465043,13105,文京区,35.715625,139.7578125,1440,144.0,911.0,260.0,76.0,834,0
5339465044,13105,文京区,35.715625,139.7609375,116,2.0,88.0,12.0,20.0,94,0
5339465111,13105,文京区,35.709375,139.7640625,780,94.0,445.0,203.0,12.0,353,0
5339465112,13106,台東区,35.709375,139.7671875,890,86.0,510.0,233.0,34.0,492,0
5339465114,13105,文京区,35.71145833333333,139.7671875,1786,240.0,1245.0,225.0,121.0,998,0
5339465121,13106,台東区,35.709375,139.7703125,255,17.0,143.0,79.0,10.0,148,0
5339465122,13106,台東区,35.709375,139.7734375,94,5.0,48.0,31.0,14.0,58,0
5339465124,13106,台東区,35.71145833333333,139.7734375,31,0.0,24.0,6.0,12.0,25,0
5339465131,13105,文京区,35.71354166666667,139.7640625,181,18.0,112.0,36.0,15.0,107,0
5339465132,13106,台東区,35.71354166666667,139.7671875,1787,185.0,1206.0,386.0,89.0,1069,0
5339465133,13105,文京区,35.715625,139.7640625,654,61.0,419.0,116.0,34.0,364,0
5339465134,13106,台東区,35.715625,139.7671875,1653,202.0,1067.0,344.0,67.0,905,0
5339465142,13106,台東区,35.71354166666667,139.7734375,12,,,,,3,2
5339465143,13106,台東区,35.715625,139.7703125,292,38.0,200.0,74.0,13.0,166,1
5339465144,13106,台東区,35.715625,139.7734375,11,,,,,11,2
5339465211,13106,台東区,35.709375,139.7765625,442,18.0,306.0,110.0,115.0,293,0
5339465212,13106,台東区,35.709375,139.77968750000002,1096,96.0,775.0,207.0,179.0,701,0
5339465213,13106,台東区,35.71145833333333,139.7765625,128,2.0,77.0,44.0,20.0,76,0
5339465214,13106,台東区,35.71145833333333,139.77968750000002,956,88.0,583.0,268.0,82.0,537,0
5339465221,13106,台東区,35.709375,139.7828125,1544,111.0,1051.0,345.0,124.0,982,0
5339465222,13106,台東区,35.709375,139.78593750000002,1986,191.0,1398.0,380.0,139.0,1169,0
5339465223,13106,台東区,35.71145833333333,139.7828125,1215,111.0,837.0,241.0,83.0,726,0
5339465224,13106,台東区,35.71145833333333,139.78593750000002,1227,114.0,842.0,252.0,99.0,695,0
5339465231,13106,台東区,35.71354166666667,139.7765625,79,2.0,46.0,31.0,9.0,69,0
5339465232,13106,台東区,35.71354166666667,139.77968750000002,1005,64.0,689.0,218.0,105.0,654,0
5339465233,13106,台東区,35.715625,139.7765625,11,0.0,0.0,0.0,0.0,11,0
5339465234,13106,台東区,35.715625,139.77968750000002,972,81.0,758.0,129.0,91.0,585,0
5339465241,13106,台東区,35.71354166666667,139.7828125,1960,206.0,1336.0,383.0,120.0,1078,0
5339465242,13106,台東区,35.71354166666667,139.78593750000002,1640,148.0,1119.0,361.0,83.0,901,0
5339465243,13106,台東区,35.715625,139.7828125,1981,199.0,1417.0,348.0,204.0,1175,0
5339465244,13106,台東区,35.715625,139.78593750000002,2571,264.0,1784.0,498.0,134.0,1476,0
5339465311,13106,台東区,35.709375,139.7890625,1613,177.0,1057.0,366.0,54.0,886,0
5339465312,13106,台東区,35.709375,139.7921875,1549,100.0,964.0,464.0,77.0,877,0
5339465313,13106,台東区,35.71145833333333,139.7890625,1345,117.0,943.0,259.0,69.0,816,0
5339465314,13106,台東区,35.71145833333333,139.7921875,1315,74.0,860.0,353.0,74.0,817,0
5339465321,13106,台東区,35.709375,139.7953125,2001,131.0,1356.0,480.0,58.0,1228,0
5339465322,13107,墨田区,35.709375,139.7984375,344,23.0,231.0,85.0,2.0,217,0
5339465323,13106,台東区,35.71145833333333,139.7953125,1042,88.0,624.0,309.0,22.0,585,0
5339465324,13106,台東区,35.71145833333333,139.7984375,446,27.0,302.0,112.0,17.0,279,0
5339465331,13106,台東区,35.71354166666667,139.7890625,1627,101.0,1142.0,375.0,145.0,1029,0
5339465332,13106,台東区,35.71354166666667,139.7921875,1168,90.0,803.0,275.0,76.0,726,0
5339465333,13106,台東区,35.715625,139.7890625,3074,445.0,1980.0,642.0,142.0,1539,0
5339465334,13106,台東区,35.715625,139.7921875,1357,136.0,936.0,277.0,105.0,835,0
5339465341,13106,台東区,35.71354166666667,139.7953125,363,21.0,202.0,132.0,33.0,222,0
5339465342,13106,台東区,35.71354166666667,139.7984375,1003,108.0,703.0,185.0,20.0,535,0
5339465343,13106,台東区,35.715625,139.7953125,1097,91.0,708.0,289.0,62.0,641,0
5339465344,13106,台東区,35.715625,139.7984375,1393,102.0,846.0,422.0,43.0,807,0
5339465411,13107,墨田区,35.709375,139.80156250000002,2011,150.0,1471.0,390.0,111.0,1233,0
5339465412,13107,墨田区,35.709375,139.80468750000003,1183,117.0,789.0,277.0,32.0,679,0
5339465413,13107,墨田区,35.71145833333333,139.80156250000002,183,15.0,139.0,29.0,1.0,87,0
5339465414,13107,墨田区,35.71145833333333,139.80468750000003,1170,87.0,778.0,305.0,34.0,700,0
5339465421,13107,墨田区,35.709375,139.8078125,1037,103.0,699.0,234.0,22.0,524,0
5339465422,13107,墨田区,35.709375,139.81093750000002,1095,110.0,808.0,177.0,51.0,642,0
5339465423,13107,墨田区,35.71145833333333,139.8078125,1694,135.0,1163.0,370.0,46.0,1028,0
5339465424,13107,墨田区,35.71145833333333,139.81093750000002,1307,127.0,817.0,362.0,27.0,700,0
5339465431,13106,台東区,35.71354166666667,139.80156250000002,543,49.0,356.0,135.0,30.0,304,0
5339465432,13107,墨田区,35.71354166666667,139.80468750000003,472,41.0,323.0,103.0,11.0,238,0
5339465433,13106,台東区,35.715625,139.80156250000002,1478,146.0,1055.0,267.0,57.0,844,0
5339465441,13107,墨田区,35.71354166666667,139.8078125,2259,215.0,1485.0,559.0,39.0,1091,0
5339465442,13107,墨田区,35.71354166666667,139.81093750000002,1941,258.0,1391.0,289.0,41.0,1060,0
5339465443,13107,墨田区,35.715625,139.8078125,1705,163.0,1272.0,270.0,48.0,1035,0
5339465444,13107,墨田区,35.715625,139.81093750000002,2012,166.0,1441.0,395.0,58.0,1188,0
5339465511,13107,墨田区,35.709375,139.8140625,965,68.0,739.0,149.0,12.0,642,0
5339465512,13107,墨田区,35.709375,139.81718750000002,1251,102.0,860.0,279.0,28.0,753,0
5339465513,13107,墨田区,35.71145833333333,139.8140625,786,52.0,568.0,162.0,13.0,426,0
5339465514,13107,墨田区,35.71145833333333,139.81718750000002,1436,131.0,939.0,363.0,59.0,759,0
5339465521,13107,墨田区,35.709375,139.8203125,1561,101.0,887.0,573.0,49.0,896,0
5339465522,13107,墨田区,35.709375,139.8234375,1260,122.0,594.0,544.0,69.0,670,0
5339465523,13107,墨田区,35.71145833333333,139.8203125,1368,166.0,867.0,335.0,48.0,623,0
5339465524,13107,墨田区,35.71145833333333,139.8234375,687,58.0,372.0,257.0,10.0,373,0
5339465531,13107,墨田区,35.71354166666667,139.8140625,1285,114.0,783.0,383.0,18.0,628,0
5339465532,13107,墨田区,35.71354166666667,139.81718750000002,1608,174.0,1065.0,369.0,39.0,820,0
5339465533,13107,墨田区,35.715625,139.8140625,1591,177.0,968.0,440.0,25.0,732,0
5339465534,13107,墨田区,35.715625,139.81718750000002,2904,405.0,2069.0,427.0,87.0,1481,0
5339465541,13107,墨田区,35.71354166666667,139.8203125,1380,128.0,783.0,468.0,29.0,682,0
5339465542,13107,墨田区,35.71354166666667,139.8234375,1416,134.0,775.0,507.0,16.0,707,0
5339465543,13107,墨田区,35.715625,139.8203125,1705,243.0,1077.0,384.0,22.0,807,0
5339465544,13107,墨田区,35.715625,139.8234375,1712,173.0,1065.0,473.0,45.0,899,0
5339465611,13107,墨田区,35.709375,139.8265625,1565,158.0,1018.0,389.0,61.0,781,0
5339465612,13107,墨田区,35.709375,139.8296875,1253,168.0,739.0,346.0,29.0,605,0
5339465613,13107,墨田区,35.71145833333333,139.8265625,2582,367.0,1802.0,413.0,40.0,1041,0
5339465614,13107,墨田区,35.71145833333333,139.8296875,1529,178.0,1064.0,285.0,54.0,767,0
5339465621,13107,墨田区,35.709375,139.8328125,1109,115.0,743.0,249.0,49.0,485,0
5339465622,13107,墨田区,35.709375,139.8359375,1442,166.0,893.0,383.0,80.0,690,0
5339465623,13107,墨田区,35.71145833333333,139.8328125,1244,139.0,803.0,302.0,41.0,554,0
5339465624,13107,墨田区,35.71145833333333,139.8359375,868,69.0,370.0,429.0,47.0,405,0
5339465631,13107,墨田区,35.71354166666667,139.8265625,1349,163.0,896.0,290.0,30.0,627,0
5339465632,13107,墨田区,35.71354166666667,139.8296875,1228,167.0,844.0,217.0,45.0,551,0
5339465633,13107,墨田区,35.715625,139.8265625,1327,142.0,855.0,330.0,13.0,621,0
5339465634,13107,墨田区,35.715625,139.8296875,710,87.0,490.0,133.0,33.0,386,0
5339465641,13107,墨田区,35.71354166666667,139.8328125,1400,383.0,853.0,164.0,108.0,495,0
5339465642,13123,江戸川区,35.71354166666667,139.8359375,894,151.0,473.0,270.0,56.0,340,0
5339465643,13107,墨田区,35.715625,139.8328125,885,261.0,556.0,62.0,40.0,289,0
5339465644,13123,江戸川区,35.715625,139.8359375,1666,433.0,999.0,224.0,135.0,628,0
5339465711,13107,墨田区,35.709375,139.8390625,705,83.0,454.0,155.0,35.0,347,0
5339465712,13123,江戸川区,35.709375,139.84218750000002,1549,151.0,1017.0,300.0,123.0,929,0
5339465713,13123,江戸川区,35.71145833333333,139.8390625,625,83.0,379.0,156.0,7.0,298,0
5339465714,13123,江戸川区,35.71145833333333,139.84218750000002,1323,131.0,861.0,296.0,76.0,750,0
5339465721,13123,江戸川区,35.709375,139.8453125,1678,174.0,1035.0,424.0,105.0,918,0
5339465722,13123,江戸川区,35.709375,139.84843750000002,547,59.0,342.0,128.0,27.0,259,0
5339465723,13123,江戸川区,35.71145833333333,139.8453125,1070,68.0,653.0,322.0,65.0,588,0
5339465724,13123,江戸川区,35.71145833333333,139.84843750000002,15,1.0,11.0,3.0,1.0,9,0
5339465731,13123,江戸川区,35.71354166666667,139.8390625,1285,110.0,742.0,414.0,39.0,626,0
5339465732,13123,江戸川区,35.71354166666667,139.84218750000002,1228,136.0,706.0,348.0,36.0,592,0
5339465733,13123,江戸川区,35.715625,139.8390625,1129,190.0,697.0,229.0,43.0,485,0
5339465734,13123,江戸川区,35.715625,139.84218750000002,885,162.0,627.0,89.0,27.0,356,0
5339465741,13123,江戸川区,35.71354166666667,139.8453125,190,12.0,107.0,62.0,13.0,114,0
5339465744,13122,葛飾区,35.715625,139.84843750000002,8,0.0,2.0,6.0,0.0,8,0
5339465814,13123,江戸川区,35.71145833333333,139.8546875,203,17.0,140.0,40.0,11.0,123,0
5339465821,13123,江戸川区,35.709375,139.8578125,1079,121.0,684.0,222.0,62.0,548,0
5339465822,13123,江戸川区,35.709375,139.8609375,1503,167.0,909.0,396.0,130.0,694,0
5339465823,13123,江戸川区,35.71145833333333,139.8578125,1310,97.0,796.0,381.0,68.0,687,0
5339465824,13123,江戸川区,35.71145833333333,139.8609375,1389,110.0,867.0,374.0,157.0,795,0
5339465832,13122,葛飾区,35.71354166666667,139.8546875,1076,94.0,695.0,260.0,141.0,607,0
5339465833,13122,葛飾区,35.715625,139.8515625,372,35.0,248.0,88.0,156.0,170,0
5339465834,13122,葛飾区,35.715625,139.8546875,739,55.0,338.0,346.0,72.0,395,0
5339465841,13123,江戸川区,35.71354166666667,139.8578125,1508,88.0,948.0,396.0,115.0,932,0
5339465842,13123,江戸川区,35.71354166666667,139.8609375,1681,146.0,1105.0,363.0,236.0,1036,0
5339465843,13122,葛飾区,35.715625,139.8578125,1052,105.0,724.0,199.0,159.0,593,0
5339465844,13122,葛飾区,35.715625,139.8609375,1203,103.0,839.0,256.0,194.0,734,0
5339465911,13123,江戸川区,35.709375,139.86406250000002,1304,140.0,806.0,346.0,59.0,629,0
5339465912,13123,江戸川区,35.709375,139.86718750000003,972,115.0,594.0,224.0,54.0,476,0
5339465913,13123,江戸川区,35.71145833333333,139.86406250000002,1145,118.0,801.0,206.0,121.0,660,0
5339465914,13123,江戸川区,35.71145833333333,139.86718750000003,1252,156.0,860.0,186.0,139.0,660,0
5339465921,13123,江戸川区,35.709375,139.8703125,1293,186.0,847.0,254.0,22.0,483,0
5339465922,13123,江戸川区,35.709375,139.87343750000002,893,118.0,575.0,176.0,25.0,384,0
5339465923,13123,江戸川区,35.71145833333333,139.8703125,779,128.0,514.0,122.0,9.0,313,0
5339465924,13123,江戸川区,35.71145833333333,139.87343750000002,500,85.0,318.0,72.0,19.0,238,0
5339465931,13122,葛飾区,35.71354166666667,139.86406250000002,1646,182.0,1151.0,299.0,232.0,950,0
5339465932,13122,葛飾区,35.71354166666667,139.86718750000003,1050,116.0,651.0,274.0,69.0,500,0
5339465933,13122,葛飾区,35.715625,139.86406250000002,1565,111.0,1058.0,381.0,171.0,906,0
5339465934,13122,葛飾区,35.715625,139.86718750000003,1288,166.0,852.0,244.0,81.0,666,0
5339465941,13123,江戸川区,35.71354166666667,139.8703125,838,109.0,552.0,152.0,23.0,379,0
5339465942,13123,江戸川区,35.71354166666667,139.87343750000002,904,78.0,454.0,335.0,18.0,441,0
5339465943,13123,江戸川区,35.715625,139.8703125,1205,89.0,677.0,416.0,51.0,579,0
5339465944,13123,江戸川区,35.715625,139.87343750000002,1524,250.0,972.0,283.0,67.0,637,0
5339466011,13105,文京区,35.717708333333334,139.7515625,1937,177.0,1266.0,326.0,47.0,1157,0
5339466012,13105,文京区,35.717708333333334,139.75468750000002,1439,161.0,888.0,275.0,67.0,782,0
5339466013,13105,文京区,35.719791666666666,139.7515625,2213,191.0,1394.0,462.0,91.0,1342,0
5339466014,13105,文京区,35.719791666666666,139.75468750000002,2255,344.0,1383.0,266.0,153.0,1279,0
5339466021,13105,文京区,35.717708333333334,139.7578125,1262,179.0,639.0,379.0,52.0,549,0
5339466022,13105,文京区,35.717708333333334,139.7609375,111,7.0,72.0,28.0,4.0,54,0
5339466023,13105,文京区,35.719791666666666,139.7578125,1704,204.0,1069.0,266.0,89.0,994,0
5339466024,13105,文京区,35.719791666666666,139.7609375,808,91.0,485.0,177.0,16.0,470,0
5339466031,13105,文京区,35.721875000000004,139.7515625,1634,187.0,1043.0,271.0,40.0,938,0
5339466032,13105,文京区,35.721875000000004,139.75468750000002,1213,122.0,795.0,199.0,45.0,728,0
5339466033,13105,文京区,35.723958333333336,139.7515625,1046,124.0,642.0,216.0,32.0,583,0
5339466034,13105,文京区,35.723958333333336,139.75468750000002,1670,153.0,1121.0,236.0,51.0,1063,0
5339466041,13105,文京区,35.721875000000004,139.7578125,776,58.0,474.0,198.0,28.0,410,0
5339466042,13105,文京区,35.721875000000004,139.7609375,2241,248.0,1461.0,409.0,46.0,1251,0
5339466043,13105,文京区,35.723958333333336,139.7578125,1312,140.0,842.0,270.0,56.0,676,0
5339466044,13105,文京区,35.723958333333336,139.7609375,1598,192.0,986.0,306.0,68.0,880,0
5339466111,13105,文京区,35.717708333333334,139.7640625,1923,208.0,1185.0,364.0,56.0,1121,0
5339466112,13105,文京区,35.717708333333334,139.7671875,2126,174.0,1362.0,466.0,72.0,1251,0
5339466113,13105,文京区,35.719791666666666,139.7640625,2560,244.0,1554.0,579.0,58.0,1505,0
5339466114,13106,台東区,35.719791666666666,139.7671875,1046,106.0,671.0,240.0,31.0,564,0
5339466121,13106,台東区,35.717708333333334,139.7703125,713,60.0,481.0,155.0,40.0,409,1
5339466122,13106,台東区,35.717708333333334,139.7734375,10,,,,,10,2
5339466123,13106,台東区,35.719791666666666,139.7703125,1065,94.0,697.0,237.0,26.0,581,0
5339466124,13106,台東区,35.719791666666666,139.7734375,11,0.0,5.0,6.0,2.0,7,0
5339466131,13106,台東区,35.721875000000004,139.7640625,1876,181.0,1216.0,404.0,88.0,1044,0
5339466132,13106,台東区,35.721875000000004,139.7671875,560,38.0,352.0,162.0,19.0,312,0
5339466133,13105,文京区,35.723958333333336,139.7640625,1843,130.0,1135.0,448.0,43.0,1170,0
5339466134,13106,台東区,35.723958333333336,139.7671875,490,54.0,286.0,146.0,8.0,240,0
5339466141,13106,台東区,35.721875000000004,139.7703125,693,57.0,420.0,200.0,18.0,374,0
5339466142,13106,台東区,35.721875000000004,139.7734375,761,94.0,459.0,191.0,30.0,367,0
5339466143,13106,台東区,35.723958333333336,139.7703125,430,42.0,240.0,144.0,5.0,235,0
5339466144,13106,台東区,35.723958333333336,139.7734375,391,56.0,253.0,82.0,19.0,193,0
5339466211,13106,台東区,35.717708333333334,139.7765625,20,5.0,8.0,7.0,0.0,5,0
5339466212,13106,台東区,35.717708333333334,139.77968750000002,1131,151.0,777.0,196.0,55.0,477,1
5339466213,13106,台東区,35.719791666666666,139.7765625,2,,,,,2,2
5339466214,13106,台東区,35.719791666666666,139.77968750000002,679,68.0,492.0,119.0,109.0,408,0
5339466221,13106,台東区,35.717708333333334,139.7828125,1870,129.0,1430.0,299.0,214.0,1220,0
5339466222,13106,台東区,35.717708333333334,139.78593750000002,2478,215.0,1739.0,503.0,206.0,1462,0
5339466223,13106,台東区,35.719791666666666,139.7828125,1663,178.0,1196.0,280.0,82.0,954,0
5339466224,13106,台東区,35.719791666666666,139.78593750000002,2690,210.0,1884.0,567.0,153.0,1651,0
5339466231,13106,台東区,35.721875000000004,139.7765625,99,10.0,53.0,33.0,4.0,56,0
5339466232,13106,台東区,35.721875000000004,139.77968750000002,823,59.0,540.0,195.0,103.0,530,0
5339466233,13106,台東区,35.723958333333336,139.7765625,1029,63.0,737.0,222.0,99.0,696,0
5339466234,13106,台東区,35.723958333333336,139.77968750000002,1512,119.0,1020.0,351.0,229.0,939,0
5339466241,13106,台東区,35.721875000000004,139.7828125,2536,266.0,1709.0,532.0,177.0,1379,0
5339466242,13106,台東区,35.721875000000004,139.78593750000002,2569,204.0,1699.0,639.0,229.0,1526,0
5339466243,13106,台東区,35.723958333333336,139.7828125,1723,170.0,1142.0,393.0,144.0,976,0
5339466244,13106,台東区,35.723958333333336,139.78593750000002,1965,184.0,1387.0,379.0,263.0,1159,0
5339466311,13106,台東区,35.717708333333334,139.7890625,1929,172.0,1352.0,395.0,124.0,1151,0
5339466312,13106,台東区,35.717708333333334,139.7921875,2351,206.0,1675.0,452.0,114.0,1396,0
5339466313,13106,台東区,35.719791666666666,139.7890625,2129,170.0,1405.0,536.0,144.0,1196,0
5339466314,13106,台東区,35.719791666666666,139.7921875,2897,292.0,1991.0,571.0,172.0,1643,0
5339466321,13106,台東区,35.717708333333334,139.7953125,2315,243.0,1476.0,577.0,93.0,1331,0
5339466322,13106,台東区,35.717708333333334,139.7984375,1751,117.0,1209.0,409.0,88.0,1058,0
5339466323,13106,台東区,35.719791666666666,139.7953125,1594,102.0,1026.0,456.0,94.0,976,0
5339466324,13106,台東区,35.719791666666666,139.7984375,1880,215.0,1257.0,395.0,102.0,1025,0
5339466331,13106,台東区,35.721875000000004,139.7890625,2387,229.0,1684.0,444.0,111.0,1393,0
5339466332,13106,台東区,35.721875000000004,139.7921875,1998,173.0,1232.0,580.0,98.0,1085,0
5339466333,13106,台東区,35.723958333333336,139.7890625,2226,209.0,1488.0,504.0,137.0,1253,0
5339466334,13106,台東区,35.723958333333336,139.7921875,2087,189.0,1415.0,471.0,132.0,1287,0
5339466341,13106,台東区,35.721875000000004,139.7953125,1696,79.0,1087.0,493.0,153.0,1110,0
5339466342,13106,台東区,35.721875000000004,139.7984375,2072,218.0,1374.0,448.0,80.0,1159,0
5339466343,13106,台東区,35.723958333333336,139.7953125,1687,124.0,1150.0,392.0,101.0,1088,0
5339466344,13106,台東区,35.723958333333336,139.7984375,1280,121.0,790.0,357.0,62.0,718,0
5339466411,13106,台東区,35.717708333333334,139.80156250000002,1541,126.0,1082.0,321.0,51.0,889,0
5339466412,13106,台東区,35.717708333333334,139.80468750000003,201,12.0,139.0,45.0,3.0,111,0
5339466413,13106,台東区,35.719791666666666,139.80156250000002,1516,140.0,1086.0,272.0,36.0,871,0
5339466414,13106,台東区,35.719791666666666,139.80468750000003,970,94.0,635.0,239.0,28.0,556,0
5339466421,13107,墨田区,35.717708333333334,139.8078125,176,15.0,102.0,59.0,0.0,112,0
5339466422,13107,墨田区,35.717708333333334,139.81093750000002,1827,170.0,1271.0,379.0,50.0,1076,0
5339466423,13106,台東区,35.719791666666666,139.8078125,11,0.0,11.0,0.0,0.0,9,0
5339466424,13107,墨田区,35.719791666666666,139.81093750000002,1535,160.0,1040.0,327.0,35.0,792,0
5339466431,13106,台東区,35.721875000000004,139.80156250000002,1830,181.0,1222.0,386.0,127.0,1019,0
5339466432,13106,台東区,35.721875000000004,139.80468750000003,1615,118.0,1034.0,447.0,37.0,920,0
5339466433,13106,台東区,35.723958333333336,139.80156250000002,1312,93.0,747.0,454.0,66.0,707,0
5339466434,13106,台東区,35.723958333333336,139.80468750000003,1551,156.0,922.0,426.0,71.0,854,0
5339466441,13106,台東区,35.721875000000004,139.8078125,626,44.0,357.0,221.0,26.0,335,0
5339466442,13107,墨田区,35.721875000000004,139.81093750000002,913,113.0,622.0,175.0,15.0,449,0
5339466443,13106,台東区,35.723958333333336,139.8078125,1482,176.0,869.0,420.0,46.0,621,0
5339466444,13107,墨田区,35.723958333333336,139.81093750000002,624,40.0,298.0,285.0,11.0,252,0
5339466511,13107,墨田区,35.717708333333334,139.8140625,1899,178.0,1264.0,452.0,52.0,974,0
5339466512,13107,墨田区,35.717708333333334,139.81718750000002,1136,144.0,688.0,303.0,35.0,584,0
5339466513,13107,墨田区,35.719791666666666,139.8140625,1697,187.0,1036.0,468.0,40.0,899,0
5339466514,13107,墨田区,35.719791666666666,139.81718750000002,1788,195.0,1178.0,410.0,30.0,942,0
5339466521,13107,墨田区,35.717708333333334,139.8203125,1988,233.0,1218.0,537.0,32.0,980,0
5339466522,13107,墨田区,35.717708333333334,139.8234375,1575,182.0,1070.0,323.0,32.0,796,0
5339466523,13107,墨田区,35.719791666666666,139.8203125,1412,109.0,879.0,424.0,29.0,757,0
5339466524,13107,墨田区,35.719791666666666,139.8234375,747,64.0,429.0,254.0,16.0,364,0
5339466531,13107,墨田区,35.721875000000004,139.8140625,1064,80.0,597.0,387.0,20.0,529,0
5339466532,13107,墨田区,35.721875000000004,139.81718750000002,1532,146.0,1016.0,370.0,35.0,762,0
5339466533,13107,墨田区,35.723958333333336,139.8140625,1332,158.0,782.0,392.0,39.0,634,0
5339466534,13107,墨田区,35.723958333333336,139.81718750000002,1315,145.0,894.0,276.0,18.0,662,0
5339466541,13107,墨田区,35.721875000000004,139.8203125,1389,178.0,908.0,303.0,20.0,746,0
5339466542,13107,墨田区,35.721875000000004,139.8234375,1499,147.0,966.0,386.0,24.0,791,0
5339466543,13107,墨田区,35.723958333333336,139.8203125,1360,148.0,907.0,305.0,21.0,732,0
5339466544,13107,墨田区,35.723958333333336,139.8234375,1659,189.0,1029.0,441.0,41.0,829,0
5339466611,13107,墨田区,35.717708333333334,139.8265625,1435,139.0,779.0,517.0,15.0,661,0
5339466612,13107,墨田区,35.717708333333334,139.8296875,614,59.0,383.0,172.0,15.0,290,0
5339466613,13107,墨田区,35.719791666666666,139.8265625,1333,125.0,846.0,362.0,18.0,700,0
5339466614,13107,墨田区,35.719791666666666,139.8296875,1546,174.0,969.0,403.0,57.0,686,0
5339466621,13107,墨田区,35.717708333333334,139.8328125,356,38.0,158.0,160.0,16.0,81,0
5339466622,13123,江戸川区,35.717708333333334,139.8359375,1070,194.0,625.0,249.0,27.0,445,0
5339466623,13107,墨田区,35.719791666666666,139.8328125,190,18.0,137.0,35.0,4.0,102,0
5339466624,13107,墨田区,35.719791666666666,139.8359375,239,39.0,95.0,105.0,8.0,83,0
5339466631,13107,墨田区,35.721875000000004,139.8265625,1298,140.0,797.0,361.0,17.0,592,0
5339466632,13107,墨田区,35.721875000000004,139.8296875,1404,158.0,982.0,264.0,41.0,738,0
5339466633,13107,墨田区,35.723958333333336,139.8265625,1463,106.0,893.0,464.0,50.0,784,0
5339466634,13107,墨田区,35.723958333333336,139.8296875,1455,153.0,856.0,446.0,27.0,677,0
5339466641,13107,墨田区,35.721875000000004,139.8328125,339,15.0,133.0,191.0,4.0,118,0
5339466642,13107,墨田区,35.721875000000004,139.8359375,89,14.0,53.0,22.0,4.0,44,0
5339466643,13107,墨田区,35.723958333333336,139.8328125,433,37.0,287.0,109.0,31.0,247,0
5339466711,13107,墨田区,35.717708333333334,139.8390625,251,30.0,173.0,62.0,8.0,111,1
5339466712,13123,江戸川区,35.717708333333334,139.84218750000002,14,,,,,4,2
5339466713,13107,墨田区,35.719791666666666,139.8390625,30,3.0,22.0,5.0,0.0,19,0
5339466722,13122,葛飾区,35.717708333333334,139.84843750000002,122,6.0,72.0,43.0,6.0,49,0
5339466723,13122,葛飾区,35.719791666666666,139.8453125,7,0.0,3.0,3.0,0.0,7,0
5339466724,13122,葛飾区,35.719791666666666,139.84843750000002,910,92.0,523.0,285.0,80.0,471,0
5339466733,13122,葛飾区,35.723958333333336,139.8390625,1,,,,,1,2
5339466734,13122,葛飾区,35.723958333333336,139.84218750000002,33,1.0,27.0,6.0,4.0,13,1
5339466741,13122,葛飾区,35.721875000000004,139.8453125,724,58.0,284.0,381.0,13.0,204,0
5339466742,13122,葛飾区,35.721875000000004,139.84843750000002,1047,80.0,567.0,369.0,45.0,525,0
5339466743,13122,葛飾区,35.723958333333336,139.8453125,1060,110.0,562.0,377.0,36.0,434,0
5339466744,13122,葛飾区,35.723958333333336,139.84843750000002,1219,127.0,811.0,268.0,65.0,573,0
5339466811,13122,葛飾区,35.717708333333334,139.8515625,529,41.0,344.0,133.0,104.0,254,0
5339466812,13122,葛飾区,35.717708333333334,139.8546875,1698,162.0,852.0,684.0,98.0,827,0
5339466813,13122,葛飾区,35.719791666666666,139.8515625,1299,96.0,859.0,319.0,129.0,764,0
5339466814,13122,葛飾区,35.719791666666666,139.8546875,1462,159.0,992.0,306.0,83.0,715,0
5339466821,13122,葛飾区,35.717708333333334,139.8578125,897,76.0,642.0,177.0,81.0,531,0
5339466822,13122,葛飾区,35.717708333333334,139.8609375,1659,156.0,1213.0,275.0,207.0,990,0
5339466823,13122,葛飾区,35.719791666666666,139.8578125,2427,361.0,1711.0,350.0,240.0,1198,0
5339466824,13122,葛飾区,35.719791666666666,139.8609375,955,85.0,671.0,192.0,53.0,513,0
5339466831,13122,葛飾区,35.721875000000004,139.8515625,1475,148.0,980.0,334.0,107.0,673,0
5339466832,13122,葛飾区,35.721875000000004,139.8546875,1484,206.0,1037.0,236.0,97.0,724,0
5339466833,13122,葛飾区,35.723958333333336,139.8515625,1015,83.0,643.0,253.0,62.0,568,0
5339466834,13122,葛飾区,35.723958333333336,139.8546875,1276,135.0,810.0,320.0,90.0,609,0
5339466841,13122,葛飾区,35.721875000000004,139.8578125,1558,138.0,1068.0,345.0,178.0,865,0
5339466842,13122,葛飾区,35.721875000000004,139.8609375,1446,187.0,988.0,265.0,249.0,762,0
5339466843,13122,葛飾区,35.723958333333336,139.8578125,1868,227.0,1228.0,397.0,141.0,856,0
5339466844,13122,葛飾区,35.723958333333336,139.8609375,1187,105.0,774.0,298.0,153.0,645,0
5339466911,13122,葛飾区,35.717708333333334,139.86406250000002,1528,108.0,1015.0,393.0,122.0,900,0
5339466912,13123,江戸川区,35.717708333333334,139.86718750000003,1432,160.0,888.0,348.0,92.0,716,0
5339466913,13122,葛飾区,35.719791666666666,139.86406250000002,1029,77.0,732.0,204.0,128.0,639,0
5339466914,13123,江戸川区,35.719791666666666,139.86718750000003,1308,120.0,859.0,314.0,96.0,678,0
5339466921,13123,江戸川区,35.717708333333334,139.8703125,1222,140.0,838.0,215.0,39.0,609,0
5339466922,13123,江戸川区,35.717708333333334,139.87343750000002,1050,154.0,626.0,262.0,50.0,439,0
5339466923,13123,江戸川区,35.719791666666666,139.8703125,1097,121.0,679.0,263.0,37.0,515,0
5339466924,13123,江戸川区,35.719791666666666,139.87343750000002,953,72.0,530.0,327.0,15.0,378,0
5339466931,13122,葛飾区,35.721875000000004,139.86406250000002,581,85.0,317.0,179.0,7.0,168,0
5339466932,13122,葛飾区,35.721875000000004,139.86718750000003,960,76.0,652.0,206.0,71.0,498,0
5339466933,13122,葛飾区,35.723958333333336,139.86406250000002,1428,255.0,1024.0,144.0,93.0,615,0
5339466934,13122,葛飾区,35.723958333333336,139.86718750000003,1474,156.0,1077.0,235.0,179.0,627,0
5339466941,13123,江戸川区,35.721875000000004,139.8703125,466,46.0,254.0,155.0,16.0,233,0
5339466942,13123,江戸川区,35.721875000000004,139.87343750000002,865,126.0,529.0,199.0,25.0,345,0
5339466943,13123,江戸川区,35.723958333333336,139.8703125,1131,151.0,697.0,257.0,50.0,532,0
5339466944,13123,江戸川区,35.723958333333336,139.87343750000002,952,102.0,565.0,256.0,42.0,458,0
5339467011,13105,文京区,35.72604166666667,139.7515625,1686,226.0,1087.0,300.0,26.0,776,0
5339467012,13105,文京区,35.72604166666667,139.75468750000002,1289,120.0,852.0,244.0,38.0,690,0
5339467013,13105,文京区,35.728125,139.7515625,2060,279.0,1300.0,373.0,54.0,1140,0
5339467014,13105,文京区,35.728125,139.75468750000002,738,74.0,432.0,193.0,13.0,410,0
5339467021,13105,文京区,35.72604166666667,139.7578125,1537,181.0,886.0,369.0,50.0,800,0
5339467022,13105,文京区,35.72604166666667,139.7609375,1555,246.0,899.0,332.0,31.0,712,0
5339467023,13105,文京区,35.728125,139.7578125,1598,207.0,960.0,335.0,46.0,841,0
5339467024,13105,文京区,35.728125,139.7609375,1562,231.0,1009.0,235.0,57.0,738,0
5339467031,13105,文京区,35.73020833333334,139.7515625,1667,223.0,980.0,357.0,71.0,840,0
5339467032,13105,文京区,35.73020833333334,139.75468750000002,855,63.0,530.0,223.0,15.0,439,0
5339467033,13105,文京区,35.73229166666667,139.7515625,2082,263.0,1352.0,376.0,112.0,1081,0
5339467034,13105,文京区,35.73229166666667,139.75468750000002,2159,256.0,1254.0,559.0,90.0,1130,0
5339467041,13105,文京区,35.73020833333334,139.7578125,1296,161.0,781.0,298.0,50.0,650,0
5339467042,13105,文京区,35.73020833333334,139.7609375,2127,220.0,1286.0,424.0,110.0,1241,0
5339467043,13105,文京区,35.73229166666667,139.7578125,3162,414.0,2147.0,478.0,157.0,1737,0
5339467044,13117,北区,35.73229166666667,139.7609375,2340,214.0,1539.0,503.0,149.0,1342,0
5339467111,13105,文京区,35.72604166666667,139.7640625,2211,178.0,1412.0,472.0,99.0,1370,0
5339467112,13106,台東区,35.72604166666667,139.7671875,906,72.0,579.0,226.0,37.0,541,0
5339467113,13105,文京区,35.728125,139.7640625,2355,222.0,1513.0,493.0,65.0,1324,0
5339467114,13118,荒川区,35.728125,139.7671875,963,65.0,611.0,280.0,49.0,575,0
5339467121,13106,台東区,35.72604166666667,139.7703125,239,27.0,138.0,72.0,3.0,123,0
5339467122,13106,台東区,35.72604166666667,139.7734375,1052,90.0,746.0,198.0,167.0,639,0
5339467123,13118,荒川区,35.728125,139.7703125,508,45.0,336.0,109.0,15.0,278,0
5339467124,13118,荒川区,35.728125,139.7734375,2043,227.0,1433.0,335.0,214.0,1189,0
5339467131,13106,台東区,35.73020833333334,139.7640625,2321,219.0,1545.0,453.0,173.0,1391,0
5339467132,13118,荒川区,35.73020833333334,139.7671875,433,45.0,286.0,102.0,9.0,223,0
5339467133,13118,荒川区,35.73229166666667,139.7640625,1057,125.0,696.0,235.0,44.0,583,0
5339467134,13118,荒川区,35.73229166666667,139.7671875,379,19.0,257.0,103.0,41.0,234,0
5339467141,13118,荒川区,35.73020833333334,139.7703125,2422,240.0,1746.0,385.0,267.0,1400,0
5339467142,13118,荒川区,35.73020833333334,139.7734375,2051,181.0,1489.0,327.0,414.0,1253,0
5339467143,13118,荒川区,35.73229166666667,139.7703125,1899,217.0,1395.0,254.0,253.0,1090,0
5339467144,13118,荒川区,35.73229166666667,139.7734375,1995,313.0,1379.0,252.0,256.0,1057,0
5339467211,13118,荒川区,35.72604166666667,139.7765625,1827,203.0,1269.0,336.0,214.0,1030,0
5339467212,13118,荒川区,35.72604166666667,139.77968750000002,1475,116.0,1019.0,294.0,270.0,938,0
5339467213,13118,荒川区,35.728125,139.7765625,1895,115.0,1335.0,406.0,277.0,1171,0
5339467214,13118,荒川区,35.728125,139.77968750000002,1653,113.0,1134.0,348.0,185.0,1022,0
5339467221,13106,台東区,35.72604166666667,139.7828125,1939,209.0,1288.0,438.0,161.0,946,0
5339467222,13106,台東区,35.72604166666667,139.78593750000002,2078,260.0,1410.0,398.0,133.0,1025,0
5339467223,13118,荒川区,35.728125,139.7828125,1877,196.0,1239.0,417.0,282.0,1001,0
5339467224,13118,荒川区,35.728125,139.78593750000002,2108,230.0,1452.0,409.0,161.0,1101,0
5339467231,13118,荒川区,35.73020833333334,139.7765625,1969,231.0,1381.0,317.0,256.0,1061,0
5339467232,13118,荒川区,35.73020833333334,139.77968750000002,1736,154.0,1211.0,364.0,286.0,1056,0
5339467233,13118,荒川区,35.73229166666667,139.7765625,1808,196.0,1226.0,379.0,346.0,1015,0
5339467234,13118,荒川区,35.73229166666667,139.77968750000002,2425,243.0,1633.0,534.0,525.0,1284,0
5339467241,13118,荒川区,35.73020833333334,139.7828125,1373,140.0,955.0,272.0,119.0,714,0
5339467242,13118,荒川区,35.73020833333334,139.78593750000002,1704,164.0,1161.0,372.0,158.0,943,0
5339467243,13118,荒川区,35.73229166666667,139.7828125,1954,214.0,1321.0,419.0,348.0,978,0
5339467244,13118,荒川区,35.73229166666667,139.78593750000002,1763,221.0,1092.0,441.0,200.0,938,0
5339467311,13106,台東区,35.72604166666667,139.7890625,2721,279.0,1903.0,508.0,211.0,1521,0
5339467312,13106,台東区,35.72604166666667,139.7921875,2224,187.0,1497.0,503.0,121.0,1314,0
5339467313,13106,台東区,35.728125,139.7890625,2265,220.0,1645.0,386.0,266.0,1324,0
5339467314,13106,台東区,35.728125,139.7921875,1543,100.0,1058.0,361.0,99.0,940,0
5339467321,13106,台東区,35.72604166666667,139.7953125,1933,175.0,1240.0,507.0,114.0,1117,0
5339467322,13106,台東区,35.72604166666667,139.7984375,2080,99.0,1027.0,915.0,92.0,1486,0
5339467323,13106,台東区,35.728125,139.7953125,2183,154.0,1558.0,447.0,128.0,1356,0
5339467324,13106,台東区,35.728125,139.7984375,1925,54.0,1175.0,681.0,128.0,1453,0
5339467331,13118,荒川区,35.73020833333334,139.7890625,1911,116.0,1146.0,640.0,143.0,1184,0
5339467332,13106,台東区,35.73020833333334,139.7921875,1972,146.0,1393.0,413.0,151.0,1170,0
5339467333,13118,荒川区,35.73229166666667,139.7890625,1754,178.0,1173.0,394.0,123.0,916,0
5339467334,13118,荒川区,35.73229166666667,139.7921875,1398,135.0,939.0,324.0,94.0,788,0
5339467341,13118,荒川区,35.73020833333334,139.7953125,1491,144.0,959.0,359.0,112.0,891,0
5339467342,13118,荒川区,35.73020833333334,139.7984375,1491,91.0,922.0,476.0,127.0,969,0
5339467343,13118,荒川区,35.73229166666667,139.7953125,1633,116.0,1065.0,452.0,91.0,939,0
5339467344,13118,荒川区,35.73229166666667,139.7984375,967,120.0,631.0,207.0,31.0,490,0
5339467411,13106,台東区,35.72604166666667,139.80156250000002,1659,71.0,856.0,710.0,52.0,1218,0
5339467412,13106,台東区,35.72604166666667,139.80468750000003,1492,119.0,849.0,507.0,99.0,809,0
5339467413,13106,台東区,35.728125,139.80156250000002,2639,64.0,1298.0,1259.0,145.0,1939,0
5339467414,13106,台東区,35.728125,139.80468750000003,482,16.0,205.0,256.0,29.0,311,0
5339467421,13106,台東区,35.72604166666667,139.8078125,1790,176.0,945.0,633.0,76.0,806,0
5339467422,13107,墨田区,35.72604166666667,139.81093750000002,848,112.0,617.0,119.0,30.0,409,0
5339467423,13106,台東区,35.728125,139.8078125,808,62.0,385.0,353.0,71.0,431,0
5339467424,13107,墨田区,35.728125,139.81093750000002,319,70.0,218.0,30.0,22.0,123,0
5339467431,13118,荒川区,35.73020833333334,139.80156250000002,955,42.0,509.0,403.0,55.0,509,0
5339467432,13118,荒川区,35.73020833333334,139.80468750000003,321,43.0,172.0,106.0,16.0,123,0
5339467434,13118,荒川区,35.73229166666667,139.80468750000003,121,22.0,75.0,24.0,6.0,60,0
5339467441,13118,荒川区,35.73020833333334,139.8078125,208,24.0,144.0,40.0,8.0,112,0
5339467443,13118,荒川区,35.73229166666667,139.8078125,2737,667.0,1787.0,283.0,228.0,1075,0
5339467444,13118,荒川区,35.73229166666667,139.81093750000002,196,62.0,127.0,7.0,9.0,62,0
5339467511,13107,墨田区,35.72604166666667,139.8140625,1060,100.0,725.0,234.0,30.0,595,0
5339467512,13107,墨田区,35.72604166666667,139.81718750000002,1333,113.0,886.0,334.0,27.0,755,0
5339467513,13107,墨田区,35.728125,139.8140625,1793,212.0,1162.0,419.0,68.0,737,0
5339467514,13107,墨田区,35.728125,139.81718750000002,1120,92.0,735.0,293.0,54.0,611,0
5339467521,13107,墨田区,35.72604166666667,139.8203125,1843,177.0,1243.0,423.0,46.0,967,0
5339467522,13107,墨田区,35.72604166666667,139.8234375,1636,215.0,1100.0,321.0,28.0,849,0
5339467523,13107,墨田区,35.728125,139.8203125,2099,263.0,1451.0,385.0,54.0,1078,0
5339467524,13107,墨田区,35.728125,139.8234375,1733,192.0,1185.0,355.0,36.0,843,0
5339467531,13107,墨田区,35.73020833333334,139.8140625,1382,147.0,752.0,483.0,87.0,659,0
5339467532,13107,墨田区,35.73020833333334,139.81718750000002,1461,153.0,892.0,416.0,36.0,680,0
5339467533,13107,墨田区,35.73229166666667,139.8140625,944,90.0,430.0,424.0,50.0,453,0
5339467534,13107,墨田区,35.73229166666667,139.81718750000002,1216,159.0,744.0,313.0,19.0,565,0
5339467541,13107,墨田区,35.73020833333334,139.8203125,1485,166.0,863.0,456.0,43.0,725,0
5339467542,13107,墨田区,35.73020833333334,139.8234375,1707,210.0,1052.0,445.0,32.0,812,0
5339467543,13107,墨田区,35.73229166666667,139.8203125,1358,121.0,827.0,410.0,26.0,675,0
5339467544,13107,墨田区,35.73229166666667,139.8234375,1442,161.0,810.0,471.0,33.0,730,0
5339467611,13107,墨田区,35.72604166666667,139.8265625,1046,120.0,628.0,298.0,21.0,533,0
5339467612,13107,墨田区,35.72604166666667,139.8296875,1314,180.0,898.0,236.0,25.0,627,0
5339467613,13107,墨田区,35.728125,139.8265625,995,76.0,590.0,329.0,15.0,513,0
5339467614,13107,墨田区,35.728125,139.8296875,391,38.0,255.0,97.0,7.0,205,0
5339467621,13107,墨田区,35.72604166666667,139.8328125,166,14.0,124.0,28.0,4.0,96,0
5339467624,13122,葛飾区,35.728125,139.8359375,32,0.0,18.0,12.0,0.0,23,0
5339467631,13107,墨田区,35.73020833333334,139.8265625,1546,208.0,1003.0,335.0,38.0,675,0
5339467633,13107,墨田区,35.73229166666667,139.8265625,98,9.0,61.0,28.0,6.0,48,0
5339467642,13122,葛飾区,35.73020833333334,139.8359375,635,51.0,378.0,190.0,19.0,335,0
5339467643,13122,葛飾区,35.73229166666667,139.8328125,175,15.0,83.0,73.0,12.0,93,0
5339467644,13122,葛飾区,35.73229166666667,139.8359375,1009,62.0,571.0,362.0,21.0,545,0
5339467711,13122,葛飾区,35.72604166666667,139.8390625,150,5.0,97.0,48.0,2.0,83,0
5339467712,13122,葛飾区,35.72604166666667,139.84218750000002,34,1.0,16.0,14.0,0.0,18,0
5339467713,13122,葛飾区,35.728125,139.8390625,779,53.0,446.0,271.0,15.0,360,0
5339467714,13122,葛飾区,35.728125,139.84218750000002,1316,117.0,835.0,349.0,29.0,636,0
5339467721,13122,葛飾区,35.72604166666667,139.8453125,661,53.0,404.0,194.0,38.0,316,0
5339467722,13122,葛飾区,35.72604166666667,139.84843750000002,927,97.0,609.0,212.0,46.0,425,0
5339467723,13122,葛飾区,35.728125,139.8453125,622,71.0,407.0,143.0,45.0,260,0
5339467724,13122,葛飾区,35.728125,139.84843750000002,863,200.0,535.0,118.0,44.0,346,0
5339467731,13122,葛飾区,35.73020833333334,139.8390625,1318,120.0,815.0,366.0,43.0,608,0
5339467732,13122,葛飾区,35.73020833333334,139.84218750000002,976,101.0,570.0,281.0,29.0,468,0
5339467733,13122,葛飾区,35.73229166666667,139.8390625,1347,136.0,843.0,345.0,61.0,675,0
5339467734,13122,葛飾区,35.73229166666667,139.84218750000002,1165,95.0,662.0,395.0,47.0,546,0
5339467741,13122,葛飾区,35.73020833333334,139.8453125,2108,280.0,1361.0,461.0,158.0,979,0
5339467742,13122,葛飾区,35.73020833333334,139.84843750000002,832,104.0,590.0,127.0,25.0,369,0
5339467743,13122,葛飾区,35.73229166666667,139.8453125,929,88.0,630.0,202.0,44.0,509,0
5339467744,13122,葛飾区,35.73229166666667,139.84843750000002,693,58.0,371.0,258.0,16.0,323,0
5339467811,13122,葛飾区,35.72604166666667,139.8515625,1131,141.0,722.0,254.0,42.0,504,0
5339467812,13122,葛飾区,35.72604166666667,139.8546875,1618,179.0,1132.0,297.0,90.0,726,0
5339467813,13122,葛飾区,35.728125,139.8515625,908,95.0,608.0,203.0,29.0,397,0
5339467814,13122,葛飾区,35.728125,139.8546875,1310,191.0,843.0,270.0,42.0,553,0
5339467821,13122,葛飾区,35.72604166666667,139.8578125,1098,119.0,704.0,263.0,66.0,555,0
5339467822,13122,葛飾区,35.72604166666667,139.8609375,915,89.0,588.0,228.0,30.0,450,0
5339467823,13122,葛飾区,35.728125,139.8578125,1183,136.0,746.0,291.0,88.0,568,0
5339467824,13122,葛飾区,35.728125,139.8609375,1169,103.0,703.0,350.0,75.0,543,0
5339467831,13122,葛飾区,35.73020833333334,139.8515625,363,40.0,219.0,103.0,22.0,166,0
5339467832,13122,葛飾区,35.73020833333334,139.8546875,220,19.0,125.0,75.0,12.0,100,0
5339467833,13122,葛飾区,35.73229166666667,139.8515625,1347,131.0,878.0,331.0,30.0,625,0
5339467834,13122,葛飾区,35.73229166666667,139.8546875,120,9.0,78.0,32.0,1.0,58,0
5339467841,13122,葛飾区,35.73020833333334,139.8578125,901,79.0,626.0,190.0,13.0,376,0
5339467842,13122,葛飾区,35.73020833333334,139.8609375,1145,138.0,687.0,309.0,48.0,520,0
5339467843,13122,葛飾区,35.73229166666667,139.8578125,262,34.0,135.0,88.0,12.0,115,0
5339467844,13122,葛飾区,35.73229166666667,139.8609375,996,97.0,578.0,307.0,14.0,443,0
5339467911,13122,葛飾区,35.72604166666667,139.86406250000002,824,88.0,500.0,226.0,32.0,383,0
5339467912,13122,葛飾区,35.72604166666667,139.86718750000003,1174,241.0,818.0,114.0,111.0,498,0
5339467913,13122,葛飾区,35.728125,139.86406250000002,385,41.0,239.0,103.0,18.0,177,0
5339467914,13122,葛飾区,35.728125,139.86718750000003,817,108.0,519.0,178.0,24.0,369,0
5339467921,13122,葛飾区,35.72604166666667,139.8703125,820,121.0,495.0,197.0,36.0,346,0
5339467922,13123,江戸川区,35.72604166666667,139.87343750000002,1122,114.0,687.0,283.0,53.0,578,0
5339467923,13123,江戸川区,35.728125,139.8703125,733,119.0,488.0,125.0,35.0,303,0
5339467924,13123,江戸川区,35.728125,139.87343750000002,750,46.0,456.0,229.0,39.0,430,0
5339467931,13122,葛飾区,35.73020833333334,139.86406250000002,463,54.0,258.0,147.0,8.0,213,0
5339467932,13122,葛飾区,35.73020833333334,139.86718750000003,1046,147.0,627.0,263.0,46.0,472,0
5339467933,13122,葛飾区,35.73229166666667,139.86406250000002,984,132.0,449.0,396.0,22.0,308,0
5339467934,13122,葛飾区,35.73229166666667,139.86718750000003,573,56.0,321.0,190.0,10.0,278,0
5339467941,13122,葛飾区,35.73020833333334,139.8703125,713,87.0,456.0,167.0,38.0,309,0
5339467942,13123,江戸川区,35.73020833333334,139.87343750000002,333,39.0,207.0,82.0,18.0,150,0
5339467943,13122,葛飾区,35.73229166666667,139.8703125,749,115.0,477.0,150.0,31.0,319,0
5339467944,13123,江戸川区,35.73229166666667,139.87343750000002,513,52.0,322.0,132.0,37.0,247,0
5339468011,13105,文京区,35.73437500000001,139.7515625,2342,255.0,1468.0,522.0,110.0,1277,0
5339468012,13105,文京区,35.73437500000001,139.75468750000002,2596,278.0,1719.0,505.0,152.0,1468,0
5339468013,13117,北区,35.73645833333334,139.7515625,2063,126.0,1474.0,455.0,158.0,1326,0
5339468014,13117,北区,35.73645833333334,139.75468750000002,1293,123.0,878.0,282.0,58.0,730,0
5339468021,13117,北区,35.73437500000001,139.7578125,1635,145.0,1205.0,277.0,96.0,975,0
5339468022,13117,北区,35.73437500000001,139.7609375,1644,140.0,1182.0,309.0,161.0,978,0
5339468023,13117,北区,35.73645833333334,139.7578125,1119,85.0,752.0,278.0,49.0,619,0
5339468024,13117,北区,35.73645833333334,139.7609375,1441,154.0,1031.0,255.0,189.0,823,0
5339468031,13117,北区,35.73854166666668,139.7515625,1414,106.0,954.0,354.0,93.0,839,0
5339468032,13117,北区,35.73854166666668,139.75468750000002,1107,101.0,753.0,245.0,59.0,638,0
5339468033,13117,北区,35.74062500000001,139.7515625,771,69.0,518.0,180.0,46.0,429,0
5339468034,13117,北区,35.74062500000001,139.75468750000002,1320,109.0,915.0,291.0,66.0,680,0
5339468041,13117,北区,35.73854166666668,139.7578125,1354,103.0,935.0,306.0,96.0,770,0
5339468042,13117,北区,35.73854166666668,139.7609375,187,18.0,146.0,21.0,14.0,114,0
5339468043,13117,北区,35.74062500000001,139.7578125,413,28.0,304.0,81.0,46.0,260,0
5339468044,13117,北区,35.74062500000001,139.7609375,1352,102.0,1052.0,196.0,129.0,864,0
5339468111,13117,北区,35.73437500000001,139.7640625,1199,212.0,823.0,155.0,26.0,527,0
5339468112,13118,荒川区,35.73437500000001,139.7671875,995,80.0,695.0,181.0,118.0,630,0
5339468113,13117,北区,35.73645833333334,139.7640625,669,62.0,504.0,101.0,18.0,343,0
5339468114,13118,荒川区,35.73645833333334,139.7671875,1885,181.0,1382.0,307.0,202.0,1115,0
5339468121,13118,荒川区,35.73437500000001,139.7703125,1514,112.0,1037.0,365.0,224.0,913,0
5339468122,13118,荒川区,35.73437500000001,139.7734375,2045,188.0,1504.0,353.0,406.0,1182,0
5339468123,13118,荒川区,35.73645833333334,139.7703125,1710,103.0,1190.0,387.0,239.0,1102,0
5339468124,13118,荒川区,35.73645833333334,139.7734375,1904,175.0,1341.0,380.0,242.0,1092,0
5339468131,13117,北区,35.73854166666668,139.7640625,1162,118.0,859.0,182.0,75.0,712,0
5339468132,13117,北区,35.73854166666668,139.7671875,1229,83.0,915.0,226.0,258.0,769,0
5339468133,13117,北区,35.74062500000001,139.7640625,1365,113.0,1038.0,214.0,131.0,809,0
5339468134,13117,北区,35.74062500000001,139.7671875,2004,200.0,1451.0,343.0,114.0,1111,0
5339468141,13118,荒川区,35.73854166666668,139.7703125,2464,374.0,1756.0,334.0,294.0,1242,0
5339468142,13118,荒川区,35.73854166666668,139.7734375,1454,145.0,984.0,319.0,111.0,808,0
5339468143,13118,荒川区,35.74062500000001,139.7703125,2162,221.0,1454.0,463.0,195.0,1137,0
5339468144,13118,荒川区,35.74062500000001,139.7734375,1461,145.0,893.0,423.0,58.0,764,0
5339468211,13118,荒川区,35.73437500000001,139.7765625,1894,197.0,1179.0,518.0,301.0,894,0
5339468212,13118,荒川区,35.73437500000001,139.77968750000002,1672,124.0,1053.0,460.0,277.0,927,0
5339468213,13118,荒川区,35.73645833333334,139.7765625,2008,230.0,1481.0,288.0,307.0,1123,0
5339468214,13118,荒川区,35.73645833333334,139.77968750000002,1623,142.0,1090.0,374.0,146.0,866,0
5339468221,13118,荒川区,35.73437500000001,139.7828125,2179,223.0,1447.0,509.0,196.0,1092,0
5339468222,13118,荒川区,35.73437500000001,139.78593750000002,1562,205.0,1101.0,220.0,126.0,806,0
5339468223,13118,荒川区,35.73645833333334,139.7828125,887,76.0,576.0,235.0,54.0,465,0
5339468224,13118,荒川区,35.73645833333334,139.78593750000002,888,115.0,528.0,245.0,41.0,446,0
5339468231,13118,荒川区,35.73854166666668,139.7765625,1978,174.0,1471.0,327.0,92.0,1147,0
5339468232,13118,荒川区,35.73854166666668,139.77968750000002,2282,215.0,1536.0,513.0,103.0,1238,0
5339468233,13118,荒川区,35.74062500000001,139.7765625,1600,122.0,969.0,489.0,80.0,842,0
5339468234,13118,荒川区,35.74062500000001,139.77968750000002,2095,204.0,1429.0,462.0,106.0,1085,0
5339468241,13118,荒川区,35.73854166666668,139.7828125,1336,116.0,842.0,378.0,98.0,694,0
5339468242,13118,荒川区,35.73854166666668,139.78593750000002,371,53.0,234.0,77.0,8.0,160,0
5339468243,13118,荒川区,35.74062500000001,139.7828125,1059,95.0,597.0,352.0,83.0,582,0
5339468244,13118,荒川区,35.74062500000001,139.78593750000002,229,65.0,145.0,19.0,22.0,76,0
5339468311,13118,荒川区,35.73437500000001,139.7890625,1437,172.0,843.0,422.0,79.0,701,0
5339468312,13118,荒川区,35.73437500000001,139.7921875,1404,117.0,881.0,396.0,61.0,766,0
5339468313,13118,荒川区,35.73645833333334,139.7890625,1829,230.0,1102.0,497.0,97.0,863,0
5339468314,13118,荒川区,35.73645833333334,139.7921875,1112,267.0,705.0,140.0,58.0,433,0
5339468321,13118,荒川区,35.73437500000001,139.7953125,1380,104.0,873.0,379.0,71.0,774,0
5339468322,13118,荒川区,35.73437500000001,139.7984375,1072,93.0,627.0,352.0,80.0,618,0
5339468323,13118,荒川区,35.73645833333334,139.7953125,1681,260.0,1051.0,351.0,89.0,854,0
5339468324,13118,荒川区,35.73645833333334,139.7984375,2189,240.0,1332.0,616.0,73.0,1100,0
5339468331,13118,荒川区,35.73854166666668,139.7890625,1236,194.0,717.0,325.0,23.0,529,0
5339468332,13118,荒川区,35.73854166666668,139.7921875,1526,320.0,843.0,363.0,95.0,517,0
5339468333,13118,荒川区,35.74062500000001,139.7890625,1370,134.0,898.0,338.0,52.0,571,0
5339468334,13118,荒川区,35.74062500000001,139.7921875,960,84.0,558.0,318.0,60.0,408,0
5339468341,13118,荒川区,35.73854166666668,139.7953125,1224,166.0,746.0,312.0,56.0,569,0
5339468342,13118,荒川区,35.73854166666668,139.7984375,1854,391.0,1230.0,231.0,117.0,828,0
5339468343,13121,足立区,35.74062500000001,139.7953125,1530,366.0,993.0,138.0,101.0,601,0
5339468344,13121,足立区,35.74062500000001,139.7984375,1042,126.0,706.0,149.0,51.0,592,0
5339468412,13118,荒川区,35.73437500000001,139.80468750000003,948,173.0,700.0,75.0,24.0,301,0
5339468413,13118,荒川区,35.73645833333334,139.80156250000002,2106,299.0,1545.0,261.0,274.0,1061,0
5339468414,13118,荒川区,35.73645833333334,139.80468750000003,2838,430.0,1815.0,593.0,285.0,1226,0
5339468421,13118,荒川区,35.73437500000001,139.8078125,1646,320.0,1210.0,116.0,79.0,646,0
5339468423,13118,荒川区,35.73645833333334,139.8078125,1113,153.0,657.0,303.0,47.0,481,0
5339468424,13118,荒川区,35.73645833333334,139.81093750000002,432,60.0,264.0,108.0,23.0,177,0
5339468431,13118,荒川区,35.73854166666668,139.80156250000002,302,44.0,180.0,78.0,24.0,126,0
5339468432,13118,荒川区,35.73854166666668,139.80468750000003,511,40.0,204.0,267.0,29.0,252,0
5339468433,13121,足立区,35.74062500000001,139.80156250000002,907,106.0,575.0,211.0,26.0,411,0
5339468434,13121,足立区,35.74062500000001,139.80468750000003,721,157.0,470.0,87.0,31.0,284,0
5339468441,13118,荒川区,35.73854166666668,139.8078125,3167,608.0,2024.0,535.0,238.0,1153,0
5339468442,13118,荒川区,35.73854166666668,139.81093750000002,2525,565.0,1564.0,394.0,190.0,920,0
5339468443,13121,足立区,35.74062500000001,139.8078125,530,99.0,338.0,91.0,44.0,210,0
5339468444,13118,荒川区,35.74062500000001,139.81093750000002,1143,309.0,762.0,71.0,134.0,383,0
5339468511,13107,墨田区,35.73437500000001,139.8140625,22,,,,,22,2
5339468512,13107,墨田区,35.73437500000001,139.81718750000002,1119,121.0,613.0,390.0,50.0,556,1
5339468513,13118,荒川区,35.73645833333334,139.8140625,4,,,,,1,2
5339468514,13107,墨田区,35.73645833333334,139.81718750000002,1676,127.0,880.0,673.0,62.0,799,1
5339468521,13107,墨田区,35.73437500000001,139.8203125,861,74.0,468.0,319.0,5.0,457,0
5339468522,13107,墨田区,35.73437500000001,139.8234375,454,65.0,241.0,140.0,4.0,213,0
5339468523,13107,墨田区,35.73645833333334,139.8203125,918,84.0,529.0,305.0,21.0,489,0
5339468532,13107,墨田区,35.73854166666668,139.81718750000002,12,2.0,5.0,5.0,0.0,5,0
5339468533,13121,足立区,35.74062500000001,139.8140625,1321,353.0,858.0,97.0,70.0,487,0
5339468534,13107,墨田区,35.74062500000001,139.81718750000002,280,22.0,138.0,118.0,9.0,144,0
5339468541,13107,墨田区,35.73854166666668,139.8203125,452,46.0,252.0,154.0,16.0,204,0
5339468543,13107,墨田区,35.74062500000001,139.8203125,95,3.0,53.0,37.0,4.0,51,0
5339468612,13122,葛飾区,35.73437500000001,139.8296875,56,2.0,40.0,14.0,2.0,29,0
5339468614,13122,葛飾区,35.73645833333334,139.8296875,680,76.0,421.0,173.0,37.0,340,0
5339468621,13122,葛飾区,35.73437500000001,139.8328125,922,97.0,609.0,211.0,31.0,446,0
5339468622,13122,葛飾区,35.73437500000001,139.8359375,1039,82.0,577.0,358.0,25.0,561,0
5339468623,13122,葛飾区,35.73645833333334,139.8328125,1043,104.0,659.0,261.0,38.0,500,0
5339468624,13122,葛飾区,35.73645833333334,139.8359375,1787,184.0,1301.0,290.0,66.0,867,0
5339468631,13122,葛飾区,35.73854166666668,139.8265625,162,22.0,94.0,45.0,6.0,76,0
5339468632,13122,葛飾区,35.73854166666668,139.8296875,907,145.0,580.0,168.0,44.0,384,0
5339468633,13122,葛飾区,35.74062500000001,139.8265625,747,74.0,411.0,253.0,25.0,364,0
5339468634,13122,葛飾区,35.74062500000001,139.8296875,1157,172.0,680.0,257.0,40.0,533,0
5339468641,13122,葛飾区,35.73854166666668,139.8328125,1152,131.0,665.0,335.0,29.0,523,0
5339468642,13122,葛飾区,35.73854166666668,139.8359375,1067,128.0,683.0,243.0,18.0,482,0
5339468643,13122,葛飾区,35.74062500000001,139.8328125,1111,173.0,658.0,268.0,21.0,486,0
5339468644,13122,葛飾区,35.74062500000001,139.8359375,862,74.0,483.0,301.0,17.0,360,0
5339468711,13122,葛飾区,35.73437500000001,139.8390625,1016,60.0,666.0,279.0,33.0,546,0
5339468712,13122,葛飾区,35.73437500000001,139.84218750000002,1313,165.0,820.0,319.0,50.0,612,0
5339468713,13122,葛飾区,35.73645833333334,139.8390625,931,83.0,565.0,267.0,32.0,468,0
5339468714,13122,葛飾区,35.73645833333334,139.84218750000002,1025,109.0,642.0,260.0,43.0,517,0
5339468721,13122,葛飾区,35.73437500000001,139.8453125,1230,108.0,755.0,357.0,19.0,605,0
5339468722,13122,葛飾区,35.73437500000001,139.84843750000002,1098,109.0,626.0,354.0,18.0,558,0
5339468723,13122,葛飾区,35.73645833333334,139.8453125,1193,136.0,770.0,276.0,26.0,548,0
5339468724,13122,葛飾区,35.73645833333334,139.84843750000002,1205,110.0,705.0,373.0,24.0,629,0
5339468731,13122,葛飾区,35.73854166666668,139.8390625,1201,207.0,822.0,166.0,35.0,530,0
5339468732,13122,葛飾区,35.73854166666668,139.84218750000002,1036,73.0,663.0,292.0,32.0,552,0
5339468733,13122,葛飾区,35.74062500000001,139.8390625,624,37.0,367.0,218.0,20.0,343,0
5339468734,13122,葛飾区,35.74062500000001,139.84218750000002,1049,136.0,673.0,240.0,32.0,481,0
5339468741,13122,葛飾区,35.73854166666668,139.8453125,1186,98.0,744.0,324.0,30.0,658,0
5339468742,13122,葛飾区,35.73854166666668,139.84843750000002,939,59.0,554.0,308.0,14.0,515,0
5339468743,13122,葛飾区,35.74062500000001,139.8453125,1391,178.0,907.0,295.0,40.0,636,0
5339468744,13122,葛飾区,35.74062500000001,139.84843750000002,1321,158.0,828.0,324.0,28.0,650,0
5339468811,13122,葛飾区,35.73437500000001,139.8515625,1484,199.0,953.0,318.0,38.0,647,0
5339468812,13122,葛飾区,35.73437500000001,139.8546875,622,73.0,382.0,161.0,20.0,284,0
5339468813,13122,葛飾区,35.73645833333334,139.8515625,894,90.0,541.0,255.0,23.0,454,0
5339468814,13122,葛飾区,35.73645833333334,139.8546875,957,69.0,566.0,316.0,15.0,485,0
5339468821,13122,葛飾区,35.73437500000001,139.8578125,1189,105.0,747.0,326.0,25.0,526,0
5339468822,13122,葛飾区,35.73437500000001,139.8609375,575,39.0,334.0,196.0,14.0,285,0
5339468823,13122,葛飾区,35.73645833333334,139.8578125,939,103.0,667.0,169.0,12.0,378,0
5339468824,13122,葛飾区,35.73645833333334,139.8609375,30,1.0,21.0,8.0,0.0,13,0
5339468831,13122,葛飾区,35.73854166666668,139.8515625,1033,98.0,669.0,253.0,17.0,552,0
5339468832,13122,葛飾区,35.73854166666668,139.8546875,496,55.0,339.0,100.0,13.0,274,0
5339468833,13122,葛飾区,35.74062500000001,139.8515625,1210,85.0,708.0,399.0,34.0,619,0
5339468834,13122,葛飾区,35.74062500000001,139.8546875,1221,107.0,799.0,301.0,47.0,659,0
5339468841,13122,葛飾区,35.73854166666668,139.8578125,837,94.0,476.0,258.0,23.0,404,0
5339468842,13122,葛飾区,35.73854166666668,139.8609375,398,44.0,305.0,62.0,12.0,152,1
5339468843,13122,葛飾区,35.74062500000001,139.8578125,1106,112.0,674.0,313.0,19.0,531,0
5339468844,13122,葛飾区,35.74062500000001,139.8609375,15,,,,,3,2
5339468911,13122,葛飾区,35.73437500000001,139.86406250000002,749,85.0,480.0,178.0,16.0,317,0
5339468912,13122,葛飾区,35.73437500000001,139.86718750000003,701,76.0,488.0,131.0,37.0,381,0
5339468913,13122,葛飾区,35.73645833333334,139.86406250000002,763,100.0,470.0,186.0,25.0,318,0
5339468914,13122,葛飾区,35.73645833333334,139.86718750000003,816,107.0,598.0,108.0,30.0,318,0
5339468921,13122,葛飾区,35.73437500000001,139.8703125,391,36.0,256.0,98.0,23.0,209,0
5339468922,13123,江戸川区,35.73437500000001,139.87343750000002,1183,106.0,751.0,293.0,87.0,683,0
5339468923,13122,葛飾区,35.73645833333334,139.8703125,217,39.0,130.0,46.0,5.0,87,0
5339468924,13122,葛飾区,35.73645833333334,139.87343750000002,894,68.0,579.0,227.0,54.0,424,0
5339468931,13122,葛飾区,35.73854166666668,139.86406250000002,547,87.0,355.0,96.0,4.0,200,0
5339468932,13122,葛飾区,35.73854166666668,139.86718750000003,174,21.0,112.0,39.0,1.0,72,0
5339468933,13122,葛飾区,35.74062500000001,139.86406250000002,283,38.0,162.0,79.0,7.0,115,0
5339468934,13122,葛飾区,35.74062500000001,139.86718750000003,284,44.0,185.0,55.0,5.0,108,0
5339468941,13122,葛飾区,35.73854166666668,139.8703125,985,165.0,603.0,206.0,24.0,375,0
5339468942,13122,葛飾区,35.73854166666668,139.87343750000002,1018,102.0,636.0,265.0,102.0,503,0
5339468943,13122,葛飾区,35.74062500000001,139.8703125,781,105.0,475.0,189.0,19.0,345,0
5339468944,13122,葛飾区,35.74062500000001,139.87343750000002,958,89.0,597.0,265.0,37.0,455,0
5339469011,13117,北区,35.74270833333334,139.7515625,1474,195.0,952.0,327.0,85.0,742,0
5339469012,13117,北区,35.74270833333334,139.75468750000002,542,81.0,381.0,80.0,24.0,277,0
5339469013,13117,北区,35.74479166666667,139.7515625,645,62.0,391.0,191.0,73.0,344,0
5339469014,13117,北区,35.74479166666667,139.75468750000002,440,36.0,226.0,178.0,9.0,190,0
5339469021,13117,北区,35.74270833333334,139.7578125,15,0.0,10.0,5.0,0.0,10,0
5339469022,13117,北区,35.74270833333334,139.7609375,1647,265.0,1186.0,196.0,127.0,837,0
5339469023,13117,北区,35.74479166666667,139.7578125,1272,119.0,1007.0,146.0,125.0,709,0
5339469024,13118,荒川区,35.74479166666667,139.7609375,1912,131.0,1181.0,600.0,119.0,1061,0
5339469031,13117,北区,35.74687500000001,139.7515625,458,43.0,312.0,103.0,46.0,244,0
5339469032,13117,北区,35.74687500000001,139.75468750000002,1307,114.0,942.0,242.0,94.0,768,0
5339469033,13117,北区,35.74895833333334,139.7515625,958,89.0,638.0,231.0,38.0,497,0
5339469034,13117,北区,35.74895833333334,139.75468750000002,1895,194.0,1248.0,446.0,97.0,968,0
5339469041,13118,荒川区,35.74687500000001,139.7578125,1473,127.0,982.0,345.0,51.0,770,0
5339469042,13118,荒川区,35.74687500000001,139.7609375,2140,228.0,1236.0,676.0,97.0,1081,0
5339469043,13118,荒川区,35.74895833333334,139.7578125,1311,148.0,823.0,324.0,73.0,663,0
5339469044,13118,荒川区,35.74895833333334,139.7609375,1561,157.0,955.0,449.0,54.0,818,0
5339469111,13117,北区,35.74270833333334,139.7640625,2078,193.0,1537.0,338.0,178.0,1270,0
5339469112,13118,荒川区,35.74270833333334,139.7671875,1642,120.0,1021.0,501.0,94.0,884,0
5339469113,13118,荒川区,35.74479166666667,139.7640625,1667,139.0,1105.0,400.0,107.0,914,0
5339469114,13118,荒川区,35.74479166666667,139.7671875,1554,148.0,994.0,402.0,101.0,863,0
5339469121,13118,荒川区,35.74270833333334,139.7703125,1624,169.0,1063.0,359.0,113.0,818,0
5339469122,13118,荒川区,35.74270833333334,139.7734375,1219,112.0,740.0,367.0,34.0,620,0
5339469123,13118,荒川区,35.74479166666667,139.7703125,2303,317.0,1501.0,457.0,136.0,1166,0
5339469124,13118,荒川区,35.74479166666667,139.7734375,1358,119.0,859.0,347.0,32.0,757,0
5339469131,13118,荒川区,35.74687500000001,139.7640625,1391,157.0,869.0,365.0,50.0,740,0
5339469132,13118,荒川区,35.74687500000001,139.7671875,885,112.0,546.0,227.0,24.0,444,0
5339469133,13118,荒川区,35.74895833333334,139.7640625,1398,133.0,828.0,428.0,43.0,718,0
5339469134,13118,荒川区,35.74895833333334,139.7671875,1083,135.0,673.0,269.0,31.0,554,0
5339469141,13118,荒川区,35.74687500000001,139.7703125,1862,218.0,1281.0,363.0,142.0,1000,0
5339469142,13118,荒川区,35.74687500000001,139.7734375,1508,163.0,939.0,398.0,36.0,802,0
5339469143,13118,荒川区,35.74895833333334,139.7703125,1133,184.0,723.0,222.0,41.0,512,0
5339469144,13118,荒川区,35.74895833333334,139.7734375,1334,164.0,823.0,337.0,62.0,662,0
5339469211,13118,荒川区,35.74270833333334,139.7765625,1753,126.0,1063.0,564.0,45.0,993,0
5339469212,13118,荒川区,35.74270833333334,139.77968750000002,2076,210.0,1362.0,503.0,101.0,1062,0
5339469213,13118,荒川区,35.74479166666667,139.7765625,1454,133.0,903.0,400.0,51.0,827,0
5339469214,13118,荒川区,35.74479166666667,139.77968750000002,1328,97.0,839.0,386.0,60.0,747,0
5339469221,13118,荒川区,35.74270833333334,139.7828125,1775,121.0,1092.0,532.0,164.0,1050,0
5339469222,13118,荒川区,35.74270833333334,139.78593750000002,165,18.0,124.0,21.0,14.0,112,0
5339469223,13118,荒川区,35.74479166666667,139.7828125,1744,171.0,1168.0,384.0,105.0,978,0
5339469224,13118,荒川区,35.74479166666667,139.78593750000002,1084,122.0,698.0,237.0,62.0,521,0
5339469231,13118,荒川区,35.74687500000001,139.7765625,1474,91.0,926.0,450.0,47.0,808,0
5339469232,13118,荒川区,35.74687500000001,139.77968750000002,1845,189.0,1138.0,502.0,64.0,961,0
5339469233,13118,荒川区,35.74895833333334,139.7765625,1625,123.0,946.0,556.0,85.0,813,0
5339469234,13118,荒川区,35.74895833333334,139.77968750000002,1791,198.0,1101.0,492.0,91.0,925,0
5339469241,13118,荒川区,35.74687500000001,139.7828125,2194,244.0,1466.0,461.0,173.0,1185,0
5339469242,13118,荒川区,35.74687500000001,139.78593750000002,1506,151.0,839.0,505.0,105.0,830,0
5339469243,13118,荒川区,35.74895833333334,139.7828125,1498,147.0,982.0,361.0,90.0,801,0
5339469244,13118,荒川区,35.74895833333334,139.78593750000002,1967,180.0,1294.0,484.0,120.0,959,0
5339469311,13118,荒川区,35.74270833333334,139.7890625,17,,,,,14,2
5339469312,13121,足立区,35.74270833333334,139.7921875,603,175.0,368.0,45.0,70.0,236,1
5339469313,13121,足立区,35.74479166666667,139.7890625,640,67.0,391.0,151.0,21.0,330,0
5339469314,13121,足立区,35.74479166666667,139.7921875,921,76.0,543.0,259.0,25.0,494,0
5339469321,13121,足立区,35.74270833333334,139.7953125,1409,399.0,865.0,100.0,64.0,550,0
5339469322,13121,足立区,35.74270833333334,139.7984375,1420,129.0,959.0,240.0,57.0,838,0
5339469323,13121,足立区,35.74479166666667,139.7953125,1082,124.0,684.0,227.0,11.0,566,0
5339469324,13121,足立区,35.74479166666667,139.7984375,1450,110.0,946.0,273.0,33.0,863,0
5339469331,13121,足立区,35.74687500000001,139.7890625,703,80.0,452.0,128.0,30.0,364,0
5339469332,13121,足立区,35.74687500000001,139.7921875,1472,139.0,914.0,343.0,57.0,799,0
5339469333,13118,荒川区,35.74895833333334,139.7890625,1429,181.0,796.0,452.0,51.0,512,0
5339469334,13121,足立区,35.74895833333334,139.7921875,894,157.0,462.0,265.0,38.0,414,0
5339469341,13121,足立区,35.74687500000001,139.7953125,1393,157.0,821.0,337.0,40.0,730,0
5339469342,13121,足立区,35.74687500000001,139.7984375,1603,89.0,1085.0,290.0,55.0,1077,0
5339469343,13121,足立区,35.74895833333334,139.7953125,860,66.0,530.0,181.0,22.0,516,0
5339469344,13121,足立区,35.74895833333334,139.7984375,1266,122.0,773.0,228.0,34.0,754,0
5339469411,13121,足立区,35.74270833333334,139.80156250000002,1631,113.0,1056.0,373.0,43.0,971,0
5339469412,13121,足立区,35.74270833333334,139.80468750000003,1062,187.0,656.0,194.0,44.0,465,0
5339469413,13121,足立区,35.74479166666667,139.80156250000002,1854,167.0,1190.0,390.0,47.0,1069,0
5339469414,13121,足立区,35.74479166666667,139.80468750000003,1436,95.0,930.0,313.0,62.0,788,0
5339469421,13121,足立区,35.74270833333334,139.8078125,1852,164.0,1145.0,531.0,43.0,773,0
5339469422,13121,足立区,35.74270833333334,139.81093750000002,744,79.0,448.0,201.0,25.0,325,0
5339469423,13121,足立区,35.74479166666667,139.8078125,1570,126.0,954.0,431.0,44.0,816,0
5339469424,13121,足立区,35.74479166666667,139.81093750000002,1630,220.0,1012.0,359.0,53.0,771,0
5339469431,13121,足立区,35.74687500000001,139.80156250000002,1628,86.0,1094.0,232.0,24.0,1105,0
5339469432,13121,足立区,35.74687500000001,139.80468750000003,718,31.0,439.0,172.0,18.0,486,0
5339469433,13121,足立区,35.74895833333334,139.80156250000002,1067,64.0,655.0,281.0,18.0,603,0
5339469434,13121,足立区,35.74895833333334,139.80468750000003,440,22.0,249.0,137.0,7.0,260,0
5339469441,13121,足立区,35.74687500000001,139.8078125,870,48.0,551.0,209.0,17.0,532,0
5339469442,13121,足立区,35.74687500000001,139.81093750000002,1716,130.0,977.0,530.0,79.0,957,0
5339469443,13121,足立区,35.74895833333334,139.8078125,891,53.0,530.0,246.0,33.0,544,0
5339469444,13121,足立区,35.74895833333334,139.81093750000002,1595,125.0,965.0,414.0,35.0,908,0
5339469511,13121,足立区,35.74270833333334,139.8140625,1452,191.0,896.0,317.0,57.0,702,0
5339469512,13121,足立区,35.74270833333334,139.81718750000002,489,42.0,310.0,110.0,10.0,243,0
5339469513,13121,足立区,35.74479166666667,139.8140625,906,93.0,543.0,229.0,30.0,464,0
5339469514,13121,足立区,35.74479166666667,139.81718750000002,256,16.0,151.0,73.0,9.0,150,0
5339469522,13122,葛飾区,35.74270833333334,139.8234375,78,4.0,41.0,33.0,0.0,32,0
5339469524,13122,葛飾区,35.74479166666667,139.8234375,631,43.0,384.0,196.0,10.0,328,0
5339469531,13121,足立区,35.74687500000001,139.8140625,1246,90.0,726.0,341.0,58.0,765,0
5339469532,13121,足立区,35.74687500000001,139.81718750000002,20,0.0,17.0,0.0,2.0,19,0
5339469533,13121,足立区,35.74895833333334,139.8140625,649,44.0,337.0,232.0,16.0,377,0
5339469541,13122,葛飾区,35.74687500000001,139.8203125,2,,,,,2,2
5339469542,13122,葛飾区,35.74687500000001,139.8234375,959,98.0,596.0,257.0,97.0,505,1
5339469543,13122,葛飾区,35.74895833333334,139.8203125,26,2.0,20.0,4.0,0.0,16,0
5339469544,13122,葛飾区,35.74895833333334,139.8234375,979,72.0,602.0,288.0,64.0,513,0
5339469611,13122,葛飾区,35.74270833333334,139.8265625,1080,83.0,660.0,322.0,19.0,564,0
5339469612,13122,葛飾区,35.74270833333334,139.8296875,1029,112.0,586.0,322.0,46.0,521,0
5339469613,13122,葛飾区,35.74479166666667,139.8265625,1425,130.0,897.0,382.0,59.0,724,0
5339469614,13122,葛飾区,35.74479166666667,139.8296875,1151,112.0,677.0,350.0,38.0,578,0
5339469621,13122,葛飾区,35.74270833333334,139.8328125,1503,173.0,1067.0,255.0,62.0,791,0
5339469622,13122,葛飾区,35.74270833333334,139.8359375,1353,159.0,879.0,309.0,40.0,625,0
5339469623,13122,葛飾区,35.74479166666667,139.8328125,1101,100.0,625.0,369.0,58.0,493,0
5339469624,13122,葛飾区,35.74479166666667,139.8359375,946,115.0,582.0,243.0,38.0,432,0
5339469631,13122,葛飾区,35.74687500000001,139.8265625,1104,60.0,695.0,338.0,48.0,656,0
5339469632,13122,葛飾区,35.74687500000001,139.8296875,1307,103.0,859.0,334.0,39.0,665,0
5339469633,13122,葛飾区,35.74895833333334,139.8265625,1102,83.0,708.0,293.0,75.0,579,0
5339469634,13122,葛飾区,35.74895833333334,139.8296875,1300,104.0,796.0,388.0,39.0,731,0
5339469641,13122,葛飾区,35.74687500000001,139.8328125,883,75.0,497.0,298.0,41.0,464,0
5339469642,13122,葛飾区,35.74687500000001,139.8359375,1011,125.0,611.0,266.0,20.0,499,0
5339469643,13122,葛飾区,35.74895833333334,139.8328125,1256,102.0,740.0,409.0,45.0,622,0
5339469644,13122,葛飾区,35.74895833333334,139.8359375,1178,131.0,728.0,313.0,68.0,583,0
5339469711,13122,葛飾区,35.74270833333334,139.8390625,806,72.0,478.0,251.0,22.0,378,0
5339469712,13122,葛飾区,35.74270833333334,139.84218750000002,1210,191.0,809.0,208.0,40.0,556,0
5339469713,13122,葛飾区,35.74479166666667,139.8390625,1079,120.0,704.0,246.0,28.0,491,0
5339469714,13122,葛飾区,35.74479166666667,139.84218750000002,1307,162.0,751.0,389.0,61.0,485,0
5339469721,13122,葛飾区,35.74270833333334,139.8453125,813,64.0,535.0,212.0,27.0,519,0
5339469722,13122,葛飾区,35.74270833333334,139.84843750000002,394,25.0,316.0,46.0,9.0,252,0
5339469723,13122,葛飾区,35.74479166666667,139.8453125,1343,167.0,898.0,271.0,59.0,640,0
5339469724,13122,葛飾区,35.74479166666667,139.84843750000002,692,64.0,439.0,186.0,37.0,325,0
5339469731,13122,葛飾区,35.74687500000001,139.8390625,1211,69.0,743.0,390.0,29.0,704,0
5339469732,13122,葛飾区,35.74687500000001,139.84218750000002,1023,149.0,707.0,161.0,40.0,434,0
5339469733,13122,葛飾区,35.74895833333334,139.8390625,1170,69.0,775.0,313.0,63.0,706,0
5339469734,13122,葛飾区,35.74895833333334,139.84218750000002,1196,96.0,689.0,406.0,62.0,572,0
5339469741,13122,葛飾区,35.74687500000001,139.8453125,1560,188.0,1100.0,270.0,87.0,722,0
5339469742,13122,葛飾区,35.74687500000001,139.84843750000002,1774,176.0,927.0,670.0,129.0,907,0
5339469743,13122,葛飾区,35.74895833333334,139.8453125,1236,138.0,838.0,251.0,53.0,568,0
5339469744,13122,葛飾区,35.74895833333334,139.84843750000002,1446,246.0,907.0,284.0,47.0,626,0
5339469811,13122,葛飾区,35.74270833333334,139.8515625,1278,224.0,811.0,238.0,25.0,520,0
5339469812,13122,葛飾区,35.74270833333334,139.8546875,915,79.0,587.0,239.0,22.0,499,0
5339469813,13122,葛飾区,35.74479166666667,139.8515625,1315,108.0,811.0,374.0,27.0,691,0
5339469814,13122,葛飾区,35.74479166666667,139.8546875,958,55.0,654.0,233.0,25.0,567,0
5339469821,13122,葛飾区,35.74270833333334,139.8578125,426,20.0,297.0,107.0,10.0,260,0
5339469822,13122,葛飾区,35.74270833333334,139.8609375,904,101.0,588.0,213.0,68.0,479,0
5339469823,13122,葛飾区,35.74479166666667,139.8578125,354,29.0,228.0,88.0,7.0,203,0
5339469824,13122,葛飾区,35.74479166666667,139.8609375,1273,175.0,923.0,175.0,50.0,595,0
5339469831,13122,葛飾区,35.74687500000001,139.8515625,2279,290.0,1428.0,560.0,164.0,1099,0
5339469832,13122,葛飾区,35.74687500000001,139.8546875,1359,146.0,891.0,309.0,50.0,710,0
5339469833,13122,葛飾区,35.74895833333334,139.8515625,944,126.0,591.0,223.0,67.0,454,0
5339469834,13122,葛飾区,35.74895833333334,139.8546875,1244,170.0,790.0,274.0,24.0,590,0
5339469841,13122,葛飾区,35.74687500000001,139.8578125,1022,71.0,729.0,213.0,36.0,642,0
5339469842,13122,葛飾区,35.74687500000001,139.8609375,268,34.0,146.0,86.0,12.0,120,0
5339469843,13122,葛飾区,35.74895833333334,139.8578125,1134,78.0,803.0,247.0,22.0,642,0
5339469844,13122,葛飾区,35.74895833333334,139.8609375,564,67.0,342.0,150.0,19.0,300,0
5339469911,13122,葛飾区,35.74270833333334,139.86406250000002,402,49.0,302.0,50.0,10.0,178,0
5339469912,13122,葛飾区,35.74270833333334,139.86718750000003,1201,235.0,796.0,159.0,37.0,441,0
5339469913,13122,葛飾区,35.74479166666667,139.86406250000002,463,59.0,349.0,54.0,11.0,190,0
5339469914,13122,葛飾区,35.74479166666667,139.86718750000003,740,72.0,464.0,194.0,14.0,359,0
5339469921,13122,葛飾区,35.74270833333334,139.8703125,836,100.0,567.0,165.0,20.0,377,0
5339469922,13122,葛飾区,35.74270833333334,139.87343750000002,979,98.0,576.0,292.0,37.0,430,0
5339469923,13122,葛飾区,35.74479166666667,139.8703125,1167,145.0,654.0,361.0,43.0,550,0
5339469924,13122,葛飾区,35.74479166666667,139.87343750000002,1029,133.0,602.0,291.0,27.0,457,0
5339469931,13122,葛飾区,35.74687500000001,139.86406250000002,393,41.0,237.0,112.0,12.0,188,0
5339469932,13122,葛飾区,35.74687500000001,139.86718750000003,1062,126.0,697.0,223.0,16.0,532,0
5339469933,13122,葛飾区,35.74895833333334,139.86406250000002,658,61.0,424.0,168.0,14.0,336,0
5339469934,13122,葛飾区,35.74895833333334,139.86718750000003,1546,172.0,1006.0,353.0,41.0,790,0
5339469941,13122,葛飾区,35.74687500000001,139.8703125,846,74.0,449.0,319.0,15.0,473,0
5339469942,13122,葛飾区,35.74687500000001,139.87343750000002,658,68.0,291.0,299.0,19.0,336,0
5339469943,13122,葛飾区,35.74895833333334,139.8703125,1042,75.0,677.0,276.0,31.0,570,0
5339469944,13122,葛飾区,35.74895833333334,139.87343750000002,196,17.0,124.0,51.0,6.0,89,0
5339470011,13123,江戸川区,35.66770833333334,139.8765625,1287,99.0,969.0,163.0,68.0,854,0
5339470012,13123,江戸川区,35.66770833333334,139.87968750000002,936,98.0,633.0,176.0,49.0,496,0
5339470013,13123,江戸川区,35.66979166666667,139.8765625,1403,110.0,959.0,245.0,62.0,888,0
5339470014,13123,江戸川区,35.66979166666667,139.87968750000002,1233,151.0,821.0,227.0,54.0,612,0
5339470021,13123,江戸川区,35.66770833333334,139.8828125,724,56.0,484.0,217.0,9.0,344,1
5339470022,13123,江戸川区,35.66770833333334,139.8859375,7,,,,,6,2
5339470023,13123,江戸川区,35.66979166666667,139.8828125,614,78.0,380.0,135.0,19.0,270,0
5339470024,13123,江戸川区,35.66979166666667,139.8859375,56,,,,,56,2
5339470031,13123,江戸川区,35.67187500000001,139.8765625,1807,187.0,1237.0,346.0,69.0,942,0
5339470032,13123,江戸川区,35.67187500000001,139.87968750000002,1126,100.0,759.0,231.0,41.0,609,0
5339470033,13123,江戸川区,35.67395833333334,139.8765625,967,94.0,628.0,213.0,37.0,442,0
5339470034,13123,江戸川区,35.67395833333334,139.87968750000002,829,101.0,530.0,196.0,12.0,363,0
5339470041,13123,江戸川区,35.67187500000001,139.8828125,918,114.0,560.0,243.0,17.0,386,0
5339470043,13123,江戸川区,35.67395833333334,139.8828125,953,101.0,584.0,261.0,11.0,399,0
5339471011,13123,江戸川区,35.67604166666667,139.8765625,648,69.0,399.0,172.0,2.0,295,0
5339471012,13123,江戸川区,35.67604166666667,139.87968750000002,624,103.0,365.0,141.0,10.0,280,0
5339471013,13123,江戸川区,35.678125,139.8765625,1099,103.0,609.0,380.0,15.0,468,0
5339471014,13123,江戸川区,35.678125,139.87968750000002,559,48.0,366.0,132.0,17.0,262,0
5339471021,13123,江戸川区,35.67604166666667,139.8828125,1133,143.0,684.0,301.0,28.0,476,0
5339471023,13123,江戸川区,35.678125,139.8828125,1129,145.0,566.0,410.0,14.0,435,0
5339471024,13123,江戸川区,35.678125,139.8859375,464,35.0,223.0,201.0,11.0,253,0
5339471031,13123,江戸川区,35.68020833333334,139.8765625,1593,284.0,987.0,305.0,41.0,593,0
5339471032,13123,江戸川区,35.68020833333334,139.87968750000002,1254,192.0,873.0,167.0,24.0,564,0
5339471033,13123,江戸川区,35.68229166666667,139.8765625,908,140.0,540.0,222.0,12.0,313,0
5339471034,13123,江戸川区,35.68229166666667,139.87968750000002,1136,157.0,835.0,118.0,32.0,521,0
5339471041,13123,江戸川区,35.68020833333334,139.8828125,1489,225.0,919.0,329.0,49.0,653,0
5339471042,13123,江戸川区,35.68020833333334,139.8859375,300,51.0,220.0,25.0,17.0,124,0
5339471043,13123,江戸川区,35.68229166666667,139.8828125,1012,122.0,616.0,259.0,29.0,529,0
5339471044,13123,江戸川区,35.68229166666667,139.8859375,508,47.0,311.0,145.0,17.0,230,0
5339471133,13123,江戸川区,35.68229166666667,139.8890625,1008,110.0,706.0,189.0,53.0,487,0
5339471134,13123,江戸川区,35.68229166666667,139.8921875,213,24.0,130.0,59.0,1.0,99,0
5339472011,13123,江戸川区,35.684375,139.8765625,1092,143.0,772.0,167.0,8.0,505,0
5339472012,13123,江戸川区,35.684375,139.87968750000002,810,80.0,565.0,157.0,17.0,447,0
5339472013,13123,江戸川区,35.686458333333334,139.8765625,1333,180.0,858.0,272.0,15.0,537,0
5339472014,13123,江戸川区,35.686458333333334,139.87968750000002,879,168.0,590.0,110.0,10.0,384,0
5339472021,13123,江戸川区,35.684375,139.8828125,1817,294.0,1184.0,315.0,65.0,871,0
5339472022,13123,江戸川区,35.684375,139.8859375,723,91.0,476.0,149.0,15.0,324,0
5339472023,13123,江戸川区,35.686458333333334,139.8828125,1159,135.0,790.0,157.0,44.0,695,0
5339472024,13123,江戸川区,35.686458333333334,139.8859375,508,18.0,356.0,125.0,24.0,307,0
5339472031,13123,江戸川区,35.68854166666667,139.8765625,859,62.0,494.0,291.0,11.0,346,0
5339472032,13123,江戸川区,35.68854166666667,139.87968750000002,1089,133.0,703.0,251.0,43.0,557,0
5339472033,13123,江戸川区,35.690625000000004,139.8765625,635,66.0,407.0,148.0,28.0,346,0
5339472034,13123,江戸川区,35.690625000000004,139.87968750000002,943,90.0,588.0,262.0,10.0,477,0
5339472041,13123,江戸川区,35.68854166666667,139.8828125,1114,87.0,726.0,266.0,24.0,619,0
5339472042,13123,江戸川区,35.68854166666667,139.8859375,604,79.0,418.0,97.0,22.0,313,0
5339472043,13123,江戸川区,35.690625000000004,139.8828125,1407,143.0,980.0,234.0,32.0,744,0
5339472044,13123,江戸川区,35.690625000000004,139.8859375,802,97.0,524.0,168.0,10.0,385,0
5339472111,13123,江戸川区,35.684375,139.8890625,1161,152.0,746.0,223.0,15.0,580,0
5339472112,13123,江戸川区,35.684375,139.8921875,903,109.0,582.0,202.0,15.0,403,0
5339472113,13123,江戸川区,35.686458333333334,139.8890625,1469,146.0,949.0,328.0,28.0,722,0
5339472114,13123,江戸川区,35.686458333333334,139.8921875,1414,176.0,891.0,334.0,27.0,684,0
5339472121,13123,江戸川区,35.684375,139.8953125,745,108.0,479.0,157.0,12.0,317,0
5339472122,13123,江戸川区,35.684375,139.8984375,1127,165.0,709.0,237.0,13.0,492,0
5339472123,13123,江戸川区,35.686458333333334,139.8953125,974,111.0,610.0,228.0,34.0,470,0
5339472124,13123,江戸川区,35.686458333333334,139.8984375,1238,135.0,780.0,303.0,12.0,573,0
5339472131,13123,江戸川区,35.68854166666667,139.8890625,1490,148.0,924.0,392.0,19.0,672,0
5339472132,13123,江戸川区,35.68854166666667,139.8921875,1579,203.0,995.0,334.0,34.0,758,0
5339472133,13123,江戸川区,35.690625000000004,139.8890625,1245,113.0,760.0,339.0,33.0,586,0
5339472134,13123,江戸川区,35.690625000000004,139.8921875,1354,113.0,904.0,309.0,27.0,708,0
5339472141,13123,江戸川区,35.68854166666667,139.8953125,1194,182.0,784.0,204.0,22.0,540,0
5339472142,13123,江戸川区,35.68854166666667,139.8984375,855,104.0,547.0,182.0,11.0,419,0
5339472143,13123,江戸川区,35.690625000000004,139.8953125,1360,214.0,868.0,230.0,9.0,650,0
5339472144,13123,江戸川区,35.690625000000004,139.8984375,808,113.0,561.0,105.0,9.0,403,0
5339472211,13123,江戸川区,35.684375,139.9015625,1793,252.0,1114.0,412.0,20.0,758,0
5339472212,13123,江戸川区,35.684375,139.90468750000002,159,17.0,72.0,69.0,0.0,39,0
5339472213,13123,江戸川区,35.686458333333334,139.9015625,1279,129.0,829.0,286.0,19.0,557,0
5339472214,13123,江戸川区,35.686458333333334,139.90468750000002,1188,112.0,645.0,420.0,16.0,530,0
5339472223,13123,江戸川区,35.686458333333334,139.9078125,479,42.0,307.0,119.0,24.0,213,0
5339472231,13123,江戸川区,35.68854166666667,139.9015625,1342,184.0,838.0,307.0,22.0,584,0
5339472232,13123,江戸川区,35.68854166666667,139.90468750000002,1450,111.0,877.0,454.0,33.0,668,0
5339472233,13123,江戸川区,35.690625000000004,139.9015625,934,115.0,641.0,159.0,19.0,417,0
5339472234,13123,江戸川区,35.690625000000004,139.90468750000002,1181,157.0,752.0,239.0,19.0,527,0
5339472241,13123,江戸川区,35.68854166666667,139.9078125,1014,112.0,633.0,256.0,13.0,453,0
5339472242,13123,江戸川区,35.68854166666667,139.91093750000002,19,3.0,12.0,4.0,0.0,8,0
5339472243,13123,江戸川区,35.690625000000004,139.9078125,1361,146.0,755.0,451.0,38.0,636,0
5339472244,13123,江戸川区,35.690625000000004,139.91093750000002,682,187.0,443.0,51.0,16.0,237,0
5339473011,13123,江戸川区,35.692708333333336,139.8765625,1075,97.0,693.0,275.0,20.0,464,0
5339473012,13123,江戸川区,35.692708333333336,139.87968750000002,1177,217.0,756.0,200.0,18.0,463,0
5339473013,13123,江戸川区,35.69479166666667,139.8765625,1349,158.0,886.0,286.0,21.0,558,0
5339473014,13123,江戸川区,35.69479166666667,139.87968750000002,594,51.0,395.0,138.0,7.0,270,0
5339473021,13123,江戸川区,35.692708333333336,139.8828125,1134,170.0,780.0,173.0,16.0,505,0
5339473022,13123,江戸川区,35.692708333333336,139.8859375,549,45.0,316.0,169.0,13.0,278,0
5339473023,13123,江戸川区,35.69479166666667,139.8828125,1199,139.0,811.0,241.0,25.0,501,0
5339473024,13123,江戸川区,35.69479166666667,139.8859375,581,55.0,362.0,160.0,13.0,251,0
5339473031,13123,江戸川区,35.696875000000006,139.8765625,685,85.0,447.0,120.0,16.0,311,0
5339473032,13123,江戸川区,35.696875000000006,139.87968750000002,453,44.0,290.0,112.0,5.0,191,0
5339473033,13123,江戸川区,35.69895833333334,139.8765625,844,115.0,548.0,180.0,44.0,343,0
5339473034,13123,江戸川区,35.69895833333334,139.87968750000002,926,167.0,575.0,179.0,23.0,351,0
5339473041,13123,江戸川区,35.696875000000006,139.8828125,532,88.0,357.0,85.0,16.0,208,0
5339473042,13123,江戸川区,35.696875000000006,139.8859375,407,43.0,241.0,120.0,7.0,156,0
5339473043,13123,江戸川区,35.69895833333334,139.8828125,664,87.0,419.0,152.0,17.0,273,0
5339473044,13123,江戸川区,35.69895833333334,139.8859375,722,77.0,370.0,271.0,17.0,334,0
5339473111,13123,江戸川区,35.692708333333336,139.8890625,1233,103.0,779.0,342.0,26.0,552,0
5339473112,13123,江戸川区,35.692708333333336,139.8921875,874,101.0,531.0,228.0,17.0,395,0
5339473113,13123,江戸川区,35.69479166666667,139.8890625,703,73.0,406.0,215.0,6.0,316,0
5339473114,13123,江戸川区,35.69479166666667,139.8921875,1029,87.0,646.0,272.0,12.0,486,0
5339473121,13123,江戸川区,35.692708333333336,139.8953125,959,114.0,641.0,164.0,9.0,511,0
5339473122,13123,江戸川区,35.692708333333336,139.8984375,1127,94.0,790.0,165.0,24.0,707,0
5339473123,13123,江戸川区,35.69479166666667,139.8953125,1036,118.0,719.0,148.0,15.0,483,0
5339473124,13123,江戸川区,35.69479166666667,139.8984375,1639,192.0,1168.0,201.0,40.0,865,0
5339473131,13123,江戸川区,35.696875000000006,139.8890625,562,70.0,330.0,152.0,7.0,243,0
5339473132,13123,江戸川区,35.696875000000006,139.8921875,1159,158.0,743.0,236.0,12.0,525,0
5339473133,13123,江戸川区,35.69895833333334,139.8890625,830,142.0,555.0,118.0,4.0,369,0
5339473134,13123,江戸川区,35.69895833333334,139.8921875,775,82.0,533.0,153.0,18.0,385,0
5339473141,13123,江戸川区,35.696875000000006,139.8953125,1033,131.0,697.0,176.0,21.0,482,0
5339473142,13123,江戸川区,35.696875000000006,139.8984375,1735,173.0,1244.0,260.0,41.0,1001,0
5339473143,13123,江戸川区,35.69895833333334,139.8953125,1303,134.0,792.0,346.0,44.0,596,0
5339473144,13123,江戸川区,35.69895833333334,139.8984375,1516,204.0,1070.0,221.0,36.0,659,0
5339473211,13123,江戸川区,35.692708333333336,139.9015625,1537,186.0,1105.0,209.0,15.0,677,0
5339473212,13123,江戸川区,35.692708333333336,139.90468750000002,1201,185.0,789.0,207.0,10.0,453,0
5339473213,13123,江戸川区,35.69479166666667,139.9015625,1449,175.0,996.0,237.0,28.0,679,0
5339473214,13123,江戸川区,35.69479166666667,139.90468750000002,1049,164.0,716.0,160.0,12.0,417,0
5339473221,13123,江戸川区,35.692708333333336,139.9078125,1376,170.0,839.0,361.0,22.0,535,0
5339473222,13123,江戸川区,35.692708333333336,139.91093750000002,1005,105.0,558.0,340.0,16.0,435,0
5339473223,13123,江戸川区,35.69479166666667,139.9078125,1321,217.0,830.0,269.0,32.0,532,0
5339473224,13123,江戸川区,35.69479166666667,139.91093750000002,1081,150.0,740.0,177.0,38.0,419,0
5339473231,13123,江戸川区,35.696875000000006,139.9015625,1585,251.0,1128.0,180.0,39.0,686,0
5339473232,13123,江戸川区,35.696875000000006,139.90468750000002,1265,178.0,884.0,183.0,20.0,513,0
5339473233,13123,江戸川区,35.69895833333334,139.9015625,899,148.0,631.0,116.0,21.0,353,0
5339473234,13123,江戸川区,35.69895833333334,139.90468750000002,1090,164.0,716.0,194.0,28.0,452,0
5339473241,13123,江戸川区,35.696875000000006,139.9078125,1319,173.0,869.0,274.0,25.0,497,0
5339473242,13123,江戸川区,35.696875000000006,139.91093750000002,1155,121.0,666.0,356.0,17.0,562,0
5339473243,13123,江戸川区,35.69895833333334,139.9078125,1218,159.0,766.0,282.0,24.0,524,0
5339473244,13123,江戸川区,35.69895833333334,139.91093750000002,1194,183.0,734.0,255.0,18.0,539,0
5339473313,13123,江戸川区,35.69479166666667,139.9140625,107,22.0,57.0,28.0,0.0,42,0
5339473331,13123,江戸川区,35.696875000000006,139.9140625,1274,135.0,685.0,452.0,41.0,575,0
5339473332,13123,江戸川区,35.696875000000006,139.9171875,415,19.0,168.0,228.0,9.0,209,0
5339473333,13123,江戸川区,35.69895833333334,139.9140625,1073,113.0,584.0,361.0,17.0,490,0
5339473334,13123,江戸川区,35.69895833333334,139.9171875,103,5.0,41.0,57.0,7.0,54,0
5339474011,13123,江戸川区,35.70104166666667,139.8765625,1119,132.0,707.0,262.0,28.0,480,0
5339474012,13123,江戸川区,35.70104166666667,139.87968750000002,670,101.0,444.0,116.0,7.0,273,0
5339474013,13123,江戸川区,35.703125,139.8765625,890,109.0,548.0,177.0,14.0,422,0
5339474014,13123,江戸川区,35.703125,139.87968750000002,604,97.0,361.0,141.0,4.0,235,0
5339474021,13123,江戸川区,35.70104166666667,139.8828125,804,154.0,482.0,165.0,17.0,315,0
5339474022,13123,江戸川区,35.70104166666667,139.8859375,519,70.0,318.0,123.0,7.0,201,0
5339474023,13123,江戸川区,35.703125,139.8828125,533,86.0,314.0,122.0,17.0,225,0
5339474024,13123,江戸川区,35.703125,139.8859375,727,153.0,478.0,96.0,16.0,241,0
5339474031,13123,江戸川区,35.70520833333334,139.8765625,1200,169.0,712.0,303.0,26.0,509,0
5339474032,13123,江戸川区,35.70520833333334,139.87968750000002,1061,172.0,708.0,178.0,16.0,447,0
5339474033,13123,江戸川区,35.70729166666667,139.8765625,1088,167.0,664.0,248.0,13.0,404,0
5339474034,13123,江戸川区,35.70729166666667,139.87968750000002,756,115.0,426.0,213.0,16.0,266,0
5339474041,13123,江戸川区,35.70520833333334,139.8828125,734,111.0,462.0,151.0,10.0,269,0
5339474042,13123,江戸川区,35.70520833333334,139.8859375,579,124.0,374.0,81.0,12.0,202,0
5339474043,13123,江戸川区,35.70729166666667,139.8828125,281,30.0,194.0,56.0,6.0,113,0
5339474044,13123,江戸川区,35.70729166666667,139.8859375,559,52.0,339.0,150.0,8.0,267,0
5339474111,13123,江戸川区,35.70104166666667,139.8890625,1011,166.0,686.0,150.0,7.0,408,0
5339474112,13123,江戸川区,35.70104166666667,139.8921875,1060,173.0,780.0,88.0,48.0,467,0
5339474113,13123,江戸川区,35.703125,139.8890625,983,163.0,662.0,145.0,17.0,385,0
5339474114,13123,江戸川区,35.703125,139.8921875,1304,94.0,724.0,461.0,54.0,739,0
5339474121,13123,江戸川区,35.70104166666667,139.8953125,676,101.0,473.0,98.0,23.0,267,0
5339474122,13123,江戸川区,35.70104166666667,139.8984375,1013,179.0,734.0,84.0,17.0,470,0
5339474123,13123,江戸川区,35.703125,139.8953125,815,103.0,545.0,153.0,16.0,339,0
5339474124,13123,江戸川区,35.703125,139.8984375,304,40.0,196.0,58.0,13.0,143,0
5339474131,13123,江戸川区,35.70520833333334,139.8890625,798,109.0,508.0,170.0,14.0,341,0
5339474132,13123,江戸川区,35.70520833333334,139.8921875,1172,165.0,788.0,197.0,9.0,521,0
5339474133,13123,江戸川区,35.70729166666667,139.8890625,781,81.0,548.0,140.0,16.0,361,0
5339474134,13123,江戸川区,35.70729166666667,139.8921875,777,74.0,464.0,236.0,14.0,391,0
5339474141,13123,江戸川区,35.70520833333334,139.8953125,1098,153.0,735.0,183.0,10.0,456,0
5339474142,13123,江戸川区,35.70520833333334,139.8984375,600,65.0,372.0,156.0,7.0,292,0
5339474143,13123,江戸川区,35.70729166666667,139.8953125,625,110.0,371.0,132.0,12.0,274,0
5339474144,13123,江戸川区,35.70729166666667,139.8984375,825,88.0,482.0,243.0,13.0,388,0
5339474211,13123,江戸川区,35.70104166666667,139.9015625,939,114.0,637.0,164.0,29.0,439,0
5339474212,13123,江戸川区,35.70104166666667,139.90468750000002,716,74.0,504.0,134.0,14.0,301,0
5339474213,13123,江戸川区,35.703125,139.9015625,485,57.0,309.0,104.0,8.0,260,0
5339474214,13123,江戸川区,35.703125,139.90468750000002,588,64.0,385.0,110.0,13.0,286,0
5339474221,13123,江戸川区,35.70104166666667,139.9078125,1302,165.0,881.0,232.0,25.0,580,0
5339474222,13123,江戸川区,35.70104166666667,139.91093750000002,1513,228.0,1010.0,258.0,27.0,640,0
5339474223,13123,江戸川区,35.703125,139.9078125,861,133.0,495.0,215.0,5.0,364,0
5339474224,13123,江戸川区,35.703125,139.91093750000002,962,133.0,619.0,190.0,16.0,453,0
5339474231,13123,江戸川区,35.70520833333334,139.9015625,1164,170.0,828.0,155.0,34.0,552,0
5339474232,13123,江戸川区,35.70520833333334,139.90468750000002,2244,356.0,1690.0,161.0,36.0,1072,0
5339474233,13123,江戸川区,35.70729166666667,139.9015625,1463,114.0,1013.0,293.0,38.0,793,0
5339474234,13123,江戸川区,35.70729166666667,139.90468750000002,1986,239.0,1410.0,282.0,24.0,942,0
5339474241,13123,江戸川区,35.70520833333334,139.9078125,989,173.0,703.0,96.0,9.0,444,0
5339474242,13123,江戸川区,35.70520833333334,139.91093750000002,1225,211.0,881.0,126.0,41.0,463,0
5339474243,13123,江戸川区,35.70729166666667,139.9078125,1356,204.0,879.0,238.0,10.0,664,0
5339474244,13123,江戸川区,35.70729166666667,139.91093750000002,725,87.0,424.0,198.0,26.0,300,0
5339474311,13123,江戸川区,35.70104166666667,139.9140625,1392,165.0,899.0,309.0,37.0,637,0
5339474312,13123,江戸川区,35.70104166666667,139.9171875,216,1.0,24.0,79.0,0.0,28,0
5339474313,13123,江戸川区,35.703125,139.9140625,1052,191.0,693.0,142.0,9.0,416,0
5339474331,13123,江戸川区,35.70520833333334,139.9140625,241,36.0,163.0,40.0,2.0,105,1
5339474333,13123,江戸川区,35.70729166666667,139.9140625,3,,,,,2,2
5339475011,13123,江戸川区,35.709375,139.8765625,1223,156.0,748.0,291.0,17.0,516,0
5339475012,13123,江戸川区,35.709375,139.87968750000002,1023,188.0,658.0,168.0,22.0,398,0
5339475013,13123,江戸川区,35.71145833333333,139.8765625,1028,100.0,558.0,352.0,16.0,402,0
5339475014,13123,江戸川区,35.71145833333333,139.87968750000002,1020,97.0,655.0,254.0,16.0,437,0
5339475021,13123,江戸川区,35.709375,139.8828125,558,75.0,328.0,144.0,7.0,234,0
5339475022,13123,江戸川区,35.709375,139.8859375,493,74.0,310.0,101.0,4.0,209,0
5339475023,13123,江戸川区,35.71145833333333,139.8828125,290,41.0,173.0,75.0,6.0,118,0
5339475024,13123,江戸川区,35.71145833333333,139.8859375,694,84.0,449.0,152.0,13.0,284,0
5339475031,13123,江戸川区,35.71354166666667,139.8765625,1100,125.0,625.0,331.0,32.0,478,0
5339475032,13123,江戸川区,35.71354166666667,139.87968750000002,553,57.0,337.0,151.0,7.0,249,0
5339475033,13123,江戸川区,35.715625,139.8765625,974,101.0,612.0,241.0,24.0,439,0
5339475034,13123,江戸川区,35.715625,139.87968750000002,467,69.0,317.0,76.0,12.0,184,0
5339475041,13123,江戸川区,35.71354166666667,139.8828125,328,33.0,209.0,85.0,3.0,132,0
5339475042,13123,江戸川区,35.71354166666667,139.8859375,769,89.0,488.0,182.0,19.0,383,0
5339475043,13123,江戸川区,35.715625,139.8828125,362,39.0,218.0,99.0,8.0,167,0
5339475044,13123,江戸川区,35.715625,139.8859375,1073,110.0,712.0,245.0,23.0,470,0
5339475111,13123,江戸川区,35.709375,139.8890625,620,63.0,436.0,115.0,10.0,308,0
5339475112,13123,江戸川区,35.709375,139.8921875,858,136.0,533.0,177.0,23.0,411,0
5339475113,13123,江戸川区,35.71145833333333,139.8890625,730,73.0,471.0,169.0,19.0,347,0
5339475114,13123,江戸川区,35.71145833333333,139.8921875,909,140.0,604.0,155.0,10.0,385,0
5339475121,13123,江戸川区,35.709375,139.8953125,264,45.0,154.0,65.0,2.0,119,0
5339475122,13123,江戸川区,35.709375,139.8984375,1010,115.0,610.0,270.0,28.0,473,0
5339475123,13123,江戸川区,35.71145833333333,139.8953125,1102,124.0,649.0,321.0,7.0,500,0
5339475124,13123,江戸川区,35.71145833333333,139.8984375,1191,121.0,734.0,322.0,22.0,572,0
5339475131,13123,江戸川区,35.71354166666667,139.8890625,872,123.0,598.0,138.0,20.0,374,0
5339475132,13123,江戸川区,35.71354166666667,139.8921875,946,127.0,571.0,238.0,12.0,404,0
5339475133,13123,江戸川区,35.715625,139.8890625,900,92.0,560.0,238.0,15.0,402,0
5339475134,13123,江戸川区,35.715625,139.8921875,1130,91.0,538.0,470.0,11.0,415,0
5339475141,13123,江戸川区,35.71354166666667,139.8953125,1015,72.0,623.0,314.0,13.0,490,0
5339475142,13123,江戸川区,35.71354166666667,139.8984375,932,84.0,598.0,253.0,16.0,425,1
5339475143,13123,江戸川区,35.715625,139.8953125,300,39.0,195.0,62.0,1.0,126,0
5339475144,13123,江戸川区,35.715625,139.8984375,13,,,,,6,2
5339475211,13123,江戸川区,35.709375,139.9015625,1707,214.0,1218.0,259.0,26.0,767,0
5339475212,13123,江戸川区,35.709375,139.90468750000002,1346,159.0,963.0,212.0,49.0,642,0
5339475213,13123,江戸川区,35.71145833333333,139.9015625,1332,160.0,903.0,249.0,23.0,595,0
5339475214,13123,江戸川区,35.71145833333333,139.90468750000002,1045,101.0,665.0,257.0,26.0,517,0
5339475221,13123,江戸川区,35.709375,139.9078125,941,116.0,645.0,162.0,24.0,472,0
5339475222,13123,江戸川区,35.709375,139.91093750000002,256,22.0,171.0,52.0,10.0,122,0
5339475223,13123,江戸川区,35.71145833333333,139.9078125,472,48.0,305.0,115.0,25.0,240,0
5339475231,13123,江戸川区,35.71354166666667,139.9015625,535,48.0,321.0,152.0,17.0,250,0
5339475232,13123,江戸川区,35.71354166666667,139.90468750000002,845,100.0,545.0,183.0,17.0,441,1
5339475233,13123,江戸川区,35.715625,139.9015625,198,20.0,119.0,53.0,3.0,90,0
5339475234,13123,江戸川区,35.715625,139.90468750000002,12,,,,,6,2
5339475241,13123,江戸川区,35.71354166666667,139.9078125,9,0.0,8.0,1.0,0.0,5,0
5339476011,13123,江戸川区,35.717708333333334,139.8765625,215,27.0,126.0,61.0,2.0,94,0
5339476012,13123,江戸川区,35.717708333333334,139.87968750000002,482,49.0,270.0,158.0,8.0,194,0
5339476013,13123,江戸川区,35.719791666666666,139.8765625,728,83.0,431.0,203.0,22.0,324,0
5339476014,13123,江戸川区,35.719791666666666,139.87968750000002,316,54.0,172.0,87.0,18.0,135,0
5339476021,13123,江戸川区,35.717708333333334,139.8828125,802,121.0,494.0,178.0,24.0,348,0
5339476022,13123,江戸川区,35.717708333333334,139.8859375,883,136.0,525.0,202.0,9.0,369,0
5339476023,13123,江戸川区,35.719791666666666,139.8828125,831,88.0,478.0,252.0,25.0,356,0
5339476024,13123,江戸川区,35.719791666666666,139.8859375,1490,182.0,896.0,388.0,49.0,654,0
5339476031,13123,江戸川区,35.721875000000004,139.8765625,1077,146.0,638.0,281.0,39.0,471,0
5339476032,13123,江戸川区,35.721875000000004,139.87968750000002,487,66.0,301.0,117.0,37.0,214,0
5339476033,13123,江戸川区,35.723958333333336,139.8765625,616,59.0,366.0,165.0,14.0,282,0
5339476034,13123,江戸川区,35.723958333333336,139.87968750000002,739,113.0,465.0,146.0,19.0,305,0
5339476041,13123,江戸川区,35.721875000000004,139.8828125,1404,165.0,835.0,387.0,38.0,648,0
5339476042,13123,江戸川区,35.721875000000004,139.8859375,1469,204.0,891.0,359.0,52.0,609,0
5339476043,13123,江戸川区,35.723958333333336,139.8828125,1503,177.0,938.0,347.0,90.0,718,0
5339476044,13123,江戸川区,35.723958333333336,139.8859375,1219,144.0,752.0,310.0,68.0,547,0
5339476111,13123,江戸川区,35.717708333333334,139.8890625,1308,147.0,831.0,319.0,23.0,540,0
5339476112,13123,江戸川区,35.717708333333334,139.8921875,916,121.0,546.0,241.0,22.0,388,0
5339476113,13123,江戸川区,35.719791666666666,139.8890625,1268,113.0,703.0,444.0,34.0,566,0
5339476114,13123,江戸川区,35.719791666666666,139.8921875,1288,142.0,797.0,347.0,44.0,573,0
5339476121,13123,江戸川区,35.717708333333334,139.8953125,1224,153.0,804.0,262.0,8.0,442,0
5339476122,13123,江戸川区,35.717708333333334,139.8984375,675,103.0,423.0,141.0,8.0,261,0
5339476123,13123,江戸川区,35.719791666666666,139.8953125,1063,162.0,677.0,224.0,9.0,413,0
5339476124,13123,江戸川区,35.719791666666666,139.8984375,270,44.0,176.0,48.0,2.0,110,0
5339476131,13123,江戸川区,35.721875000000004,139.8890625,981,112.0,571.0,287.0,24.0,444,0
5339476132,13123,江戸川区,35.721875000000004,139.8921875,1216,184.0,764.0,242.0,37.0,533,0
5339476133,13123,江戸川区,35.723958333333336,139.8890625,947,91.0,585.0,253.0,51.0,477,0
5339476134,13123,江戸川区,35.723958333333336,139.8921875,1139,157.0,700.0,262.0,27.0,501,0
5339476141,13123,江戸川区,35.721875000000004,139.8953125,811,133.0,510.0,167.0,13.0,334,0
5339476143,13123,江戸川区,35.723958333333336,139.8953125,562,72.0,356.0,120.0,3.0,232,0
5339477011,13123,江戸川区,35.72604166666667,139.8765625,447,54.0,250.0,136.0,13.0,205,0
5339477012,13123,江戸川区,35.72604166666667,139.87968750000002,1173,95.0,708.0,344.0,77.0,563,0
5339477013,13123,江戸川区,35.728125,139.8765625,657,43.0,413.0,175.0,22.0,382,0
5339477014,13123,江戸川区,35.728125,139.87968750000002,1412,110.0,828.0,412.0,101.0,797,0
5339477021,13123,江戸川区,35.72604166666667,139.8828125,1727,132.0,1137.0,373.0,123.0,1015,0
5339477022,13123,江戸川区,35.72604166666667,139.8859375,1623,192.0,1005.0,389.0,57.0,765,0
5339477023,13123,江戸川区,35.728125,139.8828125,1373,106.0,876.0,325.0,76.0,807,0
5339477024,13123,江戸川区,35.728125,139.8859375,1484,149.0,939.0,362.0,101.0,807,0
5339477031,13123,江戸川区,35.73020833333334,139.8765625,1048,57.0,637.0,317.0,86.0,591,0
5339477032,13123,江戸川区,35.73020833333334,139.87968750000002,1050,57.0,659.0,293.0,51.0,656,0
5339477033,13123,江戸川区,35.73229166666667,139.8765625,1427,114.0,906.0,350.0,116.0,857,0
5339477034,13123,江戸川区,35.73229166666667,139.87968750000002,949,69.0,628.0,241.0,112.0,583,0
5339477041,13123,江戸川区,35.73020833333334,139.8828125,1475,107.0,978.0,324.0,101.0,921,0
5339477042,13123,江戸川区,35.73020833333334,139.8859375,1436,95.0,893.0,390.0,107.0,843,0
5339477043,13123,江戸川区,35.73229166666667,139.8828125,1354,178.0,854.0,280.0,176.0,699,0
5339477044,13123,江戸川区,35.73229166666667,139.8859375,1405,110.0,933.0,292.0,138.0,846,0
5339477111,13123,江戸川区,35.72604166666667,139.8890625,1228,122.0,725.0,348.0,47.0,598,0
5339477112,13123,江戸川区,35.72604166666667,139.8921875,888,108.0,511.0,246.0,31.0,408,0
5339477113,13123,江戸川区,35.728125,139.8890625,967,106.0,604.0,234.0,53.0,489,0
5339477114,13123,江戸川区,35.728125,139.8921875,474,44.0,271.0,151.0,21.0,246,0
5339477121,13123,江戸川区,35.72604166666667,139.8953125,253,36.0,156.0,50.0,10.0,113,0
5339477123,13123,江戸川区,35.728125,139.8953125,13,1.0,6.0,6.0,0.0,6,0
5339477131,13123,江戸川区,35.73020833333334,139.8890625,1451,209.0,934.0,276.0,108.0,695,0
5339477132,13123,江戸川区,35.73020833333334,139.8921875,995,122.0,590.0,268.0,28.0,466,0
5339477133,13123,江戸川区,35.73229166666667,139.8890625,1149,89.0,727.0,299.0,60.0,627,0
5339477134,13123,江戸川区,35.73229166666667,139.8921875,1111,128.0,717.0,240.0,67.0,549,0
5339477141,13123,江戸川区,35.73020833333334,139.8953125,3,,,,,1,2
5339477143,13123,江戸川区,35.73229166666667,139.8953125,226,23.0,146.0,59.0,2.0,106,1
5339478011,13123,江戸川区,35.73437500000001,139.8765625,1661,145.0,1084.0,366.0,156.0,954,0
5339478012,13123,江戸川区,35.73437500000001,139.87968750000002,1891,201.0,1267.0,380.0,268.0,1051,0
5339478013,13123,江戸川区,35.73645833333334,139.8765625,1052,86.0,664.0,282.0,95.0,549,0
5339478014,13123,江戸川区,35.73645833333334,139.87968750000002,1468,127.0,962.0,355.0,148.0,833,0
5339478021,13123,江戸川区,35.73437500000001,139.8828125,1560,183.0,1039.0,257.0,224.0,828,0
5339478022,13123,江戸川区,35.73437500000001,139.8859375,1611,122.0,1007.0,352.0,145.0,974,0
5339478023,13123,江戸川区,35.73645833333334,139.8828125,1603,147.0,1048.0,314.0,201.0,894,0
5339478024,13123,江戸川区,35.73645833333334,139.8859375,1338,99.0,825.0,312.0,127.0,802,0
5339478031,13122,葛飾区,35.73854166666668,139.8765625,1227,122.0,774.0,314.0,88.0,622,0
5339478032,13123,江戸川区,35.73854166666668,139.87968750000002,1780,163.0,1143.0,441.0,130.0,854,0
5339478033,13122,葛飾区,35.74062500000001,139.8765625,1214,112.0,799.0,290.0,37.0,552,0
5339478034,13122,葛飾区,35.74062500000001,139.87968750000002,1398,125.0,899.0,334.0,104.0,753,0
5339478041,13123,江戸川区,35.73854166666668,139.8828125,2180,283.0,1475.0,360.0,138.0,1139,0
5339478042,13123,江戸川区,35.73854166666668,139.8859375,1321,113.0,820.0,360.0,80.0,696,0
5339478043,13123,江戸川区,35.74062500000001,139.8828125,1527,145.0,966.0,374.0,92.0,834,0
5339478044,13123,江戸川区,35.74062500000001,139.8859375,1102,114.0,680.0,280.0,24.0,570,0
5339478111,13123,江戸川区,35.73437500000001,139.8890625,1158,99.0,723.0,317.0,83.0,647,0
5339478112,13123,江戸川区,35.73437500000001,139.8921875,1639,146.0,1055.0,400.0,86.0,885,0
5339478113,13123,江戸川区,35.73645833333334,139.8890625,1031,92.0,641.0,248.0,65.0,551,0
5339478114,13123,江戸川区,35.73645833333334,139.8921875,1169,173.0,741.0,233.0,87.0,572,0
5339478121,13123,江戸川区,35.73437500000001,139.8953125,609,86.0,385.0,129.0,42.0,286,0
5339478123,13123,江戸川区,35.73645833333334,139.8953125,941,93.0,628.0,217.0,37.0,454,0
5339478131,13123,江戸川区,35.73854166666668,139.8890625,1244,147.0,760.0,301.0,76.0,645,0
5339478132,13123,江戸川区,35.73854166666668,139.8921875,1175,110.0,755.0,262.0,37.0,597,0
5339478133,13123,江戸川区,35.74062500000001,139.8890625,1234,92.0,736.0,349.0,43.0,676,0
5339478134,13123,江戸川区,35.74062500000001,139.8921875,1287,127.0,750.0,333.0,45.0,681,0
5339478141,13123,江戸川区,35.73854166666668,139.8953125,1318,162.0,811.0,305.0,63.0,691,0
5339478143,13123,江戸川区,35.74062500000001,139.8953125,1287,173.0,826.0,239.0,66.0,606,0
5339479011,13122,葛飾区,35.74270833333334,139.8765625,1200,124.0,752.0,316.0,38.0,529,0
5339479012,13122,葛飾区,35.74270833333334,139.87968750000002,1166,124.0,743.0,289.0,52.0,595,0
5339479013,13122,葛飾区,35.74479166666667,139.8765625,1255,150.0,795.0,299.0,107.0,618,0
5339479014,13122,葛飾区,35.74479166666667,139.87968750000002,995,77.0,626.0,275.0,40.0,528,0
5339479021,13123,江戸川区,35.74270833333334,139.8828125,1802,167.0,1087.0,494.0,135.0,970,0
5339479022,13123,江戸川区,35.74270833333334,139.8859375,942,66.0,584.0,258.0,50.0,499,0
5339479023,13123,江戸川区,35.74479166666667,139.8828125,1327,150.0,835.0,328.0,87.0,698,0
5339479024,13123,江戸川区,35.74479166666667,139.8859375,1188,113.0,777.0,284.0,34.0,600,0
5339479031,13122,葛飾区,35.74687500000001,139.8765625,976,117.0,601.0,251.0,5.0,461,0
5339479032,13122,葛飾区,35.74687500000001,139.87968750000002,1123,90.0,691.0,329.0,29.0,534,0
5339479033,13122,葛飾区,35.74895833333334,139.8765625,947,125.0,586.0,230.0,14.0,420,0
5339479034,13122,葛飾区,35.74895833333334,139.87968750000002,1353,163.0,899.0,278.0,23.0,587,0
5339479041,13122,葛飾区,35.74687500000001,139.8828125,1116,120.0,650.0,327.0,19.0,522,0
5339479042,13123,江戸川区,35.74687500000001,139.8859375,722,100.0,430.0,170.0,18.0,338,0
5339479043,13123,江戸川区,35.74895833333334,139.8828125,1542,211.0,976.0,340.0,56.0,693,0
5339479044,13123,江戸川区,35.74895833333334,139.8859375,994,131.0,631.0,230.0,10.0,392,0
5339479111,13123,江戸川区,35.74270833333334,139.8890625,955,142.0,605.0,188.0,35.0,448,0
5339479112,13123,江戸川区,35.74270833333334,139.8921875,1101,162.0,678.0,246.0,33.0,464,0
5339479113,13123,江戸川区,35.74479166666667,139.8890625,1220,154.0,726.0,325.0,34.0,571,0
5339479114,13123,江戸川区,35.74479166666667,139.8921875,943,118.0,598.0,213.0,26.0,438,0
5339479121,13123,江戸川区,35.74270833333334,139.8953125,793,84.0,472.0,213.0,7.0,386,0
5339479123,13123,江戸川区,35.74479166666667,139.8953125,158,20.0,74.0,61.0,5.0,56,0
5339479131,13123,江戸川区,35.74687500000001,139.8890625,838,117.0,518.0,196.0,23.0,347,0
5339479132,13123,江戸川区,35.74687500000001,139.8921875,43,3.0,27.0,12.0,1.0,19,0
5339479133,13123,江戸川区,35.74895833333334,139.8890625,49,12.0,30.0,6.0,0.0,20,0
5339540521,13120,練馬区,35.751041666666666,139.5703125,842,98.0,596.0,131.0,10.0,399,0
5339540522,13120,練馬区,35.751041666666666,139.5734375,960,153.0,650.0,138.0,14.0,418,0
5339540523,13120,練馬区,35.753125,139.5703125,825,91.0,600.0,113.0,9.0,407,0
5339540524,13120,練馬区,35.753125,139.5734375,915,153.0,541.0,206.0,5.0,383,0
5339540532,13120,練馬区,35.755208333333336,139.56718750000002,621,74.0,385.0,144.0,10.0,308,0
5339540534,13120,練馬区,35.75729166666667,139.56718750000002,725,72.0,433.0,203.0,12.0,291,0
5339540541,13120,練馬区,35.755208333333336,139.5703125,856,102.0,540.0,190.0,13.0,412,0
5339540542,13120,練馬区,35.755208333333336,139.5734375,877,138.0,569.0,138.0,7.0,304,0
5339540543,13120,練馬区,35.75729166666667,139.5703125,789,69.0,421.0,287.0,9.0,319,0
5339540544,13120,練馬区,35.75729166666667,139.5734375,692,114.0,408.0,164.0,7.0,267,0
5339540611,13120,練馬区,35.751041666666666,139.5765625,722,105.0,452.0,155.0,6.0,312,0
5339540612,13120,練馬区,35.751041666666666,139.5796875,584,63.0,364.0,144.0,13.0,281,0
5339540613,13120,練馬区,35.753125,139.5765625,948,140.0,579.0,210.0,13.0,393,0
5339540614,13120,練馬区,35.753125,139.5796875,1156,151.0,696.0,275.0,6.0,559,0
5339540621,13120,練馬区,35.751041666666666,139.5828125,1154,145.0,785.0,176.0,22.0,619,0
5339540622,13120,練馬区,35.751041666666666,139.5859375,1250,128.0,848.0,194.0,18.0,749,0
5339540623,13120,練馬区,35.753125,139.5828125,980,95.0,633.0,199.0,23.0,550,0
5339540624,13120,練馬区,35.753125,139.5859375,846,52.0,545.0,183.0,31.0,522,0
5339540631,13120,練馬区,35.755208333333336,139.5765625,816,118.0,510.0,174.0,15.0,343,0
5339540632,13120,練馬区,35.755208333333336,139.5796875,588,39.0,372.0,163.0,4.0,295,0
5339540633,13120,練馬区,35.75729166666667,139.5765625,495,43.0,268.0,177.0,10.0,192,0
5339540634,13120,練馬区,35.75729166666667,139.5796875,608,83.0,399.0,113.0,4.0,254,0
5339540641,13120,練馬区,35.755208333333336,139.5828125,964,113.0,597.0,233.0,18.0,453,0
5339540642,13120,練馬区,35.755208333333336,139.5859375,1130,156.0,741.0,197.0,17.0,558,0
5339540643,13120,練馬区,35.75729166666667,139.5828125,619,73.0,391.0,140.0,3.0,293,0
5339540644,13120,練馬区,35.75729166666667,139.5859375,736,71.0,438.0,211.0,9.0,342,0
5339540711,13120,練馬区,35.751041666666666,139.5890625,987,79.0,644.0,195.0,19.0,593,0
5339540712,13120,練馬区,35.751041666666666,139.59218750000002,1233,130.0,809.0,224.0,24.0,684,0
5339540713,13120,練馬区,35.753125,139.5890625,780,91.0,417.0,247.0,13.0,377,0
5339540714,13120,練馬区,35.753125,139.59218750000002,906,109.0,498.0,267.0,7.0,433,0
5339540721,13120,練馬区,35.751041666666666,139.5953125,1416,165.0,815.0,394.0,23.0,613,0
5339540722,13120,練馬区,35.751041666666666,139.59843750000002,851,83.0,580.0,109.0,12.0,450,0
5339540723,13120,練馬区,35.753125,139.5953125,294,21.0,177.0,88.0,8.0,159,0
5339540724,13120,練馬区,35.753125,139.59843750000002,524,47.0,321.0,149.0,9.0,228,0
5339540731,13120,練馬区,35.755208333333336,139.5890625,897,103.0,495.0,276.0,15.0,446,0
5339540732,13120,練馬区,35.755208333333336,139.59218750000002,1353,182.0,837.0,314.0,23.0,587,0
5339540733,13120,練馬区,35.75729166666667,139.5890625,1048,114.0,673.0,219.0,17.0,496,0
5339540734,13120,練馬区,35.75729166666667,139.59218750000002,1277,135.0,817.0,288.0,19.0,574,0
5339540741,13120,練馬区,35.755208333333336,139.5953125,1133,141.0,725.0,250.0,9.0,499,0
5339540742,13120,練馬区,35.755208333333336,139.59843750000002,416,42.0,245.0,121.0,5.0,208,0
5339540743,13120,練馬区,35.75729166666667,139.5953125,960,110.0,539.0,247.0,10.0,464,0
5339540744,13120,練馬区,35.75729166666667,139.59843750000002,140,7.0,57.0,69.0,1.0,60,0
5339540811,13120,練馬区,35.751041666666666,139.6015625,975,160.0,571.0,219.0,20.0,426,0
5339540812,13120,練馬区,35.751041666666666,139.6046875,1149,113.0,721.0,280.0,35.0,526,0
5339540813,13120,練馬区,35.753125,139.6015625,1144,137.0,688.0,296.0,14.0,495,0
5339540814,13120,練馬区,35.753125,139.6046875,1123,151.0,701.0,245.0,21.0,498,0
5339540821,13120,練馬区,35.751041666666666,139.6078125,1140,127.0,743.0,226.0,15.0,548,0
5339540822,13120,練馬区,35.751041666666666,139.6109375,896,182.0,606.0,90.0,19.0,385,0
5339540823,13120,練馬区,35.753125,139.6078125,877,115.0,541.0,198.0,14.0,394,0
5339540824,13120,練馬区,35.753125,139.6109375,877,165.0,551.0,143.0,2.0,332,0
5339540831,13120,練馬区,35.755208333333336,139.6015625,865,107.0,519.0,228.0,14.0,380,0
5339540832,13120,練馬区,35.755208333333336,139.6046875,935,127.0,652.0,132.0,7.0,408,0
5339540833,13120,練馬区,35.75729166666667,139.6015625,710,89.0,450.0,160.0,11.0,285,0
5339540834,13120,練馬区,35.75729166666667,139.6046875,846,98.0,548.0,179.0,3.0,340,0
5339540841,13120,練馬区,35.755208333333336,139.6078125,826,90.0,537.0,176.0,20.0,414,0
5339540842,13120,練馬区,35.755208333333336,139.6109375,975,195.0,603.0,164.0,9.0,360,0
5339540843,13120,練馬区,35.75729166666667,139.6078125,630,103.0,403.0,118.0,5.0,253,0
5339540844,13120,練馬区,35.75729166666667,139.6109375,985,110.0,543.0,309.0,10.0,420,0
5339540911,13120,練馬区,35.751041666666666,139.61406250000002,674,87.0,401.0,172.0,7.0,316,0
5339540912,13120,練馬区,35.751041666666666,139.61718750000003,817,135.0,519.0,150.0,35.0,337,0
5339540913,13120,練馬区,35.753125,139.61406250000002,956,130.0,530.0,275.0,14.0,353,0
5339540914,13120,練馬区,35.753125,139.61718750000003,569,88.0,360.0,110.0,8.0,227,0
5339540921,13120,練馬区,35.751041666666666,139.6203125,779,124.0,531.0,106.0,18.0,346,0
5339540922,13120,練馬区,35.751041666666666,139.62343750000002,834,212.0,525.0,96.0,21.0,264,0
5339540923,13120,練馬区,35.753125,139.6203125,883,143.0,588.0,117.0,8.0,401,0
5339540924,13120,練馬区,35.753125,139.62343750000002,999,116.0,687.0,164.0,47.0,493,0
5339540931,13120,練馬区,35.755208333333336,139.61406250000002,551,113.0,340.0,94.0,16.0,209,0
5339540932,13120,練馬区,35.755208333333336,139.61718750000003,920,168.0,556.0,183.0,14.0,387,0
5339540933,13120,練馬区,35.75729166666667,139.61406250000002,681,90.0,443.0,132.0,4.0,241,0
5339540934,13120,練馬区,35.75729166666667,139.61718750000003,920,131.0,619.0,151.0,22.0,388,0
5339540941,13120,練馬区,35.755208333333336,139.6203125,784,146.0,527.0,93.0,11.0,334,0
5339540942,13120,練馬区,35.755208333333336,139.62343750000002,1999,246.0,1083.0,656.0,65.0,843,0
5339540943,13120,練馬区,35.75729166666667,139.6203125,691,116.0,476.0,86.0,25.0,318,0
5339540944,13120,練馬区,35.75729166666667,139.62343750000002,2721,419.0,1597.0,673.0,263.0,1193,0
5339541512,13120,練馬区,35.759375,139.56718750000002,851,119.0,516.0,190.0,8.0,358,0
5339541513,13120,練馬区,35.76145833333333,139.5640625,796,89.0,425.0,262.0,4.0,352,0
5339541514,13120,練馬区,35.76145833333333,139.56718750000002,969,183.0,585.0,188.0,14.0,366,0
5339541521,13120,練馬区,35.759375,139.5703125,1000,93.0,581.0,312.0,2.0,422,0
5339541522,13120,練馬区,35.759375,139.5734375,537,45.0,300.0,155.0,3.0,221,0
5339541523,13120,練馬区,35.76145833333333,139.5703125,854,99.0,523.0,215.0,15.0,371,0
5339541524,13120,練馬区,35.76145833333333,139.5734375,736,125.0,472.0,112.0,0.0,310,0
5339541542,13120,練馬区,35.76354166666667,139.5734375,583,115.0,389.0,72.0,1.0,196,0
5339541543,13120,練馬区,35.765625,139.5703125,125,19.0,68.0,38.0,0.0,49,0
5339541544,13120,練馬区,35.765625,139.5734375,263,40.0,129.0,92.0,1.0,75,0
5339541611,13120,練馬区,35.759375,139.5765625,629,98.0,399.0,120.0,3.0,242,0
5339541612,13120,練馬区,35.759375,139.5796875,683,82.0,399.0,191.0,4.0,295,0
5339541613,13120,練馬区,35.76145833333333,139.5765625,1053,143.0,574.0,307.0,21.0,442,0
5339541614,13120,練馬区,35.76145833333333,139.5796875,825,135.0,537.0,143.0,5.0,324,0
5339541621,13120,練馬区,35.759375,139.5828125,640,89.0,383.0,154.0,1.0,265,0
5339541622,13120,練馬区,35.759375,139.5859375,690,75.0,420.0,177.0,7.0,270,0
5339541623,13120,練馬区,35.76145833333333,139.5828125,676,116.0,411.0,146.0,12.0,252,0
5339541624,13120,練馬区,35.76145833333333,139.5859375,650,100.0,423.0,118.0,14.0,262,0
5339541631,13120,練馬区,35.76354166666667,139.5765625,895,154.0,521.0,199.0,5.0,362,0
5339541632,13120,練馬区,35.76354166666667,139.5796875,746,97.0,481.0,154.0,8.0,299,0
5339541633,13120,練馬区,35.765625,139.5765625,522,82.0,303.0,126.0,10.0,206,0
5339541634,13120,練馬区,35.765625,139.5796875,853,127.0,465.0,250.0,6.0,305,0
5339541641,13120,練馬区,35.76354166666667,139.5828125,608,86.0,424.0,93.0,2.0,231,0
5339541642,13120,練馬区,35.76354166666667,139.5859375,322,44.0,214.0,63.0,5.0,129,0
5339541643,13120,練馬区,35.765625,139.5828125,840,164.0,512.0,156.0,9.0,284,0
5339541644,13120,練馬区,35.765625,139.5859375,546,66.0,352.0,114.0,5.0,259,0
5339541711,13120,練馬区,35.759375,139.5890625,687,73.0,444.0,150.0,13.0,357,0
5339541712,13120,練馬区,35.759375,139.59218750000002,873,122.0,550.0,185.0,13.0,369,0
5339541713,13120,練馬区,35.76145833333333,139.5890625,1061,137.0,642.0,253.0,12.0,460,0
5339541714,13120,練馬区,35.76145833333333,139.59218750000002,798,93.0,469.0,221.0,7.0,347,0
5339541721,13120,練馬区,35.759375,139.5953125,776,107.0,428.0,224.0,16.0,341,0
5339541722,13120,練馬区,35.759375,139.59843750000002,112,25.0,66.0,18.0,0.0,44,0
5339541723,13120,練馬区,35.76145833333333,139.5953125,536,80.0,317.0,125.0,9.0,228,0
5339541724,13120,練馬区,35.76145833333333,139.59843750000002,746,129.0,510.0,100.0,12.0,272,0
5339541731,13120,練馬区,35.76354166666667,139.5890625,538,70.0,318.0,132.0,13.0,246,0
5339541732,13120,練馬区,35.76354166666667,139.59218750000002,680,97.0,405.0,166.0,6.0,285,0
5339541733,13120,練馬区,35.765625,139.5890625,744,69.0,451.0,209.0,4.0,304,0
5339541734,13120,練馬区,35.765625,139.59218750000002,690,123.0,425.0,134.0,12.0,252,0
5339541741,13120,練馬区,35.76354166666667,139.5953125,757,84.0,470.0,187.0,11.0,363,0
5339541742,13120,練馬区,35.76354166666667,139.59843750000002,484,50.0,258.0,173.0,4.0,167,0
5339541743,13120,練馬区,35.765625,139.5953125,938,148.0,551.0,232.0,18.0,360,0
5339541744,13120,練馬区,35.765625,139.59843750000002,610,59.0,375.0,169.0,3.0,252,0
5339541811,13120,練馬区,35.759375,139.6015625,534,69.0,292.0,169.0,9.0,223,0
5339541812,13120,練馬区,35.759375,139.6046875,868,99.0,528.0,216.0,6.0,358,0
5339541813,13120,練馬区,35.76145833333333,139.6015625,758,87.0,369.0,298.0,3.0,257,0
5339541814,13120,練馬区,35.76145833333333,139.6046875,676,75.0,384.0,210.0,7.0,283,0
5339541821,13120,練馬区,35.759375,139.6078125,906,145.0,563.0,185.0,26.0,337,0
5339541822,13120,練馬区,35.759375,139.6109375,816,141.0,435.0,218.0,6.0,288,0
5339541823,13120,練馬区,35.76145833333333,139.6078125,1009,125.0,610.0,253.0,12.0,404,0
5339541824,13120,練馬区,35.76145833333333,139.6109375,747,127.0,423.0,181.0,4.0,315,0
5339541831,13120,練馬区,35.76354166666667,139.6015625,867,73.0,498.0,287.0,4.0,358,0
5339541832,13120,練馬区,35.76354166666667,139.6046875,592,63.0,362.0,153.0,9.0,260,0
5339541833,13120,練馬区,35.765625,139.6015625,744,83.0,415.0,239.0,4.0,295,0
5339541834,13120,練馬区,35.765625,139.6046875,678,88.0,373.0,204.0,6.0,269,0
5339541841,13120,練馬区,35.76354166666667,139.6078125,907,85.0,492.0,301.0,2.0,433,0
5339541842,13120,練馬区,35.76354166666667,139.6109375,532,61.0,302.0,156.0,7.0,252,0
5339541843,13120,練馬区,35.765625,139.6078125,751,97.0,421.0,210.0,6.0,340,0
5339541844,13120,練馬区,35.765625,139.6109375,554,60.0,314.0,156.0,8.0,257,0
5339541911,13120,練馬区,35.759375,139.61406250000002,623,103.0,390.0,110.0,12.0,266,0
5339541912,13120,練馬区,35.759375,139.61718750000003,982,153.0,664.0,143.0,15.0,427,0
5339541913,13120,練馬区,35.76145833333333,139.61406250000002,760,112.0,306.0,312.0,15.0,262,0
5339541914,13120,練馬区,35.76145833333333,139.61718750000003,934,116.0,614.0,185.0,12.0,417,0
5339541921,13120,練馬区,35.759375,139.6203125,762,87.0,548.0,86.0,17.0,402,0
5339541922,13120,練馬区,35.759375,139.62343750000002,930,100.0,430.0,388.0,15.0,418,0
5339541923,13120,練馬区,35.76145833333333,139.6203125,786,97.0,561.0,99.0,10.0,396,0
5339541924,13120,練馬区,35.76145833333333,139.62343750000002,552,116.0,372.0,59.0,11.0,203,0
5339541931,13120,練馬区,35.76354166666667,139.61406250000002,638,109.0,374.0,141.0,2.0,265,0
5339541932,13120,練馬区,35.76354166666667,139.61718750000003,835,106.0,538.0,167.0,4.0,398,0
5339541933,13120,練馬区,35.765625,139.61406250000002,697,126.0,438.0,118.0,2.0,267,0
5339541934,13120,練馬区,35.765625,139.61718750000003,968,150.0,609.0,195.0,9.0,343,0
5339541941,13120,練馬区,35.76354166666667,139.6203125,961,116.0,574.0,243.0,22.0,410,0
5339541942,13120,練馬区,35.76354166666667,139.62343750000002,954,128.0,575.0,240.0,28.0,377,0
5339541943,13120,練馬区,35.765625,139.6203125,1069,147.0,693.0,210.0,21.0,455,0
5339541944,13120,練馬区,35.765625,139.62343750000002,1380,145.0,800.0,416.0,42.0,629,0
5339542611,13120,練馬区,35.76770833333333,139.5765625,821,104.0,439.0,267.0,3.0,327,0
5339542612,13120,練馬区,35.76770833333333,139.5796875,904,103.0,557.0,231.0,10.0,367,0
5339542614,13120,練馬区,35.76979166666666,139.5796875,931,120.0,535.0,254.0,11.0,353,0
5339542621,13120,練馬区,35.76770833333333,139.5828125,728,76.0,399.0,239.0,2.0,281,0
5339542622,13120,練馬区,35.76770833333333,139.5859375,730,107.0,440.0,168.0,1.0,338,0
5339542623,13120,練馬区,35.76979166666666,139.5828125,732,89.0,422.0,208.0,1.0,301,0
5339542624,13120,練馬区,35.76979166666666,139.5859375,732,67.0,425.0,227.0,7.0,319,0
5339542641,13120,練馬区,35.771875,139.5828125,394,41.0,220.0,130.0,1.0,154,0
5339542642,13120,練馬区,35.771875,139.5859375,758,62.0,395.0,280.0,9.0,330,0
5339542644,13120,練馬区,35.77395833333333,139.5859375,747,59.0,429.0,248.0,3.0,338,0
5339542711,13120,練馬区,35.76770833333333,139.5890625,720,81.0,407.0,208.0,7.0,306,0
5339542712,13120,練馬区,35.76770833333333,139.59218750000002,1006,138.0,640.0,211.0,10.0,406,0
5339542713,13120,練馬区,35.76979166666666,139.5890625,678,65.0,351.0,158.0,3.0,283,0
5339542714,13120,練馬区,35.76979166666666,139.59218750000002,1019,140.0,603.0,250.0,3.0,415,0
5339542721,13120,練馬区,35.76770833333333,139.5953125,702,72.0,421.0,188.0,12.0,305,0
5339542722,13120,練馬区,35.76770833333333,139.59843750000002,499,65.0,315.0,98.0,1.0,208,0
5339542723,13120,練馬区,35.76979166666666,139.5953125,956,87.0,605.0,245.0,4.0,407,0
5339542731,13120,練馬区,35.771875,139.5890625,935,117.0,545.0,241.0,8.0,440,0
5339542732,13120,練馬区,35.771875,139.59218750000002,894,151.0,498.0,222.0,6.0,385,0
5339542733,13120,練馬区,35.77395833333333,139.5890625,831,97.0,457.0,253.0,9.0,374,0
5339542734,13120,練馬区,35.77395833333333,139.59218750000002,764,73.0,388.0,284.0,3.0,284,0
5339542741,13120,練馬区,35.771875,139.5953125,819,94.0,459.0,240.0,15.0,383,0
5339542743,13120,練馬区,35.77395833333333,139.5953125,637,87.0,395.0,143.0,15.0,295,0
5339542744,13120,練馬区,35.77395833333333,139.59843750000002,262,21.0,124.0,115.0,5.0,84,0
5339542811,13120,練馬区,35.76770833333333,139.6015625,277,16.0,146.0,110.0,0.0,117,0
5339542812,13120,練馬区,35.76770833333333,139.6046875,411,59.0,242.0,102.0,8.0,158,0
5339542813,13120,練馬区,35.76979166666666,139.6015625,207,10.0,113.0,81.0,3.0,87,0
5339542814,13120,練馬区,35.76979166666666,139.6046875,523,103.0,298.0,116.0,2.0,208,0
5339542821,13120,練馬区,35.76770833333333,139.6078125,1016,128.0,697.0,179.0,15.0,372,0
5339542822,13120,練馬区,35.76770833333333,139.6109375,886,156.0,516.0,199.0,11.0,359,0
5339542824,13120,練馬区,35.76979166666666,139.6109375,277,41.0,206.0,22.0,11.0,115,0
5339542911,13120,練馬区,35.76770833333333,139.61406250000002,607,87.0,336.0,177.0,16.0,237,0
5339542912,13120,練馬区,35.76770833333333,139.61718750000003,515,71.0,288.0,150.0,12.0,208,0
5339542913,13120,練馬区,35.76979166666666,139.61406250000002,394,57.0,231.0,100.0,3.0,152,0
5339542922,13120,練馬区,35.76770833333333,139.62343750000002,264,38.0,173.0,46.0,7.0,109,0
5339543711,13120,練馬区,35.776041666666664,139.5890625,809,123.0,453.0,201.0,18.0,353,0
5339543712,13120,練馬区,35.776041666666664,139.59218750000002,641,84.0,427.0,118.0,12.0,250,0
5339543713,13120,練馬区,35.778124999999996,139.5890625,21,1.0,12.0,7.0,0.0,9,0
5339543721,13120,練馬区,35.776041666666664,139.5953125,104,5.0,81.0,17.0,2.0,23,0
5339550011,13120,練馬区,35.751041666666666,139.6265625,744,122.0,472.0,138.0,20.0,293,0
5339550012,13120,練馬区,35.751041666666666,139.62968750000002,787,127.0,499.0,138.0,24.0,332,0
5339550013,13120,練馬区,35.753125,139.6265625,975,170.0,617.0,174.0,27.0,399,0
5339550014,13120,練馬区,35.753125,139.62968750000002,1127,123.0,706.0,269.0,15.0,512,0
5339550021,13120,練馬区,35.751041666666666,139.6328125,1200,178.0,790.0,194.0,16.0,527,0
5339550022,13120,練馬区,35.751041666666666,139.6359375,1203,163.0,853.0,142.0,14.0,560,0
5339550023,13120,練馬区,35.753125,139.6328125,1368,216.0,899.0,227.0,28.0,589,0
5339550024,13120,練馬区,35.753125,139.6359375,867,99.0,593.0,148.0,18.0,455,0
5339550031,13120,練馬区,35.755208333333336,139.6265625,1350,173.0,753.0,418.0,46.0,550,0
5339550032,13120,練馬区,35.755208333333336,139.62968750000002,2007,246.0,1094.0,654.0,124.0,831,0
5339550033,13120,練馬区,35.75729166666667,139.6265625,2805,385.0,1621.0,770.0,232.0,1169,0
5339550034,13120,練馬区,35.75729166666667,139.62968750000002,2940,344.0,1658.0,898.0,154.0,1297,0
5339550041,13120,練馬区,35.755208333333336,139.6328125,854,91.0,550.0,183.0,13.0,384,0
5339550042,13120,練馬区,35.755208333333336,139.6359375,792,104.0,512.0,154.0,9.0,337,0
5339550043,13120,練馬区,35.75729166666667,139.6328125,931,129.0,664.0,118.0,15.0,413,0
5339550044,13120,練馬区,35.75729166666667,139.6359375,843,118.0,606.0,106.0,15.0,344,0
5339550111,13120,練馬区,35.751041666666666,139.6390625,1621,166.0,1058.0,337.0,37.0,853,0
5339550112,13120,練馬区,35.751041666666666,139.6421875,1227,101.0,766.0,318.0,24.0,653,0
5339550113,13120,練馬区,35.753125,139.6390625,649,39.0,411.0,186.0,9.0,332,0
5339550114,13120,練馬区,35.753125,139.6421875,1182,95.0,775.0,274.0,18.0,672,0
5339550121,13120,練馬区,35.751041666666666,139.6453125,1063,111.0,691.0,237.0,20.0,502,0
5339550122,13120,練馬区,35.751041666666666,139.6484375,1140,177.0,738.0,200.0,9.0,483,0
5339550123,13120,練馬区,35.753125,139.6453125,879,82.0,534.0,220.0,7.0,452,0
5339550124,13120,練馬区,35.753125,139.6484375,833,123.0,547.0,147.0,10.0,359,0
5339550131,13120,練馬区,35.755208333333336,139.6390625,932,79.0,552.0,271.0,16.0,468,0
5339550132,13120,練馬区,35.755208333333336,139.6421875,1242,135.0,737.0,341.0,33.0,576,0
5339550133,13120,練馬区,35.75729166666667,139.6390625,1471,305.0,940.0,211.0,17.0,563,0
5339550134,13120,練馬区,35.75729166666667,139.6421875,693,131.0,410.0,141.0,12.0,275,0
5339550141,13120,練馬区,35.755208333333336,139.6453125,868,126.0,529.0,134.0,13.0,433,0
5339550142,13120,練馬区,35.755208333333336,139.6484375,1072,88.0,752.0,199.0,19.0,557,0
5339550143,13120,練馬区,35.75729166666667,139.6453125,979,73.0,646.0,245.0,7.0,425,0
5339550144,13120,練馬区,35.75729166666667,139.6484375,750,77.0,484.0,159.0,16.0,404,0
5339550211,13120,練馬区,35.751041666666666,139.6515625,850,119.0,543.0,176.0,15.0,359,0
5339550212,13120,練馬区,35.751041666666666,139.65468750000002,1091,109.0,683.0,255.0,6.0,542,0
5339550213,13120,練馬区,35.753125,139.6515625,1015,120.0,672.0,186.0,26.0,508,0
5339550214,13120,練馬区,35.753125,139.65468750000002,1098,112.0,726.0,221.0,9.0,527,0
5339550221,13120,練馬区,35.751041666666666,139.6578125,1075,89.0,703.0,234.0,21.0,549,0
5339550222,13120,練馬区,35.751041666666666,139.66093750000002,937,109.0,583.0,208.0,6.0,452,0
5339550223,13120,練馬区,35.753125,139.6578125,1164,103.0,782.0,250.0,22.0,567,0
5339550224,13120,練馬区,35.753125,139.66093750000002,1088,110.0,777.0,171.0,23.0,486,0
5339550231,13120,練馬区,35.755208333333336,139.6515625,950,69.0,594.0,235.0,23.0,503,0
5339550232,13120,練馬区,35.755208333333336,139.65468750000002,559,64.0,337.0,140.0,6.0,231,0
5339550233,13120,練馬区,35.75729166666667,139.6515625,698,76.0,511.0,79.0,8.0,367,0
5339550234,13120,練馬区,35.75729166666667,139.65468750000002,1061,151.0,771.0,97.0,11.0,544,0
5339550241,13120,練馬区,35.755208333333336,139.6578125,869,120.0,620.0,102.0,12.0,393,0
5339550242,13120,練馬区,35.755208333333336,139.66093750000002,1528,244.0,1005.0,169.0,44.0,711,0
5339550243,13120,練馬区,35.75729166666667,139.6578125,920,103.0,607.0,175.0,8.0,457,0
5339550244,13120,練馬区,35.75729166666667,139.66093750000002,1432,203.0,1023.0,183.0,51.0,627,0
5339550311,13120,練馬区,35.751041666666666,139.6640625,1138,87.0,813.0,179.0,27.0,701,0
5339550312,13120,練馬区,35.751041666666666,139.6671875,1828,190.0,1275.0,238.0,47.0,968,0
5339550313,13120,練馬区,35.753125,139.6640625,1372,113.0,954.0,258.0,15.0,676,0
5339550314,13120,練馬区,35.753125,139.6671875,1518,154.0,1002.0,302.0,35.0,757,0
5339550321,13120,練馬区,35.751041666666666,139.6703125,1528,153.0,1057.0,229.0,35.0,878,0
5339550322,13120,練馬区,35.751041666666666,139.6734375,694,112.0,467.0,104.0,34.0,309,0
5339550323,13120,練馬区,35.753125,139.6703125,756,61.0,560.0,75.0,22.0,467,0
5339550324,13120,練馬区,35.753125,139.6734375,35,8.0,20.0,7.0,0.0,13,0
5339550331,13120,練馬区,35.755208333333336,139.6640625,2019,278.0,1392.0,253.0,43.0,1033,0
5339550332,13120,練馬区,35.755208333333336,139.6671875,1672,262.0,1074.0,243.0,38.0,796,0
5339550333,13120,練馬区,35.75729166666667,139.6640625,1197,138.0,818.0,209.0,11.0,590,0
5339550334,13120,練馬区,35.75729166666667,139.6671875,896,132.0,543.0,191.0,16.0,432,0
5339550341,13120,練馬区,35.755208333333336,139.6703125,404,46.0,269.0,80.0,11.0,189,1
5339550342,13119,板橋区,35.755208333333336,139.6734375,3,,,,,1,2
5339550343,13120,練馬区,35.75729166666667,139.6703125,1250,141.0,813.0,267.0,45.0,621,0
5339550344,13120,練馬区,35.75729166666667,139.6734375,144,16.0,102.0,20.0,0.0,65,0
5339550411,13119,板橋区,35.751041666666666,139.67656250000002,572,84.0,416.0,68.0,15.0,258,0
5339550412,13119,板橋区,35.751041666666666,139.67968750000003,1823,238.0,1215.0,349.0,40.0,818,0
5339550413,13119,板橋区,35.753125,139.67656250000002,234,14.0,155.0,58.0,3.0,117,0
5339550414,13119,板橋区,35.753125,139.67968750000003,976,92.0,665.0,195.0,14.0,474,0
5339550421,13119,板橋区,35.751041666666666,139.6828125,1557,181.0,1019.0,306.0,40.0,780,0
5339550422,13119,板橋区,35.751041666666666,139.68593750000002,1461,163.0,913.0,339.0,27.0,660,0
5339550423,13119,板橋区,35.753125,139.6828125,1543,138.0,979.0,384.0,49.0,745,0
5339550424,13119,板橋区,35.753125,139.68593750000002,1316,128.0,830.0,300.0,81.0,730,0
5339550431,13119,板橋区,35.755208333333336,139.67656250000002,21,0.0,17.0,4.0,0.0,7,0
5339550432,13119,板橋区,35.755208333333336,139.67968750000003,587,88.0,331.0,159.0,9.0,255,0
5339550433,13119,板橋区,35.75729166666667,139.67656250000002,961,160.0,606.0,161.0,17.0,444,0
5339550434,13119,板橋区,35.75729166666667,139.67968750000003,990,133.0,625.0,195.0,21.0,482,0
5339550441,13119,板橋区,35.755208333333336,139.6828125,1447,140.0,888.0,376.0,20.0,668,0
5339550442,13119,板橋区,35.755208333333336,139.68593750000002,1275,121.0,797.0,304.0,36.0,687,0
5339550443,13119,板橋区,35.75729166666667,139.6828125,1690,174.0,1184.0,275.0,56.0,971,0
5339550444,13119,板橋区,35.75729166666667,139.68593750000002,1547,117.0,1038.0,331.0,102.0,919,0
5339550511,13119,板橋区,35.751041666666666,139.6890625,1282,125.0,806.0,303.0,59.0,698,0
5339550512,13119,板橋区,35.751041666666666,139.69218750000002,1584,143.0,974.0,399.0,53.0,867,0
5339550513,13119,板橋区,35.753125,139.6890625,1465,114.0,937.0,371.0,94.0,855,0
5339550514,13119,板橋区,35.753125,139.69218750000002,2081,215.0,1362.0,404.0,132.0,1139,0
5339550521,13119,板橋区,35.751041666666666,139.6953125,1719,143.0,1085.0,370.0,78.0,1086,0
5339550522,13119,板橋区,35.751041666666666,139.6984375,1654,105.0,962.0,551.0,118.0,635,0
5339550523,13119,板橋区,35.753125,139.6953125,1297,125.0,838.0,272.0,54.0,768,0
5339550524,13119,板橋区,35.753125,139.6984375,1793,179.0,1033.0,533.0,71.0,1006,0
5339550531,13119,板橋区,35.755208333333336,139.6890625,1830,150.0,1238.0,338.0,104.0,1079,0
5339550532,13119,板橋区,35.755208333333336,139.69218750000002,1735,182.0,1133.0,331.0,76.0,1034,0
5339550533,13119,板橋区,35.75729166666667,139.6890625,2086,152.0,1461.0,291.0,106.0,1438,0
5339550534,13119,板橋区,35.75729166666667,139.69218750000002,899,67.0,583.0,189.0,17.0,544,0
5339550541,13119,板橋区,35.755208333333336,139.6953125,1918,183.0,1240.0,376.0,101.0,1170,0
5339550542,13119,板橋区,35.755208333333336,139.6984375,1871,131.0,1305.0,402.0,84.0,1232,0
5339550543,13119,板橋区,35.75729166666667,139.6953125,1943,186.0,1184.0,434.0,130.0,1153,0
5339550544,13119,板橋区,35.75729166666667,139.6984375,1276,117.0,820.0,279.0,34.0,764,0
5339550611,13119,板橋区,35.751041666666666,139.7015625,505,23.0,335.0,124.0,26.0,313,0
5339550612,13119,板橋区,35.751041666666666,139.7046875,466,31.0,280.0,131.0,27.0,266,0
5339550613,13119,板橋区,35.753125,139.7015625,1111,109.0,658.0,314.0,33.0,603,0
5339550614,13119,板橋区,35.753125,139.7046875,1646,170.0,1049.0,398.0,57.0,918,0
5339550621,13119,板橋区,35.751041666666666,139.7078125,1563,72.0,1064.0,292.0,90.0,1105,0
5339550622,13119,板橋区,35.751041666666666,139.7109375,2252,279.0,1446.0,384.0,108.0,1319,0
5339550623,13119,板橋区,35.753125,139.7078125,1877,247.0,1247.0,254.0,88.0,1112,0
5339550624,13119,板橋区,35.753125,139.7109375,1775,127.0,1094.0,469.0,70.0,1060,0
5339550631,13119,板橋区,35.755208333333336,139.7015625,1613,140.0,1021.0,430.0,67.0,920,0
5339550632,13119,板橋区,35.755208333333336,139.7046875,1304,158.0,866.0,231.0,68.0,680,0
5339550633,13119,板橋区,35.75729166666667,139.7015625,1718,161.0,1067.0,415.0,51.0,962,0
5339550634,13119,板橋区,35.75729166666667,139.7046875,1463,106.0,853.0,399.0,39.0,861,0
5339550641,13119,板橋区,35.755208333333336,139.7078125,2835,376.0,1978.0,401.0,138.0,1574,0
5339550642,13119,板橋区,35.755208333333336,139.7109375,1412,94.0,756.0,469.0,36.0,835,0
5339550643,13119,板橋区,35.75729166666667,139.7078125,1957,190.0,1297.0,398.0,67.0,1158,0
5339550644,13119,板橋区,35.75729166666667,139.7109375,1603,177.0,960.0,377.0,36.0,864,0
5339550711,13119,板橋区,35.751041666666666,139.7140625,1623,122.0,992.0,360.0,100.0,1006,0
5339550712,13119,板橋区,35.751041666666666,139.71718750000002,1128,101.0,725.0,231.0,88.0,657,0
5339550713,13119,板橋区,35.753125,139.7140625,1451,137.0,903.0,304.0,58.0,829,0
5339550714,13119,板橋区,35.753125,139.71718750000002,2335,583.0,1462.0,216.0,130.0,1032,0
5339550721,13119,板橋区,35.751041666666666,139.7203125,1356,115.0,883.0,253.0,93.0,849,0
5339550722,13117,北区,35.751041666666666,139.72343750000002,677,42.0,451.0,182.0,48.0,403,0
5339550723,13119,板橋区,35.753125,139.7203125,771,15.0,281.0,449.0,7.0,192,0
5339550724,13117,北区,35.753125,139.72343750000002,186,14.0,107.0,59.0,1.0,86,0
5339550731,13119,板橋区,35.755208333333336,139.7140625,1315,148.0,627.0,516.0,20.0,555,0
5339550732,13119,板橋区,35.755208333333336,139.71718750000002,2296,354.0,1522.0,402.0,71.0,858,0
5339550733,13119,板橋区,35.75729166666667,139.7140625,2029,211.0,1387.0,236.0,52.0,1106,0
5339550734,13119,板橋区,35.75729166666667,139.71718750000002,2117,506.0,1419.0,170.0,76.0,749,0
5339550741,13119,板橋区,35.755208333333336,139.7203125,309,15.0,182.0,105.0,8.0,166,0
5339550742,13117,北区,35.755208333333336,139.72343750000002,182,59.0,103.0,20.0,13.0,44,0
5339550743,13117,北区,35.75729166666667,139.7203125,568,78.0,397.0,92.0,8.0,285,0
5339550744,13117,北区,35.75729166666667,139.72343750000002,437,19.0,271.0,144.0,23.0,242,0
5339550811,13117,北区,35.751041666666666,139.7265625,1133,110.0,765.0,258.0,42.0,632,0
5339550812,13117,北区,35.751041666666666,139.7296875,1504,90.0,631.0,779.0,39.0,806,0
5339550813,13117,北区,35.753125,139.7265625,470,22.0,256.0,189.0,7.0,284,0
5339550814,13117,北区,35.753125,139.7296875,1021,69.0,545.0,402.0,39.0,593,0
5339550821,13117,北区,35.751041666666666,139.7328125,1129,120.0,639.0,356.0,34.0,539,0
5339550822,13117,北区,35.751041666666666,139.7359375,1087,132.0,787.0,166.0,28.0,608,0
5339550823,13117,北区,35.753125,139.7328125,1467,156.0,1045.0,263.0,40.0,827,0
5339550824,13117,北区,35.753125,139.7359375,677,103.0,472.0,101.0,45.0,360,0
5339550831,13117,北区,35.755208333333336,139.7265625,322,2.0,316.0,4.0,0.0,9,0
5339550832,13117,北区,35.755208333333336,139.7296875,1295,136.0,754.0,404.0,45.0,693,0
5339550833,13117,北区,35.75729166666667,139.7265625,330,32.0,181.0,114.0,29.0,167,0
5339550834,13117,北区,35.75729166666667,139.7296875,1037,88.0,676.0,265.0,36.0,582,0
5339550841,13117,北区,35.755208333333336,139.7328125,1164,111.0,787.0,266.0,45.0,687,0
5339550842,13117,北区,35.755208333333336,139.7359375,730,50.0,505.0,174.0,30.0,441,0
5339550843,13117,北区,35.75729166666667,139.7328125,756,72.0,444.0,239.0,10.0,415,0
5339550844,13117,北区,35.75729166666667,139.7359375,1317,139.0,933.0,245.0,88.0,767,0
5339550911,13117,北区,35.751041666666666,139.73906250000002,765,143.0,545.0,77.0,34.0,343,0
5339550912,13117,北区,35.751041666666666,139.74218750000003,864,78.0,581.0,203.0,26.0,500,0
5339550913,13117,北区,35.753125,139.73906250000002,103,4.0,70.0,29.0,0.0,62,0
5339550914,13117,北区,35.753125,139.74218750000003,1079,83.0,668.0,320.0,35.0,601,0
5339550921,13117,北区,35.751041666666666,139.7453125,1202,102.0,765.0,333.0,45.0,657,0
5339550922,13117,北区,35.751041666666666,139.74843750000002,1145,79.0,716.0,346.0,40.0,629,0
5339550923,13117,北区,35.753125,139.7453125,1252,105.0,810.0,334.0,72.0,720,0
5339550924,13117,北区,35.753125,139.74843750000002,1507,181.0,896.0,413.0,64.0,756,0
5339550931,13117,北区,35.755208333333336,139.73906250000002,1907,157.0,1294.0,456.0,172.0,1063,0
5339550932,13117,北区,35.755208333333336,139.74218750000003,826,87.0,602.0,134.0,84.0,468,0
5339550933,13117,北区,35.75729166666667,139.73906250000002,2463,229.0,1819.0,415.0,248.0,1427,0
5339550934,13117,北区,35.75729166666667,139.74218750000003,1726,133.0,1201.0,391.0,156.0,1007,0
5339550941,13117,北区,35.755208333333336,139.7453125,1327,145.0,765.0,408.0,99.0,637,0
5339550942,13117,北区,35.755208333333336,139.74843750000002,1389,108.0,640.0,641.0,73.0,758,0
5339550943,13117,北区,35.75729166666667,139.7453125,952,51.0,523.0,376.0,113.0,551,0
5339550944,13117,北区,35.75729166666667,139.74843750000002,378,37.0,171.0,170.0,10.0,191,0
5339551011,13120,練馬区,35.759375,139.6265625,1310,131.0,713.0,451.0,80.0,589,0
5339551012,13120,練馬区,35.759375,139.62968750000002,1455,240.0,845.0,367.0,117.0,627,0
5339551013,13120,練馬区,35.76145833333333,139.6265625,1436,133.0,669.0,615.0,62.0,656,0
5339551014,13120,練馬区,35.76145833333333,139.62968750000002,1316,110.0,734.0,470.0,83.0,566,0
5339551021,13120,練馬区,35.759375,139.6328125,888,103.0,584.0,168.0,12.0,470,0
5339551022,13120,練馬区,35.759375,139.6359375,1174,161.0,781.0,193.0,28.0,498,0
5339551023,13120,練馬区,35.76145833333333,139.6328125,1053,86.0,532.0,433.0,45.0,510,0
5339551024,13120,練馬区,35.76145833333333,139.6359375,914,122.0,624.0,149.0,14.0,413,0
5339551031,13120,練馬区,35.76354166666667,139.6265625,657,48.0,323.0,286.0,33.0,318,0
5339551032,13120,練馬区,35.76354166666667,139.62968750000002,71,8.0,31.0,32.0,3.0,30,0
5339551033,13120,練馬区,35.765625,139.6265625,41,2.0,22.0,16.0,1.0,22,0
5339551041,13120,練馬区,35.76354166666667,139.6328125,1527,104.0,789.0,625.0,76.0,735,0
5339551042,13120,練馬区,35.76354166666667,139.6359375,688,95.0,402.0,183.0,15.0,236,0
5339551043,13120,練馬区,35.765625,139.6328125,621,105.0,410.0,92.0,17.0,246,0
5339551044,13120,練馬区,35.765625,139.6359375,1094,238.0,716.0,115.0,24.0,427,0
5339551111,13120,練馬区,35.759375,139.6390625,1284,216.0,880.0,161.0,1.0,538,0
5339551112,13120,練馬区,35.759375,139.6421875,646,108.0,421.0,96.0,16.0,279,0
5339551113,13120,練馬区,35.76145833333333,139.6390625,1294,111.0,819.0,317.0,28.0,605,0
5339551114,13120,練馬区,35.76145833333333,139.6421875,1177,137.0,750.0,274.0,6.0,485,0
5339551121,13120,練馬区,35.759375,139.6453125,1062,124.0,692.0,209.0,20.0,524,0
5339551122,13120,練馬区,35.759375,139.6484375,1377,108.0,861.0,356.0,23.0,678,0
5339551123,13120,練馬区,35.76145833333333,139.6453125,1323,157.0,896.0,240.0,22.0,626,0
5339551124,13120,練馬区,35.76145833333333,139.6484375,1463,126.0,932.0,362.0,41.0,716,0
5339551131,13120,練馬区,35.76354166666667,139.6390625,1208,190.0,790.0,210.0,16.0,484,0
5339551132,13120,練馬区,35.76354166666667,139.6421875,1178,132.0,787.0,249.0,26.0,471,0
5339551133,13120,練馬区,35.765625,139.6390625,1027,163.0,682.0,158.0,29.0,447,0
5339551134,13120,練馬区,35.765625,139.6421875,1027,89.0,621.0,283.0,35.0,505,0
5339551141,13120,練馬区,35.76354166666667,139.6453125,1049,109.0,649.0,249.0,37.0,526,0
5339551142,13120,練馬区,35.76354166666667,139.6484375,1332,116.0,821.0,341.0,25.0,695,0
5339551143,13120,練馬区,35.765625,139.6453125,701,75.0,461.0,144.0,24.0,358,0
5339551144,13120,練馬区,35.765625,139.6484375,1175,120.0,743.0,263.0,29.0,655,0
5339551211,13120,練馬区,35.759375,139.6515625,1074,59.0,748.0,219.0,27.0,681,0
5339551212,13120,練馬区,35.759375,139.65468750000002,1187,115.0,679.0,354.0,30.0,619,0
5339551213,13120,練馬区,35.76145833333333,139.6515625,882,60.0,579.0,189.0,32.0,523,0
5339551214,13120,練馬区,35.76145833333333,139.65468750000002,733,77.0,503.0,132.0,34.0,384,0
5339551221,13120,練馬区,35.759375,139.6578125,1525,165.0,1116.0,177.0,53.0,792,0
5339551222,13120,練馬区,35.759375,139.66093750000002,1127,127.0,774.0,192.0,28.0,542,0
5339551223,13120,練馬区,35.76145833333333,139.6578125,348,16.0,170.0,149.0,17.0,160,0
5339551224,13120,練馬区,35.76145833333333,139.66093750000002,1548,123.0,1051.0,348.0,29.0,531,0
5339551231,13120,練馬区,35.76354166666667,139.6515625,955,87.0,544.0,288.0,19.0,495,0
5339551232,13120,練馬区,35.76354166666667,139.65468750000002,937,124.0,621.0,173.0,30.0,419,0
5339551233,13120,練馬区,35.765625,139.6515625,1030,119.0,691.0,192.0,19.0,502,0
5339551234,13120,練馬区,35.765625,139.65468750000002,1184,79.0,777.0,293.0,31.0,684,0
5339551241,13120,練馬区,35.76354166666667,139.6578125,275,2.0,273.0,0.0,0.0,16,0
5339551243,13120,練馬区,35.765625,139.6578125,820,116.0,655.0,37.0,11.0,342,0
5339551244,13120,練馬区,35.765625,139.66093750000002,1634,381.0,1011.0,220.0,12.0,718,0
5339551311,13120,練馬区,35.759375,139.6640625,1631,286.0,981.0,330.0,21.0,637,0
5339551312,13120,練馬区,35.759375,139.6671875,1161,145.0,686.0,291.0,26.0,519,0
5339551313,13120,練馬区,35.76145833333333,139.6640625,1403,170.0,915.0,288.0,72.0,634,0
5339551314,13120,練馬区,35.76145833333333,139.6671875,978,119.0,598.0,225.0,26.0,478,0
5339551321,13120,練馬区,35.759375,139.6703125,1218,155.0,739.0,285.0,46.0,609,0
5339551322,13119,板橋区,35.759375,139.6734375,1227,130.0,712.0,355.0,10.0,657,0
5339551323,13120,練馬区,35.76145833333333,139.6703125,1520,165.0,1003.0,291.0,38.0,794,0
5339551324,13119,板橋区,35.76145833333333,139.6734375,1220,100.0,828.0,213.0,31.0,724,0
5339551331,13120,練馬区,35.76354166666667,139.6640625,499,87.0,347.0,52.0,14.0,221,0
5339551332,13120,練馬区,35.76354166666667,139.6671875,1315,123.0,837.0,300.0,152.0,738,0
5339551333,13120,練馬区,35.765625,139.6640625,893,93.0,599.0,161.0,5.0,482,0
5339551334,13120,練馬区,35.765625,139.6671875,1340,134.0,891.0,244.0,37.0,767,0
5339551341,13119,板橋区,35.76354166666667,139.6703125,1491,92.0,963.0,306.0,84.0,949,0
5339551342,13119,板橋区,35.76354166666667,139.6734375,1559,105.0,995.0,329.0,75.0,977,0
5339551343,13119,板橋区,35.765625,139.6703125,1715,141.0,1111.0,395.0,65.0,935,0
5339551344,13119,板橋区,35.765625,139.6734375,1792,107.0,1157.0,406.0,80.0,1214,0
5339551411,13119,板橋区,35.759375,139.67656250000002,1630,191.0,1100.0,304.0,89.0,822,0
5339551412,13119,板橋区,35.759375,139.67968750000003,1560,127.0,997.0,353.0,62.0,899,0
5339551413,13119,板橋区,35.76145833333333,139.67656250000002,1529,97.0,981.0,315.0,70.0,1013,0
5339551414,13119,板橋区,35.76145833333333,139.67968750000003,1129,96.0,738.0,265.0,37.0,666,0
5339551421,13119,板橋区,35.759375,139.6828125,1905,227.0,1274.0,326.0,73.0,1082,0
5339551422,13119,板橋区,35.759375,139.68593750000002,1464,94.0,955.0,322.0,58.0,933,0
5339551423,13119,板橋区,35.76145833333333,139.6828125,1344,120.0,790.0,404.0,57.0,709,0
5339551424,13119,板橋区,35.76145833333333,139.68593750000002,1225,119.0,770.0,318.0,45.0,634,0
5339551431,13119,板橋区,35.76354166666667,139.67656250000002,1006,64.0,618.0,283.0,32.0,644,0
5339551432,13119,板橋区,35.76354166666667,139.67968750000003,895,77.0,564.0,236.0,38.0,504,0
5339551433,13119,板橋区,35.765625,139.67656250000002,1620,124.0,955.0,466.0,65.0,926,0
5339551434,13119,板橋区,35.765625,139.67968750000003,1607,172.0,1032.0,342.0,69.0,827,0
5339551441,13119,板橋区,35.76354166666667,139.6828125,1194,85.0,699.0,375.0,29.0,693,0
5339551442,13119,板橋区,35.76354166666667,139.68593750000002,1616,145.0,866.0,586.0,47.0,605,0
5339551443,13119,板橋区,35.765625,139.6828125,1533,132.0,866.0,492.0,45.0,785,0
5339551444,13119,板橋区,35.765625,139.68593750000002,1322,139.0,795.0,337.0,28.0,728,0
5339551511,13119,板橋区,35.759375,139.6890625,873,88.0,552.0,182.0,17.0,494,0
5339551512,13119,板橋区,35.759375,139.69218750000002,734,70.0,471.0,154.0,8.0,408,0
5339551513,13119,板橋区,35.76145833333333,139.6890625,702,74.0,413.0,191.0,19.0,345,0
5339551514,13119,板橋区,35.76145833333333,139.69218750000002,776,69.0,493.0,179.0,12.0,401,0
5339551521,13119,板橋区,35.759375,139.6953125,1259,79.0,732.0,375.0,28.0,825,0
5339551522,13119,板橋区,35.759375,139.6984375,1440,162.0,789.0,440.0,104.0,834,0
5339551523,13119,板橋区,35.76145833333333,139.6953125,1534,118.0,922.0,385.0,38.0,864,0
5339551524,13119,板橋区,35.76145833333333,139.6984375,1250,104.0,754.0,329.0,52.0,708,0
5339551531,13119,板橋区,35.76354166666667,139.6890625,2668,427.0,1674.0,481.0,94.0,1307,0
5339551532,13119,板橋区,35.76354166666667,139.69218750000002,1485,164.0,940.0,283.0,54.0,855,0
5339551533,13119,板橋区,35.765625,139.6890625,1584,132.0,1010.0,394.0,58.0,861,0
5339551534,13119,板橋区,35.765625,139.69218750000002,2670,456.0,1733.0,399.0,101.0,1192,0
5339551541,13119,板橋区,35.76354166666667,139.6953125,1432,225.0,874.0,272.0,45.0,654,0
5339551542,13119,板橋区,35.76354166666667,139.6984375,1282,110.0,825.0,262.0,39.0,719,0
5339551543,13119,板橋区,35.765625,139.6953125,1492,124.0,786.0,541.0,47.0,761,0
5339551544,13119,板橋区,35.765625,139.6984375,1912,226.0,1223.0,409.0,40.0,879,0
5339551611,13119,板橋区,35.759375,139.7015625,1266,115.0,767.0,293.0,50.0,780,0
5339551612,13119,板橋区,35.759375,139.7046875,1775,136.0,1157.0,386.0,55.0,1101,0
5339551613,13119,板橋区,35.76145833333333,139.7015625,1384,123.0,900.0,308.0,55.0,784,0
5339551614,13119,板橋区,35.76145833333333,139.7046875,1978,126.0,1301.0,359.0,79.0,1273,0
5339551621,13119,板橋区,35.759375,139.7078125,2323,236.0,1638.0,379.0,78.0,1334,0
5339551622,13119,板橋区,35.759375,139.7109375,1478,218.0,954.0,289.0,39.0,693,0
5339551623,13119,板橋区,35.76145833333333,139.7078125,1797,140.0,1137.0,386.0,67.0,1140,0
5339551624,13119,板橋区,35.76145833333333,139.7109375,1110,84.0,736.0,244.0,49.0,637,0
5339551631,13119,板橋区,35.76354166666667,139.7015625,1634,194.0,1061.0,296.0,50.0,846,0
5339551632,13119,板橋区,35.76354166666667,139.7046875,2958,326.0,2108.0,360.0,152.0,1866,0
5339551633,13119,板橋区,35.765625,139.7015625,1509,89.0,888.0,464.0,54.0,868,0
5339551634,13119,板橋区,35.765625,139.7046875,1776,171.0,1217.0,291.0,88.0,1128,0
5339551641,13119,板橋区,35.76354166666667,139.7078125,1476,116.0,876.0,369.0,43.0,899,0
5339551642,13119,板橋区,35.76354166666667,139.7109375,2301,377.0,1627.0,257.0,46.0,1061,0
5339551643,13119,板橋区,35.765625,139.7078125,1223,156.0,675.0,352.0,54.0,669,0
5339551644,13117,北区,35.765625,139.7109375,1586,334.0,859.0,390.0,121.0,740,0
5339551711,13119,板橋区,35.759375,139.7140625,396,79.0,257.0,49.0,4.0,152,0
5339551712,13117,北区,35.759375,139.71718750000002,725,68.0,502.0,137.0,18.0,382,0
5339551713,13119,板橋区,35.76145833333333,139.7140625,1474,143.0,951.0,348.0,39.0,875,0
5339551714,13117,北区,35.76145833333333,139.71718750000002,1468,91.0,1030.0,332.0,62.0,943,0
5339551721,13117,北区,35.759375,139.7203125,1080,60.0,707.0,308.0,50.0,656,0
5339551722,13117,北区,35.759375,139.72343750000002,1569,123.0,1041.0,391.0,73.0,947,0
5339551723,13117,北区,35.76145833333333,139.7203125,1294,80.0,834.0,375.0,47.0,805,0
5339551724,13117,北区,35.76145833333333,139.72343750000002,1513,83.0,980.0,443.0,55.0,881,0
5339551731,13117,北区,35.76354166666667,139.7140625,1466,145.0,999.0,302.0,76.0,882,0
5339551732,13117,北区,35.76354166666667,139.71718750000002,1612,140.0,1111.0,345.0,93.0,941,0
5339551733,13117,北区,35.765625,139.7140625,1361,139.0,813.0,398.0,40.0,660,0
5339551734,13117,北区,35.765625,139.71718750000002,1209,105.0,748.0,351.0,27.0,625,0
5339551741,13117,北区,35.76354166666667,139.7203125,1381,80.0,875.0,426.0,62.0,782,0
5339551742,13117,北区,35.76354166666667,139.72343750000002,1473,78.0,966.0,414.0,65.0,922,0
5339551743,13117,北区,35.765625,139.7203125,1315,87.0,868.0,352.0,35.0,759,0
5339551744,13117,北区,35.765625,139.72343750000002,1411,119.0,966.0,319.0,68.0,889,0
5339551811,13117,北区,35.759375,139.7265625,1307,75.0,858.0,364.0,57.0,828,0
5339551812,13117,北区,35.759375,139.7296875,1009,70.0,646.0,292.0,58.0,608,0
5339551813,13117,北区,35.76145833333333,139.7265625,1203,86.0,804.0,306.0,102.0,758,0
5339551814,13117,北区,35.76145833333333,139.7296875,1510,92.0,1025.0,393.0,79.0,896,0
5339551821,13117,北区,35.759375,139.7328125,1236,134.0,775.0,323.0,61.0,631,0
5339551822,13117,北区,35.759375,139.7359375,1196,119.0,806.0,269.0,50.0,706,0
5339551823,13117,北区,35.76145833333333,139.7328125,1945,322.0,1248.0,362.0,116.0,956,0
5339551824,13117,北区,35.76145833333333,139.7359375,1905,173.0,1370.0,350.0,107.0,1112,0
5339551831,13117,北区,35.76354166666667,139.7265625,518,44.0,353.0,120.0,23.0,304,0
5339551832,13117,北区,35.76354166666667,139.7296875,2400,183.0,1760.0,456.0,199.0,1510,0
5339551833,13117,北区,35.765625,139.7265625,1253,88.0,908.0,257.0,98.0,800,0
5339551834,13117,北区,35.765625,139.7296875,1568,106.0,1092.0,367.0,102.0,928,0
5339551841,13117,北区,35.76354166666667,139.7328125,4364,964.0,2771.0,628.0,523.0,1814,0
5339551842,13117,北区,35.76354166666667,139.7359375,1728,86.0,1058.0,571.0,147.0,1162,0
5339551843,13117,北区,35.765625,139.7328125,1284,132.0,741.0,409.0,130.0,613,0
5339551844,13117,北区,35.765625,139.7359375,2830,260.0,1824.0,744.0,260.0,1532,0
5339551911,13117,北区,35.759375,139.73906250000002,1208,116.0,802.0,289.0,52.0,733,0
5339551912,13117,北区,35.759375,139.74218750000003,1008,65.0,589.0,354.0,63.0,571,0
5339551913,13117,北区,35.76145833333333,139.73906250000002,1330,164.0,892.0,274.0,43.0,616,0
5339551914,13117,北区,35.76145833333333,139.74218750000003,1035,157.0,663.0,214.0,19.0,441,0
5339551921,13117,北区,35.759375,139.7453125,1132,94.0,725.0,309.0,53.0,654,0
5339551922,13117,北区,35.759375,139.74843750000002,573,68.0,340.0,165.0,17.0,242,0
5339551923,13117,北区,35.76145833333333,139.7453125,1440,183.0,894.0,360.0,184.0,661,0
5339551924,13117,北区,35.76145833333333,139.74843750000002,1421,131.0,826.0,463.0,42.0,654,0
5339551931,13117,北区,35.76354166666667,139.73906250000002,764,118.0,405.0,236.0,18.0,334,0
5339551932,13117,北区,35.76354166666667,139.74218750000003,988,100.0,625.0,263.0,12.0,431,0
5339551933,13117,北区,35.765625,139.73906250000002,1598,182.0,982.0,422.0,39.0,821,0
5339551934,13117,北区,35.765625,139.74218750000003,2091,224.0,1425.0,442.0,61.0,1000,0
5339551941,13117,北区,35.76354166666667,139.7453125,1371,121.0,815.0,435.0,61.0,667,0
5339551942,13117,北区,35.76354166666667,139.74843750000002,1000,74.0,612.0,314.0,33.0,532,0
5339551943,13117,北区,35.765625,139.7453125,1126,124.0,630.0,372.0,30.0,511,0
5339551944,13117,北区,35.765625,139.74843750000002,2105,430.0,1359.0,311.0,105.0,753,0
5339552011,13120,練馬区,35.76770833333333,139.6265625,13,4.0,9.0,0.0,0.0,5,0
5339552013,13120,練馬区,35.76979166666666,139.6265625,339,35.0,198.0,100.0,6.0,150,0
5339552014,13120,練馬区,35.76979166666666,139.62968750000002,586,71.0,382.0,121.0,25.0,284,0
5339552022,13120,練馬区,35.76770833333333,139.6359375,894,119.0,483.0,281.0,20.0,383,0
5339552023,13120,練馬区,35.76979166666666,139.6328125,507,68.0,321.0,101.0,39.0,258,0
5339552024,13119,板橋区,35.76979166666666,139.6359375,1050,90.0,560.0,386.0,25.0,457,0
5339552031,13120,練馬区,35.771875,139.6265625,947,72.0,580.0,251.0,25.0,523,0
5339552032,13120,練馬区,35.771875,139.62968750000002,1315,120.0,875.0,286.0,80.0,788,0
5339552033,13120,練馬区,35.77395833333333,139.6265625,760,54.0,520.0,148.0,16.0,458,0
5339552034,13119,板橋区,35.77395833333333,139.62968750000002,1573,157.0,1049.0,288.0,51.0,856,0
5339552041,13119,板橋区,35.771875,139.6328125,1790,208.0,1165.0,349.0,82.0,967,0
5339552042,13119,板橋区,35.771875,139.6359375,1357,180.0,956.0,176.0,29.0,747,0
5339552043,13119,板橋区,35.77395833333333,139.6328125,1129,120.0,816.0,179.0,40.0,645,0
5339552044,13119,板橋区,35.77395833333333,139.6359375,1519,121.0,1070.0,230.0,48.0,969,0
5339552111,13120,練馬区,35.76770833333333,139.6390625,2284,142.0,1209.0,914.0,208.0,1300,0
5339552112,13120,練馬区,35.76770833333333,139.6421875,1616,212.0,1115.0,258.0,30.0,732,0
5339552113,13119,板橋区,35.76979166666666,139.6390625,1459,156.0,781.0,501.0,73.0,634,0
5339552114,13120,練馬区,35.76979166666666,139.6421875,1514,139.0,984.0,341.0,55.0,834,0
5339552121,13120,練馬区,35.76770833333333,139.6453125,1445,105.0,984.0,298.0,27.0,795,0
5339552122,13120,練馬区,35.76770833333333,139.6484375,1215,65.0,746.0,345.0,34.0,745,0
5339552123,13119,板橋区,35.76979166666666,139.6453125,1204,125.0,863.0,141.0,55.0,744,0
5339552124,13119,板橋区,35.76979166666666,139.6484375,1078,90.0,723.0,227.0,31.0,621,0
5339552131,13119,板橋区,35.771875,139.6390625,1404,127.0,880.0,347.0,79.0,769,0
5339552132,13119,板橋区,35.771875,139.6421875,1474,115.0,994.0,293.0,43.0,900,0
5339552133,13119,板橋区,35.77395833333333,139.6390625,1725,198.0,1199.0,274.0,77.0,915,0
5339552134,13119,板橋区,35.77395833333333,139.6421875,1170,145.0,764.0,231.0,40.0,598,0
5339552141,13119,板橋区,35.771875,139.6453125,1413,69.0,962.0,279.0,49.0,964,0
5339552142,13119,板橋区,35.771875,139.6484375,1257,122.0,816.0,292.0,36.0,682,0
5339552143,13119,板橋区,35.77395833333333,139.6453125,1054,87.0,745.0,172.0,15.0,635,0
5339552144,13119,板橋区,35.77395833333333,139.6484375,1252,121.0,787.0,287.0,25.0,692,0
5339552211,13120,練馬区,35.76770833333333,139.6515625,1031,101.0,710.0,161.0,39.0,590,0
5339552212,13120,練馬区,35.76770833333333,139.65468750000002,1629,162.0,1076.0,354.0,32.0,791,0
5339552213,13119,板橋区,35.76979166666666,139.6515625,1222,139.0,823.0,221.0,31.0,632,0
5339552214,13119,板橋区,35.76979166666666,139.65468750000002,1458,127.0,956.0,311.0,44.0,819,0
5339552221,13120,練馬区,35.76770833333333,139.6578125,1712,172.0,1138.0,324.0,61.0,873,0
5339552222,13120,練馬区,35.76770833333333,139.66093750000002,1656,147.0,1100.0,289.0,51.0,1014,0
5339552223,13119,板橋区,35.76979166666666,139.6578125,1514,119.0,978.0,302.0,38.0,909,0
5339552224,13119,板橋区,35.76979166666666,139.66093750000002,727,39.0,464.0,159.0,26.0,452,0
5339552231,13119,板橋区,35.771875,139.6515625,1203,170.0,766.0,247.0,29.0,575,0
5339552232,13119,板橋区,35.771875,139.65468750000002,2084,211.0,1443.0,347.0,24.0,878,0
5339552233,13119,板橋区,35.77395833333333,139.6515625,1566,295.0,1038.0,209.0,41.0,670,0
5339552234,13119,板橋区,35.77395833333333,139.65468750000002,1246,209.0,764.0,242.0,36.0,560,0
5339552241,13119,板橋区,35.771875,139.6578125,1436,141.0,854.0,341.0,12.0,693,0
5339552242,13119,板橋区,35.771875,139.66093750000002,920,86.0,581.0,206.0,33.0,522,0
5339552243,13119,板橋区,35.77395833333333,139.6578125,1514,142.0,959.0,364.0,80.0,773,0
5339552244,13119,板橋区,35.77395833333333,139.66093750000002,997,83.0,656.0,214.0,58.0,579,0
5339552311,13120,練馬区,35.76770833333333,139.6640625,1617,118.0,1026.0,345.0,59.0,1034,0
5339552312,13119,板橋区,35.76770833333333,139.6671875,1575,140.0,1007.0,378.0,29.0,822,0
5339552313,13119,板橋区,35.76979166666666,139.6640625,1636,102.0,1084.0,336.0,75.0,1069,0
5339552314,13119,板橋区,35.76979166666666,139.6671875,1944,185.0,1289.0,419.0,77.0,978,0
5339552321,13119,板橋区,35.76770833333333,139.6703125,1900,195.0,1193.0,488.0,34.0,857,0
5339552322,13119,板橋区,35.76770833333333,139.6734375,1467,148.0,797.0,454.0,21.0,698,0
5339552323,13119,板橋区,35.76979166666666,139.6703125,883,77.0,546.0,238.0,27.0,479,0
5339552324,13119,板橋区,35.76979166666666,139.6734375,1379,131.0,834.0,361.0,96.0,763,0
5339552331,13119,板橋区,35.771875,139.6640625,1464,111.0,905.0,354.0,65.0,897,0
5339552332,13119,板橋区,35.771875,139.6671875,839,72.0,545.0,172.0,60.0,470,0
5339552333,13119,板橋区,35.77395833333333,139.6640625,1724,198.0,1080.0,369.0,56.0,876,0
5339552334,13119,板橋区,35.77395833333333,139.6671875,1482,153.0,802.0,331.0,25.0,606,0
5339552341,13119,板橋区,35.771875,139.6703125,1113,122.0,686.0,285.0,38.0,552,0
5339552342,13119,板橋区,35.771875,139.6734375,1021,69.0,511.0,420.0,98.0,529,0
5339552343,13119,板橋区,35.77395833333333,139.6703125,716,65.0,400.0,242.0,29.0,374,0
5339552344,13119,板橋区,35.77395833333333,139.6734375,825,112.0,446.0,238.0,22.0,398,0
5339552411,13119,板橋区,35.76770833333333,139.67656250000002,1345,129.0,808.0,339.0,52.0,757,0
5339552412,13119,板橋区,35.76770833333333,139.67968750000003,1642,130.0,1043.0,427.0,53.0,793,0
5339552413,13119,板橋区,35.76979166666666,139.67656250000002,1557,170.0,1038.0,291.0,46.0,760,0
5339552414,13119,板橋区,35.76979166666666,139.67968750000003,1212,143.0,705.0,333.0,37.0,580,0
5339552421,13119,板橋区,35.76770833333333,139.6828125,1381,123.0,758.0,350.0,47.0,719,0
5339552422,13119,板橋区,35.76770833333333,139.68593750000002,937,78.0,565.0,225.0,31.0,553,0
5339552423,13119,板橋区,35.76979166666666,139.6828125,1340,146.0,814.0,333.0,39.0,648,0
5339552424,13119,板橋区,35.76979166666666,139.68593750000002,648,73.0,390.0,169.0,60.0,301,0
5339552431,13119,板橋区,35.771875,139.67656250000002,932,122.0,547.0,240.0,12.0,382,0
5339552432,13119,板橋区,35.771875,139.67968750000003,1093,86.0,608.0,356.0,15.0,525,0
5339552433,13119,板橋区,35.77395833333333,139.67656250000002,1384,192.0,818.0,306.0,68.0,650,0
5339552434,13119,板橋区,35.77395833333333,139.67968750000003,2450,200.0,1093.0,1072.0,47.0,1185,0
5339552441,13119,板橋区,35.771875,139.6828125,1184,153.0,755.0,224.0,48.0,603,0
5339552442,13119,板橋区,35.771875,139.68593750000002,1727,255.0,1026.0,410.0,40.0,694,0
5339552443,13119,板橋区,35.77395833333333,139.6828125,1494,147.0,972.0,186.0,50.0,903,0
5339552444,13119,板橋区,35.77395833333333,139.68593750000002,627,50.0,385.0,177.0,44.0,363,0
5339552511,13119,板橋区,35.76770833333333,139.6890625,1318,186.0,728.0,390.0,13.0,531,0
5339552512,13119,板橋区,35.76770833333333,139.69218750000002,1328,166.0,775.0,342.0,27.0,644,0
5339552513,13119,板橋区,35.76979166666666,139.6890625,1263,170.0,830.0,242.0,35.0,533,0
5339552514,13119,板橋区,35.76979166666666,139.69218750000002,1044,85.0,591.0,313.0,50.0,570,0
5339552521,13119,板橋区,35.76770833333333,139.6953125,1813,242.0,1194.0,289.0,70.0,945,0
5339552522,13119,板橋区,35.76770833333333,139.6984375,875,72.0,537.0,215.0,32.0,507,0
5339552523,13119,板橋区,35.76979166666666,139.6953125,1414,239.0,993.0,151.0,25.0,580,0
5339552524,13119,板橋区,35.76979166666666,139.6984375,2451,272.0,1537.0,563.0,38.0,1122,0
5339552531,13119,板橋区,35.771875,139.6890625,1189,148.0,706.0,309.0,66.0,632,0
5339552532,13119,板橋区,35.771875,139.69218750000002,753,97.0,462.0,181.0,25.0,335,0
5339552533,13119,板橋区,35.77395833333333,139.6890625,1555,107.0,893.0,497.0,58.0,856,0
5339552534,13119,板橋区,35.77395833333333,139.69218750000002,1385,205.0,803.0,311.0,45.0,691,0
5339552541,13119,板橋区,35.771875,139.6953125,1004,98.0,591.0,290.0,45.0,470,0
5339552542,13119,板橋区,35.771875,139.6984375,1386,122.0,959.0,225.0,40.0,763,0
5339552543,13119,板橋区,35.77395833333333,139.6953125,582,31.0,378.0,148.0,14.0,404,0
5339552544,13119,板橋区,35.77395833333333,139.6984375,1194,109.0,803.0,249.0,59.0,702,0
5339552611,13119,板橋区,35.76770833333333,139.7015625,1518,126.0,1039.0,289.0,39.0,898,0
5339552612,13119,板橋区,35.76770833333333,139.7046875,1664,110.0,1089.0,369.0,58.0,1035,0
5339552613,13119,板橋区,35.76979166666666,139.7015625,1382,112.0,868.0,301.0,76.0,807,0
5339552614,13119,板橋区,35.76979166666666,139.7046875,1321,111.0,790.0,361.0,41.0,781,0
5339552621,13117,北区,35.76770833333333,139.7078125,384,39.0,196.0,148.0,10.0,165,0
5339552622,13117,北区,35.76770833333333,139.7109375,381,52.0,201.0,124.0,10.0,177,0
5339552623,13117,北区,35.76979166666666,139.7078125,318,24.0,167.0,127.0,22.0,168,0
5339552624,13117,北区,35.76979166666666,139.7109375,842,100.0,501.0,236.0,29.0,377,0
5339552631,13119,板橋区,35.771875,139.7015625,1165,81.0,720.0,306.0,36.0,712,0
5339552632,13119,板橋区,35.771875,139.7046875,1546,156.0,980.0,355.0,40.0,855,0
5339552633,13119,板橋区,35.77395833333333,139.7015625,2503,530.0,1641.0,314.0,184.0,1029,0
5339552634,13117,北区,35.77395833333333,139.7046875,1575,257.0,1035.0,265.0,102.0,773,0
5339552641,13117,北区,35.771875,139.7078125,1656,204.0,1084.0,334.0,61.0,922,0
5339552642,13117,北区,35.771875,139.7109375,606,90.0,401.0,110.0,14.0,326,0
5339552643,13117,北区,35.77395833333333,139.7078125,831,93.0,477.0,255.0,27.0,378,0
5339552644,13117,北区,35.77395833333333,139.7109375,1395,346.0,1020.0,28.0,3.0,461,0
5339552711,13117,北区,35.76770833333333,139.7140625,811,96.0,454.0,242.0,22.0,387,0
5339552712,13117,北区,35.76770833333333,139.71718750000002,1309,136.0,818.0,352.0,54.0,688,0
5339552713,13117,北区,35.76979166666666,139.7140625,982,76.0,554.0,255.0,29.0,451,0
5339552714,13117,北区,35.76979166666666,139.71718750000002,963,104.0,594.0,264.0,41.0,495,0
5339552721,13117,北区,35.76770833333333,139.7203125,1317,125.0,808.0,374.0,30.0,642,0
5339552722,13117,北区,35.76770833333333,139.72343750000002,1178,122.0,784.0,272.0,66.0,630,0
5339552723,13117,北区,35.76979166666666,139.7203125,983,92.0,642.0,246.0,48.0,519,0
5339552724,13117,北区,35.76979166666666,139.72343750000002,749,60.0,431.0,258.0,27.0,364,0
5339552731,13117,北区,35.771875,139.7140625,1151,107.0,678.0,263.0,49.0,556,0
5339552732,13117,北区,35.771875,139.71718750000002,1276,122.0,760.0,385.0,55.0,667,0
5339552733,13117,北区,35.77395833333333,139.7140625,968,74.0,670.0,221.0,39.0,539,0
5339552734,13117,北区,35.77395833333333,139.71718750000002,1475,121.0,913.0,417.0,70.0,811,0
5339552741,13117,北区,35.771875,139.7203125,1048,119.0,634.0,291.0,31.0,541,0
5339552742,13117,北区,35.771875,139.72343750000002,646,96.0,417.0,133.0,15.0,351,0
5339552743,13117,北区,35.77395833333333,139.7203125,1371,168.0,936.0,260.0,36.0,769,0
5339552744,13117,北区,35.77395833333333,139.72343750000002,758,83.0,496.0,171.0,37.0,394,0
5339552811,13117,北区,35.76770833333333,139.7265625,1631,105.0,1124.0,402.0,125.0,1037,0
5339552812,13117,北区,35.76770833333333,139.7296875,2046,182.0,1427.0,430.0,126.0,1234,0
5339552813,13117,北区,35.76979166666666,139.7265625,1794,170.0,1152.0,472.0,79.0,956,0
5339552814,13117,北区,35.76979166666666,139.7296875,1526,171.0,960.0,395.0,81.0,812,0
5339552821,13117,北区,35.76770833333333,139.7328125,1799,139.0,1159.0,500.0,51.0,1007,0
5339552822,13117,北区,35.76770833333333,139.7359375,2539,305.0,1835.0,399.0,133.0,1275,0
5339552823,13117,北区,35.76979166666666,139.7328125,1363,119.0,965.0,279.0,91.0,775,0
5339552824,13117,北区,35.76979166666666,139.7359375,1521,164.0,1047.0,310.0,155.0,775,0
5339552831,13117,北区,35.771875,139.7265625,1289,131.0,864.0,293.0,53.0,694,0
5339552832,13117,北区,35.771875,139.7296875,1390,159.0,942.0,289.0,27.0,686,0
5339552833,13117,北区,35.77395833333333,139.7265625,976,68.0,514.0,393.0,74.0,564,0
5339552834,13117,北区,35.77395833333333,139.7296875,1189,121.0,510.0,554.0,34.0,661,0
5339552841,13117,北区,35.771875,139.7328125,1040,105.0,664.0,271.0,7.0,512,0
5339552842,13121,足立区,35.771875,139.7359375,209,14.0,137.0,58.0,10.0,126,0
5339552843,13117,北区,35.77395833333333,139.7328125,910,77.0,517.0,316.0,21.0,505,0
5339552844,13117,北区,35.77395833333333,139.7359375,769,137.0,544.0,79.0,116.0,359,0
5339552911,13117,北区,35.76770833333333,139.73906250000002,2450,462.0,1739.0,249.0,102.0,1008,0
5339552912,13117,北区,35.76770833333333,139.74218750000003,739,54.0,440.0,243.0,36.0,406,0
5339552913,13121,足立区,35.76979166666666,139.73906250000002,699,108.0,485.0,106.0,25.0,263,0
5339552914,13121,足立区,35.76979166666666,139.74218750000003,512,25.0,330.0,133.0,21.0,261,0
5339552921,13121,足立区,35.76770833333333,139.7453125,321,18.0,168.0,126.0,30.0,193,0
5339552922,13121,足立区,35.76770833333333,139.74843750000002,1451,386.0,968.0,80.0,190.0,470,0
5339552923,13121,足立区,35.76979166666666,139.7453125,873,98.0,511.0,193.0,45.0,472,0
5339552924,13121,足立区,35.76979166666666,139.74843750000002,2147,401.0,1456.0,197.0,347.0,996,0
5339552931,13121,足立区,35.771875,139.73906250000002,1168,106.0,789.0,258.0,135.0,585,0
5339552932,13121,足立区,35.771875,139.74218750000003,723,68.0,437.0,192.0,23.0,361,0
5339552933,13121,足立区,35.77395833333333,139.73906250000002,1811,413.0,1233.0,154.0,223.0,707,0
5339552934,13121,足立区,35.77395833333333,139.74218750000003,704,80.0,401.0,212.0,35.0,305,0
5339552941,13121,足立区,35.771875,139.7453125,1530,267.0,968.0,282.0,52.0,591,0
5339552942,13121,足立区,35.771875,139.74843750000002,686,105.0,412.0,117.0,130.0,327,0
5339552943,13121,足立区,35.77395833333333,139.7453125,124,18.0,65.0,39.0,9.0,48,0
5339553011,13120,練馬区,35.776041666666664,139.6265625,1585,127.0,1128.0,267.0,43.0,823,0
5339553012,13119,板橋区,35.776041666666664,139.62968750000002,2042,206.0,1427.0,293.0,74.0,1194,0
5339553013,13119,板橋区,35.778124999999996,139.6265625,2059,295.0,1318.0,382.0,29.0,988,0
5339553014,13119,板橋区,35.778124999999996,139.62968750000002,1105,108.0,752.0,181.0,54.0,647,0
5339553021,13119,板橋区,35.776041666666664,139.6328125,1883,162.0,1311.0,323.0,58.0,1107,0
5339553022,13119,板橋区,35.776041666666664,139.6359375,1650,84.0,1173.0,272.0,130.0,1153,0
5339553023,13119,板橋区,35.778124999999996,139.6328125,672,45.0,452.0,118.0,16.0,433,0
5339553024,13119,板橋区,35.778124999999996,139.6359375,1516,85.0,1088.0,248.0,58.0,971,0
5339553031,13119,板橋区,35.780208333333334,139.6265625,1649,212.0,1104.0,276.0,40.0,850,0
5339553032,13119,板橋区,35.780208333333334,139.62968750000002,1785,283.0,1145.0,290.0,36.0,881,0
5339553033,13119,板橋区,35.782291666666666,139.6265625,600,61.0,353.0,159.0,3.0,245,0
5339553034,13119,板橋区,35.782291666666666,139.62968750000002,2249,403.0,1524.0,258.0,68.0,1079,0
5339553041,13119,板橋区,35.780208333333334,139.6328125,1159,117.0,773.0,185.0,48.0,685,0
5339553042,13119,板橋区,35.780208333333334,139.6359375,1273,79.0,916.0,211.0,59.0,861,0
5339553043,13119,板橋区,35.782291666666666,139.6328125,1103,113.0,758.0,201.0,41.0,580,0
5339553044,13119,板橋区,35.782291666666666,139.6359375,928,78.0,619.0,183.0,45.0,546,0
5339553111,13119,板橋区,35.776041666666664,139.6390625,1438,124.0,1018.0,244.0,36.0,889,0
5339553112,13119,板橋区,35.776041666666664,139.6421875,1164,102.0,729.0,252.0,13.0,671,0
5339553113,13119,板橋区,35.778124999999996,139.6390625,1198,122.0,788.0,239.0,47.0,679,0
5339553114,13119,板橋区,35.778124999999996,139.6421875,843,59.0,491.0,246.0,24.0,486,0
5339553121,13119,板橋区,35.776041666666664,139.6453125,934,89.0,670.0,140.0,17.0,494,0
5339553122,13119,板橋区,35.776041666666664,139.6484375,1013,113.0,651.0,214.0,25.0,527,0
5339553123,13119,板橋区,35.778124999999996,139.6453125,1101,116.0,708.0,242.0,19.0,518,0
5339553124,13119,板橋区,35.778124999999996,139.6484375,1250,140.0,792.0,279.0,20.0,614,0
5339553131,13119,板橋区,35.780208333333334,139.6390625,1319,134.0,974.0,170.0,70.0,732,0
5339553132,13119,板橋区,35.780208333333334,139.6421875,995,99.0,643.0,209.0,19.0,488,0
5339553133,13119,板橋区,35.782291666666666,139.6390625,1518,166.0,1108.0,180.0,90.0,822,0
5339553134,13119,板橋区,35.782291666666666,139.6421875,850,129.0,566.0,134.0,10.0,390,0
5339553141,13119,板橋区,35.780208333333334,139.6453125,825,120.0,521.0,163.0,14.0,368,0
5339553142,13119,板橋区,35.780208333333334,139.6484375,405,43.0,297.0,52.0,7.0,204,0
5339553143,13119,板橋区,35.782291666666666,139.6453125,533,97.0,340.0,90.0,6.0,201,0
5339553144,13119,板橋区,35.782291666666666,139.6484375,638,111.0,450.0,76.0,3.0,232,0
5339553211,13119,板橋区,35.776041666666664,139.6515625,1235,149.0,758.0,255.0,24.0,642,0
5339553212,13119,板橋区,35.776041666666664,139.65468750000002,1127,140.0,752.0,211.0,27.0,526,0
5339553213,13119,板橋区,35.778124999999996,139.6515625,1077,150.0,722.0,196.0,19.0,516,0
5339553214,13119,板橋区,35.778124999999996,139.65468750000002,947,174.0,610.0,157.0,21.0,357,0
5339553221,13119,板橋区,35.776041666666664,139.6578125,1040,94.0,554.0,369.0,22.0,464,0
5339553222,13119,板橋区,35.776041666666664,139.66093750000002,1210,133.0,755.0,263.0,21.0,632,0
5339553223,13119,板橋区,35.778124999999996,139.6578125,1019,140.0,671.0,194.0,19.0,458,0
5339553224,13119,板橋区,35.778124999999996,139.66093750000002,1128,173.0,754.0,190.0,16.0,485,0
5339553231,13119,板橋区,35.780208333333334,139.6515625,832,148.0,568.0,115.0,9.0,321,0
5339553232,13119,板橋区,35.780208333333334,139.65468750000002,811,131.0,571.0,98.0,18.0,340,0
5339553233,13119,板橋区,35.782291666666666,139.6515625,1026,119.0,631.0,274.0,13.0,358,0
5339553234,13119,板橋区,35.782291666666666,139.65468750000002,690,113.0,442.0,129.0,28.0,273,0
5339553241,13119,板橋区,35.780208333333334,139.6578125,783,133.0,506.0,132.0,10.0,347,0
5339553242,13119,板橋区,35.780208333333334,139.66093750000002,1205,131.0,820.0,243.0,12.0,483,0
5339553243,13119,板橋区,35.782291666666666,139.6578125,745,119.0,502.0,109.0,22.0,317,0
5339553244,13119,板橋区,35.782291666666666,139.66093750000002,1166,152.0,753.0,239.0,14.0,477,0
5339553311,13119,板橋区,35.776041666666664,139.6640625,1379,152.0,867.0,328.0,60.0,668,0
5339553312,13119,板橋区,35.776041666666664,139.6671875,898,144.0,548.0,195.0,13.0,385,0
5339553313,13119,板橋区,35.778124999999996,139.6640625,1325,171.0,872.0,270.0,23.0,598,0
5339553314,13119,板橋区,35.778124999999996,139.6671875,943,87.0,565.0,288.0,14.0,405,0
5339553321,13119,板橋区,35.776041666666664,139.6703125,853,87.0,469.0,274.0,16.0,358,0
5339553322,13119,板橋区,35.776041666666664,139.6734375,579,80.0,331.0,143.0,8.0,272,0
5339553323,13119,板橋区,35.778124999999996,139.6703125,898,109.0,532.0,214.0,18.0,453,0
5339553324,13119,板橋区,35.778124999999996,139.6734375,939,109.0,568.0,220.0,21.0,479,0
5339553331,13119,板橋区,35.780208333333334,139.6640625,1435,260.0,945.0,199.0,16.0,615,0
5339553332,13119,板橋区,35.780208333333334,139.6671875,1240,206.0,750.0,229.0,19.0,592,0
5339553333,13119,板橋区,35.782291666666666,139.6640625,1287,188.0,832.0,215.0,38.0,620,0
5339553334,13119,板橋区,35.782291666666666,139.6671875,560,75.0,378.0,91.0,13.0,271,0
5339553341,13119,板橋区,35.780208333333334,139.6703125,935,113.0,579.0,207.0,39.0,489,0
5339553342,13119,板橋区,35.780208333333334,139.6734375,853,81.0,570.0,168.0,22.0,439,0
5339553343,13119,板橋区,35.782291666666666,139.6703125,1112,112.0,766.0,190.0,24.0,680,0
5339553344,13119,板橋区,35.782291666666666,139.6734375,1339,132.0,816.0,324.0,56.0,704,0
5339553411,13119,板橋区,35.776041666666664,139.67656250000002,1061,101.0,649.0,276.0,22.0,502,0
5339553412,13119,板橋区,35.776041666666664,139.67968750000003,2063,356.0,1201.0,469.0,42.0,865,0
5339553413,13119,板橋区,35.778124999999996,139.67656250000002,1262,139.0,790.0,291.0,50.0,611,0
5339553414,13119,板橋区,35.778124999999996,139.67968750000003,1547,172.0,864.0,468.0,58.0,756,0
5339553421,13119,板橋区,35.776041666666664,139.6828125,1507,190.0,1044.0,215.0,42.0,779,0
5339553422,13119,板橋区,35.776041666666664,139.68593750000002,1612,139.0,916.0,545.0,19.0,764,0
5339553423,13119,板橋区,35.778124999999996,139.6828125,1223,82.0,636.0,493.0,49.0,679,0
5339553424,13119,板橋区,35.778124999999996,139.68593750000002,1020,85.0,687.0,211.0,33.0,606,0
5339553431,13119,板橋区,35.780208333333334,139.67656250000002,1405,169.0,925.0,238.0,32.0,766,0
5339553432,13119,板橋区,35.780208333333334,139.67968750000003,1907,195.0,1206.0,449.0,52.0,957,0
5339553433,13119,板橋区,35.782291666666666,139.67656250000002,1765,153.0,1116.0,410.0,47.0,925,0
5339553434,13119,板橋区,35.782291666666666,139.67968750000003,1353,158.0,779.0,367.0,26.0,667,0
5339553441,13119,板橋区,35.780208333333334,139.6828125,1602,154.0,1017.0,376.0,68.0,848,0
5339553442,13119,板橋区,35.780208333333334,139.68593750000002,1314,150.0,826.0,273.0,25.0,688,0
5339553443,13119,板橋区,35.782291666666666,139.6828125,1422,175.0,895.0,341.0,67.0,692,0
5339553444,13119,板橋区,35.782291666666666,139.68593750000002,1329,180.0,725.0,231.0,82.0,668,0
5339553511,13119,板橋区,35.776041666666664,139.6890625,996,114.0,584.0,269.0,22.0,501,0
5339553512,13119,板橋区,35.776041666666664,139.69218750000002,1706,117.0,992.0,494.0,87.0,1021,0
5339553513,13119,板橋区,35.778124999999996,139.6890625,1132,179.0,730.0,172.0,20.0,567,0
5339553514,13119,板橋区,35.778124999999996,139.69218750000002,1196,136.0,797.0,189.0,24.0,658,0
5339553521,13119,板橋区,35.776041666666664,139.6953125,929,45.0,590.0,211.0,53.0,580,0
5339553522,13119,板橋区,35.776041666666664,139.6984375,1080,134.0,722.0,174.0,34.0,603,0
5339553523,13119,板橋区,35.778124999999996,139.6953125,242,9.0,169.0,56.0,1.0,182,0
5339553524,13119,板橋区,35.778124999999996,139.6984375,944,86.0,641.0,175.0,22.0,573,0
5339553531,13119,板橋区,35.780208333333334,139.6890625,1125,79.0,786.0,213.0,47.0,675,0
5339553532,13119,板橋区,35.780208333333334,139.69218750000002,1026,82.0,598.0,269.0,21.0,558,0
5339553533,13119,板橋区,35.782291666666666,139.6890625,1632,152.0,943.0,484.0,68.0,811,0
5339553534,13119,板橋区,35.782291666666666,139.69218750000002,1000,205.0,633.0,132.0,14.0,395,0
5339553541,13119,板橋区,35.780208333333334,139.6953125,772,83.0,408.0,268.0,18.0,357,0
5339553542,13119,板橋区,35.780208333333334,139.6984375,986,113.0,606.0,228.0,41.0,553,0
5339553543,13119,板橋区,35.782291666666666,139.6953125,120,19.0,60.0,39.0,0.0,54,0
5339553544,13117,北区,35.782291666666666,139.6984375,1440,366.0,962.0,89.0,198.0,597,0
5339553611,13119,板橋区,35.776041666666664,139.7015625,1477,169.0,828.0,462.0,43.0,676,0
5339553612,13117,北区,35.776041666666664,139.7046875,1694,184.0,828.0,667.0,92.0,749,0
5339553613,13119,板橋区,35.778124999999996,139.7015625,2140,311.0,1284.0,475.0,54.0,1026,0
5339553614,13117,北区,35.778124999999996,139.7046875,1283,108.0,495.0,672.0,48.0,713,0
5339553621,13117,北区,35.776041666666664,139.7078125,680,20.0,251.0,398.0,15.0,433,0
5339553622,13117,北区,35.776041666666664,139.7109375,635,36.0,265.0,328.0,16.0,352,0
5339553623,13117,北区,35.778124999999996,139.7078125,653,28.0,217.0,405.0,35.0,309,0
5339553624,13117,北区,35.778124999999996,139.7109375,1300,73.0,526.0,687.0,69.0,795,0
5339553631,13119,板橋区,35.780208333333334,139.7015625,1879,223.0,1185.0,402.0,45.0,849,0
5339553632,13117,北区,35.780208333333334,139.7046875,2848,325.0,1917.0,602.0,73.0,1150,0
5339553633,13119,板橋区,35.782291666666666,139.7015625,1051,114.0,705.0,185.0,70.0,571,0
5339553634,13117,北区,35.782291666666666,139.7046875,1256,121.0,718.0,411.0,130.0,626,0
5339553641,13117,北区,35.780208333333334,139.7078125,383,10.0,125.0,247.0,10.0,252,0
5339553642,13117,北区,35.780208333333334,139.7109375,477,11.0,190.0,275.0,17.0,293,0
5339553643,13117,北区,35.782291666666666,139.7078125,614,31.0,256.0,323.0,20.0,289,0
5339553644,13117,北区,35.782291666666666,139.7109375,444,15.0,217.0,212.0,19.0,242,0
5339553711,13117,北区,35.776041666666664,139.7140625,1601,158.0,795.0,639.0,92.0,921,0
5339553712,13117,北区,35.776041666666664,139.71718750000002,1288,100.0,864.0,316.0,57.0,688,0
5339553713,13117,北区,35.778124999999996,139.7140625,1195,123.0,644.0,401.0,48.0,645,0
5339553714,13117,北区,35.778124999999996,139.71718750000002,1694,165.0,1048.0,480.0,65.0,950,0
5339553721,13117,北区,35.776041666666664,139.7203125,958,70.0,686.0,189.0,37.0,593,0
5339553722,13117,北区,35.776041666666664,139.72343750000002,1925,183.0,1350.0,386.0,132.0,1128,0
5339553723,13117,北区,35.778124999999996,139.7203125,713,62.0,450.0,200.0,22.0,381,0
5339553724,13117,北区,35.778124999999996,139.72343750000002,1628,237.0,1095.0,296.0,73.0,809,0
5339553731,13117,北区,35.780208333333334,139.7140625,861,98.0,487.0,269.0,41.0,449,0
5339553732,13117,北区,35.780208333333334,139.71718750000002,240,11.0,193.0,33.0,4.0,172,0
5339553733,13117,北区,35.782291666666666,139.7140625,1186,131.0,656.0,390.0,47.0,608,0
5339553734,13117,北区,35.782291666666666,139.71718750000002,621,51.0,392.0,163.0,37.0,353,0
5339553741,13117,北区,35.780208333333334,139.7203125,556,25.0,383.0,147.0,77.0,382,0
5339553742,13117,北区,35.780208333333334,139.72343750000002,1765,153.0,1293.0,304.0,116.0,1087,0
5339553743,13117,北区,35.782291666666666,139.7203125,2127,131.0,1552.0,441.0,183.0,1356,0
5339553744,13117,北区,35.782291666666666,139.72343750000002,1828,175.0,1315.0,332.0,104.0,1060,0
5339553811,13117,北区,35.776041666666664,139.7265625,1665,150.0,1062.0,443.0,157.0,969,0
5339553812,13117,北区,35.776041666666664,139.7296875,1259,123.0,822.0,313.0,44.0,672,0
5339553813,13117,北区,35.778124999999996,139.7265625,1455,139.0,998.0,313.0,31.0,798,0
5339553814,13117,北区,35.778124999999996,139.7296875,1593,157.0,979.0,443.0,38.0,820,0
5339553821,13117,北区,35.776041666666664,139.7328125,913,112.0,598.0,200.0,33.0,455,0
5339553822,13117,北区,35.776041666666664,139.7359375,687,64.0,453.0,170.0,20.0,296,0
5339553823,13117,北区,35.778124999999996,139.7328125,1575,119.0,1078.0,368.0,34.0,894,0
5339553824,13117,北区,35.778124999999996,139.7359375,678,90.0,432.0,149.0,25.0,325,0
5339553831,13117,北区,35.780208333333334,139.7265625,1545,114.0,1084.0,345.0,84.0,895,0
5339553832,13117,北区,35.780208333333334,139.7296875,1810,145.0,1313.0,343.0,68.0,1099,0
5339553833,13117,北区,35.782291666666666,139.7265625,1831,157.0,1323.0,349.0,98.0,1018,0
5339553834,13117,北区,35.782291666666666,139.7296875,1613,127.0,1063.0,418.0,60.0,915,0
5339553841,13117,北区,35.780208333333334,139.7328125,1355,126.0,889.0,338.0,20.0,746,0
5339553842,13117,北区,35.780208333333334,139.7359375,1918,375.0,1294.0,244.0,178.0,801,0
5339553843,13117,北区,35.782291666666666,139.7328125,1153,90.0,703.0,347.0,24.0,643,0
5339553844,13117,北区,35.782291666666666,139.7359375,883,120.0,644.0,110.0,39.0,404,0
5339553911,13121,足立区,35.776041666666664,139.73906250000002,762,152.0,458.0,140.0,37.0,354,0
5339553912,13121,足立区,35.776041666666664,139.74218750000003,428,15.0,171.0,231.0,16.0,266,0
5339553913,13121,足立区,35.778124999999996,139.73906250000002,37,5.0,26.0,7.0,1.0,13,1
5339553914,13121,足立区,35.778124999999996,139.74218750000003,1,,,,,1,2
5339553923,13121,足立区,35.778124999999996,139.7453125,22,4.0,10.0,8.0,1.0,9,0
5339553924,13121,足立区,35.778124999999996,139.74843750000002,549,54.0,351.0,133.0,28.0,236,0
5339553931,13121,足立区,35.780208333333334,139.73906250000002,27,2.0,17.0,8.0,0.0,13,0
5339553941,13121,足立区,35.780208333333334,139.7453125,255,31.0,153.0,65.0,6.0,105,0
5339553942,13121,足立区,35.780208333333334,139.74843750000002,619,51.0,393.0,163.0,23.0,276,0
5339553943,13121,足立区,35.782291666666666,139.7453125,177,27.0,92.0,54.0,3.0,72,0
5339553944,13121,足立区,35.782291666666666,139.74843750000002,769,115.0,429.0,213.0,69.0,335,0
5339554012,13119,板橋区,35.784375,139.62968750000002,1246,113.0,795.0,278.0,70.0,661,1
5339554021,13119,板橋区,35.784375,139.6328125,1370,142.0,988.0,209.0,62.0,746,0
5339554022,13119,板橋区,35.784375,139.6359375,1077,112.0,648.0,291.0,26.0,488,0
5339554023,13119,板橋区,35.78645833333333,139.6328125,800,73.0,521.0,169.0,27.0,416,0
5339554024,13119,板橋区,35.78645833333333,139.6359375,899,81.0,497.0,287.0,11.0,384,0
5339554041,13119,板橋区,35.78854166666667,139.6328125,1177,122.0,540.0,506.0,69.0,619,0
5339554042,13119,板橋区,35.78854166666667,139.6359375,703,73.0,343.0,277.0,33.0,371,0
5339554111,13119,板橋区,35.784375,139.6390625,1136,127.0,752.0,202.0,35.0,605,0
5339554112,13119,板橋区,35.784375,139.6421875,407,34.0,253.0,104.0,17.0,216,0
5339554113,13119,板橋区,35.78645833333333,139.6390625,1189,122.0,718.0,313.0,23.0,603,0
5339554114,13119,板橋区,35.78645833333333,139.6421875,797,101.0,486.0,186.0,19.0,406,0
5339554121,13119,板橋区,35.784375,139.6453125,586,75.0,404.0,99.0,1.0,266,0
5339554122,13119,板橋区,35.784375,139.6484375,663,115.0,403.0,140.0,10.0,227,0
5339554123,13119,板橋区,35.78645833333333,139.6453125,563,49.0,363.0,102.0,16.0,361,0
5339554124,13119,板橋区,35.78645833333333,139.6484375,997,133.0,624.0,206.0,27.0,466,0
5339554131,13119,板橋区,35.78854166666667,139.6390625,1326,136.0,737.0,414.0,20.0,463,0
5339554132,13119,板橋区,35.78854166666667,139.6421875,662,43.0,423.0,179.0,7.0,333,0
5339554133,13119,板橋区,35.790625,139.6390625,1343,202.0,943.0,151.0,40.0,596,0
5339554134,13119,板橋区,35.790625,139.6421875,1292,108.0,858.0,250.0,35.0,703,0
5339554141,13119,板橋区,35.78854166666667,139.6453125,889,100.0,523.0,259.0,30.0,433,0
5339554142,13119,板橋区,35.78854166666667,139.6484375,673,97.0,405.0,156.0,16.0,306,0
5339554143,13119,板橋区,35.790625,139.6453125,793,72.0,539.0,165.0,34.0,465,0
5339554144,13119,板橋区,35.790625,139.6484375,397,49.0,212.0,132.0,9.0,198,0
5339554211,13119,板橋区,35.784375,139.6515625,754,64.0,388.0,288.0,36.0,268,0
5339554212,13119,板橋区,35.784375,139.65468750000002,182,21.0,119.0,41.0,2.0,74,0
5339554213,13119,板橋区,35.78645833333333,139.6515625,725,85.0,405.0,219.0,19.0,369,0
5339554214,13119,板橋区,35.78645833333333,139.65468750000002,605,49.0,295.0,247.0,7.0,298,0
5339554221,13119,板橋区,35.784375,139.6578125,413,54.0,281.0,62.0,11.0,201,0
5339554222,13119,板橋区,35.784375,139.66093750000002,475,47.0,319.0,87.0,26.0,247,0
5339554223,13119,板橋区,35.78645833333333,139.6578125,657,65.0,365.0,209.0,16.0,344,0
5339554224,13119,板橋区,35.78645833333333,139.66093750000002,2776,106.0,1147.0,1470.0,267.0,1838,0
5339554231,13119,板橋区,35.78854166666667,139.6515625,567,60.0,302.0,190.0,10.0,255,0
5339554232,13119,板橋区,35.78854166666667,139.65468750000002,2004,140.0,938.0,879.0,123.0,1072,0
5339554233,13119,板橋区,35.790625,139.6515625,238,20.0,153.0,54.0,22.0,142,0
5339554234,13119,板橋区,35.790625,139.65468750000002,1098,103.0,679.0,247.0,58.0,633,0
5339554241,13119,板橋区,35.78854166666667,139.6578125,1291,77.0,482.0,687.0,12.0,696,0
5339554242,13119,板橋区,35.78854166666667,139.66093750000002,1149,78.0,577.0,464.0,62.0,673,0
5339554243,13119,板橋区,35.790625,139.6578125,1612,120.0,1148.0,193.0,31.0,1010,0
5339554244,13119,板橋区,35.790625,139.66093750000002,1391,157.0,944.0,184.0,51.0,754,0
5339554311,13119,板橋区,35.784375,139.6640625,3102,167.0,1364.0,1505.0,457.0,1953,0
5339554312,13119,板橋区,35.784375,139.6671875,1562,168.0,997.0,342.0,97.0,948,0
5339554313,13119,板橋区,35.78645833333333,139.6640625,2607,87.0,1143.0,1283.0,310.0,1935,0
5339554314,13119,板橋区,35.78645833333333,139.6671875,1414,71.0,756.0,512.0,137.0,997,0
5339554321,13119,板橋区,35.784375,139.6703125,1178,157.0,774.0,191.0,23.0,661,0
5339554322,13119,板橋区,35.784375,139.6734375,1714,156.0,1059.0,430.0,31.0,921,0
5339554323,13119,板橋区,35.78645833333333,139.6703125,1425,130.0,925.0,312.0,37.0,827,0
5339554324,13119,板橋区,35.78645833333333,139.6734375,2030,169.0,1138.0,635.0,94.0,1210,0
5339554331,13119,板橋区,35.78854166666667,139.6640625,1627,143.0,1024.0,366.0,39.0,920,0
5339554332,13119,板橋区,35.78854166666667,139.6671875,1030,117.0,662.0,220.0,36.0,543,0
5339554333,13119,板橋区,35.790625,139.6640625,924,96.0,580.0,201.0,31.0,557,0
5339554334,13119,板橋区,35.790625,139.6671875,726,112.0,521.0,76.0,38.0,393,0
5339554341,13119,板橋区,35.78854166666667,139.6703125,584,34.0,231.0,315.0,15.0,350,0
5339554342,13119,板橋区,35.78854166666667,139.6734375,2353,203.0,1127.0,984.0,80.0,1300,0
5339554343,13119,板橋区,35.790625,139.6703125,2605,388.0,1867.0,285.0,120.0,1338,0
5339554344,13119,板橋区,35.790625,139.6734375,1133,123.0,699.0,262.0,29.0,632,0
5339554411,13119,板橋区,35.784375,139.67656250000002,2275,165.0,1317.0,717.0,132.0,1182,0
5339554412,13119,板橋区,35.784375,139.67968750000003,1153,105.0,684.0,315.0,32.0,632,0
5339554413,13119,板橋区,35.78645833333333,139.67656250000002,1158,85.0,724.0,304.0,45.0,639,0
5339554414,13119,板橋区,35.78645833333333,139.67968750000003,1759,187.0,1126.0,421.0,58.0,878,0
5339554421,13119,板橋区,35.784375,139.6828125,1403,251.0,878.0,268.0,53.0,593,0
5339554422,13119,板橋区,35.784375,139.68593750000002,1610,163.0,974.0,400.0,81.0,840,0
5339554423,13119,板橋区,35.78645833333333,139.6828125,2523,338.0,1234.0,948.0,85.0,1166,0
5339554424,13119,板橋区,35.78645833333333,139.68593750000002,841,68.0,542.0,219.0,33.0,450,0
5339554431,13119,板橋区,35.78854166666667,139.67656250000002,1641,82.0,666.0,879.0,86.0,874,0
5339554432,13119,板橋区,35.78854166666667,139.67968750000003,1758,190.0,1099.0,437.0,40.0,839,0
5339554433,13119,板橋区,35.790625,139.67656250000002,1917,495.0,1164.0,253.0,136.0,610,0
5339554434,13119,板橋区,35.790625,139.67968750000003,933,82.0,648.0,166.0,36.0,465,0
5339554441,13119,板橋区,35.78854166666667,139.6828125,1104,89.0,660.0,331.0,50.0,508,0
5339554442,13119,板橋区,35.78854166666667,139.68593750000002,378,54.0,250.0,63.0,15.0,199,0
5339554443,13119,板橋区,35.790625,139.6828125,366,22.0,177.0,163.0,8.0,160,0
5339554444,13119,板橋区,35.790625,139.68593750000002,472,117.0,331.0,17.0,30.0,195,0
5339554511,13119,板橋区,35.784375,139.6890625,291,31.0,204.0,38.0,4.0,159,0
5339554512,13117,北区,35.784375,139.69218750000002,681,66.0,402.0,213.0,10.0,203,0
5339554513,13119,板橋区,35.78645833333333,139.6890625,15,0.0,8.0,7.0,0.0,6,0
5339554514,13117,北区,35.78645833333333,139.69218750000002,950,159.0,696.0,95.0,60.0,436,0
5339554521,13117,北区,35.784375,139.6953125,151,27.0,113.0,11.0,4.0,49,0
5339554522,13117,北区,35.784375,139.6984375,1184,313.0,786.0,85.0,78.0,443,0
5339554523,13117,北区,35.78645833333333,139.6953125,513,88.0,380.0,45.0,34.0,237,0
5339554524,13117,北区,35.78645833333333,139.6984375,1135,160.0,782.0,186.0,73.0,541,0
5339554531,13119,板橋区,35.78854166666667,139.6890625,210,50.0,155.0,5.0,8.0,73,0
5339554532,13117,北区,35.78854166666667,139.69218750000002,253,63.0,188.0,2.0,2.0,98,0
5339554533,13119,板橋区,35.790625,139.6890625,915,94.0,663.0,157.0,43.0,452,0
5339554534,13117,北区,35.790625,139.69218750000002,364,26.0,316.0,22.0,20.0,239,0
5339554541,13117,北区,35.78854166666667,139.6953125,1031,186.0,707.0,138.0,56.0,506,0
5339554542,13117,北区,35.78854166666667,139.6984375,1425,143.0,876.0,398.0,82.0,697,0
5339554543,13117,北区,35.790625,139.6953125,931,114.0,678.0,139.0,51.0,532,0
5339554544,13117,北区,35.790625,139.6984375,1135,122.0,706.0,302.0,50.0,522,0
5339554611,13117,北区,35.784375,139.7015625,862,77.0,494.0,268.0,29.0,419,0
5339554612,13117,北区,35.784375,139.7046875,1438,133.0,895.0,409.0,405.0,782,0
5339554613,13117,北区,35.78645833333333,139.7015625,1561,136.0,835.0,589.0,189.0,842,0
5339554614,13117,北区,35.78645833333333,139.7046875,1376,186.0,889.0,298.0,123.0,620,0
5339554621,13117,北区,35.784375,139.7078125,1582,183.0,1029.0,363.0,34.0,760,0
5339554622,13117,北区,35.784375,139.7109375,866,66.0,504.0,287.0,25.0,451,0
5339554623,13117,北区,35.78645833333333,139.7078125,1384,131.0,905.0,342.0,53.0,667,0
5339554624,13117,北区,35.78645833333333,139.7109375,1813,201.0,1237.0,371.0,82.0,817,0
5339554631,13117,北区,35.78854166666667,139.7015625,1468,161.0,1013.0,289.0,99.0,765,0
5339554632,13117,北区,35.78854166666667,139.7046875,1414,170.0,971.0,269.0,86.0,716,0
5339554633,13117,北区,35.790625,139.7015625,1308,218.0,788.0,299.0,105.0,613,0
5339554634,13117,北区,35.790625,139.7046875,621,54.0,334.0,233.0,55.0,321,0
5339554641,13117,北区,35.78854166666667,139.7078125,292,19.0,208.0,67.0,15.0,161,1
5339554642,13117,北区,35.78854166666667,139.7109375,515,28.0,247.0,240.0,27.0,293,0
5339554643,13117,北区,35.790625,139.7078125,7,,,,,6,2
5339554711,13117,北区,35.784375,139.7140625,793,121.0,422.0,248.0,23.0,349,0
5339554712,13117,北区,35.784375,139.71718750000002,717,60.0,513.0,142.0,35.0,353,0
5339554713,13117,北区,35.78645833333333,139.7140625,1315,156.0,837.0,322.0,56.0,646,0
5339554714,13117,北区,35.78645833333333,139.71718750000002,797,76.0,550.0,167.0,23.0,430,0
5339554721,13117,北区,35.784375,139.7203125,1465,184.0,1074.0,201.0,70.0,831,0
5339554722,13117,北区,35.784375,139.72343750000002,1228,88.0,789.0,348.0,21.0,700,0
5339554723,13117,北区,35.78645833333333,139.7203125,1307,117.0,864.0,324.0,55.0,656,0
5339554724,13117,北区,35.78645833333333,139.72343750000002,996,121.0,732.0,139.0,72.0,549,0
5339554731,13117,北区,35.78854166666667,139.7140625,179,14.0,121.0,45.0,12.0,105,1
5339554732,13117,北区,35.78854166666667,139.71718750000002,1,,,,,1,2
5339554811,13117,北区,35.784375,139.7265625,1409,141.0,931.0,336.0,60.0,754,0
5339554812,13117,北区,35.784375,139.7296875,957,83.0,596.0,277.0,60.0,570,0
5339554813,13117,北区,35.78645833333333,139.7265625,261,25.0,169.0,65.0,7.0,134,0
5339554814,13117,北区,35.78645833333333,139.7296875,79,18.0,61.0,0.0,0.0,36,0
5339554821,13117,北区,35.784375,139.7328125,179,13.0,99.0,67.0,6.0,86,0
5339554922,13121,足立区,35.784375,139.74843750000002,449,34.0,286.0,119.0,15.0,201,0
5339555112,13119,板橋区,35.79270833333333,139.6421875,422,45.0,299.0,47.0,16.0,262,1
5339555114,13119,板橋区,35.79479166666666,139.6421875,1,,,,,1,2
5339555121,13119,板橋区,35.79270833333333,139.6453125,25,,,,,25,2
5339555122,13119,板橋区,35.79270833333333,139.6484375,20,0.0,16.0,1.0,0.0,20,0
5339555123,13119,板橋区,35.79479166666666,139.6453125,38,0.0,44.0,15.0,2.0,22,1
5339555124,13119,板橋区,35.79479166666666,139.6484375,47,0.0,24.0,18.0,0.0,31,0
5339555132,13119,板橋区,35.796875,139.6421875,674,77.0,390.0,210.0,40.0,266,1
5339555141,13119,板橋区,35.796875,139.6453125,232,7.0,115.0,100.0,7.0,115,0
5339555142,13119,板橋区,35.796875,139.6484375,170,6.0,109.0,43.0,14.0,114,0
5339555211,13119,板橋区,35.79270833333333,139.6515625,2,,,,,2,2
5339555212,13119,板橋区,35.79270833333333,139.65468750000002,886,86.0,534.0,224.0,27.0,509,0
5339555213,13119,板橋区,35.79479166666666,139.6515625,390,28.0,212.0,130.0,5.0,177,1
5339555221,13119,板橋区,35.79270833333333,139.6578125,1145,87.0,694.0,333.0,27.0,644,0
5339555222,13119,板橋区,35.79270833333333,139.66093750000002,549,46.0,407.0,77.0,27.0,334,0
5339555224,13119,板橋区,35.79479166666666,139.66093750000002,252,8.0,74.0,170.0,6.0,168,0
5339555231,13119,板橋区,35.796875,139.6515625,187,15.0,136.0,33.0,23.0,100,0
5339555241,13119,板橋区,35.796875,139.6578125,1,,,,,1,2
5339555242,13119,板橋区,35.796875,139.66093750000002,248,14.0,101.0,130.0,16.0,146,1
5339555311,13119,板橋区,35.79270833333333,139.6640625,446,14.0,320.0,102.0,13.0,313,0
5339555312,13119,板橋区,35.79270833333333,139.6671875,134,12.0,69.0,51.0,1.0,67,0
5339555313,13119,板橋区,35.79479166666666,139.6640625,2289,229.0,1278.0,776.0,62.0,1041,0
5339555314,13119,板橋区,35.79479166666666,139.6671875,279,27.0,137.0,107.0,1.0,158,0
5339555321,13119,板橋区,35.79270833333333,139.6703125,19,1.0,13.0,6.0,0.0,10,1
5339555322,13119,板橋区,35.79270833333333,139.6734375,4,0.0,4.0,0.0,0.0,4,0
5339555323,13119,板橋区,35.79479166666666,139.6703125,3,,,,,2,2
5339555324,13119,板橋区,35.79479166666666,139.6734375,8,0.0,8.0,0.0,0.0,8,0
5339555331,13119,板橋区,35.796875,139.6640625,882,57.0,361.0,457.0,50.0,511,0
5339555332,13119,板橋区,35.796875,139.6671875,213,31.0,130.0,47.0,10.0,103,0
5339555341,13119,板橋区,35.796875,139.6703125,226,18.0,182.0,19.0,0.0,115,0
5339555342,13119,板橋区,35.796875,139.6734375,143,24.0,118.0,0.0,0.0,62,0
5339555412,13119,板橋区,35.79270833333333,139.67968750000003,305,23.0,116.0,166.0,20.0,88,0
5339555413,13119,板橋区,35.79479166666666,139.67656250000002,9,0.0,8.0,3.0,0.0,7,1
5339555414,13119,板橋区,35.79479166666666,139.67968750000003,109,9.0,58.0,38.0,5.0,56,0
5339555421,13119,板橋区,35.79270833333333,139.6828125,179,23.0,112.0,40.0,7.0,81,0
5339555422,13119,板橋区,35.79270833333333,139.68593750000002,1693,262.0,915.0,503.0,78.0,581,0
5339555423,13119,板橋区,35.79479166666666,139.6828125,283,44.0,170.0,64.0,11.0,135,0
5339555424,13119,板橋区,35.79479166666666,139.68593750000002,901,141.0,620.0,113.0,73.0,445,0
5339555431,13119,板橋区,35.796875,139.67656250000002,3,,,,,3,2
5339555442,13119,板橋区,35.796875,139.68593750000002,130,19.0,94.0,12.0,5.0,49,0
5339555511,13119,板橋区,35.79270833333333,139.6890625,1107,90.0,791.0,211.0,97.0,655,0
5339555512,13119,板橋区,35.79270833333333,139.69218750000002,442,40.0,308.0,90.0,12.0,212,0
5339555513,13119,板橋区,35.79479166666666,139.6890625,1204,145.0,813.0,231.0,61.0,630,0
5339555514,13119,板橋区,35.79479166666666,139.69218750000002,663,58.0,352.0,252.0,57.0,350,0
5339555521,13117,北区,35.79270833333333,139.6953125,1492,233.0,956.0,296.0,57.0,614,0
5339555522,13117,北区,35.79270833333333,139.6984375,1544,249.0,981.0,312.0,106.0,713,0
5339555523,13117,北区,35.79479166666666,139.6953125,424,44.0,273.0,105.0,7.0,195,0
5339555524,13117,北区,35.79479166666666,139.6984375,301,35.0,214.0,52.0,13.0,132,0
5339555531,13119,板橋区,35.796875,139.6890625,772,107.0,493.0,164.0,55.0,332,0
5339555532,13119,板橋区,35.796875,139.69218750000002,432,64.0,312.0,48.0,30.0,209,0
5339555611,13117,北区,35.79270833333333,139.7015625,946,100.0,564.0,277.0,68.0,405,0
5339560011,13118,荒川区,35.751041666666666,139.7515625,977,132.0,665.0,180.0,48.0,450,0
5339560012,13118,荒川区,35.751041666666666,139.75468750000002,995,93.0,538.0,345.0,34.0,531,0
5339560013,13118,荒川区,35.753125,139.7515625,2118,257.0,1446.0,414.0,40.0,848,0
5339560014,13118,荒川区,35.753125,139.75468750000002,1953,195.0,1195.0,558.0,51.0,862,0
5339560021,13118,荒川区,35.751041666666666,139.7578125,1269,106.0,720.0,430.0,52.0,666,0
5339560022,13118,荒川区,35.751041666666666,139.7609375,1821,186.0,1135.0,500.0,47.0,938,0
5339560023,13118,荒川区,35.753125,139.7578125,919,76.0,517.0,318.0,60.0,443,0
5339560024,13118,荒川区,35.753125,139.7609375,1009,131.0,584.0,274.0,33.0,512,0
5339560031,13117,北区,35.755208333333336,139.7515625,23,10.0,9.0,4.0,0.0,9,0
5339560032,13117,北区,35.755208333333336,139.75468750000002,597,70.0,300.0,224.0,21.0,309,0
5339560033,13121,足立区,35.75729166666667,139.7515625,559,8.0,127.0,423.0,9.0,386,0
5339560034,13121,足立区,35.75729166666667,139.75468750000002,736,120.0,391.0,216.0,32.0,341,0
5339560041,13121,足立区,35.755208333333336,139.7578125,864,93.0,619.0,147.0,39.0,344,0
5339560042,13121,足立区,35.755208333333336,139.7609375,257,16.0,127.0,110.0,4.0,130,0
5339560043,13121,足立区,35.75729166666667,139.7578125,1374,180.0,830.0,334.0,45.0,587,0
5339560044,13121,足立区,35.75729166666667,139.7609375,1033,85.0,545.0,358.0,38.0,539,0
5339560111,13118,荒川区,35.751041666666666,139.7640625,869,112.0,541.0,214.0,17.0,437,0
5339560112,13118,荒川区,35.751041666666666,139.7671875,1166,123.0,747.0,278.0,97.0,608,0
5339560113,13118,荒川区,35.753125,139.7640625,340,31.0,152.0,157.0,1.0,119,0
5339560114,13118,荒川区,35.753125,139.7671875,503,50.0,332.0,121.0,20.0,227,0
5339560121,13118,荒川区,35.751041666666666,139.7703125,1320,190.0,896.0,228.0,57.0,651,0
5339560123,13118,荒川区,35.753125,139.7703125,133,13.0,83.0,37.0,1.0,66,0
5339560131,13121,足立区,35.755208333333336,139.7640625,51,2.0,36.0,13.0,0.0,27,0
5339560132,13121,足立区,35.755208333333336,139.7671875,669,158.0,455.0,50.0,71.0,248,0
5339560133,13121,足立区,35.75729166666667,139.7640625,576,39.0,305.0,226.0,20.0,281,0
5339560141,13121,足立区,35.755208333333336,139.7703125,700,110.0,497.0,79.0,79.0,278,0
5339560142,13121,足立区,35.755208333333336,139.7734375,827,90.0,521.0,201.0,121.0,368,0
5339560211,13118,荒川区,35.751041666666666,139.7765625,637,86.0,391.0,160.0,39.0,250,0
5339560212,13118,荒川区,35.751041666666666,139.77968750000002,1359,147.0,790.0,422.0,50.0,704,0
5339560213,13118,荒川区,35.753125,139.7765625,139,15.0,113.0,11.0,3.0,47,0
5339560214,13118,荒川区,35.753125,139.77968750000002,1217,236.0,719.0,262.0,68.0,426,0
5339560221,13118,荒川区,35.751041666666666,139.7828125,1894,179.0,1097.0,606.0,91.0,941,0
5339560222,13118,荒川区,35.751041666666666,139.78593750000002,1713,184.0,1152.0,377.0,108.0,872,0
5339560223,13118,荒川区,35.753125,139.7828125,919,115.0,486.0,315.0,69.0,463,0
5339560224,13118,荒川区,35.753125,139.78593750000002,596,74.0,416.0,102.0,12.0,257,0
5339560231,13121,足立区,35.755208333333336,139.7765625,128,10.0,84.0,28.0,23.0,70,0
5339560241,13121,足立区,35.755208333333336,139.7828125,12,,,,,3,2
5339560242,13121,足立区,35.755208333333336,139.78593750000002,888,22.0,381.0,487.0,35.0,554,1
5339560311,13118,荒川区,35.751041666666666,139.7890625,1168,159.0,712.0,297.0,33.0,497,0
5339560312,13121,足立区,35.751041666666666,139.7921875,762,110.0,550.0,88.0,30.0,329,0
5339560313,13121,足立区,35.753125,139.7890625,311,42.0,211.0,55.0,11.0,125,0
5339560314,13121,足立区,35.753125,139.7921875,909,111.0,585.0,188.0,31.0,399,0
5339560321,13121,足立区,35.751041666666666,139.7953125,1206,97.0,754.0,266.0,34.0,694,0
5339560322,13121,足立区,35.751041666666666,139.7984375,1454,66.0,869.0,375.0,34.0,885,0
5339560323,13121,足立区,35.753125,139.7953125,1562,147.0,891.0,418.0,41.0,895,0
5339560324,13121,足立区,35.753125,139.7984375,1659,137.0,936.0,484.0,46.0,940,0
5339560331,13121,足立区,35.755208333333336,139.7890625,1781,109.0,850.0,763.0,50.0,733,0
5339560332,13121,足立区,35.755208333333336,139.7921875,1542,198.0,814.0,505.0,65.0,685,0
5339560333,13121,足立区,35.75729166666667,139.7890625,14,,,,,5,2
5339560334,13121,足立区,35.75729166666667,139.7921875,657,46.0,261.0,350.0,19.0,395,1
5339560341,13121,足立区,35.755208333333336,139.7953125,1680,207.0,942.0,456.0,66.0,854,0
5339560342,13121,足立区,35.755208333333336,139.7984375,1226,90.0,717.0,336.0,33.0,761,0
5339560343,13121,足立区,35.75729166666667,139.7953125,605,66.0,306.0,221.0,19.0,290,0
5339560344,13121,足立区,35.75729166666667,139.7984375,702,80.0,396.0,199.0,10.0,334,0
5339560411,13121,足立区,35.751041666666666,139.80156250000002,1409,139.0,922.0,263.0,26.0,775,0
5339560412,13121,足立区,35.751041666666666,139.80468750000003,585,47.0,328.0,152.0,9.0,326,0
5339560413,13121,足立区,35.753125,139.80156250000002,1679,104.0,1113.0,374.0,42.0,1026,0
5339560414,13121,足立区,35.753125,139.80468750000003,1174,88.0,713.0,312.0,12.0,634,0
5339560421,13121,足立区,35.751041666666666,139.8078125,1744,131.0,983.0,549.0,136.0,1063,0
5339560422,13121,足立区,35.751041666666666,139.81093750000002,1259,87.0,799.0,303.0,36.0,745,0
5339560423,13121,足立区,35.753125,139.8078125,1783,141.0,1107.0,475.0,132.0,1015,0
5339560424,13121,足立区,35.753125,139.81093750000002,590,97.0,384.0,86.0,13.0,281,0
5339560431,13121,足立区,35.755208333333336,139.80156250000002,2502,275.0,1637.0,488.0,93.0,1316,0
5339560432,13121,足立区,35.755208333333336,139.80468750000003,1246,79.0,807.0,273.0,23.0,785,0
5339560433,13121,足立区,35.75729166666667,139.80156250000002,718,86.0,471.0,134.0,23.0,362,0
5339560434,13121,足立区,35.75729166666667,139.80468750000003,119,13.0,58.0,40.0,2.0,61,0
5339560441,13121,足立区,35.755208333333336,139.8078125,181,16.0,138.0,14.0,2.0,113,1
5339560444,13121,足立区,35.75729166666667,139.81093750000002,8,,,,,3,2
5339560511,13121,足立区,35.751041666666666,139.8140625,17,2.0,12.0,3.0,0.0,11,0
5339560521,13122,葛飾区,35.751041666666666,139.8203125,28,0.0,18.0,14.0,0.0,12,1
5339560522,13122,葛飾区,35.751041666666666,139.8234375,710,76.0,445.0,178.0,12.0,328,0
5339560523,13122,葛飾区,35.753125,139.8203125,4,,,,,1,2
5339560524,13122,葛飾区,35.753125,139.8234375,271,40.0,184.0,43.0,7.0,128,0
5339560531,13122,葛飾区,35.755208333333336,139.8140625,103,4.0,69.0,28.0,4.0,57,0
5339560532,13122,葛飾区,35.755208333333336,139.81718750000002,841,87.0,488.0,247.0,42.0,426,0
5339560533,13122,葛飾区,35.75729166666667,139.8140625,464,21.0,242.0,194.0,2.0,241,0
5339560534,13122,葛飾区,35.75729166666667,139.81718750000002,363,58.0,247.0,56.0,18.0,168,0
5339560541,13122,葛飾区,35.755208333333336,139.8203125,690,56.0,413.0,205.0,16.0,375,0
5339560542,13122,葛飾区,35.755208333333336,139.8234375,663,55.0,379.0,218.0,18.0,349,0
5339560543,13121,足立区,35.75729166666667,139.8203125,1785,328.0,1332.0,100.0,43.0,878,0
5339560544,13121,足立区,35.75729166666667,139.8234375,1142,104.0,793.0,206.0,46.0,562,0
5339560611,13122,葛飾区,35.751041666666666,139.8265625,1149,109.0,773.0,255.0,47.0,588,0
5339560612,13122,葛飾区,35.751041666666666,139.8296875,1025,75.0,626.0,308.0,14.0,543,0
5339560613,13122,葛飾区,35.753125,139.8265625,1466,105.0,1029.0,315.0,82.0,709,0
5339560614,13122,葛飾区,35.753125,139.8296875,1073,83.0,651.0,318.0,44.0,564,0
5339560621,13122,葛飾区,35.751041666666666,139.8328125,1189,144.0,688.0,344.0,29.0,549,0
5339560622,13122,葛飾区,35.751041666666666,139.8359375,1533,220.0,935.0,366.0,104.0,747,0
5339560623,13122,葛飾区,35.753125,139.8328125,964,126.0,584.0,245.0,27.0,422,0
5339560624,13122,葛飾区,35.753125,139.8359375,1182,196.0,713.0,264.0,61.0,514,0
5339560631,13122,葛飾区,35.755208333333336,139.8265625,965,94.0,631.0,227.0,51.0,489,0
5339560632,13122,葛飾区,35.755208333333336,139.8296875,1032,92.0,641.0,290.0,19.0,473,0
5339560633,13122,葛飾区,35.75729166666667,139.8265625,1575,162.0,1167.0,221.0,125.0,879,0
5339560634,13122,葛飾区,35.75729166666667,139.8296875,1044,91.0,688.0,236.0,92.0,586,0
5339560641,13122,葛飾区,35.755208333333336,139.8328125,1280,132.0,789.0,352.0,47.0,559,0
5339560642,13122,葛飾区,35.755208333333336,139.8359375,696,114.0,431.0,145.0,23.0,287,0
5339560643,13122,葛飾区,35.75729166666667,139.8328125,1184,103.0,716.0,357.0,29.0,577,0
5339560644,13122,葛飾区,35.75729166666667,139.8359375,986,169.0,600.0,208.0,37.0,437,0
5339560711,13122,葛飾区,35.751041666666666,139.8390625,1198,122.0,752.0,313.0,69.0,604,0
5339560712,13122,葛飾区,35.751041666666666,139.84218750000002,1146,119.0,736.0,287.0,31.0,562,0
5339560713,13122,葛飾区,35.753125,139.8390625,1020,149.0,636.0,226.0,53.0,472,0
5339560714,13122,葛飾区,35.753125,139.84218750000002,1424,143.0,902.0,363.0,70.0,640,0
5339560721,13122,葛飾区,35.751041666666666,139.8453125,1287,141.0,841.0,300.0,58.0,577,0
5339560722,13122,葛飾区,35.751041666666666,139.84843750000002,1710,238.0,1033.0,433.0,50.0,761,0
5339560723,13122,葛飾区,35.753125,139.8453125,908,135.0,553.0,217.0,49.0,376,0
5339560724,13122,葛飾区,35.753125,139.84843750000002,1075,83.0,675.0,316.0,40.0,531,0
5339560731,13122,葛飾区,35.755208333333336,139.8390625,1057,122.0,603.0,324.0,51.0,481,0
5339560732,13122,葛飾区,35.755208333333336,139.84218750000002,1419,210.0,915.0,283.0,74.0,620,0
5339560733,13122,葛飾区,35.75729166666667,139.8390625,1100,180.0,733.0,175.0,33.0,448,0
5339560734,13122,葛飾区,35.75729166666667,139.84218750000002,762,94.0,493.0,172.0,55.0,324,0
5339560741,13122,葛飾区,35.755208333333336,139.8453125,418,45.0,255.0,118.0,14.0,219,0
5339560742,13122,葛飾区,35.755208333333336,139.84843750000002,1175,158.0,750.0,263.0,35.0,500,0
5339560743,13122,葛飾区,35.75729166666667,139.8453125,1132,113.0,645.0,368.0,49.0,482,0
5339560744,13122,葛飾区,35.75729166666667,139.84843750000002,1590,174.0,909.0,506.0,122.0,681,0
5339560811,13122,葛飾区,35.751041666666666,139.8515625,877,97.0,457.0,318.0,29.0,356,0
5339560812,13122,葛飾区,35.751041666666666,139.8546875,1014,146.0,669.0,198.0,30.0,470,0
5339560813,13122,葛飾区,35.753125,139.8515625,920,99.0,600.0,217.0,41.0,481,0
5339560814,13122,葛飾区,35.753125,139.8546875,1403,146.0,846.0,402.0,25.0,682,0
5339560821,13122,葛飾区,35.751041666666666,139.8578125,764,64.0,479.0,209.0,31.0,384,0
5339560822,13122,葛飾区,35.751041666666666,139.8609375,251,16.0,164.0,70.0,11.0,134,0
5339560823,13122,葛飾区,35.753125,139.8578125,610,107.0,403.0,97.0,10.0,294,0
5339560824,13122,葛飾区,35.753125,139.8609375,685,64.0,441.0,166.0,24.0,334,0
5339560831,13122,葛飾区,35.755208333333336,139.8515625,1149,168.0,743.0,235.0,60.0,546,0
5339560832,13122,葛飾区,35.755208333333336,139.8546875,1579,234.0,1075.0,266.0,38.0,651,0
5339560833,13122,葛飾区,35.75729166666667,139.8515625,850,54.0,548.0,247.0,32.0,431,0
5339560834,13122,葛飾区,35.75729166666667,139.8546875,1115,189.0,719.0,200.0,52.0,504,0
5339560841,13122,葛飾区,35.755208333333336,139.8578125,1687,502.0,951.0,234.0,35.0,513,0
5339560842,13122,葛飾区,35.755208333333336,139.8609375,765,89.0,457.0,207.0,27.0,373,0
5339560843,13122,葛飾区,35.75729166666667,139.8578125,311,20.0,142.0,145.0,12.0,175,0
5339560844,13122,葛飾区,35.75729166666667,139.8609375,1047,136.0,672.0,224.0,13.0,457,0
5339560911,13122,葛飾区,35.751041666666666,139.86406250000002,872,63.0,546.0,256.0,13.0,496,0
5339560912,13122,葛飾区,35.751041666666666,139.86718750000003,1091,66.0,683.0,333.0,26.0,622,0
5339560913,13122,葛飾区,35.753125,139.86406250000002,962,107.0,632.0,214.0,26.0,517,0
5339560914,13122,葛飾区,35.753125,139.86718750000003,1257,75.0,792.0,375.0,32.0,695,0
5339560921,13122,葛飾区,35.751041666666666,139.8703125,809,46.0,555.0,198.0,32.0,466,0
5339560922,13122,葛飾区,35.751041666666666,139.87343750000002,499,42.0,315.0,136.0,2.0,235,0
5339560923,13122,葛飾区,35.753125,139.8703125,1375,132.0,878.0,354.0,27.0,691,0
5339560924,13122,葛飾区,35.753125,139.87343750000002,1097,134.0,687.0,268.0,23.0,512,0
5339560931,13122,葛飾区,35.755208333333336,139.86406250000002,981,152.0,635.0,185.0,20.0,428,0
5339560932,13122,葛飾区,35.755208333333336,139.86718750000003,802,60.0,458.0,272.0,17.0,399,0
5339560933,13122,葛飾区,35.75729166666667,139.86406250000002,657,81.0,399.0,171.0,16.0,310,0
5339560934,13122,葛飾区,35.75729166666667,139.86718750000003,875,127.0,518.0,222.0,21.0,394,0
5339560941,13122,葛飾区,35.755208333333336,139.8703125,1303,110.0,806.0,377.0,37.0,681,0
5339560942,13122,葛飾区,35.755208333333336,139.87343750000002,1121,72.0,669.0,370.0,20.0,596,0
5339560943,13122,葛飾区,35.75729166666667,139.8703125,1028,114.0,601.0,296.0,24.0,500,0
5339560944,13122,葛飾区,35.75729166666667,139.87343750000002,998,98.0,617.0,269.0,24.0,537,0
5339561011,13121,足立区,35.759375,139.7515625,109,13.0,62.0,29.0,0.0,45,0
5339561012,13121,足立区,35.759375,139.75468750000002,877,88.0,478.0,265.0,10.0,446,0
5339561013,13117,北区,35.76145833333333,139.7515625,735,105.0,413.0,216.0,73.0,290,0
5339561014,13121,足立区,35.76145833333333,139.75468750000002,114,14.0,62.0,35.0,0.0,51,0
5339561021,13121,足立区,35.759375,139.7578125,727,88.0,407.0,224.0,10.0,337,0
5339561022,13121,足立区,35.759375,139.7609375,361,38.0,205.0,110.0,16.0,202,0
5339561023,13121,足立区,35.76145833333333,139.7578125,509,49.0,276.0,160.0,5.0,247,0
5339561024,13121,足立区,35.76145833333333,139.7609375,25,8.0,12.0,5.0,0.0,7,0
5339561031,13117,北区,35.76354166666667,139.7515625,598,73.0,368.0,157.0,103.0,290,0
5339561032,13117,北区,35.76354166666667,139.75468750000002,583,29.0,283.0,268.0,67.0,323,0
5339561033,13117,北区,35.765625,139.7515625,3855,219.0,1937.0,1699.0,611.0,2430,0
5339561034,13117,北区,35.765625,139.75468750000002,2596,174.0,1260.0,1161.0,451.0,1423,0
5339561041,13121,足立区,35.76354166666667,139.7578125,322,51.0,181.0,67.0,4.0,158,0
5339561114,13121,足立区,35.76145833333333,139.7671875,428,47.0,277.0,91.0,14.0,215,0
5339561121,13121,足立区,35.759375,139.7703125,22,4.0,11.0,7.0,0.0,9,0
5339561122,13121,足立区,35.759375,139.7734375,213,33.0,141.0,31.0,19.0,107,0
5339561123,13121,足立区,35.76145833333333,139.7703125,867,86.0,571.0,155.0,52.0,488,0
5339561124,13121,足立区,35.76145833333333,139.7734375,1402,267.0,879.0,222.0,193.0,633,0
5339561131,13121,足立区,35.76354166666667,139.7640625,199,29.0,136.0,27.0,24.0,88,0
5339561132,13121,足立区,35.76354166666667,139.7671875,1064,82.0,703.0,253.0,48.0,508,0
5339561133,13121,足立区,35.765625,139.7640625,334,56.0,219.0,42.0,4.0,142,0
5339561134,13121,足立区,35.765625,139.7671875,830,85.0,452.0,283.0,24.0,424,0
5339561141,13121,足立区,35.76354166666667,139.7703125,988,130.0,645.0,150.0,50.0,508,0
5339561142,13121,足立区,35.76354166666667,139.7734375,854,102.0,515.0,212.0,54.0,425,0
5339561143,13121,足立区,35.765625,139.7703125,955,70.0,493.0,369.0,68.0,510,0
5339561144,13121,足立区,35.765625,139.7734375,713,54.0,450.0,194.0,29.0,343,0
5339561211,13121,足立区,35.759375,139.7765625,278,16.0,117.0,134.0,12.0,101,0
5339561212,13121,足立区,35.759375,139.77968750000002,178,5.0,101.0,58.0,5.0,121,0
5339561213,13121,足立区,35.76145833333333,139.7765625,919,145.0,486.0,271.0,39.0,403,0
5339561214,13121,足立区,35.76145833333333,139.77968750000002,786,76.0,455.0,213.0,45.0,380,0
5339561221,13121,足立区,35.759375,139.7828125,86,2.0,36.0,36.0,5.0,55,0
5339561223,13121,足立区,35.76145833333333,139.7828125,1088,129.0,605.0,311.0,15.0,474,0
5339561224,13121,足立区,35.76145833333333,139.78593750000002,578,57.0,340.0,148.0,24.0,277,0
5339561231,13121,足立区,35.76354166666667,139.7765625,1049,161.0,666.0,199.0,53.0,464,0
5339561232,13121,足立区,35.76354166666667,139.77968750000002,667,69.0,423.0,157.0,27.0,288,0
5339561233,13121,足立区,35.765625,139.7765625,1160,124.0,673.0,318.0,82.0,524,0
5339561234,13121,足立区,35.765625,139.77968750000002,958,111.0,558.0,259.0,50.0,415,0
5339561241,13121,足立区,35.76354166666667,139.7828125,811,68.0,459.0,253.0,23.0,413,0
5339561242,13121,足立区,35.76354166666667,139.78593750000002,780,78.0,461.0,210.0,53.0,403,0
5339561243,13121,足立区,35.765625,139.7828125,933,110.0,538.0,259.0,46.0,466,0
5339561244,13121,足立区,35.765625,139.78593750000002,938,95.0,498.0,302.0,48.0,459,0
5339561313,13121,足立区,35.76145833333333,139.7890625,515,55.0,295.0,143.0,44.0,239,0
5339561314,13121,足立区,35.76145833333333,139.7921875,157,10.0,100.0,41.0,6.0,79,0
5339561323,13121,足立区,35.76145833333333,139.7953125,120,13.0,73.0,30.0,3.0,59,0
5339561324,13121,足立区,35.76145833333333,139.7984375,12,0.0,9.0,2.0,0.0,5,0
5339561331,13121,足立区,35.76354166666667,139.7890625,1023,153.0,576.0,252.0,82.0,466,0
5339561332,13121,足立区,35.76354166666667,139.7921875,790,89.0,472.0,201.0,70.0,379,0
5339561333,13121,足立区,35.765625,139.7890625,1278,134.0,729.0,375.0,115.0,611,0
5339561334,13121,足立区,35.765625,139.7921875,1113,99.0,664.0,301.0,41.0,584,0
5339561341,13121,足立区,35.76354166666667,139.7953125,1010,110.0,614.0,248.0,46.0,502,0
5339561342,13121,足立区,35.76354166666667,139.7984375,1052,101.0,564.0,355.0,71.0,516,0
5339561343,13121,足立区,35.765625,139.7953125,976,75.0,542.0,306.0,33.0,504,0
5339561344,13121,足立区,35.765625,139.7984375,1210,101.0,745.0,318.0,37.0,599,0
5339561413,13121,足立区,35.76145833333333,139.80156250000002,131,16.0,75.0,34.0,5.0,68,0
5339561414,13121,足立区,35.76145833333333,139.80468750000003,551,37.0,310.0,184.0,14.0,298,0
5339561421,13121,足立区,35.759375,139.8078125,42,1.0,27.0,14.0,0.0,25,0
5339561422,13121,足立区,35.759375,139.81093750000002,966,73.0,612.0,245.0,31.0,552,0
5339561423,13121,足立区,35.76145833333333,139.8078125,1154,78.0,663.0,384.0,32.0,652,0
5339561424,13121,足立区,35.76145833333333,139.81093750000002,1394,132.0,895.0,345.0,43.0,734,0
5339561431,13121,足立区,35.76354166666667,139.80156250000002,1160,116.0,708.0,295.0,61.0,594,0
5339561432,13121,足立区,35.76354166666667,139.80468750000003,1097,82.0,694.0,247.0,41.0,680,0
5339561433,13121,足立区,35.765625,139.80156250000002,1235,88.0,790.0,293.0,27.0,721,0
5339561434,13121,足立区,35.765625,139.80468750000003,1751,129.0,1142.0,403.0,83.0,1004,0
5339561441,13121,足立区,35.76354166666667,139.8078125,1528,113.0,981.0,362.0,80.0,848,0
5339561442,13121,足立区,35.76354166666667,139.81093750000002,1698,199.0,1162.0,295.0,55.0,771,0
5339561443,13121,足立区,35.765625,139.8078125,1491,153.0,924.0,334.0,26.0,829,0
5339561444,13121,足立区,35.765625,139.81093750000002,1253,107.0,805.0,266.0,43.0,745,0
5339561511,13122,葛飾区,35.759375,139.8140625,1008,158.0,704.0,125.0,48.0,503,0
5339561512,13122,葛飾区,35.759375,139.81718750000002,1957,5.0,1772.0,176.0,239.0,67,0
5339561513,13121,足立区,35.76145833333333,139.8140625,709,56.0,443.0,179.0,14.0,413,0
5339561514,13121,足立区,35.76145833333333,139.81718750000002,1497,141.0,997.0,303.0,96.0,812,0
5339561521,13121,足立区,35.759375,139.8203125,1780,257.0,1295.0,175.0,17.0,1030,0
5339561522,13121,足立区,35.759375,139.8234375,1266,51.0,936.0,215.0,50.0,875,0
5339561523,13121,足立区,35.76145833333333,139.8203125,1267,214.0,780.0,245.0,21.0,585,0
5339561524,13121,足立区,35.76145833333333,139.8234375,1104,105.0,814.0,131.0,57.0,624,0
5339561531,13121,足立区,35.76354166666667,139.8140625,1218,121.0,788.0,248.0,29.0,652,0
5339561532,13121,足立区,35.76354166666667,139.81718750000002,912,78.0,645.0,153.0,24.0,484,0
5339561533,13121,足立区,35.765625,139.8140625,1578,141.0,1053.0,307.0,68.0,835,0
5339561534,13121,足立区,35.765625,139.81718750000002,1285,119.0,806.0,318.0,58.0,679,0
5339561541,13121,足立区,35.76354166666667,139.8203125,879,77.0,609.0,147.0,26.0,515,0
5339561542,13121,足立区,35.76354166666667,139.8234375,1847,160.0,1330.0,227.0,77.0,1153,0
5339561543,13121,足立区,35.765625,139.8203125,671,81.0,411.0,164.0,41.0,349,0
5339561544,13121,足立区,35.765625,139.8234375,1744,112.0,1216.0,265.0,85.0,1132,0
5339561611,13121,足立区,35.759375,139.8265625,1142,71.0,753.0,268.0,66.0,677,0
5339561612,13121,足立区,35.759375,139.8296875,1267,127.0,799.0,284.0,58.0,659,0
5339561613,13121,足立区,35.76145833333333,139.8265625,1408,105.0,999.0,207.0,125.0,901,0
5339561614,13121,足立区,35.76145833333333,139.8296875,1535,103.0,1068.0,289.0,71.0,925,0
5339561621,13122,葛飾区,35.759375,139.8328125,1381,144.0,927.0,308.0,65.0,637,0
5339561622,13122,葛飾区,35.759375,139.8359375,1142,164.0,770.0,205.0,40.0,504,0
5339561623,13122,葛飾区,35.76145833333333,139.8328125,1248,153.0,815.0,277.0,107.0,649,0
5339561624,13122,葛飾区,35.76145833333333,139.8359375,1110,132.0,695.0,268.0,45.0,556,0
5339561631,13121,足立区,35.76354166666667,139.8265625,1301,137.0,913.0,160.0,67.0,758,0
5339561632,13121,足立区,35.76354166666667,139.8296875,1055,145.0,734.0,129.0,85.0,573,0
5339561633,13121,足立区,35.765625,139.8265625,886,82.0,593.0,145.0,56.0,545,0
5339561634,13121,足立区,35.765625,139.8296875,1572,124.0,1116.0,254.0,75.0,880,0
5339561641,13122,葛飾区,35.76354166666667,139.8328125,932,92.0,577.0,231.0,84.0,539,0
5339561642,13121,足立区,35.76354166666667,139.8359375,996,109.0,640.0,221.0,61.0,496,0
5339561643,13121,足立区,35.765625,139.8328125,1654,186.0,1160.0,227.0,77.0,937,0
5339561644,13121,足立区,35.765625,139.8359375,1526,204.0,1021.0,242.0,41.0,760,0
5339561711,13122,葛飾区,35.759375,139.8390625,1266,163.0,651.0,440.0,29.0,598,0
5339561712,13122,葛飾区,35.759375,139.84218750000002,871,128.0,595.0,140.0,20.0,380,0
5339561713,13122,葛飾区,35.76145833333333,139.8390625,1113,136.0,735.0,230.0,26.0,507,0
5339561714,13122,葛飾区,35.76145833333333,139.84218750000002,1266,165.0,676.0,417.0,77.0,637,0
5339561721,13122,葛飾区,35.759375,139.8453125,894,116.0,527.0,251.0,50.0,452,0
5339561722,13122,葛飾区,35.759375,139.84843750000002,1449,150.0,932.0,364.0,31.0,692,0
5339561723,13122,葛飾区,35.76145833333333,139.8453125,870,77.0,599.0,186.0,13.0,443,0
5339561724,13122,葛飾区,35.76145833333333,139.84843750000002,1206,93.0,774.0,328.0,39.0,711,0
5339561731,13122,葛飾区,35.76354166666667,139.8390625,659,73.0,408.0,174.0,27.0,321,0
5339561732,13122,葛飾区,35.76354166666667,139.84218750000002,1377,173.0,949.0,243.0,36.0,663,0
5339561733,13122,葛飾区,35.765625,139.8390625,1183,131.0,773.0,263.0,29.0,541,0
5339561734,13122,葛飾区,35.765625,139.84218750000002,1087,117.0,647.0,303.0,52.0,519,0
5339561741,13122,葛飾区,35.76354166666667,139.8453125,1600,235.0,1085.0,256.0,48.0,799,0
5339561742,13122,葛飾区,35.76354166666667,139.84843750000002,2452,385.0,1633.0,422.0,89.0,1222,0
5339561743,13122,葛飾区,35.765625,139.8453125,537,36.0,346.0,138.0,12.0,325,0
5339561744,13122,葛飾区,35.765625,139.84843750000002,1441,189.0,919.0,322.0,40.0,735,0
5339561811,13122,葛飾区,35.759375,139.8515625,963,106.0,606.0,248.0,40.0,459,0
5339561812,13122,葛飾区,35.759375,139.8546875,602,79.0,322.0,198.0,38.0,257,0
5339561813,13122,葛飾区,35.76145833333333,139.8515625,1462,158.0,959.0,338.0,55.0,716,0
5339561814,13122,葛飾区,35.76145833333333,139.8546875,340,34.0,217.0,88.0,17.0,182,0
5339561821,13122,葛飾区,35.759375,139.8578125,694,105.0,452.0,136.0,6.0,306,0
5339561822,13122,葛飾区,35.759375,139.8609375,1269,204.0,794.0,261.0,30.0,531,0
5339561823,13122,葛飾区,35.76145833333333,139.8578125,840,65.0,465.0,304.0,25.0,373,0
5339561824,13122,葛飾区,35.76145833333333,139.8609375,515,57.0,377.0,76.0,9.0,261,0
5339561831,13122,葛飾区,35.76354166666667,139.8515625,1269,140.0,884.0,237.0,29.0,678,0
5339561832,13122,葛飾区,35.76354166666667,139.8546875,378,28.0,225.0,121.0,13.0,201,0
5339561833,13122,葛飾区,35.765625,139.8515625,858,113.0,586.0,146.0,28.0,413,0
5339561834,13121,足立区,35.765625,139.8546875,2300,370.0,1601.0,303.0,58.0,903,0
5339561841,13122,葛飾区,35.76354166666667,139.8578125,664,53.0,403.0,204.0,12.0,304,0
5339561842,13122,葛飾区,35.76354166666667,139.8609375,1243,254.0,742.0,245.0,41.0,554,0
5339561843,13121,足立区,35.765625,139.8578125,581,57.0,346.0,166.0,7.0,281,0
5339561844,13122,葛飾区,35.765625,139.8609375,733,77.0,379.0,270.0,24.0,358,0
5339561911,13122,葛飾区,35.759375,139.86406250000002,522,75.0,283.0,154.0,10.0,220,0
5339561912,13122,葛飾区,35.759375,139.86718750000003,1180,161.0,746.0,269.0,26.0,483,0
5339561913,13122,葛飾区,35.76145833333333,139.86406250000002,970,62.0,539.0,368.0,22.0,475,0
5339561914,13122,葛飾区,35.76145833333333,139.86718750000003,969,143.0,659.0,167.0,24.0,445,0
5339561921,13122,葛飾区,35.759375,139.8703125,1497,201.0,938.0,343.0,42.0,618,0
5339561922,13122,葛飾区,35.759375,139.87343750000002,1040,128.0,611.0,290.0,23.0,477,0
5339561923,13122,葛飾区,35.76145833333333,139.8703125,1350,204.0,938.0,206.0,20.0,542,0
5339561924,13122,葛飾区,35.76145833333333,139.87343750000002,770,119.0,465.0,184.0,18.0,363,0
5339561931,13122,葛飾区,35.76354166666667,139.86406250000002,678,83.0,424.0,168.0,29.0,322,0
5339561932,13122,葛飾区,35.76354166666667,139.86718750000003,996,83.0,666.0,246.0,29.0,505,0
5339561933,13122,葛飾区,35.765625,139.86406250000002,984,113.0,629.0,226.0,44.0,521,0
5339561934,13122,葛飾区,35.765625,139.86718750000003,1343,116.0,915.0,309.0,82.0,762,0
5339561941,13122,葛飾区,35.76354166666667,139.8703125,1104,120.0,758.0,223.0,55.0,578,0
5339561942,13122,葛飾区,35.76354166666667,139.87343750000002,545,77.0,361.0,105.0,8.0,256,0
5339561943,13122,葛飾区,35.765625,139.8703125,1063,68.0,673.0,315.0,37.0,610,0
5339561944,13122,葛飾区,35.765625,139.87343750000002,1014,78.0,623.0,311.0,48.0,548,0
5339562011,13121,足立区,35.76770833333333,139.7515625,1334,374.0,854.0,102.0,139.0,435,0
5339562012,13117,北区,35.76770833333333,139.75468750000002,428,33.0,215.0,180.0,106.0,256,0
5339562013,13121,足立区,35.76979166666666,139.7515625,979,266.0,637.0,55.0,92.0,341,0
5339562022,13121,足立区,35.76770833333333,139.7609375,24,1.0,15.0,7.0,0.0,11,0
5339562024,13121,足立区,35.76979166666666,139.7609375,238,24.0,129.0,77.0,2.0,116,0
5339562034,13121,足立区,35.77395833333333,139.75468750000002,34,1.0,22.0,10.0,0.0,14,0
5339562041,13121,足立区,35.771875,139.7578125,144,23.0,85.0,35.0,1.0,70,0
5339562042,13121,足立区,35.771875,139.7609375,648,48.0,375.0,204.0,32.0,329,0
5339562043,13121,足立区,35.77395833333333,139.7578125,257,38.0,150.0,63.0,13.0,134,0
5339562044,13121,足立区,35.77395833333333,139.7609375,692,79.0,410.0,181.0,20.0,328,0
5339562111,13121,足立区,35.76770833333333,139.7640625,600,61.0,367.0,157.0,14.0,274,0
5339562112,13121,足立区,35.76770833333333,139.7671875,1125,106.0,586.0,415.0,45.0,576,0
5339562113,13121,足立区,35.76979166666666,139.7640625,832,62.0,467.0,266.0,30.0,431,0
5339562114,13121,足立区,35.76979166666666,139.7671875,856,106.0,466.0,262.0,63.0,426,0
5339562121,13121,足立区,35.76770833333333,139.7703125,791,145.0,466.0,172.0,67.0,345,0
5339562122,13121,足立区,35.76770833333333,139.7734375,947,84.0,563.0,268.0,29.0,452,0
5339562123,13121,足立区,35.76979166666666,139.7703125,492,38.0,345.0,79.0,18.0,240,0
5339562124,13121,足立区,35.76979166666666,139.7734375,925,127.0,542.0,240.0,57.0,435,0
5339562131,13121,足立区,35.771875,139.7640625,1465,137.0,691.0,620.0,169.0,817,0
5339562132,13121,足立区,35.771875,139.7671875,962,106.0,633.0,198.0,43.0,451,0
5339562133,13121,足立区,35.77395833333333,139.7640625,1038,31.0,375.0,621.0,24.0,539,0
5339562134,13121,足立区,35.77395833333333,139.7671875,500,41.0,303.0,137.0,21.0,260,0
5339562141,13121,足立区,35.771875,139.7703125,1259,121.0,753.0,329.0,56.0,643,0
5339562142,13121,足立区,35.771875,139.7734375,700,73.0,433.0,181.0,24.0,303,0
5339562143,13121,足立区,35.77395833333333,139.7703125,1065,89.0,599.0,348.0,22.0,511,0
5339562144,13121,足立区,35.77395833333333,139.7734375,1063,54.0,563.0,435.0,50.0,456,0
5339562211,13121,足立区,35.76770833333333,139.7765625,934,101.0,597.0,225.0,29.0,395,0
5339562212,13121,足立区,35.76770833333333,139.77968750000002,1007,116.0,670.0,204.0,39.0,452,0
5339562213,13121,足立区,35.76979166666666,139.7765625,719,93.0,450.0,154.0,35.0,326,0
5339562214,13121,足立区,35.76979166666666,139.77968750000002,1021,110.0,607.0,277.0,50.0,495,0
5339562221,13121,足立区,35.76770833333333,139.7828125,938,108.0,563.0,241.0,47.0,406,0
5339562222,13121,足立区,35.76770833333333,139.78593750000002,1086,109.0,581.0,345.0,55.0,526,0
5339562223,13121,足立区,35.76979166666666,139.7828125,1048,119.0,561.0,331.0,60.0,517,0
5339562224,13121,足立区,35.76979166666666,139.78593750000002,891,99.0,522.0,232.0,24.0,426,0
5339562231,13121,足立区,35.771875,139.7765625,1255,136.0,701.0,384.0,106.0,654,0
5339562232,13121,足立区,35.771875,139.77968750000002,1119,92.0,643.0,355.0,38.0,608,0
5339562233,13121,足立区,35.77395833333333,139.7765625,920,83.0,549.0,271.0,43.0,454,0
5339562234,13121,足立区,35.77395833333333,139.77968750000002,1414,94.0,743.0,510.0,85.0,649,0
5339562241,13121,足立区,35.771875,139.7828125,1416,142.0,837.0,400.0,63.0,640,0
5339562242,13121,足立区,35.771875,139.78593750000002,1200,113.0,714.0,343.0,47.0,569,0
5339562243,13121,足立区,35.77395833333333,139.7828125,1265,146.0,824.0,249.0,53.0,624,0
5339562244,13121,足立区,35.77395833333333,139.78593750000002,1080,139.0,700.0,211.0,44.0,495,0
5339562311,13121,足立区,35.76770833333333,139.7890625,1032,123.0,594.0,284.0,54.0,495,0
5339562312,13121,足立区,35.76770833333333,139.7921875,1098,87.0,685.0,309.0,41.0,557,0
5339562313,13121,足立区,35.76979166666666,139.7890625,1111,82.0,636.0,343.0,29.0,604,0
5339562314,13121,足立区,35.76979166666666,139.7921875,1029,97.0,636.0,252.0,46.0,535,0
5339562321,13121,足立区,35.76770833333333,139.7953125,1328,106.0,851.0,336.0,50.0,718,0
5339562322,13121,足立区,35.76770833333333,139.7984375,1566,174.0,1039.0,316.0,49.0,741,0
5339562323,13121,足立区,35.76979166666666,139.7953125,1721,288.0,1121.0,258.0,74.0,842,0
5339562324,13121,足立区,35.76979166666666,139.7984375,1918,230.0,1321.0,288.0,71.0,920,0
5339562331,13121,足立区,35.771875,139.7890625,1356,125.0,863.0,305.0,59.0,722,0
5339562332,13121,足立区,35.771875,139.7921875,1294,127.0,731.0,382.0,48.0,650,0
5339562333,13121,足立区,35.77395833333333,139.7890625,2973,549.0,2113.0,199.0,132.0,1369,0
5339562334,13121,足立区,35.77395833333333,139.7921875,1322,147.0,757.0,359.0,34.0,729,0
5339562341,13121,足立区,35.771875,139.7953125,2456,340.0,1400.0,676.0,152.0,1167,0
5339562342,13121,足立区,35.771875,139.7984375,886,77.0,548.0,203.0,30.0,556,0
5339562343,13121,足立区,35.77395833333333,139.7953125,1933,402.0,1243.0,246.0,84.0,844,0
5339562344,13121,足立区,35.77395833333333,139.7984375,1416,142.0,982.0,223.0,55.0,799,0
5339562411,13121,足立区,35.76770833333333,139.80156250000002,1357,172.0,819.0,312.0,100.0,706,0
5339562412,13121,足立区,35.76770833333333,139.80468750000003,1421,107.0,989.0,273.0,35.0,786,0
5339562413,13121,足立区,35.76979166666666,139.80156250000002,1994,174.0,1288.0,476.0,77.0,956,0
5339562414,13121,足立区,35.76979166666666,139.80468750000003,580,60.0,411.0,90.0,10.0,341,0
5339562421,13121,足立区,35.76770833333333,139.8078125,937,58.0,533.0,276.0,29.0,566,0
5339562422,13121,足立区,35.76770833333333,139.81093750000002,1215,88.0,746.0,332.0,55.0,671,0
5339562423,13121,足立区,35.76979166666666,139.8078125,1772,197.0,1174.0,373.0,74.0,837,0
5339562424,13121,足立区,35.76979166666666,139.81093750000002,1193,92.0,732.0,295.0,60.0,735,0
5339562431,13121,足立区,35.771875,139.80156250000002,1274,100.0,794.0,279.0,46.0,780,0
5339562432,13121,足立区,35.771875,139.80468750000003,1226,188.0,750.0,264.0,64.0,572,0
5339562433,13121,足立区,35.77395833333333,139.80156250000002,1033,135.0,684.0,177.0,24.0,529,0
5339562434,13121,足立区,35.77395833333333,139.80468750000003,747,63.0,482.0,171.0,27.0,370,0
5339562441,13121,足立区,35.771875,139.8078125,1593,172.0,959.0,424.0,50.0,776,0
5339562442,13121,足立区,35.771875,139.81093750000002,1476,155.0,896.0,382.0,65.0,707,0
5339562443,13121,足立区,35.77395833333333,139.8078125,966,106.0,524.0,295.0,43.0,503,0
5339562444,13121,足立区,35.77395833333333,139.81093750000002,1113,75.0,535.0,392.0,98.0,670,0
5339562511,13121,足立区,35.76770833333333,139.8140625,1048,132.0,657.0,220.0,69.0,585,0
5339562512,13121,足立区,35.76770833333333,139.81718750000002,1327,112.0,752.0,397.0,40.0,757,0
5339562513,13121,足立区,35.76979166666666,139.8140625,1144,113.0,726.0,232.0,72.0,650,0
5339562514,13121,足立区,35.76979166666666,139.81718750000002,1670,133.0,983.0,499.0,65.0,899,0
5339562521,13121,足立区,35.76770833333333,139.8203125,516,65.0,285.0,154.0,38.0,273,0
5339562522,13121,足立区,35.76770833333333,139.8234375,883,66.0,620.0,145.0,62.0,533,0
5339562523,13121,足立区,35.76979166666666,139.8203125,756,76.0,478.0,179.0,32.0,405,0
5339562524,13121,足立区,35.76979166666666,139.8234375,1095,95.0,743.0,192.0,55.0,584,0
5339562531,13121,足立区,35.771875,139.8140625,949,78.0,622.0,204.0,17.0,568,0
5339562532,13121,足立区,35.771875,139.81718750000002,1152,99.0,745.0,266.0,27.0,619,0
5339562533,13121,足立区,35.77395833333333,139.8140625,1069,99.0,670.0,272.0,17.0,523,0
5339562534,13121,足立区,35.77395833333333,139.81718750000002,1049,85.0,707.0,228.0,48.0,552,0
5339562541,13121,足立区,35.771875,139.8203125,1268,94.0,684.0,479.0,94.0,621,0
5339562542,13121,足立区,35.771875,139.8234375,517,53.0,368.0,91.0,21.0,209,0
5339562543,13121,足立区,35.77395833333333,139.8203125,1136,108.0,701.0,296.0,53.0,564,0
5339562544,13121,足立区,35.77395833333333,139.8234375,687,68.0,422.0,178.0,38.0,340,0
5339562611,13121,足立区,35.76770833333333,139.8265625,1531,121.0,1058.0,278.0,82.0,880,0
5339562612,13121,足立区,35.76770833333333,139.8296875,1775,159.0,1231.0,297.0,74.0,953,0
5339562613,13121,足立区,35.76979166666666,139.8265625,874,37.0,532.0,249.0,64.0,555,0
5339562614,13121,足立区,35.76979166666666,139.8296875,1271,164.0,858.0,207.0,86.0,597,0
5339562621,13121,足立区,35.76770833333333,139.8328125,1392,137.0,799.0,433.0,109.0,765,0
5339562622,13121,足立区,35.76770833333333,139.8359375,1202,144.0,811.0,196.0,69.0,617,0
5339562623,13121,足立区,35.76979166666666,139.8328125,544,68.0,368.0,85.0,23.0,287,0
5339562624,13121,足立区,35.76979166666666,139.8359375,1554,244.0,938.0,318.0,59.0,690,0
5339562631,13121,足立区,35.771875,139.8265625,996,91.0,566.0,298.0,48.0,551,0
5339562632,13121,足立区,35.771875,139.8296875,745,65.0,475.0,161.0,27.0,459,0
5339562633,13121,足立区,35.77395833333333,139.8265625,1150,123.0,768.0,211.0,42.0,587,0
5339562634,13121,足立区,35.77395833333333,139.8296875,1641,252.0,1183.0,154.0,68.0,827,0
5339562641,13121,足立区,35.771875,139.8328125,1307,145.0,791.0,309.0,44.0,687,0
5339562642,13121,足立区,35.771875,139.8359375,1444,204.0,939.0,268.0,72.0,676,0
5339562643,13121,足立区,35.77395833333333,139.8328125,775,63.0,524.0,152.0,36.0,451,0
5339562644,13121,足立区,35.77395833333333,139.8359375,1517,169.0,1011.0,274.0,55.0,753,0
5339562711,13121,足立区,35.76770833333333,139.8390625,1151,122.0,678.0,298.0,21.0,594,0
5339562712,13121,足立区,35.76770833333333,139.84218750000002,1409,89.0,872.0,395.0,41.0,771,0
5339562713,13121,足立区,35.76979166666666,139.8390625,1102,101.0,669.0,287.0,25.0,555,0
5339562714,13121,足立区,35.76979166666666,139.84218750000002,1289,131.0,833.0,247.0,41.0,722,0
5339562721,13122,葛飾区,35.76770833333333,139.8453125,1046,83.0,672.0,276.0,32.0,626,0
5339562722,13122,葛飾区,35.76770833333333,139.84843750000002,1653,243.0,1172.0,225.0,68.0,842,0
5339562723,13121,足立区,35.76979166666666,139.8453125,1204,83.0,691.0,377.0,24.0,733,0
5339562724,13121,足立区,35.76979166666666,139.84843750000002,2628,354.0,1835.0,381.0,102.0,1320,0
5339562731,13121,足立区,35.771875,139.8390625,2502,409.0,1664.0,288.0,68.0,1080,0
5339562732,13121,足立区,35.771875,139.84218750000002,1567,130.0,876.0,501.0,28.0,664,0
5339562733,13121,足立区,35.77395833333333,139.8390625,1247,174.0,806.0,233.0,34.0,578,0
5339562734,13121,足立区,35.77395833333333,139.84218750000002,1684,175.0,1009.0,441.0,87.0,875,0
5339562741,13121,足立区,35.771875,139.8453125,1159,66.0,705.0,364.0,34.0,569,0
5339562742,13121,足立区,35.771875,139.84843750000002,365,48.0,248.0,60.0,23.0,176,0
5339562743,13121,足立区,35.77395833333333,139.8453125,343,33.0,195.0,108.0,6.0,166,0
5339562811,13122,葛飾区,35.76770833333333,139.8515625,1193,85.0,813.0,254.0,49.0,688,0
5339562812,13121,足立区,35.76770833333333,139.8546875,1187,102.0,807.0,240.0,24.0,598,0
5339562813,13121,足立区,35.76979166666666,139.8515625,1341,131.0,846.0,306.0,43.0,710,0
5339562814,13121,足立区,35.76979166666666,139.8546875,1372,137.0,791.0,384.0,42.0,745,0
5339562821,13121,足立区,35.76770833333333,139.8578125,687,53.0,368.0,240.0,36.0,360,0
5339562822,13122,葛飾区,35.76770833333333,139.8609375,879,70.0,596.0,206.0,17.0,458,0
5339562823,13121,足立区,35.76979166666666,139.8578125,247,12.0,136.0,88.0,8.0,151,0
5339562824,13122,葛飾区,35.76979166666666,139.8609375,2273,651.0,1546.0,76.0,487.0,818,0
5339562831,13121,足立区,35.771875,139.8515625,739,66.0,441.0,149.0,19.0,439,0
5339562832,13121,足立区,35.771875,139.8546875,843,65.0,534.0,220.0,26.0,423,0
5339562833,13121,足立区,35.77395833333333,139.8515625,247,25.0,149.0,56.0,7.0,107,0
5339562834,13121,足立区,35.77395833333333,139.8546875,216,30.0,155.0,31.0,7.0,85,0
5339562841,13122,葛飾区,35.771875,139.8578125,1,,,,,1,2
5339562843,13122,葛飾区,35.77395833333333,139.8578125,833,58.0,498.0,275.0,26.0,366,1
5339562844,13122,葛飾区,35.77395833333333,139.8609375,1585,305.0,710.0,570.0,80.0,762,0
5339562911,13122,葛飾区,35.76770833333333,139.86406250000002,1097,92.0,690.0,311.0,41.0,577,0
5339562912,13122,葛飾区,35.76770833333333,139.86718750000003,1099,82.0,734.0,282.0,22.0,585,0
5339562913,13122,葛飾区,35.76979166666666,139.86406250000002,2160,635.0,1253.0,272.0,69.0,643,0
5339562914,13122,葛飾区,35.76979166666666,139.86718750000003,435,82.0,288.0,63.0,8.0,198,0
5339562921,13122,葛飾区,35.76770833333333,139.8703125,1983,263.0,1327.0,391.0,51.0,1019,0
5339562922,13122,葛飾区,35.76770833333333,139.87343750000002,1723,181.0,1062.0,468.0,54.0,911,0
5339562923,13122,葛飾区,35.76979166666666,139.8703125,914,53.0,568.0,291.0,280.0,605,0
5339562924,13122,葛飾区,35.76979166666666,139.87343750000002,1040,107.0,648.0,283.0,25.0,518,0
5339562931,13122,葛飾区,35.771875,139.86406250000002,55,13.0,38.0,4.0,1.0,20,0
5339562932,13122,葛飾区,35.771875,139.86718750000003,1312,135.0,898.0,264.0,63.0,738,0
5339562933,13122,葛飾区,35.77395833333333,139.86406250000002,1608,211.0,1028.0,369.0,42.0,663,0
5339562934,13122,葛飾区,35.77395833333333,139.86718750000003,1090,108.0,543.0,394.0,46.0,532,0
5339562941,13122,葛飾区,35.771875,139.8703125,1765,102.0,1096.0,566.0,304.0,1064,0
5339562942,13122,葛飾区,35.771875,139.87343750000002,1361,120.0,787.0,449.0,126.0,777,0
5339562943,13122,葛飾区,35.77395833333333,139.8703125,912,100.0,552.0,254.0,38.0,461,0
5339562944,13122,葛飾区,35.77395833333333,139.87343750000002,991,89.0,641.0,254.0,33.0,535,0
5339563011,13121,足立区,35.776041666666664,139.7515625,70,0.0,40.0,28.0,0.0,37,0
5339563012,13121,足立区,35.776041666666664,139.75468750000002,202,19.0,122.0,50.0,4.0,101,0
5339563013,13121,足立区,35.778124999999996,139.7515625,362,24.0,204.0,113.0,25.0,189,0
5339563014,13121,足立区,35.778124999999996,139.75468750000002,524,61.0,228.0,218.0,17.0,195,0
5339563021,13121,足立区,35.776041666666664,139.7578125,561,73.0,318.0,156.0,15.0,264,0
5339563022,13121,足立区,35.776041666666664,139.7609375,911,101.0,568.0,211.0,27.0,448,0
5339563023,13121,足立区,35.778124999999996,139.7578125,462,54.0,185.0,218.0,14.0,135,0
5339563024,13121,足立区,35.778124999999996,139.7609375,601,86.0,382.0,129.0,9.0,284,0
5339563031,13121,足立区,35.780208333333334,139.7515625,725,96.0,474.0,142.0,35.0,301,0
5339563032,13121,足立区,35.780208333333334,139.75468750000002,943,139.0,564.0,224.0,46.0,400,0
5339563033,13121,足立区,35.782291666666666,139.7515625,549,58.0,361.0,119.0,27.0,260,0
5339563034,13121,足立区,35.782291666666666,139.75468750000002,386,40.0,228.0,106.0,7.0,167,0
5339563041,13121,足立区,35.780208333333334,139.7578125,980,143.0,591.0,215.0,51.0,436,0
5339563042,13121,足立区,35.780208333333334,139.7609375,977,106.0,607.0,240.0,39.0,440,0
5339563043,13121,足立区,35.782291666666666,139.7578125,741,81.0,443.0,194.0,29.0,339,0
5339563044,13121,足立区,35.782291666666666,139.7609375,860,119.0,553.0,162.0,38.0,374,0
5339563111,13121,足立区,35.776041666666664,139.7640625,897,65.0,442.0,360.0,19.0,504,0
5339563112,13121,足立区,35.776041666666664,139.7671875,508,94.0,319.0,88.0,14.0,207,0
5339563113,13121,足立区,35.778124999999996,139.7640625,439,52.0,292.0,73.0,8.0,221,0
5339563114,13121,足立区,35.778124999999996,139.7671875,375,53.0,263.0,42.0,20.0,202,0
5339563121,13121,足立区,35.776041666666664,139.7703125,1078,89.0,606.0,357.0,33.0,553,0
5339563122,13121,足立区,35.776041666666664,139.7734375,1644,207.0,825.0,558.0,89.0,811,0
5339563123,13121,足立区,35.778124999999996,139.7703125,602,44.0,360.0,182.0,24.0,337,0
5339563124,13121,足立区,35.778124999999996,139.7734375,1197,136.0,811.0,154.0,96.0,671,0
5339563131,13121,足立区,35.780208333333334,139.7640625,693,32.0,311.0,338.0,27.0,404,0
5339563132,13121,足立区,35.780208333333334,139.7671875,822,66.0,469.0,276.0,35.0,430,0
5339563133,13121,足立区,35.782291666666666,139.7640625,735,46.0,406.0,254.0,36.0,400,0
5339563134,13121,足立区,35.782291666666666,139.7671875,895,71.0,494.0,318.0,63.0,490,0
5339563141,13121,足立区,35.780208333333334,139.7703125,773,56.0,531.0,148.0,38.0,437,0
5339563142,13121,足立区,35.780208333333334,139.7734375,1022,99.0,653.0,233.0,44.0,490,0
5339563143,13121,足立区,35.782291666666666,139.7703125,653,32.0,349.0,263.0,35.0,379,0
5339563144,13121,足立区,35.782291666666666,139.7734375,954,55.0,614.0,242.0,41.0,495,0
5339563211,13121,足立区,35.776041666666664,139.7765625,1329,161.0,810.0,290.0,62.0,682,0
5339563212,13121,足立区,35.776041666666664,139.77968750000002,1276,144.0,736.0,349.0,70.0,639,0
5339563213,13121,足立区,35.778124999999996,139.7765625,926,99.0,587.0,187.0,32.0,525,0
5339563214,13121,足立区,35.778124999999996,139.77968750000002,898,55.0,550.0,237.0,159.0,529,0
5339563221,13121,足立区,35.776041666666664,139.7828125,981,94.0,570.0,273.0,40.0,526,0
5339563222,13121,足立区,35.776041666666664,139.78593750000002,1265,166.0,830.0,216.0,10.0,621,0
5339563223,13121,足立区,35.778124999999996,139.7828125,1513,175.0,897.0,367.0,46.0,793,0
5339563224,13121,足立区,35.778124999999996,139.78593750000002,801,78.0,525.0,151.0,34.0,454,0
5339563231,13121,足立区,35.780208333333334,139.7765625,1035,79.0,608.0,318.0,57.0,559,0
5339563232,13121,足立区,35.780208333333334,139.77968750000002,657,50.0,387.0,184.0,17.0,363,0
5339563233,13121,足立区,35.782291666666666,139.7765625,814,41.0,381.0,356.0,15.0,369,0
5339563234,13121,足立区,35.782291666666666,139.77968750000002,1224,104.0,728.0,330.0,66.0,692,0
5339563241,13121,足立区,35.780208333333334,139.7828125,1292,123.0,812.0,300.0,76.0,671,0
5339563242,13121,足立区,35.780208333333334,139.78593750000002,1354,142.0,906.0,248.0,59.0,688,0
5339563243,13121,足立区,35.782291666666666,139.7828125,1438,104.0,855.0,410.0,64.0,713,0
5339563244,13121,足立区,35.782291666666666,139.78593750000002,1045,85.0,684.0,245.0,33.0,520,0
5339563311,13121,足立区,35.776041666666664,139.7890625,1339,274.0,839.0,186.0,30.0,528,0
5339563312,13121,足立区,35.776041666666664,139.7921875,1015,81.0,631.0,227.0,55.0,636,0
5339563313,13121,足立区,35.778124999999996,139.7890625,836,44.0,555.0,173.0,64.0,545,0
5339563314,13121,足立区,35.778124999999996,139.7921875,935,65.0,567.0,221.0,40.0,543,0
5339563321,13121,足立区,35.776041666666664,139.7953125,1152,104.0,734.0,273.0,32.0,619,0
5339563322,13121,足立区,35.776041666666664,139.7984375,1378,131.0,859.0,352.0,38.0,746,0
5339563323,13121,足立区,35.778124999999996,139.7953125,1056,105.0,669.0,213.0,36.0,579,0
5339563324,13121,足立区,35.778124999999996,139.7984375,1162,86.0,753.0,245.0,54.0,659,0
5339563331,13121,足立区,35.780208333333334,139.7890625,1055,109.0,667.0,213.0,39.0,610,0
5339563332,13121,足立区,35.780208333333334,139.7921875,1388,145.0,935.0,251.0,57.0,744,0
5339563333,13121,足立区,35.782291666666666,139.7890625,1157,69.0,728.0,317.0,99.0,677,0
5339563334,13121,足立区,35.782291666666666,139.7921875,1346,224.0,906.0,167.0,50.0,620,0
5339563341,13121,足立区,35.780208333333334,139.7953125,1172,120.0,778.0,204.0,59.0,626,0
5339563342,13121,足立区,35.780208333333334,139.7984375,1066,97.0,675.0,238.0,47.0,574,0
5339563343,13121,足立区,35.782291666666666,139.7953125,637,70.0,396.0,156.0,27.0,326,0
5339563344,13121,足立区,35.782291666666666,139.7984375,695,67.0,439.0,174.0,22.0,350,0
5339563411,13121,足立区,35.776041666666664,139.80156250000002,1186,124.0,755.0,249.0,35.0,616,0
5339563412,13121,足立区,35.776041666666664,139.80468750000003,1111,148.0,699.0,244.0,61.0,486,0
5339563413,13121,足立区,35.778124999999996,139.80156250000002,952,54.0,483.0,390.0,18.0,470,0
5339563414,13121,足立区,35.778124999999996,139.80468750000003,1164,143.0,814.0,185.0,42.0,484,0
5339563421,13121,足立区,35.776041666666664,139.8078125,1537,132.0,859.0,508.0,60.0,689,0
5339563422,13121,足立区,35.776041666666664,139.81093750000002,1236,162.0,809.0,240.0,53.0,489,0
5339563423,13121,足立区,35.778124999999996,139.8078125,997,103.0,533.0,321.0,23.0,529,0
5339563424,13121,足立区,35.778124999999996,139.81093750000002,417,37.0,241.0,130.0,13.0,214,0
5339563431,13121,足立区,35.780208333333334,139.80156250000002,1557,160.0,1025.0,324.0,44.0,757,0
5339563432,13121,足立区,35.780208333333334,139.80468750000003,771,120.0,441.0,191.0,24.0,360,0
5339563433,13121,足立区,35.782291666666666,139.80156250000002,1169,146.0,747.0,245.0,37.0,528,0
5339563434,13121,足立区,35.782291666666666,139.80468750000003,669,76.0,458.0,112.0,13.0,284,0
5339563441,13121,足立区,35.780208333333334,139.8078125,686,82.0,440.0,144.0,19.0,284,0
5339563442,13121,足立区,35.780208333333334,139.81093750000002,974,128.0,642.0,174.0,35.0,441,0
5339563443,13121,足立区,35.782291666666666,139.8078125,649,78.0,393.0,160.0,5.0,282,0
5339563444,13121,足立区,35.782291666666666,139.81093750000002,1588,241.0,1062.0,247.0,49.0,688,0
5339563511,13121,足立区,35.776041666666664,139.8140625,1164,108.0,668.0,342.0,50.0,578,0
5339563512,13121,足立区,35.776041666666664,139.81718750000002,847,61.0,513.0,232.0,27.0,465,0
5339563513,13121,足立区,35.778124999999996,139.8140625,926,129.0,636.0,145.0,30.0,390,0
5339563514,13121,足立区,35.778124999999996,139.81718750000002,675,97.0,474.0,93.0,41.0,316,0
5339563521,13121,足立区,35.776041666666664,139.8203125,1523,230.0,874.0,398.0,58.0,648,0
5339563522,13121,足立区,35.776041666666664,139.8234375,965,90.0,676.0,182.0,32.0,432,0
5339563523,13121,足立区,35.778124999999996,139.8203125,676,56.0,401.0,182.0,39.0,392,0
5339563524,13121,足立区,35.778124999999996,139.8234375,212,29.0,158.0,20.0,9.0,122,0
5339563531,13121,足立区,35.780208333333334,139.8140625,770,121.0,492.0,137.0,22.0,336,0
5339563532,13121,足立区,35.780208333333334,139.81718750000002,330,36.0,193.0,96.0,7.0,131,0
5339563533,13121,足立区,35.782291666666666,139.8140625,1000,127.0,643.0,206.0,29.0,460,0
5339563534,13121,足立区,35.782291666666666,139.81718750000002,475,69.0,327.0,77.0,5.0,183,0
5339563541,13121,足立区,35.780208333333334,139.8203125,346,39.0,226.0,65.0,6.0,174,0
5339563542,13121,足立区,35.780208333333334,139.8234375,708,107.0,481.0,99.0,15.0,337,0
5339563543,13121,足立区,35.782291666666666,139.8203125,575,68.0,382.0,97.0,17.0,311,0
5339563544,13121,足立区,35.782291666666666,139.8234375,609,77.0,416.0,81.0,8.0,306,0
5339563611,13121,足立区,35.776041666666664,139.8265625,1028,102.0,657.0,241.0,38.0,518,0
5339563612,13121,足立区,35.776041666666664,139.8296875,940,59.0,667.0,175.0,33.0,575,0
5339563613,13121,足立区,35.778124999999996,139.8265625,421,31.0,305.0,58.0,30.0,259,0
5339563614,13121,足立区,35.778124999999996,139.8296875,1204,101.0,804.0,228.0,49.0,692,0
5339563621,13121,足立区,35.776041666666664,139.8328125,801,93.0,560.0,123.0,25.0,434,0
5339563622,13121,足立区,35.776041666666664,139.8359375,1412,142.0,965.0,259.0,68.0,751,0
5339563623,13121,足立区,35.778124999999996,139.8328125,754,73.0,530.0,146.0,26.0,396,0
5339563624,13121,足立区,35.778124999999996,139.8359375,949,91.0,703.0,146.0,29.0,522,0
5339563631,13121,足立区,35.780208333333334,139.8265625,852,44.0,630.0,123.0,34.0,584,0
5339563632,13121,足立区,35.780208333333334,139.8296875,882,77.0,631.0,152.0,57.0,442,0
5339563633,13121,足立区,35.782291666666666,139.8265625,855,184.0,542.0,96.0,44.0,389,0
5339563634,13121,足立区,35.782291666666666,139.8296875,890,78.0,612.0,151.0,24.0,496,0
5339563641,13121,足立区,35.780208333333334,139.8328125,890,101.0,663.0,106.0,45.0,478,0
5339563642,13121,足立区,35.780208333333334,139.8359375,973,78.0,687.0,180.0,49.0,522,0
5339563643,13121,足立区,35.782291666666666,139.8328125,893,96.0,660.0,119.0,40.0,432,0
5339563644,13121,足立区,35.782291666666666,139.8359375,1465,136.0,1019.0,248.0,67.0,785,0
5339563711,13121,足立区,35.776041666666664,139.8390625,1716,155.0,1100.0,402.0,85.0,851,0
5339563712,13121,足立区,35.776041666666664,139.84218750000002,2002,198.0,1193.0,505.0,117.0,1094,0
5339563713,13121,足立区,35.778124999999996,139.8390625,909,73.0,639.0,165.0,26.0,460,0
5339563714,13121,足立区,35.778124999999996,139.84218750000002,1445,186.0,889.0,341.0,78.0,704,0
5339563721,13121,足立区,35.776041666666664,139.8453125,360,54.0,204.0,100.0,39.0,174,0
5339563722,13121,足立区,35.776041666666664,139.84843750000002,39,16.0,22.0,1.0,0.0,10,0
5339563723,13121,足立区,35.778124999999996,139.8453125,1507,155.0,820.0,497.0,180.0,792,0
5339563724,13121,足立区,35.778124999999996,139.84843750000002,828,83.0,452.0,279.0,24.0,416,0
5339563731,13121,足立区,35.780208333333334,139.8390625,1190,129.0,774.0,232.0,39.0,604,0
5339563732,13121,足立区,35.780208333333334,139.84218750000002,1603,141.0,916.0,506.0,97.0,814,0
5339563733,13121,足立区,35.782291666666666,139.8390625,1273,144.0,844.0,228.0,38.0,701,0
5339563734,13121,足立区,35.782291666666666,139.84218750000002,983,93.0,630.0,235.0,36.0,469,0
5339563741,13121,足立区,35.780208333333334,139.8453125,1247,95.0,699.0,429.0,84.0,629,0
5339563742,13121,足立区,35.780208333333334,139.84843750000002,515,43.0,281.0,184.0,20.0,246,0
5339563743,13121,足立区,35.782291666666666,139.8453125,862,88.0,448.0,307.0,14.0,391,0
5339563744,13122,葛飾区,35.782291666666666,139.84843750000002,285,26.0,176.0,80.0,4.0,117,0
5339563811,13121,足立区,35.776041666666664,139.8515625,587,76.0,368.0,109.0,11.0,305,0
5339563812,13122,葛飾区,35.776041666666664,139.8546875,353,56.0,212.0,85.0,10.0,144,0
5339563813,13122,葛飾区,35.778124999999996,139.8515625,225,17.0,154.0,51.0,0.0,115,0
5339563814,13122,葛飾区,35.778124999999996,139.8546875,849,88.0,502.0,256.0,13.0,339,0
5339563821,13122,葛飾区,35.776041666666664,139.8578125,631,84.0,384.0,160.0,24.0,272,0
5339563822,13122,葛飾区,35.776041666666664,139.8609375,1201,114.0,651.0,431.0,57.0,608,0
5339563823,13122,葛飾区,35.778124999999996,139.8578125,1164,113.0,705.0,334.0,23.0,503,0
5339563824,13122,葛飾区,35.778124999999996,139.8609375,1051,91.0,638.0,314.0,20.0,488,0
5339563831,13122,葛飾区,35.780208333333334,139.8515625,481,65.0,272.0,142.0,19.0,184,0
5339563832,13122,葛飾区,35.780208333333334,139.8546875,403,37.0,253.0,107.0,4.0,158,0
5339563833,13122,葛飾区,35.782291666666666,139.8515625,653,65.0,413.0,162.0,15.0,290,0
5339563834,13122,葛飾区,35.782291666666666,139.8546875,856,124.0,517.0,207.0,14.0,323,0
5339563841,13122,葛飾区,35.780208333333334,139.8578125,279,39.0,167.0,71.0,5.0,111,0
5339563842,13122,葛飾区,35.780208333333334,139.8609375,829,93.0,497.0,232.0,11.0,376,0
5339563843,13122,葛飾区,35.782291666666666,139.8578125,315,19.0,220.0,76.0,10.0,143,0
5339563844,13122,葛飾区,35.782291666666666,139.8609375,785,93.0,529.0,161.0,4.0,319,0
5339563911,13122,葛飾区,35.776041666666664,139.86406250000002,2019,322.0,1251.0,440.0,60.0,823,0
5339563912,13122,葛飾区,35.776041666666664,139.86718750000003,1882,210.0,1028.0,617.0,164.0,937,0
5339563913,13122,葛飾区,35.778124999999996,139.86406250000002,667,74.0,386.0,198.0,14.0,304,0
5339563914,13122,葛飾区,35.778124999999996,139.86718750000003,807,65.0,478.0,258.0,15.0,357,0
5339563921,13122,葛飾区,35.776041666666664,139.8703125,976,82.0,611.0,277.0,26.0,479,0
5339563922,13122,葛飾区,35.776041666666664,139.87343750000002,1110,159.0,698.0,250.0,34.0,519,0
5339563923,13122,葛飾区,35.778124999999996,139.8703125,891,109.0,576.0,202.0,10.0,394,0
5339563924,13122,葛飾区,35.778124999999996,139.87343750000002,850,120.0,546.0,181.0,19.0,380,0
5339563931,13122,葛飾区,35.780208333333334,139.86406250000002,1022,158.0,612.0,246.0,9.0,437,0
5339563932,13122,葛飾区,35.780208333333334,139.86718750000003,626,71.0,386.0,166.0,10.0,291,0
5339563933,13122,葛飾区,35.782291666666666,139.86406250000002,906,154.0,469.0,279.0,15.0,314,0
5339563934,13122,葛飾区,35.782291666666666,139.86718750000003,522,50.0,315.0,149.0,11.0,239,0
5339563941,13122,葛飾区,35.780208333333334,139.8703125,346,64.0,217.0,63.0,2.0,136,0
5339563942,13122,葛飾区,35.780208333333334,139.87343750000002,212,24.0,142.0,43.0,4.0,115,0
5339563943,13122,葛飾区,35.782291666666666,139.8703125,88,13.0,49.0,26.0,0.0,34,0
5339564011,13121,足立区,35.784375,139.7515625,406,60.0,243.0,93.0,16.0,168,0
5339564012,13121,足立区,35.784375,139.75468750000002,429,50.0,284.0,87.0,8.0,178,0
5339564014,13121,足立区,35.78645833333333,139.75468750000002,979,38.0,349.0,577.0,59.0,583,0
5339564021,13121,足立区,35.784375,139.7578125,841,58.0,400.0,368.0,36.0,488,0
5339564022,13121,足立区,35.784375,139.7609375,777,80.0,493.0,186.0,18.0,323,0
5339564023,13121,足立区,35.78645833333333,139.7578125,855,106.0,522.0,200.0,14.0,385,0
5339564024,13121,足立区,35.78645833333333,139.7609375,974,120.0,621.0,211.0,50.0,401,0
5339564041,13121,足立区,35.78854166666667,139.7578125,835,111.0,488.0,212.0,53.0,354,0
5339564042,13121,足立区,35.78854166666667,139.7609375,669,81.0,428.0,143.0,28.0,289,0
5339564043,13121,足立区,35.790625,139.7578125,601,86.0,393.0,105.0,13.0,262,0
5339564044,13121,足立区,35.790625,139.7609375,736,94.0,462.0,161.0,26.0,322,0
5339564111,13121,足立区,35.784375,139.7640625,1100,109.0,692.0,270.0,74.0,469,0
5339564112,13121,足立区,35.784375,139.7671875,871,103.0,604.0,137.0,30.0,431,0
5339564113,13121,足立区,35.78645833333333,139.7640625,1162,142.0,789.0,213.0,57.0,526,0
5339564114,13121,足立区,35.78645833333333,139.7671875,661,89.0,414.0,149.0,20.0,276,0
5339564121,13121,足立区,35.784375,139.7703125,634,80.0,418.0,121.0,23.0,279,0
5339564122,13121,足立区,35.784375,139.7734375,792,105.0,443.0,196.0,18.0,334,0
5339564123,13121,足立区,35.78645833333333,139.7703125,1277,147.0,905.0,194.0,50.0,604,0
5339564124,13121,足立区,35.78645833333333,139.7734375,760,75.0,506.0,142.0,59.0,364,0
5339564131,13121,足立区,35.78854166666667,139.7640625,683,43.0,470.0,144.0,46.0,385,0
5339564132,13121,足立区,35.78854166666667,139.7671875,878,84.0,460.0,304.0,53.0,490,0
5339564133,13121,足立区,35.790625,139.7640625,761,99.0,513.0,132.0,37.0,321,0
5339564134,13121,足立区,35.790625,139.7671875,1021,74.0,540.0,369.0,59.0,552,0
5339564141,13121,足立区,35.78854166666667,139.7703125,930,85.0,561.0,235.0,27.0,508,0
5339564142,13121,足立区,35.78854166666667,139.7734375,1057,111.0,654.0,252.0,25.0,496,0
5339564143,13121,足立区,35.790625,139.7703125,787,70.0,458.0,153.0,16.0,421,0
5339564144,13121,足立区,35.790625,139.7734375,826,133.0,470.0,182.0,58.0,366,0
5339564211,13121,足立区,35.784375,139.7765625,791,114.0,474.0,177.0,27.0,379,0
5339564212,13121,足立区,35.784375,139.77968750000002,1262,75.0,752.0,399.0,50.0,556,0
5339564213,13121,足立区,35.78645833333333,139.7765625,699,62.0,403.0,214.0,28.0,274,0
5339564214,13121,足立区,35.78645833333333,139.77968750000002,1780,287.0,1082.0,364.0,56.0,738,0
5339564221,13121,足立区,35.784375,139.7828125,949,106.0,553.0,238.0,24.0,473,0
5339564222,13121,足立区,35.784375,139.78593750000002,804,83.0,542.0,135.0,33.0,427,0
5339564223,13121,足立区,35.78645833333333,139.7828125,1026,135.0,617.0,245.0,60.0,458,0
5339564224,13121,足立区,35.78645833333333,139.78593750000002,1481,173.0,1038.0,249.0,48.0,574,0
5339564231,13121,足立区,35.78854166666667,139.7765625,448,58.0,276.0,105.0,19.0,195,0
5339564232,13121,足立区,35.78854166666667,139.77968750000002,1571,295.0,919.0,343.0,199.0,702,0
5339564233,13121,足立区,35.790625,139.7765625,865,114.0,557.0,172.0,39.0,383,0
5339564234,13121,足立区,35.790625,139.77968750000002,601,68.0,404.0,108.0,9.0,272,0
5339564241,13121,足立区,35.78854166666667,139.7828125,1432,134.0,723.0,522.0,68.0,685,0
5339564242,13121,足立区,35.78854166666667,139.78593750000002,1004,94.0,526.0,363.0,13.0,472,0
5339564243,13121,足立区,35.790625,139.7828125,1080,134.0,694.0,220.0,36.0,482,0
5339564244,13121,足立区,35.790625,139.78593750000002,835,92.0,501.0,194.0,42.0,458,0
5339564311,13121,足立区,35.784375,139.7890625,1298,118.0,778.0,365.0,102.0,685,0
5339564312,13121,足立区,35.784375,139.7921875,1266,102.0,766.0,370.0,28.0,586,0
5339564313,13121,足立区,35.78645833333333,139.7890625,932,79.0,581.0,221.0,42.0,515,0
5339564314,13121,足立区,35.78645833333333,139.7921875,1056,134.0,688.0,193.0,41.0,508,0
5339564321,13121,足立区,35.784375,139.7953125,969,68.0,590.0,291.0,32.0,466,0
5339564322,13121,足立区,35.784375,139.7984375,1170,157.0,753.0,236.0,24.0,490,0
5339564323,13121,足立区,35.78645833333333,139.7953125,1095,139.0,665.0,246.0,44.0,512,0
5339564324,13121,足立区,35.78645833333333,139.7984375,1108,157.0,689.0,241.0,40.0,485,0
5339564331,13121,足立区,35.78854166666667,139.7890625,754,51.0,413.0,277.0,139.0,436,0
5339564332,13121,足立区,35.78854166666667,139.7921875,880,85.0,519.0,237.0,77.0,442,0
5339564333,13121,足立区,35.790625,139.7890625,807,55.0,436.0,296.0,92.0,448,0
5339564334,13121,足立区,35.790625,139.7921875,984,70.0,664.0,183.0,71.0,593,0
5339564341,13121,足立区,35.78854166666667,139.7953125,1006,101.0,584.0,291.0,36.0,446,0
5339564342,13121,足立区,35.78854166666667,139.7984375,834,63.0,448.0,298.0,30.0,473,0
5339564343,13121,足立区,35.790625,139.7953125,1186,113.0,807.0,209.0,91.0,642,0
5339564344,13121,足立区,35.790625,139.7984375,948,68.0,568.0,275.0,54.0,466,0
5339564411,13121,足立区,35.784375,139.80156250000002,1305,143.0,699.0,441.0,53.0,541,0
5339564412,13121,足立区,35.784375,139.80468750000003,490,72.0,226.0,184.0,15.0,219,0
5339564413,13121,足立区,35.78645833333333,139.80156250000002,889,76.0,544.0,231.0,73.0,440,0
5339564414,13121,足立区,35.78645833333333,139.80468750000003,520,55.0,272.0,183.0,7.0,268,0
5339564421,13121,足立区,35.784375,139.8078125,960,118.0,508.0,315.0,40.0,444,0
5339564422,13121,足立区,35.784375,139.81093750000002,711,44.0,385.0,267.0,14.0,393,0
5339564423,13121,足立区,35.78645833333333,139.8078125,1197,220.0,579.0,391.0,58.0,509,0
5339564424,13121,足立区,35.78645833333333,139.81093750000002,978,109.0,528.0,276.0,42.0,468,0
5339564431,13121,足立区,35.78854166666667,139.80156250000002,1130,114.0,775.0,221.0,51.0,504,0
5339564432,13121,足立区,35.78854166666667,139.80468750000003,804,113.0,475.0,196.0,35.0,351,0
5339564433,13121,足立区,35.790625,139.80156250000002,1187,57.0,631.0,472.0,124.0,677,0
5339564434,13121,足立区,35.790625,139.80468750000003,1031,90.0,709.0,199.0,30.0,469,0
5339564441,13121,足立区,35.78854166666667,139.8078125,1075,238.0,650.0,169.0,91.0,374,0
5339564442,13121,足立区,35.78854166666667,139.81093750000002,1132,130.0,720.0,257.0,68.0,498,0
5339564443,13121,足立区,35.790625,139.8078125,920,80.0,471.0,348.0,31.0,480,0
5339564444,13121,足立区,35.790625,139.81093750000002,1032,87.0,480.0,427.0,41.0,523,0
5339564511,13121,足立区,35.784375,139.8140625,1251,196.0,626.0,410.0,30.0,584,0
5339564512,13121,足立区,35.784375,139.81718750000002,523,77.0,323.0,87.0,7.0,268,0
5339564513,13121,足立区,35.78645833333333,139.8140625,1182,165.0,690.0,275.0,28.0,550,0
5339564514,13121,足立区,35.78645833333333,139.81718750000002,821,115.0,513.0,172.0,12.0,374,0
5339564521,13121,足立区,35.784375,139.8203125,872,122.0,620.0,84.0,20.0,484,0
5339564522,13121,足立区,35.784375,139.8234375,804,78.0,578.0,84.0,10.0,479,0
5339564523,13121,足立区,35.78645833333333,139.8203125,745,66.0,511.0,120.0,14.0,435,0
5339564524,13121,足立区,35.78645833333333,139.8234375,723,71.0,482.0,125.0,6.0,406,0
5339564531,13121,足立区,35.78854166666667,139.8140625,1365,185.0,854.0,281.0,60.0,657,0
5339564532,13121,足立区,35.78854166666667,139.81718750000002,1019,140.0,633.0,230.0,50.0,476,0
5339564533,13121,足立区,35.790625,139.8140625,722,27.0,232.0,457.0,20.0,467,0
5339564534,13121,足立区,35.790625,139.81718750000002,813,144.0,503.0,149.0,11.0,303,0
5339564541,13121,足立区,35.78854166666667,139.8203125,1130,138.0,651.0,310.0,30.0,496,0
5339564542,13121,足立区,35.78854166666667,139.8234375,1059,162.0,618.0,243.0,43.0,488,0
5339564543,13121,足立区,35.790625,139.8203125,1131,153.0,677.0,266.0,23.0,533,0
5339564544,13121,足立区,35.790625,139.8234375,954,95.0,600.0,217.0,33.0,492,0
5339564611,13121,足立区,35.784375,139.8265625,642,82.0,413.0,109.0,28.0,295,0
5339564612,13121,足立区,35.784375,139.8296875,935,125.0,596.0,178.0,42.0,490,0
5339564613,13121,足立区,35.78645833333333,139.8265625,255,28.0,157.0,67.0,5.0,113,0
5339564614,13121,足立区,35.78645833333333,139.8296875,1000,120.0,600.0,266.0,11.0,417,0
5339564621,13121,足立区,35.784375,139.8328125,517,29.0,234.0,243.0,30.0,293,0
5339564622,13121,足立区,35.784375,139.8359375,1255,85.0,707.0,442.0,52.0,662,0
5339564623,13121,足立区,35.78645833333333,139.8328125,733,93.0,445.0,177.0,11.0,330,0
5339564624,13121,足立区,35.78645833333333,139.8359375,1130,105.0,673.0,313.0,63.0,577,0
5339564631,13121,足立区,35.78854166666667,139.8265625,682,73.0,384.0,210.0,20.0,302,0
5339564632,13121,足立区,35.78854166666667,139.8296875,932,99.0,560.0,235.0,27.0,419,0
5339564633,13121,足立区,35.790625,139.8265625,764,103.0,468.0,173.0,5.0,351,0
5339564634,13121,足立区,35.790625,139.8296875,394,48.0,223.0,112.0,2.0,168,0
5339564641,13121,足立区,35.78854166666667,139.8328125,815,90.0,469.0,242.0,25.0,353,0
5339564642,13121,足立区,35.78854166666667,139.8359375,820,94.0,490.0,220.0,45.0,355,0
5339564643,13121,足立区,35.790625,139.8328125,570,60.0,353.0,153.0,16.0,257,0
5339564644,13121,足立区,35.790625,139.8359375,924,98.0,474.0,329.0,30.0,454,0
5339564711,13121,足立区,35.784375,139.8390625,1328,141.0,848.0,305.0,42.0,631,0
5339564712,13121,足立区,35.784375,139.84218750000002,1096,148.0,648.0,282.0,30.0,431,0
5339564713,13121,足立区,35.78645833333333,139.8390625,1168,145.0,707.0,260.0,31.0,591,0
5339564714,13121,足立区,35.78645833333333,139.84218750000002,745,100.0,472.0,154.0,35.0,342,0
5339564721,13121,足立区,35.784375,139.8453125,805,77.0,521.0,191.0,19.0,347,0
5339564722,13122,葛飾区,35.784375,139.84843750000002,406,32.0,186.0,184.0,0.0,133,0
5339564723,13121,足立区,35.78645833333333,139.8453125,319,59.0,196.0,57.0,29.0,136,0
5339564724,13122,葛飾区,35.78645833333333,139.84843750000002,823,104.0,528.0,189.0,15.0,337,0
5339564731,13121,足立区,35.78854166666667,139.8390625,862,115.0,544.0,172.0,33.0,445,0
5339564732,13121,足立区,35.78854166666667,139.84218750000002,673,94.0,378.0,187.0,10.0,237,0
5339564733,13121,足立区,35.790625,139.8390625,1236,87.0,527.0,611.0,67.0,705,0
5339564734,13121,足立区,35.790625,139.84218750000002,509,108.0,286.0,99.0,14.0,197,0
5339564741,13122,葛飾区,35.78854166666667,139.8453125,207,28.0,145.0,31.0,0.0,80,0
5339564742,13122,葛飾区,35.78854166666667,139.84843750000002,591,77.0,308.0,203.0,5.0,236,0
5339564743,13122,葛飾区,35.790625,139.8453125,365,66.0,241.0,57.0,4.0,135,0
5339564744,13122,葛飾区,35.790625,139.84843750000002,520,65.0,339.0,115.0,17.0,207,0
5339564811,13122,葛飾区,35.784375,139.8515625,834,96.0,490.0,243.0,15.0,343,0
5339564812,13122,葛飾区,35.784375,139.8546875,1196,154.0,754.0,285.0,45.0,493,0
5339564813,13122,葛飾区,35.78645833333333,139.8515625,995,151.0,609.0,230.0,27.0,359,0
5339564814,13122,葛飾区,35.78645833333333,139.8546875,1071,133.0,595.0,342.0,27.0,480,0
5339564821,13122,葛飾区,35.784375,139.8578125,947,110.0,576.0,253.0,23.0,401,0
5339564822,13122,葛飾区,35.784375,139.8609375,1184,157.0,708.0,303.0,18.0,440,0
5339564823,13122,葛飾区,35.78645833333333,139.8578125,912,123.0,572.0,211.0,17.0,381,0
5339564824,13122,葛飾区,35.78645833333333,139.8609375,1035,141.0,648.0,241.0,11.0,407,0
5339564831,13122,葛飾区,35.78854166666667,139.8515625,764,98.0,495.0,167.0,18.0,331,0
5339564832,13122,葛飾区,35.78854166666667,139.8546875,858,100.0,558.0,193.0,21.0,347,0
5339564833,13122,葛飾区,35.790625,139.8515625,619,58.0,377.0,183.0,13.0,246,0
5339564834,13122,葛飾区,35.790625,139.8546875,386,33.0,211.0,137.0,5.0,110,0
5339564841,13122,葛飾区,35.78854166666667,139.8578125,797,104.0,503.0,185.0,12.0,316,0
5339564842,13122,葛飾区,35.78854166666667,139.8609375,922,135.0,578.0,204.0,10.0,397,0
5339564843,13122,葛飾区,35.790625,139.8578125,376,51.0,226.0,98.0,3.0,163,0
5339564844,13122,葛飾区,35.790625,139.8609375,677,77.0,425.0,170.0,18.0,271,0
5339564911,13122,葛飾区,35.784375,139.86406250000002,924,120.0,543.0,259.0,23.0,391,0
5339564912,13122,葛飾区,35.784375,139.86718750000003,619,55.0,391.0,165.0,4.0,266,0
5339564913,13122,葛飾区,35.78645833333333,139.86406250000002,852,173.0,535.0,138.0,15.0,321,0
5339564914,13122,葛飾区,35.78645833333333,139.86718750000003,348,49.0,220.0,78.0,5.0,126,0
5339564921,13122,葛飾区,35.784375,139.8703125,66,6.0,33.0,27.0,0.0,25,0
5339564931,13122,葛飾区,35.78854166666667,139.86406250000002,673,121.0,389.0,156.0,25.0,258,0
5339564932,13122,葛飾区,35.78854166666667,139.86718750000003,460,73.0,287.0,99.0,12.0,178,0
5339564933,13122,葛飾区,35.790625,139.86406250000002,890,134.0,600.0,153.0,31.0,336,0
5339564934,13122,葛飾区,35.790625,139.86718750000003,376,50.0,242.0,79.0,9.0,146,0
5339565022,13121,足立区,35.79270833333333,139.7609375,712,95.0,456.0,138.0,36.0,295,0
5339565024,13121,足立区,35.79479166666666,139.7609375,927,85.0,494.0,345.0,48.0,440,0
5339565042,13121,足立区,35.796875,139.7609375,108,10.0,61.0,33.0,7.0,47,0
5339565044,13121,足立区,35.79895833333333,139.7609375,192,21.0,124.0,38.0,11.0,106,0
5339565111,13121,足立区,35.79270833333333,139.7640625,853,90.0,554.0,173.0,28.0,429,0
5339565112,13121,足立区,35.79270833333333,139.7671875,559,58.0,358.0,128.0,49.0,269,0
5339565113,13121,足立区,35.79479166666666,139.7640625,385,59.0,232.0,86.0,11.0,162,0
5339565114,13121,足立区,35.79479166666666,139.7671875,287,35.0,181.0,61.0,4.0,119,0
5339565121,13121,足立区,35.79270833333333,139.7703125,574,126.0,385.0,50.0,41.0,219,1
5339565122,13121,足立区,35.79270833333333,139.7734375,464,71.0,262.0,113.0,3.0,192,0
5339565123,13121,足立区,35.79479166666666,139.7703125,2,,,,,1,2
5339565124,13121,足立区,35.79479166666666,139.7734375,88,19.0,56.0,12.0,0.0,25,0
5339565131,13121,足立区,35.796875,139.7640625,51,8.0,31.0,11.0,4.0,23,0
5339565133,13121,足立区,35.79895833333333,139.7640625,14,5.0,7.0,2.0,1.0,5,0
5339565134,13121,足立区,35.79895833333333,139.7671875,34,0.0,27.0,2.0,0.0,34,0
5339565211,13121,足立区,35.79270833333333,139.7765625,973,125.0,567.0,251.0,41.0,429,0
5339565212,13121,足立区,35.79270833333333,139.77968750000002,841,149.0,559.0,128.0,13.0,359,0
5339565213,13121,足立区,35.79479166666666,139.7765625,633,49.0,369.0,196.0,6.0,286,0
5339565214,13121,足立区,35.79479166666666,139.77968750000002,975,126.0,652.0,188.0,28.0,378,0
5339565221,13121,足立区,35.79270833333333,139.7828125,1171,138.0,696.0,318.0,42.0,479,0
5339565222,13121,足立区,35.79270833333333,139.78593750000002,878,80.0,561.0,211.0,37.0,454,0
5339565223,13121,足立区,35.79479166666666,139.7828125,775,79.0,536.0,147.0,25.0,365,0
5339565224,13121,足立区,35.79479166666666,139.78593750000002,1076,98.0,640.0,287.0,50.0,591,0
5339565231,13121,足立区,35.796875,139.7765625,712,65.0,391.0,226.0,12.0,301,0
5339565232,13121,足立区,35.796875,139.77968750000002,863,145.0,521.0,180.0,41.0,347,0
5339565233,13121,足立区,35.79895833333333,139.7765625,448,33.0,257.0,123.0,18.0,238,0
5339565234,13121,足立区,35.79895833333333,139.77968750000002,715,70.0,401.0,204.0,14.0,314,0
5339565241,13121,足立区,35.796875,139.7828125,1230,123.0,779.0,291.0,63.0,582,0
5339565242,13121,足立区,35.796875,139.78593750000002,1067,92.0,706.0,243.0,37.0,570,0
5339565243,13121,足立区,35.79895833333333,139.7828125,724,102.0,445.0,155.0,31.0,329,0
5339565244,13121,足立区,35.79895833333333,139.78593750000002,939,148.0,601.0,166.0,31.0,431,0
5339565311,13121,足立区,35.79270833333333,139.7890625,1060,125.0,687.0,210.0,78.0,562,0
5339565312,13121,足立区,35.79270833333333,139.7921875,1304,69.0,764.0,420.0,127.0,753,0
5339565313,13121,足立区,35.79479166666666,139.7890625,832,42.0,508.0,168.0,21.0,567,0
5339565314,13121,足立区,35.79479166666666,139.7921875,1232,72.0,793.0,317.0,138.0,736,0
5339565321,13121,足立区,35.79270833333333,139.7953125,669,52.0,439.0,136.0,49.0,402,0
5339565322,13121,足立区,35.79270833333333,139.7984375,1012,70.0,654.0,250.0,57.0,597,0
5339565323,13121,足立区,35.79479166666666,139.7953125,948,63.0,632.0,178.0,43.0,563,0
5339565324,13121,足立区,35.79479166666666,139.7984375,823,72.0,509.0,170.0,53.0,475,0
5339565331,13121,足立区,35.796875,139.7890625,1018,83.0,641.0,249.0,58.0,567,0
5339565332,13121,足立区,35.796875,139.7921875,950,51.0,419.0,456.0,41.0,547,0
5339565333,13121,足立区,35.79895833333333,139.7890625,872,138.0,474.0,226.0,34.0,456,0
5339565334,13121,足立区,35.79895833333333,139.7921875,613,68.0,339.0,162.0,20.0,324,0
5339565341,13121,足立区,35.796875,139.7953125,1230,127.0,781.0,255.0,64.0,644,0
5339565342,13121,足立区,35.796875,139.7984375,898,69.0,530.0,261.0,31.0,488,0
5339565343,13121,足立区,35.79895833333333,139.7953125,1196,116.0,715.0,351.0,66.0,589,0
5339565344,13121,足立区,35.79895833333333,139.7984375,1453,126.0,959.0,331.0,43.0,664,0
5339565411,13121,足立区,35.79270833333333,139.80156250000002,1423,95.0,798.0,478.0,183.0,772,0
5339565412,13121,足立区,35.79270833333333,139.80468750000003,617,70.0,347.0,183.0,38.0,320,0
5339565413,13121,足立区,35.79479166666666,139.80156250000002,1081,91.0,605.0,354.0,129.0,633,0
5339565414,13121,足立区,35.79479166666666,139.80468750000003,896,120.0,588.0,154.0,20.0,408,0
5339565421,13121,足立区,35.79270833333333,139.8078125,616,50.0,389.0,168.0,21.0,266,0
5339565422,13121,足立区,35.79270833333333,139.81093750000002,476,48.0,293.0,115.0,16.0,208,0
5339565423,13121,足立区,35.79479166666666,139.8078125,950,122.0,573.0,227.0,26.0,423,0
5339565424,13121,足立区,35.79479166666666,139.81093750000002,1384,183.0,850.0,309.0,48.0,635,0
5339565431,13121,足立区,35.796875,139.80156250000002,829,55.0,459.0,291.0,26.0,449,0
5339565432,13121,足立区,35.796875,139.80468750000003,629,72.0,398.0,146.0,12.0,258,0
5339565433,13121,足立区,35.79895833333333,139.80156250000002,1136,84.0,578.0,446.0,38.0,387,0
5339565434,13121,足立区,35.79895833333333,139.80468750000003,816,114.0,537.0,149.0,19.0,348,0
5339565441,13121,足立区,35.796875,139.8078125,819,90.0,493.0,198.0,30.0,377,0
5339565442,13121,足立区,35.796875,139.81093750000002,1089,89.0,572.0,399.0,41.0,641,0
5339565443,13121,足立区,35.79895833333333,139.8078125,947,88.0,471.0,361.0,16.0,344,0
5339565444,13121,足立区,35.79895833333333,139.81093750000002,877,128.0,454.0,259.0,30.0,383,0
5339565511,13121,足立区,35.79270833333333,139.8140625,465,52.0,293.0,99.0,21.0,222,0
5339565512,13121,足立区,35.79270833333333,139.81718750000002,574,116.0,361.0,80.0,13.0,231,0
5339565513,13121,足立区,35.79479166666666,139.8140625,760,71.0,440.0,225.0,26.0,376,0
5339565514,13121,足立区,35.79479166666666,139.81718750000002,830,83.0,461.0,263.0,42.0,434,0
5339565521,13121,足立区,35.79270833333333,139.8203125,826,77.0,528.0,191.0,44.0,429,0
5339565522,13121,足立区,35.79270833333333,139.8234375,816,93.0,533.0,157.0,33.0,436,0
5339565523,13121,足立区,35.79479166666666,139.8203125,739,35.0,310.0,380.0,39.0,440,0
5339565524,13121,足立区,35.79479166666666,139.8234375,592,55.0,327.0,201.0,17.0,241,0
5339565531,13121,足立区,35.796875,139.8140625,787,80.0,390.0,312.0,34.0,393,0
5339565532,13121,足立区,35.796875,139.81718750000002,528,47.0,346.0,122.0,21.0,242,0
5339565533,13121,足立区,35.79895833333333,139.8140625,832,129.0,459.0,214.0,13.0,390,0
5339565534,13121,足立区,35.79895833333333,139.81718750000002,627,98.0,379.0,122.0,18.0,289,0
5339565541,13121,足立区,35.796875,139.8203125,594,43.0,225.0,306.0,11.0,186,0
5339565611,13121,足立区,35.79270833333333,139.8265625,354,51.0,260.0,44.0,20.0,151,1
5339565612,13121,足立区,35.79270833333333,139.8296875,697,70.0,426.0,184.0,17.0,316,0
5339565621,13121,足立区,35.79270833333333,139.8328125,809,87.0,472.0,237.0,22.0,363,0
5339565622,13121,足立区,35.79270833333333,139.8359375,791,68.0,493.0,211.0,20.0,353,0
5339565623,13121,足立区,35.79479166666666,139.8328125,814,124.0,524.0,149.0,14.0,341,0
5339565624,13121,足立区,35.79479166666666,139.8359375,830,97.0,503.0,203.0,33.0,372,0
5339565642,13121,足立区,35.796875,139.8359375,681,81.0,398.0,182.0,12.0,286,0
5339565644,13121,足立区,35.79895833333333,139.8359375,483,100.0,297.0,79.0,10.0,173,0
5339565711,13121,足立区,35.79270833333333,139.8390625,1219,145.0,689.0,340.0,43.0,514,0
5339565712,13121,足立区,35.79270833333333,139.84218750000002,707,154.0,421.0,124.0,21.0,258,0
5339565713,13121,足立区,35.79479166666666,139.8390625,777,89.0,439.0,225.0,21.0,338,0
5339565714,13121,足立区,35.79479166666666,139.84218750000002,734,95.0,446.0,184.0,25.0,278,0
5339565721,13122,葛飾区,35.79270833333333,139.8453125,253,42.0,149.0,62.0,8.0,97,0
5339565722,13122,葛飾区,35.79270833333333,139.84843750000002,586,89.0,358.0,138.0,17.0,259,0
5339565723,13122,葛飾区,35.79479166666666,139.8453125,445,8.0,75.0,351.0,2.0,63,0
5339565724,13122,葛飾区,35.79479166666666,139.84843750000002,315,47.0,188.0,80.0,14.0,131,0
5339565731,13121,足立区,35.796875,139.8390625,707,73.0,394.0,221.0,22.0,284,0
5339565732,13121,足立区,35.796875,139.84218750000002,549,94.0,369.0,80.0,21.0,201,0
5339565733,13121,足立区,35.79895833333333,139.8390625,1060,146.0,639.0,254.0,49.0,486,0
5339565734,13121,足立区,35.79895833333333,139.84218750000002,801,103.0,422.0,259.0,23.0,312,0
5339565741,13121,足立区,35.796875,139.8453125,325,68.0,189.0,63.0,11.0,118,0
5339565811,13122,葛飾区,35.79270833333333,139.8515625,293,42.0,185.0,65.0,2.0,109,0
5339565822,13122,葛飾区,35.79270833333333,139.8609375,412,69.0,254.0,91.0,9.0,168,1
5339565824,13122,葛飾区,35.79479166666666,139.8609375,2,,,,,1,2
5339565911,13122,葛飾区,35.79270833333333,139.86406250000002,678,112.0,471.0,95.0,18.0,247,0
5339565912,13122,葛飾区,35.79270833333333,139.86718750000003,305,67.0,169.0,67.0,11.0,112,0
5339565913,13122,葛飾区,35.79479166666666,139.86406250000002,74,9.0,59.0,6.0,2.0,25,0
5339566021,13121,足立区,35.80104166666666,139.7578125,102,10.0,64.0,26.0,4.0,44,0
5339566022,13121,足立区,35.80104166666666,139.7609375,106,9.0,69.0,27.0,13.0,49,0
5339566023,13121,足立区,35.803124999999994,139.7578125,630,47.0,321.0,265.0,20.0,289,1
5339566024,13121,足立区,35.803124999999994,139.7609375,160,9.0,105.0,38.0,4.0,89,0
5339566032,13121,足立区,35.80520833333333,139.75468750000002,70,2.0,44.0,19.0,1.0,46,0
5339566033,13121,足立区,35.807291666666664,139.7515625,2,,,,,2,2
5339566034,13121,足立区,35.807291666666664,139.75468750000002,243,6.0,73.0,165.0,4.0,31,1
5339566041,13121,足立区,35.80520833333333,139.7578125,287,9.0,88.0,190.0,4.0,87,0
5339566042,13121,足立区,35.80520833333333,139.7609375,281,42.0,179.0,53.0,16.0,108,0
5339566043,13121,足立区,35.807291666666664,139.7578125,172,11.0,114.0,43.0,5.0,83,0
5339566044,13121,足立区,35.807291666666664,139.7609375,520,59.0,307.0,140.0,17.0,220,0
5339566112,13121,足立区,35.80104166666666,139.7671875,19,0.0,15.0,0.0,0.0,19,0
5339566113,13121,足立区,35.803124999999994,139.7640625,231,35.0,158.0,26.0,12.0,110,0
5339566114,13121,足立区,35.803124999999994,139.7671875,435,60.0,269.0,86.0,25.0,238,0
5339566121,13121,足立区,35.80104166666666,139.7703125,28,6.0,21.0,1.0,3.0,14,0
5339566122,13121,足立区,35.80104166666666,139.7734375,138,24.0,88.0,25.0,2.0,47,0
5339566123,13121,足立区,35.803124999999994,139.7703125,708,94.0,471.0,141.0,51.0,311,0
5339566124,13121,足立区,35.803124999999994,139.7734375,647,59.0,403.0,181.0,14.0,281,0
5339566131,13121,足立区,35.80520833333333,139.7640625,261,42.0,167.0,47.0,2.0,111,0
5339566132,13121,足立区,35.80520833333333,139.7671875,610,82.0,441.0,80.0,19.0,257,0
5339566133,13121,足立区,35.807291666666664,139.7640625,457,66.0,299.0,81.0,11.0,187,0
5339566134,13121,足立区,35.807291666666664,139.7671875,581,61.0,361.0,142.0,14.0,236,0
5339566141,13121,足立区,35.80520833333333,139.7703125,741,66.0,520.0,133.0,28.0,364,0
5339566142,13121,足立区,35.80520833333333,139.7734375,809,123.0,514.0,161.0,11.0,314,0
5339566143,13121,足立区,35.807291666666664,139.7703125,723,105.0,458.0,131.0,40.0,372,0
5339566144,13121,足立区,35.807291666666664,139.7734375,819,109.0,522.0,180.0,22.0,327,0
5339566211,13121,足立区,35.80104166666666,139.7765625,482,57.0,309.0,105.0,8.0,191,0
5339566212,13121,足立区,35.80104166666666,139.77968750000002,689,110.0,438.0,119.0,5.0,296,0
5339566213,13121,足立区,35.803124999999994,139.7765625,892,92.0,483.0,305.0,23.0,350,0
5339566214,13121,足立区,35.803124999999994,139.77968750000002,768,97.0,460.0,202.0,8.0,304,0
5339566221,13121,足立区,35.80104166666666,139.7828125,609,45.0,371.0,159.0,6.0,279,0
5339566222,13121,足立区,35.80104166666666,139.78593750000002,808,140.0,551.0,100.0,21.0,359,0
5339566223,13121,足立区,35.803124999999994,139.7828125,705,95.0,412.0,179.0,14.0,336,0
5339566224,13121,足立区,35.803124999999994,139.78593750000002,716,97.0,435.0,160.0,29.0,347,0
5339566231,13121,足立区,35.80520833333333,139.7765625,996,183.0,635.0,159.0,38.0,423,0
5339566232,13121,足立区,35.80520833333333,139.77968750000002,771,108.0,496.0,142.0,29.0,360,0
5339566233,13121,足立区,35.807291666666664,139.7765625,724,110.0,476.0,127.0,25.0,308,0
5339566234,13121,足立区,35.807291666666664,139.77968750000002,638,102.0,389.0,137.0,26.0,247,0
5339566241,13121,足立区,35.80520833333333,139.7828125,777,113.0,440.0,214.0,24.0,326,0
5339566242,13121,足立区,35.80520833333333,139.78593750000002,910,117.0,559.0,231.0,16.0,372,0
5339566311,13121,足立区,35.80104166666666,139.7890625,729,94.0,472.0,145.0,30.0,326,0
5339566312,13121,足立区,35.80104166666666,139.7921875,897,100.0,509.0,255.0,20.0,470,0
5339566313,13121,足立区,35.803124999999994,139.7890625,424,44.0,235.0,122.0,7.0,191,0
5339566314,13121,足立区,35.803124999999994,139.7921875,746,59.0,413.0,249.0,34.0,374,0
5339566321,13121,足立区,35.80104166666666,139.7953125,1017,19.0,374.0,605.0,36.0,545,0
5339566322,13121,足立区,35.80104166666666,139.7984375,1130,145.0,641.0,319.0,64.0,503,0
5339566323,13121,足立区,35.803124999999994,139.7953125,154,7.0,53.0,93.0,6.0,99,0
5339566324,13121,足立区,35.803124999999994,139.7984375,1145,46.0,420.0,657.0,59.0,745,0
5339566331,13121,足立区,35.80520833333333,139.7890625,754,103.0,481.0,147.0,22.0,360,0
5339566332,13121,足立区,35.80520833333333,139.7921875,439,46.0,301.0,76.0,18.0,203,0
5339566341,13121,足立区,35.80520833333333,139.7953125,454,35.0,237.0,167.0,37.0,256,0
5339566342,13121,足立区,35.80520833333333,139.7984375,1276,182.0,737.0,357.0,51.0,575,0
5339566411,13121,足立区,35.80104166666666,139.80156250000002,527,70.0,307.0,136.0,24.0,232,0
5339566412,13121,足立区,35.80104166666666,139.80468750000003,748,113.0,460.0,167.0,14.0,258,0
5339566413,13121,足立区,35.803124999999994,139.80156250000002,961,88.0,506.0,355.0,39.0,478,0
5339566414,13121,足立区,35.803124999999994,139.80468750000003,908,55.0,505.0,332.0,14.0,289,0
5339566421,13121,足立区,35.80104166666666,139.8078125,664,77.0,384.0,177.0,18.0,292,0
5339566422,13121,足立区,35.80104166666666,139.81093750000002,532,75.0,321.0,111.0,7.0,257,0
5339566423,13121,足立区,35.803124999999994,139.8078125,762,42.0,286.0,410.0,25.0,365,0
5339566424,13121,足立区,35.803124999999994,139.81093750000002,765,95.0,477.0,153.0,30.0,379,0
5339566431,13121,足立区,35.80520833333333,139.80156250000002,1291,124.0,845.0,283.0,32.0,595,0
5339566432,13121,足立区,35.80520833333333,139.80468750000003,711,49.0,344.0,291.0,13.0,364,0
5339566433,13121,足立区,35.807291666666664,139.80156250000002,971,86.0,502.0,350.0,26.0,383,0
5339566434,13121,足立区,35.807291666666664,139.80468750000003,521,38.0,279.0,165.0,14.0,290,0
5339566441,13121,足立区,35.80520833333333,139.8078125,556,58.0,321.0,176.0,20.0,256,0
5339566442,13121,足立区,35.80520833333333,139.81093750000002,812,60.0,499.0,230.0,26.0,431,0
5339566443,13121,足立区,35.807291666666664,139.8078125,780,26.0,332.0,404.0,16.0,446,0
5339566444,13121,足立区,35.807291666666664,139.81093750000002,548,20.0,235.0,286.0,29.0,256,0
5339566511,13121,足立区,35.80104166666666,139.8140625,719,106.0,448.0,148.0,24.0,330,0
5339566512,13121,足立区,35.80104166666666,139.81718750000002,804,85.0,465.0,230.0,21.0,351,0
5339566513,13121,足立区,35.803124999999994,139.8140625,658,89.0,432.0,122.0,20.0,279,0
5339566514,13121,足立区,35.803124999999994,139.81718750000002,658,117.0,391.0,142.0,11.0,268,0
5339566521,13121,足立区,35.80104166666666,139.8203125,267,58.0,173.0,32.0,7.0,101,0
5339566531,13121,足立区,35.80520833333333,139.8140625,687,83.0,389.0,195.0,21.0,320,0
5339566532,13121,足立区,35.80520833333333,139.81718750000002,617,99.0,303.0,193.0,8.0,213,0
5339566533,13121,足立区,35.807291666666664,139.8140625,1006,29.0,513.0,451.0,60.0,624,0
5339566534,13121,足立区,35.807291666666664,139.81718750000002,485,82.0,268.0,120.0,5.0,218,0
5339566541,13121,足立区,35.80520833333333,139.8203125,577,143.0,351.0,68.0,26.0,195,0
5339566543,13121,足立区,35.807291666666664,139.8203125,662,123.0,400.0,128.0,21.0,268,0
5339567012,13121,足立区,35.809374999999996,139.75468750000002,91,6.0,53.0,32.0,2.0,44,0
5339567021,13121,足立区,35.809374999999996,139.7578125,313,24.0,187.0,83.0,10.0,153,0
5339567022,13121,足立区,35.809374999999996,139.7609375,364,40.0,237.0,82.0,15.0,167,0
5339567023,13121,足立区,35.81145833333333,139.7578125,102,8.0,72.0,22.0,4.0,57,0
5339567024,13121,足立区,35.81145833333333,139.7609375,757,101.0,360.0,296.0,35.0,274,0
5339567111,13121,足立区,35.809374999999996,139.7640625,404,82.0,252.0,59.0,36.0,173,0
5339567112,13121,足立区,35.809374999999996,139.7671875,1015,115.0,656.0,218.0,36.0,463,0
5339567113,13121,足立区,35.81145833333333,139.7640625,1048,92.0,559.0,386.0,47.0,511,0
5339567114,13121,足立区,35.81145833333333,139.7671875,751,113.0,472.0,158.0,15.0,311,0
5339567121,13121,足立区,35.809374999999996,139.7703125,926,115.0,613.0,149.0,41.0,469,0
5339567122,13121,足立区,35.809374999999996,139.7734375,918,126.0,565.0,190.0,19.0,403,0
5339567123,13121,足立区,35.81145833333333,139.7703125,1123,185.0,735.0,179.0,27.0,496,0
5339567124,13121,足立区,35.81145833333333,139.7734375,962,110.0,543.0,288.0,45.0,419,0
5339567131,13121,足立区,35.813541666666666,139.7640625,930,78.0,412.0,432.0,24.0,459,0
5339567132,13121,足立区,35.813541666666666,139.7671875,900,93.0,478.0,309.0,12.0,347,0
5339567134,13121,足立区,35.815625,139.7671875,701,65.0,442.0,171.0,19.0,324,0
5339567141,13121,足立区,35.813541666666666,139.7703125,942,113.0,649.0,149.0,24.0,456,0
5339567142,13121,足立区,35.813541666666666,139.7734375,866,102.0,523.0,208.0,35.0,381,0
5339567143,13121,足立区,35.815625,139.7703125,1147,135.0,797.0,177.0,40.0,588,0
5339567211,13121,足立区,35.809374999999996,139.7765625,961,134.0,525.0,283.0,20.0,422,0
5339567213,13121,足立区,35.81145833333333,139.7765625,494,86.0,262.0,136.0,10.0,205,0
5339567512,13121,足立区,35.809374999999996,139.81718750000002,544,69.0,308.0,165.0,5.0,225,0
5339567521,13121,足立区,35.809374999999996,139.8203125,353,37.0,187.0,130.0,14.0,162,1
5339567524,13121,足立区,35.81145833333333,139.8234375,596,54.0,327.0,211.0,68.0,296,0
5339567542,13121,足立区,35.813541666666666,139.8234375,423,36.0,170.0,215.0,47.0,159,1
5339570011,13122,葛飾区,35.751041666666666,139.8765625,1533,165.0,1025.0,327.0,13.0,643,0
5339570012,13122,葛飾区,35.751041666666666,139.87968750000002,737,83.0,440.0,205.0,8.0,354,0
5339570013,13122,葛飾区,35.753125,139.8765625,1145,108.0,686.0,343.0,34.0,530,0
5339570014,13122,葛飾区,35.753125,139.87968750000002,1103,118.0,698.0,279.0,15.0,505,0
5339570021,13122,葛飾区,35.751041666666666,139.8828125,1358,161.0,818.0,366.0,19.0,580,0
5339570022,13122,葛飾区,35.751041666666666,139.8859375,259,39.0,142.0,75.0,6.0,101,0
5339570023,13122,葛飾区,35.753125,139.8828125,629,90.0,369.0,160.0,12.0,279,1
5339570024,13122,葛飾区,35.753125,139.8859375,1,,,,,1,2
5339570031,13122,葛飾区,35.755208333333336,139.8765625,1111,81.0,645.0,366.0,20.0,563,0
5339570032,13122,葛飾区,35.755208333333336,139.87968750000002,1037,82.0,666.0,273.0,23.0,492,0
5339570033,13122,葛飾区,35.75729166666667,139.8765625,908,85.0,578.0,235.0,19.0,452,0
5339570034,13122,葛飾区,35.75729166666667,139.87968750000002,639,81.0,409.0,143.0,8.0,282,0
5339570041,13122,葛飾区,35.755208333333336,139.8828125,218,30.0,154.0,33.0,5.0,92,0
5339571011,13122,葛飾区,35.759375,139.8765625,437,72.0,245.0,119.0,4.0,216,0
5339571012,13122,葛飾区,35.759375,139.87968750000002,655,94.0,417.0,139.0,5.0,299,0
5339571014,13122,葛飾区,35.76145833333333,139.87968750000002,66,1.0,28.0,36.0,2.0,28,0
5339571033,13122,葛飾区,35.765625,139.8765625,601,58.0,339.0,198.0,5.0,300,0
5339571034,13122,葛飾区,35.765625,139.87968750000002,22,0.0,21.0,1.0,0.0,10,0
5339572011,13122,葛飾区,35.76770833333333,139.8765625,1004,71.0,656.0,275.0,29.0,555,1
5339572013,13122,葛飾区,35.76979166666666,139.8765625,1078,75.0,722.0,271.0,49.0,636,0
5339572014,13122,葛飾区,35.76979166666666,139.87968750000002,37,0.0,22.0,15.0,0.0,19,0
5339572031,13122,葛飾区,35.771875,139.8765625,1100,77.0,719.0,298.0,25.0,568,0
5339572032,13122,葛飾区,35.771875,139.87968750000002,218,32.0,140.0,46.0,9.0,106,0
5339572033,13122,葛飾区,35.77395833333333,139.8765625,957,87.0,605.0,259.0,14.0,469,0
5339572034,13122,葛飾区,35.77395833333333,139.87968750000002,845,82.0,529.0,230.0,13.0,362,0
5339573011,13122,葛飾区,35.776041666666664,139.8765625,966,104.0,637.0,221.0,19.0,454,0
5339573012,13122,葛飾区,35.776041666666664,139.87968750000002,941,116.0,590.0,230.0,20.0,459,0
5339573013,13122,葛飾区,35.778124999999996,139.8765625,862,93.0,547.0,218.0,13.0,387,0
5339573014,13122,葛飾区,35.778124999999996,139.87968750000002,1143,155.0,735.0,241.0,28.0,513,0
5339573021,13122,葛飾区,35.776041666666664,139.8828125,339,62.0,213.0,59.0,1.0,135,0
5339573023,13122,葛飾区,35.778124999999996,139.8828125,570,46.0,410.0,111.0,7.0,278,0
5339573024,13122,葛飾区,35.778124999999996,139.8859375,402,34.0,193.0,174.0,7.0,67,0
5339573031,13122,葛飾区,35.780208333333334,139.8765625,430,56.0,265.0,104.0,6.0,156,0
5339573032,13122,葛飾区,35.780208333333334,139.87968750000002,309,61.0,158.0,87.0,15.0,118,0
5339573041,13122,葛飾区,35.780208333333334,139.8828125,190,36.0,120.0,31.0,5.0,76,0
5339573042,13122,葛飾区,35.780208333333334,139.8859375,472,103.0,293.0,71.0,21.0,167,0
5339573113,13122,葛飾区,35.778124999999996,139.8890625,1,,,,,1,2
5339573131,13122,葛飾区,35.780208333333334,139.8890625,200,34.0,117.0,47.0,2.0,74,1
