mesh_code,est_all,emp_all,est_manufacturing,emp_manufacturing,est_ict,emp_ict,est_wholesale_retail,emp_wholesale_retail,est_finance,emp_finance,est_real_estate,emp_real_estate,est_professional,emp_professional,est_accommodation_food,emp_accommodation_food,est_medical_welfare,emp_medical_welfare,lat,lon,ward_code,ward_ja
533925463,11,118,6,63,0,0,0,0,0,0,1,8,0,0,0,0,1,27,35.53958333333333,139.703125,13111,大田区
533925464,65,457,4,40,0,0,14,130,0,0,6,10,0,0,11,38,6,34,35.53958333333333,139.709375,13111,大田区
533925473,5,93,0,0,0,0,2,57,0,0,0,0,0,0,2,17,1,19,35.53958333333333,139.71562500000002,13111,大田区
533925561,95,1457,28,277,5,154,12,211,1,2,5,7,4,35,4,49,12,244,35.543749999999996,139.703125,13111,大田区
533925562,143,1594,37,271,1,2,25,413,0,0,14,32,5,24,12,36,13,325,35.543749999999996,139.709375,13111,大田区
533925563,46,224,23,96,0,0,2,1,0,0,7,19,1,8,1,1,2,22,35.547916666666666,139.703125,13111,大田区
533925564,132,774,30,168,2,3,25,133,0,0,15,38,6,11,10,95,10,125,35.547916666666666,139.709375,13111,大田区
533925571,164,1687,72,617,1,1,20,402,2,6,6,17,8,36,9,27,5,79,35.543749999999996,139.71562500000002,13111,大田区
533925572,69,649,24,139,3,4,11,50,0,0,1,3,3,66,5,85,5,40,35.543749999999996,139.721875,13111,大田区
533925573,209,1790,40,240,3,7,46,453,5,104,10,31,5,8,25,162,23,162,35.547916666666666,139.71562500000002,13111,大田区
533925574,256,1716,90,484,3,6,42,427,2,8,11,32,5,33,20,63,20,230,35.547916666666666,139.721875,13111,大田区
533925581,37,179,25,60,0,0,2,14,0,0,2,8,0,0,1,1,1,34,35.543749999999996,139.728125,13111,大田区
533925582,4,58,2,6,0,0,1,1,0,0,0,0,0,0,0,0,0,0,35.543749999999996,139.734375,13111,大田区
533925583,175,1441,75,626,1,1,26,238,2,2,13,29,4,25,5,36,10,79,35.547916666666666,139.728125,13111,大田区
533925584,136,1209,65,343,2,15,16,281,0,0,6,14,2,31,6,27,8,165,35.547916666666666,139.734375,13111,大田区
533925593,118,1001,28,151,1,1,22,96,0,0,6,11,1,5,5,65,9,52,35.547916666666666,139.74062500000002,13111,大田区
533925594,174,1362,18,102,1,1,38,311,1,21,14,41,6,26,21,70,14,178,35.547916666666666,139.74687500000002,13111,大田区
533925662,183,1132,31,172,1,1,41,191,1,4,13,31,4,10,16,37,17,129,35.55208333333333,139.709375,13111,大田区
533925663,125,752,42,218,3,7,23,182,0,0,8,16,5,9,3,9,9,68,35.55625,139.703125,13111,大田区
533925664,122,1031,17,112,1,2,20,103,1,11,6,18,7,12,9,41,13,260,35.55625,139.709375,13111,大田区
533925671,336,2215,14,40,3,5,95,877,3,17,18,65,5,5,70,387,43,312,35.55208333333333,139.71562500000002,13111,大田区
533925672,177,1191,40,213,0,0,29,171,0,0,12,66,5,104,17,41,14,298,35.55208333333333,139.721875,13111,大田区
533925673,159,5482,23,124,2,3947,25,160,3,16,24,80,9,145,17,38,8,47,35.55625,139.71562500000002,13111,大田区
533925674,239,5118,35,238,7,258,63,1830,8,107,24,177,16,148,15,125,20,687,35.55625,139.721875,13111,大田区
533925681,326,2140,25,122,5,10,68,444,10,350,34,130,10,41,59,269,35,327,35.55208333333333,139.728125,13111,大田区
533925682,215,1642,51,360,2,11,41,273,2,2,23,74,5,17,18,169,6,199,35.55208333333333,139.734375,13111,大田区
533925683,272,1862,24,176,0,0,66,450,4,22,41,138,4,20,36,218,39,542,35.55625,139.728125,13111,大田区
533925684,165,1049,32,119,1,10,37,196,2,4,25,42,5,11,8,33,15,160,35.55625,139.734375,13111,大田区
533925691,258,2201,32,197,3,25,60,522,3,51,29,128,10,59,50,507,20,373,35.55208333333333,139.74062500000002,13111,大田区
533925692,203,5776,37,726,1,10,48,2113,1,15,8,19,6,197,39,279,10,80,35.55208333333333,139.74687500000002,13111,大田区
533925693,206,2745,58,549,0,0,38,712,2,17,17,44,5,11,10,53,23,279,35.55625,139.74062500000002,13111,大田区
533925694,89,1647,26,499,0,0,20,382,0,0,6,71,3,11,3,24,3,109,35.55625,139.74687500000002,13111,大田区
533925742,6,230,0,0,0,0,0,0,0,0,0,0,1,10,0,0,1,13,35.56041666666666,139.68437500000002,13111,大田区
533925743,9,135,0,0,0,0,4,78,1,0,0,0,1,21,0,0,0,0,35.56458333333333,139.67812500000002,13111,大田区
533925744,101,1699,41,395,5,95,10,172,0,0,7,7,4,8,6,141,4,44,35.56458333333333,139.68437500000002,13111,大田区
533925751,140,1335,71,633,3,4,23,177,1,1,5,10,5,38,3,37,7,133,35.56041666666666,139.690625,13111,大田区
533925752,261,2640,61,699,3,6,69,512,1,2,21,85,5,212,24,170,18,272,35.56041666666666,139.696875,13111,大田区
533925753,238,2893,73,813,1,1,34,477,1,3,23,61,9,23,17,75,23,348,35.56458333333333,139.690625,13111,大田区
533925754,211,1975,46,378,2,11,47,462,3,31,21,66,3,30,15,70,21,274,35.56458333333333,139.696875,13111,大田区
533925761,219,1956,29,591,4,13,58,347,1,19,21,57,11,59,14,45,21,225,35.56041666666666,139.703125,13111,大田区
533925762,293,3808,8,36,6,72,65,833,4,19,44,191,19,124,39,596,21,190,35.56041666666666,139.709375,13111,大田区
533925763,173,1280,14,50,2,18,42,264,2,5,19,49,10,20,9,58,22,263,35.56458333333333,139.703125,13111,大田区
533925764,397,4367,12,42,13,505,84,851,8,202,44,260,22,171,60,227,45,774,35.56458333333333,139.709375,13111,大田区
533925771,880,20912,10,82,27,5141,281,3501,34,1385,46,205,48,418,184,1817,53,1673,35.56041666666666,139.71562500000002,13111,大田区
533925772,622,6195,15,90,26,463,107,1051,18,332,82,382,44,270,129,961,64,821,35.56041666666666,139.721875,13111,大田区
533925773,931,9303,10,67,17,262,149,1373,16,325,107,536,38,247,317,2268,78,787,35.56458333333333,139.71562500000002,13111,大田区
533925774,279,2966,17,116,16,167,49,345,3,94,45,269,18,132,36,385,29,417,35.56458333333333,139.721875,13111,大田区
533925781,234,1877,33,164,3,37,60,433,3,20,19,52,10,73,29,95,27,307,35.56041666666666,139.728125,13111,大田区
533925782,209,1221,87,511,1,1,28,133,1,2,20,38,1,5,10,52,9,225,35.56041666666666,139.734375,13111,大田区
533925783,198,1353,34,131,2,22,44,418,4,24,20,48,13,43,16,74,12,154,35.56458333333333,139.728125,13111,大田区
533925784,167,1180,53,247,3,7,21,115,1,2,29,73,1,6,11,141,8,355,35.56458333333333,139.734375,13111,大田区
533925791,225,2157,83,506,1,1,38,464,0,0,18,54,12,101,3,7,13,244,35.56041666666666,139.74062500000002,13111,大田区
533925792,184,2435,96,794,0,0,24,345,0,0,12,42,1,35,4,21,1,29,35.56041666666666,139.74687500000002,13111,大田区
533925793,238,1683,71,399,0,0,32,305,2,21,27,53,3,21,19,75,18,240,35.56458333333333,139.74062500000002,13111,大田区
533925794,184,2225,64,369,0,0,37,278,0,0,12,55,4,40,14,53,10,803,35.56458333333333,139.74687500000002,13111,大田区
533925841,26,176,8,97,1,1,4,12,0,0,3,8,5,9,1,6,2,28,35.56875,139.67812500000002,13111,大田区
533925842,231,8099,26,118,1,1,39,6528,3,12,37,84,7,31,25,158,32,353,35.56875,139.68437500000002,13111,大田区
533925843,130,941,13,92,6,14,19,135,0,0,21,39,10,18,5,14,22,351,35.57291666666667,139.67812500000002,13111,大田区
533925844,166,1394,16,298,2,25,29,267,1,20,20,58,15,86,12,112,23,237,35.57291666666667,139.68437500000002,13111,大田区
533925851,273,1707,50,332,5,52,56,431,3,36,24,57,1,3,46,202,35,317,35.56875,139.690625,13111,大田区
533925852,155,2674,28,390,2,2,45,972,0,0,19,41,7,58,6,22,13,486,35.56875,139.696875,13111,大田区
533925853,168,1184,8,31,2,10,32,264,2,32,17,53,8,20,24,123,31,393,35.57291666666667,139.690625,13111,大田区
533925854,161,1691,33,441,2,17,40,427,2,6,16,25,7,28,9,83,8,34,35.57291666666667,139.696875,13111,大田区
533925861,155,860,12,65,2,2,32,185,2,4,33,77,7,43,8,32,15,193,35.56875,139.703125,13111,大田区
533925862,133,763,18,77,4,7,29,183,3,16,13,33,7,14,7,14,22,232,35.56875,139.709375,13111,大田区
533925863,519,5243,14,69,7,21,120,910,4,74,61,165,25,74,96,718,77,1529,35.57291666666667,139.703125,13111,大田区
533925864,157,1156,18,111,7,55,32,368,2,12,21,62,7,16,10,25,14,112,35.57291666666667,139.709375,13111,大田区
533925871,162,1214,8,25,3,11,36,224,0,0,27,52,7,24,22,54,21,480,35.56875,139.71562500000002,13111,大田区
533925872,202,4297,24,336,0,0,62,528,0,0,21,41,2,14,22,237,21,2275,35.56875,139.721875,13111,大田区
533925873,182,1044,31,207,2,3,36,275,1,44,23,58,5,6,6,11,16,124,35.57291666666667,139.71562500000002,13111,大田区
533925874,169,2357,50,431,1,2,29,315,0,0,8,30,9,51,19,443,8,596,35.57291666666667,139.721875,13111,大田区
533925881,301,2088,24,96,2,14,74,659,2,22,42,105,9,391,38,164,34,308,35.56875,139.728125,13111,大田区
533925882,213,1512,29,171,1,5,52,623,1,11,49,103,2,6,15,64,14,228,35.56875,139.734375,13111,大田区
533925883,217,2034,21,406,3,14,52,670,1,20,18,32,9,34,17,179,26,210,35.57291666666667,139.728125,13111,大田区
533925884,219,2033,18,167,1,15,57,514,1,25,29,81,9,80,31,282,24,152,35.57291666666667,139.734375,13111,大田区
533925891,150,1344,38,166,0,0,31,145,1,19,18,49,2,4,6,20,12,616,35.56875,139.74062500000002,13111,大田区
533925892,113,935,62,406,1,12,19,140,0,0,3,51,2,2,0,0,4,49,35.56875,139.74687500000002,13111,大田区
533925893,35,314,10,85,1,2,4,40,0,0,4,8,1,1,2,8,1,10,35.57291666666667,139.74062500000002,13111,大田区
533925894,47,1528,14,384,0,0,2,49,0,0,2,4,0,0,2,13,0,0,35.57291666666667,139.74687500000002,13111,大田区
533925932,3,66,1,1,0,0,0,0,0,0,0,0,0,0,0,0,0,0,35.577083333333334,139.671875,13111,大田区
533925934,61,491,4,20,1,1,14,127,1,1,6,11,6,16,6,18,8,100,35.581250000000004,139.671875,13111,大田区
533925941,220,1563,23,220,2,3,50,411,3,28,25,87,17,104,23,123,23,253,35.577083333333334,139.67812500000002,13111,大田区
533925942,113,642,5,20,1,30,20,103,1,2,19,35,3,4,7,17,19,214,35.577083333333334,139.68437500000002,13111,大田区
533925943,76,769,5,14,0,0,16,236,1,1,16,37,8,64,5,18,6,63,35.581250000000004,139.67812500000002,13111,大田区
533925944,190,1185,1,1,2,3,52,389,6,77,40,132,5,16,18,63,28,309,35.581250000000004,139.68437500000002,13111,大田区
533925951,46,241,3,18,1,2,4,10,0,0,8,20,5,12,1,12,7,35,35.577083333333334,139.690625,13111,大田区
533925952,112,1610,15,158,2,3,25,1001,1,11,21,42,8,16,6,66,11,85,35.577083333333334,139.696875,13111,大田区
533925953,128,760,3,17,2,6,30,153,0,0,23,74,13,35,9,85,18,158,35.581250000000004,139.690625,13111,大田区
533925954,149,1895,20,205,2,8,42,657,0,0,14,34,5,12,14,61,17,266,35.581250000000004,139.696875,13111,大田区
533925961,167,1596,24,132,3,7,35,319,0,0,19,82,4,22,13,97,15,347,35.577083333333334,139.703125,13111,大田区
533925962,112,700,10,79,0,0,24,137,1,4,17,32,5,30,8,32,14,194,35.577083333333334,139.709375,13111,大田区
533925963,99,1181,22,601,0,0,20,115,2,6,7,23,4,21,8,145,4,32,35.581250000000004,139.703125,13111,大田区
533925964,46,159,2,2,2,4,6,12,2,4,12,23,4,14,0,0,6,69,35.581250000000004,139.709375,13111,大田区
533925971,206,2383,19,190,2,7,50,398,2,28,21,60,11,38,20,86,16,936,35.577083333333334,139.71562500000002,13111,大田区
533925972,175,1448,66,291,1,1,21,85,0,0,8,31,7,30,9,23,12,371,35.577083333333334,139.721875,13111,大田区
533925973,115,963,3,35,2,25,19,265,1,16,12,21,6,25,8,51,18,256,35.581250000000004,139.71562500000002,13111,大田区
533925974,209,2232,14,180,4,6,50,776,2,24,27,60,13,48,36,159,20,287,35.581250000000004,139.721875,13111,大田区
533925981,165,1532,45,581,0,0,26,259,0,0,19,65,7,16,9,131,15,209,35.577083333333334,139.728125,13111,大田区
533925982,324,2334,19,284,6,44,72,604,4,35,56,133,9,28,57,354,32,256,35.577083333333334,139.734375,13111,大田区
533925983,191,1800,23,289,3,9,52,639,1,52,27,85,14,35,8,26,18,145,35.581250000000004,139.728125,13111,大田区
533925984,196,1209,19,125,2,43,46,328,2,4,29,89,8,21,22,72,10,158,35.581250000000004,139.734375,13111,大田区
533925991,54,1076,2,15,2,16,14,86,0,0,2,2,0,0,3,14,6,139,35.577083333333334,139.74062500000002,13111,大田区
533925992,136,5225,3,90,10,388,38,1046,0,0,5,266,4,156,3,19,0,0,35.577083333333334,139.74687500000002,13111,大田区
533925993,60,3193,0,0,1,174,15,652,0,0,8,45,4,148,5,31,4,77,35.581250000000004,139.74062500000002,13111,大田区
533925994,100,3338,3,13,5,186,29,1655,0,0,4,133,8,132,4,24,2,30,35.581250000000004,139.74687500000002,13111,大田区
533926414,11,407,0,0,0,0,0,0,0,0,0,0,0,0,0,0,0,0,35.53958333333333,139.771875,13111,大田区
533926423,9,462,0,0,0,0,1,11,0,0,0,0,0,0,0,0,0,0,35.53958333333333,139.77812500000002,13111,大田区
533926431,7,2150,0,0,0,0,1,46,0,0,0,0,0,0,3,38,0,0,35.53541666666666,139.790625,13111,大田区
533926432,6,209,0,0,0,0,1,9,0,0,0,0,1,18,1,2,0,0,35.53541666666666,139.796875,13111,大田区
533926433,15,1353,2,556,0,0,2,19,0,0,0,0,0,0,0,0,1,5,35.53958333333333,139.790625,13111,大田区
533926434,13,433,0,0,0,0,1,2,0,0,0,0,0,0,3,26,1,18,35.53958333333333,139.796875,13111,大田区
533926502,2,12,0,0,0,0,0,0,0,0,0,0,0,0,1,12,0,0,35.543749999999996,139.759375,13111,大田区
533926503,46,238,2,6,0,0,12,35,0,0,5,21,2,5,7,37,3,75,35.547916666666666,139.753125,13111,大田区
533926504,6,440,0,0,1,300,1,10,0,0,1,15,1,103,1,8,0,0,35.547916666666666,139.759375,13111,大田区
533926511,17,208,0,0,0,0,5,83,1,3,0,0,0,0,0,0,1,3,35.543749999999996,139.765625,13111,大田区
533926512,81,3389,0,0,3,31,15,195,6,54,2,19,0,0,22,545,2,125,35.543749999999996,139.771875,13111,大田区
533926513,3,64,0,0,0,0,0,0,0,0,0,0,0,0,3,64,0,0,35.547916666666666,139.765625,13111,大田区
533926521,36,186,0,0,0,0,0,0,0,0,0,0,0,0,0,0,1,3,35.543749999999996,139.77812500000002,13111,大田区
533926524,178,17692,0,0,0,0,54,1284,2,3,5,34,3,17,39,680,6,36,35.547916666666666,139.784375,13111,大田区
533926531,31,4380,0,0,1,2,3,15,0,0,1,1,0,0,1,23,1,11,35.543749999999996,139.790625,13111,大田区
533926533,2,23,0,0,0,0,1,8,0,0,0,0,0,0,0,0,0,0,35.547916666666666,139.790625,13111,大田区
533926601,97,4530,5,28,0,0,7,135,0,0,9,94,3,33,7,68,3,30,35.55208333333333,139.753125,13111,大田区
533926602,1,63,0,0,0,0,0,0,0,0,0,0,0,0,0,0,0,0,35.55208333333333,139.759375,13111,大田区
533926603,67,3542,5,285,5,50,6,56,0,0,3,188,4,503,4,24,0,0,35.55625,139.753125,13111,大田区
533926604,2,52,0,0,0,0,0,0,0,0,0,0,0,0,0,0,0,0,35.55625,139.759375,13111,大田区
533926622,73,15036,0,0,0,0,21,352,2,9,3,38,2,84,23,443,1,33,35.55208333333333,139.784375,13111,大田区
533926623,9,250,0,0,0,0,2,18,0,0,0,0,0,0,2,11,0,0,35.55625,139.77812500000002,13111,大田区
533926624,10,481,0,0,0,0,2,22,0,0,1,7,0,0,0,0,0,0,35.55625,139.784375,13111,大田区
533926631,37,998,0,0,1,63,11,95,0,0,1,2,0,0,14,249,1,5,35.55208333333333,139.790625,13111,大田区
533926701,57,782,38,431,1,1,4,36,0,0,0,0,0,0,1,7,3,243,35.56041666666666,139.753125,13111,大田区
533926721,17,1128,1,272,0,0,1,572,0,0,0,0,0,0,0,0,0,0,35.56041666666666,139.77812500000002,13111,大田区
533926722,4,151,0,0,0,0,0,0,0,0,0,0,0,0,0,0,0,0,35.56041666666666,139.784375,13111,大田区
533926801,1,0,0,0,0,0,0,0,0,0,0,0,1,0,0,0,0,0,35.56875,139.753125,13111,大田区
533926802,37,1109,13,279,0,0,4,65,0,0,3,31,0,0,0,0,0,0,35.56875,139.759375,13111,大田区
533926803,27,885,12,284,0,0,3,202,0,0,0,0,1,5,0,0,0,0,35.57291666666667,139.753125,13111,大田区
533926804,16,645,8,267,0,0,2,18,0,0,0,0,0,0,0,0,0,0,35.57291666666667,139.759375,13111,大田区
533926811,103,1998,44,968,0,0,14,263,1,8,5,37,1,1,0,0,0,0,35.56875,139.765625,13111,大田区
533926812,3,29,0,0,0,0,1,18,0,0,2,11,0,0,0,0,0,0,35.56875,139.771875,13111,大田区
533926813,77,1402,35,565,0,0,13,182,1,10,2,37,0,0,1,4,0,0,35.57291666666667,139.765625,13111,大田区
533926814,9,169,2,16,0,0,0,0,0,0,0,0,0,0,0,0,0,0,35.57291666666667,139.771875,13111,大田区
533926903,63,1324,0,0,0,0,29,726,0,0,4,33,0,0,1,2,0,0,35.581250000000004,139.753125,13111,大田区
533926904,188,3035,0,0,0,0,168,2791,8,58,2,6,0,0,0,0,0,0,35.581250000000004,139.759375,13111,大田区
533926913,87,529,2,21,0,0,66,403,1,14,1,14,0,0,13,55,0,0,35.581250000000004,139.765625,13111,大田区
533926914,19,691,0,0,0,0,4,35,0,0,1,1,0,0,0,0,0,0,35.581250000000004,139.771875,13111,大田区
533926921,12,216,2,28,0,0,0,0,0,0,0,0,0,0,0,0,1,10,35.577083333333334,139.77812500000002,13111,大田区
533926923,78,1390,50,915,0,0,4,84,0,0,2,16,0,0,0,0,0,0,35.581250000000004,139.77812500000002,13111,大田区
533926924,39,930,12,275,1,20,7,116,0,0,1,8,0,0,0,0,0,0,35.581250000000004,139.784375,13111,大田区
533934393,1,2,0,0,0,0,1,2,0,0,0,0,0,0,0,0,0,0,35.614583333333336,139.61562500000002,13112,世田谷区
533934394,100,658,2,3,5,20,15,80,1,1,9,50,12,43,8,40,14,92,35.614583333333336,139.62187500000002,13112,世田谷区
533934472,7,53,0,0,0,0,3,12,0,0,0,0,0,0,0,0,0,0,35.61875,139.596875,13112,世田谷区
533934473,60,281,6,19,1,1,8,53,0,0,2,5,4,7,1,9,5,66,35.62291666666667,139.59062500000002,13112,世田谷区
533934474,75,1034,9,38,1,5,6,18,0,0,8,47,3,368,1,8,8,191,35.62291666666667,139.596875,13112,世田谷区
533934481,21,181,0,0,1,2,3,28,0,0,1,5,1,3,2,15,1,1,35.61875,139.603125,13112,世田谷区
533934482,61,479,4,7,1,5,10,34,0,0,10,13,1,1,4,12,4,42,35.61875,139.609375,13112,世田谷区
533934483,77,427,4,14,1,2,10,20,0,0,7,25,6,14,6,18,12,178,35.62291666666667,139.603125,13112,世田谷区
533934484,85,816,6,20,1,1,21,207,0,0,15,40,2,9,5,51,6,83,35.62291666666667,139.609375,13112,世田谷区
533934491,102,916,5,23,0,0,21,133,0,0,13,33,8,51,3,22,15,281,35.61875,139.61562500000002,13112,世田谷区
533934492,66,1525,2,32,3,5,6,55,0,0,11,33,5,5,6,104,21,1155,35.61875,139.62187500000002,13112,世田谷区
533934493,43,440,0,0,2,4,6,33,0,0,1,1,2,5,3,12,13,234,35.62291666666667,139.61562500000002,13112,世田谷区
533934494,21,327,0,0,1,2,5,43,0,0,3,4,1,1,2,17,0,0,35.62291666666667,139.62187500000002,13112,世田谷区
533934572,57,303,3,13,2,2,15,104,1,2,7,20,2,5,3,16,3,53,35.62708333333333,139.596875,13112,世田谷区
533934574,37,463,1,11,1,2,8,207,0,0,4,7,0,0,3,11,4,132,35.63125,139.596875,13112,世田谷区
533934581,58,552,3,44,1,1,11,88,1,1,7,47,1,8,3,18,5,78,35.62708333333333,139.603125,13112,世田谷区
533934582,27,237,2,2,1,5,5,41,0,0,3,9,0,0,1,8,1,39,35.62708333333333,139.609375,13112,世田谷区
533934583,73,951,1,4,1,2,20,365,0,0,8,16,5,16,6,159,7,65,35.63125,139.603125,13112,世田谷区
533934584,27,276,0,0,1,2,5,46,1,1,5,18,4,43,1,9,3,93,35.63125,139.609375,13112,世田谷区
533934591,51,410,3,30,0,0,6,11,0,0,8,21,9,21,1,3,3,60,35.62708333333333,139.61562500000002,13112,世田谷区
533934592,29,147,1,3,1,4,2,18,1,4,2,2,2,6,3,7,2,18,35.62708333333333,139.62187500000002,13112,世田谷区
533934593,7,149,1,7,0,0,0,0,0,0,0,0,1,14,1,7,1,9,35.63125,139.61562500000002,13112,世田谷区
533934594,39,719,0,0,0,0,22,421,2,17,1,2,1,1,3,35,0,0,35.63125,139.62187500000002,13112,世田谷区
533934671,187,1730,7,54,1,2,48,516,1,11,16,50,7,26,17,242,34,385,35.635416666666664,139.59062500000002,13112,世田谷区
533934672,61,768,2,4,1,1,16,163,0,0,7,21,4,6,2,26,10,191,35.635416666666664,139.596875,13112,世田谷区
533934673,31,780,0,0,0,0,2,2,0,0,2,7,3,9,2,13,4,46,35.639583333333334,139.59062500000002,13112,世田谷区
533934674,417,4499,0,0,5,15,110,1243,19,532,40,187,18,37,54,772,62,490,35.639583333333334,139.596875,13112,世田谷区
533934681,55,889,2,20,2,7,7,49,0,0,7,22,8,36,3,27,6,86,35.635416666666664,139.603125,13112,世田谷区
533934682,97,1111,3,5,6,35,14,180,1,2,9,39,9,23,15,66,10,90,35.635416666666664,139.609375,13112,世田谷区
533934683,152,1427,2,4,4,5,19,226,4,32,22,57,17,59,14,86,26,594,35.639583333333334,139.603125,13112,世田谷区
533934684,163,819,4,20,1,6,39,240,0,0,13,24,18,60,15,58,20,188,35.639583333333334,139.609375,13112,世田谷区
533934691,76,1361,4,57,2,69,16,118,1,13,2,4,9,357,6,76,10,295,35.635416666666664,139.61562500000002,13112,世田谷区
533934692,109,1457,4,20,3,6,32,454,1,1,7,30,10,20,4,30,12,186,35.635416666666664,139.62187500000002,13112,世田谷区
533934693,69,331,1,8,4,15,15,79,0,0,10,27,6,13,3,9,12,79,35.639583333333334,139.61562500000002,13112,世田谷区
533934694,71,823,4,24,1,1,26,309,0,0,7,28,3,4,2,8,10,184,35.639583333333334,139.62187500000002,13112,世田谷区
533934771,22,79,0,0,0,0,3,6,0,0,7,17,6,11,0,0,1,5,35.64375,139.59062500000002,13112,世田谷区
533934772,79,456,0,0,2,3,13,118,1,2,18,41,8,18,5,51,9,123,35.64375,139.596875,13112,世田谷区
533934774,53,723,1,3,2,9,12,83,0,0,10,88,3,11,4,51,11,429,35.64791666666667,139.596875,13112,世田谷区
533934781,72,1820,2,35,1,8,19,106,0,0,7,21,4,13,4,58,15,363,35.64375,139.603125,13112,世田谷区
533934782,290,2206,1,2,3,6,64,620,7,59,25,91,8,32,72,571,45,478,35.64375,139.609375,13112,世田谷区
533934783,35,189,0,0,0,0,3,9,0,0,12,33,5,16,1,1,6,48,35.64791666666667,139.603125,13112,世田谷区
533934784,103,588,3,4,1,1,27,180,2,2,10,23,3,11,8,26,22,233,35.64791666666667,139.609375,13112,世田谷区
533934791,84,1283,3,35,1,1,18,345,1,5,10,40,6,19,3,11,18,231,35.64375,139.61562500000002,13112,世田谷区
533934792,83,546,0,0,2,7,18,81,0,0,14,38,11,30,5,23,12,155,35.64375,139.62187500000002,13112,世田谷区
533934793,62,351,2,6,6,15,10,67,1,21,7,17,10,35,4,74,1,12,35.64791666666667,139.61562500000002,13112,世田谷区
533934794,390,3288,2,6,4,16,98,768,2,30,27,104,7,33,81,566,64,530,35.64791666666667,139.62187500000002,13112,世田谷区
533934872,34,624,1,1,3,7,5,137,0,0,4,12,3,6,3,65,8,200,35.65208333333334,139.596875,13112,世田谷区
533934873,110,964,8,12,2,8,15,114,0,0,14,36,14,43,12,98,13,430,35.65625000000001,139.59062500000002,13112,世田谷区
533934874,45,387,1,1,0,0,5,88,0,0,5,12,4,25,0,0,9,167,35.65625000000001,139.596875,13112,世田谷区
533934881,30,167,1,2,1,2,3,6,0,0,2,7,5,16,0,0,4,87,35.65208333333334,139.603125,13112,世田谷区
533934882,80,674,1,19,0,0,19,310,1,17,10,24,2,7,6,44,11,104,35.65208333333334,139.609375,13112,世田谷区
533934883,60,432,0,0,4,8,10,107,0,0,7,21,7,18,2,28,8,123,35.65625000000001,139.603125,13112,世田谷区
533934884,89,887,3,16,2,5,16,209,1,1,16,49,6,8,4,25,16,254,35.65625000000001,139.609375,13112,世田谷区
533934891,99,1744,2,23,2,5,24,211,0,0,9,17,2,3,6,53,17,334,35.65208333333334,139.61562500000002,13112,世田谷区
533934892,47,575,0,0,2,4,7,22,0,0,5,10,4,11,4,26,6,336,35.65208333333334,139.62187500000002,13112,世田谷区
533934893,56,992,0,0,1,7,15,247,0,0,2,2,1,1,5,150,6,158,35.65625000000001,139.61562500000002,13112,世田谷区
533934894,94,1120,7,26,3,10,18,422,0,0,5,25,2,27,8,75,12,132,35.65625000000001,139.62187500000002,13112,世田谷区
533934971,86,557,0,0,2,3,22,75,0,0,13,28,1,4,11,104,10,45,35.66041666666667,139.59062500000002,13112,世田谷区
533934972,27,281,0,0,1,2,3,5,0,0,5,26,1,1,2,9,4,169,35.66041666666667,139.596875,13112,世田谷区
533934973,77,913,4,58,2,31,18,182,2,2,6,19,7,19,5,107,10,169,35.66458333333334,139.59062500000002,13112,世田谷区
533934974,40,325,0,0,2,8,9,39,1,4,0,0,5,7,2,5,7,100,35.66458333333334,139.596875,13112,世田谷区
533934981,49,310,1,2,2,2,13,90,1,1,7,14,2,4,2,17,3,39,35.66041666666667,139.603125,13112,世田谷区
533934982,81,1149,0,0,3,6,19,242,0,0,10,35,3,20,2,11,11,243,35.66041666666667,139.609375,13112,世田谷区
533934983,179,987,6,33,3,18,45,192,3,12,12,33,13,78,17,50,30,292,35.66458333333334,139.603125,13112,世田谷区
533934984,49,816,1,7,1,2,3,14,0,0,10,24,3,37,4,85,11,296,35.66458333333334,139.609375,13112,世田谷区
533934991,58,1260,1,2,1,1,9,114,0,0,2,6,2,2,7,69,4,98,35.66041666666667,139.61562500000002,13112,世田谷区
533934992,89,1260,2,24,0,0,17,134,0,0,10,25,4,7,3,39,13,339,35.66041666666667,139.62187500000002,13112,世田谷区
533934993,65,433,3,10,2,4,12,40,0,0,20,41,2,3,2,5,9,221,35.66458333333334,139.61562500000002,13112,世田谷区
533934994,30,639,0,0,2,7,6,11,0,0,6,22,4,318,1,8,5,189,35.66458333333334,139.62187500000002,13112,世田谷区
533935032,77,401,4,7,5,15,18,85,0,0,9,21,5,8,13,110,5,15,35.58541666666667,139.671875,13111,大田区
533935033,42,172,1,5,1,4,6,27,0,0,10,19,9,17,2,27,4,29,35.58958333333334,139.665625,13111,大田区
533935034,98,689,6,26,4,14,26,283,0,0,13,25,7,19,7,69,12,105,35.58958333333334,139.671875,13111,大田区
533935041,88,475,3,37,4,11,19,123,1,3,16,35,8,12,3,10,10,122,35.58541666666667,139.67812500000002,13111,大田区
533935042,182,1386,3,10,5,9,37,579,2,25,26,54,9,28,21,162,27,263,35.58541666666667,139.68437500000002,13111,大田区
533935043,238,2445,5,30,7,34,58,539,5,47,17,39,13,81,36,196,29,230,35.58958333333334,139.67812500000002,13111,大田区
533935044,110,624,8,55,2,12,19,113,1,2,17,34,7,11,7,19,16,127,35.58958333333334,139.68437500000002,13111,大田区
533935051,71,625,6,25,2,2,5,24,0,0,19,44,4,7,6,34,7,152,35.58541666666667,139.690625,13111,大田区
533935052,173,2281,36,774,3,3,34,550,0,0,19,82,6,14,4,35,21,334,35.58541666666667,139.696875,13111,大田区
533935053,57,290,7,31,1,1,11,45,0,0,4,6,4,11,2,3,5,32,35.58958333333334,139.690625,13111,大田区
533935054,168,1226,22,86,2,5,40,304,1,9,11,35,7,34,16,54,11,88,35.58958333333334,139.696875,13111,大田区
533935061,181,1700,5,34,0,0,39,424,0,0,33,90,8,41,19,93,25,292,35.58541666666667,139.703125,13111,大田区
533935062,132,774,9,97,2,2,27,192,0,0,12,34,5,22,18,73,20,167,35.58541666666667,139.709375,13111,大田区
533935063,109,700,14,104,4,8,15,80,0,0,30,56,6,9,4,15,11,145,35.58958333333334,139.703125,13111,大田区
533935064,138,1107,9,24,1,3,32,237,2,29,23,60,9,17,8,55,13,147,35.58958333333334,139.709375,13111,大田区
533935071,54,315,3,19,4,10,8,97,0,0,13,29,3,4,1,8,6,54,35.58541666666667,139.71562500000002,13111,大田区
533935072,158,898,7,22,8,33,44,243,2,2,25,81,10,68,4,12,17,117,35.58541666666667,139.721875,13111,大田区
533935073,84,549,6,50,0,0,24,170,0,0,15,29,6,14,1,2,4,20,35.58958333333334,139.71562500000002,13111,大田区
533935074,118,569,5,24,3,33,17,82,2,9,24,50,21,49,9,38,9,113,35.58958333333334,139.721875,13111,大田区
533935081,834,7037,20,150,23,302,150,1130,18,423,70,228,74,402,199,1176,90,1125,35.58541666666667,139.728125,13111,大田区
533935082,351,6754,17,108,15,146,86,3187,5,59,37,154,24,469,44,570,20,280,35.58541666666667,139.734375,13111,大田区
533935083,843,19133,23,293,51,1303,224,3266,24,666,67,407,49,180,144,1623,62,3413,35.58958333333334,139.728125,13111,大田区
533935084,474,16934,35,2249,34,5436,120,3721,10,306,45,334,32,765,60,620,20,345,35.58958333333334,139.734375,13109,品川区
533935091,82,3477,2,20,3,37,14,596,0,0,1,1,1,14,9,168,1,2,35.58541666666667,139.74062500000002,13111,大田区
533935092,96,1966,0,0,0,0,21,357,0,0,1,110,0,0,0,0,1,3,35.58541666666667,139.74687500000002,13111,大田区
533935093,5,37,0,0,0,0,2,16,0,0,0,0,0,0,1,13,0,0,35.58958333333334,139.74062500000002,13109,品川区
533935094,1,1,0,0,0,0,1,1,0,0,0,0,0,0,0,0,0,0,35.58958333333334,139.74687500000002,13111,大田区
533935114,49,717,3,20,2,1,14,210,0,0,5,8,1,12,3,18,2,59,35.59791666666667,139.646875,13112,世田谷区
533935121,28,366,3,37,0,0,4,32,0,0,4,24,2,5,2,16,3,74,35.59375,139.65312500000002,13112,世田谷区
533935122,45,202,2,5,4,18,7,25,1,3,15,43,5,13,2,5,1,7,35.59375,139.659375,13111,大田区
533935123,87,1426,10,145,3,10,15,67,0,0,4,8,5,10,5,41,5,133,35.59791666666667,139.65312500000002,13112,世田谷区
533935124,60,238,2,8,1,1,4,6,3,8,28,64,6,11,1,3,1,15,35.59791666666667,139.659375,13111,大田区
533935131,42,181,0,0,2,13,5,13,2,4,18,36,3,13,2,23,2,14,35.59375,139.665625,13111,大田区
533935132,99,608,3,81,1,1,23,92,1,1,13,28,7,40,10,31,12,86,35.59375,139.671875,13111,大田区
533935133,156,1417,1,2,0,0,46,515,5,41,24,84,10,41,15,156,21,345,35.59791666666667,139.665625,13111,大田区
533935134,142,802,5,19,0,0,38,161,2,2,17,54,6,36,11,89,20,131,35.59791666666667,139.671875,13112,世田谷区
533935141,133,2672,8,654,2,351,25,235,2,41,18,103,11,147,11,65,23,213,35.59375,139.67812500000002,13112,世田谷区
533935142,192,1334,6,216,8,38,44,294,2,11,23,57,15,43,18,141,27,189,35.59375,139.68437500000002,13111,大田区
533935143,60,372,2,3,4,6,4,9,2,8,10,16,6,12,9,100,7,103,35.59791666666667,139.67812500000002,13112,世田谷区
533935144,164,1129,4,46,1,23,35,273,1,4,25,67,12,35,18,55,26,302,35.59791666666667,139.68437500000002,13111,大田区
533935151,93,1609,6,16,1,4,20,156,0,0,11,24,2,6,8,71,13,1150,35.59375,139.690625,13111,大田区
533935152,117,960,21,195,2,3,25,300,1,1,5,6,15,31,3,43,9,64,35.59375,139.696875,13111,大田区
533935153,170,877,8,90,8,9,30,272,1,10,28,63,14,55,20,59,22,170,35.59791666666667,139.690625,13111,大田区
533935154,60,357,0,0,5,11,7,16,0,0,10,17,1,1,6,41,8,112,35.59791666666667,139.696875,13111,大田区
533935161,124,1168,13,177,4,21,17,227,1,10,14,21,13,27,7,77,15,386,35.59375,139.703125,13111,大田区
533935162,131,1037,18,92,4,8,31,235,2,3,21,64,6,55,6,55,12,172,35.59375,139.709375,13111,大田区
533935163,129,3389,9,152,8,14,22,2070,0,0,25,72,9,234,6,85,8,115,35.59791666666667,139.703125,13111,大田区
533935164,161,1325,12,151,3,9,29,294,1,10,26,49,5,21,19,192,20,305,35.59791666666667,139.709375,13111,大田区
533935171,107,1074,12,107,5,22,21,407,2,11,10,17,10,23,6,17,10,142,35.59375,139.71562500000002,13111,大田区
533935172,157,719,3,11,6,28,42,172,3,15,23,65,14,82,13,46,15,176,35.59375,139.721875,13111,大田区
533935173,186,851,29,120,6,49,30,111,1,1,16,42,13,41,8,30,18,174,35.59791666666667,139.71562500000002,13109,品川区
533935174,153,805,17,106,1,1,22,109,5,20,30,138,8,34,7,19,17,195,35.59791666666667,139.721875,13109,品川区
533935181,116,611,6,38,1,4,21,114,0,0,22,52,8,39,14,122,16,87,35.59375,139.728125,13111,大田区
533935182,283,3444,28,303,5,23,62,820,3,211,39,108,24,76,21,228,19,387,35.59375,139.734375,13109,品川区
533935183,148,1128,4,25,5,12,31,174,0,0,29,58,10,24,8,26,22,260,35.59791666666667,139.728125,13109,品川区
533935184,149,876,15,98,2,2,35,238,2,25,21,96,3,7,16,78,11,75,35.59791666666667,139.734375,13109,品川区
533935191,36,605,4,30,1,6,3,46,0,0,1,2,2,22,8,28,1,8,35.59375,139.74062500000002,13109,品川区
533935192,38,308,1,11,0,0,1,9,0,0,1,21,1,3,2,2,0,0,35.59375,139.74687500000002,13109,品川区
533935193,177,1181,20,176,1,18,34,211,0,0,22,84,6,8,30,155,17,156,35.59791666666667,139.74062500000002,13109,品川区
533935194,87,2469,3,27,1,1,26,891,0,0,3,22,3,34,5,77,5,340,35.59791666666667,139.74687500000002,13109,品川区
533935204,28,179,2,11,0,0,4,11,1,3,5,27,4,7,2,34,0,0,35.60625,139.634375,13112,世田谷区
533935211,34,519,2,13,0,0,3,69,0,0,5,12,7,14,0,0,2,366,35.60208333333333,139.640625,13112,世田谷区
533935212,46,316,0,0,3,12,4,26,2,21,11,20,4,28,4,61,6,115,35.60208333333333,139.646875,13112,世田谷区
533935213,37,166,0,0,2,3,8,57,0,0,5,23,3,6,3,8,2,5,35.60625,139.640625,13112,世田谷区
533935214,118,1055,7,89,4,13,27,223,3,9,15,51,11,60,12,168,15,181,35.60625,139.646875,13112,世田谷区
533935221,81,618,1,2,3,10,27,364,0,0,10,25,12,50,2,4,5,24,35.60208333333333,139.65312500000002,13112,世田谷区
533935222,116,796,1,1,2,5,38,171,0,0,13,26,7,10,14,82,16,113,35.60208333333333,139.659375,13112,世田谷区
533935223,297,2319,5,14,3,16,63,537,6,42,23,80,12,44,43,257,50,425,35.60625,139.65312500000002,13112,世田谷区
533935224,125,643,2,5,5,8,31,159,2,19,18,49,8,14,8,41,20,178,35.60625,139.659375,13112,世田谷区
533935231,119,1002,3,14,2,2,31,403,0,0,27,84,14,90,3,10,16,247,35.60208333333333,139.665625,13112,世田谷区
533935232,240,1395,2,2,9,21,60,369,2,22,24,66,12,28,25,124,40,448,35.60208333333333,139.671875,13112,世田谷区
533935233,574,5319,8,48,10,98,128,1114,19,595,52,394,26,96,96,902,67,691,35.60625,139.665625,13112,世田谷区
533935234,553,4800,7,22,8,64,184,1531,9,80,66,252,31,83,103,926,46,695,35.60625,139.671875,13112,世田谷区
533935241,72,414,2,10,2,5,16,103,0,0,16,32,4,10,3,13,11,116,35.60208333333333,139.67812500000002,13112,世田谷区
533935242,65,252,3,23,6,11,11,27,0,0,8,13,8,15,5,12,9,57,35.60208333333333,139.68437500000002,13111,大田区
533935243,113,553,9,17,3,6,22,151,1,3,16,39,7,17,14,62,15,149,35.60625,139.67812500000002,13112,世田谷区
533935244,199,4750,1,11,4,23,38,561,6,52,24,77,7,233,46,354,34,787,35.60625,139.68437500000002,13110,目黒区
533935251,56,432,4,21,3,20,7,41,0,0,12,51,1,2,5,44,7,118,35.60208333333333,139.690625,13111,大田区
533935252,306,1968,15,71,9,19,83,617,4,44,39,93,14,153,42,240,36,419,35.60208333333333,139.696875,13111,大田区
533935253,89,651,3,7,3,6,19,120,0,0,15,25,4,9,6,15,13,178,35.60625,139.690625,13111,大田区
533935254,133,1109,8,83,8,24,17,122,1,3,29,64,13,81,5,39,13,285,35.60625,139.696875,13109,品川区
533935261,190,1227,7,22,4,10,45,324,1,1,29,62,11,45,11,49,19,322,35.60208333333333,139.703125,13109,品川区
533935262,326,2178,24,86,6,11,76,565,2,27,35,129,9,25,48,334,51,619,35.60208333333333,139.709375,13109,品川区
533935263,329,2455,8,43,10,30,59,417,5,60,57,214,11,32,75,443,36,261,35.60625,139.703125,13109,品川区
533935264,223,1370,13,85,1,1,52,316,2,13,38,100,8,14,23,120,29,256,35.60625,139.709375,13109,品川区
533935271,246,1634,49,328,3,10,48,355,0,0,30,105,10,22,21,61,24,235,35.60208333333333,139.71562500000002,13109,品川区
533935272,275,1733,61,270,3,10,42,245,3,32,40,67,13,154,33,252,31,517,35.60208333333333,139.721875,13109,品川区
533935273,307,1782,18,62,4,7,68,515,2,27,46,92,14,44,39,198,38,349,35.60625,139.71562500000002,13109,品川区
533935274,215,1212,30,113,4,61,32,321,0,0,72,133,10,82,16,40,16,293,35.60625,139.721875,13109,品川区
533935281,179,1677,6,21,7,333,21,244,1,7,58,107,9,254,10,42,23,173,35.60208333333333,139.728125,13109,品川区
533935282,251,2988,9,101,10,193,56,303,2,15,47,390,9,158,30,154,25,1410,35.60208333333333,139.734375,13109,品川区
533935283,344,4884,13,63,11,1009,50,1691,3,23,68,162,6,20,60,276,41,582,35.60625,139.728125,13109,品川区
533935284,1009,14360,18,220,19,886,235,3596,15,270,92,838,42,217,299,2734,65,1072,35.60625,139.734375,13109,品川区
533935291,181,2713,41,370,3,38,42,413,0,0,13,91,4,15,11,117,14,143,35.60208333333333,139.74062500000002,13109,品川区
533935292,37,10029,2,4,2,312,12,112,0,0,0,0,0,0,3,8,0,0,35.60208333333333,139.74687500000002,13109,品川区
533935293,255,2275,7,43,16,289,47,344,1,3,36,160,16,107,43,355,28,291,35.60625,139.74062500000002,13109,品川区
533935294,146,4589,10,359,5,1060,34,1258,0,0,11,83,12,258,7,26,13,183,35.60625,139.74687500000002,13109,品川区
533935301,339,15821,2,207,13,11048,155,1536,10,162,20,230,16,105,38,715,21,281,35.610416666666666,139.628125,13112,世田谷区
533935302,68,945,1,2,2,11,7,36,3,7,18,38,8,31,3,9,8,126,35.610416666666666,139.634375,13112,世田谷区
533935303,714,7137,4,21,6,30,317,2883,11,191,35,311,32,148,119,1720,58,561,35.614583333333336,139.628125,13112,世田谷区
533935304,74,704,1,2,3,12,15,139,0,0,8,16,14,29,3,13,11,100,35.614583333333336,139.634375,13112,世田谷区
533935311,123,886,1,2,2,3,26,171,2,20,24,59,4,6,12,72,21,230,35.610416666666666,139.640625,13112,世田谷区
533935312,166,1540,4,19,5,52,33,291,5,61,15,66,6,15,18,148,34,482,35.610416666666666,139.646875,13112,世田谷区
533935313,145,938,4,13,3,16,36,316,1,4,10,26,13,24,16,138,22,193,35.614583333333336,139.640625,13112,世田谷区
533935314,84,1402,5,31,1,1,18,67,1,2,8,23,9,18,6,85,14,175,35.614583333333336,139.646875,13112,世田谷区
533935321,125,934,5,80,6,15,19,90,1,1,23,47,11,23,8,46,15,327,35.610416666666666,139.65312500000002,13112,世田谷区
533935322,57,420,2,4,5,17,10,118,1,3,6,8,3,9,0,0,7,92,35.610416666666666,139.659375,13112,世田谷区
533935323,79,676,3,22,1,2,18,118,1,1,10,15,13,25,7,60,6,56,35.614583333333336,139.65312500000002,13112,世田谷区
533935324,106,1834,4,352,4,25,25,346,2,3,8,15,10,23,10,37,12,417,35.614583333333336,139.659375,13112,世田谷区
533935331,353,2577,1,4,6,33,120,694,9,201,43,202,18,112,35,411,31,213,35.610416666666666,139.665625,13110,目黒区
533935332,488,2953,5,53,7,99,161,728,6,37,50,172,29,152,97,550,34,243,35.610416666666666,139.671875,13110,目黒区
533935333,151,1918,5,36,6,31,37,807,0,0,21,54,16,58,7,77,16,278,35.614583333333336,139.665625,13110,目黒区
533935334,137,795,6,41,6,48,25,113,2,3,37,82,14,49,6,108,12,135,35.614583333333336,139.671875,13110,目黒区
533935341,110,720,6,83,5,37,16,121,3,13,21,54,19,65,3,11,10,136,35.610416666666666,139.67812500000002,13110,目黒区
533935342,271,1472,4,9,3,7,71,519,2,20,51,119,9,18,33,167,30,238,35.610416666666666,139.68437500000002,13110,目黒区
533935343,178,1406,12,374,3,13,37,276,3,13,28,65,13,28,16,92,23,278,35.614583333333336,139.67812500000002,13110,目黒区
533935344,119,774,9,43,4,4,26,136,1,3,24,59,10,21,6,51,14,261,35.614583333333336,139.68437500000002,13110,目黒区
533935351,106,1554,4,87,2,9,28,256,0,0,19,622,7,44,5,99,10,85,35.610416666666666,139.690625,13111,大田区
533935352,152,2177,4,13,2,35,35,506,4,39,22,48,9,18,14,64,25,1136,35.610416666666666,139.696875,13109,品川区
533935353,101,657,9,94,2,3,13,53,2,9,18,74,10,42,5,18,14,184,35.614583333333336,139.690625,13110,目黒区
533935354,417,1991,19,91,7,22,85,618,1,17,46,142,17,56,78,358,54,274,35.614583333333336,139.696875,13110,目黒区
533935361,163,6047,19,62,6,16,35,363,0,0,26,70,11,34,17,184,10,3253,35.610416666666666,139.703125,13109,品川区
533935362,352,1805,16,84,2,11,79,473,1,10,62,137,22,91,60,209,39,432,35.610416666666666,139.709375,13109,品川区
533935363,237,1525,54,435,6,24,32,278,3,19,44,97,15,29,17,65,17,198,35.614583333333336,139.703125,13109,品川区
533935364,289,2607,45,238,3,420,62,409,4,59,41,76,11,37,23,190,29,287,35.614583333333336,139.709375,13109,品川区
533935371,376,3064,33,661,9,39,69,707,1,9,52,132,24,87,29,213,39,299,35.610416666666666,139.71562500000002,13109,品川区
533935372,138,682,13,60,5,13,18,128,2,11,34,57,6,15,8,18,12,82,35.610416666666666,139.721875,13109,品川区
533935373,431,2905,36,316,10,28,103,829,3,6,56,181,14,46,63,507,49,463,35.614583333333336,139.71562500000002,13109,品川区
533935374,276,1143,11,35,2,37,59,264,5,57,48,109,8,10,30,84,28,154,35.614583333333336,139.721875,13109,品川区
533935381,146,2749,10,25,3,26,17,113,0,0,14,63,14,245,13,41,20,183,35.610416666666666,139.728125,13109,品川区
533935382,73,1673,9,378,1,9,9,92,0,0,10,29,3,40,11,26,5,136,35.610416666666666,139.734375,13109,品川区
533935383,206,9752,26,273,15,4924,36,2560,2,12,34,62,10,1023,21,85,14,141,35.614583333333336,139.728125,13109,品川区
533935384,77,2723,25,578,0,0,21,427,0,0,4,7,5,1384,2,28,3,101,35.614583333333336,139.734375,13109,品川区
533935391,318,3786,22,285,20,232,66,989,6,49,36,90,22,131,43,325,21,286,35.610416666666666,139.74062500000002,13109,品川区
533935392,356,22617,17,611,31,12560,89,3987,12,597,21,168,13,89,60,641,33,1942,35.610416666666666,139.74687500000002,13109,品川区
533935393,233,2564,15,224,10,347,58,713,1,1,24,153,12,61,17,61,15,192,35.614583333333336,139.74062500000002,13109,品川区
533935394,211,3637,11,271,9,206,65,1320,1,11,18,103,14,215,15,82,16,200,35.614583333333336,139.74687500000002,13109,品川区
533935401,132,882,3,15,5,23,27,166,2,4,16,40,12,27,14,130,20,301,35.61875,139.628125,13112,世田谷区
533935402,100,1030,4,20,4,4,28,206,1,21,7,19,7,9,6,33,15,209,35.61875,139.634375,13112,世田谷区
533935403,153,1214,6,41,10,52,30,229,1,23,18,60,12,112,14,70,16,222,35.62291666666667,139.628125,13112,世田谷区
533935404,183,1861,4,18,8,16,46,538,0,0,19,75,17,169,5,49,22,249,35.62291666666667,139.634375,13112,世田谷区
533935411,133,739,4,22,3,7,27,194,2,12,12,24,12,60,14,47,19,113,35.61875,139.640625,13112,世田谷区
533935412,51,286,1,2,2,4,12,59,0,0,7,23,6,12,0,0,6,45,35.61875,139.646875,13112,世田谷区
533935413,47,1439,0,0,2,3,8,76,2,5,1,3,1,1,5,43,11,207,35.62291666666667,139.640625,13112,世田谷区
533935414,50,876,3,8,6,13,3,12,0,0,5,11,4,6,4,22,14,258,35.62291666666667,139.646875,13112,世田谷区
533935421,125,1225,12,60,3,13,31,333,0,0,8,16,4,27,11,95,16,162,35.61875,139.65312500000002,13112,世田谷区
533935422,82,491,2,7,3,4,19,64,1,12,4,7,9,15,9,28,7,76,35.61875,139.659375,13112,世田谷区
533935423,104,596,3,10,1,2,29,164,1,6,8,22,6,19,18,205,11,44,35.62291666666667,139.65312500000002,13112,世田谷区
533935424,97,968,1,2,2,7,13,127,2,4,10,38,8,23,11,318,8,146,35.62291666666667,139.659375,13112,世田谷区
533935431,97,524,2,3,2,3,15,132,5,6,19,48,14,29,6,29,10,208,35.61875,139.665625,13112,世田谷区
533935432,190,1447,4,32,1,1,56,372,0,0,21,59,8,31,22,156,34,305,35.61875,139.671875,13110,目黒区
533935433,68,401,2,6,8,17,13,93,1,5,14,38,7,12,3,35,5,33,35.62291666666667,139.665625,13110,目黒区
533935434,73,546,1,2,2,2,12,50,1,2,16,37,11,32,5,11,10,74,35.62291666666667,139.671875,13110,目黒区
533935441,412,3751,6,85,9,40,75,706,8,151,68,225,28,88,60,806,51,462,35.61875,139.67812500000002,13110,目黒区
533935442,85,762,2,5,5,11,13,216,1,16,14,34,10,16,5,63,9,93,35.61875,139.68437500000002,13110,目黒区
533935443,93,585,5,34,6,57,21,137,1,3,23,46,18,42,3,11,4,115,35.62291666666667,139.67812500000002,13110,目黒区
533935444,198,2375,12,119,2,58,57,1303,5,50,38,113,14,67,13,131,14,228,35.62291666666667,139.68437500000002,13110,目黒区
533935451,140,867,23,91,4,9,28,155,1,12,22,60,8,11,4,20,11,167,35.61875,139.690625,13110,目黒区
533935452,192,903,23,89,4,20,27,142,1,1,39,74,8,19,12,46,22,201,35.61875,139.696875,13110,目黒区
533935453,133,910,15,155,5,8,22,204,4,9,22,56,13,40,12,91,13,173,35.62291666666667,139.690625,13110,目黒区
533935454,229,1419,25,135,3,7,54,420,1,1,33,64,8,13,17,85,24,291,35.62291666666667,139.696875,13110,目黒区
533935461,597,3935,25,215,8,32,159,1168,9,49,71,238,19,67,122,978,58,574,35.61875,139.703125,13109,品川区
533935462,267,1776,27,172,1,2,63,562,7,42,40,102,10,39,37,221,24,299,35.61875,139.709375,13109,品川区
533935463,136,952,13,96,2,130,24,129,0,0,16,32,8,22,25,96,17,147,35.62291666666667,139.703125,13109,品川区
533935464,179,1585,38,253,4,108,33,611,2,18,26,56,16,45,15,162,12,142,35.62291666666667,139.709375,13109,品川区
533935471,265,5068,34,251,11,635,59,1579,3,18,37,139,15,234,16,85,15,163,35.61875,139.71562500000002,13109,品川区
533935472,191,1867,15,133,12,449,31,361,2,30,38,80,15,100,8,15,19,154,35.61875,139.721875,13109,品川区
533935473,306,4641,39,619,19,776,68,1134,5,184,41,100,26,212,20,171,14,226,35.62291666666667,139.71562500000002,13109,品川区
533935474,1164,23876,53,926,135,4990,335,4994,31,1115,81,1061,124,2011,147,1255,47,808,35.62291666666667,139.721875,13109,品川区
533935481,675,36241,30,2118,47,4888,190,16638,50,1497,40,1494,48,3261,96,1362,46,481,35.61875,139.728125,13109,品川区
533935482,228,14810,20,2477,21,3214,36,3487,14,343,28,297,41,2830,5,99,15,267,35.61875,139.734375,13109,品川区
533935483,397,34867,25,2797,47,16003,97,7220,5,2358,31,649,42,1011,42,487,23,259,35.62291666666667,139.728125,13109,品川区
533935484,227,11045,7,151,20,2999,52,3779,9,760,25,290,29,133,14,226,16,611,35.62291666666667,139.734375,13109,品川区
533935491,249,2990,7,57,13,326,57,796,4,21,23,62,7,48,45,230,30,437,35.61875,139.74062500000002,13109,品川区
533935492,135,3513,10,99,5,132,35,2059,3,26,12,24,5,7,15,89,20,294,35.61875,139.74687500000002,13109,品川区
533935493,311,8974,11,170,36,2839,75,1038,4,65,20,69,25,244,41,278,20,604,35.62291666666667,139.74062500000002,13109,品川区
533935494,249,13030,9,343,37,2677,66,3178,5,200,17,585,34,2216,20,618,8,359,35.62291666666667,139.74687500000002,13109,品川区
533935501,68,1864,2,38,2,50,19,775,2,189,7,174,6,19,5,139,5,73,35.62708333333333,139.628125,13112,世田谷区
533935502,585,10507,13,81,14,1507,122,1646,10,314,62,2978,43,415,83,865,86,709,35.62708333333333,139.634375,13112,世田谷区
533935503,60,663,3,19,1,1,13,77,0,0,6,9,5,11,5,19,8,162,35.63125,139.628125,13112,世田谷区
533935504,130,1011,2,13,4,13,30,170,3,19,20,51,17,47,3,10,12,102,35.63125,139.634375,13112,世田谷区
533935511,74,3392,6,50,0,0,15,2258,1,1,11,34,11,376,7,287,0,0,35.62708333333333,139.640625,13112,世田谷区
533935512,105,1249,3,10,4,27,22,479,2,6,16,38,9,26,9,63,7,102,35.62708333333333,139.646875,13112,世田谷区
533935513,245,3182,17,229,12,228,53,984,3,37,25,101,19,149,26,201,33,365,35.63125,139.640625,13112,世田谷区
533935514,258,2258,4,8,5,29,61,654,2,20,33,201,12,44,41,459,37,367,35.63125,139.646875,13112,世田谷区
533935521,93,853,3,26,6,105,26,157,1,4,7,15,7,32,8,41,12,162,35.62708333333333,139.65312500000002,13112,世田谷区
533935522,12,1422,0,0,1,2,4,28,0,0,1,2,0,0,2,16,1,8,35.62708333333333,139.659375,13112,世田谷区
533935523,208,1506,6,28,7,19,44,341,5,13,18,42,26,333,24,125,20,200,35.63125,139.65312500000002,13112,世田谷区
533935524,300,3041,9,148,13,146,66,836,5,49,30,143,30,214,41,304,37,356,35.63125,139.659375,13112,世田谷区
533935531,54,2169,1,4,2,4,10,44,0,0,4,12,5,17,9,103,9,1893,35.62708333333333,139.665625,13110,目黒区
533935532,96,840,3,26,2,15,23,259,0,0,19,88,11,27,4,58,17,198,35.62708333333333,139.671875,13110,目黒区
533935533,102,490,2,9,4,9,9,37,2,4,26,55,12,36,4,18,13,120,35.63125,139.665625,13110,目黒区
533935534,137,1000,1,2,4,5,32,392,0,0,19,128,15,31,11,40,17,152,35.63125,139.671875,13112,世田谷区
533935541,111,879,5,27,8,123,28,367,2,2,10,24,10,25,4,34,15,132,35.62708333333333,139.67812500000002,13112,世田谷区
533935542,416,2800,6,9,11,69,103,721,8,78,57,164,17,59,69,551,63,626,35.62708333333333,139.68437500000002,13110,目黒区
533935543,90,419,5,14,5,41,14,81,1,1,26,65,9,13,3,26,9,119,35.63125,139.67812500000002,13112,世田谷区
533935544,461,2840,12,50,14,66,103,647,6,112,45,171,22,132,95,592,59,454,35.63125,139.68437500000002,13110,目黒区
533935551,209,2326,18,136,0,0,65,1038,3,7,27,202,17,60,21,104,20,189,35.62708333333333,139.690625,13110,目黒区
533935552,156,1992,17,218,4,7,29,195,5,38,19,71,11,40,14,140,20,339,35.62708333333333,139.696875,13110,目黒区
533935553,206,2167,12,297,3,15,33,266,3,17,23,61,22,101,19,100,35,650,35.63125,139.690625,13110,目黒区
533935554,156,990,11,87,5,19,45,195,1,2,20,52,8,14,15,101,18,264,35.63125,139.696875,13110,目黒区
533935561,83,283,4,11,7,14,4,14,3,3,23,44,8,21,3,5,6,72,35.62708333333333,139.703125,13110,目黒区
533935562,174,1701,14,220,9,41,37,701,2,3,16,44,9,50,12,81,20,171,35.62708333333333,139.709375,13110,目黒区
533935563,202,1105,8,17,7,21,54,314,0,0,34,91,18,54,15,50,18,115,35.63125,139.703125,13110,目黒区
533935564,383,5304,30,449,30,791,82,743,1,1,46,481,39,1109,26,152,36,386,35.63125,139.709375,13110,目黒区
533935571,369,6480,23,494,38,1721,88,1860,7,81,32,563,23,410,53,374,40,419,35.62708333333333,139.71562500000002,13109,品川区
533935572,1131,24244,27,1814,116,6954,260,4903,38,542,130,1441,120,1527,161,1729,63,1041,35.62708333333333,139.721875,13109,品川区
533935573,228,9280,9,28,16,4059,45,1141,10,969,30,99,30,920,12,136,13,233,35.63125,139.71562500000002,13109,品川区
533935574,173,1793,7,107,13,263,35,507,9,33,29,77,30,310,3,9,8,86,35.63125,139.721875,13109,品川区
533935581,718,16071,17,229,117,4469,125,1980,20,263,75,356,87,2527,91,888,33,363,35.62708333333333,139.728125,13109,品川区
533935582,320,9042,4,100,10,396,83,1365,6,9,33,111,43,419,37,2650,19,182,35.62708333333333,139.734375,13103,港区
533935583,264,4325,6,47,17,261,50,584,6,24,35,178,31,126,26,178,32,1897,35.63125,139.728125,13109,品川区
533935584,195,5219,6,33,12,574,32,314,4,9,22,163,22,173,18,1839,18,682,35.63125,139.734375,13103,港区
533935591,874,42008,28,3710,70,8275,302,11199,59,1550,37,1947,63,2072,129,1762,39,723,35.62708333333333,139.74062500000002,13103,港区
533935592,237,11238,12,413,18,1495,88,6462,6,229,6,29,17,416,23,233,14,150,35.62708333333333,139.74687500000002,13103,港区
533935593,348,26739,10,871,40,7651,75,6876,6,1320,23,164,23,431,61,1204,18,376,35.63125,139.74062500000002,13103,港区
533935594,259,16544,12,794,33,4605,60,5498,10,332,16,122,26,1094,16,323,21,454,35.63125,139.74687500000002,13103,港区
533935601,68,1455,0,0,5,13,13,66,2,2,8,16,9,15,6,61,13,1117,35.635416666666664,139.628125,13112,世田谷区
533935602,21,408,0,0,2,2,2,28,1,1,1,11,2,6,3,30,5,60,35.635416666666664,139.634375,13112,世田谷区
533935603,87,520,4,16,5,21,19,148,0,0,4,13,9,18,9,87,8,33,35.639583333333334,139.628125,13112,世田谷区
533935604,82,989,0,0,4,23,17,176,0,0,3,5,9,39,17,243,9,205,35.639583333333334,139.634375,13112,世田谷区
533935611,130,1125,4,25,4,6,23,236,0,0,25,58,13,26,10,63,14,207,35.635416666666664,139.640625,13112,世田谷区
533935612,109,788,2,12,3,5,29,172,3,8,9,21,10,25,9,81,13,161,35.635416666666664,139.646875,13112,世田谷区
533935613,164,1434,3,8,4,11,38,242,2,4,21,48,17,45,14,128,14,249,35.639583333333334,139.640625,13112,世田谷区
533935614,114,885,2,3,3,30,22,90,1,2,22,85,6,20,8,39,16,191,35.639583333333334,139.646875,13112,世田谷区
533935621,99,647,4,7,1,12,18,113,1,1,15,21,10,23,6,37,8,163,35.635416666666664,139.65312500000002,13112,世田谷区
533935622,140,1241,8,95,6,32,24,177,0,0,19,49,6,21,17,92,22,481,35.635416666666664,139.659375,13112,世田谷区
533935623,99,793,2,2,6,16,20,137,0,0,10,26,12,40,6,31,14,368,35.639583333333334,139.65312500000002,13112,世田谷区
533935624,112,764,5,24,6,12,28,165,0,0,10,20,11,53,7,47,12,143,35.639583333333334,139.659375,13112,世田谷区
533935631,233,2277,10,44,12,42,53,528,4,52,28,88,18,113,14,133,23,291,35.635416666666664,139.665625,13112,世田谷区
533935632,103,771,2,7,10,17,14,101,1,13,20,29,14,36,3,30,12,118,35.635416666666664,139.671875,13112,世田谷区
533935633,242,3346,9,41,14,670,54,350,3,20,28,79,14,51,21,110,25,212,35.639583333333334,139.665625,13112,世田谷区
533935634,232,2208,7,42,9,249,47,317,1,1,28,89,20,57,27,118,32,916,35.639583333333334,139.671875,13112,世田谷区
533935641,90,540,4,16,2,4,24,67,1,3,6,15,8,34,7,22,10,113,35.635416666666664,139.67812500000002,13112,世田谷区
533935642,91,346,4,14,8,26,14,89,1,1,14,26,18,50,5,19,5,62,35.635416666666664,139.68437500000002,13112,世田谷区
533935643,111,900,3,10,4,20,13,130,0,0,11,25,11,36,6,37,19,352,35.639583333333334,139.67812500000002,13112,世田谷区
533935644,156,870,6,15,7,30,51,281,0,0,15,32,15,40,8,49,18,131,35.639583333333334,139.68437500000002,13112,世田谷区
533935651,337,2206,8,41,7,21,80,631,2,38,50,138,23,70,44,299,38,448,35.635416666666664,139.690625,13110,目黒区
533935652,122,1109,4,9,4,30,29,143,2,10,11,40,6,34,13,76,19,153,35.635416666666664,139.696875,13110,目黒区
533935653,224,1333,9,141,19,92,42,185,1,10,33,108,19,35,29,181,25,247,35.639583333333334,139.690625,13110,目黒区
533935654,239,3063,12,55,9,44,47,235,4,9,21,51,12,106,38,171,26,552,35.639583333333334,139.696875,13110,目黒区
533935661,117,885,8,29,11,67,17,199,0,0,22,63,12,41,8,35,8,135,35.635416666666664,139.703125,13110,目黒区
533935662,313,5348,6,23,41,1723,49,811,3,67,23,180,39,313,43,197,26,359,35.635416666666664,139.709375,13110,目黒区
533935663,243,2799,13,70,30,146,42,756,3,31,33,94,22,56,25,319,14,121,35.639583333333334,139.703125,13110,目黒区
533935664,139,1299,1,4,10,88,28,153,1,3,17,28,25,193,12,30,8,101,35.639583333333334,139.709375,13110,目黒区
533935671,887,18750,13,723,50,4485,163,2034,18,323,95,582,95,1457,157,2674,68,442,35.635416666666664,139.71562500000002,13109,品川区
533935672,279,2983,7,33,18,188,69,1349,3,41,25,182,32,184,28,146,28,289,35.635416666666664,139.721875,13103,港区
533935673,116,2986,5,20,5,18,24,1010,1,13,16,43,15,114,10,76,8,674,35.639583333333334,139.71562500000002,13109,品川区
533935674,148,2019,4,14,7,191,29,417,3,4,22,55,20,358,26,217,11,502,35.639583333333334,139.721875,13103,港区
533935681,143,1159,3,22,9,91,21,211,6,9,37,99,20,72,6,48,6,31,35.635416666666664,139.728125,13103,港区
533935682,199,3486,7,50,8,999,42,334,4,7,25,84,13,129,14,78,23,299,35.635416666666664,139.734375,13103,港区
533935683,150,3664,1,23,9,577,32,254,2,2,20,83,20,70,9,448,15,115,35.639583333333334,139.728125,13103,港区
533935684,147,1418,3,26,5,5,25,257,4,37,29,94,11,29,11,75,12,105,35.639583333333334,139.734375,13103,港区
533935691,122,2841,7,171,12,239,32,1235,1,1,7,24,15,82,6,69,9,110,35.635416666666664,139.74062500000002,13103,港区
533935692,66,2207,2,199,4,189,19,969,0,0,3,9,4,110,1,5,5,116,35.635416666666664,139.74687500000002,13103,港区
533935693,281,8324,12,350,39,3598,70,2665,1,11,33,107,31,258,20,207,17,172,35.639583333333334,139.74062500000002,13103,港区
533935694,324,20773,8,1268,29,4157,67,3952,4,179,16,577,28,1072,15,160,26,334,35.639583333333334,139.74687500000002,13103,港区
533935701,72,620,1,2,3,4,13,175,1,13,3,5,14,34,6,52,10,147,35.64375,139.628125,13112,世田谷区
533935702,41,721,1,9,2,4,11,128,1,1,4,6,6,13,3,339,1,41,35.64375,139.634375,13112,世田谷区
533935703,117,902,4,27,3,4,20,284,0,0,12,35,9,20,8,38,27,309,35.64791666666667,139.628125,13112,世田谷区
533935704,241,2777,2,8,3,87,48,635,1,21,25,113,20,69,42,416,38,391,35.64791666666667,139.634375,13112,世田谷区
533935711,72,351,2,3,3,6,15,42,0,0,12,27,5,17,1,7,9,124,35.64375,139.640625,13112,世田谷区
533935712,218,1890,3,11,3,20,54,407,2,90,23,88,10,36,28,91,37,519,35.64375,139.646875,13112,世田谷区
533935713,47,447,0,0,4,10,6,40,0,0,7,17,6,28,1,6,4,45,35.64791666666667,139.640625,13112,世田谷区
533935714,54,385,1,2,1,2,7,24,0,0,5,28,4,21,12,45,4,17,35.64791666666667,139.646875,13112,世田谷区
533935721,364,2600,3,7,7,35,87,541,4,37,27,85,18,39,77,330,57,562,35.64375,139.65312500000002,13112,世田谷区
533935722,157,2092,4,70,9,405,47,476,5,33,26,265,9,15,18,120,8,126,35.64375,139.659375,13112,世田谷区
533935723,88,3892,3,16,0,0,18,89,2,3,11,55,8,21,8,55,8,579,35.64791666666667,139.65312500000002,13112,世田谷区
533935724,115,809,11,104,0,0,25,121,0,0,9,25,6,19,11,66,20,245,35.64791666666667,139.659375,13112,世田谷区
533935731,266,1472,4,11,10,38,48,310,4,41,34,124,34,116,37,186,25,182,35.64375,139.665625,13112,世田谷区
533935732,853,14187,7,36,30,760,174,1992,24,474,91,540,42,331,210,1912,96,1132,35.64375,139.671875,13112,世田谷区
533935733,144,749,5,16,12,58,24,73,0,0,16,44,13,46,13,55,11,134,35.64791666666667,139.665625,13112,世田谷区
533935734,208,1217,12,121,7,15,60,387,1,9,9,34,7,32,34,143,26,300,35.64791666666667,139.671875,13112,世田谷区
533935741,117,2296,1,6,5,9,23,194,1,1,13,30,9,38,16,209,11,217,35.64375,139.67812500000002,13112,世田谷区
533935742,53,2779,0,0,3,8,8,51,0,0,6,14,7,214,5,26,6,1496,35.64375,139.68437500000002,13110,目黒区
533935743,358,3134,10,56,35,306,55,826,5,70,42,140,41,120,47,278,21,209,35.64791666666667,139.67812500000002,13112,世田谷区
533935744,198,1848,6,32,5,10,31,235,1,8,20,58,16,37,29,170,27,373,35.64791666666667,139.68437500000002,13110,目黒区
533935751,127,1086,3,32,4,12,24,85,1,11,17,40,11,19,13,85,16,590,35.64375,139.690625,13110,目黒区
533935752,580,8960,9,70,22,470,109,2722,9,124,71,260,50,367,134,1424,58,1143,35.64375,139.696875,13110,目黒区
533935753,262,5277,12,247,18,293,60,1502,3,92,34,208,31,800,34,522,13,193,35.64791666666667,139.690625,13110,目黒区
533935754,463,6512,22,329,24,541,119,1921,8,65,51,314,45,486,64,701,27,210,35.64791666666667,139.696875,13110,目黒区
533935761,396,5560,13,124,32,541,63,746,5,42,47,266,70,876,50,484,29,940,35.64375,139.703125,13110,目黒区
533935762,684,9932,21,187,58,851,118,3116,7,988,76,714,95,931,99,1070,38,255,35.64375,139.709375,13113,渋谷区
533935763,759,7881,18,447,54,1401,240,1903,4,7,58,881,93,610,63,664,41,159,35.64791666666667,139.703125,13113,渋谷区
533935764,2033,25036,28,177,163,4959,417,4267,24,1057,183,1027,193,3042,415,3839,125,886,35.64791666666667,139.709375,13113,渋谷区
533935771,515,17707,19,1008,58,5421,86,3589,9,94,61,411,59,3356,75,1057,21,148,35.64375,139.71562500000002,13113,渋谷区
533935772,343,1975,23,146,36,165,68,290,4,26,45,175,47,191,42,270,19,172,35.64375,139.721875,13103,港区
533935773,822,16613,20,1328,102,3112,133,2847,23,3684,92,696,134,1266,114,1102,38,419,35.64791666666667,139.71562500000002,13113,渋谷区
533935774,408,4430,13,205,24,378,91,1048,5,75,42,172,46,201,58,337,32,1205,35.64791666666667,139.721875,13113,渋谷区
533935781,199,2542,19,88,6,14,37,282,1,13,30,73,20,76,20,114,16,893,35.64375,139.728125,13103,港区
533935782,434,8266,25,906,34,1889,89,1913,29,1456,49,195,33,305,44,275,38,433,35.64375,139.734375,13103,港区
533935783,193,2684,7,22,22,1270,33,319,0,0,31,66,26,155,18,85,11,133,35.64791666666667,139.728125,13103,港区
533935784,275,2582,21,367,18,480,55,368,2,13,41,128,35,181,29,220,18,206,35.64791666666667,139.734375,13103,港区
533935791,304,12685,13,445,36,2351,68,3143,11,47,21,144,36,1716,15,206,12,180,35.64375,139.74062500000002,13103,港区
533935792,602,43635,19,1474,64,8656,142,10903,20,999,44,1074,55,3893,73,706,21,172,35.64375,139.74687500000002,13103,港区
533935793,282,6027,12,211,36,722,56,936,1,1,25,95,47,283,21,96,13,112,35.64791666666667,139.74062500000002,13103,港区
533935794,1150,29712,45,1779,120,6208,203,4790,21,336,85,1863,157,2673,181,1888,63,546,35.64791666666667,139.74687500000002,13103,港区
533935801,47,238,2,9,1,2,10,66,0,0,8,15,4,5,1,4,11,75,35.65208333333334,139.628125,13112,世田谷区
533935802,459,3492,2,5,7,61,116,1146,5,61,51,177,13,31,101,1003,69,658,35.65208333333334,139.634375,13112,世田谷区
533935803,87,977,6,59,2,9,14,149,2,16,7,12,7,11,11,51,15,191,35.65625000000001,139.628125,13112,世田谷区
533935804,91,572,0,0,4,10,21,118,1,1,8,14,4,14,9,54,17,166,35.65625000000001,139.634375,13112,世田谷区
533935811,216,2198,4,16,7,78,39,571,7,72,19,77,17,58,22,304,41,365,35.65208333333334,139.640625,13112,世田谷区
533935812,212,1223,4,57,2,3,52,289,1,18,17,57,12,25,40,198,37,404,35.65208333333334,139.646875,13112,世田谷区
533935813,73,539,3,20,3,64,12,87,0,0,8,42,11,27,3,54,7,71,35.65625000000001,139.640625,13112,世田谷区
533935814,161,1328,3,6,2,9,35,203,3,57,12,22,10,72,13,53,34,702,35.65625000000001,139.646875,13112,世田谷区
533935821,72,460,1,8,1,3,10,72,2,2,9,26,9,22,5,24,8,42,35.65208333333334,139.65312500000002,13112,世田谷区
533935822,105,672,4,10,7,29,23,118,1,3,19,59,14,39,4,52,7,25,35.65208333333334,139.659375,13112,世田谷区
533935823,295,3004,2,2,6,22,59,622,2,17,27,129,22,58,56,372,46,575,35.65625000000001,139.65312500000002,13112,世田谷区
533935824,112,629,4,18,6,23,25,233,1,1,18,35,12,38,7,59,11,33,35.65625000000001,139.659375,13112,世田谷区
533935831,174,1309,5,30,3,85,47,566,2,16,26,61,20,80,19,52,16,112,35.65208333333334,139.665625,13112,世田谷区
533935832,124,1119,4,9,6,47,31,218,0,0,17,47,6,9,11,63,18,264,35.65208333333334,139.671875,13112,世田谷区
533935833,198,1531,5,38,12,76,35,373,2,5,23,56,16,223,28,171,32,258,35.65625000000001,139.665625,13112,世田谷区
533935834,77,623,8,43,1,2,23,290,0,0,7,27,7,12,9,61,8,99,35.65625000000001,139.671875,13112,世田谷区
533935841,137,1283,5,76,5,100,24,306,0,0,15,41,19,50,16,120,12,202,35.65208333333334,139.67812500000002,13112,世田谷区
533935842,280,7103,4,30,24,975,60,870,6,560,25,153,26,247,40,458,35,1480,35.65208333333334,139.68437500000002,13110,目黒区
533935843,71,894,2,11,2,3,15,96,1,10,9,20,7,14,7,40,5,51,35.65625000000001,139.67812500000002,13112,世田谷区
533935844,155,1385,2,7,8,39,34,130,0,0,16,33,13,73,20,74,17,488,35.65625000000001,139.68437500000002,13110,目黒区
533935851,308,6728,12,137,45,1825,65,1624,2,65,28,81,49,681,23,109,12,215,35.65208333333334,139.690625,13110,目黒区
533935852,192,5095,11,150,31,1894,36,905,3,40,24,604,27,128,14,240,6,282,35.65208333333334,139.696875,13113,渋谷区
533935853,372,5037,12,68,38,867,57,748,4,99,57,697,60,239,42,202,12,93,35.65625000000001,139.690625,13110,目黒区
533935854,2154,54065,28,324,362,12692,241,3263,55,1869,275,9532,344,3457,328,5553,88,901,35.65625000000001,139.696875,13113,渋谷区
533935861,641,6343,22,165,48,1313,159,1740,1,0,52,206,99,636,62,523,30,341,35.65208333333334,139.703125,13113,渋谷区
533935862,601,6919,21,103,80,1376,124,1293,6,31,71,479,93,609,39,219,29,402,35.65208333333334,139.709375,13113,渋谷区
533935863,1404,35444,28,280,192,6093,233,4384,46,1844,165,1489,177,3781,194,2184,62,955,35.65625000000001,139.703125,13113,渋谷区
533935864,563,13875,19,484,96,3830,96,1492,6,52,60,1130,119,2135,30,222,21,218,35.65625000000001,139.709375,13113,渋谷区
533935871,137,3379,2,9,11,439,22,1061,1,14,24,266,27,311,4,35,9,120,35.65208333333334,139.71562500000002,13113,渋谷区
533935872,410,4971,9,54,10,86,84,1059,7,111,62,327,32,219,63,607,46,853,35.65208333333334,139.721875,13113,渋谷区
533935873,193,2997,8,32,19,81,35,148,5,14,24,96,28,99,27,225,8,1959,35.65625000000001,139.71562500000002,13113,渋谷区
533935874,251,2620,7,34,18,508,37,269,4,12,40,99,42,213,46,368,16,532,35.65625000000001,139.721875,13103,港区
533935881,84,1526,0,0,1,3,8,231,0,0,14,32,9,21,6,33,18,542,35.65208333333334,139.728125,13103,港区
533935882,347,3193,13,62,31,504,57,671,8,25,39,182,33,140,47,246,31,268,35.65208333333334,139.734375,13103,港区
533935883,183,1738,4,16,7,23,22,142,3,4,20,81,40,336,18,133,15,133,35.65625000000001,139.728125,13103,港区
533935884,818,6555,10,50,60,412,156,1317,12,134,112,543,83,446,160,1721,66,485,35.65625000000001,139.734375,13103,港区
533935891,96,4634,3,40,13,897,9,381,1,3,12,38,15,242,10,124,7,2566,35.65208333333334,139.74062500000002,13103,港区
533935892,752,27780,39,726,100,7708,200,5044,29,1765,67,1588,80,1920,40,1944,33,382,35.65208333333334,139.74687500000002,13103,港区
533935893,548,5951,21,155,66,1094,110,1316,5,68,55,199,71,297,44,371,43,460,35.65625000000001,139.74062500000002,13103,港区
533935894,164,3403,7,58,15,454,40,608,1,2,9,44,15,139,14,1398,5,70,35.65625000000001,139.74687500000002,13103,港区
533935901,47,356,1,1,3,4,6,18,1,6,7,19,4,5,2,11,3,54,35.66041666666667,139.628125,13112,世田谷区
533935902,25,1257,1,11,1,2,3,12,0,0,1,3,3,4,3,40,1,30,35.66041666666667,139.634375,13112,世田谷区
533935903,47,610,1,15,1,1,7,22,0,0,5,10,3,3,4,23,11,329,35.66458333333334,139.628125,13112,世田谷区
533935904,71,481,2,18,4,32,14,79,0,0,9,28,2,4,7,19,15,103,35.66458333333334,139.634375,13112,世田谷区
533935911,103,676,1,1,2,11,22,289,0,0,8,20,8,38,9,21,15,156,35.66041666666667,139.640625,13112,世田谷区
533935912,39,131,4,8,1,1,10,22,0,0,8,15,4,9,3,17,3,21,35.66041666666667,139.646875,13112,世田谷区
533935913,296,2197,1,2,6,20,73,556,4,45,32,108,7,25,49,429,47,386,35.66458333333334,139.640625,13112,世田谷区
533935914,63,551,1,4,1,8,10,90,0,0,12,32,8,31,6,25,6,148,35.66458333333334,139.646875,13112,世田谷区
533935921,123,1041,0,0,4,8,30,259,0,0,15,41,8,28,16,68,16,191,35.66041666666667,139.65312500000002,13112,世田谷区
533935922,114,908,3,7,7,18,18,411,1,17,16,39,12,48,16,168,12,48,35.66041666666667,139.659375,13112,世田谷区
533935923,109,549,3,8,5,10,17,67,1,2,13,69,10,51,12,54,18,146,35.66458333333334,139.65312500000002,13112,世田谷区
533935924,106,720,2,2,5,71,17,83,0,0,14,43,13,76,7,19,19,216,35.66458333333334,139.659375,13112,世田谷区
533935931,633,5140,2,5,20,213,153,1374,8,111,75,338,31,159,152,1427,48,462,35.66041666666667,139.665625,13112,世田谷区
533935932,288,2011,5,11,11,33,57,432,7,168,39,205,16,57,58,321,26,260,35.66041666666667,139.671875,13112,世田谷区
533935933,389,2428,6,18,12,156,131,635,4,18,38,163,21,78,77,464,21,200,35.66458333333334,139.665625,13112,世田谷区
533935934,228,1225,10,91,8,26,39,253,2,18,28,67,19,59,44,193,20,135,35.66458333333334,139.671875,13112,世田谷区
533935941,38,1052,1,15,2,3,5,32,0,0,7,12,6,640,4,9,1,8,35.66041666666667,139.67812500000002,13110,目黒区
533935942,59,2025,1,1,2,4,14,149,0,0,5,11,4,6,13,137,8,113,35.66041666666667,139.68437500000002,13110,目黒区
533935943,151,1123,7,64,9,45,28,168,3,7,22,81,28,432,8,45,9,95,35.66458333333334,139.67812500000002,13113,渋谷区
533935944,122,1123,4,15,4,24,27,382,3,15,19,62,20,86,9,33,7,90,35.66458333333334,139.68437500000002,13113,渋谷区
533935951,150,2777,4,8,9,62,20,1678,3,9,23,80,24,147,25,179,6,368,35.66041666666667,139.690625,13113,渋谷区
533935952,2188,33085,14,154,127,4528,638,7075,26,380,171,1643,100,1137,667,7913,79,1552,35.66041666666667,139.696875,13113,渋谷区
533935953,269,5070,6,49,43,2941,63,537,1,2,24,96,37,254,27,136,12,410,35.66458333333334,139.690625,13113,渋谷区
533935954,563,17148,9,81,93,10318,90,1117,5,52,45,210,80,459,106,1041,21,341,35.66458333333334,139.696875,13113,渋谷区
533935961,2100,52615,28,413,180,11228,606,8277,60,2200,173,2039,189,3208,249,4657,107,1474,35.66041666666667,139.703125,13113,渋谷区
533935962,909,17342,17,294,135,3061,163,2424,19,387,83,729,163,2908,61,793,43,354,35.66041666666667,139.709375,13113,渋谷区
533935963,1162,17644,30,326,126,3606,347,4585,12,80,135,1321,143,1252,81,1439,32,546,35.66458333333334,139.703125,13113,渋谷区
533935964,1063,18491,16,160,56,1160,308,5266,21,2597,90,1238,111,699,105,1426,63,808,35.66458333333334,139.709375,13103,港区
533935971,810,8863,21,149,71,1532,254,2700,4,32,101,421,158,1163,49,972,22,199,35.66041666666667,139.71562500000002,13103,港区
533935972,549,5737,14,200,44,873,96,1714,7,32,58,285,74,585,133,949,20,216,35.66041666666667,139.721875,13103,港区
533935973,893,9858,12,148,62,461,234,3133,16,1531,105,418,142,846,49,709,60,547,35.66458333333334,139.71562500000002,13103,港区
533935974,66,465,3,6,5,51,11,30,1,10,7,18,15,84,3,29,6,101,35.66458333333334,139.721875,13103,港区
533935981,838,26257,4,79,92,8437,169,3409,28,2345,89,2420,100,1461,136,3317,43,635,35.66041666666667,139.728125,13103,港区
533935982,462,8448,4,10,52,1963,77,1195,11,49,44,189,52,528,107,1461,21,367,35.66041666666667,139.734375,13103,港区
533935983,643,15589,10,2178,44,2157,128,3206,24,1447,53,486,94,2346,128,1274,24,524,35.66458333333334,139.728125,13103,港区
533935984,771,10279,7,61,76,2814,95,1048,16,279,103,731,78,658,236,2372,40,259,35.66458333333334,139.734375,13103,港区
533935991,266,4290,11,159,29,658,36,1004,3,15,42,331,44,467,16,91,6,89,35.66041666666667,139.74062500000002,13103,港区
533935992,740,14404,11,207,59,5512,69,1684,84,468,169,255,87,1988,50,557,19,1474,35.66041666666667,139.74687500000002,13103,港区
533935993,676,33546,7,62,97,11766,92,4177,96,4310,68,1326,130,4531,45,555,19,610,35.66458333333334,139.74062500000002,13103,港区
533935994,902,32448,19,1994,85,3240,144,3091,50,4194,74,1140,239,2431,53,681,29,587,35.66458333333334,139.74687500000002,13103,港区
533936001,33,516,0,0,0,0,8,144,0,0,0,0,1,12,0,0,0,0,35.58541666666667,139.753125,13111,大田区
533936002,37,719,1,162,0,0,0,0,0,0,1,20,0,0,1,9,0,0,35.58541666666667,139.759375,13109,品川区
533936003,1,0,0,0,0,0,0,0,0,0,0,0,0,0,0,0,0,0,35.58958333333334,139.753125,13109,品川区
533936004,8,345,0,0,0,0,0,0,0,0,0,0,0,0,0,0,0,0,35.58958333333334,139.759375,13109,品川区
533936011,41,847,0,0,1,8,6,168,0,0,1,1,1,8,0,0,0,0,35.58541666666667,139.765625,13111,大田区
533936012,12,196,1,4,0,0,3,53,0,0,0,0,0,0,0,0,0,0,35.58541666666667,139.771875,13111,大田区
533936013,75,1281,0,0,0,0,2,51,0,0,0,0,0,0,0,0,0,0,35.58958333333334,139.765625,13111,大田区
533936014,58,1188,2,92,0,0,4,49,0,0,1,4,1,1,1,6,0,0,35.58958333333334,139.771875,13111,大田区
533936021,16,200,0,0,0,0,0,0,0,0,0,0,0,0,0,0,0,0,35.58541666666667,139.77812500000002,13111,大田区
533936101,2,28,0,0,0,0,0,0,0,0,0,0,0,0,1,2,0,0,35.59375,139.753125,13109,品川区
533936102,18,2510,0,0,1,136,3,32,0,0,0,0,0,0,2,6,0,0,35.59375,139.759375,13109,品川区
533936103,71,2166,0,0,0,0,10,208,0,0,4,16,4,83,7,42,18,604,35.59791666666667,139.753125,13109,品川区
533936104,27,638,2,11,0,0,2,144,0,0,0,0,1,2,1,6,0,0,35.59791666666667,139.759375,13109,品川区
533936111,38,902,0,0,0,0,5,64,0,0,1,1,0,0,0,0,0,0,35.59375,139.765625,13111,大田区
533936112,31,1015,0,0,0,0,1,10,0,0,2,31,0,0,1,1,0,0,35.59375,139.771875,13111,大田区
533936113,17,230,0,0,0,0,0,0,0,0,0,0,0,0,0,0,0,0,35.59791666666667,139.765625,13109,品川区
533936132,1,3,0,0,0,0,0,0,0,0,0,0,0,0,0,0,0,0,35.59375,139.796875,13108,江東区
533936134,11,352,0,0,0,0,0,0,0,0,0,0,1,5,0,0,0,0,35.59791666666667,139.796875,13108,江東区
533936141,9,118,0,0,0,0,0,0,0,0,0,0,1,14,0,0,0,0,35.59375,139.80312500000002,13111,大田区
533936143,2,84,0,0,0,0,0,0,0,0,0,0,1,42,0,0,0,0,35.59791666666667,139.80312500000002,13108,江東区
533936201,23,215,1,2,2,3,2,10,0,0,0,0,1,2,2,20,8,72,35.60208333333333,139.753125,13109,品川区
533936202,23,423,0,0,0,0,1,23,0,0,1,1,0,0,1,2,0,0,35.60208333333333,139.759375,13109,品川区
533936203,24,1399,0,0,5,767,1,15,0,0,1,2,3,3,3,31,7,530,35.60625,139.753125,13109,品川区
533936204,11,374,0,0,0,0,0,0,0,0,0,0,0,0,0,0,0,0,35.60625,139.759375,13109,品川区
533936211,8,78,0,0,0,0,0,0,0,0,0,0,0,0,0,0,0,0,35.60208333333333,139.765625,13109,品川区
533936224,25,336,0,0,0,0,4,49,0,0,0,0,2,19,0,0,0,0,35.60625,139.784375,13108,江東区
533936232,10,178,2,24,0,0,0,0,0,0,0,0,0,0,0,0,0,0,35.60208333333333,139.796875,13108,江東区
533936243,2,12,0,0,0,0,0,0,0,0,0,0,0,0,0,0,0,0,35.60625,139.80312500000002,13108,江東区
533936301,37,1492,5,243,4,469,14,615,2,61,0,0,3,9,1,3,1,6,35.610416666666666,139.753125,13109,品川区
533936302,10,348,0,0,0,0,0,0,0,0,0,0,1,7,0,0,0,0,35.610416666666666,139.759375,13109,品川区
533936303,36,1117,0,0,0,0,4,33,0,0,0,0,3,61,2,10,2,202,35.614583333333336,139.753125,13109,品川区
533936322,55,1152,0,0,1,13,3,13,0,0,2,13,0,0,0,0,0,0,35.610416666666666,139.784375,13108,江東区
533936323,27,1814,0,0,0,0,3,20,0,0,0,0,0,0,2,12,1,86,35.614583333333336,139.77812500000002,13108,江東区
533936324,22,300,0,0,1,8,1,8,0,0,0,0,1,17,0,0,0,0,35.614583333333336,139.784375,13108,江東区
533936331,16,196,1,26,0,0,1,20,0,0,0,0,0,0,0,0,0,0,35.610416666666666,139.790625,13108,江東区
533936404,13,401,0,0,0,0,1,1,0,0,0,0,1,29,0,0,0,0,35.62291666666667,139.759375,13109,品川区
533936414,23,316,0,0,0,0,9,78,0,0,1,5,0,0,6,146,1,5,35.62291666666667,139.771875,13108,江東区
533936421,222,5674,9,72,49,1099,45,1307,1,1,6,119,35,1227,5,42,10,59,35.61875,139.77812500000002,13108,江東区
533936422,30,948,2,81,1,112,2,23,0,0,0,0,1,51,1,6,0,0,35.61875,139.784375,13108,江東区
533936423,104,957,1,1,0,0,60,474,0,0,4,40,1,3,23,234,0,0,35.62291666666667,139.77812500000002,13108,江東区
533936431,2,37,0,0,0,0,0,0,0,0,0,0,0,0,0,0,0,0,35.61875,139.790625,13108,江東区
533936433,34,349,0,0,0,0,2,21,0,0,1,0,0,0,1,5,0,0,35.62291666666667,139.790625,13108,江東区
533936462,7,161,3,102,0,0,1,11,0,0,0,0,1,10,1,32,0,0,35.61875,139.834375,13108,江東区
533936463,7,63,1,1,0,0,1,0,0,0,0,0,0,0,0,0,0,0,35.62291666666667,139.828125,13108,江東区
533936464,3,9,1,6,0,0,0,0,0,0,0,0,0,0,1,2,0,0,35.62291666666667,139.834375,13108,江東区
533936502,50,2913,2,18,0,0,7,140,0,0,0,0,6,249,1,14,1,60,35.62708333333333,139.759375,13109,品川区
533936512,137,3610,0,0,9,1440,58,381,2,5,7,169,2,32,35,1280,2,8,35.62708333333333,139.771875,13103,港区
533936521,261,11511,7,207,18,3133,116,2611,4,968,3,518,7,1019,62,928,3,24,35.62708333333333,139.77812500000002,13108,江東区
533936523,59,2064,0,0,3,5,13,238,1,1,7,20,4,8,5,65,7,131,35.63125,139.77812500000002,13103,港区
533936524,25,1090,0,0,0,0,5,77,0,0,0,0,1,6,3,9,0,0,35.63125,139.784375,13108,江東区
533936532,21,618,1,74,0,0,3,17,0,0,1,16,1,3,5,23,0,0,35.62708333333333,139.796875,13108,江東区
533936533,191,10824,13,1121,26,3628,51,1883,2,39,2,16,12,950,29,375,9,376,35.63125,139.790625,13108,江東区
533936534,20,371,0,0,3,54,4,30,0,0,1,0,0,0,10,99,0,0,35.63125,139.796875,13108,江東区
533936561,3,59,0,0,0,0,0,0,0,0,0,0,0,0,0,0,0,0,35.62708333333333,139.828125,13108,江東区
533936562,21,434,0,0,0,0,3,22,0,0,1,9,0,0,0,0,0,0,35.62708333333333,139.834375,13108,江東区
533936564,12,132,4,79,0,0,3,19,0,0,0,0,0,0,0,0,0,0,35.63125,139.834375,13108,江東区
533936603,146,6046,1,66,15,804,24,2999,1,2,15,61,17,168,19,145,11,233,35.639583333333334,139.753125,13103,港区
533936604,91,5339,1,89,6,2645,14,647,2,62,15,206,9,133,6,30,1,0,35.639583333333334,139.759375,13103,港区
533936622,71,2327,2,354,4,8,10,74,0,0,12,48,6,6,7,61,6,155,35.635416666666664,139.784375,13108,江東区
533936631,14,272,0,0,0,0,4,50,0,0,0,0,0,0,5,72,0,0,35.635416666666664,139.790625,13108,江東区
533936632,11,2587,0,0,0,0,2,25,0,0,0,0,1,2,2,30,1,2328,35.635416666666664,139.796875,13108,江東区
533936633,166,1802,1,11,4,10,101,971,4,5,5,6,3,5,22,495,3,32,35.639583333333334,139.790625,13108,江東区
533936634,41,1262,1,9,1,8,5,113,1,2,6,48,1,110,0,0,1,14,35.639583333333334,139.796875,13108,江東区
533936643,83,3586,10,299,1,60,29,858,0,0,5,341,2,19,3,136,1,1,35.639583333333334,139.80312500000002,13108,江東区
533936652,30,1070,9,157,1,38,4,187,0,0,3,45,0,0,0,0,0,0,35.635416666666664,139.821875,13108,江東区
533936654,51,2641,4,21,3,49,15,388,0,0,8,136,2,98,2,119,0,0,35.639583333333334,139.821875,13108,江東区
533936662,83,1568,5,85,1,5,32,246,0,0,8,50,1,4,2,11,0,0,35.635416666666664,139.834375,13108,江東区
533936663,56,1218,9,122,0,0,18,310,1,1,3,89,1,33,0,0,1,1,35.639583333333334,139.828125,13108,江東区
533936664,76,1476,11,180,0,0,30,440,0,0,3,242,0,0,3,48,0,0,35.639583333333334,139.834375,13108,江東区
533936673,13,345,2,16,0,0,2,16,0,0,1,4,0,0,0,0,0,0,35.639583333333334,139.84062500000002,13108,江東区
533936684,3,211,0,0,0,0,0,0,0,0,0,0,0,0,0,0,0,0,35.639583333333334,139.859375,13123,江戸川区
533936701,342,10582,13,1507,35,1132,74,1284,5,28,27,212,28,742,18,347,14,197,35.64375,139.753125,13103,港区
533936702,106,2844,2,7,3,33,14,431,2,61,2,39,3,52,6,27,1,66,35.64375,139.759375,13103,港区
533936703,632,23609,20,186,71,5073,147,4035,16,221,43,1860,99,1431,39,267,25,1720,35.64791666666667,139.753125,13103,港区
533936704,95,6720,4,166,14,2445,22,1559,3,161,3,152,8,284,9,94,3,17,35.64791666666667,139.759375,13103,港区
533936714,3,176,0,0,0,0,0,0,0,0,0,0,0,0,0,0,0,0,35.64791666666667,139.771875,13102,中央区
533936721,407,3749,3,22,0,0,385,3571,0,0,0,0,0,0,16,85,0,0,35.64375,139.77812500000002,13108,江東区
533936722,69,2852,2,24,1,11,31,1695,3,29,2,29,0,0,8,30,3,43,35.64375,139.784375,13108,江東区
533936724,5,43,0,0,0,0,1,10,0,0,0,0,0,0,0,0,0,0,35.64791666666667,139.784375,13108,江東区
533936733,32,484,1,1,5,216,10,48,0,0,8,25,1,4,3,22,0,0,35.64791666666667,139.790625,13108,江東区
533936741,78,1758,1,11,2,24,13,338,1,3,11,24,5,18,5,40,11,303,35.64375,139.80312500000002,13108,江東区
533936742,28,860,1,109,2,120,9,134,0,0,4,132,1,19,0,0,0,0,35.64375,139.80937500000002,13108,江東区
533936743,129,2091,3,18,9,33,24,663,3,8,5,22,12,50,16,240,25,384,35.64791666666667,139.80312500000002,13108,江東区
533936744,36,683,3,166,0,0,6,70,0,0,2,60,0,0,6,32,8,129,35.64791666666667,139.80937500000002,13108,江東区
533936751,51,1255,1,8,0,0,10,143,0,0,0,0,0,0,0,0,0,0,35.64375,139.815625,13108,江東区
533936752,119,1901,8,104,3,76,47,574,0,0,15,139,3,25,2,83,1,38,35.64375,139.821875,13108,江東区
533936753,15,726,2,436,2,97,1,11,0,0,1,0,3,88,2,8,2,65,35.64791666666667,139.815625,13108,江東区
533936754,3,31,0,0,0,0,0,0,0,0,0,0,0,0,0,0,0,0,35.64791666666667,139.821875,13108,江東区
533936761,105,8147,6,101,8,5688,31,571,1,10,6,67,4,36,19,218,1,3,35.64375,139.828125,13108,江東区
533936763,19,582,0,0,0,0,7,103,0,0,0,0,0,0,7,96,0,0,35.64791666666667,139.828125,13108,江東区
533936764,39,1286,4,21,2,70,13,104,0,0,2,5,1,193,1,3,0,0,35.64791666666667,139.834375,13108,江東区
533936771,22,514,9,227,0,0,2,22,0,0,0,0,0,0,1,34,0,0,35.64375,139.84062500000002,13108,江東区
533936773,3,179,0,0,0,0,0,0,0,0,0,0,0,0,0,0,0,0,35.64791666666667,139.84062500000002,13108,江東区
533936781,2,188,0,0,0,0,0,0,0,0,0,0,0,0,0,0,0,0,35.64375,139.853125,13123,江戸川区
533936782,13,337,1,15,0,0,1,24,0,0,0,0,1,7,5,150,0,0,35.64375,139.859375,13123,江戸川区
533936783,7,166,0,0,0,0,2,13,0,0,0,0,0,0,0,0,0,0,35.64791666666667,139.853125,13123,江戸川区
533936784,46,1370,0,0,0,0,11,165,1,1,1,1,2,19,1,1,0,0,35.64791666666667,139.859375,13123,江戸川区
533936791,21,806,0,0,0,0,3,105,0,0,0,0,1,42,1,33,0,0,35.64375,139.86562500000002,13123,江戸川区
533936792,58,1344,2,9,1,68,7,42,1,1,1,2,2,6,4,27,5,84,35.64375,139.87187500000002,13123,江戸川区
533936793,114,2858,1,30,2,12,35,642,3,10,1,7,0,0,1,7,0,0,35.64791666666667,139.86562500000002,13123,江戸川区
533936794,144,2420,6,445,3,7,52,716,0,0,8,18,4,80,15,161,11,123,35.64791666666667,139.87187500000002,13123,江戸川区
533936801,1043,25640,61,616,132,3690,222,3250,29,1359,91,3258,109,1442,76,746,32,336,35.65208333333334,139.753125,13103,港区
533936802,252,21194,14,1435,18,2518,57,2892,9,258,12,395,27,2754,17,642,12,105,35.65208333333334,139.759375,13103,港区
533936803,1536,39528,58,2577,137,5902,337,12556,56,1724,151,2031,184,1820,164,2271,71,856,35.65625000000001,139.753125,13103,港区
533936804,530,30278,23,306,65,17910,82,2735,22,802,44,1793,55,578,67,666,23,474,35.65625000000001,139.759375,13103,港区
533936814,160,2894,6,23,6,230,24,277,5,24,32,213,28,127,11,240,9,144,35.65625000000001,139.771875,13102,中央区
533936821,23,2376,1,29,3,739,2,109,1,65,1,1,1,1,4,89,3,43,35.65208333333334,139.77812500000002,13102,中央区
533936823,178,2731,12,260,17,651,44,1052,3,50,20,135,22,74,19,130,12,148,35.65625000000001,139.77812500000002,13102,中央区
533936824,248,23050,5,915,33,7375,53,4421,10,3020,17,151,24,1049,32,450,12,286,35.65625000000001,139.784375,13102,中央区
533936832,160,13233,2,7,17,3080,31,2786,1,26,12,1025,5,23,20,301,25,1235,35.65208333333334,139.796875,13108,江東区
533936834,337,46052,3,1436,35,25850,71,5971,25,7279,18,196,6,38,71,1023,31,455,35.65625000000001,139.796875,13108,江東区
533936841,33,561,5,98,2,3,1,4,0,0,0,0,6,227,5,27,6,80,35.65208333333334,139.80312500000002,13108,江東区
533936842,58,1225,1,1,7,32,19,713,1,1,2,5,1,1,5,104,7,66,35.65208333333334,139.80937500000002,13108,江東区
533936843,77,1407,6,103,12,778,12,162,0,0,4,17,5,8,8,20,4,122,35.65625000000001,139.80312500000002,13108,江東区
533936844,72,1076,9,121,2,2,12,155,0,0,7,30,4,41,2,6,4,122,35.65625000000001,139.80937500000002,13108,江東区
533936851,27,369,0,0,0,0,3,115,0,0,0,0,0,0,0,0,0,0,35.65208333333334,139.815625,13108,江東区
533936852,2,8,0,0,0,0,0,0,0,0,0,0,0,0,0,0,0,0,35.65208333333334,139.821875,13108,江東区
533936853,102,1766,15,170,5,318,21,247,2,318,6,18,7,184,7,30,9,139,35.65625000000001,139.815625,13108,江東区
533936854,40,1885,2,14,0,0,12,213,1,40,0,0,0,0,3,41,0,0,35.65625000000001,139.821875,13108,江東区
533936861,2,7,0,0,0,0,0,0,0,0,0,0,0,0,0,0,0,0,35.65208333333334,139.828125,13108,江東区
533936862,4,58,0,0,0,0,1,6,0,0,0,0,0,0,1,6,0,0,35.65208333333334,139.834375,13108,江東区
533936863,18,646,1,23,0,0,2,18,0,0,0,0,0,0,1,1,0,0,35.65625000000001,139.828125,13108,江東区
533936864,2,104,0,0,0,0,0,0,0,0,0,0,0,0,0,0,0,0,35.65625000000001,139.834375,13108,江東区
533936871,2,26,0,0,0,0,0,0,0,0,0,0,0,0,0,0,0,0,35.65208333333334,139.84062500000002,13108,江東区
533936873,3,44,0,0,0,0,0,0,0,0,0,0,0,0,0,0,0,0,35.65625000000001,139.84062500000002,13108,江東区
533936881,10,1230,0,0,0,0,2,29,0,0,0,0,0,0,2,48,4,822,35.65208333333334,139.853125,13123,江戸川区
533936882,14,246,1,2,1,3,2,39,0,0,0,0,1,3,1,4,3,27,35.65208333333334,139.859375,13123,江戸川区
533936883,27,421,1,2,5,14,1,3,0,0,1,1,2,10,3,13,5,72,35.65625000000001,139.853125,13123,江戸川区
533936884,44,693,1,5,1,2,5,17,0,0,3,8,2,2,4,30,9,296,35.65625000000001,139.859375,13123,江戸川区
533936891,39,792,3,96,1,2,16,448,0,0,3,33,0,0,1,9,2,33,35.65208333333334,139.86562500000002,13123,江戸川区
533936892,91,1079,5,48,1,11,21,204,0,0,1,5,6,22,11,180,10,114,35.65208333333334,139.87187500000002,13123,江戸川区
533936893,114,864,16,89,0,0,22,150,0,0,12,71,3,61,8,33,7,65,35.65625000000001,139.86562500000002,13123,江戸川区
533936894,110,933,6,63,0,0,16,215,1,4,14,48,1,1,10,28,12,94,35.65625000000001,139.87187500000002,13123,江戸川区
533936901,1418,31137,43,649,188,7039,339,6433,31,1985,115,787,190,2266,75,1573,55,1611,35.66041666666667,139.753125,13103,港区
533936902,551,13528,19,558,81,2420,116,2678,20,685,52,464,95,1007,23,209,11,133,35.66041666666667,139.759375,13102,中央区
533936903,1683,34887,55,2090,174,5074,326,6671,47,1565,142,2161,271,2480,218,1561,60,3791,35.66458333333334,139.753125,13103,港区
533936904,1450,56997,29,348,103,19347,220,10518,31,506,124,572,158,10601,428,3682,75,567,35.66458333333334,139.759375,13102,中央区
533936911,23,1885,1,1,4,318,8,1437,2,82,0,0,3,8,1,7,0,0,35.66041666666667,139.765625,13102,中央区
533936912,70,4623,2,30,11,169,12,1013,2,4,7,42,8,242,4,40,2,19,35.66041666666667,139.771875,13102,中央区
533936913,493,26302,11,326,80,5864,85,3159,13,64,44,500,87,1715,44,1567,16,4222,35.66458333333334,139.765625,13102,中央区
533936914,741,9226,27,771,43,1154,389,3651,4,148,32,229,37,377,112,1692,18,122,35.66458333333334,139.771875,13102,中央区
533936921,438,6734,8,100,14,1071,76,1415,7,71,35,441,32,956,104,665,55,662,35.66041666666667,139.77812500000002,13102,中央区
533936922,140,2135,1,2,7,39,38,634,0,0,11,19,10,31,21,116,22,519,35.66041666666667,139.784375,13102,中央区
533936923,203,6313,8,53,10,1192,43,492,2,2495,14,33,14,76,53,1217,16,267,35.66458333333334,139.77812500000002,13102,中央区
533936924,398,3302,11,42,6,232,81,812,4,21,38,139,30,118,91,644,58,726,35.66458333333334,139.784375,13102,中央区
533936931,86,9711,2,12,14,5561,20,2980,1,0,4,12,4,8,10,160,10,137,35.66041666666667,139.790625,13108,江東区
533936932,52,1300,1,11,3,11,6,95,1,2,7,12,13,44,4,46,7,66,35.66041666666667,139.796875,13108,江東区
533936933,14,51,0,0,0,0,2,5,0,0,3,4,3,6,1,9,1,3,35.66458333333334,139.790625,13108,江東区
533936934,77,3516,6,372,8,1102,7,71,0,0,3,12,8,318,4,49,6,127,35.66458333333334,139.796875,13108,江東区
533936941,79,1031,5,107,4,12,23,296,0,0,2,21,4,25,4,38,18,281,35.66041666666667,139.80312500000002,13108,江東区
533936942,87,1686,5,48,5,9,13,205,1,2,8,32,4,53,9,95,10,470,35.66041666666667,139.80937500000002,13108,江東区
533936943,141,5127,9,307,3,5,35,973,3,36,4,9,7,1482,17,306,8,279,35.66458333333334,139.80312500000002,13108,江東区
533936944,82,968,11,122,6,33,19,278,0,0,4,8,1,6,12,56,4,69,35.66458333333334,139.80937500000002,13108,江東区
533936951,66,2444,16,386,6,10,11,170,0,0,1,2,4,568,7,67,4,140,35.66041666666667,139.815625,13108,江東区
533936952,48,2085,2,106,1,73,11,493,1,7,1,8,1,13,1,6,0,0,35.66041666666667,139.821875,13108,江東区
533936953,52,2736,0,0,5,588,10,746,1,18,5,23,3,20,3,25,5,235,35.66458333333334,139.815625,13108,江東区
533936954,54,1423,3,39,0,0,11,240,2,75,2,3,2,5,4,58,1,3,35.66458333333334,139.821875,13108,江東区
533936961,33,3251,4,37,0,0,5,38,0,0,1,8,0,0,0,0,0,0,35.66041666666667,139.828125,13108,江東区
533936962,2,14,0,0,0,0,1,11,0,0,0,0,0,0,0,0,0,0,35.66041666666667,139.834375,13108,江東区
533936963,20,974,0,0,1,130,0,0,0,0,0,0,2,97,0,0,0,0,35.66458333333334,139.828125,13108,江東区
533936964,131,3916,2,367,1,2,55,1103,2,6,2,20,6,68,22,335,10,1161,35.66458333333334,139.834375,13108,江東区
533936973,52,1687,1,17,4,12,5,29,0,0,27,139,0,0,0,0,0,0,35.66458333333334,139.84062500000002,13108,江東区
533936981,61,473,0,0,3,13,13,159,0,0,2,6,9,12,3,12,7,79,35.66041666666667,139.853125,13123,江戸川区
533936982,98,1561,2,3,1,4,23,558,0,0,14,45,3,9,15,120,11,412,35.66041666666667,139.859375,13123,江戸川区
533936983,58,738,1,10,3,4,8,204,1,1,5,12,4,14,6,26,7,136,35.66458333333334,139.853125,13123,江戸川区
533936984,644,7819,5,13,19,135,113,1331,20,513,72,620,42,473,128,1520,75,824,35.66458333333334,139.859375,13123,江戸川区
533936991,134,1291,6,30,5,29,31,437,1,8,15,66,6,58,17,108,12,150,35.66041666666667,139.86562500000002,13123,江戸川区
533936992,278,2756,8,39,8,191,55,677,7,85,40,247,10,28,32,374,30,294,35.66041666666667,139.87187500000002,13123,江戸川区
533936993,192,1563,7,47,5,131,40,360,1,6,23,72,9,45,25,317,22,191,35.66458333333334,139.86562500000002,13123,江戸川区
533936994,488,5500,13,54,6,15,86,931,9,127,61,290,29,124,84,1132,56,582,35.66458333333334,139.87187500000002,13123,江戸川区
533937701,28,359,1,3,0,0,8,84,1,7,0,0,1,1,2,29,4,98,35.64375,139.878125,13123,江戸川区
533937703,102,809,5,15,2,3,16,188,2,6,7,24,5,12,6,47,12,127,35.64791666666667,139.878125,13123,江戸川区
533937704,2,55,0,0,0,0,1,3,0,0,0,0,0,0,0,0,1,52,35.64791666666667,139.884375,13123,江戸川区
533937801,89,655,4,23,1,2,19,184,2,3,13,51,2,6,4,29,5,26,35.65208333333334,139.878125,13123,江戸川区
533937802,99,2064,0,0,0,0,54,1376,1,4,1,3,1,7,19,376,4,36,35.65208333333334,139.884375,13123,江戸川区
533937803,80,536,6,28,0,0,13,79,1,2,15,43,2,6,4,15,6,132,35.65625000000001,139.878125,13123,江戸川区
533937804,31,399,3,109,0,0,4,29,0,0,7,14,2,2,3,19,1,36,35.65625000000001,139.884375,13123,江戸川区
533937901,114,2288,1,5,3,85,21,317,2,23,17,204,8,37,15,210,15,656,35.66041666666667,139.878125,13123,江戸川区
533937902,60,395,7,47,1,2,9,39,0,0,13,40,4,42,3,32,4,80,35.66041666666667,139.884375,13123,江戸川区
533937903,135,1340,10,31,0,0,35,360,1,11,14,45,1,2,6,25,15,409,35.66458333333334,139.878125,13123,江戸川区
533937904,66,746,10,56,1,1,15,221,0,0,7,25,3,13,4,85,3,24,35.66458333333334,139.884375,13123,江戸川区
533944064,63,688,3,4,1,1,8,134,0,0,4,10,2,5,2,11,10,150,35.67291666666667,139.584375,13112,世田谷区
533944071,68,582,4,38,1,3,9,93,0,0,7,16,9,35,4,36,6,57,35.66875,139.59062500000002,13112,世田谷区
533944072,300,2496,7,88,5,16,49,421,2,6,37,213,19,44,55,248,52,764,35.66875,139.596875,13112,世田谷区
533944073,42,590,0,0,0,0,5,20,0,0,3,64,4,10,2,16,4,134,35.67291666666667,139.59062500000002,13112,世田谷区
533944074,76,1134,0,0,3,15,16,218,0,0,12,36,5,11,4,57,16,629,35.67291666666667,139.596875,13112,世田谷区
533944081,498,4337,4,14,7,50,120,1257,14,225,55,342,17,83,94,802,78,761,35.66875,139.603125,13112,世田谷区
533944082,99,1158,2,122,5,22,15,283,2,16,10,20,6,9,11,50,20,387,35.66875,139.609375,13112,世田谷区
533944083,131,1065,3,40,1,1,27,120,0,0,21,70,11,40,5,181,18,204,35.67291666666667,139.603125,13112,世田谷区
533944084,145,1020,2,9,4,8,39,342,1,7,20,56,8,21,10,27,16,118,35.67291666666667,139.609375,13115,杉並区
533944091,199,3204,2,26,5,34,45,642,2,17,26,53,5,23,31,347,33,1283,35.66875,139.61562500000002,13112,世田谷区
533944092,176,1558,1,2,2,8,41,328,3,16,16,30,14,87,24,141,33,345,35.66875,139.62187500000002,13112,世田谷区
533944093,159,2192,5,32,11,1027,36,443,5,48,12,133,9,38,21,98,14,88,35.67291666666667,139.61562500000002,13112,世田谷区
533944094,78,678,6,32,3,8,17,189,1,11,9,25,9,79,3,21,4,31,35.67291666666667,139.62187500000002,13115,杉並区
533944171,64,680,2,32,6,8,11,122,2,4,5,9,7,17,2,25,8,152,35.677083333333336,139.59062500000002,13112,世田谷区
533944172,58,454,1,5,0,0,9,122,1,15,5,22,1,1,1,2,1,10,35.677083333333336,139.596875,13112,世田谷区
533944173,55,432,3,11,0,0,10,178,1,1,5,9,3,6,7,20,9,99,35.681250000000006,139.59062500000002,13112,世田谷区
533944174,71,1709,2,30,3,43,14,471,0,0,7,22,2,3,7,58,12,717,35.681250000000006,139.596875,13112,世田谷区
533944181,49,393,5,17,3,9,7,81,0,0,6,13,2,7,1,10,5,82,35.677083333333336,139.603125,13112,世田谷区
533944182,49,256,1,4,0,0,10,43,0,0,6,8,6,13,3,9,5,117,35.677083333333336,139.609375,13115,杉並区
533944183,26,214,1,14,2,2,1,2,0,0,5,11,3,4,1,6,1,29,35.681250000000006,139.603125,13115,杉並区
533944184,72,1430,1,23,0,0,14,96,0,0,6,26,3,25,5,123,23,1013,35.681250000000006,139.609375,13115,杉並区
533944191,83,1817,3,19,5,64,15,151,1,2,12,29,2,2,3,43,17,546,35.677083333333336,139.61562500000002,13115,杉並区
533944192,35,413,1,1,0,0,5,204,3,3,8,22,4,7,0,0,3,15,35.677083333333336,139.62187500000002,13115,杉並区
533944193,135,735,2,3,0,0,22,103,1,1,23,53,10,52,16,85,19,200,35.681250000000006,139.61562500000002,13115,杉並区
533944194,44,480,0,0,1,1,7,28,0,0,8,19,4,6,6,41,3,110,35.681250000000006,139.62187500000002,13115,杉並区
533944272,140,884,0,0,4,40,30,229,0,0,20,47,5,9,19,39,25,151,35.68541666666667,139.596875,13115,杉並区
533944274,131,983,4,13,2,3,23,281,2,33,22,75,5,9,12,105,19,176,35.68958333333334,139.596875,13115,杉並区
533944281,36,471,1,2,3,3,0,0,1,1,12,21,2,3,4,22,2,27,35.68541666666667,139.603125,13115,杉並区
533944282,148,742,2,2,2,5,25,163,3,30,33,100,4,8,20,104,22,195,35.68541666666667,139.609375,13115,杉並区
533944283,127,714,4,5,2,3,18,52,1,2,37,74,14,36,15,94,13,202,35.68958333333334,139.603125,13115,杉並区
533944284,89,969,5,40,2,5,12,67,4,4,14,23,10,65,3,34,11,128,35.68958333333334,139.609375,13115,杉並区
533944291,123,1507,2,12,8,12,29,441,2,4,13,50,5,13,18,163,12,287,35.68541666666667,139.61562500000002,13115,杉並区
533944292,102,1546,3,23,2,2,15,283,0,0,19,48,8,37,4,32,7,333,35.68541666666667,139.62187500000002,13115,杉並区
533944293,115,3377,5,711,5,7,28,510,2,26,18,38,12,49,11,107,14,1580,35.68958333333334,139.61562500000002,13115,杉並区
533944294,75,590,0,0,3,6,17,172,1,1,10,22,4,5,11,140,8,168,35.68958333333334,139.62187500000002,13115,杉並区
533944371,94,766,0,0,4,14,21,161,1,2,16,78,5,11,10,34,18,159,35.69375,139.59062500000002,13115,杉並区
533944372,57,482,3,8,1,1,9,38,0,0,14,25,7,39,3,15,3,138,35.69375,139.596875,13115,杉並区
533944374,154,1167,2,11,5,7,43,308,2,7,28,59,7,13,13,29,19,172,35.69791666666667,139.596875,13115,杉並区
533944381,97,917,6,35,3,7,22,217,0,0,14,29,7,21,9,48,17,358,35.69375,139.603125,13115,杉並区
533944382,69,1040,2,160,2,5,12,235,1,5,16,34,6,17,5,65,9,203,35.69375,139.609375,13115,杉並区
533944383,98,395,3,8,4,10,18,54,1,3,22,39,12,35,5,17,9,100,35.69791666666667,139.603125,13115,杉並区
533944384,53,385,2,3,3,3,10,62,2,6,9,20,5,9,4,8,6,88,35.69791666666667,139.609375,13115,杉並区
533944391,86,661,1,3,5,11,21,212,0,0,13,27,6,12,9,28,12,271,35.69375,139.61562500000002,13115,杉並区
533944392,72,366,3,9,3,5,11,57,1,2,13,32,9,19,3,29,8,80,35.69375,139.62187500000002,13115,杉並区
533944393,107,479,3,17,3,3,12,60,2,17,29,62,9,16,13,65,11,108,35.69791666666667,139.61562500000002,13115,杉並区
533944394,75,337,4,35,3,7,7,29,0,0,19,32,8,20,2,11,11,99,35.69791666666667,139.62187500000002,13115,杉並区
533944472,442,2628,6,25,9,65,79,914,1,2,57,125,31,103,132,625,39,238,35.702083333333334,139.596875,13115,杉並区
533944474,311,1515,6,34,16,67,70,282,2,11,36,108,12,30,63,354,37,295,35.706250000000004,139.596875,13115,杉並区
533944481,404,2669,4,20,9,22,94,545,5,47,49,170,19,61,85,518,50,353,35.702083333333334,139.603125,13115,杉並区
533944482,73,634,0,0,4,111,10,180,0,0,25,69,9,19,0,0,7,72,35.702083333333334,139.609375,13115,杉並区
533944483,335,2074,7,36,9,40,62,331,5,71,49,113,27,76,57,277,43,628,35.706250000000004,139.603125,13115,杉並区
533944484,105,606,2,8,4,8,20,137,1,1,24,49,12,28,7,63,11,144,35.706250000000004,139.609375,13115,杉並区
533944491,351,3341,12,83,23,229,50,420,1,6,62,599,56,442,29,93,44,688,35.702083333333334,139.61562500000002,13115,杉並区
533944492,570,4454,5,29,21,213,89,803,7,118,101,427,44,247,96,597,77,878,35.702083333333334,139.62187500000002,13115,杉並区
533944493,447,3872,4,16,21,241,68,536,4,71,61,152,47,202,104,942,42,812,35.706250000000004,139.61562500000002,13115,杉並区
533944494,746,8171,5,23,25,752,233,2428,24,732,60,416,43,172,129,1194,82,762,35.706250000000004,139.62187500000002,13115,杉並区
533944564,84,348,2,3,3,7,19,70,0,0,15,35,8,27,3,4,9,102,35.71458333333334,139.584375,13120,練馬区
533944571,48,930,1,8,3,6,12,106,0,0,8,27,0,0,7,31,4,23,35.71041666666667,139.59062500000002,13115,杉並区
533944572,76,387,3,19,3,3,20,74,0,0,14,29,9,19,7,20,4,46,35.71041666666667,139.596875,13115,杉並区
533944573,45,222,0,0,2,4,6,13,2,3,13,32,5,18,2,12,7,101,35.71458333333334,139.59062500000002,13115,杉並区
533944574,58,758,0,0,1,1,15,307,0,0,12,21,3,15,4,112,5,91,35.71458333333334,139.596875,13115,杉並区
533944581,171,1370,4,29,4,91,41,371,1,11,28,57,15,70,18,136,14,211,35.71041666666667,139.603125,13115,杉並区
533944582,159,1988,2,15,4,91,38,239,1,16,23,49,10,39,12,56,27,329,35.71041666666667,139.609375,13115,杉並区
533944583,108,601,6,38,9,114,21,127,0,0,34,59,4,15,2,10,7,111,35.71458333333334,139.603125,13115,杉並区
533944584,90,1537,1,1,6,14,14,117,0,0,13,83,15,31,4,29,10,834,35.71458333333334,139.609375,13115,杉並区
533944591,137,824,2,6,7,37,35,215,0,0,20,36,10,27,10,22,15,150,35.71041666666667,139.61562500000002,13115,杉並区
533944592,91,1183,3,12,3,3,12,41,1,2,13,27,7,10,7,29,13,712,35.71041666666667,139.62187500000002,13115,杉並区
533944593,79,634,5,32,1,8,14,139,0,0,14,27,7,20,4,25,9,153,35.71458333333334,139.61562500000002,13115,杉並区
533944594,61,652,2,2,3,5,7,28,1,1,11,27,9,19,5,45,12,425,35.71458333333334,139.62187500000002,13115,杉並区
533944653,71,765,3,30,1,1,12,140,0,0,16,306,6,17,7,55,3,48,35.72291666666667,139.565625,13120,練馬区
533944654,96,1252,4,17,3,54,25,391,0,0,11,28,7,12,5,82,15,362,35.72291666666667,139.571875,13120,練馬区
533944661,33,351,1,10,3,22,1,4,1,3,7,14,3,5,2,14,1,1,35.71875,139.578125,13120,練馬区
533944662,62,348,0,0,1,2,7,138,0,0,14,28,7,18,2,11,6,30,35.71875,139.584375,13120,練馬区
533944663,105,1229,3,8,4,135,22,231,1,15,16,40,5,14,9,179,13,256,35.72291666666667,139.578125,13120,練馬区
533944664,67,794,2,11,1,2,14,57,1,2,6,19,5,40,8,137,12,405,35.72291666666667,139.584375,13120,練馬区
533944671,71,465,2,7,4,7,12,61,0,0,16,37,8,17,5,118,7,97,35.71875,139.59062500000002,13115,杉並区
533944672,76,956,2,3,1,2,13,70,0,0,17,32,7,52,4,20,12,377,35.71875,139.596875,13115,杉並区
533944673,106,1226,5,38,6,42,23,395,0,0,15,36,6,12,9,48,14,123,35.72291666666667,139.59062500000002,13120,練馬区
533944674,48,625,1,1,1,1,7,20,0,0,11,23,4,9,1,1,2,69,35.72291666666667,139.596875,13120,練馬区
533944681,77,766,0,0,1,25,11,192,0,0,18,55,6,24,3,38,16,165,35.71875,139.603125,13115,杉並区
533944682,65,620,2,4,2,2,11,204,0,0,8,16,3,5,4,33,11,182,35.71875,139.609375,13115,杉並区
533944683,102,880,0,0,8,70,19,130,3,21,6,16,4,12,12,60,17,200,35.72291666666667,139.603125,13115,杉並区
533944684,85,673,2,17,4,101,10,43,0,0,13,26,9,20,2,20,12,183,35.72291666666667,139.609375,13115,杉並区
533944691,100,1080,7,39,5,52,23,269,0,0,13,43,6,25,2,33,8,63,35.71875,139.61562500000002,13115,杉並区
533944692,87,662,3,8,1,1,19,111,0,0,13,30,10,20,2,10,15,204,35.71875,139.62187500000002,13115,杉並区
533944693,203,1546,3,16,3,12,56,466,4,65,16,38,8,22,30,104,23,403,35.72291666666667,139.61562500000002,13115,杉並区
533944694,192,1549,4,14,3,25,36,240,1,17,19,74,8,26,24,146,44,595,35.72291666666667,139.62187500000002,13115,杉並区
533944752,85,458,1,2,5,40,14,29,0,0,15,32,7,44,8,21,11,94,35.72708333333333,139.571875,13120,練馬区
533944754,62,895,2,20,2,3,15,126,0,0,10,19,3,21,4,172,11,345,35.73125,139.571875,13120,練馬区
533944761,348,2627,6,38,10,105,70,616,4,30,34,170,10,25,50,376,51,606,35.72708333333333,139.578125,13120,練馬区
533944762,86,453,6,26,3,3,8,59,2,7,23,62,11,29,4,12,8,149,35.72708333333333,139.584375,13120,練馬区
533944763,105,1157,2,29,1,4,23,180,0,0,19,53,2,7,8,170,15,266,35.73125,139.578125,13120,練馬区
533944764,43,660,1,2,1,1,8,310,1,2,5,8,1,1,4,41,11,150,35.73125,139.584375,13120,練馬区
533944771,320,2362,4,15,8,38,63,553,4,56,27,90,12,38,66,395,51,429,35.72708333333333,139.59062500000002,13120,練馬区
533944772,59,495,1,3,4,55,7,29,0,0,11,27,3,12,4,50,12,156,35.72708333333333,139.596875,13120,練馬区
533944773,64,1036,2,3,2,7,12,62,0,0,10,27,6,162,2,4,9,141,35.73125,139.59062500000002,13120,練馬区
533944774,99,905,3,113,3,7,26,206,0,0,6,19,10,20,11,142,9,98,35.73125,139.596875,13120,練馬区
533944781,166,1696,2,18,9,217,26,258,2,17,23,62,7,45,22,89,15,127,35.72708333333333,139.603125,13120,練馬区
533944782,91,1247,1,10,11,119,15,78,0,0,18,70,8,30,4,84,4,59,35.72708333333333,139.609375,13115,杉並区
533944783,80,516,8,101,3,8,13,84,0,0,8,16,6,37,5,53,9,54,35.73125,139.603125,13120,練馬区
533944784,83,520,4,12,6,9,11,182,0,0,15,33,3,5,6,27,6,70,35.73125,139.609375,13120,練馬区
533944791,102,1181,1,2,3,115,23,358,0,0,16,63,6,17,8,39,21,411,35.72708333333333,139.61562500000002,13115,杉並区
533944792,127,882,2,3,8,84,22,166,1,3,26,61,9,37,11,48,11,162,35.72708333333333,139.62187500000002,13115,杉並区
533944793,84,642,4,15,4,15,21,115,2,41,6,15,9,27,4,77,7,89,35.73125,139.61562500000002,13120,練馬区
533944794,55,425,6,18,0,0,3,15,0,0,14,24,4,6,8,23,2,82,35.73125,139.62187500000002,13120,練馬区
533944852,66,530,1,24,4,23,7,76,1,2,6,9,9,25,5,134,7,118,35.73541666666667,139.571875,13120,練馬区
533944854,55,334,3,9,4,10,5,38,0,0,4,8,5,9,3,12,9,145,35.73958333333334,139.571875,13120,練馬区
533944861,100,913,2,46,3,6,17,200,0,0,15,54,7,20,6,56,14,167,35.73541666666667,139.578125,13120,練馬区
533944862,60,394,5,35,2,7,8,70,0,0,11,13,4,17,1,4,9,115,35.73541666666667,139.584375,13120,練馬区
533944863,84,531,2,10,3,6,16,49,0,0,9,23,3,12,3,6,9,224,35.73958333333334,139.578125,13120,練馬区
533944864,82,1369,3,10,1,2,18,117,0,0,11,22,2,3,9,461,17,441,35.73958333333334,139.584375,13120,練馬区
533944871,86,644,2,31,2,4,12,195,1,10,5,12,12,33,5,23,16,193,35.73541666666667,139.59062500000002,13120,練馬区
533944872,58,441,2,4,4,10,10,49,0,0,5,14,3,5,5,67,7,76,35.73541666666667,139.596875,13120,練馬区
533944873,65,512,4,13,3,5,13,171,0,0,6,12,4,20,5,9,10,129,35.73958333333334,139.59062500000002,13120,練馬区
533944874,33,574,1,3,0,0,3,11,1,3,8,20,1,2,3,13,1,8,35.73958333333334,139.596875,13120,練馬区
533944881,59,405,2,3,2,3,8,47,1,17,9,25,4,10,2,34,10,142,35.73541666666667,139.603125,13120,練馬区
533944882,72,497,2,5,3,6,10,47,0,0,6,14,7,14,2,2,7,171,35.73541666666667,139.609375,13120,練馬区
533944883,50,285,1,4,1,2,2,6,0,0,10,26,10,28,3,11,10,135,35.73958333333334,139.603125,13120,練馬区
533944884,71,477,1,2,5,58,19,131,1,4,8,17,9,17,6,77,12,126,35.73958333333334,139.609375,13120,練馬区
533944891,76,1101,4,35,1,6,24,464,0,0,6,12,7,14,2,26,8,119,35.73541666666667,139.61562500000002,13120,練馬区
533944892,118,722,4,22,2,21,22,96,0,0,20,47,10,39,8,28,18,297,35.73541666666667,139.62187500000002,13120,練馬区
533944893,123,1262,6,47,3,21,39,571,1,1,10,32,5,16,15,198,22,240,35.73958333333334,139.61562500000002,13120,練馬区
533944894,79,478,2,2,3,10,15,54,0,0,8,29,2,10,4,12,15,228,35.73958333333334,139.62187500000002,13120,練馬区
533944952,77,740,2,10,1,2,9,72,1,2,15,41,6,11,3,25,14,239,35.743750000000006,139.571875,13120,練馬区
533944954,138,877,1,12,3,4,32,180,2,109,12,47,7,16,16,102,25,151,35.747916666666676,139.571875,13120,練馬区
533944961,38,306,5,13,3,3,4,17,0,0,1,5,2,5,1,10,13,187,35.743750000000006,139.578125,13120,練馬区
533944962,56,294,3,18,1,7,4,17,0,0,6,29,7,14,3,26,10,51,35.743750000000006,139.584375,13120,練馬区
533944963,85,715,3,9,2,3,19,70,1,1,2,3,9,20,6,37,11,164,35.747916666666676,139.578125,13120,練馬区
533944964,248,2798,1,5,3,61,68,901,3,54,29,109,11,41,34,455,45,706,35.747916666666676,139.584375,13120,練馬区
533944971,44,493,0,0,0,0,5,14,0,0,6,14,6,14,7,39,6,141,35.743750000000006,139.59062500000002,13120,練馬区
533944972,86,873,4,8,5,18,12,57,0,0,16,35,8,14,6,95,10,141,35.743750000000006,139.596875,13120,練馬区
533944973,176,1591,3,230,1,1,29,282,2,52,16,59,14,55,17,166,40,355,35.747916666666676,139.59062500000002,13120,練馬区
533944974,58,338,2,11,2,13,6,12,0,0,8,12,4,6,4,11,9,124,35.747916666666676,139.596875,13120,練馬区
533944981,499,4245,6,81,8,26,94,1083,10,156,38,274,24,81,91,786,76,804,35.743750000000006,139.603125,13120,練馬区
533944982,245,2168,2,8,4,40,50,552,3,49,38,157,9,30,30,250,48,658,35.743750000000006,139.609375,13120,練馬区
533944983,44,290,1,3,1,2,4,9,0,0,13,28,3,16,0,0,4,37,35.747916666666676,139.603125,13120,練馬区
533944984,68,1176,2,6,4,342,5,109,0,0,11,32,4,12,9,38,16,300,35.747916666666676,139.609375,13120,練馬区
533944991,98,2227,1,35,1,1,17,189,1,3,13,37,6,75,9,94,13,1296,35.743750000000006,139.61562500000002,13120,練馬区
533944992,82,679,5,13,4,5,13,203,4,4,6,16,6,9,1,5,6,92,35.743750000000006,139.62187500000002,13120,練馬区
533944993,90,853,0,0,6,20,20,239,1,19,19,62,10,36,5,84,6,62,35.747916666666676,139.61562500000002,13120,練馬区
533944994,143,2744,8,69,1,1,48,637,0,0,8,25,2,39,10,133,10,249,35.747916666666676,139.62187500000002,13120,練馬区
533945001,126,1300,5,43,8,158,25,211,0,0,14,42,12,116,8,22,16,310,35.66875,139.628125,13112,世田谷区
533945002,218,2284,3,40,4,7,43,530,2,11,25,88,20,75,32,299,20,107,35.66875,139.634375,13115,杉並区
533945003,62,269,1,3,4,5,10,64,0,0,9,14,10,22,2,11,6,39,35.67291666666667,139.628125,13115,杉並区
533945004,55,337,1,1,2,2,11,52,1,1,9,19,5,16,2,10,6,106,35.67291666666667,139.634375,13115,杉並区
533945011,117,1663,8,38,4,7,19,210,1,3,6,28,4,10,14,105,15,238,35.66875,139.640625,13115,杉並区
533945012,201,2203,5,35,8,30,31,254,5,96,22,93,16,120,33,194,30,308,35.66875,139.646875,13115,杉並区
533945013,66,425,1,2,2,3,10,48,0,0,7,16,6,22,5,50,13,127,35.67291666666667,139.640625,13115,杉並区
533945014,56,1274,0,0,0,0,6,82,0,0,15,32,4,11,3,24,5,100,35.67291666666667,139.646875,13115,杉並区
533945021,242,2732,5,25,13,89,48,400,1,3,26,152,23,73,40,443,24,242,35.66875,139.65312500000002,13112,世田谷区
533945022,133,880,8,64,5,17,36,268,0,0,16,67,8,15,7,14,14,230,35.66875,139.659375,13112,世田谷区
533945023,90,1450,1,3,2,316,14,175,1,28,20,54,3,263,11,75,10,96,35.67291666666667,139.65312500000002,13115,杉並区
533945024,247,3043,8,103,12,411,55,406,2,11,37,74,18,990,30,138,27,292,35.67291666666667,139.659375,13115,杉並区
533945031,80,388,3,6,4,5,11,113,0,0,20,42,8,19,1,2,6,37,35.66875,139.665625,13112,世田谷区
533945032,124,785,2,7,8,31,25,146,2,10,15,76,19,57,15,85,8,200,35.66875,139.671875,13112,世田谷区
533945033,499,5320,7,72,24,239,108,1258,7,489,51,258,42,350,86,958,51,447,35.67291666666667,139.665625,13113,渋谷区
533945034,213,4991,8,629,3,25,54,1520,7,87,17,67,19,149,25,340,16,129,35.67291666666667,139.671875,13113,渋谷区
533945041,293,3619,6,34,19,146,54,629,5,54,36,216,33,627,39,411,25,197,35.66875,139.67812500000002,13113,渋谷区
533945042,508,3232,13,53,37,271,105,756,2,3,47,144,55,289,86,486,50,402,35.66875,139.68437500000002,13113,渋谷区
533945043,105,1060,2,8,7,22,13,44,2,3,22,59,14,408,10,45,11,331,35.67291666666667,139.67812500000002,13113,渋谷区
533945044,254,2975,9,199,18,68,49,1148,2,2,34,123,39,569,16,83,18,181,35.67291666666667,139.68437500000002,13113,渋谷区
533945051,430,4161,15,78,51,780,88,1335,1,2,39,149,51,274,58,403,26,189,35.66875,139.690625,13113,渋谷区
533945053,104,1359,4,29,5,40,23,118,0,0,9,67,23,190,6,142,3,87,35.67291666666667,139.690625,13113,渋谷区
533945061,756,8014,12,97,26,212,308,3092,6,30,69,497,76,588,95,1183,17,783,35.66875,139.703125,13113,渋谷区
533945062,954,9218,12,100,48,1207,400,3642,3,4,73,312,68,401,102,1332,38,256,35.66875,139.709375,13113,渋谷区
533945063,327,3106,9,25,25,351,97,1180,3,8,35,272,35,188,40,348,11,60,35.67291666666667,139.703125,13113,渋谷区
533945064,829,12869,32,307,82,2064,250,3811,10,84,76,488,121,724,75,543,21,361,35.67291666666667,139.709375,13113,渋谷区
533945071,894,15364,14,231,80,3494,230,3000,23,739,93,1054,120,2523,87,924,52,566,35.66875,139.71562500000002,13103,港区
533945072,356,2515,6,48,23,221,63,383,3,8,56,250,79,384,23,179,26,170,35.66875,139.721875,13103,港区
533945073,448,9822,17,594,56,3545,97,1231,6,71,43,191,84,651,36,287,12,323,35.67291666666667,139.71562500000002,13113,渋谷区
533945074,713,16412,16,1870,96,1741,131,5860,24,1089,77,322,151,1629,44,1060,33,270,35.67291666666667,139.721875,13103,港区
533945081,484,7305,16,444,68,1187,73,747,5,67,37,218,99,1154,48,1191,19,825,35.66875,139.728125,13103,港区
533945082,619,6520,9,59,88,2172,85,1247,5,8,82,278,105,746,58,439,22,210,35.66875,139.734375,13103,港区
533945083,563,19437,12,236,74,2184,136,7478,18,251,46,362,105,2338,32,436,30,449,35.67291666666667,139.728125,13103,港区
533945084,789,28867,17,1366,98,5980,104,2485,25,674,88,2232,101,5976,142,1333,48,1017,35.67291666666667,139.734375,13103,港区
533945091,944,41390,14,716,103,14032,116,4052,65,874,91,407,192,10606,120,3728,38,592,35.66875,139.74062500000002,13103,港区
533945092,1155,51560,37,3417,92,11531,190,6816,81,3121,76,2837,259,8539,92,3479,36,2852,35.66875,139.74687500000002,13103,港区
533945093,1069,34977,15,267,115,12047,127,5652,73,3765,90,1306,199,4664,206,1881,43,324,35.67291666666667,139.74062500000002,13103,港区
533945094,564,53290,11,2442,33,2494,61,1772,24,159,70,1555,98,1882,45,513,18,1668,35.67291666666667,139.74687500000002,13101,千代田区
533945101,47,138,1,1,4,6,8,27,1,2,11,25,9,13,0,0,1,1,35.677083333333336,139.628125,13115,杉並区
533945102,162,817,1,1,4,5,24,299,2,5,28,63,14,28,18,69,28,188,35.677083333333336,139.634375,13115,杉並区
533945103,287,1627,2,8,4,15,70,506,2,19,25,53,11,44,57,324,50,360,35.681250000000006,139.628125,13115,杉並区
533945104,158,1773,2,7,2,5,29,569,2,15,36,87,9,20,14,148,20,314,35.681250000000006,139.634375,13115,杉並区
533945111,215,1961,4,28,4,9,42,441,0,0,50,163,9,45,25,176,21,221,35.677083333333336,139.640625,13115,杉並区
533945112,174,1522,3,6,3,77,35,228,5,89,24,111,8,104,29,224,29,233,35.677083333333336,139.646875,13115,杉並区
533945113,71,900,4,13,1,2,12,81,0,0,12,25,6,11,8,165,7,117,35.681250000000006,139.640625,13115,杉並区
533945114,172,1018,7,29,4,17,46,322,0,0,23,54,9,46,11,73,20,196,35.681250000000006,139.646875,13115,杉並区
533945121,72,446,2,4,2,2,12,21,0,0,13,34,6,22,6,19,9,155,35.677083333333336,139.65312500000002,13115,杉並区
533945122,160,2411,6,123,7,918,35,564,5,177,21,64,7,78,11,74,18,151,35.677083333333336,139.659375,13115,杉並区
533945123,86,637,6,33,3,3,15,200,0,0,16,40,7,10,5,6,13,243,35.681250000000006,139.65312500000002,13115,杉並区
533945124,196,1346,7,95,4,6,40,379,1,9,21,47,18,55,31,146,27,271,35.681250000000006,139.659375,13115,杉並区
533945131,252,1414,7,31,14,96,58,403,1,1,35,98,16,41,34,165,27,191,35.677083333333336,139.665625,13113,渋谷区
533945132,353,4690,16,207,29,362,60,894,2,18,35,88,46,206,26,126,30,307,35.677083333333336,139.671875,13113,渋谷区
533945133,118,464,10,99,3,4,18,88,1,2,29,57,7,20,8,42,5,36,35.681250000000006,139.665625,13114,中野区
533945134,166,860,6,49,7,20,38,154,1,1,27,63,14,55,15,52,20,218,35.681250000000006,139.671875,13113,渋谷区
533945141,497,5163,10,104,35,522,94,1086,5,69,47,267,41,281,112,685,42,468,35.677083333333336,139.67812500000002,13113,渋谷区
533945142,152,2030,6,31,10,100,33,183,3,18,19,47,20,439,9,73,16,201,35.677083333333336,139.68437500000002,13113,渋谷区
533945143,234,1675,9,78,5,15,45,265,4,17,15,51,14,203,38,190,28,346,35.681250000000006,139.67812500000002,13113,渋谷区
533945144,599,21519,20,1306,67,3232,91,5064,9,938,56,1396,64,1964,95,1599,45,592,35.681250000000006,139.68437500000002,13113,渋谷区
533945151,197,1310,1,3,10,108,38,416,0,0,37,99,28,147,27,136,17,142,35.677083333333336,139.690625,13113,渋谷区
533945152,4,647,0,0,0,0,0,0,0,0,2,12,0,0,0,0,1,14,35.677083333333336,139.696875,13113,渋谷区
533945153,321,10047,6,61,32,2815,65,1663,2,2,44,1095,58,248,17,137,22,330,35.681250000000006,139.690625,13113,渋谷区
533945154,349,4147,13,271,43,387,56,826,5,144,41,234,56,436,30,185,16,170,35.681250000000006,139.696875,13113,渋谷区
533945161,306,4132,20,100,46,768,68,1211,4,559,27,213,59,347,17,181,10,97,35.677083333333336,139.703125,13113,渋谷区
533945162,826,10683,57,466,67,1571,281,4759,6,110,88,1155,114,794,44,287,25,278,35.677083333333336,139.709375,13113,渋谷区
533945163,982,17169,34,343,124,2178,150,1871,16,91,88,2093,171,1394,92,759,50,1358,35.681250000000006,139.703125,13113,渋谷区
533945164,363,6572,9,58,41,947,81,1092,5,147,38,1868,70,606,18,124,23,614,35.681250000000006,139.709375,13113,渋谷区
533945171,5,180,0,0,0,0,2,17,0,0,0,0,0,0,0,0,0,0,35.677083333333336,139.71562500000002,13104,新宿区
533945172,16,1347,1,1,0,0,1,3,0,0,0,0,2,6,2,7,0,0,35.677083333333336,139.721875,13103,港区
533945173,68,5678,0,0,3,37,12,108,1,6,12,50,11,54,10,197,7,3593,35.681250000000006,139.71562500000002,13104,新宿区
533945174,170,5299,3,37,10,623,26,547,3,87,18,63,10,131,28,248,17,364,35.681250000000006,139.721875,13104,新宿区
533945181,1,78,0,0,0,0,0,0,0,0,0,0,0,0,0,0,0,0,35.677083333333336,139.728125,13103,港区
533945182,1100,26206,16,765,101,3980,164,2531,57,269,132,1199,175,3896,188,2373,47,682,35.677083333333336,139.734375,13103,港区
533945183,39,675,4,7,2,9,6,163,0,0,4,44,11,82,2,35,0,0,35.681250000000006,139.728125,13103,港区
533945184,520,29439,8,334,48,8479,101,3058,33,1367,39,2079,86,2051,41,2201,27,439,35.681250000000006,139.734375,13101,千代田区
533945191,530,12072,1,5,41,1544,50,1390,55,3307,36,684,150,1023,28,298,22,570,35.677083333333336,139.74062500000002,13101,千代田区
533945192,11,1086,0,0,0,0,2,8,0,0,0,0,0,0,2,13,0,0,35.677083333333336,139.74687500000002,13101,千代田区
533945193,1140,21568,20,444,126,4450,133,3641,42,1564,93,345,258,2770,72,1062,42,506,35.681250000000006,139.74062500000002,13101,千代田区
533945194,1,34,0,0,0,0,0,0,0,0,0,0,0,0,0,0,0,0,35.681250000000006,139.74687500000002,13101,千代田区
533945201,148,1084,7,20,5,6,35,287,2,31,22,84,10,18,15,162,18,211,35.68541666666667,139.628125,13115,杉並区
533945202,45,186,0,0,0,0,4,18,0,0,17,35,7,11,2,3,3,69,35.68541666666667,139.634375,13115,杉並区
533945203,49,542,1,2,2,10,6,64,0,0,4,11,3,5,4,4,4,50,35.68958333333334,139.628125,13115,杉並区
533945204,58,278,3,8,5,6,9,32,1,2,11,28,5,37,2,19,3,37,35.68958333333334,139.634375,13115,杉並区
533945211,16,139,0,0,1,2,2,8,0,0,2,5,1,3,2,11,0,0,35.68541666666667,139.640625,13115,杉並区
533945212,44,438,2,25,3,9,5,35,0,0,10,27,3,5,3,19,7,156,35.68541666666667,139.646875,13115,杉並区
533945213,96,464,3,6,5,6,20,54,0,0,12,22,5,38,4,22,11,169,35.68958333333334,139.640625,13115,杉並区
533945214,34,282,6,27,2,4,4,26,0,0,6,15,3,9,1,1,2,10,35.68958333333334,139.646875,13115,杉並区
533945221,90,1765,4,50,3,7,13,146,0,0,13,24,12,21,7,56,10,467,35.68541666666667,139.65312500000002,13115,杉並区
533945222,242,2317,5,32,5,40,63,1054,2,140,21,67,7,35,48,305,22,126,35.68541666666667,139.659375,13114,中野区
533945223,154,1069,3,37,1,3,31,248,2,13,18,42,9,12,14,81,25,327,35.68958333333334,139.65312500000002,13115,杉並区
533945224,89,1688,11,59,1,4,14,114,0,0,12,28,2,5,3,12,11,526,35.68958333333334,139.659375,13115,杉並区
533945231,155,1718,7,93,5,32,23,305,4,30,38,76,13,24,9,38,23,353,35.68541666666667,139.665625,13114,中野区
533945232,227,1370,15,66,9,32,54,379,2,27,34,59,11,23,19,63,22,176,35.68541666666667,139.671875,13114,中野区
533945233,182,2108,13,153,7,47,29,360,0,0,23,56,11,84,21,76,22,377,35.68958333333334,139.665625,13114,中野区
533945234,282,1829,10,109,6,54,66,575,1,14,41,88,15,60,31,101,27,310,35.68958333333334,139.671875,13114,中野区
533945241,161,669,13,38,7,41,24,119,0,0,29,56,9,16,10,28,9,111,35.68541666666667,139.67812500000002,13113,渋谷区
533945242,290,3571,12,790,14,47,51,354,2,11,41,168,14,148,48,359,28,677,35.68541666666667,139.68437500000002,13113,渋谷区
533945243,265,2189,16,126,13,262,51,548,2,25,37,86,18,136,27,186,17,169,35.68958333333334,139.67812500000002,13114,中野区
533945244,370,6377,11,57,35,454,65,2840,3,49,63,184,46,1177,36,233,37,511,35.68958333333334,139.68437500000002,13104,新宿区
533945251,802,21431,18,288,95,4224,162,3895,54,1728,75,787,128,1075,55,1266,16,131,35.68541666666667,139.690625,13104,新宿区
533945252,1028,31301,19,129,111,5362,142,4223,46,2277,121,1424,186,2179,60,767,58,1574,35.68541666666667,139.696875,13113,渋谷区
533945253,659,45765,9,210,65,5140,94,2653,58,2846,87,3985,82,2229,60,1259,30,1275,35.68958333333334,139.690625,13104,新宿区
533945254,1567,52585,9,185,43,3846,488,8914,91,2812,140,3556,82,2590,293,5794,85,2427,35.68958333333334,139.696875,13104,新宿区
533945261,960,27162,20,175,90,3739,199,4223,19,444,90,1563,150,1372,115,2673,60,390,35.68541666666667,139.703125,13113,渋谷区
533945262,2,41,0,0,0,0,0,0,0,0,0,0,0,0,1,16,0,0,35.68541666666667,139.709375,13104,新宿区
533945263,1621,36016,8,375,42,2516,719,11147,38,1059,100,1529,72,1019,337,5628,54,964,35.68958333333334,139.703125,13104,新宿区
533945264,2104,27277,39,513,238,5034,267,3300,37,817,260,2637,390,3778,412,2598,59,566,35.68958333333334,139.709375,13104,新宿区
533945271,220,2793,9,65,26,267,34,353,2,7,52,133,35,728,13,139,10,476,35.68541666666667,139.71562500000002,13104,新宿区
533945272,504,4993,10,98,28,313,71,1048,1,13,67,193,130,656,39,262,33,353,35.68541666666667,139.721875,13104,新宿区
533945273,1121,14848,48,495,169,3302,171,2670,17,1354,111,798,252,1949,74,953,35,401,35.68958333333334,139.71562500000002,13104,新宿区
533945274,966,9119,13,94,100,1569,139,1676,11,368,99,599,142,924,244,949,51,336,35.68958333333334,139.721875,13104,新宿区
533945281,797,12436,10,108,51,3040,128,1890,21,1167,76,273,156,946,127,1003,53,523,35.68541666666667,139.728125,13104,新宿区
533945282,704,31262,14,333,68,2361,106,7696,46,4182,75,897,157,6191,41,611,39,711,35.68541666666667,139.734375,13101,千代田区
533945283,584,11102,20,129,65,2352,93,2970,5,368,44,184,141,1938,38,262,19,318,35.68958333333334,139.728125,13104,新宿区
533945284,709,19111,18,590,75,4500,92,2946,24,1049,61,684,172,4055,56,533,29,254,35.68958333333334,139.734375,13101,千代田区
533945291,1400,25543,28,491,189,7386,185,4450,69,2290,104,653,410,3734,75,890,63,746,35.68541666666667,139.74062500000002,13101,千代田区
533945292,23,1779,0,0,2,332,3,655,4,21,2,32,4,194,0,0,0,0,35.68541666666667,139.74687500000002,13101,千代田区
533945293,489,7960,6,57,59,670,67,638,14,115,67,403,96,1024,28,380,27,578,35.68958333333334,139.74062500000002,13101,千代田区
533945294,147,6981,1,2,19,1568,20,668,20,929,24,1189,25,809,3,7,3,102,35.68958333333334,139.74687500000002,13101,千代田区
533945301,42,225,2,4,2,4,6,32,0,0,7,16,4,6,2,8,5,100,35.69375,139.628125,13115,杉並区
533945302,93,567,2,7,5,10,18,76,0,0,9,25,12,100,4,26,13,156,35.69375,139.634375,13115,杉並区
533945303,55,267,2,6,6,19,3,21,0,0,21,39,7,9,1,4,4,133,35.69791666666667,139.628125,13115,杉並区
533945304,299,4779,6,27,21,176,46,176,4,19,41,117,43,176,19,191,38,401,35.69791666666667,139.634375,13115,杉並区
533945311,130,736,6,18,3,16,32,317,2,7,17,33,8,15,10,23,19,169,35.69375,139.640625,13115,杉並区
533945312,85,680,2,25,5,13,13,63,0,0,20,44,4,13,3,15,7,85,35.69375,139.646875,13115,杉並区
533945313,222,1504,9,70,9,68,45,258,2,11,16,96,27,180,29,142,27,351,35.69791666666667,139.640625,13115,杉並区
533945314,368,2714,7,54,11,127,80,716,2,29,49,181,29,71,63,354,40,237,35.69791666666667,139.646875,13115,杉並区
533945321,116,1101,5,11,7,16,24,361,2,127,13,22,4,10,7,22,13,215,35.69375,139.65312500000002,13115,杉並区
533945322,95,832,3,14,3,4,15,39,3,25,26,35,4,6,10,50,11,158,35.69375,139.659375,13115,杉並区
533945323,212,2199,13,45,17,62,41,318,1,22,24,64,20,96,15,89,16,176,35.69791666666667,139.65312500000002,13115,杉並区
533945324,295,1891,1,2,15,102,61,408,0,0,29,139,24,118,51,265,36,262,35.69791666666667,139.659375,13115,杉並区
533945331,176,1496,5,29,5,304,33,209,0,0,34,60,10,33,13,32,22,209,35.69375,139.665625,13115,杉並区
533945332,264,2137,15,146,15,126,53,366,2,19,35,99,16,410,36,212,23,159,35.69375,139.671875,13114,中野区
533945333,356,3008,8,113,29,488,77,868,6,116,56,190,49,232,18,117,31,346,35.69791666666667,139.665625,13114,中野区
533945334,381,4088,11,58,27,1057,75,677,4,59,53,190,30,118,60,308,32,296,35.69791666666667,139.671875,13114,中野区
533945341,190,1495,8,58,9,86,24,242,1,5,50,98,9,87,9,43,22,239,35.69375,139.67812500000002,13114,中野区
533945342,268,2435,8,129,22,327,42,348,1,1,50,349,33,239,24,128,19,257,35.69375,139.68437500000002,13114,中野区
533945343,316,3783,12,214,17,104,49,420,5,124,56,899,27,121,51,348,23,302,35.69791666666667,139.67812500000002,13114,中野区
533945344,413,12946,12,556,42,2483,90,3816,9,837,56,310,28,451,52,468,29,257,35.69791666666667,139.68437500000002,13114,中野区
533945351,1135,57978,19,2162,135,11759,194,6076,72,3614,129,3434,177,6615,88,3426,59,4380,35.69375,139.690625,13104,新宿区
533945352,1876,82305,32,787,126,5184,219,3277,83,9495,228,6676,241,6448,336,4294,88,1592,35.69375,139.696875,13104,新宿区
533945353,241,17724,8,720,33,5261,48,3970,8,719,24,734,30,2048,21,187,17,482,35.69791666666667,139.690625,13104,新宿区
533945354,976,20058,17,158,95,4255,110,1446,16,309,153,3476,196,1717,105,743,40,740,35.69791666666667,139.696875,13104,新宿区
533945361,1448,22358,2,15,15,180,278,4276,26,780,103,750,25,1249,731,8588,57,708,35.69375,139.703125,13104,新宿区
533945362,836,15618,25,328,86,1594,137,1912,17,207,99,1686,146,3105,112,1570,23,923,35.69375,139.709375,13104,新宿区
533945363,657,10206,9,56,26,495,78,1062,8,188,76,342,39,199,276,4254,31,1043,35.69791666666667,139.703125,13104,新宿区
533945364,462,15927,8,69,68,5514,76,1964,18,1025,57,200,48,862,52,902,28,868,35.69791666666667,139.709375,13104,新宿区
533945371,223,3986,12,437,17,805,42,578,2,17,25,73,26,94,19,94,24,411,35.69375,139.71562500000002,13104,新宿区
533945372,575,6132,14,77,54,549,86,853,4,51,71,248,80,562,78,454,43,432,35.69375,139.721875,13104,新宿区
533945373,194,1812,4,9,6,139,51,271,1,2,35,127,16,51,14,144,24,416,35.69791666666667,139.71562500000002,13104,新宿区
533945374,156,6384,4,13,5,10,37,542,0,0,16,51,10,103,17,146,26,4559,35.69791666666667,139.721875,13104,新宿区
533945381,88,15309,14,2441,7,497,19,117,0,0,1,3,3,214,11,106,7,229,35.69375,139.728125,13104,新宿区
533945382,344,7423,8,209,36,694,43,559,4,55,24,1337,46,350,37,527,34,921,35.69375,139.734375,13104,新宿区
533945383,207,2042,10,101,12,75,33,410,2,30,34,106,16,123,25,102,22,277,35.69791666666667,139.728125,13104,新宿区
533945384,251,3429,5,101,24,590,50,619,2,5,28,72,30,129,39,218,18,164,35.69791666666667,139.734375,13104,新宿区
533945391,792,19480,16,451,82,1980,108,3350,41,2164,89,908,188,3535,59,643,25,191,35.69375,139.74062500000002,13101,千代田区
533945392,277,8446,7,98,28,1603,54,2073,16,428,14,367,49,873,16,149,9,205,35.69375,139.74687500000002,13101,千代田区
533945393,141,5017,5,36,17,486,27,291,2,5,22,105,13,113,8,125,12,1210,35.69791666666667,139.74062500000002,13104,新宿区
533945394,1019,22432,26,403,128,7459,142,3054,24,119,95,1036,202,3683,101,749,44,742,35.69791666666667,139.74687500000002,13101,千代田区
533945401,173,1200,3,20,10,184,27,124,0,0,39,118,12,45,22,56,14,233,35.702083333333334,139.628125,13115,杉並区
533945402,487,3741,6,13,20,172,133,1211,11,93,61,232,34,127,78,492,46,336,35.702083333333334,139.634375,13115,杉並区
533945403,55,462,2,3,3,6,8,56,0,0,10,23,8,19,2,14,7,74,35.706250000000004,139.628125,13115,杉並区
533945404,541,3694,4,12,4,24,112,1035,5,54,51,175,20,61,200,1260,52,420,35.706250000000004,139.634375,13115,杉並区
533945411,120,604,3,28,6,25,13,47,1,5,34,92,13,31,7,26,16,188,35.702083333333334,139.640625,13115,杉並区
533945412,508,3037,10,92,13,71,152,762,4,24,54,150,38,110,101,403,42,537,35.702083333333334,139.646875,13115,杉並区
533945413,197,2455,0,0,6,76,27,168,3,3,18,40,10,61,52,195,36,1465,35.706250000000004,139.640625,13115,杉並区
533945414,641,4069,11,21,14,70,155,1105,5,55,66,293,25,63,197,1095,46,341,35.706250000000004,139.646875,13115,杉並区
533945421,275,3063,6,34,11,63,66,347,4,13,29,120,22,63,30,121,24,359,35.702083333333334,139.65312500000002,13115,杉並区
533945422,159,1134,6,24,13,38,31,246,1,2,20,32,13,59,22,88,13,223,35.702083333333334,139.659375,13115,杉並区
533945423,496,5057,11,107,22,392,79,611,8,157,57,251,36,225,80,527,69,694,35.706250000000004,139.65312500000002,13115,杉並区
533945424,147,9254,7,334,11,1570,26,852,3,785,18,50,13,3039,12,172,17,497,35.706250000000004,139.659375,13114,中野区
533945431,415,4782,7,33,23,672,68,591,8,465,59,230,48,261,50,387,54,1078,35.702083333333334,139.665625,13114,中野区
533945432,176,1583,6,24,7,118,31,309,0,0,37,70,17,119,7,46,20,382,35.702083333333334,139.671875,13114,中野区
533945433,773,12110,7,19,18,884,161,2143,16,689,87,740,46,1157,229,2176,49,247,35.706250000000004,139.665625,13114,中野区
533945434,166,1493,5,29,13,131,17,246,0,0,37,102,18,79,9,43,18,189,35.706250000000004,139.671875,13114,中野区
533945441,150,1301,2,15,5,7,25,326,0,0,31,64,9,142,15,59,17,152,35.702083333333334,139.67812500000002,13114,中野区
533945442,227,2898,12,105,11,923,38,470,2,3,34,87,24,110,21,104,20,206,35.702083333333334,139.68437500000002,13114,中野区
533945443,114,630,4,13,8,19,11,69,2,5,30,47,13,29,5,32,11,96,35.706250000000004,139.67812500000002,13114,中野区
533945444,553,4139,9,52,19,154,85,1075,8,63,96,358,41,220,82,531,71,518,35.706250000000004,139.68437500000002,13114,中野区
533945451,149,1048,4,40,9,56,23,97,0,0,23,64,13,46,12,57,16,232,35.702083333333334,139.690625,13104,新宿区
533945452,604,6185,14,51,29,796,115,1164,14,166,103,360,67,497,92,864,47,464,35.702083333333334,139.696875,13104,新宿区
533945453,206,1808,6,23,4,30,50,735,2,17,35,91,12,30,15,93,17,108,35.706250000000004,139.690625,13104,新宿区
533945454,150,3979,4,7,2,108,43,861,2,21,9,28,7,567,13,127,25,1416,35.706250000000004,139.696875,13104,新宿区
533945461,448,3950,7,42,9,152,81,786,7,139,75,249,30,244,97,842,28,164,35.702083333333334,139.703125,13104,新宿区
533945462,438,7502,16,90,38,871,92,1931,8,335,55,584,36,697,44,228,41,765,35.702083333333334,139.709375,13104,新宿区
533945463,84,5769,4,225,10,2204,14,654,5,1643,12,22,2,5,4,35,7,49,35.706250000000004,139.703125,13104,新宿区
533945464,96,3289,1,3,2,95,22,467,1,1,10,41,9,70,7,70,6,72,35.706250000000004,139.709375,13104,新宿区
533945471,104,5665,4,10,1,942,23,159,1,10,6,11,7,3109,16,103,18,407,35.702083333333334,139.71562500000002,13104,新宿区
533945472,197,1611,9,31,14,218,40,246,0,0,28,60,16,240,14,46,21,117,35.702083333333334,139.721875,13104,新宿区
533945473,83,1273,2,5,5,32,13,113,0,0,10,55,6,701,21,117,3,28,35.706250000000004,139.71562500000002,13104,新宿区
533945474,410,14294,31,226,25,584,85,828,8,71,41,94,23,288,62,555,35,368,35.706250000000004,139.721875,13104,新宿区
533945481,104,808,6,71,7,63,12,50,1,1,17,32,16,76,8,29,13,371,35.702083333333334,139.728125,13104,新宿区
533945482,509,5234,25,167,46,1397,109,829,4,50,51,140,68,403,54,553,37,321,35.702083333333334,139.734375,13104,新宿区
533945483,611,6847,129,1198,53,501,88,570,4,142,51,131,61,384,45,245,38,307,35.706250000000004,139.728125,13104,新宿区
533945484,548,4273,75,961,54,586,95,840,6,29,64,408,48,198,53,238,37,246,35.706250000000004,139.734375,13104,新宿区
533945491,1278,19214,30,407,127,4849,172,1544,15,317,96,449,203,2579,364,2717,63,1596,35.702083333333334,139.74062500000002,13104,新宿区
533945492,936,26984,57,1756,134,4095,151,2910,22,544,82,587,141,2023,91,1155,38,834,35.702083333333334,139.74687500000002,13101,千代田区
533945493,362,7281,62,944,56,880,74,2616,1,46,23,154,31,369,30,163,19,206,35.706250000000004,139.74062500000002,13104,新宿区
533945494,333,13259,30,224,22,2321,49,2223,5,365,21,205,48,1991,25,137,11,233,35.706250000000004,139.74687500000002,13105,文京区
533945501,78,614,0,0,1,4,19,137,0,0,11,28,8,17,3,17,8,74,35.71041666666667,139.628125,13115,杉並区
533945502,195,1113,3,27,5,56,41,173,1,3,26,73,14,51,30,76,24,412,35.71041666666667,139.634375,13115,杉並区
533945503,60,426,0,0,1,1,15,204,0,0,11,25,4,11,4,14,3,80,35.71458333333334,139.628125,13115,杉並区
533945504,130,953,6,15,2,3,41,248,2,12,11,27,8,13,9,30,18,241,35.71458333333334,139.634375,13115,杉並区
533945511,89,548,0,0,3,42,9,28,0,0,16,48,11,70,4,45,9,103,35.71041666666667,139.640625,13115,杉並区
533945512,169,674,9,33,5,6,32,149,1,8,29,52,10,39,22,60,17,128,35.71041666666667,139.646875,13114,中野区
533945513,65,354,3,7,3,4,10,74,0,0,13,29,5,8,3,13,5,68,35.71458333333334,139.640625,13115,杉並区
533945514,95,366,2,12,3,5,12,55,0,0,20,40,10,19,5,21,11,95,35.71458333333334,139.646875,13114,中野区
533945521,224,1281,3,10,11,37,36,265,2,24,66,159,21,51,20,214,15,138,35.71041666666667,139.65312500000002,13114,中野区
533945522,109,2587,1,2,5,41,19,163,0,0,13,23,11,39,13,93,15,1464,35.71041666666667,139.659375,13114,中野区
533945523,111,538,8,14,4,23,22,86,1,1,20,43,8,11,9,66,10,66,35.71458333333334,139.65312500000002,13114,中野区
533945524,56,475,1,3,2,2,8,54,0,0,9,18,5,13,3,13,6,81,35.71458333333334,139.659375,13114,中野区
533945531,926,10493,13,138,36,436,264,2084,22,662,98,1449,65,529,191,1171,66,1052,35.71041666666667,139.665625,13114,中野区
533945532,172,1530,5,24,8,28,38,402,2,6,29,67,16,143,8,38,19,266,35.71041666666667,139.671875,13114,中野区
533945533,224,1487,8,15,10,78,52,538,0,0,28,103,24,70,19,82,20,221,35.71458333333334,139.665625,13114,中野区
533945534,274,1424,4,16,6,53,49,268,4,29,36,106,14,50,68,241,29,164,35.71458333333334,139.671875,13114,中野区
533945541,134,1262,5,36,2,95,19,129,0,0,28,54,5,67,12,91,16,164,35.71041666666667,139.67812500000002,13114,中野区
533945542,276,3664,8,109,13,312,53,640,4,1271,48,183,18,141,28,201,36,204,35.71041666666667,139.68437500000002,13114,中野区
533945543,60,248,3,22,2,7,11,46,0,0,9,15,3,14,2,15,1,7,35.71458333333334,139.67812500000002,13114,中野区
533945544,175,979,9,74,10,39,33,288,3,19,23,44,9,24,24,126,17,145,35.71458333333334,139.68437500000002,13104,新宿区
533945551,191,1805,6,58,8,32,37,419,5,142,44,98,9,32,13,58,24,314,35.71041666666667,139.690625,13114,中野区
533945552,298,4312,8,71,40,1205,57,571,4,25,38,869,39,476,14,46,22,198,35.71041666666667,139.696875,13104,新宿区
533945553,216,1260,21,112,5,12,39,282,1,10,26,67,7,46,30,88,24,193,35.71458333333334,139.690625,13104,新宿区
533945554,175,2026,8,140,9,131,19,102,2,11,26,113,21,413,17,64,23,412,35.71458333333334,139.696875,13104,新宿区
533945561,860,10052,20,101,85,1548,120,1280,8,144,100,375,171,669,65,651,64,844,35.71041666666667,139.703125,13104,新宿区
533945562,577,7345,14,162,74,1703,78,559,3,3,72,276,69,531,84,808,63,1316,35.71041666666667,139.709375,13104,新宿区
533945563,981,12952,16,261,54,1014,127,2035,21,851,129,684,125,855,205,2106,59,563,35.71458333333334,139.703125,13104,新宿区
533945564,537,10242,25,1703,57,1472,70,1050,7,732,61,323,77,1103,59,330,35,348,35.71458333333334,139.709375,13116,豊島区
533945571,224,1693,8,24,10,101,43,274,2,25,27,56,17,176,37,130,26,223,35.71041666666667,139.71562500000002,13104,新宿区
533945572,262,2914,38,359,20,144,44,295,3,226,38,212,12,29,41,484,15,163,35.71041666666667,139.721875,13104,新宿区
533945573,152,989,26,220,5,10,35,318,1,1,19,67,6,8,11,61,12,133,35.71458333333334,139.71562500000002,13116,豊島区
533945574,93,810,10,74,7,38,16,198,0,0,9,24,9,15,8,77,8,98,35.71458333333334,139.721875,13105,文京区
533945581,413,5939,64,522,42,628,51,756,9,467,41,102,48,362,37,1608,21,176,35.71041666666667,139.728125,13105,文京区
533945582,381,3650,43,382,24,591,69,539,5,244,49,171,45,136,29,538,33,482,35.71041666666667,139.734375,13105,文京区
533945583,212,1740,19,196,16,270,36,168,1,1,27,58,20,39,18,164,19,194,35.71458333333334,139.728125,13105,文京区
533945584,116,1094,4,6,5,9,13,43,1,1,30,46,16,27,9,23,10,121,35.71458333333334,139.734375,13105,文京区
533945591,263,7009,35,1004,21,3046,42,522,1,21,35,69,29,83,16,71,9,129,35.71041666666667,139.74062500000002,13105,文京区
533945592,211,2019,10,195,14,93,29,314,2,24,26,66,32,148,20,70,17,199,35.71041666666667,139.74687500000002,13105,文京区
533945593,302,5100,10,1104,22,312,51,843,4,152,54,177,27,87,20,75,35,266,35.71458333333334,139.74062500000002,13105,文京区
533945594,191,1311,51,312,4,27,28,269,0,0,26,127,15,53,12,46,9,88,35.71458333333334,139.74687500000002,13105,文京区
533945601,104,664,7,21,7,169,16,120,0,0,24,41,9,19,5,24,6,45,35.71875,139.628125,13115,杉並区
533945602,82,547,3,9,3,4,9,49,1,1,19,47,7,21,2,13,8,302,35.71875,139.634375,13114,中野区
533945603,103,686,5,8,5,58,25,230,2,26,13,27,4,6,11,76,16,141,35.72291666666667,139.628125,13114,中野区
533945604,73,512,1,2,3,4,8,112,1,0,9,21,8,14,8,18,8,116,35.72291666666667,139.634375,13114,中野区
533945611,48,414,2,15,0,0,9,84,0,0,5,10,4,5,4,21,8,132,35.71875,139.640625,13114,中野区
533945612,118,417,3,4,3,11,24,83,0,0,14,35,10,12,8,19,15,103,35.71875,139.646875,13114,中野区
533945613,272,1413,2,2,4,21,51,303,4,15,29,102,8,19,55,237,40,376,35.72291666666667,139.640625,13114,中野区
533945614,221,1185,3,16,2,2,55,495,1,13,37,117,16,32,19,89,25,168,35.72291666666667,139.646875,13114,中野区
533945621,351,2029,6,47,5,18,76,459,3,24,27,93,17,57,87,459,55,459,35.71875,139.65312500000002,13114,中野区
533945622,59,260,0,0,1,3,5,16,0,0,13,36,7,26,5,20,4,46,35.71875,139.659375,13114,中野区
533945623,200,1385,6,46,6,43,41,301,1,13,28,130,12,111,24,96,29,247,35.72291666666667,139.65312500000002,13114,中野区
533945624,112,847,2,14,2,3,24,162,1,17,19,45,13,36,4,15,15,165,35.72291666666667,139.659375,13114,中野区
533945631,189,1121,2,9,6,25,39,238,2,11,27,63,14,43,30,111,21,220,35.71875,139.665625,13114,中野区
533945632,184,1293,9,49,5,11,34,283,0,0,26,63,9,37,14,50,21,107,35.71875,139.671875,13114,中野区
533945633,210,1319,7,55,6,17,50,316,0,0,30,96,15,35,21,91,23,309,35.72291666666667,139.665625,13114,中野区
533945634,90,834,2,24,4,6,20,89,0,0,17,36,7,35,2,7,8,86,35.72291666666667,139.671875,13114,中野区
533945641,93,1749,9,55,1,15,25,498,1,10,9,20,2,9,10,52,13,237,35.71875,139.67812500000002,13104,新宿区
533945642,90,359,6,26,4,12,14,56,2,2,16,37,3,25,10,24,9,76,35.71875,139.68437500000002,13104,新宿区
533945643,151,1229,15,92,6,11,32,425,1,5,21,61,13,34,7,47,16,267,35.72291666666667,139.67812500000002,13104,新宿区
533945644,214,2452,14,112,7,17,51,696,1,23,22,54,11,46,22,206,23,230,35.72291666666667,139.68437500000002,13116,豊島区
533945651,119,651,7,36,15,66,16,87,0,0,22,81,19,64,6,26,12,70,35.71875,139.690625,13104,新宿区
533945652,93,1499,7,26,5,24,12,176,0,0,17,35,9,28,4,40,10,742,35.71875,139.696875,13104,新宿区
533945653,193,1315,8,35,6,115,49,405,3,21,20,49,10,56,23,66,20,143,35.72291666666667,139.690625,13116,豊島区
533945654,204,1638,8,51,11,28,48,411,2,70,25,79,20,80,11,93,30,396,35.72291666666667,139.696875,13116,豊島区
533945661,132,1692,14,151,11,128,11,73,3,8,21,61,15,149,6,67,7,152,35.71875,139.703125,13104,新宿区
533945662,52,3240,4,53,0,0,10,513,1,1,7,17,3,6,5,54,2,7,35.71875,139.709375,13116,豊島区
533945663,366,2799,5,38,6,146,87,519,3,30,61,233,41,336,35,334,54,300,35.72291666666667,139.703125,13104,新宿区
533945664,353,3913,7,48,31,784,61,648,3,31,50,177,39,256,40,213,46,617,35.72291666666667,139.709375,13116,豊島区
533945671,242,2424,9,38,14,342,50,455,1,3,31,156,33,356,26,79,26,158,35.71875,139.71562500000002,13116,豊島区
533945672,123,3553,8,41,6,211,23,119,1,3,15,57,9,60,12,30,9,57,35.71875,139.721875,13105,文京区
533945673,194,1569,6,41,14,100,46,321,1,1,16,41,17,59,17,120,15,292,35.72291666666667,139.71562500000002,13116,豊島区
533945674,115,742,8,65,7,14,24,126,2,15,17,106,17,65,1,9,4,61,35.72291666666667,139.721875,13116,豊島区
533945681,219,6291,19,319,21,1781,43,535,5,619,28,121,26,137,21,174,9,47,35.71875,139.728125,13105,文京区
533945682,272,4803,7,104,23,653,52,1118,5,40,27,139,19,248,32,339,34,304,35.71875,139.734375,13105,文京区
533945683,150,1493,13,448,10,343,26,187,1,1,16,33,18,72,6,30,16,261,35.72291666666667,139.728125,13105,文京区
533945684,197,3873,11,366,12,248,34,324,2,15,28,55,19,255,14,64,26,1682,35.72291666666667,139.734375,13105,文京区
533945691,319,2656,46,289,20,435,41,587,3,22,39,100,34,119,34,266,31,345,35.71875,139.74062500000002,13105,文京区
533945692,96,2190,13,1202,3,110,19,138,0,0,12,33,10,276,8,53,3,91,35.71875,139.74687500000002,13105,文京区
533945693,131,985,18,203,5,53,21,151,1,2,22,39,14,30,9,38,16,258,35.72291666666667,139.74062500000002,13105,文京区
533945694,127,1172,4,16,4,4,25,394,0,0,35,91,8,18,10,49,9,180,35.72291666666667,139.74687500000002,13105,文京区
533945701,88,623,5,36,5,38,19,116,1,2,9,18,3,6,8,38,7,62,35.72708333333333,139.628125,13114,中野区
533945702,81,611,1,1,6,21,16,150,0,0,24,70,9,30,1,37,7,102,35.72708333333333,139.634375,13114,中野区
533945703,57,342,1,3,4,9,10,27,0,0,8,21,7,21,1,2,8,133,35.73125,139.628125,13114,中野区
533945704,59,349,0,0,5,10,6,33,1,2,13,36,6,12,3,19,6,148,35.73125,139.634375,13114,中野区
533945711,136,1120,2,19,3,5,28,347,4,23,23,65,10,29,9,132,18,173,35.72708333333333,139.640625,13120,練馬区
533945712,58,518,6,25,0,0,14,188,1,1,10,23,5,24,4,30,3,81,35.72708333333333,139.646875,13120,練馬区
533945713,120,1020,2,6,2,7,21,127,0,0,14,37,6,14,10,124,19,473,35.73125,139.640625,13120,練馬区
533945714,97,1055,3,20,3,6,16,114,0,0,13,34,7,12,6,122,15,233,35.73125,139.646875,13120,練馬区
533945721,88,1715,4,10,3,4,21,296,1,3,9,25,6,33,7,199,6,150,35.72708333333333,139.65312500000002,13120,練馬区
533945722,100,1576,3,6,1,2,23,306,0,0,11,40,4,21,5,36,14,469,35.72708333333333,139.659375,13120,練馬区
533945723,107,1129,6,9,5,50,20,270,0,0,11,40,9,202,8,64,12,240,35.73125,139.65312500000002,13120,練馬区
533945724,157,1274,12,123,1,1,38,367,1,2,25,53,5,27,15,47,12,159,35.73125,139.659375,13120,練馬区
533945731,128,2758,4,11,0,0,35,163,2,3,7,19,5,17,10,68,33,2264,35.72708333333333,139.665625,13114,中野区
533945732,98,748,5,38,2,4,16,147,2,4,18,41,5,40,6,17,11,238,35.72708333333333,139.671875,13114,中野区
533945733,87,789,6,38,3,7,22,214,0,0,9,24,4,8,7,123,13,203,35.73125,139.665625,13114,中野区
533945734,140,1005,4,19,7,115,25,215,0,0,27,57,7,12,12,105,15,160,35.73125,139.671875,13114,中野区
533945741,85,580,3,62,2,2,9,55,3,15,20,50,10,55,4,56,13,117,35.72708333333333,139.67812500000002,13104,新宿区
533945742,224,1152,9,46,2,22,58,273,2,11,27,63,9,15,34,160,26,263,35.72708333333333,139.68437500000002,13116,豊島区
533945743,142,3743,9,66,4,11,34,226,3,282,15,33,12,1373,10,40,19,449,35.73125,139.67812500000002,13120,練馬区
533945744,295,1870,9,109,2,3,57,389,3,26,25,53,12,41,55,246,42,439,35.73125,139.68437500000002,13116,豊島区
533945751,245,1458,12,120,3,5,54,469,2,10,42,89,13,65,38,115,30,301,35.72708333333333,139.690625,13116,豊島区
533945752,226,1610,11,28,3,144,38,263,5,21,32,100,15,31,34,219,29,291,35.72708333333333,139.696875,13116,豊島区
533945753,122,789,11,48,2,4,23,209,2,19,9,16,8,19,13,61,9,87,35.73125,139.690625,13116,豊島区
533945754,196,1667,13,163,11,43,40,364,1,21,30,91,19,80,13,52,18,319,35.73125,139.696875,13116,豊島区
533945761,170,1663,5,17,6,35,28,264,5,10,35,77,32,94,7,21,16,319,35.72708333333333,139.703125,13116,豊島区
533945762,1222,26802,13,362,62,1675,456,5986,16,347,89,1197,134,1538,138,5735,58,1004,35.72708333333333,139.709375,13116,豊島区
533945763,519,8796,13,74,36,717,72,672,11,59,61,297,82,801,58,482,33,245,35.73125,139.703125,13116,豊島区
533945764,1716,24072,15,139,46,1175,504,6076,43,606,178,1297,102,584,450,6618,82,1070,35.73125,139.709375,13116,豊島区
533945771,1238,27284,17,338,120,3439,196,3470,82,3257,115,1165,176,1689,162,2049,74,1435,35.72708333333333,139.71562500000002,13116,豊島区
533945772,432,6354,19,155,25,421,114,1127,6,75,37,122,66,1668,41,470,17,227,35.72708333333333,139.721875,13116,豊島区
533945773,1696,31762,25,260,100,3342,375,6307,59,2724,181,1599,204,2337,280,4491,86,1762,35.73125,139.71562500000002,13116,豊島区
533945774,698,23363,20,422,82,5018,147,2450,30,2841,58,1190,90,1042,67,1448,36,454,35.73125,139.721875,13116,豊島区
533945781,604,10510,37,297,52,570,120,2054,11,120,52,182,64,439,50,241,54,504,35.72708333333333,139.728125,13116,豊島区
533945782,193,1856,10,45,4,7,44,611,2,52,33,80,13,50,6,72,14,134,35.72708333333333,139.734375,13116,豊島区
533945783,1117,13557,35,463,89,1877,228,3043,7,75,102,599,111,1625,221,1780,77,1014,35.73125,139.728125,13116,豊島区
533945784,279,4272,12,169,12,564,58,529,2,54,40,109,23,690,21,96,32,285,35.73125,139.734375,13116,豊島区
533945791,248,1303,13,47,12,182,55,297,0,0,53,116,15,69,22,99,24,260,35.72708333333333,139.74062500000002,13105,文京区
533945792,251,2363,13,41,11,664,61,416,2,12,33,68,17,61,20,153,30,277,35.72708333333333,139.74687500000002,13105,文京区
533945793,682,7104,23,125,41,678,144,1349,4,10,94,300,64,335,82,602,68,579,35.73125,139.74062500000002,13116,豊島区
533945794,214,7368,10,723,9,610,45,1353,10,1175,20,574,14,47,14,87,13,119,35.73125,139.74687500000002,13105,文京区
533945801,303,2116,3,68,6,18,70,687,6,103,33,83,10,41,48,283,50,373,35.73541666666667,139.628125,13120,練馬区
533945802,138,1146,4,10,3,6,22,107,0,0,24,75,8,39,12,95,18,371,35.73541666666667,139.634375,13120,練馬区
533945803,78,573,7,94,4,30,9,28,0,0,19,38,8,14,4,15,9,108,35.73958333333334,139.628125,13120,練馬区
533945804,188,1313,9,59,6,16,34,308,3,8,24,70,13,22,19,64,28,390,35.73958333333334,139.634375,13120,練馬区
533945811,302,2356,4,41,4,43,65,583,3,49,38,108,7,11,42,246,54,500,35.73541666666667,139.640625,13120,練馬区
533945812,144,1467,9,54,5,15,24,352,1,2,24,74,19,86,5,48,14,181,35.73541666666667,139.646875,13120,練馬区
533945813,96,804,2,12,6,11,27,266,2,4,12,40,7,51,9,139,9,145,35.73958333333334,139.640625,13120,練馬区
533945814,111,840,2,13,8,24,18,159,4,59,21,54,12,54,3,23,9,122,35.73958333333334,139.646875,13120,練馬区
533945821,693,10019,5,44,20,320,110,1240,14,334,60,257,58,208,156,1412,90,1227,35.73541666666667,139.65312500000002,13120,練馬区
533945822,245,2174,7,74,9,48,46,315,3,62,25,88,19,77,21,130,32,379,35.73541666666667,139.659375,13120,練馬区
533945823,341,3064,4,35,10,23,65,1020,6,74,55,259,14,55,40,325,50,711,35.73958333333334,139.65312500000002,13120,練馬区
533945824,384,2051,7,64,6,17,74,431,4,64,49,202,19,88,64,318,56,437,35.73958333333334,139.659375,13120,練馬区
533945831,128,2584,13,225,9,319,30,557,1,13,22,50,4,8,8,31,7,88,35.73541666666667,139.665625,13120,練馬区
533945832,361,2938,6,55,13,152,68,754,5,83,52,209,20,154,81,657,28,418,35.73541666666667,139.671875,13120,練馬区
533945833,138,1146,7,61,5,51,24,228,1,2,20,48,11,23,15,134,16,124,35.73958333333334,139.665625,13120,練馬区
533945834,338,2222,3,34,1,1,89,588,6,66,41,124,11,32,63,213,43,368,35.73958333333334,139.671875,13120,練馬区
533945841,106,1100,3,5,5,34,23,191,2,5,14,27,8,37,9,69,10,468,35.73541666666667,139.67812500000002,13120,練馬区
533945842,84,1154,5,22,1,1,21,452,1,2,9,14,4,6,6,58,11,360,35.73541666666667,139.68437500000002,13116,豊島区
533945843,74,1772,6,151,2,3,15,91,0,0,5,8,3,4,4,16,13,130,35.73958333333334,139.67812500000002,13120,練馬区
533945844,139,946,10,84,4,11,23,170,0,0,23,56,6,13,11,48,15,138,35.73958333333334,139.68437500000002,13116,豊島区
533945851,185,1132,10,70,6,32,39,267,1,2,24,72,8,47,13,57,26,224,35.73541666666667,139.690625,13116,豊島区
533945852,248,2077,10,64,7,88,67,591,1,12,21,111,18,142,33,216,30,382,35.73541666666667,139.696875,13116,豊島区
533945853,165,1744,7,36,2,12,41,757,1,7,25,157,7,11,21,211,21,174,35.73958333333334,139.690625,13116,豊島区
533945854,83,534,7,26,1,1,16,62,0,0,12,27,7,25,8,76,6,39,35.73958333333334,139.696875,13116,豊島区
533945861,250,2204,22,149,19,235,59,563,2,5,18,67,20,116,31,127,17,463,35.73541666666667,139.703125,13116,豊島区
533945862,936,11280,29,387,96,1757,173,1894,11,105,132,514,137,851,108,1002,62,426,35.73541666666667,139.709375,13116,豊島区
533945863,184,1830,18,115,5,21,40,449,0,0,13,26,13,108,5,21,20,90,35.73958333333334,139.703125,13119,板橋区
533945864,273,3040,16,188,12,67,56,465,2,7,44,98,22,66,13,67,24,258,35.73958333333334,139.709375,13116,豊島区
533945871,411,9026,18,106,49,534,63,680,9,152,49,212,75,481,27,165,29,2576,35.73541666666667,139.71562500000002,13116,豊島区
533945872,170,1301,9,35,9,67,44,280,0,0,12,28,11,46,14,54,18,337,35.73541666666667,139.721875,13116,豊島区
533945873,153,1300,9,60,9,122,25,129,1,2,18,61,4,25,7,46,27,183,35.73958333333334,139.71562500000002,13116,豊島区
533945874,217,1471,21,175,3,10,49,394,2,27,34,66,15,88,14,113,15,103,35.73958333333334,139.721875,13116,豊島区
533945881,327,2852,16,141,13,151,60,633,11,78,35,110,27,210,46,209,33,443,35.73541666666667,139.728125,13116,豊島区
533945882,338,3074,11,52,8,87,121,959,5,511,33,82,19,164,43,305,27,177,35.73541666666667,139.734375,13116,豊島区
533945883,188,1110,13,95,3,6,53,240,1,1,16,43,6,19,18,75,18,257,35.73958333333334,139.728125,13116,豊島区
533945884,166,1672,9,20,6,80,47,458,1,4,16,40,7,20,12,50,14,541,35.73958333333334,139.734375,13116,豊島区
533945891,284,3301,3,14,10,61,62,843,5,32,35,116,19,258,64,753,26,209,35.73541666666667,139.74062500000002,13116,豊島区
533945892,496,5008,18,136,31,413,101,853,5,47,71,248,49,324,63,725,53,554,35.73541666666667,139.74687500000002,13116,豊島区
533945893,141,852,7,45,4,116,37,157,1,10,13,30,10,31,14,66,16,174,35.73958333333334,139.74062500000002,13116,豊島区
533945894,400,2476,20,106,15,105,109,820,3,47,33,71,21,65,53,217,51,336,35.73958333333334,139.74687500000002,13116,豊島区
533945901,100,1030,6,102,1,1,25,344,1,1,10,20,5,8,2,8,10,155,35.743750000000006,139.628125,13120,練馬区
533945902,104,857,9,44,2,5,22,222,0,0,8,16,8,31,6,14,3,29,35.743750000000006,139.634375,13120,練馬区
533945903,111,1036,5,44,3,8,20,110,1,4,16,59,0,0,5,52,10,320,35.747916666666676,139.628125,13120,練馬区
533945904,63,546,1,15,2,3,9,36,0,0,13,35,8,19,2,16,10,205,35.747916666666676,139.634375,13120,練馬区
533945911,41,197,1,2,2,8,11,33,0,0,5,13,3,8,0,0,3,8,35.743750000000006,139.640625,13120,練馬区
533945912,123,1080,1,14,3,8,23,198,4,5,12,28,8,15,28,197,13,160,35.743750000000006,139.646875,13120,練馬区
533945913,79,443,2,6,0,0,20,136,0,0,9,20,3,10,6,31,7,76,35.747916666666676,139.640625,13120,練馬区
533945914,113,769,7,38,0,0,24,254,1,13,18,56,10,17,8,85,13,172,35.747916666666676,139.646875,13120,練馬区
533945921,55,348,2,5,2,9,8,18,1,3,3,8,6,21,4,25,6,129,35.743750000000006,139.65312500000002,13120,練馬区
533945922,66,335,1,2,1,2,8,45,0,0,17,38,6,9,4,26,7,144,35.743750000000006,139.659375,13120,練馬区
533945923,66,264,2,9,4,6,16,85,0,0,8,22,5,7,1,2,7,26,35.747916666666676,139.65312500000002,13120,練馬区
533945924,49,179,3,13,3,12,8,28,0,0,8,18,7,12,2,6,3,13,35.747916666666676,139.659375,13120,練馬区
533945931,120,739,3,9,7,11,19,101,0,0,10,29,13,28,6,23,23,343,35.743750000000006,139.665625,13120,練馬区
533945932,72,629,1,3,7,39,14,149,0,0,9,24,7,34,6,66,13,188,35.743750000000006,139.671875,13120,練馬区
533945933,114,1576,4,56,1,3,27,481,1,1,15,56,5,6,11,123,18,205,35.747916666666676,139.665625,13120,練馬区
533945934,96,794,10,61,4,8,20,331,0,0,19,116,3,12,4,23,10,107,35.747916666666676,139.671875,13120,練馬区
533945941,150,1751,6,48,4,16,32,278,1,6,20,68,9,23,13,108,21,181,35.743750000000006,139.67812500000002,13120,練馬区
533945942,102,1531,17,219,4,13,14,235,1,1,15,40,1,1,4,29,15,754,35.743750000000006,139.68437500000002,13119,板橋区
533945943,164,2089,11,60,2,28,42,386,1,5,14,41,4,12,17,176,23,1029,35.747916666666676,139.67812500000002,13119,板橋区
533945944,111,1212,13,80,0,0,27,148,1,13,9,95,5,15,12,46,13,491,35.747916666666676,139.68437500000002,13119,板橋区
533945951,92,453,9,31,1,1,14,57,0,0,8,16,10,20,1,6,13,149,35.743750000000006,139.690625,13119,板橋区
533945952,119,1103,13,76,1,13,28,230,1,6,12,33,4,6,7,17,14,179,35.743750000000006,139.696875,13119,板橋区
533945953,108,3344,4,44,1,1,21,161,2,5,6,17,5,17,21,178,15,1679,35.747916666666676,139.690625,13119,板橋区
533945954,229,2166,5,29,2,34,62,792,5,61,31,140,11,31,29,120,30,593,35.747916666666676,139.696875,13119,板橋区
533945961,256,2471,60,744,4,14,56,726,2,23,23,52,14,104,18,75,16,127,35.743750000000006,139.703125,13119,板橋区
533945962,189,1546,40,378,2,3,34,222,1,15,18,39,5,11,9,40,17,316,35.743750000000006,139.709375,13116,豊島区
533945963,573,4370,18,181,12,49,127,867,8,36,54,209,18,51,139,1034,62,453,35.747916666666676,139.703125,13119,板橋区
533945964,244,2983,21,218,9,58,51,752,0,0,29,62,17,50,30,107,11,133,35.747916666666676,139.709375,13119,板橋区
533945971,192,1096,18,156,4,5,43,270,3,40,28,59,15,32,13,52,18,173,35.743750000000006,139.71562500000002,13116,豊島区
533945972,351,2742,17,91,6,30,84,882,2,10,48,99,25,89,40,325,43,601,35.743750000000006,139.721875,13117,北区
533945973,504,4349,21,129,25,236,106,1160,9,171,35,89,55,302,60,306,63,551,35.747916666666676,139.71562500000002,13119,板橋区
533945974,437,4229,20,134,19,94,79,1566,3,27,58,199,34,256,97,463,31,342,35.747916666666676,139.721875,13117,北区
533945981,215,3186,6,42,3,229,50,551,2,30,23,68,10,37,36,215,24,270,35.743750000000006,139.728125,13116,豊島区
533945982,181,798,21,119,2,14,32,99,4,15,38,56,5,17,19,63,16,193,35.743750000000006,139.734375,13117,北区
533945983,144,1090,9,74,0,0,46,319,2,13,11,26,9,46,10,43,12,130,35.747916666666676,139.728125,13117,北区
533945984,154,1041,11,48,1,3,19,102,4,75,24,30,10,65,11,23,17,128,35.747916666666676,139.734375,13117,北区
533945991,163,1720,6,22,3,8,38,266,1,15,22,40,17,300,12,55,18,851,35.743750000000006,139.74062500000002,13117,北区
533945992,116,944,2,5,2,7,26,238,0,0,23,43,5,10,11,69,7,86,35.743750000000006,139.74687500000002,13117,北区
533945993,104,2671,10,1487,3,9,17,69,1,0,13,33,7,86,5,23,7,30,35.747916666666676,139.74062500000002,13117,北区
533945994,106,1057,12,46,3,8,20,137,1,4,8,21,5,63,9,23,10,85,35.747916666666676,139.74687500000002,13117,北区
533946001,2342,47677,52,1210,144,8209,356,8969,107,3795,205,3227,618,5646,266,1937,91,1420,35.66875,139.753125,13103,港区
533946002,1967,57295,20,1806,65,3036,325,5040,31,787,157,1364,104,2371,934,7925,66,709,35.66875,139.759375,13102,中央区
533946003,324,29279,0,0,30,1756,38,2776,15,1191,12,934,44,716,42,441,24,285,35.67291666666667,139.753125,13101,千代田区
533946004,1460,36940,17,3420,51,4091,384,3512,49,1336,97,1216,180,9805,387,7095,47,871,35.67291666666667,139.759375,13101,千代田区
533946011,2190,43632,28,875,182,6922,551,8708,82,3247,165,2169,309,4741,380,4021,107,1299,35.66875,139.765625,13102,中央区
533946012,1373,28505,46,868,132,3308,275,4102,22,455,96,341,267,3268,195,1670,62,438,35.66875,139.771875,13102,中央区
533946013,2686,48600,21,831,63,1594,933,13334,52,674,230,2412,223,2215,429,5834,173,2195,35.67291666666667,139.765625,13102,中央区
533946014,2010,31725,73,1306,168,5971,454,5318,44,741,177,2978,359,2630,154,946,77,1167,35.67291666666667,139.771875,13102,中央区
533946021,562,17851,57,1055,53,2734,129,3803,15,467,45,312,70,756,38,449,27,3068,35.66875,139.77812500000002,13102,中央区
533946022,175,3497,2,87,8,21,36,512,2,5,24,88,21,77,18,114,17,345,35.66875,139.784375,13102,中央区
533946023,1298,16551,111,1087,146,2168,320,5301,29,824,96,720,194,1403,86,623,54,460,35.67291666666667,139.77812500000002,13102,中央区
533946024,233,8056,15,180,34,1887,39,2144,33,2248,15,180,25,263,15,91,17,197,35.67291666666667,139.784375,13102,中央区
533946031,86,1006,10,75,4,64,25,280,0,0,4,16,11,34,4,35,4,17,35.66875,139.790625,13108,江東区
533946032,280,2447,29,894,1,6,49,468,1,1,28,121,17,41,70,323,25,197,35.66875,139.796875,13108,江東区
533946033,280,4261,43,343,10,878,69,789,6,323,24,111,15,81,20,64,12,154,35.67291666666667,139.790625,13108,江東区
533946034,628,8163,24,153,16,245,135,1274,4,121,57,261,35,622,149,1302,47,592,35.67291666666667,139.796875,13108,江東区
533946041,386,14441,12,199,31,2956,80,3161,27,2185,21,259,23,330,57,463,34,487,35.66875,139.80312500000002,13108,江東区
533946042,486,5207,23,225,23,712,105,1134,4,59,45,529,25,70,81,406,37,380,35.66875,139.80937500000002,13108,江東区
533946043,223,4545,27,444,12,738,55,969,2,39,33,145,14,140,12,52,12,321,35.67291666666667,139.80312500000002,13108,江東区
533946044,148,3016,14,91,7,559,24,287,0,0,16,47,12,347,12,37,11,384,35.67291666666667,139.80937500000002,13108,江東区
533946051,360,10449,10,144,21,670,64,1180,14,1927,35,374,31,1402,42,646,27,296,35.66875,139.815625,13108,江東区
533946052,218,10359,5,151,15,1241,48,2571,2,101,13,60,20,193,36,315,13,272,35.66875,139.821875,13108,江東区
533946053,262,8128,12,74,15,1625,53,784,9,1017,18,95,19,172,26,521,30,361,35.67291666666667,139.815625,13108,江東区
533946054,118,3127,5,45,5,236,28,780,2,2,6,33,10,545,7,43,14,195,35.67291666666667,139.821875,13108,江東区
533946061,68,5003,1,13,4,506,12,706,2,14,3,96,4,130,6,46,11,208,35.66875,139.828125,13108,江東区
533946062,119,1904,12,263,2,5,25,147,1,26,9,41,4,6,10,171,17,379,35.66875,139.834375,13108,江東区
533946063,135,1822,6,37,5,126,32,749,0,0,6,83,8,46,15,100,24,316,35.67291666666667,139.828125,13108,江東区
533946064,164,2338,7,10,1,1,41,952,4,68,5,28,1,4,28,437,21,323,35.67291666666667,139.834375,13108,江東区
533946071,122,1077,16,165,4,9,21,108,3,18,7,17,6,25,10,114,13,165,35.66875,139.84062500000002,13108,江東区
533946073,116,1017,12,70,1,2,24,160,1,12,8,43,2,38,13,40,17,148,35.67291666666667,139.84062500000002,13108,江東区
533946081,61,560,3,8,2,14,11,101,1,1,11,30,3,5,3,28,3,18,35.66875,139.853125,13123,江戸川区
533946082,204,3532,2,51,6,1177,67,1104,9,90,10,23,5,6,24,294,27,424,35.66875,139.859375,13123,江戸川区
533946083,90,584,2,8,1,3,16,54,0,0,14,40,2,2,8,35,2,18,35.67291666666667,139.853125,13123,江戸川区
533946084,83,1698,8,40,0,0,18,239,0,0,8,27,2,24,9,203,8,902,35.67291666666667,139.859375,13123,江戸川区
533946091,113,2918,3,80,2,4,29,360,1,15,8,671,6,86,6,111,10,175,35.66875,139.86562500000002,13123,江戸川区
533946092,131,1038,3,14,2,23,29,299,2,7,18,57,5,61,19,116,13,109,35.66875,139.87187500000002,13123,江戸川区
533946093,120,1837,6,25,2,15,23,313,1,2,11,32,6,14,6,44,8,105,35.67291666666667,139.86562500000002,13123,江戸川区
533946094,116,910,6,25,1,1,20,163,0,0,12,38,3,9,9,73,23,219,35.67291666666667,139.87187500000002,13123,江戸川区
533946101,102,24665,0,0,2,40,11,120,5,176,0,0,3,113,16,121,9,105,35.677083333333336,139.753125,13101,千代田区
533946102,1544,35292,14,3318,22,884,110,3140,476,8006,542,1344,106,12647,53,1219,17,84,35.677083333333336,139.759375,13101,千代田区
533946104,125,5357,4,439,4,230,15,3006,11,302,6,44,59,942,4,32,4,52,35.681250000000006,139.759375,13101,千代田区
533946111,1082,67755,25,7426,60,2815,235,19414,96,17922,87,1411,150,6751,178,2728,53,797,35.677083333333336,139.765625,13101,千代田区
533946112,1683,48787,59,3026,102,4224,403,13227,107,3401,178,2304,269,3073,135,1139,76,825,35.677083333333336,139.771875,13102,中央区
533946113,1252,53048,19,4711,30,1939,477,9190,129,14876,84,3512,102,3174,215,4134,20,265,35.681250000000006,139.765625,13101,千代田区
533946114,2211,77469,43,1917,81,4974,598,17551,322,17069,181,4580,254,6569,256,4109,106,2357,35.681250000000006,139.771875,13102,中央区
533946121,1864,35928,108,1288,161,6696,447,7996,78,1465,137,676,275,2350,194,1507,44,467,35.677083333333336,139.77812500000002,13102,中央区
533946122,835,30866,51,735,90,14177,216,4435,36,1316,53,624,112,1076,62,646,34,1299,35.677083333333336,139.784375,13102,中央区
533946123,1176,38713,37,475,94,3888,263,8545,112,5858,104,1017,156,2171,90,1078,37,335,35.681250000000006,139.77812500000002,13102,中央区
533946124,1100,20374,70,2575,108,3783,303,5258,28,640,80,383,155,1621,84,1562,39,278,35.681250000000006,139.784375,13102,中央区
533946131,224,7440,22,146,15,3576,62,701,4,215,14,55,15,95,18,129,5,23,35.677083333333336,139.790625,13108,江東区
533946132,269,3158,31,274,18,567,57,882,3,321,33,100,11,32,23,115,26,369,35.677083333333336,139.796875,13108,江東区
533946133,197,8870,18,577,5,146,47,2314,4,834,15,129,19,241,25,2178,6,52,35.681250000000006,139.790625,13102,中央区
533946134,276,2417,32,164,4,30,68,483,1,2,29,152,17,113,25,130,20,246,35.681250000000006,139.796875,13108,江東区
533946141,196,1913,36,443,4,9,45,515,2,23,31,97,17,154,6,75,12,95,35.677083333333336,139.80312500000002,13108,江東区
533946142,85,1038,8,156,6,79,21,293,0,0,12,27,5,10,7,49,7,56,35.677083333333336,139.80937500000002,13108,江東区
533946143,350,2221,66,361,6,34,84,559,2,10,21,45,16,50,28,132,34,453,35.681250000000006,139.80312500000002,13108,江東区
533946144,189,2128,33,239,1,1,44,465,2,22,13,41,6,12,16,347,14,209,35.681250000000006,139.80937500000002,13108,江東区
533946151,192,6328,19,232,11,615,61,2223,5,817,17,56,16,72,12,114,7,106,35.677083333333336,139.815625,13108,江東区
533946152,116,1934,12,150,1,1,22,955,0,0,12,62,8,172,7,73,10,100,35.677083333333336,139.821875,13108,江東区
533946153,400,2637,65,378,2,3,97,677,3,50,19,34,13,71,56,184,38,466,35.681250000000006,139.815625,13108,江東区
533946154,195,2000,32,377,1,18,38,416,1,1,19,44,5,28,14,72,21,328,35.681250000000006,139.821875,13108,江東区
533946161,133,2421,11,54,2,191,26,254,1,29,6,16,3,16,21,337,13,458,35.677083333333336,139.828125,13108,江東区
533946162,182,1372,26,94,2,35,34,255,2,47,19,102,4,12,13,175,22,151,35.677083333333336,139.834375,13108,江東区
533946163,331,2898,8,35,7,46,130,1272,2,7,23,82,7,30,45,553,29,338,35.681250000000006,139.828125,13108,江東区
533946164,222,1227,9,66,1,3,73,318,2,10,9,16,2,11,29,107,31,293,35.681250000000006,139.834375,13108,江東区
533946171,193,1557,36,352,1,1,34,182,1,16,11,50,3,5,23,121,20,400,35.677083333333336,139.84062500000002,13108,江東区
533946172,8,36,2,2,0,0,1,7,0,0,0,0,0,0,0,0,0,0,35.677083333333336,139.846875,13108,江東区
533946173,127,1026,27,239,2,3,22,80,1,2,3,5,9,80,9,25,15,284,35.681250000000006,139.84062500000002,13108,江東区
533946174,41,309,5,34,1,2,8,31,0,0,4,17,1,1,5,30,5,67,35.681250000000006,139.846875,13123,江戸川区
533946181,38,302,4,13,0,0,4,25,0,0,3,3,2,4,3,15,5,80,35.677083333333336,139.853125,13123,江戸川区
533946182,110,802,10,37,5,12,17,90,1,3,11,35,4,6,9,47,8,129,35.677083333333336,139.859375,13123,江戸川区
533946183,3,5,0,0,0,0,1,3,1,1,0,0,0,0,0,0,0,0,35.681250000000006,139.853125,13123,江戸川区
533946184,109,1344,9,25,0,0,34,261,0,0,15,52,5,531,9,33,14,195,35.681250000000006,139.859375,13123,江戸川区
533946191,106,1067,10,71,1,4,14,52,2,6,24,63,4,14,5,31,7,230,35.677083333333336,139.86562500000002,13123,江戸川区
533946192,120,907,12,79,1,2,31,374,1,25,13,33,3,23,5,29,3,11,35.677083333333336,139.87187500000002,13123,江戸川区
533946193,225,2404,16,162,5,18,47,503,6,94,19,68,9,59,24,322,44,677,35.681250000000006,139.86562500000002,13123,江戸川区
533946194,156,1705,36,330,3,4,22,462,1,1,11,28,6,10,5,36,7,131,35.681250000000006,139.87187500000002,13123,江戸川区
533946201,7,775,0,0,0,0,2,70,1,4,0,0,0,0,1,8,0,0,35.68541666666667,139.753125,13101,千代田区
533946202,165,16633,11,2689,0,0,33,3585,37,6107,9,198,16,1617,16,804,5,149,35.68541666666667,139.759375,13101,千代田区
533946203,12,843,0,0,2,117,1,3,0,0,0,0,0,0,2,29,0,0,35.68958333333334,139.753125,13101,千代田区
533946204,277,17207,11,253,30,4216,44,4352,11,801,14,369,60,1041,29,466,13,155,35.68958333333334,139.759375,13101,千代田区
533946211,1096,94144,23,2522,94,11020,183,13114,159,31415,48,3601,145,14532,171,3675,45,1049,35.68541666666667,139.765625,13101,千代田区
533946212,853,42410,15,477,40,2237,283,13356,69,8116,81,4733,72,1836,115,1829,36,413,35.68541666666667,139.771875,13102,中央区
533946213,1377,63642,52,3093,143,4628,261,12304,73,10885,112,3109,230,13961,128,1158,42,925,35.68958333333334,139.765625,13101,千代田区
533946214,1995,39078,62,2068,135,6056,609,9694,79,1433,187,2411,240,2810,248,4322,67,484,35.68958333333334,139.771875,13102,中央区
533946221,1544,31417,80,1640,114,2335,454,11513,71,2287,130,1277,224,1720,136,888,47,561,35.68541666666667,139.77812500000002,13102,中央区
533946222,1699,21178,70,687,106,2762,459,4997,29,511,137,815,208,1825,306,2191,79,704,35.68541666666667,139.784375,13102,中央区
533946223,1769,39924,88,1803,155,5888,599,16246,58,1282,104,1670,255,2829,102,1499,53,704,35.68958333333334,139.77812500000002,13102,中央区
533946224,1310,24235,60,936,102,3549,445,7376,28,422,89,2652,156,1504,84,488,66,1294,35.68958333333334,139.784375,13102,中央区
533946231,451,8731,25,1004,24,748,156,2721,6,85,42,259,57,1550,29,199,15,125,35.68541666666667,139.790625,13102,中央区
533946232,353,3413,59,335,5,19,94,698,3,65,22,78,14,56,33,145,27,245,35.68541666666667,139.796875,13108,江東区
533946233,245,3250,30,214,21,453,72,1107,4,14,24,58,23,209,7,52,9,104,35.68958333333334,139.790625,13107,墨田区
533946234,392,2686,70,532,6,31,103,810,3,34,38,116,17,90,50,321,29,230,35.68958333333334,139.796875,13107,墨田区
533946241,235,2199,49,243,5,60,48,293,0,0,22,43,10,75,20,64,20,281,35.68541666666667,139.80312500000002,13108,江東区
533946242,178,1867,33,208,3,163,45,306,1,12,14,36,4,35,8,81,15,127,35.68541666666667,139.80937500000002,13108,江東区
533946243,429,3457,88,554,5,31,98,868,4,10,48,129,33,99,40,270,28,285,35.68958333333334,139.80312500000002,13107,墨田区
533946244,322,3707,45,304,4,19,70,876,6,499,39,106,9,25,28,234,27,849,35.68958333333334,139.80937500000002,13107,墨田区
533946251,202,2161,31,203,2,5,43,910,1,17,16,47,10,19,17,48,19,229,35.68541666666667,139.815625,13108,江東区
533946252,81,2381,13,300,1,6,13,239,0,0,11,19,1,1,4,37,5,75,35.68541666666667,139.821875,13108,江東区
533946253,325,2759,34,203,6,49,75,433,4,67,22,76,16,370,53,256,37,394,35.68958333333334,139.815625,13108,江東区
533946254,150,4444,25,499,2,3,26,2662,3,2,14,34,10,54,9,58,9,85,35.68958333333334,139.821875,13108,江東区
533946261,93,1381,8,48,3,11,13,131,0,0,3,6,3,238,13,57,14,659,35.68541666666667,139.828125,13108,江東区
533946262,90,801,8,47,0,0,14,95,1,12,2,11,4,7,18,69,15,234,35.68541666666667,139.834375,13108,江東区
533946263,338,3656,34,518,4,10,69,492,4,57,25,111,15,35,50,370,53,562,35.68958333333334,139.828125,13108,江東区
533946264,343,3008,17,68,2,2,91,648,3,18,18,48,8,22,61,385,58,1255,35.68958333333334,139.834375,13108,江東区
533946271,100,660,23,110,2,3,21,207,0,0,5,18,1,2,7,30,10,115,35.68541666666667,139.84062500000002,13108,江東区
533946272,40,900,5,34,1,4,11,698,0,0,1,2,7,35,1,11,2,17,35.68541666666667,139.846875,13123,江戸川区
533946273,257,1779,37,211,3,5,54,460,1,16,12,31,8,36,33,198,31,413,35.68958333333334,139.84062500000002,13108,江東区
533946274,99,1122,6,116,3,9,19,163,0,0,10,31,4,10,8,88,12,99,35.68958333333334,139.846875,13108,江東区
533946282,78,1029,6,45,3,3,12,316,0,0,6,10,4,11,10,150,5,123,35.68541666666667,139.859375,13123,江戸川区
533946283,26,204,1,4,1,1,6,53,0,0,1,2,2,11,1,4,7,71,35.68958333333334,139.853125,13123,江戸川区
533946284,30,234,14,145,0,0,1,6,0,0,4,11,2,3,0,0,0,0,35.68958333333334,139.859375,13123,江戸川区
533946291,241,3128,27,515,3,12,36,677,4,84,10,37,5,18,40,369,30,437,35.68541666666667,139.86562500000002,13123,江戸川区
533946292,135,1044,26,253,0,0,35,185,0,0,8,17,1,1,8,40,7,42,35.68541666666667,139.87187500000002,13123,江戸川区
533946293,153,1701,68,559,0,0,23,197,1,9,11,28,4,86,6,82,4,34,35.68958333333334,139.86562500000002,13123,江戸川区
533946294,155,2197,65,719,1,3,19,112,1,2,9,536,1,8,8,223,5,60,35.68958333333334,139.87187500000002,13123,江戸川区
533946301,519,16270,23,344,92,2785,97,3986,11,160,27,339,112,1262,33,358,21,1034,35.69375,139.753125,13101,千代田区
533946302,1218,39940,31,908,148,6771,269,8068,106,2833,100,2940,189,4294,119,1219,33,406,35.69375,139.759375,13101,千代田区
533946303,1412,32583,81,2113,252,5470,206,7053,40,391,138,1659,295,4641,90,1100,50,506,35.69791666666667,139.753125,13101,千代田区
533946304,1242,21147,44,482,182,3769,249,2946,29,1728,125,379,176,1283,155,1239,34,778,35.69791666666667,139.759375,13101,千代田区
533946311,2072,40016,79,801,229,7796,465,11997,67,1659,169,1128,417,4541,151,1281,66,933,35.69375,139.765625,13101,千代田区
533946312,2197,30042,106,1129,212,5801,605,6935,60,972,218,1469,304,2861,193,1498,74,952,35.69375,139.771875,13101,千代田区
533946313,1116,41611,39,1183,86,5147,241,8448,77,11636,96,828,154,2528,138,1915,66,2760,35.69791666666667,139.765625,13101,千代田区
533946314,1308,42252,53,9286,121,7339,453,7890,27,507,105,1281,110,2228,165,3579,27,487,35.69791666666667,139.771875,13101,千代田区
533946321,1877,28842,112,1291,252,7325,576,7920,53,905,143,1978,258,2281,76,1191,41,502,35.69375,139.77812500000002,13101,千代田区
533946322,1236,17263,49,947,104,1796,585,7983,15,388,81,297,103,529,75,614,26,495,35.69375,139.784375,13102,中央区
533946323,1670,28401,111,4146,223,4935,462,6897,17,296,132,448,215,1590,113,1048,51,515,35.69791666666667,139.77812500000002,13101,千代田区
533946324,1212,11915,93,540,83,1406,475,4464,19,255,98,313,74,510,142,1056,47,604,35.69791666666667,139.784375,13106,台東区
533946331,474,8273,44,696,17,494,125,1249,9,253,32,117,48,421,72,2758,28,284,35.69375,139.790625,13107,墨田区
533946332,641,7933,69,556,28,1454,215,2563,13,540,49,218,46,370,66,391,45,462,35.69375,139.796875,13107,墨田区
533946333,423,6721,34,327,33,335,166,3534,0,0,27,76,46,561,29,380,10,178,35.69791666666667,139.790625,13106,台東区
533946334,298,3860,50,279,3,16,97,1068,2,12,23,125,14,84,23,230,19,168,35.69791666666667,139.796875,13107,墨田区
533946341,355,3789,70,667,10,157,129,1659,1,9,32,74,7,71,25,118,21,243,35.69375,139.80312500000002,13107,墨田区
533946342,426,5139,45,551,21,341,122,1664,6,106,52,146,28,161,22,138,22,184,35.69375,139.80937500000002,13107,墨田区
533946343,351,2979,90,783,4,47,107,1189,3,5,32,102,17,86,15,110,21,270,35.69791666666667,139.80312500000002,13107,墨田区
533946344,691,15021,50,364,22,1728,203,3001,34,1844,78,557,29,689,59,943,39,551,35.69791666666667,139.80937500000002,13107,墨田区
533946351,670,10680,14,75,18,419,154,1565,23,592,61,524,37,388,194,1857,31,2585,35.69375,139.815625,13107,墨田区
533946352,202,3573,26,233,10,275,45,1065,11,534,21,85,17,299,6,30,7,131,35.69375,139.821875,13108,江東区
533946353,859,10004,20,306,20,409,239,2393,9,102,100,570,44,393,192,2399,62,578,35.69791666666667,139.815625,13107,墨田区
533946354,388,6407,16,137,10,646,87,1589,20,556,31,278,47,740,39,158,29,372,35.69791666666667,139.821875,13108,江東区
533946361,312,2937,27,217,5,167,70,699,11,52,27,94,23,97,49,225,30,356,35.69375,139.828125,13108,江東区
533946362,136,1406,21,286,4,58,35,288,1,13,6,29,6,8,9,40,10,168,35.69375,139.834375,13108,江東区
533946363,613,8862,13,109,3,50,186,1906,17,325,51,371,39,465,123,1258,42,412,35.69791666666667,139.828125,13108,江東区
533946364,187,1969,27,279,7,109,43,269,3,23,23,141,5,62,16,66,22,317,35.69791666666667,139.834375,13108,江東区
533946371,137,1039,40,209,2,6,39,196,0,0,5,17,7,28,7,100,10,174,35.69375,139.84062500000002,13108,江東区
533946372,39,939,4,31,0,0,8,247,1,2,2,4,1,1,1,5,15,518,35.69375,139.846875,13108,江東区
533946373,153,1520,21,106,5,39,38,532,0,0,7,16,5,27,15,94,16,238,35.69791666666667,139.84062500000002,13108,江東区
533946374,115,857,44,279,1,2,24,139,0,0,3,6,4,11,4,50,10,54,35.69791666666667,139.846875,13123,江戸川区
533946381,12,47,0,0,0,0,4,29,0,0,1,2,2,3,0,0,0,0,35.69375,139.853125,13123,江戸川区
533946382,14,336,0,0,0,0,0,0,0,0,1,5,1,7,2,8,0,0,35.69375,139.859375,13123,江戸川区
533946383,65,625,1,6,2,4,15,115,2,18,2,4,1,2,10,54,11,248,35.69791666666667,139.853125,13123,江戸川区
533946384,12,49,5,26,0,0,0,0,0,0,2,4,0,0,0,0,0,0,35.69791666666667,139.859375,13123,江戸川区
533946391,147,1098,31,126,2,2,19,145,0,0,10,23,6,30,8,50,14,252,35.69375,139.86562500000002,13123,江戸川区
533946392,198,1791,56,385,1,5,36,372,2,42,12,115,5,81,16,49,13,309,35.69375,139.87187500000002,13123,江戸川区
533946393,137,1187,15,108,1,1,28,85,3,48,12,28,3,5,10,44,15,545,35.69791666666667,139.86562500000002,13123,江戸川区
533946394,243,2060,60,471,0,0,54,502,6,58,8,26,12,64,10,33,22,385,35.69791666666667,139.87187500000002,13123,江戸川区
533946401,851,23168,26,336,106,6678,117,1647,22,934,95,449,85,861,141,2079,35,674,35.702083333333334,139.753125,13101,千代田区
533946402,501,17764,17,304,49,1448,105,1725,24,1042,63,647,81,880,19,403,20,1308,35.702083333333334,139.759375,13105,文京区
533946403,444,10852,23,250,27,444,92,1122,6,35,32,212,62,198,69,1227,28,319,35.706250000000004,139.753125,13105,文京区
533946404,1095,13895,60,645,117,2528,241,3272,14,1375,124,284,147,914,104,809,71,472,35.706250000000004,139.759375,13105,文京区
533946411,724,25103,45,464,75,1431,172,2897,14,141,67,942,89,806,52,5842,35,6539,35.702083333333334,139.765625,13105,文京区
533946412,1634,56960,82,3216,177,7248,618,11749,46,3999,125,3317,176,2771,138,1451,42,370,35.702083333333334,139.771875,13101,千代田区
533946413,1008,13268,68,865,98,1908,304,3865,11,424,74,215,118,953,45,291,42,695,35.706250000000004,139.765625,13105,文京区
533946414,1764,24327,79,981,121,3450,584,7090,43,970,187,838,139,1253,287,2039,61,485,35.706250000000004,139.771875,13106,台東区
533946421,1327,24068,132,2805,145,3515,451,7308,20,500,108,660,148,905,65,511,43,2125,35.702083333333334,139.77812500000002,13106,台東区
533946422,715,9463,132,872,33,333,281,3088,4,200,55,130,47,1131,32,149,23,178,35.702083333333334,139.784375,13106,台東区
533946423,1754,18243,183,1305,102,1892,704,5918,41,644,143,593,170,1474,109,1400,54,459,35.706250000000004,139.77812500000002,13106,台東区
533946424,817,7012,151,995,38,608,284,3121,8,27,60,154,52,263,37,174,32,202,35.706250000000004,139.784375,13106,台東区
533946431,534,5844,43,490,25,532,239,2473,10,129,35,89,34,283,32,234,25,247,35.702083333333334,139.790625,13106,台東区
533946432,273,4435,56,1052,6,98,77,1282,1,18,25,108,16,277,20,162,20,1015,35.702083333333334,139.796875,13107,墨田区
533946433,777,8289,103,560,28,492,278,2847,8,44,69,525,70,705,52,255,32,540,35.706250000000004,139.790625,13106,台東区
533946434,396,5518,76,1779,10,107,120,2071,8,76,32,96,31,208,39,332,22,340,35.706250000000004,139.796875,13107,墨田区
533946441,392,2800,84,373,2,4,125,856,2,14,33,81,10,19,40,181,21,506,35.702083333333334,139.80312500000002,13107,墨田区
533946442,414,3631,84,435,8,38,111,926,1,18,59,184,16,47,19,54,23,204,35.702083333333334,139.80937500000002,13107,墨田区
533946443,454,2677,104,507,4,19,121,712,5,107,29,73,20,156,39,130,32,317,35.706250000000004,139.80312500000002,13107,墨田区
533946444,244,2280,58,534,4,13,61,536,1,3,21,74,11,52,14,72,13,142,35.706250000000004,139.80937500000002,13107,墨田区
533946451,582,9679,60,408,11,195,162,1874,9,1615,68,481,24,687,71,539,44,800,35.702083333333334,139.815625,13107,墨田区
533946452,282,2679,28,236,4,110,74,902,2,168,30,76,24,122,33,149,29,330,35.702083333333334,139.821875,13108,江東区
533946453,409,3485,66,386,5,7,83,781,5,91,31,68,25,88,45,136,45,483,35.706250000000004,139.815625,13107,墨田区
533946454,153,1300,36,99,2,4,30,168,2,12,9,17,2,3,10,58,15,402,35.706250000000004,139.821875,13108,江東区
533946461,246,2187,34,135,3,69,67,524,3,48,16,31,11,73,18,109,31,348,35.702083333333334,139.828125,13108,江東区
533946462,76,884,20,101,1,7,17,168,1,1,3,23,4,10,5,27,3,21,35.702083333333334,139.834375,13108,江東区
533946463,176,4447,27,2507,2,7,42,669,1,12,10,15,7,89,18,192,28,533,35.706250000000004,139.828125,13107,墨田区
533946464,156,1168,45,314,0,0,35,279,1,1,14,32,4,9,12,75,10,238,35.706250000000004,139.834375,13107,墨田区
533946471,71,932,12,98,0,0,11,62,0,0,6,12,3,15,2,16,8,185,35.702083333333334,139.84062500000002,13123,江戸川区
533946472,185,1366,26,196,2,4,41,254,0,0,17,29,9,35,11,39,23,236,35.702083333333334,139.846875,13123,江戸川区
533946473,337,2898,14,118,2,3,70,595,4,85,41,126,14,59,63,534,43,511,35.706250000000004,139.84062500000002,13123,江戸川区
533946474,210,1544,13,63,3,6,64,491,2,18,23,53,10,51,15,135,24,295,35.706250000000004,139.846875,13123,江戸川区
533946481,62,424,9,76,0,0,14,68,0,0,8,15,3,6,0,0,7,86,35.702083333333334,139.853125,13123,江戸川区
533946482,33,158,8,51,1,2,8,36,0,0,5,19,0,0,2,8,1,7,35.702083333333334,139.859375,13123,江戸川区
533946483,13,232,7,105,0,0,2,98,0,0,1,1,0,0,0,0,0,0,35.706250000000004,139.853125,13123,江戸川区
533946484,39,301,9,72,0,0,4,27,0,0,6,13,1,5,4,22,2,11,35.706250000000004,139.859375,13123,江戸川区
533946491,163,2117,29,188,3,4,47,303,1,1,8,23,5,11,11,73,12,261,35.702083333333334,139.86562500000002,13123,江戸川区
533946492,195,1749,51,522,3,5,48,378,0,0,10,123,5,17,9,35,13,163,35.702083333333334,139.87187500000002,13123,江戸川区
533946493,199,4330,24,154,1,6,40,277,3,26,21,245,10,46,19,178,26,941,35.706250000000004,139.86562500000002,13123,江戸川区
533946494,202,1706,43,360,1,12,40,495,0,0,8,30,9,42,23,90,16,129,35.706250000000004,139.87187500000002,13123,江戸川区
533946501,561,12177,28,652,40,1895,124,4746,11,177,63,518,78,614,53,447,46,988,35.71041666666667,139.753125,13105,文京区
533946502,333,11405,14,184,27,349,60,516,1,8,46,320,41,555,25,168,25,164,35.71041666666667,139.759375,13105,文京区
533946503,330,3522,38,404,18,581,62,888,4,51,51,163,35,187,26,117,33,205,35.71458333333334,139.753125,13105,文京区
533946504,174,2268,6,63,20,312,35,261,0,0,17,43,17,205,27,183,13,200,35.71458333333334,139.759375,13105,文京区
533946511,169,7657,7,305,11,237,31,520,3,6,16,93,31,325,13,173,15,4260,35.71041666666667,139.765625,13105,文京区
533946512,698,7430,5,22,23,360,198,2152,10,181,73,472,24,81,253,2562,20,146,35.71041666666667,139.771875,13106,台東区
533946513,209,2219,12,181,15,49,34,418,2,2,32,62,23,179,19,93,13,131,35.71458333333334,139.765625,13105,文京区
533946514,24,857,1,2,0,0,3,22,0,0,2,26,1,11,6,246,0,0,35.71458333333334,139.771875,13106,台東区
533946521,1801,24962,67,1664,68,1363,682,6671,39,1184,175,1008,112,788,300,3420,71,1834,35.71041666666667,139.77812500000002,13106,台東区
533946522,774,9726,92,659,45,1109,221,2963,14,307,83,547,60,736,52,605,30,439,35.71041666666667,139.784375,13106,台東区
533946523,675,10530,29,274,30,796,218,2199,6,115,44,444,57,934,110,880,24,213,35.71458333333334,139.77812500000002,13106,台東区
533946524,600,5778,96,515,25,195,158,1870,7,109,56,265,46,1060,40,202,28,416,35.71458333333334,139.784375,13106,台東区
533946531,727,6823,41,256,31,1177,247,1595,10,710,59,242,41,282,159,1023,25,170,35.71041666666667,139.790625,13106,台東区
533946532,927,8503,19,191,26,545,359,2653,20,360,68,283,50,714,225,2121,39,232,35.71041666666667,139.796875,13106,台東区
533946533,688,5257,46,258,10,37,228,1982,5,46,46,128,13,136,211,1779,28,171,35.71458333333334,139.790625,13106,台東区
533946534,564,3575,10,80,4,22,208,974,1,13,37,100,8,28,178,1065,28,447,35.71458333333334,139.796875,13106,台東区
533946541,293,6154,25,807,12,220,71,2561,8,32,29,96,17,81,49,373,25,392,35.71041666666667,139.80312500000002,13107,墨田区
533946542,558,6863,43,337,1,2,243,2537,6,92,17,93,12,72,107,1484,20,184,35.71041666666667,139.80937500000002,13107,墨田区
533946543,197,1447,19,90,6,31,82,640,3,24,22,64,6,34,13,81,7,109,35.71458333333334,139.80312500000002,13106,台東区
533946544,332,2234,47,364,4,5,74,407,3,21,27,64,16,50,50,168,24,402,35.71458333333334,139.80937500000002,13107,墨田区
533946551,432,7010,38,155,14,1189,96,1909,10,273,41,274,17,72,83,783,24,287,35.71041666666667,139.815625,13107,墨田区
533946552,172,1112,34,173,1,2,30,110,1,16,11,24,3,34,18,71,23,279,35.71041666666667,139.821875,13107,墨田区
533946553,238,1361,42,255,5,8,31,197,0,0,38,81,13,34,29,139,21,306,35.71458333333334,139.815625,13107,墨田区
533946554,267,1142,39,156,1,1,89,294,2,2,7,25,7,91,36,78,28,238,35.71458333333334,139.821875,13107,墨田区
533946561,222,2021,58,527,4,18,42,531,2,13,22,44,5,32,23,104,23,238,35.71041666666667,139.828125,13107,墨田区
533946562,173,1294,76,513,0,0,26,200,1,1,8,15,3,6,9,38,11,160,35.71041666666667,139.834375,13107,墨田区
533946563,221,2150,91,612,4,15,32,257,3,41,16,33,4,13,17,89,13,453,35.71458333333334,139.828125,13107,墨田区
533946564,57,1414,15,683,2,13,16,276,0,0,4,6,4,64,2,19,2,69,35.71458333333334,139.834375,13123,江戸川区
533946571,130,1086,30,200,0,0,26,397,1,12,12,37,7,26,6,15,6,58,35.71041666666667,139.84062500000002,13123,江戸川区
533946572,62,296,12,48,1,2,14,54,0,0,5,8,2,6,2,5,2,10,35.71041666666667,139.846875,13123,江戸川区
533946573,102,783,37,257,1,1,14,156,1,3,6,12,1,27,2,7,10,161,35.71458333333334,139.84062500000002,13123,江戸川区
533946574,7,67,1,2,0,0,0,0,0,0,1,0,0,0,0,0,0,0,35.71458333333334,139.846875,13123,江戸川区
533946581,4,23,1,14,0,0,2,8,0,0,0,0,1,1,0,0,0,0,35.71041666666667,139.853125,13123,江戸川区
533946582,128,809,29,174,3,5,24,168,2,5,12,26,4,9,7,29,10,62,35.71041666666667,139.859375,13123,江戸川区
533946583,23,160,6,19,0,0,4,14,1,1,2,7,0,0,1,4,1,43,35.71458333333334,139.853125,13122,葛飾区
533946584,597,5344,12,60,6,37,148,1180,18,426,57,211,22,162,153,1187,56,490,35.71458333333334,139.859375,13122,葛飾区
533946591,196,1635,11,62,3,14,43,302,4,45,29,73,11,34,15,109,24,486,35.71041666666667,139.86562500000002,13123,江戸川区
533946592,185,2019,73,536,1,2,33,650,0,0,11,19,3,5,5,34,9,409,35.71041666666667,139.87187500000002,13123,江戸川区
533946593,153,751,10,56,5,14,39,158,1,2,20,52,8,33,16,69,12,120,35.71458333333334,139.86562500000002,13122,葛飾区
533946594,163,1486,45,370,2,3,34,402,2,15,14,58,6,18,7,15,14,143,35.71458333333334,139.87187500000002,13123,江戸川区
533946601,373,2859,40,310,19,287,69,708,6,44,56,190,36,204,29,118,33,237,35.71875,139.753125,13105,文京区
533946602,135,2115,5,8,4,63,33,326,0,0,18,50,10,402,16,108,12,252,35.71875,139.759375,13105,文京区
533946603,349,4636,11,114,10,112,89,672,2,19,26,110,22,71,70,571,26,177,35.72291666666667,139.753125,13105,文京区
533946604,259,4814,16,49,7,57,58,350,2,58,23,47,17,127,35,193,38,2820,35.72291666666667,139.759375,13105,文京区
533946611,486,2209,21,87,11,36,127,605,1,1,56,131,24,95,106,480,45,412,35.71875,139.765625,13105,文京区
533946612,98,1641,3,18,2,10,24,147,0,0,14,41,15,62,11,100,3,52,35.71875,139.771875,13106,台東区
533946613,358,1393,21,72,4,8,93,274,2,42,69,118,25,60,42,255,20,189,35.72291666666667,139.765625,13106,台東区
533946614,166,1029,17,98,1,3,44,228,0,0,16,52,12,46,9,56,7,133,35.72291666666667,139.771875,13106,台東区
533946621,125,1796,6,45,5,75,16,154,0,0,7,25,22,255,18,120,3,35,35.71875,139.77812500000002,13106,台東区
533946622,579,5842,40,254,22,603,170,2192,4,108,47,106,41,425,62,289,44,371,35.71875,139.784375,13106,台東区
533946623,321,2686,13,67,5,39,62,667,2,9,34,146,26,232,109,1024,14,70,35.72291666666667,139.77812500000002,13106,台東区
533946624,485,2883,54,249,11,186,108,806,4,42,31,63,29,101,60,245,45,423,35.72291666666667,139.784375,13106,台東区
533946631,477,2752,71,333,9,64,140,923,2,4,53,120,15,42,48,248,34,352,35.71875,139.790625,13106,台東区
533946632,592,3108,58,287,3,6,151,862,4,39,47,111,20,70,191,608,27,194,35.71875,139.796875,13106,台東区
533946633,406,2545,57,546,6,16,127,728,3,27,54,119,11,15,38,176,30,554,35.72291666666667,139.790625,13106,台東区
533946634,415,2674,47,216,4,19,84,455,3,20,53,233,13,33,62,213,19,290,35.72291666666667,139.796875,13106,台東区
533946641,288,1909,61,303,5,51,101,787,0,0,28,117,8,16,16,71,17,108,35.71875,139.80312500000002,13106,台東区
533946642,131,651,15,82,0,0,34,187,2,6,7,16,4,9,32,132,7,33,35.71875,139.80937500000002,13107,墨田区
533946643,382,2369,126,475,2,40,101,949,3,33,26,51,10,72,24,83,14,127,35.72291666666667,139.80312500000002,13106,台東区
533946644,129,1493,38,209,0,0,25,521,0,0,14,31,1,0,5,32,9,440,35.72291666666667,139.80937500000002,13107,墨田区
533946651,376,3570,36,131,4,64,88,1076,4,8,21,92,13,93,87,569,37,897,35.71875,139.815625,13107,墨田区
533946652,237,2216,51,266,3,8,57,457,2,17,22,104,6,26,31,276,23,656,35.71875,139.821875,13107,墨田区
533946653,209,1557,25,190,2,3,63,305,1,30,11,28,8,48,26,197,27,404,35.72291666666667,139.815625,13107,墨田区
533946654,222,1455,52,249,1,1,45,383,4,51,20,60,6,16,20,72,19,290,35.72291666666667,139.821875,13107,墨田区
533946661,194,1389,85,481,0,0,41,233,2,36,1,3,3,6,8,44,12,197,35.71875,139.828125,13107,墨田区
533946662,80,1151,38,470,0,0,10,48,0,0,2,8,1,14,1,6,6,100,35.71875,139.834375,13107,墨田区
533946663,241,1394,85,429,1,5,41,220,3,9,17,53,14,59,18,73,18,261,35.72291666666667,139.828125,13107,墨田区
533946664,90,830,54,453,0,0,9,83,0,0,2,8,1,84,1,16,3,22,35.72291666666667,139.834375,13107,墨田区
533946671,16,186,8,64,0,0,2,3,0,0,0,0,0,0,0,0,0,0,35.71875,139.84062500000002,13107,墨田区
533946672,48,333,19,103,1,5,10,95,1,1,6,32,3,30,1,1,1,31,35.71875,139.846875,13122,葛飾区
533946673,8,41,6,14,0,0,1,15,0,0,0,0,0,0,0,0,0,0,35.72291666666667,139.84062500000002,13122,葛飾区
533946674,114,907,43,293,2,3,16,90,1,1,13,23,2,5,2,15,9,336,35.72291666666667,139.846875,13122,葛飾区
533946681,122,1150,18,152,0,0,30,203,2,37,15,67,6,22,7,14,12,308,35.71875,139.853125,13122,葛飾区
533946682,325,2794,11,51,5,33,55,575,3,27,48,195,11,27,75,644,38,367,35.71875,139.859375,13122,葛飾区
533946683,181,1342,33,220,3,9,44,284,3,48,15,31,5,10,7,17,26,297,35.72291666666667,139.853125,13122,葛飾区
533946684,178,1506,12,54,4,25,46,281,0,0,16,40,5,219,18,61,20,298,35.72291666666667,139.859375,13122,葛飾区
533946691,112,754,5,17,2,13,20,203,1,25,21,70,8,20,7,35,12,106,35.71875,139.86562500000002,13122,葛飾区
533946692,127,970,10,30,1,4,29,271,2,10,13,33,3,6,5,53,17,295,35.71875,139.87187500000002,13123,江戸川区
533946693,60,687,7,47,4,13,13,117,0,0,3,9,4,11,6,89,4,189,35.72291666666667,139.86562500000002,13122,葛飾区
533946694,69,626,13,58,1,1,14,94,0,0,4,20,1,41,3,18,5,50,35.72291666666667,139.87187500000002,13123,江戸川区
533946701,146,919,10,48,6,120,28,118,0,0,20,44,19,49,5,49,17,222,35.72708333333333,139.753125,13105,文京区
533946702,162,1064,18,51,5,6,20,101,3,26,32,74,11,32,17,71,23,437,35.72708333333333,139.759375,13105,文京区
533946703,242,3185,16,74,11,244,59,484,0,0,52,121,14,88,10,63,28,1778,35.73125,139.753125,13105,文京区
533946704,322,1854,20,67,13,46,73,513,5,40,32,56,26,67,41,253,36,318,35.73125,139.759375,13105,文京区
533946711,480,2117,27,142,8,111,144,610,1,6,59,109,35,126,96,357,22,118,35.72708333333333,139.765625,13106,台東区
533946712,461,5047,11,69,15,313,124,914,8,96,57,281,33,278,73,849,34,512,35.72708333333333,139.771875,13106,台東区
533946713,494,5381,25,235,22,159,75,490,7,43,74,612,60,240,71,724,39,321,35.73125,139.765625,13118,荒川区
533946714,548,6741,48,356,21,542,130,1309,5,73,61,394,52,898,60,409,25,322,35.73125,139.771875,13118,荒川区
533946721,410,3984,60,311,11,110,126,1591,4,65,47,106,28,581,29,100,26,531,35.72708333333333,139.77812500000002,13118,荒川区
533946722,310,2639,59,304,3,6,99,1147,1,20,37,68,11,21,18,239,30,418,35.72708333333333,139.784375,13106,台東区
533946723,310,2044,46,303,0,0,90,672,2,23,41,100,13,58,33,178,20,197,35.73125,139.77812500000002,13118,荒川区
533946724,240,1811,53,228,3,38,71,489,0,0,30,68,7,24,2,6,15,198,35.73125,139.784375,13118,荒川区
533946731,388,3523,58,382,7,34,120,916,2,12,41,151,13,54,31,158,33,358,35.72708333333333,139.790625,13106,台東区
533946732,351,1829,58,244,0,0,93,460,2,4,29,84,5,17,67,270,34,347,35.72708333333333,139.796875,13106,台東区
533946733,373,2688,21,89,5,16,112,754,3,29,28,68,11,40,66,412,50,652,35.73125,139.790625,13118,荒川区
533946734,237,2731,30,215,1,68,43,323,1,2,16,51,5,29,46,233,19,350,35.73125,139.796875,13118,荒川区
533946741,319,1585,53,152,3,6,61,287,4,19,20,25,2,5,98,346,23,495,35.72708333333333,139.80312500000002,13106,台東区
533946742,142,2382,38,251,2,63,26,272,0,0,5,8,5,18,8,82,9,202,35.72708333333333,139.80937500000002,13106,台東区
533946743,97,2417,13,211,1,1,13,111,0,0,9,122,3,73,10,74,13,254,35.73125,139.80312500000002,13118,荒川区
533946744,46,639,8,37,1,1,6,48,0,0,3,4,3,6,2,12,1,12,35.73125,139.80937500000002,13118,荒川区
533946751,167,1182,24,229,2,6,38,374,2,8,11,33,15,69,16,79,16,156,35.72708333333333,139.815625,13107,墨田区
533946752,302,1949,41,280,4,20,78,499,3,14,15,35,13,33,41,222,32,287,35.72708333333333,139.821875,13107,墨田区
533946753,140,946,40,262,0,0,24,222,1,1,4,9,3,5,9,37,13,191,35.73125,139.815625,13107,墨田区
533946754,244,1372,62,271,4,8,42,163,3,38,12,27,11,36,27,89,23,282,35.73125,139.821875,13107,墨田区
533946761,167,1160,54,482,1,1,28,204,0,0,9,25,5,35,13,68,15,90,35.72708333333333,139.828125,13107,墨田区
533946762,4,9,3,8,0,0,0,0,0,0,1,1,0,0,0,0,0,0,35.72708333333333,139.834375,13122,葛飾区
533946763,26,188,14,100,1,2,6,39,0,0,0,0,0,0,0,0,2,36,35.73125,139.828125,13107,墨田区
533946764,79,320,10,34,0,0,17,94,0,0,8,17,5,36,13,37,5,36,35.73125,139.834375,13122,葛飾区
533946771,100,735,49,370,1,12,9,58,0,0,4,12,3,25,4,11,7,92,35.72708333333333,139.84062500000002,13122,葛飾区
533946772,100,614,58,415,0,0,11,39,0,0,10,20,0,0,2,15,2,12,35.72708333333333,139.846875,13122,葛飾区
533946773,208,1346,108,520,1,2,31,389,2,26,14,29,8,129,4,7,9,120,35.73125,139.84062500000002,13122,葛飾区
533946774,178,2122,74,475,2,2,30,668,1,2,15,38,4,28,6,135,12,158,35.73125,139.846875,13122,葛飾区
533946781,111,766,38,226,5,15,16,127,1,5,11,37,3,7,7,100,5,26,35.72708333333333,139.853125,13122,葛飾区
533946782,120,1000,26,124,0,0,19,94,1,8,8,21,5,27,8,18,13,120,35.72708333333333,139.859375,13122,葛飾区
533946783,63,411,32,261,1,1,6,22,0,0,6,11,2,3,1,9,2,25,35.73125,139.853125,13122,葛飾区
533946784,110,975,27,255,0,0,23,109,2,14,8,51,1,11,6,47,9,88,35.73125,139.859375,13122,葛飾区
533946791,95,1023,18,168,0,0,29,394,2,10,6,16,0,0,4,67,6,33,35.72708333333333,139.86562500000002,13122,葛飾区
533946792,111,682,18,92,1,5,21,201,2,8,16,33,3,5,7,13,4,13,35.72708333333333,139.87187500000002,13123,江戸川区
533946793,111,2082,13,165,0,0,31,678,1,2,12,37,1,1,7,177,16,410,35.73125,139.86562500000002,13122,葛飾区
533946794,87,514,17,71,0,0,25,189,0,0,11,27,3,6,2,4,4,82,35.73125,139.87187500000002,13122,葛飾区
533946801,361,1912,31,178,9,28,80,425,2,4,45,92,13,45,50,178,40,390,35.73541666666667,139.753125,13117,北区
533946802,196,1078,17,48,7,63,32,226,2,5,43,99,12,39,15,50,19,279,35.73541666666667,139.759375,13117,北区
533946803,138,1196,12,49,9,89,30,290,0,0,17,61,8,53,7,44,7,96,35.73958333333334,139.753125,13117,北区
533946804,243,6720,9,293,14,364,59,780,2,148,21,154,14,216,39,342,21,235,35.73958333333334,139.759375,13117,北区
533946811,200,2206,28,206,3,18,48,625,1,6,16,38,14,60,11,37,15,100,35.73541666666667,139.765625,13118,荒川区
533946812,311,2793,57,777,5,38,76,633,3,30,24,61,16,80,21,92,22,160,35.73541666666667,139.771875,13118,荒川区
533946813,258,3044,49,757,7,247,53,372,2,65,22,65,11,273,26,242,15,256,35.73958333333334,139.765625,13117,北区
533946814,264,1862,62,324,1,163,55,426,4,72,30,72,10,23,18,113,24,222,35.73958333333334,139.771875,13118,荒川区
533946821,250,2273,28,138,2,5,57,445,4,129,23,98,10,38,29,111,31,702,35.73541666666667,139.77812500000002,13118,荒川区
533946822,225,3838,37,130,3,6,60,423,4,40,18,72,8,68,15,59,27,786,35.73541666666667,139.784375,13118,荒川区
533946823,225,1332,41,257,7,27,48,292,3,33,26,61,13,28,17,80,21,247,35.73958333333334,139.77812500000002,13118,荒川区
533946824,148,2572,37,128,1,1,21,78,1,13,10,15,5,14,16,37,21,207,35.73958333333334,139.784375,13118,荒川区
533946831,173,1480,29,108,1,2,51,491,3,8,11,36,3,7,19,60,7,60,35.73541666666667,139.790625,13118,荒川区
533946832,216,1932,24,183,2,64,50,286,4,61,18,43,11,206,21,215,26,320,35.73541666666667,139.796875,13118,荒川区
533946833,93,854,29,302,5,8,13,43,1,2,11,30,3,11,5,60,9,155,35.73958333333334,139.790625,13118,荒川区
533946834,101,1179,11,59,0,0,43,655,0,0,6,12,4,11,11,39,8,167,35.73958333333334,139.796875,13121,足立区
533946841,89,1525,2,3,4,4,33,643,1,1,3,8,5,20,7,196,19,287,35.73541666666667,139.80312500000002,13118,荒川区
533946842,19,441,0,0,1,4,3,12,0,0,0,0,2,2,1,5,5,87,35.73541666666667,139.80937500000002,13118,荒川区
533946843,98,1376,15,146,0,0,49,620,0,0,4,27,1,2,3,9,1,7,35.73958333333334,139.80312500000002,13121,足立区
533946844,75,938,9,20,8,49,15,133,1,3,3,8,2,3,7,57,12,519,35.73958333333334,139.80937500000002,13118,荒川区
533946851,54,923,8,88,1,1,12,83,3,6,5,12,1,1,4,25,7,380,35.73541666666667,139.815625,13107,墨田区
533946852,96,495,29,98,1,1,14,69,0,0,6,17,2,12,15,30,6,73,35.73541666666667,139.821875,13107,墨田区
533946853,28,949,6,30,0,0,2,5,0,0,1,1,1,2,0,0,1,16,35.73958333333334,139.815625,13107,墨田区
533946854,17,80,7,16,0,0,3,13,0,0,0,0,0,0,0,0,1,1,35.73958333333334,139.821875,13107,墨田区
533946861,34,231,16,92,1,4,3,20,0,0,2,2,1,2,1,2,0,0,35.73541666666667,139.828125,13122,葛飾区
533946862,182,998,59,451,0,0,39,209,1,26,21,32,4,13,13,46,12,53,35.73541666666667,139.834375,13122,葛飾区
533946863,122,876,66,366,0,0,14,124,0,0,7,15,2,3,1,2,13,210,35.73958333333334,139.828125,13122,葛飾区
533946864,144,932,59,252,0,0,29,291,1,3,10,24,3,9,4,19,10,166,35.73958333333334,139.834375,13122,葛飾区
533946871,207,2024,48,231,2,5,48,558,4,60,14,29,7,18,16,45,19,325,35.73541666666667,139.84062500000002,13122,葛飾区
533946872,272,1721,39,219,2,5,67,283,4,56,31,84,13,71,30,125,29,414,35.73541666666667,139.846875,13122,葛飾区
533946873,167,3372,41,508,0,0,38,339,0,0,11,73,4,17,12,148,12,351,35.73958333333334,139.84062500000002,13122,葛飾区
533946874,448,3106,26,114,3,3,89,1401,3,20,45,87,13,59,143,607,49,415,35.73958333333334,139.846875,13122,葛飾区
533946881,91,824,37,217,1,1,15,59,0,0,5,7,0,0,8,65,3,73,35.73541666666667,139.853125,13122,葛飾区
533946882,122,1313,29,139,0,0,25,363,1,13,16,41,2,6,8,23,11,156,35.73541666666667,139.859375,13122,葛飾区
533946883,158,1035,22,163,2,2,24,110,1,24,27,52,3,13,15,46,19,202,35.73958333333334,139.853125,13122,葛飾区
533946884,67,542,30,201,1,1,9,100,0,0,5,23,3,9,1,1,3,56,35.73958333333334,139.859375,13122,葛飾区
533946891,121,1025,13,68,0,0,30,249,0,0,15,45,6,61,6,167,4,64,35.73541666666667,139.86562500000002,13122,葛飾区
533946892,84,385,15,44,0,0,21,70,1,2,17,26,0,0,4,19,6,67,35.73541666666667,139.87187500000002,13122,葛飾区
533946893,62,506,6,20,0,0,19,163,0,0,8,20,1,3,5,48,4,72,35.73958333333334,139.86562500000002,13122,葛飾区
533946894,128,1024,17,114,1,2,22,133,2,14,19,39,8,29,7,29,20,359,35.73958333333334,139.87187500000002,13122,葛飾区
533946901,68,806,5,152,3,19,9,123,0,0,14,24,4,136,5,21,4,102,35.743750000000006,139.753125,13117,北区
533946902,144,1194,32,199,3,5,30,232,0,0,17,35,5,83,5,13,8,162,35.743750000000006,139.759375,13117,北区
533946903,244,2954,58,851,4,6,64,850,6,25,21,121,2,6,26,196,13,211,35.747916666666676,139.753125,13117,北区
533946904,259,1958,47,303,0,0,76,413,1,15,16,29,10,52,31,230,16,262,35.747916666666676,139.759375,13118,荒川区
533946911,310,1974,49,340,0,0,88,600,3,148,29,93,10,24,25,63,29,292,35.743750000000006,139.765625,13118,荒川区
533946912,233,1211,57,239,3,19,40,228,2,24,23,53,7,35,23,64,20,178,35.743750000000006,139.771875,13118,荒川区
533946913,239,2889,35,195,1,9,63,302,0,0,8,30,6,20,36,132,29,1537,35.747916666666676,139.765625,13118,荒川区
533946914,173,985,38,114,0,0,35,202,1,3,7,11,4,8,19,68,23,260,35.747916666666676,139.771875,13118,荒川区
533946921,360,2525,25,104,3,52,80,487,2,28,33,103,9,20,81,647,41,590,35.743750000000006,139.77812500000002,13118,荒川区
533946922,302,2018,33,251,2,14,54,343,2,28,28,80,9,32,61,388,32,347,35.743750000000006,139.784375,13118,荒川区
533946923,151,1020,43,137,0,0,28,277,1,1,15,32,5,18,15,59,8,273,35.747916666666676,139.77812500000002,13118,荒川区
533946924,308,2141,66,449,3,15,65,528,3,37,21,53,8,54,34,112,31,466,35.747916666666676,139.784375,13118,荒川区
533946931,84,1185,28,328,2,3,18,277,0,0,10,16,2,72,5,26,2,33,35.743750000000006,139.790625,13121,足立区
533946932,207,2241,15,185,0,0,65,713,0,0,16,44,10,44,24,251,25,303,35.743750000000006,139.796875,13121,足立区
533946933,92,673,30,131,0,0,20,92,0,0,8,13,3,4,5,21,5,285,35.747916666666676,139.790625,13121,足立区
533946934,211,3155,18,153,2,171,55,515,6,165,22,347,18,98,10,168,23,278,35.747916666666676,139.796875,13121,足立区
533946941,136,1435,20,280,3,11,31,224,0,0,10,16,6,14,13,107,7,316,35.743750000000006,139.80312500000002,13121,足立区
533946942,84,3878,12,51,1,2,12,85,0,0,9,29,5,9,12,52,8,581,35.743750000000006,139.80937500000002,13121,足立区
533946943,844,11160,6,19,16,116,274,2607,31,882,57,895,51,207,203,2249,46,543,35.747916666666676,139.80312500000002,13121,足立区
533946944,315,3823,15,185,4,5,84,438,1,19,35,98,24,69,40,229,23,376,35.747916666666676,139.80937500000002,13121,足立区
533946951,102,1880,19,313,0,0,18,236,0,0,9,30,2,3,7,53,15,537,35.743750000000006,139.815625,13121,足立区
533946952,24,151,6,66,0,0,2,4,0,0,0,0,1,3,0,0,2,20,35.743750000000006,139.821875,13122,葛飾区
533946953,55,305,8,31,1,3,8,16,0,0,5,9,2,3,4,10,9,115,35.747916666666676,139.815625,13121,足立区
533946954,45,441,16,93,1,1,6,255,0,0,7,9,0,0,2,8,1,14,35.747916666666676,139.821875,13122,葛飾区
533946961,138,548,45,157,1,2,29,131,0,0,6,17,9,32,8,17,7,59,35.743750000000006,139.828125,13122,葛飾区
533946962,170,2482,54,343,1,3,28,150,1,15,8,13,4,16,8,81,24,1505,35.743750000000006,139.834375,13122,葛飾区
533946963,342,1638,21,62,0,0,82,509,6,48,29,67,13,52,88,295,34,274,35.747916666666676,139.828125,13122,葛飾区
533946964,165,1086,51,217,3,4,29,208,0,0,17,39,2,5,10,49,15,250,35.747916666666676,139.834375,13122,葛飾区
533946971,170,2329,60,461,1,4,39,441,0,0,12,38,5,55,7,131,15,846,35.743750000000006,139.84062500000002,13122,葛飾区
533946972,152,3071,15,102,3,21,26,184,4,76,11,31,7,77,20,135,20,375,35.743750000000006,139.846875,13122,葛飾区
533946973,278,1990,24,257,2,12,55,495,4,25,25,73,7,17,54,231,37,299,35.747916666666676,139.84062500000002,13122,葛飾区
533946974,140,1745,31,278,0,0,27,466,1,4,8,22,5,13,13,67,20,292,35.747916666666676,139.846875,13122,葛飾区
533946981,359,2542,25,123,2,9,84,561,6,111,50,153,17,96,49,375,40,449,35.743750000000006,139.853125,13122,葛飾区
533946982,85,431,31,184,2,3,14,66,0,0,11,22,4,10,1,1,2,32,35.743750000000006,139.859375,13122,葛飾区
533946983,276,1884,17,73,6,32,50,364,4,95,25,103,16,50,40,154,33,448,35.747916666666676,139.853125,13122,葛飾区
533946984,142,1196,7,27,2,6,39,463,2,54,21,56,13,74,16,73,12,135,35.747916666666676,139.859375,13122,葛飾区
533946991,56,389,13,61,1,1,8,34,0,0,5,11,2,4,1,3,7,164,35.743750000000006,139.86562500000002,13122,葛飾区
533946992,110,841,17,128,2,5,30,179,0,0,10,35,0,0,6,21,14,262,35.743750000000006,139.87187500000002,13122,葛飾区
533946993,112,478,9,60,0,0,7,50,3,10,32,54,4,6,13,39,14,163,35.747916666666676,139.86562500000002,13122,葛飾区
533946994,66,622,2,8,0,0,16,99,0,0,2,5,1,2,16,47,12,220,35.747916666666676,139.87187500000002,13122,葛飾区
533947001,88,676,3,8,1,2,17,104,2,30,18,53,2,12,3,131,12,116,35.66875,139.878125,13123,江戸川区
533947002,46,802,5,445,0,0,3,7,0,0,7,18,2,1,2,6,4,65,35.66875,139.884375,13123,江戸川区
533947003,93,895,7,37,1,1,21,95,1,2,6,17,3,10,8,62,4,101,35.67291666666667,139.878125,13123,江戸川区
533947004,51,337,10,44,0,0,8,61,0,0,6,8,0,0,3,17,1,68,35.67291666666667,139.884375,13123,江戸川区
533947101,93,870,11,41,0,0,19,128,0,0,12,46,3,7,4,44,3,13,35.677083333333336,139.878125,13123,江戸川区
533947102,54,480,5,11,0,0,7,93,1,1,10,26,1,3,4,36,3,110,35.677083333333336,139.884375,13123,江戸川区
533947103,99,1241,5,19,2,6,16,112,1,28,9,48,1,3,8,84,7,75,35.681250000000006,139.878125,13123,江戸川区
533947104,57,426,14,158,0,0,13,66,0,0,2,5,1,1,3,9,6,43,35.681250000000006,139.884375,13123,江戸川区
533947113,33,101,2,4,0,0,10,27,0,0,2,4,1,4,1,2,4,25,35.681250000000006,139.890625,13123,江戸川区
533947201,104,1080,8,33,0,0,27,324,0,0,15,52,2,11,7,148,10,236,35.68541666666667,139.878125,13123,江戸川区
533947202,228,2663,14,84,3,14,44,654,3,25,22,174,8,24,26,282,44,545,35.68541666666667,139.884375,13123,江戸川区
533947203,169,1155,13,87,1,2,37,193,2,41,15,63,6,22,24,66,17,207,35.68958333333334,139.878125,13123,江戸川区
533947204,90,650,8,30,1,7,16,180,0,0,7,38,5,19,10,56,4,73,35.68958333333334,139.884375,13123,江戸川区
533947211,97,627,8,50,2,8,26,165,0,0,7,17,1,2,7,15,8,75,35.68541666666667,139.890625,13123,江戸川区
533947212,65,326,7,38,2,7,11,74,1,3,6,19,4,13,5,8,3,69,35.68541666666667,139.896875,13123,江戸川区
533947213,105,505,12,41,2,8,20,125,1,2,6,12,4,19,8,33,7,62,35.68958333333334,139.890625,13123,江戸川区
533947214,114,1068,6,50,0,0,24,247,3,43,11,51,3,6,10,92,24,340,35.68958333333334,139.896875,13123,江戸川区
533947221,55,522,3,12,0,0,11,76,0,0,3,49,0,0,4,26,10,184,35.68541666666667,139.90312500000002,13123,江戸川区
533947223,122,963,7,20,1,2,29,213,0,0,9,50,4,10,9,50,17,266,35.68958333333334,139.90312500000002,13123,江戸川区
533947224,22,123,2,15,0,0,3,20,0,0,0,0,0,0,0,0,3,19,35.68958333333334,139.909375,13123,江戸川区
533947301,115,659,8,38,1,1,19,98,0,0,20,54,3,14,10,33,14,218,35.69375,139.878125,13123,江戸川区
533947302,84,503,11,29,2,4,24,138,0,0,7,23,3,11,7,98,5,38,35.69375,139.884375,13123,江戸川区
533947303,117,1379,28,195,1,4,20,130,0,0,11,63,2,11,3,13,4,60,35.69791666666667,139.878125,13123,江戸川区
533947304,72,873,7,20,0,0,16,145,0,0,4,14,1,2,6,175,4,60,35.69791666666667,139.884375,13123,江戸川区
533947311,110,557,23,65,1,3,13,86,0,0,6,15,3,15,9,30,5,72,35.69375,139.890625,13123,江戸川区
533947312,401,4808,15,70,2,6,73,1322,8,129,37,188,12,47,60,840,63,846,35.69375,139.896875,13123,江戸川区
533947313,112,1120,11,77,0,0,19,245,0,0,14,38,2,3,6,35,11,93,35.69791666666667,139.890625,13123,江戸川区
533947314,136,957,19,138,2,24,29,209,3,24,9,24,3,12,7,33,14,263,35.69791666666667,139.896875,13123,江戸川区
533947321,173,1624,9,69,2,3,36,257,2,9,20,62,8,30,10,70,28,450,35.69375,139.90312500000002,13123,江戸川区
533947322,107,1330,18,510,1,1,21,209,0,0,4,7,2,12,8,35,5,107,35.69375,139.909375,13123,江戸川区
533947323,119,1371,17,455,0,0,38,276,0,0,6,20,5,26,7,102,5,54,35.69791666666667,139.90312500000002,13123,江戸川区
533947324,124,1034,14,84,1,1,22,396,2,32,14,81,3,19,19,61,13,129,35.69791666666667,139.909375,13123,江戸川区
533947331,7,60,5,56,0,0,1,2,0,0,1,2,0,0,0,0,0,0,35.69375,139.915625,13123,江戸川区
533947333,65,634,6,57,2,6,18,48,0,0,0,0,1,2,10,37,5,100,35.69791666666667,139.915625,13123,江戸川区
533947401,116,1405,28,145,0,0,29,479,1,1,8,73,1,2,8,137,5,192,35.702083333333334,139.878125,13123,江戸川区
533947402,66,741,10,58,2,2,17,80,0,0,2,77,1,11,3,38,2,142,35.702083333333334,139.884375,13123,江戸川区
533947403,145,1225,19,67,1,1,38,263,1,1,10,25,3,33,6,70,8,214,35.706250000000004,139.878125,13123,江戸川区
533947404,91,683,28,164,0,0,5,34,0,0,6,16,2,3,4,22,7,141,35.706250000000004,139.884375,13123,江戸川区
533947411,136,1295,26,226,3,4,30,236,0,0,9,22,5,25,10,205,8,101,35.702083333333334,139.890625,13123,江戸川区
533947412,75,573,7,31,0,0,25,168,0,0,10,44,2,4,3,38,2,26,35.702083333333334,139.896875,13123,江戸川区
533947413,151,1003,24,104,1,1,32,372,1,9,15,51,6,21,8,71,10,93,35.706250000000004,139.890625,13123,江戸川区
533947414,71,937,13,98,1,1,13,88,0,0,3,23,1,2,6,57,6,105,35.706250000000004,139.896875,13123,江戸川区
533947421,118,1271,24,191,0,0,32,358,0,0,10,136,1,2,10,80,3,62,35.702083333333334,139.90312500000002,13123,江戸川区
533947422,96,921,16,104,0,0,16,99,0,0,6,17,2,4,3,16,9,112,35.702083333333334,139.909375,13123,江戸川区
533947423,324,3038,8,28,2,3,66,1020,5,95,30,126,12,39,33,334,47,430,35.706250000000004,139.90312500000002,13123,江戸川区
533947424,68,862,4,42,0,0,10,111,0,0,11,34,1,1,3,43,7,107,35.706250000000004,139.909375,13123,江戸川区
533947431,51,749,9,39,1,1,5,43,0,0,5,18,1,1,1,33,4,385,35.702083333333334,139.915625,13123,江戸川区
533947433,6,107,2,4,0,0,0,0,0,0,0,0,0,0,0,0,0,0,35.706250000000004,139.915625,13123,江戸川区
533947501,158,925,43,211,1,9,36,174,0,0,7,18,2,5,12,117,5,110,35.71041666666667,139.878125,13123,江戸川区
533947502,87,465,19,57,0,0,13,58,0,0,11,24,3,16,3,30,5,45,35.71041666666667,139.884375,13123,江戸川区
533947503,107,713,19,122,1,1,18,115,0,0,8,24,1,2,8,32,3,46,35.71458333333334,139.878125,13123,江戸川区
533947504,72,458,11,48,0,0,12,40,0,0,5,10,2,14,2,9,2,19,35.71458333333334,139.884375,13123,江戸川区
533947511,118,808,8,25,0,0,22,207,3,22,20,55,3,6,5,17,16,119,35.71041666666667,139.890625,13123,江戸川区
533947512,89,769,13,31,1,1,16,138,1,19,2,7,2,5,7,21,8,121,35.71041666666667,139.896875,13123,江戸川区
533947513,117,1210,10,53,0,0,28,237,2,14,9,32,2,6,7,94,13,386,35.71458333333334,139.890625,13123,江戸川区
533947514,33,88,11,19,0,0,6,13,0,0,0,0,2,9,0,0,1,3,35.71458333333334,139.896875,13123,江戸川区
533947521,153,816,10,48,1,2,38,152,1,5,14,42,6,24,11,32,9,59,35.71041666666667,139.90312500000002,13123,江戸川区
533947522,36,280,7,29,0,0,6,34,1,10,10,26,1,3,3,50,1,3,35.71041666666667,139.909375,13123,江戸川区
533947523,38,230,6,13,0,0,4,14,0,0,6,10,1,1,3,12,1,9,35.71458333333334,139.90312500000002,13123,江戸川区
533947601,73,1220,9,77,0,0,15,229,1,2,2,4,1,1,8,81,5,100,35.71875,139.878125,13123,江戸川区
533947602,114,913,18,53,0,0,26,105,0,0,12,42,3,36,13,30,7,392,35.71875,139.884375,13123,江戸川区
533947603,57,545,10,36,1,2,10,213,1,2,6,13,2,6,2,8,2,76,35.72291666666667,139.878125,13123,江戸川区
533947604,139,680,13,40,3,6,20,100,1,10,21,48,3,3,26,56,8,61,35.72291666666667,139.884375,13123,江戸川区
533947611,140,844,16,50,1,9,31,242,0,0,3,8,4,12,9,100,13,112,35.71875,139.890625,13123,江戸川区
533947612,73,366,7,42,0,0,20,86,0,0,13,30,2,20,3,6,2,28,35.71875,139.896875,13123,江戸川区
533947613,104,701,17,55,1,1,17,148,1,1,6,10,3,15,9,30,8,41,35.72291666666667,139.890625,13123,江戸川区
533947614,23,176,5,17,0,0,1,2,0,0,3,7,0,0,0,0,1,1,35.72291666666667,139.896875,13123,江戸川区
533947701,80,401,7,19,1,3,18,72,1,3,10,26,4,7,3,11,13,141,35.72708333333333,139.878125,13123,江戸川区
533947702,223,1589,11,30,0,0,59,428,2,13,26,71,7,24,28,101,34,361,35.72708333333333,139.884375,13123,江戸川区
533947703,195,1310,8,26,2,10,46,341,2,8,30,68,11,70,21,173,22,253,35.73125,139.878125,13123,江戸川区
533947704,419,3567,9,72,1,5,150,1314,7,140,58,276,7,28,62,657,41,359,35.73125,139.884375,13123,江戸川区
533947711,125,2023,9,38,0,0,25,116,0,0,13,24,4,12,16,91,22,1419,35.72708333333333,139.890625,13123,江戸川区
533947712,2,8,1,6,0,0,1,2,0,0,0,0,0,0,0,0,0,0,35.72708333333333,139.896875,13123,江戸川区
533947713,104,811,10,53,0,0,19,178,2,18,16,23,4,17,5,48,12,70,35.73125,139.890625,13123,江戸川区
533947714,3,16,1,3,0,0,0,0,0,0,1,2,0,0,0,0,0,0,35.73125,139.896875,13123,江戸川区
533947801,308,2933,13,72,2,208,57,562,7,107,52,152,16,97,34,333,43,321,35.73541666666667,139.878125,13123,江戸川区
533947802,403,3546,14,79,4,12,87,943,7,138,53,152,16,50,84,516,40,585,35.73541666666667,139.884375,13123,江戸川区
533947803,132,1157,5,21,1,4,37,342,1,12,19,45,8,29,8,19,20,489,35.73958333333334,139.878125,13123,江戸川区
533947804,167,865,17,89,1,4,34,142,2,3,23,51,5,15,17,41,17,174,35.73958333333334,139.884375,13123,江戸川区
533947811,158,1433,11,65,1,1,45,280,4,34,22,52,9,26,6,54,13,218,35.73541666666667,139.890625,13123,江戸川区
533947812,38,313,4,19,0,0,8,35,0,0,5,11,1,6,6,61,3,148,35.73541666666667,139.896875,13123,江戸川区
533947813,107,779,12,50,3,44,22,82,1,6,6,10,5,20,8,115,19,283,35.73958333333334,139.890625,13123,江戸川区
533947814,47,191,3,11,0,0,9,75,0,0,4,11,3,10,6,15,4,8,35.73958333333334,139.896875,13123,江戸川区
533947901,92,821,7,52,5,6,24,295,0,0,7,26,4,31,6,32,6,92,35.743750000000006,139.878125,13122,葛飾区
533947902,256,1937,13,63,0,0,59,388,9,80,23,55,10,47,37,187,50,700,35.743750000000006,139.884375,13123,江戸川区
533947903,104,650,9,43,0,0,16,139,2,17,9,14,6,15,11,70,9,76,35.747916666666676,139.878125,13122,葛飾区
533947904,108,539,6,22,3,4,28,124,3,20,17,39,7,13,4,21,5,67,35.747916666666676,139.884375,13123,江戸川区
533947911,75,405,6,17,1,2,13,77,0,0,11,20,6,42,0,0,8,58,35.743750000000006,139.890625,13123,江戸川区
533947912,12,88,0,0,0,0,3,41,0,0,3,7,0,0,0,0,2,28,35.743750000000006,139.896875,13123,江戸川区
533947913,8,32,1,2,0,0,2,4,1,6,2,4,0,0,1,11,0,0,35.747916666666676,139.890625,13123,江戸川区
533954052,57,384,1,1,0,0,10,68,0,0,9,28,7,27,2,10,3,83,35.75208333333333,139.571875,13120,練馬区
533954054,48,386,2,5,0,0,11,70,0,0,2,4,1,2,2,18,5,135,35.75625,139.571875,13120,練馬区
533954061,61,316,1,5,0,0,6,34,0,0,10,40,1,4,6,11,5,78,35.75208333333333,139.578125,13120,練馬区
533954062,351,3363,5,41,5,12,69,508,14,259,37,180,19,75,62,667,44,495,35.75208333333333,139.584375,13120,練馬区
533954063,35,424,2,8,0,0,5,265,1,1,3,8,2,9,2,7,1,7,35.75625,139.578125,13120,練馬区
533954064,66,468,4,6,1,6,6,45,0,0,9,22,6,14,2,4,9,165,35.75625,139.584375,13120,練馬区
533954071,275,1486,2,4,6,62,40,277,4,17,39,158,23,108,29,161,43,296,35.75208333333333,139.59062500000002,13120,練馬区
533954072,128,2283,4,80,10,509,37,748,1,4,11,21,2,15,16,178,18,392,35.75208333333333,139.596875,13120,練馬区
533954073,103,780,2,13,0,0,17,85,1,11,13,89,5,19,6,64,24,372,35.75625,139.59062500000002,13120,練馬区
533954074,65,866,2,7,0,0,20,428,0,0,7,22,3,12,7,162,2,48,35.75625,139.596875,13120,練馬区
533954081,74,551,4,17,1,1,15,127,1,2,6,11,8,14,1,3,7,93,35.75208333333333,139.603125,13120,練馬区
533954082,102,972,1,75,5,14,24,270,1,3,8,19,6,31,7,25,11,105,35.75208333333333,139.609375,13120,練馬区
533954083,77,728,3,46,2,6,16,136,0,0,11,22,5,9,1,2,4,36,35.75625,139.603125,13120,練馬区
533954084,97,818,7,36,0,0,20,140,0,0,12,28,5,23,6,19,6,36,35.75625,139.609375,13120,練馬区
533954091,104,910,4,101,2,4,24,197,0,0,7,25,4,9,5,42,12,148,35.75208333333333,139.61562500000002,13120,練馬区
533954092,103,1142,1,2,1,5,24,303,1,6,9,33,7,33,5,67,11,96,35.75208333333333,139.62187500000002,13120,練馬区
533954093,100,942,9,34,2,3,23,186,1,2,7,36,4,6,5,114,9,145,35.75625,139.61562500000002,13120,練馬区
533954094,119,2530,4,91,4,44,31,317,4,500,2,4,7,106,8,272,15,228,35.75625,139.62187500000002,13120,練馬区
533954151,84,463,3,10,4,11,15,75,0,0,7,11,5,13,5,19,9,203,35.760416666666664,139.565625,13120,練馬区
533954152,72,585,2,24,2,7,13,98,1,1,3,7,6,8,1,14,10,140,35.760416666666664,139.571875,13120,練馬区
533954154,45,322,1,4,2,6,5,14,0,0,9,22,2,6,0,0,3,63,35.764583333333334,139.571875,13120,練馬区
533954161,93,558,2,13,1,1,22,77,2,6,6,9,4,10,7,43,13,208,35.760416666666664,139.578125,13120,練馬区
533954162,58,757,2,12,0,0,4,8,0,0,10,26,4,13,0,0,14,374,35.760416666666664,139.584375,13120,練馬区
533954163,78,725,7,22,3,20,6,41,1,5,4,10,2,3,4,31,6,211,35.764583333333334,139.578125,13120,練馬区
533954164,51,333,4,8,1,39,10,70,0,0,6,13,1,3,1,10,3,36,35.764583333333334,139.584375,13120,練馬区
533954171,77,587,1,2,0,0,23,136,0,0,7,32,3,5,6,125,9,77,35.760416666666664,139.59062500000002,13120,練馬区
533954172,43,263,1,1,1,7,9,86,1,1,3,10,1,1,3,25,4,15,35.760416666666664,139.596875,13120,練馬区
533954173,86,785,1,2,1,4,14,95,0,0,9,23,7,26,3,18,17,170,35.764583333333334,139.59062500000002,13120,練馬区
533954174,97,873,6,20,1,1,24,184,1,5,2,4,1,2,5,37,9,254,35.764583333333334,139.596875,13120,練馬区
533954181,86,867,5,65,0,0,18,137,0,0,6,16,1,3,1,1,6,343,35.760416666666664,139.603125,13120,練馬区
533954182,91,693,6,12,0,0,16,69,0,0,9,25,3,4,9,117,9,110,35.760416666666664,139.609375,13120,練馬区
533954183,105,560,10,33,0,0,16,70,1,2,2,2,4,82,1,1,11,136,35.764583333333334,139.603125,13120,練馬区
533954184,120,857,15,63,0,0,16,399,1,10,6,16,3,17,12,36,8,72,35.764583333333334,139.609375,13120,練馬区
533954191,99,773,11,52,3,8,16,218,0,0,9,32,5,12,6,51,6,70,35.760416666666664,139.61562500000002,13120,練馬区
533954192,102,1174,6,119,5,12,13,164,0,0,13,57,5,10,9,109,12,201,35.760416666666664,139.62187500000002,13120,練馬区
533954193,115,963,8,28,0,0,18,113,2,30,12,25,3,8,6,63,19,377,35.764583333333334,139.61562500000002,13120,練馬区
533954194,130,1139,11,31,3,6,28,332,1,2,13,66,9,152,10,29,7,118,35.764583333333334,139.62187500000002,13120,練馬区
533954261,69,391,2,17,5,13,11,30,0,0,2,2,5,10,1,1,7,152,35.76875,139.578125,13120,練馬区
533954262,95,992,4,24,1,2,26,238,1,12,19,55,4,6,7,72,13,473,35.76875,139.584375,13120,練馬区
533954264,93,978,1,4,1,3,23,316,3,22,5,9,3,23,9,70,17,214,35.77291666666667,139.584375,13120,練馬区
533954271,84,795,5,30,3,6,17,109,1,3,4,11,4,7,12,35,12,474,35.76875,139.59062500000002,13120,練馬区
533954272,57,331,2,24,1,1,11,45,0,0,5,17,1,6,2,9,5,91,35.76875,139.596875,13120,練馬区
533954273,75,619,2,45,3,6,15,83,1,10,10,18,4,11,4,17,13,296,35.77291666666667,139.59062500000002,13120,練馬区
533954274,76,788,5,21,1,1,12,52,1,1,7,14,3,4,2,16,10,483,35.77291666666667,139.596875,13120,練馬区
533954281,61,333,9,52,0,0,8,51,1,2,3,21,3,7,4,14,6,62,35.76875,139.603125,13120,練馬区
533954282,72,316,4,5,1,8,7,17,0,0,8,24,3,13,2,14,4,27,35.76875,139.609375,13120,練馬区
533954291,42,266,5,18,0,0,7,74,2,18,3,19,0,0,1,1,3,37,35.76875,139.61562500000002,13120,練馬区
533954371,38,677,3,107,2,2,12,118,0,0,0,0,2,4,4,43,4,151,35.77708333333333,139.59062500000002,13120,練馬区
533954372,8,5206,1,4,0,0,1,3,0,0,0,0,0,0,1,36,0,0,35.77708333333333,139.596875,13120,練馬区
533955001,113,1205,11,88,4,5,18,182,0,0,6,13,4,8,12,244,10,200,35.75208333333333,139.628125,13120,練馬区
533955002,126,1040,3,14,4,26,22,215,1,3,13,29,11,35,7,36,25,414,35.75208333333333,139.634375,13120,練馬区
533955003,94,947,0,0,8,17,14,131,1,18,5,9,22,53,2,105,17,342,35.75625,139.628125,13120,練馬区
533955004,81,640,1,2,0,0,21,203,0,0,10,32,11,31,7,209,6,50,35.75625,139.634375,13120,練馬区
533955011,158,1250,5,32,1,2,35,414,3,20,14,45,6,30,12,94,37,411,35.75208333333333,139.640625,13120,練馬区
533955012,83,426,6,13,2,2,14,63,2,6,8,17,6,12,2,10,7,130,35.75208333333333,139.646875,13120,練馬区
533955013,92,636,11,26,3,3,17,70,0,0,6,15,5,39,5,15,6,112,35.75625,139.640625,13120,練馬区
533955014,99,949,5,9,3,29,22,321,1,8,9,24,3,7,8,99,15,227,35.75625,139.646875,13120,練馬区
533955021,84,443,4,10,6,7,13,88,0,0,8,19,6,13,1,9,8,115,35.75208333333333,139.65312500000002,13120,練馬区
533955022,68,296,3,5,4,9,10,45,1,2,14,46,3,4,5,35,5,52,35.75208333333333,139.659375,13120,練馬区
533955023,158,1630,3,15,2,8,31,494,3,61,18,95,11,43,20,226,28,318,35.75625,139.65312500000002,13120,練馬区
533955024,93,966,4,29,0,0,28,342,0,0,9,23,1,3,5,31,8,215,35.75625,139.659375,13120,練馬区
533955031,191,1055,5,13,4,15,42,205,2,2,26,76,10,71,18,144,21,228,35.75208333333333,139.665625,13120,練馬区
533955032,85,1431,12,107,4,16,11,363,0,0,14,34,4,73,1,11,7,80,35.75208333333333,139.671875,13120,練馬区
533955033,105,1378,9,79,5,8,22,136,0,0,11,34,8,23,5,45,14,288,35.75625,139.665625,13120,練馬区
533955034,45,262,5,28,1,5,7,21,0,0,4,10,1,1,4,11,5,34,35.75625,139.671875,13120,練馬区
533955041,87,904,10,60,2,5,22,215,1,2,11,34,2,12,1,7,4,107,35.75208333333333,139.67812500000002,13119,板橋区
533955042,149,1023,16,126,1,1,41,449,2,9,9,48,5,9,11,35,14,154,35.75208333333333,139.68437500000002,13119,板橋区
533955043,50,479,3,7,0,0,4,23,0,0,10,17,2,4,3,33,9,123,35.75625,139.67812500000002,13119,板橋区
533955044,138,1046,11,71,4,9,33,129,0,0,16,55,6,53,10,163,12,111,35.75625,139.68437500000002,13119,板橋区
533955051,177,1578,20,99,6,13,34,844,1,1,11,40,10,35,14,33,7,98,35.75208333333333,139.690625,13119,板橋区
533955052,169,1631,15,52,5,62,36,291,1,1,22,93,11,31,9,77,23,688,35.75208333333333,139.696875,13119,板橋区
533955053,272,1766,19,214,8,39,59,423,5,80,41,114,10,38,29,142,25,250,35.75625,139.690625,13119,板橋区
533955054,345,2035,10,30,5,11,100,733,7,111,44,142,6,13,53,247,47,365,35.75625,139.696875,13119,板橋区
533955061,129,3994,10,61,4,15,36,318,1,6,5,17,10,23,9,105,16,3000,35.75208333333333,139.703125,13119,板橋区
533955062,471,6704,28,144,5,12,97,929,5,47,59,141,53,336,63,438,47,858,35.75208333333333,139.709375,13119,板橋区
533955063,169,827,14,55,3,4,34,170,0,0,18,40,7,22,10,26,21,228,35.75625,139.703125,13119,板橋区
533955064,203,1499,7,15,6,15,51,550,3,8,17,55,4,10,23,121,26,247,35.75625,139.709375,13119,板橋区
533955071,173,1129,12,92,2,3,31,136,0,0,31,63,4,34,16,79,15,198,35.75208333333333,139.71562500000002,13119,板橋区
533955072,84,1872,10,47,1,1,14,101,0,0,11,36,8,40,3,68,14,962,35.75208333333333,139.721875,13119,板橋区
533955073,75,777,6,69,7,18,14,114,0,0,12,118,8,70,8,61,9,149,35.75625,139.71562500000002,13119,板橋区
533955074,61,3037,2,19,2,2,6,63,0,0,8,19,5,29,6,70,7,51,35.75625,139.721875,13117,北区
533955081,63,515,8,75,1,7,12,192,0,0,11,25,1,1,5,10,6,111,35.75208333333333,139.728125,13117,北区
533955082,231,3867,4,31,3,12,42,386,8,90,26,76,12,42,44,286,28,444,35.75208333333333,139.734375,13117,北区
533955083,86,3481,9,43,3,21,14,64,1,3,10,25,7,22,3,13,14,167,35.75625,139.728125,13117,北区
533955084,260,3205,11,68,2,13,55,485,8,118,24,94,19,164,24,319,29,610,35.75625,139.734375,13117,北区
533955091,136,1683,6,61,4,28,29,273,1,16,21,118,3,231,30,349,10,170,35.75208333333333,139.74062500000002,13117,北区
533955092,240,2701,23,303,4,334,66,590,2,9,25,73,6,250,17,55,31,410,35.75208333333333,139.74687500000002,13117,北区
533955093,418,5440,15,495,14,686,93,1051,20,739,37,129,34,525,70,459,37,290,35.75625,139.74062500000002,13117,北区
533955094,73,734,11,35,0,0,13,91,0,0,6,10,0,0,5,24,11,191,35.75625,139.74687500000002,13117,北区
533955101,214,4792,2,8,7,46,94,1696,4,54,6,41,8,35,31,616,22,1141,35.760416666666664,139.628125,13120,練馬区
533955102,140,1140,3,5,0,0,21,175,2,15,12,19,8,56,7,24,32,411,35.760416666666664,139.634375,13120,練馬区
533955103,38,394,0,0,0,0,5,77,0,0,0,0,2,9,1,13,9,99,35.764583333333334,139.628125,13120,練馬区
533955104,60,810,3,14,2,2,14,154,0,0,4,8,2,5,4,40,18,377,35.764583333333334,139.634375,13120,練馬区
533955111,112,674,12,49,3,15,21,120,0,0,6,15,6,12,6,23,10,93,35.760416666666664,139.640625,13120,練馬区
533955112,149,792,10,28,2,7,30,141,0,0,12,29,8,25,15,52,13,71,35.760416666666664,139.646875,13120,練馬区
533955113,86,498,4,26,1,2,19,128,0,0,11,29,2,4,2,13,9,122,35.764583333333334,139.640625,13120,練馬区
533955114,133,743,4,6,3,5,29,103,1,27,13,25,2,6,10,16,15,147,35.764583333333334,139.646875,13120,練馬区
533955121,98,1384,5,33,1,2,19,581,0,0,5,134,1,6,9,98,16,201,35.760416666666664,139.65312500000002,13120,練馬区
533955122,80,581,6,27,2,22,22,104,0,0,7,28,3,15,6,53,9,160,35.760416666666664,139.659375,13120,練馬区
533955123,99,625,12,101,0,0,16,90,0,0,15,36,4,8,4,7,9,179,35.764583333333334,139.65312500000002,13120,練馬区
533955124,31,2698,1,54,0,0,8,69,0,0,0,0,5,25,3,14,4,33,35.764583333333334,139.659375,13120,練馬区
533955131,101,696,11,46,0,0,25,100,0,0,9,77,2,2,3,7,9,169,35.760416666666664,139.665625,13120,練馬区
533955132,178,1320,6,17,3,6,40,325,2,72,21,50,7,19,22,137,31,393,35.760416666666664,139.671875,13119,板橋区
533955133,118,1357,5,31,2,10,27,386,1,1,15,37,3,11,9,46,21,329,35.764583333333334,139.665625,13120,練馬区
533955134,214,1647,21,219,2,2,48,512,3,8,22,61,11,40,26,79,23,233,35.764583333333334,139.671875,13119,板橋区
533955141,208,2006,8,33,4,6,50,448,4,45,24,65,12,38,17,154,32,845,35.760416666666664,139.67812500000002,13119,板橋区
533955142,181,1067,9,41,2,2,22,112,2,14,24,77,14,31,18,43,31,271,35.760416666666664,139.68437500000002,13119,板橋区
533955143,426,3226,16,79,4,5,102,693,6,57,34,105,11,16,82,431,60,1336,35.764583333333334,139.67812500000002,13119,板橋区
533955144,168,2307,27,491,1,2,37,328,2,28,13,24,8,23,14,152,22,551,35.764583333333334,139.68437500000002,13119,板橋区
533955151,260,2154,3,4,1,2,34,302,5,92,42,153,14,90,46,507,49,467,35.760416666666664,139.690625,13119,板橋区
533955152,113,855,8,30,2,2,31,270,1,8,9,24,10,95,6,20,8,147,35.760416666666664,139.696875,13119,板橋区
533955153,216,1669,49,697,6,10,40,227,1,13,20,43,12,30,19,44,25,382,35.764583333333334,139.690625,13119,板橋区
533955154,159,1886,53,463,4,8,26,792,1,0,7,14,8,47,8,81,12,300,35.764583333333334,139.696875,13119,板橋区
533955161,163,2425,15,98,8,246,30,295,9,81,11,54,5,50,12,84,19,1158,35.760416666666664,139.703125,13119,板橋区
533955162,177,1452,11,377,3,4,37,210,3,78,14,39,10,27,21,84,21,207,35.760416666666664,139.709375,13119,板橋区
533955163,183,1757,29,435,1,104,43,265,1,2,19,50,5,19,21,85,17,474,35.764583333333334,139.703125,13119,板橋区
533955164,106,962,25,131,3,3,21,155,2,6,6,13,5,13,21,348,7,77,35.764583333333334,139.709375,13119,板橋区
533955171,152,5444,4,30,1,2,41,354,2,10,12,29,6,40,21,206,17,2152,35.760416666666664,139.71562500000002,13119,板橋区
533955172,382,2204,13,71,2,3,107,744,4,24,46,105,14,38,86,562,42,310,35.760416666666664,139.721875,13117,北区
533955173,115,662,11,106,2,3,22,124,0,0,10,25,5,6,6,25,22,224,35.764583333333334,139.71562500000002,13117,北区
533955174,236,1006,11,46,2,13,58,391,4,23,28,57,12,23,24,86,34,140,35.764583333333334,139.721875,13117,北区
533955181,137,628,11,51,0,0,21,73,0,0,26,53,6,18,15,36,12,108,35.760416666666664,139.728125,13117,北区
533955182,161,1336,15,98,2,3,35,253,1,7,32,79,10,20,7,131,15,194,35.760416666666664,139.734375,13117,北区
533955183,342,4455,15,69,6,17,75,560,4,31,25,70,15,97,87,424,38,2673,35.764583333333334,139.728125,13117,北区
533955184,144,2209,6,324,2,5,35,636,1,2,14,36,8,71,11,159,25,364,35.764583333333334,139.734375,13117,北区
533955191,144,2533,6,86,1,5,40,405,1,25,12,16,13,46,13,59,16,389,35.760416666666664,139.74062500000002,13117,北区
533955192,156,992,12,62,3,13,36,215,1,21,24,55,4,5,14,33,19,390,35.760416666666664,139.74687500000002,13117,北区
533955193,151,1741,11,94,3,5,36,433,2,9,19,57,5,160,13,56,13,173,35.764583333333334,139.74062500000002,13117,北区
533955194,134,1530,11,208,2,6,34,290,0,0,6,17,4,89,21,84,10,125,35.764583333333334,139.74687500000002,13117,北区
533955201,7,27,3,13,1,1,0,0,0,0,1,2,0,0,0,0,0,0,35.76875,139.628125,13120,練馬区
533955202,22,326,0,0,2,3,5,122,0,0,2,4,3,9,1,7,5,105,35.76875,139.634375,13120,練馬区
533955203,96,543,5,24,3,4,13,47,1,8,13,31,5,14,8,41,14,159,35.77291666666667,139.628125,13120,練馬区
533955204,131,1131,8,105,5,15,29,314,1,2,11,45,6,11,13,52,16,242,35.77291666666667,139.634375,13119,板橋区
533955211,87,725,1,1,4,5,17,140,0,0,10,27,7,13,8,55,19,372,35.76875,139.640625,13120,練馬区
533955212,244,1780,4,19,2,2,52,531,3,75,30,89,7,54,39,276,34,364,35.76875,139.646875,13120,練馬区
533955213,109,1148,9,90,3,3,20,175,2,41,11,35,5,59,11,63,9,175,35.77291666666667,139.640625,13119,板橋区
533955214,177,1013,2,4,2,4,51,372,1,3,8,18,2,3,31,159,29,212,35.77291666666667,139.646875,13119,板橋区
533955221,148,1157,22,207,3,6,29,171,0,0,11,21,5,12,9,32,15,352,35.76875,139.65312500000002,13120,練馬区
533955222,418,4251,8,37,4,9,87,1650,5,49,35,103,8,49,99,784,49,450,35.76875,139.659375,13120,練馬区
533955223,67,660,4,85,2,10,12,159,0,0,8,21,6,17,3,7,4,152,35.77291666666667,139.65312500000002,13119,板橋区
533955224,94,1026,10,24,4,25,12,76,0,0,13,36,5,9,5,33,10,412,35.77291666666667,139.659375,13119,板橋区
533955231,227,1556,27,198,1,9,41,202,2,15,19,42,9,44,45,117,21,182,35.76875,139.665625,13119,板橋区
533955232,100,1072,29,290,3,54,9,48,0,0,6,18,6,18,7,12,14,389,35.76875,139.671875,13119,板橋区
533955233,127,978,14,53,0,0,17,129,2,16,4,19,8,33,4,15,16,331,35.77291666666667,139.665625,13119,板橋区
533955234,78,712,15,75,0,0,10,96,2,3,4,10,4,6,2,23,9,368,35.77291666666667,139.671875,13119,板橋区
533955241,106,570,15,37,3,4,11,39,0,0,9,24,3,13,11,69,12,161,35.76875,139.67812500000002,13119,板橋区
533955242,80,963,14,59,0,0,14,52,0,0,8,17,3,4,6,32,7,170,35.76875,139.68437500000002,13119,板橋区
533955243,80,672,3,8,4,6,9,45,1,6,9,16,13,34,2,16,9,159,35.77291666666667,139.67812500000002,13119,板橋区
533955244,75,786,10,27,3,15,12,50,0,0,3,4,4,17,3,19,11,317,35.77291666666667,139.68437500000002,13119,板橋区
533955251,185,1936,29,327,0,0,48,426,1,1,14,37,4,17,18,153,18,572,35.76875,139.690625,13119,板橋区
533955252,90,835,27,269,5,7,11,275,0,0,5,5,7,14,9,54,3,36,35.76875,139.696875,13119,板橋区
533955253,118,1315,15,147,2,5,30,556,1,4,8,23,4,17,12,126,9,178,35.77291666666667,139.690625,13119,板橋区
533955254,170,3307,32,1397,1,46,32,336,3,71,15,41,7,17,19,125,19,428,35.77291666666667,139.696875,13119,板橋区
533955261,206,2289,29,267,1,2,43,625,1,27,27,62,3,10,34,234,25,841,35.76875,139.703125,13119,板橋区
533955262,52,1246,2,6,0,0,3,41,1,1,5,7,3,12,4,79,8,242,35.76875,139.709375,13117,北区
533955263,162,2946,43,1552,2,21,30,454,1,2,12,25,4,10,12,42,14,564,35.77291666666667,139.703125,13119,板橋区
533955264,53,640,7,24,0,0,9,84,0,0,8,12,1,7,4,11,9,127,35.77291666666667,139.709375,13117,北区
533955271,84,431,9,53,3,8,15,65,2,3,13,20,3,7,4,49,7,67,35.76875,139.71562500000002,13117,北区
533955272,70,875,8,42,2,8,10,103,0,0,8,16,8,131,5,15,7,212,35.76875,139.721875,13117,北区
533955273,104,666,9,17,3,6,16,96,2,5,23,40,7,27,7,51,11,343,35.77291666666667,139.71562500000002,13117,北区
533955274,131,2212,14,161,0,0,18,133,4,15,17,39,8,99,10,209,12,598,35.77291666666667,139.721875,13117,北区
533955281,257,1423,15,70,6,14,73,430,6,29,28,58,13,37,32,136,23,256,35.76875,139.728125,13117,北区
533955282,133,1683,14,864,3,41,31,203,3,13,11,30,11,27,7,36,18,241,35.76875,139.734375,13117,北区
533955283,132,1412,14,525,2,4,31,134,1,1,17,46,6,38,10,45,10,183,35.77291666666667,139.728125,13117,北区
533955284,63,2904,10,105,2,4,6,182,0,0,4,1029,4,952,2,9,6,105,35.77291666666667,139.734375,13117,北区
533955291,61,1133,6,54,2,7,8,42,1,2,5,9,3,157,5,134,2,13,35.76875,139.74062500000002,13117,北区
533955292,60,513,10,41,3,5,14,213,3,3,2,4,0,0,6,31,5,48,35.76875,139.74687500000002,13121,足立区
533955293,110,1699,23,420,2,4,25,257,1,12,3,6,5,11,13,92,8,279,35.77291666666667,139.74062500000002,13121,足立区
533955294,35,226,9,50,1,1,4,22,0,0,2,4,2,8,2,16,4,46,35.77291666666667,139.74687500000002,13121,足立区
533955301,270,3141,8,143,9,113,52,566,14,543,21,211,22,130,51,416,19,192,35.77708333333333,139.628125,13120,練馬区
533955302,418,4917,6,39,5,56,77,1016,10,237,64,343,17,71,61,875,53,828,35.77708333333333,139.634375,13119,板橋区
533955303,78,730,8,97,1,2,13,121,0,0,10,62,6,12,9,66,10,245,35.78125,139.628125,13119,板橋区
533955304,90,648,3,23,2,4,13,58,2,4,17,52,2,25,7,42,14,240,35.78125,139.634375,13119,板橋区
533955311,101,529,3,5,0,0,13,66,1,5,18,57,7,39,16,45,7,92,35.77708333333333,139.640625,13119,板橋区
533955312,95,710,5,17,0,0,11,69,2,31,16,40,6,29,7,37,12,321,35.77708333333333,139.646875,13119,板橋区
533955313,52,348,5,20,2,3,11,187,1,2,6,17,2,3,0,0,4,33,35.78125,139.640625,13119,板橋区
533955314,68,499,2,15,1,1,12,71,0,0,9,45,1,6,6,28,4,74,35.78125,139.646875,13119,板橋区
533955321,81,515,9,66,2,16,11,81,1,13,6,13,2,6,1,3,5,58,35.77708333333333,139.65312500000002,13119,板橋区
533955322,99,763,5,13,3,9,17,108,0,0,6,40,10,21,1,2,13,364,35.77708333333333,139.659375,13119,板橋区
533955323,87,1006,7,30,0,0,19,192,0,0,15,48,2,4,6,157,11,404,35.78125,139.65312500000002,13119,板橋区
533955324,73,598,1,1,2,3,14,83,0,0,11,28,0,0,2,25,7,122,35.78125,139.659375,13119,板橋区
533955331,99,1100,9,43,2,5,15,84,0,0,11,41,1,11,7,56,10,150,35.77708333333333,139.665625,13119,板橋区
533955332,84,629,7,74,1,1,10,20,0,0,19,38,3,6,2,7,8,132,35.77708333333333,139.671875,13119,板橋区
533955333,138,1450,13,97,1,4,40,455,0,0,9,47,0,0,12,257,12,141,35.78125,139.665625,13119,板橋区
533955334,112,1738,6,20,2,4,24,245,0,0,13,44,4,8,12,158,11,186,35.78125,139.671875,13119,板橋区
533955341,100,1115,10,49,4,5,16,217,2,7,7,29,7,11,11,105,10,254,35.77708333333333,139.67812500000002,13119,板橋区
533955342,152,1895,4,11,3,6,33,568,2,13,15,29,4,6,30,218,22,167,35.77708333333333,139.68437500000002,13119,板橋区
533955343,191,1251,11,75,0,0,42,180,1,10,17,47,11,27,23,124,25,389,35.78125,139.67812500000002,13119,板橋区
533955344,107,2366,11,163,2,14,26,456,0,0,11,39,2,3,9,42,17,373,35.78125,139.68437500000002,13119,板橋区
533955351,187,3174,18,491,3,282,45,323,1,2,15,33,4,32,32,130,20,1397,35.77708333333333,139.690625,13119,板橋区
533955352,226,11973,23,399,3,50,58,1031,5,67,15,50,9,48,40,351,26,9345,35.77708333333333,139.696875,13119,板橋区
533955353,168,2761,27,427,2,4,42,846,3,40,11,33,10,38,19,109,14,834,35.78125,139.690625,13119,板橋区
533955354,80,2042,15,339,3,5,16,560,0,0,9,21,6,25,5,173,6,56,35.78125,139.696875,13119,板橋区
533955361,124,1797,14,210,3,6,32,434,0,0,7,25,5,5,10,40,13,491,35.77708333333333,139.703125,13119,板橋区
533955362,69,646,3,7,0,0,16,59,1,3,1,2,1,1,13,89,20,384,35.77708333333333,139.709375,13117,北区
533955363,98,857,8,76,5,13,20,321,2,2,9,47,8,70,9,46,11,176,35.78125,139.703125,13117,北区
533955364,49,611,4,28,0,0,8,66,0,0,2,4,3,16,5,34,14,278,35.78125,139.709375,13117,北区
533955371,180,1549,4,9,6,60,24,166,7,113,26,64,15,45,13,96,28,358,35.77708333333333,139.71562500000002,13117,北区
533955372,596,10772,11,59,10,256,179,4367,20,459,48,488,33,116,116,1802,46,591,35.77708333333333,139.721875,13117,北区
533955373,56,681,2,11,3,13,10,24,1,1,9,15,4,26,5,30,3,22,35.78125,139.71562500000002,13117,北区
533955374,800,6859,16,392,14,147,172,1326,13,172,101,414,66,303,203,1756,61,942,35.78125,139.721875,13117,北区
533955381,159,1269,9,117,1,2,32,382,0,0,13,25,14,60,14,67,17,267,35.77708333333333,139.728125,13117,北区
533955382,98,1722,13,52,0,0,15,172,1,2,8,38,11,312,7,83,14,236,35.77708333333333,139.734375,13117,北区
533955383,272,1336,13,80,5,25,63,271,6,27,26,67,19,93,34,87,27,263,35.78125,139.728125,13117,北区
533955384,76,341,6,29,1,2,11,39,1,1,15,36,4,16,5,28,8,105,35.78125,139.734375,13117,北区
533955391,14,203,3,116,0,0,1,15,2,2,4,58,0,0,0,0,0,0,35.77708333333333,139.74062500000002,13121,足立区
533955392,28,232,2,7,0,0,7,90,0,0,1,6,0,0,2,16,2,11,35.77708333333333,139.74687500000002,13121,足立区
533955394,65,347,8,26,0,0,11,59,0,0,13,18,3,3,2,6,3,33,35.78125,139.74687500000002,13121,足立区
533955402,63,517,8,44,4,29,10,64,1,1,15,39,1,1,4,19,6,237,35.78541666666666,139.634375,13119,板橋区
533955404,26,235,3,66,0,0,6,44,0,0,0,0,1,3,5,18,3,30,35.78958333333333,139.634375,13119,板橋区
533955411,58,353,3,11,0,0,11,63,1,8,5,11,3,6,3,4,6,93,35.78541666666666,139.640625,13119,板橋区
533955412,57,614,7,53,0,0,7,44,0,0,4,11,1,2,4,35,7,253,35.78541666666666,139.646875,13119,板橋区
533955413,70,991,3,20,1,1,15,90,0,0,5,28,2,3,3,5,12,494,35.78958333333333,139.640625,13119,板橋区
533955414,40,411,3,12,0,0,10,84,0,0,4,7,2,3,0,0,6,48,35.78958333333333,139.646875,13119,板橋区
533955421,42,585,5,20,0,0,5,46,0,0,0,0,1,12,3,41,9,94,35.78541666666666,139.65312500000002,13119,板橋区
533955422,72,1764,2,5,2,30,18,175,1,19,2,12,3,4,6,58,12,516,35.78541666666666,139.659375,13119,板橋区
533955423,137,1285,3,13,2,2,25,272,3,21,6,12,3,15,27,128,21,243,35.78958333333333,139.65312500000002,13119,板橋区
533955424,191,2056,4,20,1,6,47,724,2,25,14,74,4,21,42,436,27,349,35.78958333333333,139.659375,13119,板橋区
533955431,98,1667,1,5,0,0,25,230,1,10,4,11,1,1,11,42,25,1160,35.78541666666666,139.665625,13119,板橋区
533955432,264,2517,6,41,8,25,69,869,3,70,15,50,10,44,47,380,36,507,35.78541666666666,139.671875,13119,板橋区
533955433,135,1333,6,119,1,1,47,492,0,0,10,45,6,17,15,196,17,209,35.78958333333333,139.665625,13119,板橋区
533955434,104,1509,8,122,1,4,17,131,1,5,7,22,5,8,9,110,11,159,35.78958333333333,139.671875,13119,板橋区
533955441,234,1730,3,26,2,3,49,470,6,39,12,29,6,17,52,301,36,465,35.78541666666666,139.67812500000002,13119,板橋区
533955442,116,1345,16,110,2,2,32,406,1,16,7,21,5,5,8,44,10,225,35.78541666666666,139.68437500000002,13119,板橋区
533955443,126,1726,22,185,1,17,20,202,1,11,6,34,5,119,12,65,11,344,35.78958333333333,139.67812500000002,13119,板橋区
533955444,79,1212,17,376,0,0,14,193,1,2,4,11,4,70,6,39,3,40,35.78958333333333,139.68437500000002,13119,板橋区
533955451,70,1999,19,382,0,0,15,598,0,0,2,3,4,35,2,6,2,211,35.78541666666666,139.690625,13117,北区
533955452,86,3746,20,841,1,3,17,1308,2,59,5,14,5,40,5,34,8,71,35.78541666666666,139.696875,13117,北区
533955453,76,1076,9,66,0,0,16,403,1,1,4,19,3,36,7,104,9,88,35.78958333333333,139.690625,13117,北区
533955454,171,1840,28,183,0,0,37,248,1,15,12,36,6,340,16,76,10,193,35.78958333333333,139.696875,13117,北区
533955461,78,611,2,12,1,2,11,87,0,0,10,16,1,1,15,56,17,246,35.78541666666666,139.703125,13117,北区
533955462,138,2024,7,83,2,2,28,284,0,0,11,21,6,18,20,213,20,1086,35.78541666666666,139.709375,13117,北区
533955463,137,1478,6,123,2,12,27,391,1,21,9,16,8,43,12,73,15,213,35.78958333333333,139.703125,13117,北区
533955464,14,253,6,218,0,0,1,10,0,0,1,3,0,0,2,5,0,0,35.78958333333333,139.709375,13117,北区
533955471,76,731,2,3,0,0,18,92,2,3,8,17,8,16,4,18,7,190,35.78541666666666,139.71562500000002,13117,北区
533955472,96,503,6,16,2,25,11,101,0,0,28,59,6,14,5,44,10,80,35.78541666666666,139.721875,13117,北区
533955473,4,70,1,38,0,0,1,25,0,0,0,0,0,0,0,0,0,0,35.78958333333333,139.71562500000002,13117,北区
533955481,45,400,6,88,0,0,6,22,0,0,2,6,4,97,1,5,4,73,35.78541666666666,139.728125,13117,北区
533955482,4,12,2,8,0,0,0,0,0,0,0,0,0,0,0,0,0,0,35.78541666666666,139.734375,13117,北区
533955492,30,990,2,12,0,0,8,61,0,0,1,2,0,0,4,60,3,618,35.78541666666666,139.74687500000002,13121,足立区
533955511,42,747,2,21,2,3,12,73,0,0,0,0,1,7,2,14,3,59,35.793749999999996,139.640625,13119,板橋区
533955512,67,1381,2,9,0,0,6,57,0,0,2,8,0,0,0,0,1,2,35.793749999999996,139.646875,13119,板橋区
533955521,78,1011,4,67,0,0,40,613,2,11,3,22,0,0,4,22,3,22,35.793749999999996,139.65312500000002,13119,板橋区
533955522,56,1424,14,644,1,1,9,125,0,0,5,41,2,5,1,5,4,40,35.793749999999996,139.659375,13119,板橋区
533955523,2,26,0,0,0,0,0,0,0,0,0,0,0,0,0,0,1,5,35.797916666666666,139.65312500000002,13119,板橋区
533955524,36,444,17,127,0,0,5,29,0,0,5,14,0,0,1,20,0,0,35.797916666666666,139.659375,13119,板橋区
533955531,63,983,9,191,0,0,15,38,0,0,0,0,4,47,3,16,9,145,35.793749999999996,139.665625,13119,板橋区
533955532,27,1213,6,272,0,0,4,66,0,0,2,3,0,0,3,11,0,0,35.793749999999996,139.671875,13119,板橋区
533955533,69,974,30,344,0,0,11,348,0,0,0,0,2,20,2,31,1,8,35.797916666666666,139.665625,13119,板橋区
533955534,24,318,6,60,0,0,7,105,0,0,0,0,2,14,0,0,0,0,35.797916666666666,139.671875,13119,板橋区
533955541,72,1692,23,864,2,65,3,14,0,0,2,13,4,11,3,24,8,199,35.793749999999996,139.67812500000002,13119,板橋区
533955542,145,3259,50,1349,2,43,31,481,0,0,10,32,4,17,5,26,11,441,35.793749999999996,139.68437500000002,13119,板橋区
533955544,1,5,0,0,0,0,1,5,0,0,0,0,0,0,0,0,0,0,35.797916666666666,139.68437500000002,13119,板橋区
533955551,122,2246,16,176,7,17,21,429,1,11,3,6,7,42,12,151,14,388,35.793749999999996,139.690625,13119,板橋区
533955552,70,811,21,301,1,1,5,21,0,0,12,34,2,6,3,24,5,77,35.793749999999996,139.696875,13117,北区
533955553,17,100,4,34,0,0,7,34,0,0,1,1,0,0,1,15,0,0,35.797916666666666,139.690625,13119,板橋区
533955561,6,93,1,2,0,0,0,0,0,0,0,0,0,0,1,11,2,78,35.793749999999996,139.703125,13117,北区
533956001,174,1678,63,608,2,4,32,349,0,0,6,12,3,6,8,20,17,99,35.75208333333333,139.753125,13118,荒川区
533956002,193,1131,17,128,0,0,41,191,2,22,13,31,6,29,25,90,30,366,35.75208333333333,139.759375,13118,荒川区
533956003,52,675,14,303,0,0,7,40,0,0,5,12,0,0,2,7,1,22,35.75625,139.753125,13121,足立区
533956004,123,749,37,175,0,0,22,132,1,1,7,31,1,1,9,21,5,44,35.75625,139.759375,13121,足立区
533956011,76,979,14,42,0,0,14,43,2,45,13,26,1,2,1,8,5,109,35.75208333333333,139.765625,13118,荒川区
533956012,41,1534,9,50,0,0,8,479,0,0,4,19,3,457,6,39,5,65,35.75208333333333,139.771875,13118,荒川区
533956013,34,692,12,198,1,2,4,286,0,0,0,0,4,82,1,10,0,0,35.75625,139.765625,13121,足立区
533956014,13,214,0,0,0,0,2,108,0,0,0,0,1,5,1,2,0,0,35.75625,139.771875,13121,足立区
533956021,41,413,16,97,1,2,4,16,0,0,2,5,0,0,3,9,3,91,35.75208333333333,139.77812500000002,13118,荒川区
533956022,125,1326,48,493,2,11,15,256,0,0,5,9,4,11,6,34,8,172,35.75208333333333,139.784375,13118,荒川区
533956023,4,43,1,11,0,0,1,7,0,0,1,5,0,0,0,0,0,0,35.75625,139.77812500000002,13121,足立区
533956024,6,52,2,18,0,0,0,0,0,0,0,0,0,0,0,0,0,0,35.75625,139.784375,13121,足立区
533956031,64,1013,15,123,0,0,11,90,1,2,4,5,4,6,5,24,0,0,35.75208333333333,139.790625,13121,足立区
533956032,312,2270,18,225,2,7,72,432,9,168,39,74,21,95,42,140,31,660,35.75208333333333,139.796875,13121,足立区
533956033,74,744,8,25,0,0,17,101,0,0,5,8,1,8,10,39,12,459,35.75625,139.790625,13121,足立区
533956034,126,573,21,91,1,1,22,110,1,1,11,18,6,15,10,31,7,61,35.75625,139.796875,13121,足立区
533956041,705,6416,12,67,10,21,265,2208,15,376,59,333,32,132,120,1315,53,528,35.75208333333333,139.80312500000002,13121,足立区
533956042,120,999,13,41,2,6,22,138,1,1,17,52,3,4,7,36,20,280,35.75208333333333,139.80937500000002,13121,足立区
533956043,96,524,16,66,0,0,24,104,0,0,6,8,6,12,6,26,8,62,35.75625,139.80312500000002,13121,足立区
533956044,6,54,1,7,0,0,0,0,0,0,2,4,0,0,0,0,0,0,35.75625,139.80937500000002,13121,足立区
533956051,1,4,0,0,0,0,0,0,0,0,0,0,0,0,0,0,0,0,35.75208333333333,139.815625,13122,葛飾区
533956052,40,456,8,37,0,0,6,39,0,0,5,12,0,0,2,10,0,0,35.75208333333333,139.821875,13122,葛飾区
533956053,43,638,12,98,0,0,11,127,1,1,2,6,3,7,2,6,3,136,35.75625,139.815625,13122,葛飾区
533956054,60,509,13,237,0,0,7,28,0,0,18,37,2,8,4,48,1,45,35.75625,139.821875,13121,足立区
533956061,130,1055,31,182,0,0,21,96,3,35,11,32,3,15,11,72,14,370,35.75208333333333,139.828125,13122,葛飾区
533956062,116,707,18,106,2,2,21,105,1,2,13,27,4,24,7,27,9,135,35.75208333333333,139.834375,13122,葛飾区
533956063,141,1047,25,141,1,2,39,374,1,14,11,37,17,66,5,20,7,82,35.75625,139.828125,13122,葛飾区
533956064,88,654,16,87,2,3,14,60,0,0,8,23,4,19,6,22,10,119,35.75625,139.834375,13122,葛飾区
533956071,173,1354,28,128,1,4,45,286,2,9,5,12,5,18,13,106,17,167,35.75208333333333,139.84062500000002,13122,葛飾区
533956072,124,1766,38,450,0,0,32,800,1,17,4,8,2,2,5,38,7,127,35.75208333333333,139.846875,13122,葛飾区
533956073,92,814,15,84,1,2,13,119,0,0,5,54,3,4,2,7,5,68,35.75625,139.84062500000002,13122,葛飾区
533956074,98,1092,11,184,1,1,20,206,1,17,5,7,1,8,16,78,16,269,35.75625,139.846875,13122,葛飾区
533956081,157,2026,18,293,1,74,34,229,2,16,12,37,8,43,15,105,21,643,35.75208333333333,139.853125,13122,葛飾区
533956082,84,1507,11,58,0,0,13,78,0,0,15,22,3,3,5,154,10,925,35.75208333333333,139.859375,13122,葛飾区
533956083,98,875,15,41,1,10,24,145,2,16,7,13,3,6,7,22,5,100,35.75625,139.853125,13122,葛飾区
533956084,55,400,12,39,1,1,8,45,0,0,5,8,0,0,4,20,4,167,35.75625,139.859375,13122,葛飾区
533956091,248,1556,5,11,0,0,43,447,7,94,37,154,9,32,50,240,29,240,35.75208333333333,139.86562500000002,13122,葛飾区
533956092,139,1355,7,18,1,1,22,133,1,15,17,34,7,37,16,60,28,358,35.75208333333333,139.87187500000002,13122,葛飾区
533956093,74,540,9,70,0,0,10,48,1,2,4,9,1,5,4,13,9,130,35.75625,139.86562500000002,13122,葛飾区
533956094,160,717,10,49,2,2,43,183,2,25,16,32,7,33,12,33,17,180,35.75625,139.87187500000002,13122,葛飾区
533956101,60,680,15,230,1,2,7,83,0,0,1,4,6,23,6,15,2,27,35.760416666666664,139.753125,13121,足立区
533956102,102,828,29,342,1,1,17,83,1,16,7,18,1,1,5,22,6,97,35.760416666666664,139.759375,13121,足立区
533956103,64,1340,3,17,2,14,14,399,1,12,1,5,3,30,8,96,11,158,35.764583333333334,139.753125,13117,北区
533956104,10,118,7,52,0,0,1,33,0,0,1,1,0,0,0,0,0,0,35.764583333333334,139.759375,13121,足立区
533956111,17,78,6,39,1,1,1,1,1,6,1,1,0,0,0,0,0,0,35.760416666666664,139.765625,13121,足立区
533956112,56,368,15,81,1,10,14,57,0,0,7,14,2,2,1,3,2,111,35.760416666666664,139.771875,13121,足立区
533956113,64,508,11,171,2,3,12,88,0,0,4,7,3,51,3,12,2,6,35.764583333333334,139.765625,13121,足立区
533956114,111,1228,19,80,2,2,17,316,0,0,12,31,1,1,8,67,12,297,35.764583333333334,139.771875,13121,足立区
533956121,66,450,20,82,0,0,10,57,0,0,7,12,0,0,3,28,4,146,35.760416666666664,139.77812500000002,13121,足立区
533956122,102,932,26,148,1,1,14,75,0,0,14,32,2,12,2,23,11,368,35.760416666666664,139.784375,13121,足立区
533956123,132,612,34,128,2,5,23,80,2,3,14,24,1,3,8,38,9,106,35.764583333333334,139.77812500000002,13121,足立区
533956124,186,1272,53,282,1,77,32,151,0,0,17,28,4,54,13,46,15,319,35.764583333333334,139.784375,13121,足立区
533956131,32,268,8,43,1,1,6,27,0,0,1,3,0,0,4,23,2,17,35.760416666666664,139.790625,13121,足立区
533956132,9,62,2,8,0,0,1,21,0,0,1,1,0,0,0,0,0,0,35.760416666666664,139.796875,13121,足立区
533956133,151,757,34,209,1,2,41,116,1,12,12,18,4,11,14,31,12,114,35.764583333333334,139.790625,13121,足立区
533956134,142,1131,46,254,1,8,23,110,1,4,11,19,1,2,14,49,8,101,35.764583333333334,139.796875,13121,足立区
533956141,23,143,6,24,0,0,5,34,2,5,2,2,1,8,0,0,0,0,35.760416666666664,139.80312500000002,13121,足立区
533956142,77,473,20,116,2,2,15,98,1,3,2,5,3,10,5,12,6,56,35.760416666666664,139.80937500000002,13121,足立区
533956143,179,1144,23,141,3,52,51,222,2,31,14,31,5,13,16,56,23,265,35.764583333333334,139.80312500000002,13121,足立区
533956144,220,1485,17,179,1,1,52,326,4,48,20,64,6,34,39,318,29,248,35.764583333333334,139.80937500000002,13121,足立区
533956151,38,1158,2,4,1,4,12,84,1,1,6,12,0,0,2,3,4,82,35.760416666666664,139.815625,13121,足立区
533956152,267,2067,6,68,2,3,60,561,2,13,25,129,10,62,75,460,20,200,35.760416666666664,139.821875,13121,足立区
533956153,99,598,11,67,2,14,17,65,0,0,15,32,3,11,10,65,8,133,35.764583333333334,139.815625,13121,足立区
533956154,227,2167,8,102,4,43,38,289,11,206,35,154,14,70,24,246,22,226,35.764583333333334,139.821875,13121,足立区
533956161,260,2075,12,63,10,192,45,326,2,17,23,148,18,59,40,244,36,421,35.760416666666664,139.828125,13121,足立区
533956162,106,609,15,59,1,5,24,81,0,0,11,31,2,11,6,28,7,148,35.760416666666664,139.834375,13122,葛飾区
533956163,210,2415,6,16,5,15,42,585,5,37,24,95,13,54,23,228,24,389,35.764583333333334,139.828125,13121,足立区
533956164,111,853,4,4,1,1,28,194,1,2,16,55,6,16,7,32,24,269,35.764583333333334,139.834375,13121,足立区
533956171,87,762,8,31,0,0,18,116,1,3,11,28,5,10,2,19,6,177,35.760416666666664,139.84062500000002,13122,葛飾区
533956172,124,1449,9,29,1,2,26,265,0,0,18,42,4,8,10,42,18,515,35.760416666666664,139.846875,13122,葛飾区
533956173,125,1209,11,63,2,6,20,164,0,0,12,33,4,7,18,91,13,159,35.764583333333334,139.84062500000002,13122,葛飾区
533956174,590,7238,7,33,6,17,158,1444,11,409,62,246,26,221,129,785,56,1339,35.764583333333334,139.846875,13122,葛飾区
533956181,62,564,6,22,1,3,12,102,1,1,10,21,0,0,4,31,9,229,35.760416666666664,139.853125,13122,葛飾区
533956182,95,1378,14,65,0,0,17,158,0,0,7,13,5,8,8,68,13,295,35.760416666666664,139.859375,13122,葛飾区
533956183,230,2751,4,38,1,5,101,1419,5,62,21,54,7,12,32,552,11,179,35.764583333333334,139.853125,13122,葛飾区
533956184,48,327,9,34,1,1,6,101,0,0,9,20,5,15,2,7,6,78,35.764583333333334,139.859375,13122,葛飾区
533956191,84,1658,20,134,0,0,15,354,0,0,7,13,1,1,4,30,9,527,35.760416666666664,139.86562500000002,13122,葛飾区
533956192,95,843,15,204,1,2,22,77,2,10,6,11,3,5,4,17,9,190,35.760416666666664,139.87187500000002,13122,葛飾区
533956193,139,1943,9,90,2,3,30,238,4,99,12,20,5,22,15,172,19,351,35.764583333333334,139.86562500000002,13122,葛飾区
533956194,125,1035,18,185,2,19,20,92,5,66,21,36,12,44,7,25,10,144,35.764583333333334,139.87187500000002,13122,葛飾区
533956201,9,83,0,0,0,0,1,2,0,0,2,4,2,5,0,0,0,0,35.76875,139.753125,13121,足立区
533956202,14,50,3,23,0,0,2,5,0,0,0,0,0,0,5,12,0,0,35.76875,139.759375,13117,北区
533956203,4,501,1,476,0,0,0,0,0,0,0,0,0,0,2,15,0,0,35.77291666666667,139.753125,13121,足立区
533956204,82,650,12,73,0,0,12,56,0,0,5,9,0,0,5,14,5,179,35.77291666666667,139.759375,13121,足立区
533956211,106,742,18,136,1,1,20,143,0,0,6,41,5,77,7,25,14,136,35.76875,139.765625,13121,足立区
533956212,119,1074,20,130,0,0,22,187,0,0,19,46,1,1,7,79,18,327,35.76875,139.771875,13121,足立区
533956213,87,834,8,43,0,0,13,37,1,22,3,9,2,5,17,39,14,390,35.77291666666667,139.765625,13121,足立区
533956214,107,1991,15,118,0,0,24,539,3,29,6,35,3,6,13,209,15,784,35.77291666666667,139.771875,13121,足立区
533956221,136,619,28,160,0,0,23,105,3,25,17,39,1,4,10,19,10,71,35.76875,139.77812500000002,13121,足立区
533956222,145,808,41,205,0,0,27,253,1,30,15,59,1,2,9,39,6,59,35.76875,139.784375,13121,足立区
533956223,102,842,16,62,1,2,22,62,0,0,4,6,3,4,12,42,7,212,35.77291666666667,139.77812500000002,13121,足立区
533956224,234,2432,14,127,5,12,77,1108,3,20,16,53,7,54,40,574,14,115,35.77291666666667,139.784375,13121,足立区
533956231,170,789,46,214,1,13,37,166,2,19,12,30,3,11,11,25,10,149,35.76875,139.790625,13121,足立区
533956232,195,1437,30,188,0,0,55,373,1,1,20,63,6,13,21,184,14,151,35.76875,139.796875,13121,足立区
533956233,189,1686,14,59,2,2,46,219,0,0,12,21,4,182,26,86,27,333,35.77291666666667,139.790625,13121,足立区
533956234,238,2071,18,113,0,0,53,543,2,30,19,53,16,65,39,270,45,564,35.77291666666667,139.796875,13121,足立区
533956241,115,2018,10,62,0,0,29,218,0,0,7,16,9,45,14,977,15,406,35.76875,139.80312500000002,13121,足立区
533956242,146,1444,12,53,0,0,33,346,0,0,17,38,3,9,18,104,13,147,35.76875,139.80937500000002,13121,足立区
533956243,141,1586,14,161,4,19,31,206,0,0,14,47,6,26,14,101,11,305,35.77291666666667,139.80312500000002,13121,足立区
533956244,107,953,19,90,1,1,17,58,3,35,4,10,5,58,7,24,16,258,35.77291666666667,139.80937500000002,13121,足立区
533956251,102,829,15,92,3,5,16,225,3,10,8,19,2,106,10,48,13,118,35.76875,139.815625,13121,足立区
533956252,106,805,13,46,0,0,10,68,0,0,16,48,5,43,16,73,9,142,35.76875,139.821875,13121,足立区
533956253,127,623,19,118,0,0,25,144,2,13,23,64,5,12,11,25,6,31,35.77291666666667,139.815625,13121,足立区
533956254,72,1604,10,357,1,2,15,104,3,8,5,6,0,0,11,100,7,162,35.77291666666667,139.821875,13121,足立区
533956261,181,1349,23,233,2,3,40,239,4,29,16,44,7,30,18,137,15,107,35.76875,139.828125,13121,足立区
533956262,91,775,6,74,1,1,18,78,0,0,9,17,5,18,13,101,13,321,35.76875,139.834375,13121,足立区
533956263,96,1102,8,90,2,6,28,247,1,3,9,28,3,7,7,80,5,241,35.77291666666667,139.828125,13121,足立区
533956264,135,1471,11,195,5,12,24,179,1,2,18,85,8,29,4,15,14,539,35.77291666666667,139.834375,13121,足立区
533956271,136,837,4,36,1,1,36,193,2,16,19,64,4,22,13,52,15,249,35.76875,139.84062500000002,13121,足立区
533956272,368,2561,8,23,1,3,85,494,5,124,42,125,10,39,94,836,38,296,35.76875,139.846875,13122,葛飾区
533956273,110,950,11,79,1,3,22,139,2,13,9,15,2,6,10,31,13,313,35.77291666666667,139.84062500000002,13121,足立区
533956274,36,2125,3,38,0,0,6,68,1,14,6,28,3,4,2,76,5,535,35.77291666666667,139.846875,13121,足立区
533956281,83,528,7,27,0,0,11,31,0,0,12,40,6,11,7,38,8,137,35.76875,139.853125,13121,足立区
533956282,22,500,3,14,0,0,5,124,0,0,2,3,3,266,1,5,0,0,35.76875,139.859375,13122,葛飾区
533956283,34,118,4,23,1,2,5,8,0,0,1,3,2,4,3,6,0,0,35.77291666666667,139.853125,13121,足立区
533956284,18,77,5,28,0,0,3,5,0,0,1,5,1,2,3,12,0,0,35.77291666666667,139.859375,13122,葛飾区
533956291,165,1220,4,7,3,5,42,413,2,26,21,41,4,9,22,187,14,106,35.76875,139.86562500000002,13122,葛飾区
533956292,512,4408,7,66,1,4,126,1170,7,42,42,140,17,57,105,977,79,776,35.76875,139.87187500000002,13122,葛飾区
533956293,83,1967,4,18,1,2,13,104,1,13,5,18,3,8,10,71,21,422,35.77291666666667,139.86562500000002,13122,葛飾区
533956294,187,1331,7,46,2,4,38,161,2,13,10,26,11,34,30,105,40,669,35.77291666666667,139.87187500000002,13122,葛飾区
533956301,135,1689,27,328,1,2,36,527,0,0,10,44,1,7,12,185,3,59,35.77708333333333,139.753125,13121,足立区
533956302,151,1434,22,101,2,40,43,422,1,17,14,61,4,51,7,107,7,185,35.77708333333333,139.759375,13121,足立区
533956303,143,1271,16,105,1,2,46,453,1,12,8,22,3,5,9,75,6,92,35.78125,139.753125,13121,足立区
533956304,201,1611,25,117,0,0,51,318,1,1,11,52,6,12,20,82,11,115,35.78125,139.759375,13121,足立区
533956311,77,839,12,52,0,0,29,250,0,0,5,13,2,2,7,109,3,44,35.77708333333333,139.765625,13121,足立区
533956312,127,1234,15,104,1,4,31,379,0,0,6,9,3,11,22,192,10,121,35.77708333333333,139.771875,13121,足立区
533956313,98,874,3,6,0,0,31,181,1,25,5,39,1,1,14,57,11,408,35.78125,139.765625,13121,足立区
533956314,137,2001,11,282,0,0,50,449,1,4,6,23,4,9,15,222,15,568,35.78125,139.771875,13121,足立区
533956321,179,1499,12,50,4,18,50,300,1,2,15,78,3,6,33,143,23,710,35.77708333333333,139.77812500000002,13121,足立区
533956322,250,2253,7,15,3,9,52,373,4,67,33,110,26,89,26,75,30,280,35.77708333333333,139.784375,13121,足立区
533956323,143,1192,10,45,0,0,29,268,2,31,11,36,6,21,24,174,22,376,35.78125,139.77812500000002,13121,足立区
533956324,128,660,10,25,1,4,28,81,1,12,12,33,6,27,18,132,11,139,35.78125,139.784375,13121,足立区
533956331,320,4348,3,42,3,26,72,1166,7,141,28,216,13,350,54,429,38,867,35.77708333333333,139.790625,13121,足立区
533956332,136,1212,13,122,1,2,34,201,2,24,10,17,6,18,15,71,13,373,35.77708333333333,139.796875,13121,足立区
533956333,109,529,7,56,2,3,19,86,1,4,8,55,7,13,10,39,15,94,35.78125,139.790625,13121,足立区
533956334,116,945,15,54,0,0,28,371,1,11,14,35,4,10,14,189,7,115,35.78125,139.796875,13121,足立区
533956341,164,5666,16,257,1,1,27,660,1,8,34,114,7,36,8,90,23,694,35.77708333333333,139.80312500000002,13121,足立区
533956342,120,1339,24,151,1,4,23,251,0,0,4,12,7,83,13,172,8,140,35.77708333333333,139.80937500000002,13121,足立区
533956343,96,812,17,56,2,4,23,217,0,0,5,12,1,2,13,154,8,199,35.78125,139.80312500000002,13121,足立区
533956344,124,1297,21,185,0,0,25,457,0,0,5,19,4,11,4,42,12,247,35.78125,139.80937500000002,13121,足立区
533956351,90,674,7,36,2,6,22,185,1,22,7,16,5,16,11,92,7,46,35.77708333333333,139.815625,13121,足立区
533956352,84,1124,3,9,0,0,23,276,0,0,10,42,2,11,6,191,7,120,35.77708333333333,139.821875,13121,足立区
533956353,110,1148,6,65,1,2,28,189,2,16,9,23,2,4,13,98,18,419,35.78125,139.815625,13121,足立区
533956354,50,666,2,31,0,0,10,223,2,60,4,9,1,5,3,12,6,84,35.78125,139.821875,13121,足立区
533956361,128,1623,5,14,2,6,41,394,0,0,20,70,1,1,4,123,6,74,35.77708333333333,139.828125,13121,足立区
533956362,171,1432,14,98,2,4,51,545,1,6,12,61,2,7,20,157,23,292,35.77708333333333,139.834375,13121,足立区
533956363,107,1108,12,87,0,0,29,361,0,0,18,81,2,3,6,55,5,68,35.78125,139.828125,13121,足立区
533956364,72,1083,4,62,1,2,18,90,0,0,1,3,4,46,3,25,8,313,35.78125,139.834375,13121,足立区
533956371,137,1078,15,43,1,1,33,289,0,0,9,20,8,25,13,144,14,173,35.77708333333333,139.84062500000002,13121,足立区
533956372,73,626,1,4,0,0,19,126,0,0,6,15,3,5,5,27,10,105,35.77708333333333,139.846875,13121,足立区
533956373,107,972,13,106,0,0,24,408,0,0,6,8,2,7,8,77,9,108,35.78125,139.84062500000002,13121,足立区
533956374,49,316,5,26,1,3,8,23,0,0,3,4,2,4,4,23,6,82,35.78125,139.846875,13121,足立区
533956381,43,172,12,37,1,1,3,11,2,4,7,15,0,0,3,8,1,43,35.77708333333333,139.853125,13122,葛飾区
533956382,118,642,16,51,0,0,23,87,0,0,4,8,0,0,16,29,19,176,35.77708333333333,139.859375,13122,葛飾区
533956383,87,702,15,60,0,0,23,148,0,0,6,11,2,24,1,61,8,103,35.78125,139.853125,13122,葛飾区
533956384,74,1095,9,34,2,8,21,225,0,0,4,49,3,4,3,29,2,19,35.78125,139.859375,13122,葛飾区
533956391,55,323,0,0,0,0,8,32,0,0,2,5,4,15,11,30,8,88,35.77708333333333,139.86562500000002,13122,葛飾区
533956392,72,534,7,19,3,3,14,71,1,18,5,15,6,36,3,38,10,118,35.77708333333333,139.87187500000002,13122,葛飾区
533956393,108,1021,13,38,1,2,26,221,1,11,6,15,3,8,10,71,16,332,35.78125,139.86562500000002,13122,葛飾区
533956394,10,34,0,0,0,0,1,2,0,0,3,12,0,0,0,0,0,0,35.78125,139.87187500000002,13122,葛飾区
533956401,95,1162,8,59,0,0,24,154,1,25,5,16,2,9,7,54,9,338,35.78541666666666,139.753125,13121,足立区
533956402,152,997,27,115,0,0,32,169,1,1,9,22,3,7,5,46,6,45,35.78541666666666,139.759375,13121,足立区
533956404,156,1216,16,135,0,0,36,240,2,23,7,14,5,10,15,75,4,33,35.78958333333333,139.759375,13121,足立区
533956411,144,1284,19,124,0,0,27,313,0,0,8,14,1,4,9,50,10,74,35.78541666666666,139.765625,13121,足立区
533956412,129,957,12,86,2,2,30,269,0,0,15,51,3,5,9,54,14,153,35.78541666666666,139.771875,13121,足立区
533956413,132,1088,19,141,0,0,28,274,0,0,8,37,5,9,3,15,12,317,35.78958333333333,139.765625,13121,足立区
533956414,133,867,22,154,1,4,30,222,1,2,6,13,2,6,5,25,12,129,35.78958333333333,139.771875,13121,足立区
533956421,153,1677,20,176,0,0,37,229,1,8,9,50,5,12,11,132,23,842,35.78541666666666,139.77812500000002,13121,足立区
533956422,108,943,8,32,1,2,23,265,0,0,15,41,5,27,10,93,12,214,35.78541666666666,139.784375,13121,足立区
533956423,64,699,12,42,1,2,11,112,0,0,1,2,3,16,5,20,6,78,35.78958333333333,139.77812500000002,13121,足立区
533956424,89,822,9,65,2,4,17,208,2,13,10,20,1,2,4,55,9,239,35.78958333333333,139.784375,13121,足立区
533956431,84,574,6,43,0,0,18,86,0,0,13,30,6,24,6,11,8,242,35.78541666666666,139.790625,13121,足立区
533956432,81,646,8,167,0,0,17,67,1,13,9,15,3,9,8,26,8,108,35.78541666666666,139.796875,13121,足立区
533956433,76,428,3,5,0,0,14,97,0,0,8,32,3,15,10,46,8,51,35.78958333333333,139.790625,13121,足立区
533956434,119,1055,6,76,0,0,23,174,2,45,18,67,7,114,11,37,20,339,35.78958333333333,139.796875,13121,足立区
533956441,95,950,8,30,0,0,24,207,1,20,4,33,1,2,9,85,15,211,35.78541666666666,139.80312500000002,13121,足立区
533956442,117,718,24,87,1,1,23,122,0,0,8,16,1,18,14,87,5,96,35.78541666666666,139.80937500000002,13121,足立区
533956443,109,1723,4,18,2,4,34,300,0,0,5,112,5,9,6,46,9,188,35.78958333333333,139.80312500000002,13121,足立区
533956444,141,1524,13,114,1,9,37,497,1,15,5,35,3,11,13,130,18,271,35.78958333333333,139.80937500000002,13121,足立区
533956451,113,803,12,46,0,0,27,157,0,0,4,8,3,18,9,38,13,160,35.78541666666666,139.815625,13121,足立区
533956452,120,1119,14,79,0,0,18,326,3,26,13,46,5,34,11,70,17,257,35.78541666666666,139.821875,13121,足立区
533956453,115,924,10,68,1,3,31,266,2,10,8,48,1,2,9,81,12,146,35.78958333333333,139.815625,13121,足立区
533956454,173,1308,32,124,0,0,35,201,0,0,5,66,7,102,14,129,12,193,35.78958333333333,139.821875,13121,足立区
533956461,71,2167,18,789,0,0,6,934,0,0,3,5,2,10,1,4,0,0,35.78541666666666,139.828125,13121,足立区
533956462,90,614,14,57,0,0,20,111,0,0,4,28,3,10,16,50,8,144,35.78541666666666,139.834375,13121,足立区
533956463,94,595,27,174,0,0,13,86,0,0,3,14,1,4,4,20,6,36,35.78958333333333,139.828125,13121,足立区
533956464,121,901,18,85,0,0,18,138,0,0,13,26,1,1,12,42,13,227,35.78958333333333,139.834375,13121,足立区
533956471,130,1053,12,68,2,19,22,146,3,41,5,8,5,13,12,39,7,182,35.78541666666666,139.84062500000002,13121,足立区
533956472,57,387,6,29,2,4,6,51,0,0,7,18,2,7,1,14,4,80,35.78541666666666,139.846875,13122,葛飾区
533956473,110,1083,6,95,0,0,32,266,0,0,5,19,2,2,11,78,10,222,35.78958333333333,139.84062500000002,13121,足立区
533956474,43,342,11,31,0,0,6,37,0,0,1,1,0,0,2,15,3,68,35.78958333333333,139.846875,13122,葛飾区
533956481,121,845,17,75,1,3,19,171,2,23,4,17,3,13,7,20,12,113,35.78541666666666,139.853125,13122,葛飾区
533956482,93,1090,12,62,1,1,18,421,1,9,1,27,3,14,6,28,11,181,35.78541666666666,139.859375,13122,葛飾区
533956483,58,502,12,50,0,0,8,29,0,0,1,11,1,1,2,12,6,121,35.78958333333333,139.853125,13122,葛飾区
533956484,86,505,12,62,0,0,20,107,0,0,8,21,0,0,6,9,6,59,35.78958333333333,139.859375,13122,葛飾区
533956491,79,558,13,47,0,0,13,101,0,0,8,23,2,5,6,56,10,112,35.78541666666666,139.86562500000002,13122,葛飾区
533956493,61,399,5,37,0,0,7,56,0,0,11,23,0,0,6,34,8,73,35.78958333333333,139.86562500000002,13122,葛飾区
533956511,95,654,36,164,1,35,16,95,0,0,1,1,2,2,4,17,4,26,35.793749999999996,139.765625,13121,足立区
533956512,31,283,7,37,0,0,8,24,0,0,0,0,1,3,1,30,1,1,35.793749999999996,139.771875,13121,足立区
533956513,78,1831,1,3,0,0,35,1072,7,38,2,26,0,0,2,4,1,3,35.797916666666666,139.765625,13121,足立区
533956514,1,4,0,0,0,0,0,0,0,0,0,0,0,0,0,0,0,0,35.797916666666666,139.771875,13121,足立区
533956521,88,691,9,20,0,0,22,196,0,0,8,28,2,4,8,36,4,24,35.793749999999996,139.77812500000002,13121,足立区
533956522,68,415,3,9,2,2,10,36,3,6,11,23,1,1,9,31,8,202,35.793749999999996,139.784375,13121,足立区
533956523,82,567,15,101,2,9,12,58,0,0,8,37,4,16,5,15,3,26,35.797916666666666,139.77812500000002,13121,足立区
533956524,78,319,10,77,2,5,12,33,0,0,18,45,3,6,7,22,8,91,35.797916666666666,139.784375,13121,足立区
533956531,397,3210,4,10,0,0,83,625,7,116,39,180,13,147,108,933,46,478,35.793749999999996,139.790625,13121,足立区
533956532,300,3507,6,37,2,14,74,1052,11,311,33,119,10,36,33,361,46,667,35.793749999999996,139.796875,13121,足立区
533956533,95,819,1,3,1,1,19,133,2,6,15,51,5,20,14,70,15,220,35.797916666666666,139.790625,13121,足立区
533956534,115,928,8,48,2,2,21,103,0,0,17,34,3,13,11,59,12,107,35.797916666666666,139.796875,13121,足立区
533956541,128,2670,7,259,2,5,34,374,10,178,7,49,6,43,16,238,19,1144,35.793749999999996,139.80312500000002,13121,足立区
533956542,112,1360,10,78,0,0,40,594,1,16,5,45,4,19,9,87,12,227,35.793749999999996,139.80937500000002,13121,足立区
533956543,96,1091,14,135,0,0,23,211,0,0,20,73,5,15,6,155,5,363,35.797916666666666,139.80312500000002,13121,足立区
533956544,146,1257,8,43,0,0,29,194,1,1,15,42,3,5,17,63,22,515,35.797916666666666,139.80937500000002,13121,足立区
533956551,116,917,12,92,0,0,26,191,1,5,3,13,1,4,8,52,9,157,35.793749999999996,139.815625,13121,足立区
533956552,106,796,12,72,0,0,24,130,0,0,9,29,3,10,4,21,14,150,35.793749999999996,139.821875,13121,足立区
533956553,69,861,5,28,1,3,17,116,0,0,2,11,3,19,6,29,5,57,35.797916666666666,139.815625,13121,足立区
533956561,43,263,5,20,0,0,11,100,1,2,2,4,0,0,2,9,2,4,35.793749999999996,139.828125,13121,足立区
533956562,104,864,28,263,1,6,18,231,1,3,6,17,1,1,5,12,7,89,35.793749999999996,139.834375,13121,足立区
533956571,86,1441,17,108,0,0,15,796,1,6,5,18,1,1,5,22,2,3,35.793749999999996,139.84062500000002,13121,足立区
533956572,25,396,4,13,0,0,5,58,0,0,1,4,0,0,0,0,8,290,35.793749999999996,139.846875,13122,葛飾区
533956573,77,696,11,49,0,0,8,24,0,0,5,40,2,5,2,72,5,110,35.797916666666666,139.84062500000002,13121,足立区
533956582,14,38,0,0,0,0,5,17,0,0,5,12,1,2,0,0,0,0,35.793749999999996,139.859375,13122,葛飾区
533956591,12,33,1,2,0,0,2,6,0,0,4,9,1,1,0,0,1,2,35.793749999999996,139.86562500000002,13122,葛飾区
533956602,97,2069,16,138,0,0,23,610,1,1,2,10,1,32,12,101,0,0,35.80208333333333,139.759375,13121,足立区
533956603,51,703,16,95,0,0,3,20,0,0,2,7,0,0,2,28,1,103,35.80625,139.753125,13121,足立区
533956604,101,1164,19,119,0,0,24,253,0,0,6,26,0,0,6,25,1,47,35.80625,139.759375,13121,足立区
533956611,65,1359,5,21,1,4,20,225,0,0,3,9,1,3,0,0,1,20,35.80208333333333,139.765625,13121,足立区
533956612,43,519,3,9,0,0,7,95,0,0,5,12,0,0,2,54,4,163,35.80208333333333,139.771875,13121,足立区
533956613,75,785,6,14,0,0,14,215,2,32,14,33,5,28,5,24,7,170,35.80625,139.765625,13121,足立区
533956614,106,803,4,21,1,2,24,183,1,3,12,34,5,51,4,43,11,174,35.80625,139.771875,13121,足立区
533956621,85,1140,16,139,1,8,17,238,2,8,5,10,3,8,4,433,5,39,35.80208333333333,139.77812500000002,13121,足立区
533956622,94,1086,3,9,0,0,24,388,1,16,8,25,2,24,12,108,10,255,35.80208333333333,139.784375,13121,足立区
533956623,85,484,6,21,1,2,13,85,0,0,11,25,1,2,6,21,6,77,35.80625,139.77812500000002,13121,足立区
533956624,55,338,6,25,1,7,9,60,0,0,1,8,1,1,3,29,4,68,35.80625,139.784375,13121,足立区
533956631,107,851,9,53,0,0,22,96,0,0,6,14,2,20,5,85,8,213,35.80208333333333,139.790625,13121,足立区
533956632,67,1122,2,6,0,0,12,115,0,0,7,16,2,3,7,27,17,475,35.80208333333333,139.796875,13121,足立区
533956641,81,756,16,126,0,0,12,167,1,5,9,25,0,0,4,6,8,173,35.80208333333333,139.80312500000002,13121,足立区
533956642,76,870,4,35,0,0,14,176,2,30,7,26,2,10,6,31,11,242,35.80208333333333,139.80937500000002,13121,足立区
533956643,85,1408,9,44,2,4,18,137,1,1,3,33,1,1,10,88,16,760,35.80625,139.80312500000002,13121,足立区
533956644,112,1344,0,0,0,0,27,252,4,16,6,185,2,8,13,104,24,552,35.80625,139.80937500000002,13121,足立区
533956651,66,551,9,91,0,0,16,82,0,0,0,0,1,2,1,1,6,94,35.80208333333333,139.815625,13121,足立区
533956653,44,428,2,20,0,0,7,28,1,6,2,3,1,1,1,3,8,142,35.80625,139.815625,13121,足立区
533956701,49,965,6,92,0,0,13,115,0,0,5,31,0,0,3,25,0,0,35.81041666666666,139.753125,13121,足立区
533956702,109,1070,36,325,0,0,20,162,0,0,1,3,1,2,10,44,3,148,35.81041666666666,139.759375,13121,足立区
533956711,112,1061,4,17,1,8,28,181,1,18,3,50,0,0,8,26,13,127,35.81041666666666,139.765625,13121,足立区
533956712,119,721,11,66,1,3,18,63,2,10,12,30,1,3,14,65,4,58,35.81041666666666,139.771875,13121,足立区
533956713,58,491,13,84,0,0,3,13,1,1,3,6,2,10,4,14,2,65,35.81458333333333,139.765625,13121,足立区
533956714,54,360,8,43,0,0,10,108,1,1,2,6,1,3,4,34,3,25,35.81458333333333,139.771875,13121,足立区
533956752,24,211,4,18,1,2,5,39,0,0,2,3,1,3,1,2,1,2,35.81041666666666,139.821875,13121,足立区
533956754,14,267,0,0,0,0,4,41,0,0,0,0,0,0,2,3,2,133,35.81458333333333,139.821875,13121,足立区
533957001,123,1024,11,32,2,12,23,362,2,14,6,34,5,10,14,85,18,164,35.75208333333333,139.878125,13122,葛飾区
533957002,32,140,4,11,1,5,9,29,0,0,5,14,0,0,0,0,4,43,35.75208333333333,139.884375,13122,葛飾区
533957003,195,1232,9,62,0,0,66,399,1,3,20,83,8,25,23,94,21,216,35.75625,139.878125,13122,葛飾区
533957004,2,2,0,0,0,0,0,0,0,0,1,1,1,1,0,0,0,0,35.75625,139.884375,13122,葛飾区
533957101,28,311,2,20,0,0,6,12,1,3,6,5,2,23,3,53,2,4,35.760416666666664,139.878125,13122,葛飾区
533957103,8,20,2,4,0,0,0,0,0,0,1,1,0,0,1,7,0,0,35.764583333333334,139.878125,13122,葛飾区
533957201,54,315,3,11,0,0,10,50,2,46,12,34,8,22,1,7,4,32,35.76875,139.878125,13122,葛飾区
533957203,83,698,12,35,1,1,11,46,1,2,11,22,5,11,7,11,4,341,35.77291666666667,139.878125,13122,葛飾区
533957301,99,539,10,49,0,0,19,91,1,1,9,25,4,9,8,43,14,165,35.77708333333333,139.878125,13122,葛飾区
533957302,41,568,7,39,1,1,13,74,0,0,4,5,0,0,1,14,3,223,35.77708333333333,139.884375,13122,葛飾区
533957303,19,67,4,19,1,1,3,6,0,0,1,6,0,0,0,0,3,13,35.78125,139.878125,13122,葛飾区
533957304,22,238,5,20,0,0,4,11,0,0,0,0,0,0,1,10,0,0,35.78125,139.884375,13122,葛飾区
533957313,6,31,0,0,0,0,1,6,0,0,1,1,0,0,1,1,0,0,35.78125,139.890625,13122,葛飾区
