mesh_code,ward_ja,lat,lon,pop_total,hh_general,hh_single,hh_single_20s,hh_elderly_single,hh_with_under6,hh_in_housing,hh_owned,hh_private_rent,hh_public_rent,hh_detached,hh_apartment,hh_apt_15plus_bldg
5339254634,大田区,35.540625,139.7046875,504,275,136.0,17.0,55.0,10.0,273.0,110.0,60.0,96.0,19.0,254.0,0.0
5339254643,大田区,35.540625,139.7078125,1012,644,454.0,138.0,40.0,26.0,640.0,122.0,449.0,0.0,116.0,520.0,0.0
5339254644,大田区,35.540625,139.7109375,1059,534,254.0,36.0,72.0,38.0,531.0,278.0,189.0,36.0,134.0,395.0,0.0
5339254733,大田区,35.540625,139.7140625,313,143,63.0,6.0,2.0,25.0,143.0,1.0,0.0,0.0,1.0,142.0,0.0
5339255611,大田区,35.54270833333333,139.7015625,329,173,104.0,86.0,4.0,8.0,126.0,73.0,11.0,0.0,14.0,112.0,0.0
5339255612,大田区,35.54270833333333,139.7046875,1712,782,325.0,66.0,59.0,73.0,773.0,407.0,317.0,0.0,109.0,654.0,153.0
5339255613,大田区,35.54479166666666,139.7015625,448,173,48.0,6.0,13.0,38.0,173.0,157.0,13.0,0.0,47.0,126.0,114.0
5339255614,大田区,35.54479166666666,139.7046875,1722,729,263.0,38.0,98.0,58.0,729.0,457.0,145.0,65.0,171.0,558.0,0.0
5339255621,大田区,35.54270833333333,139.7078125,1928,939,511.0,162.0,116.0,64.0,878.0,354.0,373.0,0.0,203.0,669.0,0.0
5339255622,大田区,35.54270833333333,139.7109375,1199,663,380.0,87.0,63.0,35.0,659.0,292.0,297.0,0.0,198.0,456.0,0.0
5339255623,大田区,35.54479166666666,139.7078125,1513,642,294.0,101.0,40.0,35.0,623.0,351.0,223.0,3.0,173.0,450.0,0.0
5339255624,大田区,35.54479166666666,139.7109375,1745,891,402.0,53.0,144.0,53.0,881.0,443.0,248.0,150.0,104.0,775.0,0.0
5339255632,大田区,35.546875,139.7046875,1214,570,246.0,49.0,59.0,51.0,567.0,320.0,202.0,0.0,251.0,313.0,0.0
5339255634,大田区,35.54895833333333,139.7046875,517,239,105.0,19.0,42.0,23.0,239.0,149.0,69.0,0.0,149.0,88.0,0.0
5339255641,大田区,35.546875,139.7078125,2869,1083,251.0,31.0,62.0,418.0,1072.0,842.0,176.0,0.0,145.0,919.0,127.0
5339255642,大田区,35.546875,139.7109375,1506,748,357.0,86.0,80.0,68.0,735.0,354.0,228.0,89.0,179.0,552.0,24.0
5339255643,大田区,35.54895833333333,139.7078125,1340,617,248.0,39.0,91.0,50.0,604.0,357.0,210.0,0.0,302.0,299.0,0.0
5339255644,大田区,35.54895833333333,139.7109375,1561,748,379.0,72.0,94.0,40.0,744.0,391.0,294.0,0.0,277.0,465.0,0.0
5339255711,大田区,35.54270833333333,139.7140625,662,327,135.0,42.0,39.0,17.0,323.0,181.0,106.0,0.0,50.0,273.0,0.0
5339255712,大田区,35.54270833333333,139.71718750000002,2020,952,366.0,30.0,179.0,58.0,949.0,552.0,176.0,178.0,62.0,887.0,0.0
5339255713,大田区,35.54479166666666,139.7140625,1107,657,398.0,81.0,118.0,23.0,636.0,357.0,215.0,0.0,171.0,460.0,0.0
5339255714,大田区,35.54479166666666,139.71718750000002,1232,559,215.0,28.0,50.0,64.0,557.0,278.0,140.0,95.0,98.0,456.0,0.0
5339255721,大田区,35.54270833333333,139.7203125,270,116,40.0,11.0,6.0,7.0,98.0,81.0,12.0,0.0,11.0,83.0,0.0
5339255723,大田区,35.54479166666666,139.7203125,2349,1136,440.0,46.0,164.0,91.0,1134.0,337.0,125.0,646.0,69.0,1063.0,0.0
5339255724,大田区,35.54479166666666,139.72343750000002,1284,696,329.0,10.0,191.0,38.0,694.0,93.0,36.0,553.0,33.0,661.0,0.0
5339255731,大田区,35.546875,139.7140625,1504,815,423.0,154.0,77.0,64.0,803.0,380.0,266.0,0.0,64.0,735.0,0.0
5339255732,大田区,35.546875,139.71718750000002,1156,649,386.0,157.0,51.0,42.0,642.0,178.0,195.0,0.0,104.0,536.0,0.0
5339255733,大田区,35.54895833333333,139.7140625,1460,852,508.0,95.0,112.0,41.0,845.0,273.0,521.0,0.0,119.0,726.0,0.0
5339255734,大田区,35.54895833333333,139.71718750000002,1527,802,415.0,54.0,121.0,63.0,800.0,350.0,399.0,0.0,266.0,525.0,0.0
5339255741,大田区,35.546875,139.7203125,1820,883,414.0,75.0,89.0,51.0,881.0,333.0,348.0,162.0,255.0,623.0,0.0
5339255742,大田区,35.546875,139.72343750000002,1393,677,290.0,54.0,72.0,40.0,675.0,316.0,198.0,118.0,209.0,465.0,0.0
5339255743,大田区,35.54895833333333,139.7203125,2045,1175,700.0,179.0,137.0,40.0,1145.0,431.0,470.0,58.0,249.0,863.0,0.0
5339255744,大田区,35.54895833333333,139.72343750000002,1908,863,337.0,63.0,100.0,62.0,863.0,507.0,302.0,1.0,285.0,564.0,0.0
5339255813,大田区,35.54479166666666,139.7265625,799,375,155.0,14.0,68.0,27.0,373.0,155.0,83.0,114.0,87.0,286.0,0.0
5339255814,大田区,35.54479166666666,139.7296875,481,209,74.0,9.0,18.0,33.0,208.0,122.0,70.0,0.0,58.0,141.0,0.0
5339255823,大田区,35.54479166666666,139.7328125,168,67,14.0,1.0,6.0,10.0,66.0,54.0,10.0,0.0,16.0,49.0,0.0
5339255824,大田区,35.54479166666666,139.7359375,230,92,20.0,0.0,12.0,5.0,90.0,83.0,7.0,0.0,11.0,79.0,0.0
5339255831,大田区,35.546875,139.7265625,1625,790,366.0,56.0,77.0,73.0,781.0,231.0,182.0,212.0,86.0,694.0,0.0
5339255832,大田区,35.546875,139.7296875,2137,991,466.0,141.0,55.0,111.0,977.0,416.0,391.0,48.0,167.0,806.0,25.0
5339255833,大田区,35.54895833333333,139.7265625,888,419,187.0,41.0,60.0,35.0,407.0,254.0,131.0,0.0,244.0,152.0,0.0
5339255834,大田区,35.54895833333333,139.7296875,1311,750,461.0,141.0,64.0,40.0,743.0,291.0,331.0,25.0,164.0,579.0,69.0
5339255841,大田区,35.546875,139.7328125,1856,779,248.0,46.0,111.0,59.0,730.0,471.0,128.0,118.0,152.0,577.0,82.0
5339255842,大田区,35.546875,139.7359375,824,356,111.0,9.0,39.0,30.0,353.0,251.0,93.0,0.0,121.0,232.0,0.0
5339255843,大田区,35.54895833333333,139.7328125,1419,651,225.0,21.0,145.0,33.0,645.0,272.0,40.0,285.0,36.0,608.0,0.0
5339255844,大田区,35.54895833333333,139.7359375,1151,534,197.0,29.0,92.0,38.0,526.0,289.0,127.0,82.0,64.0,462.0,0.0
5339255923,大田区,35.54479166666666,139.7453125,666,336,161.0,27.0,63.0,11.0,332.0,180.0,135.0,0.0,189.0,143.0,0.0
5339255924,大田区,35.54479166666666,139.74843750000002,332,169,85.0,24.0,16.0,5.0,166.0,85.0,70.0,0.0,84.0,82.0,0.0
5339255931,大田区,35.546875,139.73906250000002,72,39,21.0,7.0,2.0,1.0,38.0,14.0,22.0,0.0,11.0,27.0,0.0
5339255932,大田区,35.546875,139.74218750000003,968,483,237.0,48.0,69.0,19.0,476.0,265.0,179.0,0.0,277.0,192.0,0.0
5339255933,大田区,35.54895833333333,139.73906250000002,250,140,82.0,17.0,8.0,9.0,139.0,26.0,107.0,0.0,24.0,115.0,0.0
5339255934,大田区,35.54895833333333,139.74218750000003,1477,788,444.0,134.0,93.0,47.0,701.0,266.0,346.0,0.0,235.0,463.0,0.0
5339255941,大田区,35.546875,139.7453125,1400,743,383.0,100.0,108.0,27.0,737.0,420.0,256.0,0.0,427.0,305.0,0.0
5339255942,大田区,35.546875,139.74843750000002,1438,778,427.0,122.0,108.0,30.0,776.0,405.0,320.0,0.0,400.0,372.0,0.0
5339255943,大田区,35.54895833333333,139.7453125,1459,926,658.0,208.0,106.0,26.0,908.0,285.0,495.0,31.0,228.0,675.0,0.0
5339255944,大田区,35.54895833333333,139.74843750000002,1472,889,552.0,107.0,185.0,33.0,885.0,236.0,375.0,192.0,175.0,709.0,0.0
5339256534,大田区,35.557291666666664,139.69218750000002,60,34,18.0,2.0,8.0,1.0,34.0,23.0,10.0,0.0,24.0,10.0,0.0
5339256543,大田区,35.557291666666664,139.6953125,499,215,82.0,7.0,16.0,6.0,215.0,130.0,80.0,0.0,68.0,147.0,0.0
5339256544,大田区,35.557291666666664,139.6984375,1063,479,293.0,92.0,34.0,28.0,476.0,218.0,133.0,0.0,30.0,445.0,0.0
5339256612,大田区,35.55104166666666,139.7046875,551,262,106.0,10.0,46.0,16.0,261.0,133.0,101.0,23.0,129.0,132.0,0.0
5339256614,大田区,35.553124999999994,139.7046875,929,435,178.0,21.0,60.0,33.0,432.0,280.0,138.0,0.0,218.0,208.0,0.0
5339256621,大田区,35.55104166666666,139.7078125,1385,754,408.0,97.0,109.0,46.0,749.0,373.0,305.0,0.0,345.0,400.0,0.0
5339256622,大田区,35.55104166666666,139.7109375,1314,721,398.0,62.0,127.0,34.0,719.0,287.0,394.0,0.0,287.0,429.0,0.0
5339256623,大田区,35.553124999999994,139.7078125,1698,828,381.0,43.0,113.0,55.0,828.0,444.0,350.0,0.0,391.0,431.0,0.0
5339256624,大田区,35.553124999999994,139.7109375,1494,773,371.0,38.0,147.0,38.0,765.0,388.0,263.0,92.0,257.0,503.0,0.0
5339256631,大田区,35.55520833333333,139.7015625,918,390,85.0,3.0,47.0,31.0,390.0,338.0,45.0,0.0,30.0,360.0,0.0
5339256632,大田区,35.55520833333333,139.7046875,2406,926,184.0,10.0,74.0,117.0,924.0,324.0,117.0,465.0,213.0,708.0,390.0
5339256633,大田区,35.557291666666664,139.7015625,1892,871,303.0,36.0,82.0,94.0,870.0,435.0,254.0,132.0,160.0,691.0,0.0
5339256634,大田区,35.557291666666664,139.7046875,1918,914,371.0,58.0,89.0,63.0,909.0,501.0,288.0,68.0,240.0,667.0,0.0
5339256641,大田区,35.55520833333333,139.7078125,1505,697,295.0,45.0,83.0,59.0,695.0,418.0,254.0,0.0,265.0,422.0,0.0
5339256642,大田区,35.55520833333333,139.7109375,800,292,93.0,19.0,35.0,12.0,286.0,227.0,33.0,12.0,30.0,255.0,0.0
5339256643,大田区,35.557291666666664,139.7078125,1211,608,293.0,48.0,69.0,40.0,603.0,324.0,256.0,0.0,296.0,305.0,0.0
5339256644,大田区,35.557291666666664,139.7109375,1231,708,425.0,132.0,65.0,32.0,655.0,325.0,191.0,0.0,65.0,589.0,0.0
5339256711,大田区,35.55104166666666,139.7140625,1537,935,608.0,185.0,97.0,49.0,913.0,302.0,530.0,0.0,259.0,643.0,0.0
5339256712,大田区,35.55104166666666,139.71718750000002,1092,644,394.0,67.0,46.0,26.0,639.0,188.0,410.0,0.0,114.0,522.0,0.0
5339256713,大田区,35.553124999999994,139.7140625,1683,1013,651.0,114.0,128.0,33.0,1006.0,349.0,575.0,0.0,313.0,684.0,0.0
5339256714,大田区,35.553124999999994,139.71718750000002,1206,788,544.0,136.0,94.0,32.0,747.0,247.0,464.0,0.0,135.0,608.0,0.0
5339256721,大田区,35.55104166666666,139.7203125,1715,866,426.0,82.0,122.0,51.0,863.0,434.0,381.0,0.0,337.0,515.0,0.0
5339256722,大田区,35.55104166666666,139.72343750000002,1456,745,359.0,85.0,115.0,40.0,729.0,338.0,336.0,5.0,218.0,509.0,0.0
5339256723,大田区,35.553124999999994,139.7203125,1840,733,297.0,80.0,76.0,61.0,732.0,427.0,193.0,43.0,232.0,498.0,0.0
5339256724,大田区,35.553124999999994,139.72343750000002,1788,1003,582.0,140.0,153.0,62.0,986.0,386.0,445.0,48.0,363.0,619.0,0.0
5339256731,大田区,35.55520833333333,139.7140625,2535,1077,389.0,51.0,150.0,66.0,1075.0,595.0,226.0,109.0,84.0,985.0,0.0
5339256732,大田区,35.55520833333333,139.71718750000002,2270,1142,572.0,110.0,183.0,46.0,1125.0,488.0,423.0,68.0,222.0,886.0,0.0
5339256733,大田区,35.557291666666664,139.7140625,407,173,64.0,26.0,8.0,11.0,167.0,113.0,33.0,0.0,29.0,137.0,0.0
5339256734,大田区,35.557291666666664,139.71718750000002,2044,1209,711.0,148.0,170.0,46.0,1194.0,308.0,478.0,269.0,166.0,1023.0,0.0
5339256741,大田区,35.55520833333333,139.7203125,1073,642,376.0,102.0,106.0,18.0,627.0,332.0,218.0,0.0,166.0,459.0,0.0
5339256742,大田区,35.55520833333333,139.72343750000002,1162,689,389.0,92.0,117.0,28.0,686.0,116.0,212.0,316.0,93.0,590.0,0.0
5339256743,大田区,35.557291666666664,139.7203125,1336,861,588.0,150.0,94.0,28.0,828.0,232.0,457.0,11.0,160.0,659.0,42.0
5339256744,大田区,35.557291666666664,139.72343750000002,1822,1259,922.0,298.0,116.0,38.0,1219.0,307.0,720.0,0.0,253.0,960.0,0.0
5339256811,大田区,35.55104166666666,139.7265625,1219,670,371.0,121.0,72.0,33.0,663.0,227.0,323.0,73.0,205.0,455.0,0.0
5339256812,大田区,35.55104166666666,139.7296875,2731,1390,690.0,208.0,133.0,88.0,1363.0,687.0,553.0,0.0,135.0,1224.0,516.0
5339256813,大田区,35.553124999999994,139.7265625,1621,938,539.0,135.0,140.0,44.0,936.0,354.0,526.0,7.0,329.0,582.0,0.0
5339256814,大田区,35.553124999999994,139.7296875,1744,1110,754.0,258.0,93.0,49.0,1086.0,284.0,710.0,0.0,175.0,907.0,16.0
5339256821,大田区,35.55104166666666,139.7328125,1384,781,445.0,88.0,138.0,34.0,763.0,264.0,288.0,152.0,150.0,610.0,0.0
5339256822,大田区,35.55104166666666,139.7359375,1290,683,377.0,136.0,61.0,36.0,649.0,183.0,310.0,21.0,121.0,525.0,0.0
5339256823,大田区,35.553124999999994,139.7328125,1694,894,507.0,183.0,91.0,63.0,871.0,297.0,489.0,0.0,127.0,738.0,0.0
5339256824,大田区,35.553124999999994,139.7359375,1657,968,635.0,287.0,58.0,31.0,963.0,299.0,489.0,0.0,161.0,796.0,0.0
5339256831,大田区,35.55520833333333,139.7265625,2089,1272,796.0,266.0,140.0,41.0,1263.0,459.0,491.0,65.0,248.0,1005.0,6.0
5339256832,大田区,35.55520833333333,139.7296875,1737,1008,582.0,140.0,71.0,82.0,996.0,390.0,525.0,0.0,158.0,834.0,307.0
5339256833,大田区,35.557291666666664,139.7265625,1381,906,628.0,195.0,90.0,27.0,890.0,214.0,557.0,28.0,219.0,666.0,0.0
5339256834,大田区,35.557291666666664,139.7296875,1934,1084,637.0,214.0,99.0,70.0,1037.0,346.0,561.0,0.0,246.0,790.0,0.0
5339256841,大田区,35.55520833333333,139.7328125,1525,821,417.0,106.0,88.0,50.0,820.0,292.0,480.0,0.0,270.0,536.0,0.0
5339256842,大田区,35.55520833333333,139.7359375,1552,901,554.0,203.0,90.0,29.0,856.0,308.0,433.0,0.0,221.0,630.0,0.0
5339256843,大田区,35.557291666666664,139.7328125,1514,845,497.0,157.0,80.0,46.0,840.0,229.0,527.0,0.0,228.0,609.0,0.0
5339256844,大田区,35.557291666666664,139.7359375,1471,880,568.0,269.0,75.0,32.0,877.0,180.0,350.0,82.0,136.0,741.0,0.0
5339256911,大田区,35.55104166666666,139.73906250000002,1223,753,500.0,218.0,33.0,25.0,708.0,151.0,424.0,0.0,69.0,638.0,0.0
5339256912,大田区,35.55104166666666,139.74218750000003,1045,505,228.0,68.0,34.0,22.0,504.0,268.0,209.0,0.0,61.0,442.0,0.0
5339256913,大田区,35.553124999999994,139.73906250000002,1488,879,558.0,154.0,108.0,41.0,869.0,287.0,398.0,46.0,77.0,790.0,112.0
5339256914,大田区,35.553124999999994,139.74218750000003,1585,1009,703.0,289.0,49.0,46.0,954.0,255.0,565.0,0.0,87.0,866.0,0.0
5339256921,大田区,35.55104166666666,139.7453125,1219,782,510.0,129.0,103.0,24.0,753.0,307.0,271.0,22.0,93.0,657.0,0.0
5339256922,大田区,35.55104166666666,139.74843750000002,862,590,422.0,154.0,60.0,20.0,586.0,168.0,278.0,19.0,104.0,480.0,0.0
5339256923,大田区,35.553124999999994,139.7453125,1156,746,507.0,210.0,45.0,30.0,692.0,285.0,303.0,0.0,71.0,618.0,0.0
5339256924,大田区,35.553124999999994,139.74843750000002,18,8,4.0,0.0,1.0,0.0,8.0,7.0,0.0,0.0,8.0,0.0,0.0
5339256931,大田区,35.55520833333333,139.73906250000002,1070,670,470.0,203.0,49.0,23.0,533.0,110.0,307.0,17.0,95.0,437.0,0.0
5339256932,大田区,35.55520833333333,139.74218750000003,1102,585,324.0,126.0,20.0,36.0,526.0,212.0,223.0,0.0,103.0,421.0,0.0
5339256933,大田区,35.557291666666664,139.73906250000002,1245,682,382.0,133.0,54.0,48.0,653.0,222.0,305.0,28.0,104.0,543.0,0.0
5339256934,大田区,35.557291666666664,139.74218750000003,1715,913,512.0,298.0,51.0,60.0,841.0,353.0,263.0,0.0,155.0,686.0,0.0
5339256941,大田区,35.55520833333333,139.7453125,776,373,173.0,30.0,36.0,14.0,372.0,230.0,115.0,0.0,42.0,330.0,0.0
5339256942,大田区,35.55520833333333,139.74843750000002,16,7,2.0,0.0,2.0,0.0,7.0,3.0,1.0,3.0,2.0,3.0,0.0
5339256943,大田区,35.557291666666664,139.7453125,679,286,133.0,19.0,38.0,13.0,278.0,94.0,77.0,89.0,61.0,217.0,0.0
5339256944,大田区,35.557291666666664,139.74843750000002,1164,653,289.0,0.0,232.0,7.0,653.0,8.0,0.0,644.0,5.0,644.0,0.0
5339257424,大田区,35.56145833333333,139.68593750000002,427,198,50.0,0.0,36.0,6.0,198.0,191.0,7.0,0.0,0.0,198.0,0.0
5339257441,大田区,35.563541666666666,139.6828125,2530,937,144.0,1.0,72.0,54.0,936.0,900.0,21.0,0.0,1.0,935.0,897.0
5339257442,大田区,35.563541666666666,139.68593750000002,1816,831,267.0,28.0,124.0,30.0,820.0,442.0,116.0,231.0,66.0,753.0,280.0
5339257443,大田区,35.565625,139.6828125,1294,441,51.0,3.0,20.0,47.0,441.0,421.0,16.0,0.0,0.0,441.0,378.0
5339257444,大田区,35.565625,139.68593750000002,1402,739,399.0,93.0,60.0,65.0,737.0,355.0,354.0,0.0,166.0,562.0,0.0
5339257511,大田区,35.559374999999996,139.6890625,310,135,49.0,12.0,11.0,12.0,135.0,82.0,45.0,0.0,58.0,77.0,0.0
5339257512,大田区,35.559374999999996,139.69218750000002,1680,686,168.0,4.0,93.0,89.0,685.0,580.0,85.0,0.0,156.0,527.0,0.0
5339257513,大田区,35.56145833333333,139.6890625,2013,1016,439.0,26.0,304.0,28.0,1009.0,350.0,92.0,547.0,49.0,959.0,0.0
5339257514,大田区,35.56145833333333,139.69218750000002,1337,692,360.0,100.0,92.0,37.0,676.0,396.0,218.0,0.0,162.0,512.0,0.0
5339257521,大田区,35.559374999999996,139.6953125,975,582,372.0,121.0,50.0,26.0,564.0,227.0,264.0,0.0,216.0,348.0,0.0
5339257522,大田区,35.559374999999996,139.6984375,1372,780,436.0,88.0,87.0,45.0,780.0,348.0,371.0,0.0,107.0,666.0,0.0
5339257523,大田区,35.56145833333333,139.6953125,1738,807,420.0,100.0,64.0,72.0,804.0,343.0,408.0,0.0,147.0,655.0,0.0
5339257524,大田区,35.56145833333333,139.6984375,1653,971,600.0,172.0,70.0,54.0,963.0,261.0,597.0,0.0,174.0,786.0,0.0
5339257531,大田区,35.563541666666666,139.6890625,1633,995,684.0,280.0,57.0,43.0,962.0,370.0,431.0,0.0,71.0,874.0,0.0
5339257532,大田区,35.563541666666666,139.69218750000002,1239,738,469.0,111.0,65.0,34.0,734.0,259.0,414.0,0.0,159.0,573.0,0.0
5339257533,大田区,35.565625,139.6890625,1722,941,538.0,128.0,80.0,64.0,934.0,395.0,447.0,0.0,153.0,768.0,0.0
5339257534,大田区,35.565625,139.69218750000002,1454,803,447.0,75.0,94.0,74.0,800.0,306.0,408.0,0.0,143.0,652.0,0.0
5339257541,大田区,35.563541666666666,139.6953125,1480,796,413.0,93.0,68.0,46.0,794.0,324.0,374.0,30.0,181.0,612.0,0.0
5339257542,大田区,35.563541666666666,139.6984375,1358,826,543.0,138.0,76.0,33.0,814.0,256.0,490.0,0.0,108.0,703.0,0.0
5339257543,大田区,35.565625,139.6953125,1008,557,333.0,85.0,61.0,20.0,555.0,241.0,274.0,0.0,26.0,528.0,0.0
5339257544,大田区,35.565625,139.6984375,1359,797,517.0,94.0,114.0,38.0,793.0,260.0,492.0,0.0,165.0,620.0,0.0
5339257611,大田区,35.559374999999996,139.7015625,1325,688,361.0,74.0,68.0,38.0,661.0,222.0,362.0,24.0,201.0,458.0,0.0
5339257612,大田区,35.559374999999996,139.7046875,1611,907,512.0,73.0,115.0,52.0,899.0,340.0,450.0,61.0,312.0,584.0,0.0
5339257613,大田区,35.56145833333333,139.7015625,1484,860,519.0,128.0,88.0,31.0,856.0,302.0,496.0,0.0,210.0,642.0,0.0
5339257614,大田区,35.56145833333333,139.7046875,1107,614,354.0,72.0,84.0,31.0,614.0,219.0,359.0,0.0,199.0,414.0,0.0
5339257621,大田区,35.559374999999996,139.7078125,1127,680,413.0,87.0,89.0,26.0,675.0,224.0,390.0,0.0,204.0,464.0,0.0
5339257622,大田区,35.559374999999996,139.7109375,1396,811,465.0,65.0,103.0,33.0,808.0,358.0,407.0,0.0,148.0,659.0,0.0
5339257623,大田区,35.56145833333333,139.7078125,1865,1190,818.0,161.0,79.0,48.0,1180.0,326.0,730.0,0.0,207.0,968.0,0.0
5339257624,大田区,35.56145833333333,139.7109375,1413,1012,768.0,141.0,68.0,21.0,998.0,200.0,661.0,0.0,106.0,892.0,117.0
5339257631,大田区,35.563541666666666,139.7015625,1491,882,514.0,142.0,79.0,53.0,871.0,266.0,533.0,0.0,195.0,667.0,0.0
5339257632,大田区,35.563541666666666,139.7046875,1639,934,542.0,163.0,102.0,44.0,922.0,381.0,456.0,0.0,257.0,659.0,0.0
5339257633,大田区,35.565625,139.7015625,1535,861,522.0,110.0,108.0,42.0,858.0,334.0,488.0,0.0,302.0,551.0,0.0
5339257634,大田区,35.565625,139.7046875,1452,728,339.0,63.0,85.0,46.0,717.0,377.0,308.0,0.0,258.0,447.0,0.0
5339257641,大田区,35.563541666666666,139.7078125,2636,1612,1080.0,226.0,151.0,64.0,1606.0,529.0,957.0,0.0,163.0,1437.0,0.0
5339257642,大田区,35.563541666666666,139.7109375,2590,1722,1200.0,245.0,160.0,62.0,1700.0,561.0,953.0,0.0,50.0,1647.0,40.0
5339257643,大田区,35.565625,139.7078125,1477,848,499.0,97.0,106.0,41.0,846.0,303.0,509.0,0.0,235.0,605.0,0.0
5339257644,大田区,35.565625,139.7109375,1991,1236,790.0,155.0,136.0,65.0,1231.0,445.0,658.0,0.0,171.0,1059.0,0.0
5339257711,大田区,35.559374999999996,139.7140625,1020,592,331.0,47.0,53.0,19.0,588.0,99.0,175.0,240.0,40.0,548.0,0.0
5339257712,大田区,35.559374999999996,139.71718750000002,1705,1145,800.0,187.0,107.0,36.0,1128.0,319.0,489.0,165.0,12.0,1114.0,69.0
5339257713,大田区,35.56145833333333,139.7140625,1011,737,547.0,94.0,75.0,21.0,729.0,252.0,382.0,0.0,26.0,703.0,0.0
5339257714,大田区,35.56145833333333,139.71718750000002,592,453,370.0,80.0,43.0,12.0,450.0,191.0,221.0,0.0,3.0,444.0,128.0
5339257721,大田区,35.559374999999996,139.7203125,1911,1380,1061.0,262.0,77.0,27.0,1364.0,281.0,793.0,0.0,110.0,1252.0,158.0
5339257722,大田区,35.559374999999996,139.72343750000002,1388,966,719.0,235.0,65.0,35.0,940.0,268.0,510.0,39.0,60.0,878.0,2.0
5339257723,大田区,35.56145833333333,139.7203125,3002,2258,1787.0,392.0,100.0,70.0,2248.0,507.0,1370.0,0.0,35.0,2210.0,815.0
5339257724,大田区,35.56145833333333,139.72343750000002,2067,1133,576.0,79.0,81.0,104.0,1128.0,582.0,449.0,0.0,17.0,1108.0,512.0
5339257731,大田区,35.563541666666666,139.7140625,1390,1042,825.0,169.0,59.0,27.0,1029.0,255.0,635.0,0.0,29.0,991.0,0.0
5339257732,大田区,35.563541666666666,139.71718750000002,950,644,466.0,90.0,52.0,23.0,629.0,206.0,347.0,0.0,30.0,595.0,0.0
5339257733,大田区,35.565625,139.7140625,1578,1011,671.0,131.0,95.0,40.0,1009.0,248.0,649.0,0.0,165.0,839.0,100.0
5339257734,大田区,35.565625,139.71718750000002,1293,873,623.0,124.0,90.0,33.0,870.0,168.0,641.0,0.0,103.0,761.0,0.0
5339257741,大田区,35.563541666666666,139.7203125,1226,811,534.0,71.0,81.0,26.0,804.0,238.0,512.0,0.0,82.0,718.0,47.0
5339257742,大田区,35.563541666666666,139.72343750000002,1737,1007,598.0,121.0,99.0,56.0,1003.0,372.0,555.0,0.0,246.0,755.0,22.0
5339257743,大田区,35.565625,139.7203125,1432,941,663.0,126.0,121.0,35.0,937.0,278.0,558.0,0.0,201.0,731.0,0.0
5339257744,大田区,35.565625,139.72343750000002,1507,935,593.0,126.0,103.0,38.0,931.0,262.0,582.0,0.0,266.0,656.0,0.0
5339257811,大田区,35.559374999999996,139.7265625,1591,951,615.0,133.0,112.0,34.0,945.0,312.0,551.0,0.0,250.0,688.0,0.0
5339257812,大田区,35.559374999999996,139.7296875,1443,778,450.0,124.0,82.0,46.0,762.0,342.0,316.0,22.0,286.0,471.0,0.0
5339257813,大田区,35.56145833333333,139.7265625,1374,832,539.0,144.0,78.0,36.0,816.0,264.0,450.0,0.0,246.0,559.0,0.0
5339257814,大田区,35.56145833333333,139.7296875,1075,585,346.0,106.0,82.0,23.0,553.0,249.0,240.0,5.0,200.0,350.0,0.0
5339257821,大田区,35.559374999999996,139.7328125,1750,900,450.0,106.0,103.0,51.0,896.0,398.0,391.0,21.0,382.0,503.0,0.0
5339257822,大田区,35.559374999999996,139.7359375,1592,668,273.0,60.0,92.0,49.0,662.0,323.0,233.0,53.0,240.0,399.0,0.0
5339257823,大田区,35.56145833333333,139.7328125,1295,688,388.0,91.0,43.0,66.0,688.0,247.0,387.0,0.0,170.0,515.0,0.0
5339257824,大田区,35.56145833333333,139.7359375,1450,709,331.0,86.0,58.0,72.0,702.0,308.0,329.0,0.0,161.0,534.0,0.0
5339257831,大田区,35.563541666666666,139.7265625,1576,1002,651.0,159.0,82.0,56.0,990.0,241.0,649.0,0.0,159.0,828.0,0.0
5339257832,大田区,35.563541666666666,139.7296875,1557,948,612.0,166.0,106.0,34.0,946.0,321.0,553.0,0.0,307.0,638.0,0.0
5339257833,大田区,35.565625,139.7265625,1234,679,431.0,108.0,65.0,38.0,675.0,233.0,353.0,26.0,214.0,461.0,0.0
5339257834,大田区,35.565625,139.7296875,2073,1392,992.0,345.0,130.0,55.0,1373.0,334.0,892.0,0.0,291.0,1071.0,0.0
5339257841,大田区,35.563541666666666,139.7328125,1271,766,486.0,116.0,68.0,42.0,766.0,237.0,451.0,0.0,224.0,540.0,0.0
5339257842,大田区,35.563541666666666,139.7359375,1657,790,372.0,95.0,95.0,63.0,774.0,374.0,343.0,0.0,178.0,581.0,0.0
5339257843,大田区,35.565625,139.7328125,1554,949,607.0,150.0,113.0,43.0,944.0,231.0,553.0,27.0,218.0,715.0,0.0
5339257844,大田区,35.565625,139.7359375,1422,810,476.0,190.0,74.0,50.0,774.0,213.0,363.0,89.0,201.0,570.0,0.0
5339257911,大田区,35.559374999999996,139.73906250000002,1785,993,604.0,247.0,67.0,35.0,992.0,358.0,357.0,25.0,113.0,878.0,0.0
5339257912,大田区,35.559374999999996,139.74218750000003,1115,553,249.0,83.0,40.0,31.0,550.0,294.0,172.0,0.0,170.0,378.0,0.0
5339257913,大田区,35.56145833333333,139.73906250000002,1409,682,305.0,90.0,46.0,70.0,638.0,308.0,229.0,0.0,134.0,500.0,74.0
5339257914,大田区,35.56145833333333,139.74218750000003,919,459,217.0,63.0,59.0,25.0,443.0,214.0,145.0,48.0,132.0,311.0,0.0
5339257921,大田区,35.559374999999996,139.7453125,210,73,24.0,1.0,6.0,5.0,72.0,38.0,30.0,0.0,42.0,29.0,0.0
5339257922,大田区,35.559374999999996,139.74843750000002,31,13,4.0,0.0,2.0,1.0,13.0,10.0,2.0,0.0,11.0,2.0,0.0
5339257923,大田区,35.56145833333333,139.7453125,1270,528,198.0,22.0,37.0,82.0,526.0,342.0,164.0,0.0,86.0,440.0,0.0
5339257924,大田区,35.56145833333333,139.74843750000002,624,300,122.0,12.0,29.0,30.0,298.0,134.0,140.0,8.0,54.0,239.0,0.0
5339257931,大田区,35.563541666666666,139.73906250000002,1451,644,294.0,89.0,60.0,54.0,616.0,304.0,197.0,63.0,229.0,383.0,0.0
5339257932,大田区,35.563541666666666,139.74218750000003,1440,715,333.0,33.0,148.0,32.0,707.0,261.0,146.0,257.0,224.0,482.0,0.0
5339257933,大田区,35.565625,139.73906250000002,1445,714,357.0,53.0,93.0,55.0,682.0,335.0,307.0,12.0,316.0,359.0,0.0
5339257934,大田区,35.565625,139.74218750000003,1221,667,420.0,92.0,71.0,27.0,641.0,205.0,356.0,0.0,149.0,490.0,0.0
5339257941,大田区,35.563541666666666,139.7453125,1840,932,447.0,48.0,123.0,57.0,931.0,483.0,395.0,0.0,207.0,721.0,0.0
5339257942,大田区,35.563541666666666,139.74843750000002,795,390,182.0,56.0,26.0,26.0,383.0,207.0,37.0,0.0,87.0,291.0,0.0
5339257943,大田区,35.565625,139.7453125,1128,471,206.0,22.0,49.0,31.0,453.0,260.0,169.0,0.0,49.0,402.0,0.0
5339257944,大田区,35.565625,139.74843750000002,79,69,65.0,32.0,6.0,1.0,68.0,4.0,8.0,0.0,4.0,64.0,0.0
5339258412,大田区,35.567708333333336,139.67968750000003,1442,544,72.0,1.0,22.0,35.0,544.0,523.0,16.0,0.0,0.0,544.0,541.0
5339258413,大田区,35.56979166666667,139.67656250000002,111,37,4.0,0.0,3.0,4.0,37.0,31.0,6.0,0.0,0.0,37.0,0.0
5339258414,大田区,35.56979166666667,139.67968750000003,1061,391,70.0,6.0,20.0,24.0,391.0,368.0,15.0,0.0,2.0,389.0,0.0
5339258421,大田区,35.567708333333336,139.6828125,423,229,117.0,25.0,14.0,14.0,226.0,111.0,113.0,0.0,86.0,134.0,0.0
5339258422,大田区,35.567708333333336,139.68593750000002,1362,731,398.0,72.0,103.0,48.0,726.0,300.0,390.0,0.0,234.0,482.0,0.0
5339258423,大田区,35.56979166666667,139.6828125,1072,653,398.0,66.0,69.0,23.0,651.0,204.0,407.0,0.0,200.0,446.0,0.0
5339258424,大田区,35.56979166666667,139.68593750000002,1418,927,637.0,122.0,90.0,51.0,909.0,234.0,575.0,0.0,133.0,770.0,0.0
5339258431,大田区,35.571875000000006,139.67656250000002,1053,503,169.0,12.0,106.0,24.0,500.0,410.0,64.0,12.0,4.0,496.0,87.0
5339258432,大田区,35.571875000000006,139.67968750000003,1525,650,297.0,39.0,100.0,59.0,650.0,336.0,276.0,11.0,251.0,396.0,0.0
5339258433,大田区,35.57395833333334,139.67656250000002,1256,569,218.0,14.0,72.0,74.0,569.0,379.0,168.0,0.0,90.0,478.0,0.0
5339258434,大田区,35.57395833333334,139.67968750000003,1839,1062,631.0,148.0,139.0,71.0,1059.0,435.0,510.0,0.0,338.0,708.0,0.0
5339258441,大田区,35.571875000000006,139.6828125,1396,858,557.0,107.0,117.0,38.0,847.0,300.0,490.0,0.0,232.0,606.0,0.0
5339258442,大田区,35.571875000000006,139.68593750000002,776,518,354.0,67.0,63.0,29.0,515.0,159.0,333.0,0.0,107.0,401.0,0.0
5339258443,大田区,35.57395833333334,139.6828125,1151,687,452.0,141.0,65.0,35.0,656.0,214.0,365.0,0.0,173.0,471.0,0.0
5339258444,大田区,35.57395833333334,139.68593750000002,809,425,224.0,50.0,55.0,30.0,423.0,191.0,194.0,0.0,157.0,262.0,0.0
5339258511,大田区,35.567708333333336,139.6890625,1912,1069,611.0,221.0,69.0,99.0,999.0,492.0,367.0,0.0,208.0,789.0,0.0
5339258512,大田区,35.567708333333336,139.69218750000002,1485,961,658.0,181.0,94.0,49.0,953.0,276.0,599.0,0.0,134.0,812.0,0.0
5339258513,大田区,35.56979166666667,139.6890625,1484,873,528.0,114.0,109.0,53.0,831.0,289.0,462.0,0.0,207.0,615.0,0.0
5339258514,大田区,35.56979166666667,139.69218750000002,1574,895,523.0,102.0,106.0,34.0,893.0,382.0,434.0,25.0,268.0,618.0,0.0
5339258521,大田区,35.567708333333336,139.6953125,1220,626,337.0,105.0,57.0,47.0,591.0,191.0,293.0,34.0,127.0,455.0,0.0
5339258522,大田区,35.567708333333336,139.6984375,1365,771,439.0,115.0,94.0,45.0,760.0,288.0,402.0,23.0,231.0,527.0,0.0
5339258523,大田区,35.56979166666667,139.6953125,1109,639,379.0,94.0,61.0,28.0,636.0,247.0,319.0,29.0,228.0,408.0,0.0
5339258524,大田区,35.56979166666667,139.6984375,1607,782,370.0,77.0,81.0,49.0,779.0,400.0,346.0,0.0,283.0,492.0,0.0
5339258531,大田区,35.571875000000006,139.6890625,1855,939,488.0,106.0,71.0,68.0,938.0,444.0,434.0,0.0,120.0,816.0,0.0
5339258532,大田区,35.571875000000006,139.69218750000002,1684,937,522.0,115.0,87.0,50.0,935.0,447.0,449.0,0.0,135.0,794.0,0.0
5339258533,大田区,35.57395833333334,139.6890625,1043,495,191.0,20.0,77.0,46.0,493.0,296.0,167.0,0.0,267.0,218.0,0.0
5339258534,大田区,35.57395833333334,139.69218750000002,1086,543,264.0,43.0,73.0,33.0,538.0,317.0,198.0,0.0,207.0,328.0,0.0
5339258541,大田区,35.571875000000006,139.6953125,1596,950,597.0,113.0,107.0,37.0,948.0,415.0,476.0,0.0,144.0,804.0,0.0
5339258542,大田区,35.571875000000006,139.6984375,1595,913,546.0,98.0,79.0,64.0,911.0,295.0,426.0,30.0,116.0,791.0,0.0
5339258543,大田区,35.57395833333334,139.6953125,948,465,201.0,35.0,46.0,23.0,463.0,284.0,152.0,0.0,224.0,238.0,0.0
5339258544,大田区,35.57395833333334,139.6984375,1618,862,454.0,75.0,104.0,62.0,854.0,404.0,400.0,0.0,112.0,742.0,0.0
5339258611,大田区,35.567708333333336,139.7015625,1568,871,493.0,89.0,116.0,54.0,868.0,263.0,441.0,106.0,227.0,632.0,0.0
5339258612,大田区,35.567708333333336,139.7046875,1814,916,439.0,93.0,98.0,82.0,913.0,415.0,394.0,66.0,212.0,689.0,0.0
5339258613,大田区,35.56979166666667,139.7015625,1375,801,496.0,134.0,83.0,48.0,778.0,261.0,437.0,0.0,170.0,606.0,0.0
5339258614,大田区,35.56979166666667,139.7046875,1767,993,559.0,143.0,101.0,77.0,973.0,365.0,509.0,0.0,226.0,729.0,0.0
5339258621,大田区,35.567708333333336,139.7078125,1385,791,465.0,87.0,108.0,27.0,787.0,298.0,444.0,0.0,298.0,483.0,0.0
5339258622,大田区,35.567708333333336,139.7109375,1709,1005,634.0,129.0,132.0,42.0,957.0,366.0,510.0,0.0,331.0,616.0,0.0
5339258623,大田区,35.56979166666667,139.7078125,1381,741,411.0,75.0,85.0,53.0,712.0,290.0,361.0,0.0,254.0,456.0,0.0
5339258624,大田区,35.56979166666667,139.7109375,1498,782,414.0,80.0,110.0,59.0,766.0,335.0,378.0,0.0,281.0,476.0,0.0
5339258631,大田区,35.571875000000006,139.7015625,1745,963,515.0,118.0,100.0,48.0,962.0,374.0,511.0,0.0,152.0,808.0,0.0
5339258632,大田区,35.571875000000006,139.7046875,1632,1001,635.0,142.0,108.0,57.0,988.0,279.0,590.0,0.0,122.0,861.0,0.0
5339258633,大田区,35.57395833333334,139.7015625,1819,1054,629.0,149.0,105.0,56.0,1039.0,408.0,542.0,0.0,222.0,810.0,0.0
5339258634,大田区,35.57395833333334,139.7046875,1642,965,582.0,115.0,113.0,51.0,959.0,392.0,516.0,0.0,163.0,782.0,78.0
5339258641,大田区,35.571875000000006,139.7078125,1798,791,273.0,37.0,83.0,70.0,791.0,523.0,216.0,0.0,291.0,492.0,0.0
5339258642,大田区,35.571875000000006,139.7109375,1464,802,448.0,108.0,123.0,54.0,801.0,332.0,333.0,44.0,311.0,481.0,0.0
5339258643,大田区,35.57395833333334,139.7078125,1715,973,579.0,158.0,113.0,55.0,960.0,424.0,445.0,0.0,327.0,627.0,0.0
5339258644,大田区,35.57395833333334,139.7109375,1716,939,501.0,82.0,179.0,52.0,936.0,411.0,331.0,152.0,209.0,719.0,0.0
5339258711,大田区,35.567708333333336,139.7140625,1736,1043,650.0,125.0,128.0,43.0,1041.0,373.0,618.0,0.0,313.0,714.0,0.0
5339258712,大田区,35.567708333333336,139.71718750000002,1644,1012,644.0,136.0,101.0,41.0,1011.0,290.0,647.0,0.0,212.0,769.0,0.0
5339258713,大田区,35.56979166666667,139.7140625,1574,930,568.0,121.0,114.0,52.0,920.0,313.0,521.0,0.0,274.0,638.0,0.0
5339258714,大田区,35.56979166666667,139.71718750000002,1990,1115,705.0,198.0,98.0,68.0,1033.0,335.0,545.0,0.0,229.0,796.0,0.0
5339258721,大田区,35.567708333333336,139.7203125,2606,1451,789.0,133.0,190.0,76.0,1449.0,696.0,634.0,0.0,219.0,1217.0,0.0
5339258722,大田区,35.567708333333336,139.72343750000002,1937,1102,626.0,117.0,130.0,59.0,1088.0,350.0,647.0,8.0,245.0,839.0,0.0
5339258723,大田区,35.56979166666667,139.7203125,1421,786,436.0,89.0,119.0,45.0,765.0,371.0,305.0,41.0,187.0,575.0,0.0
5339258724,大田区,35.56979166666667,139.72343750000002,696,420,269.0,41.0,80.0,20.0,416.0,144.0,242.0,0.0,74.0,335.0,0.0
5339258731,大田区,35.571875000000006,139.7140625,1678,837,419.0,87.0,112.0,72.0,832.0,437.0,373.0,0.0,411.0,410.0,0.0
5339258732,大田区,35.571875000000006,139.71718750000002,1731,851,386.0,82.0,99.0,48.0,850.0,464.0,324.0,0.0,389.0,434.0,0.0
5339258733,大田区,35.57395833333334,139.7140625,1437,740,368.0,79.0,96.0,41.0,731.0,372.0,309.0,24.0,270.0,428.0,0.0
5339258734,大田区,35.57395833333334,139.71718750000002,1706,891,462.0,69.0,127.0,55.0,889.0,383.0,428.0,21.0,308.0,554.0,0.0
5339258741,大田区,35.571875000000006,139.7203125,1885,827,277.0,41.0,106.0,150.0,825.0,494.0,142.0,175.0,141.0,680.0,0.0
5339258742,大田区,35.571875000000006,139.72343750000002,2061,998,560.0,159.0,61.0,66.0,977.0,431.0,442.0,21.0,117.0,860.0,0.0
5339258743,大田区,35.57395833333334,139.7203125,1539,777,370.0,84.0,99.0,37.0,770.0,362.0,285.0,102.0,215.0,551.0,0.0
5339258744,大田区,35.57395833333334,139.72343750000002,1969,898,380.0,87.0,70.0,82.0,878.0,509.0,303.0,0.0,255.0,609.0,0.0
5339258811,大田区,35.567708333333336,139.7265625,1698,1073,713.0,153.0,126.0,46.0,1062.0,292.0,662.0,14.0,211.0,841.0,0.0
5339258812,大田区,35.567708333333336,139.7296875,1892,1106,641.0,141.0,139.0,61.0,1097.0,379.0,493.0,128.0,142.0,954.0,96.0
5339258813,大田区,35.56979166666667,139.7265625,1309,747,449.0,94.0,83.0,37.0,743.0,245.0,452.0,0.0,230.0,505.0,0.0
5339258814,大田区,35.56979166666667,139.7296875,1576,1106,822.0,210.0,106.0,46.0,1100.0,228.0,795.0,0.0,169.0,928.0,0.0
5339258821,大田区,35.567708333333336,139.7328125,1645,937,525.0,146.0,80.0,61.0,931.0,291.0,570.0,0.0,262.0,668.0,0.0
5339258822,大田区,35.567708333333336,139.7359375,1606,892,483.0,99.0,93.0,54.0,886.0,281.0,525.0,0.0,175.0,705.0,49.0
5339258823,大田区,35.56979166666667,139.7328125,1814,1080,661.0,214.0,92.0,71.0,1019.0,332.0,559.0,0.0,160.0,854.0,0.0
5339258824,大田区,35.56979166666667,139.7359375,918,546,345.0,154.0,39.0,34.0,527.0,164.0,239.0,0.0,145.0,381.0,0.0
5339258831,大田区,35.571875000000006,139.7265625,1540,1037,748.0,225.0,95.0,27.0,1026.0,260.0,602.0,0.0,236.0,787.0,0.0
5339258832,大田区,35.571875000000006,139.7296875,1840,1144,763.0,189.0,114.0,55.0,1123.0,361.0,635.0,0.0,278.0,831.0,0.0
5339258833,大田区,35.57395833333334,139.7265625,2010,1065,557.0,61.0,233.0,54.0,1064.0,269.0,344.0,413.0,159.0,902.0,0.0
5339258834,大田区,35.57395833333334,139.7296875,1528,923,558.0,143.0,141.0,58.0,891.0,177.0,516.0,142.0,153.0,730.0,0.0
5339258841,大田区,35.571875000000006,139.7328125,2114,1202,691.0,199.0,116.0,65.0,1191.0,531.0,529.0,0.0,74.0,1114.0,0.0
5339258842,大田区,35.571875000000006,139.7359375,1553,873,507.0,102.0,100.0,57.0,868.0,344.0,482.0,0.0,200.0,667.0,57.0
5339258843,大田区,35.57395833333334,139.7328125,2234,1423,935.0,270.0,101.0,66.0,1407.0,328.0,936.0,0.0,143.0,1246.0,0.0
5339258844,大田区,35.57395833333334,139.7359375,2122,1350,909.0,285.0,114.0,70.0,1279.0,292.0,794.0,0.0,214.0,1050.0,0.0
5339258911,大田区,35.567708333333336,139.73906250000002,1615,856,449.0,69.0,114.0,69.0,841.0,285.0,501.0,4.0,245.0,586.0,0.0
5339258912,大田区,35.567708333333336,139.74218750000003,1379,773,458.0,70.0,105.0,48.0,769.0,215.0,518.0,0.0,174.0,583.0,0.0
5339258913,大田区,35.56979166666667,139.73906250000002,1134,589,299.0,58.0,73.0,49.0,578.0,195.0,316.0,20.0,194.0,370.0,0.0
5339258914,大田区,35.56979166666667,139.74218750000003,1020,504,273.0,52.0,69.0,29.0,499.0,185.0,271.0,0.0,164.0,330.0,0.0
5339258921,大田区,35.567708333333336,139.7453125,650,309,137.0,25.0,27.0,26.0,316.0,142.0,144.0,0.0,100.0,208.0,0.0
5339258922,大田区,35.567708333333336,139.74843750000002,17,11,,,,,,,,,,,
5339258923,大田区,35.56979166666667,139.7453125,794,454,302.0,64.0,45.0,22.0,458.0,153.0,275.0,0.0,154.0,302.0,0.0
5339258931,大田区,35.571875000000006,139.73906250000002,1133,665,403.0,116.0,68.0,51.0,646.0,167.0,409.0,0.0,158.0,472.0,0.0
5339258932,大田区,35.571875000000006,139.74218750000003,26,12,6.0,4.0,0.0,2.0,8.0,4.0,3.0,0.0,4.0,4.0,0.0
5339258933,大田区,35.57395833333334,139.73906250000002,403,260,185.0,76.0,30.0,8.0,228.0,90.0,90.0,0.0,83.0,140.0,0.0
5339258941,大田区,35.571875000000006,139.7453125,5,5,,,,,,,,,,,
5339259322,大田区,35.57604166666667,139.6734375,42,32,26.0,16.0,3.0,2.0,27.0,7.0,16.0,0.0,7.0,19.0,0.0
5339259324,大田区,35.578125,139.6734375,214,120,64.0,7.0,16.0,4.0,120.0,64.0,53.0,0.0,35.0,85.0,0.0
5339259342,大田区,35.58020833333334,139.6734375,1185,537,212.0,33.0,59.0,31.0,536.0,397.0,126.0,0.0,157.0,377.0,0.0
5339259344,大田区,35.58229166666667,139.6734375,1291,669,335.0,69.0,57.0,35.0,664.0,338.0,297.0,0.0,200.0,461.0,0.0
5339259411,大田区,35.57604166666667,139.67656250000002,1745,864,415.0,77.0,99.0,81.0,859.0,507.0,293.0,13.0,242.0,605.0,0.0
5339259412,大田区,35.57604166666667,139.67968750000003,1534,981,665.0,190.0,113.0,47.0,950.0,264.0,595.0,0.0,177.0,761.0,0.0
5339259413,大田区,35.578125,139.67656250000002,1847,1020,563.0,113.0,112.0,51.0,1014.0,417.0,449.0,97.0,207.0,806.0,0.0
5339259414,大田区,35.578125,139.67968750000003,1561,828,443.0,100.0,82.0,74.0,824.0,389.0,398.0,0.0,215.0,603.0,0.0
5339259421,大田区,35.57604166666667,139.6828125,1221,668,364.0,84.0,60.0,48.0,667.0,306.0,335.0,0.0,195.0,459.0,0.0
5339259422,大田区,35.57604166666667,139.68593750000002,1123,533,208.0,34.0,66.0,44.0,531.0,288.0,200.0,0.0,267.0,257.0,0.0
5339259423,大田区,35.578125,139.6828125,1933,901,355.0,62.0,75.0,158.0,896.0,540.0,315.0,0.0,200.0,693.0,0.0
5339259424,大田区,35.578125,139.68593750000002,1485,825,467.0,78.0,134.0,47.0,820.0,369.0,404.0,0.0,265.0,553.0,0.0
5339259431,大田区,35.58020833333334,139.67656250000002,1475,756,368.0,50.0,89.0,60.0,755.0,350.0,381.0,0.0,248.0,500.0,0.0
5339259432,大田区,35.58020833333334,139.67968750000003,644,345,170.0,28.0,38.0,27.0,343.0,130.0,195.0,0.0,89.0,250.0,0.0
5339259433,大田区,35.58229166666667,139.67656250000002,529,256,113.0,32.0,21.0,21.0,254.0,140.0,83.0,0.0,81.0,166.0,0.0
5339259434,大田区,35.58229166666667,139.67968750000003,1065,531,242.0,30.0,71.0,38.0,530.0,217.0,275.0,0.0,222.0,303.0,0.0
5339259441,大田区,35.58020833333334,139.6828125,1169,575,247.0,52.0,49.0,42.0,575.0,259.0,271.0,0.0,224.0,344.0,0.0
5339259442,大田区,35.58020833333334,139.68593750000002,1235,687,374.0,59.0,75.0,45.0,685.0,298.0,347.0,0.0,209.0,474.0,0.0
5339259443,大田区,35.58229166666667,139.6828125,1313,641,267.0,37.0,71.0,51.0,632.0,280.0,318.0,0.0,203.0,425.0,0.0
5339259444,大田区,35.58229166666667,139.68593750000002,910,413,162.0,30.0,51.0,33.0,409.0,251.0,131.0,0.0,266.0,139.0,0.0
5339259511,大田区,35.57604166666667,139.6890625,1095,507,195.0,26.0,71.0,39.0,504.0,327.0,168.0,0.0,301.0,193.0,0.0
5339259512,大田区,35.57604166666667,139.69218750000002,830,349,106.0,18.0,39.0,28.0,345.0,238.0,80.0,0.0,265.0,71.0,0.0
5339259513,大田区,35.578125,139.6890625,944,435,154.0,22.0,58.0,30.0,430.0,236.0,176.0,0.0,235.0,180.0,0.0
5339259514,大田区,35.578125,139.69218750000002,927,390,118.0,18.0,56.0,40.0,382.0,303.0,69.0,0.0,313.0,62.0,0.0
5339259521,大田区,35.57604166666667,139.6953125,893,368,103.0,6.0,54.0,30.0,367.0,286.0,68.0,0.0,301.0,48.0,0.0
5339259522,大田区,35.57604166666667,139.6984375,2104,985,375.0,75.0,123.0,60.0,980.0,583.0,207.0,131.0,124.0,855.0,349.0
5339259523,大田区,35.578125,139.6953125,913,417,157.0,19.0,56.0,26.0,414.0,240.0,146.0,0.0,247.0,159.0,0.0
5339259524,大田区,35.578125,139.6984375,1369,689,322.0,50.0,89.0,48.0,687.0,360.0,239.0,50.0,174.0,513.0,0.0
5339259531,大田区,35.58020833333334,139.6890625,1438,829,489.0,86.0,86.0,40.0,822.0,308.0,459.0,0.0,285.0,530.0,0.0
5339259532,大田区,35.58020833333334,139.69218750000002,1001,411,135.0,18.0,43.0,34.0,411.0,253.0,148.0,0.0,254.0,154.0,0.0
5339259533,大田区,35.58229166666667,139.6890625,878,382,113.0,12.0,39.0,20.0,382.0,256.0,100.0,0.0,277.0,100.0,0.0
5339259534,大田区,35.58229166666667,139.69218750000002,1074,431,130.0,11.0,49.0,36.0,430.0,243.0,175.0,0.0,244.0,180.0,0.0
5339259541,大田区,35.58020833333334,139.6953125,915,376,122.0,16.0,44.0,34.0,376.0,223.0,133.0,0.0,228.0,129.0,0.0
5339259542,大田区,35.58020833333334,139.6984375,1502,627,236.0,26.0,47.0,88.0,626.0,307.0,213.0,92.0,92.0,534.0,0.0
5339259543,大田区,35.58229166666667,139.6953125,1079,464,155.0,23.0,41.0,48.0,461.0,272.0,149.0,17.0,133.0,309.0,0.0
5339259544,大田区,35.58229166666667,139.6984375,2059,1006,485.0,130.0,70.0,100.0,980.0,546.0,356.0,10.0,142.0,835.0,0.0
5339259611,大田区,35.57604166666667,139.7015625,1404,759,407.0,77.0,101.0,44.0,756.0,282.0,433.0,0.0,286.0,466.0,0.0
5339259612,大田区,35.57604166666667,139.7046875,924,476,229.0,36.0,71.0,32.0,467.0,264.0,183.0,0.0,163.0,296.0,0.0
5339259613,大田区,35.578125,139.7015625,1858,812,300.0,85.0,72.0,109.0,805.0,492.0,218.0,0.0,182.0,623.0,0.0
5339259614,大田区,35.578125,139.7046875,294,162,91.0,14.0,26.0,5.0,157.0,69.0,80.0,0.0,65.0,92.0,0.0
5339259621,大田区,35.57604166666667,139.7078125,721,342,144.0,33.0,27.0,34.0,339.0,175.0,133.0,0.0,149.0,180.0,0.0
5339259622,大田区,35.57604166666667,139.7109375,1434,773,428.0,106.0,102.0,51.0,746.0,275.0,431.0,0.0,237.0,491.0,0.0
5339259623,大田区,35.578125,139.7078125,117,46,13.0,3.0,7.0,2.0,45.0,39.0,6.0,0.0,40.0,5.0,0.0
5339259624,大田区,35.578125,139.7109375,1058,450,161.0,16.0,45.0,31.0,448.0,269.0,164.0,0.0,257.0,160.0,0.0
5339259631,大田区,35.58020833333334,139.7015625,957,491,254.0,51.0,71.0,50.0,489.0,250.0,210.0,10.0,117.0,357.0,0.0
5339259632,大田区,35.58020833333334,139.7046875,63,33,19.0,8.0,2.0,2.0,25.0,11.0,5.0,0.0,14.0,9.0,0.0
5339259633,大田区,35.58229166666667,139.7015625,950,573,364.0,118.0,29.0,39.0,573.0,164.0,274.0,59.0,89.0,483.0,0.0
5339259634,大田区,35.58229166666667,139.7046875,702,383,219.0,90.0,28.0,26.0,347.0,176.0,86.0,0.0,118.0,227.0,0.0
5339259641,大田区,35.58020833333334,139.7078125,600,263,92.0,14.0,33.0,27.0,262.0,191.0,59.0,0.0,199.0,56.0,0.0
5339259642,大田区,35.58020833333334,139.7109375,1125,451,117.0,24.0,29.0,51.0,449.0,311.0,132.0,0.0,257.0,185.0,0.0
5339259643,大田区,35.58229166666667,139.7078125,1597,751,319.0,87.0,42.0,57.0,745.0,393.0,306.0,0.0,253.0,488.0,0.0
5339259644,大田区,35.58229166666667,139.7109375,1496,704,291.0,76.0,60.0,60.0,701.0,393.0,269.0,0.0,307.0,390.0,0.0
5339259711,大田区,35.57604166666667,139.7140625,1563,794,388.0,39.0,121.0,51.0,791.0,372.0,386.0,0.0,217.0,529.0,0.0
5339259712,大田区,35.57604166666667,139.71718750000002,1810,881,398.0,53.0,118.0,56.0,881.0,474.0,366.0,0.0,378.0,457.0,0.0
5339259713,大田区,35.578125,139.7140625,1243,602,244.0,27.0,82.0,46.0,600.0,310.0,269.0,0.0,277.0,302.0,0.0
5339259714,大田区,35.578125,139.71718750000002,1218,644,326.0,42.0,88.0,39.0,643.0,276.0,336.0,0.0,222.0,421.0,0.0
5339259721,大田区,35.57604166666667,139.7203125,1551,738,319.0,46.0,75.0,62.0,718.0,448.0,245.0,0.0,378.0,321.0,0.0
5339259722,大田区,35.57604166666667,139.72343750000002,1718,741,279.0,33.0,109.0,91.0,738.0,501.0,153.0,55.0,273.0,461.0,0.0
5339259723,大田区,35.578125,139.7203125,1327,639,305.0,47.0,96.0,46.0,634.0,384.0,237.0,0.0,264.0,362.0,0.0
5339259724,大田区,35.578125,139.72343750000002,1798,795,305.0,39.0,130.0,86.0,792.0,478.0,182.0,113.0,249.0,541.0,0.0
5339259731,大田区,35.58020833333334,139.7140625,957,423,155.0,14.0,51.0,26.0,423.0,262.0,139.0,0.0,217.0,196.0,0.0
5339259732,大田区,35.58020833333334,139.71718750000002,1162,598,311.0,60.0,69.0,31.0,596.0,281.0,279.0,0.0,249.0,329.0,0.0
5339259733,大田区,35.58229166666667,139.7140625,1157,579,280.0,43.0,73.0,51.0,578.0,295.0,257.0,0.0,293.0,256.0,0.0
5339259734,大田区,35.58229166666667,139.71718750000002,1365,667,300.0,42.0,109.0,46.0,665.0,343.0,257.0,22.0,300.0,344.0,0.0
5339259741,大田区,35.58020833333334,139.7203125,1649,921,506.0,73.0,150.0,56.0,920.0,469.0,411.0,0.0,162.0,741.0,0.0
5339259742,大田区,35.58020833333334,139.72343750000002,1926,1087,611.0,129.0,124.0,65.0,1080.0,505.0,480.0,0.0,158.0,919.0,0.0
5339259743,大田区,35.58229166666667,139.7203125,1278,753,450.0,88.0,90.0,44.0,752.0,273.0,429.0,17.0,201.0,527.0,0.0
5339259744,大田区,35.58229166666667,139.72343750000002,1585,1015,699.0,153.0,110.0,41.0,1004.0,396.0,540.0,0.0,176.0,824.0,0.0
5339259811,大田区,35.57604166666667,139.7265625,1007,459,204.0,34.0,59.0,29.0,455.0,243.0,184.0,14.0,117.0,337.0,0.0
5339259812,大田区,35.57604166666667,139.7296875,1418,742,378.0,49.0,129.0,35.0,734.0,384.0,291.0,27.0,202.0,519.0,0.0
5339259813,大田区,35.578125,139.7265625,1868,1075,643.0,192.0,164.0,35.0,1031.0,490.0,352.0,59.0,228.0,801.0,0.0
5339259814,大田区,35.578125,139.7296875,1929,1073,620.0,130.0,143.0,60.0,1050.0,386.0,514.0,56.0,221.0,822.0,0.0
5339259821,大田区,35.57604166666667,139.7328125,2300,1320,762.0,138.0,117.0,102.0,1317.0,435.0,765.0,0.0,145.0,1147.0,129.0
5339259822,大田区,35.57604166666667,139.7359375,1644,1033,692.0,116.0,112.0,44.0,1027.0,267.0,682.0,7.0,201.0,821.0,14.0
5339259823,大田区,35.578125,139.7328125,1864,1165,789.0,202.0,104.0,57.0,1163.0,257.0,724.0,43.0,158.0,997.0,0.0
5339259824,大田区,35.578125,139.7359375,1531,1016,703.0,161.0,100.0,48.0,1005.0,271.0,625.0,0.0,119.0,883.0,0.0
5339259831,大田区,35.58020833333334,139.7265625,1779,1107,721.0,186.0,126.0,80.0,1090.0,236.0,684.0,33.0,162.0,920.0,0.0
5339259832,大田区,35.58020833333334,139.7296875,2012,1161,680.0,118.0,121.0,46.0,1159.0,415.0,601.0,17.0,249.0,905.0,0.0
5339259833,大田区,35.58229166666667,139.7265625,1914,1057,618.0,134.0,124.0,55.0,1028.0,434.0,496.0,0.0,321.0,696.0,0.0
5339259834,大田区,35.58229166666667,139.7296875,1551,886,518.0,94.0,101.0,44.0,881.0,374.0,441.0,0.0,260.0,620.0,0.0
5339259841,大田区,35.58020833333334,139.7328125,1642,1056,717.0,173.0,90.0,42.0,1054.0,285.0,659.0,0.0,266.0,768.0,0.0
5339259842,大田区,35.58020833333334,139.7359375,1983,1300,894.0,207.0,125.0,40.0,1287.0,389.0,763.0,22.0,156.0,1125.0,0.0
5339259843,大田区,35.58229166666667,139.7328125,1993,1117,665.0,127.0,134.0,52.0,1110.0,427.0,616.0,0.0,368.0,734.0,0.0
5339259844,大田区,35.58229166666667,139.7359375,1787,1150,781.0,175.0,111.0,55.0,1143.0,301.0,734.0,0.0,189.0,942.0,0.0
5339259911,大田区,35.57604166666667,139.73906250000002,1805,878,344.0,22.0,182.0,45.0,877.0,38.0,91.0,733.0,38.0,839.0,0.0
5339259912,大田区,35.57604166666667,139.74218750000003,785,329,68.0,1.0,44.0,16.0,329.0,1.0,0.0,326.0,1.0,328.0,0.0
5339259913,大田区,35.578125,139.73906250000002,1030,534,246.0,62.0,65.0,38.0,532.0,265.0,193.0,40.0,88.0,444.0,0.0
5339259921,大田区,35.57604166666667,139.7453125,126,97,82.0,17.0,3.0,2.0,42.0,0.0,0.0,0.0,0.0,42.0,0.0
5339259923,大田区,35.578125,139.7453125,2,2,,,,,,,,,,,
5339259931,大田区,35.58020833333334,139.73906250000002,1348,724,456.0,149.0,88.0,22.0,713.0,174.0,309.0,133.0,92.0,618.0,0.0
5339259933,大田区,35.58229166666667,139.73906250000002,250,205,180.0,41.0,9.0,1.0,193.0,25.0,163.0,0.0,17.0,176.0,0.0
5339265013,大田区,35.54479166666666,139.7515625,24,15,10.0,3.0,2.0,1.0,13.0,5.0,1.0,0.0,5.0,8.0,0.0
5339265031,大田区,35.546875,139.7515625,930,477,231.0,52.0,68.0,14.0,475.0,319.0,133.0,0.0,245.0,224.0,0.0
5339265033,大田区,35.54895833333333,139.7515625,1003,627,441.0,197.0,34.0,20.0,605.0,181.0,265.0,6.0,165.0,440.0,0.0
5339266011,大田区,35.55104166666666,139.7515625,856,792,751.0,386.0,21.0,8.0,600.0,27.0,161.0,0.0,23.0,576.0,0.0
5339267011,大田区,35.559374999999996,139.7515625,188,0,0.0,0.0,0.0,0.0,0.0,0.0,0.0,0.0,0.0,0.0,0.0
5339267013,大田区,35.56145833333333,139.7515625,127,52,27.0,4.0,12.0,7.0,50.0,26.0,20.0,0.0,27.0,23.0,0.0
5339343924,世田谷区,35.61145833333333,139.62343750000002,58,28,12.0,1.0,1.0,3.0,28.0,25.0,3.0,0.0,0.0,28.0,0.0
5339343933,世田谷区,35.615625,139.61406250000002,17,7,5.0,0.0,0.0,1.0,11.0,6.0,5.0,0.0,6.0,5.0,0.0
5339343934,世田谷区,35.615625,139.61718750000003,8,4,,,,,,,,,,,
5339343942,世田谷区,35.61354166666667,139.62343750000002,549,277,138.0,28.0,63.0,25.0,277.0,91.0,128.0,50.0,59.0,218.0,0.0
5339343943,世田谷区,35.615625,139.6203125,42,23,11.0,4.0,3.0,2.0,23.0,4.0,19.0,0.0,4.0,19.0,0.0
5339343944,世田谷区,35.615625,139.62343750000002,1529,821,416.0,73.0,88.0,87.0,820.0,152.0,528.0,88.0,101.0,715.0,0.0
5339344714,世田谷区,35.619791666666664,139.59218750000002,2,1,,,,,,,,,,,
5339344723,世田谷区,35.619791666666664,139.5953125,25,10,2.0,0.0,1.0,1.0,10.0,10.0,0.0,0.0,10.0,0.0,0.0
5339344724,世田谷区,35.619791666666664,139.59843750000002,220,75,14.0,3.0,5.0,11.0,75.0,71.0,4.0,0.0,55.0,20.0,0.0
5339344732,世田谷区,35.621875,139.59218750000002,45,14,2.0,0.0,0.0,2.0,14.0,13.0,1.0,0.0,14.0,0.0,0.0
5339344741,世田谷区,35.621875,139.5953125,517,214,72.0,6.0,33.0,17.0,213.0,153.0,59.0,0.0,154.0,58.0,0.0
5339344742,世田谷区,35.621875,139.59843750000002,894,306,56.0,3.0,21.0,35.0,306.0,247.0,52.0,0.0,169.0,131.0,0.0
5339344743,世田谷区,35.623958333333334,139.5953125,892,388,122.0,14.0,76.0,39.0,383.0,86.0,57.0,218.0,89.0,290.0,0.0
5339344744,世田谷区,35.623958333333334,139.59843750000002,864,307,85.0,9.0,32.0,40.0,304.0,181.0,104.0,0.0,85.0,216.0,0.0
5339344812,世田谷区,35.61770833333333,139.6046875,27,17,12.0,9.0,1.0,2.0,8.0,4.0,2.0,0.0,4.0,3.0,0.0
5339344813,世田谷区,35.619791666666664,139.6015625,493,164,54.0,13.0,16.0,9.0,164.0,104.0,51.0,0.0,119.0,45.0,0.0
5339344814,世田谷区,35.619791666666664,139.6046875,888,379,128.0,23.0,42.0,37.0,371.0,251.0,110.0,0.0,274.0,94.0,0.0
5339344821,世田谷区,35.61770833333333,139.6078125,72,35,16.0,1.0,8.0,0.0,34.0,22.0,11.0,0.0,22.0,7.0,0.0
5339344822,世田谷区,35.61770833333333,139.6109375,713,366,189.0,33.0,57.0,18.0,330.0,193.0,98.0,0.0,98.0,229.0,0.0
5339344823,世田谷区,35.619791666666664,139.6078125,686,318,131.0,22.0,47.0,18.0,318.0,193.0,78.0,38.0,140.0,175.0,0.0
5339344824,世田谷区,35.619791666666664,139.6109375,1014,420,121.0,20.0,41.0,45.0,417.0,281.0,95.0,2.0,105.0,311.0,0.0
5339344831,世田谷区,35.621875,139.6015625,603,240,75.0,5.0,20.0,27.0,237.0,131.0,98.0,0.0,131.0,102.0,0.0
5339344832,世田谷区,35.621875,139.6046875,819,346,123.0,14.0,54.0,34.0,345.0,228.0,105.0,0.0,242.0,92.0,0.0
5339344833,世田谷区,35.623958333333334,139.6015625,521,223,87.0,20.0,21.0,17.0,219.0,113.0,95.0,0.0,128.0,86.0,0.0
5339344834,世田谷区,35.623958333333334,139.6046875,819,323,113.0,21.0,29.0,36.0,322.0,145.0,162.0,0.0,156.0,133.0,0.0
5339344841,世田谷区,35.621875,139.6078125,703,289,110.0,24.0,28.0,21.0,286.0,164.0,114.0,0.0,169.0,115.0,0.0
5339344842,世田谷区,35.621875,139.6109375,463,210,82.0,12.0,21.0,20.0,210.0,120.0,83.0,0.0,77.0,127.0,0.0
5339344843,世田谷区,35.623958333333334,139.6078125,540,211,81.0,14.0,23.0,32.0,203.0,96.0,100.0,0.0,68.0,133.0,0.0
5339344844,世田谷区,35.623958333333334,139.6109375,817,328,105.0,9.0,30.0,40.0,328.0,193.0,115.0,0.0,139.0,111.0,0.0
5339344911,世田谷区,35.61770833333333,139.61406250000002,708,282,87.0,8.0,30.0,37.0,278.0,229.0,43.0,0.0,143.0,133.0,0.0
5339344912,世田谷区,35.61770833333333,139.61718750000003,1051,514,210.0,41.0,52.0,53.0,514.0,289.0,204.0,0.0,164.0,347.0,0.0
5339344913,世田谷区,35.619791666666664,139.61406250000002,847,394,183.0,51.0,38.0,26.0,389.0,188.0,186.0,0.0,121.0,266.0,0.0
5339344914,世田谷区,35.619791666666664,139.61718750000003,997,389,130.0,26.0,15.0,57.0,389.0,150.0,220.0,0.0,70.0,317.0,0.0
5339344921,世田谷区,35.61770833333333,139.6203125,823,402,201.0,34.0,46.0,51.0,402.0,104.0,263.0,0.0,90.0,309.0,0.0
5339344922,世田谷区,35.61770833333333,139.62343750000002,1214,602,267.0,41.0,100.0,66.0,596.0,224.0,137.0,131.0,150.0,443.0,0.0
5339344923,世田谷区,35.619791666666664,139.6203125,717,317,108.0,19.0,26.0,24.0,312.0,181.0,109.0,0.0,95.0,210.0,0.0
5339344924,世田谷区,35.619791666666664,139.62343750000002,1313,517,182.0,20.0,77.0,64.0,509.0,390.0,100.0,0.0,82.0,425.0,0.0
5339344931,世田谷区,35.621875,139.61406250000002,842,327,97.0,24.0,26.0,71.0,326.0,111.0,203.0,0.0,33.0,284.0,0.0
5339344932,世田谷区,35.621875,139.61718750000003,738,281,66.0,7.0,20.0,63.0,280.0,174.0,87.0,0.0,100.0,180.0,0.0
5339344933,世田谷区,35.623958333333334,139.61406250000002,741,271,84.0,14.0,32.0,24.0,271.0,130.0,125.0,0.0,107.0,162.0,0.0
5339344934,世田谷区,35.623958333333334,139.61718750000003,519,199,37.0,0.0,14.0,19.0,195.0,174.0,12.0,0.0,126.0,64.0,0.0
5339344941,世田谷区,35.621875,139.6203125,257,100,18.0,1.0,11.0,10.0,100.0,83.0,11.0,0.0,42.0,58.0,0.0
5339344942,世田谷区,35.621875,139.62343750000002,683,307,93.0,21.0,25.0,22.0,299.0,230.0,63.0,0.0,97.0,201.0,0.0
5339344943,世田谷区,35.623958333333334,139.6203125,280,135,55.0,1.0,25.0,7.0,128.0,99.0,25.0,0.0,70.0,54.0,0.0
5339344944,世田谷区,35.623958333333334,139.62343750000002,937,389,105.0,6.0,48.0,36.0,387.0,282.0,85.0,0.0,278.0,90.0,0.0
5339345721,世田谷区,35.626041666666666,139.5953125,454,212,72.0,14.0,31.0,22.0,202.0,68.0,77.0,42.0,70.0,127.0,0.0
5339345722,世田谷区,35.626041666666666,139.59843750000002,968,402,129.0,19.0,40.0,34.0,399.0,220.0,169.0,0.0,232.0,152.0,0.0
5339345723,世田谷区,35.628125,139.5953125,601,286,120.0,16.0,35.0,19.0,286.0,155.0,113.0,0.0,158.0,122.0,0.0
5339345724,世田谷区,35.628125,139.59843750000002,657,326,156.0,28.0,32.0,25.0,325.0,131.0,185.0,0.0,142.0,174.0,0.0
5339345734,世田谷区,35.63229166666667,139.59218750000002,964,541,308.0,73.0,53.0,30.0,540.0,183.0,349.0,0.0,189.0,347.0,0.0
5339345741,世田谷区,35.630208333333336,139.5953125,784,364,149.0,31.0,33.0,34.0,364.0,140.0,210.0,0.0,146.0,204.0,0.0
5339345742,世田谷区,35.630208333333336,139.59843750000002,578,260,104.0,20.0,22.0,30.0,260.0,128.0,130.0,0.0,136.0,119.0,0.0
5339345743,世田谷区,35.63229166666667,139.5953125,906,414,187.0,38.0,42.0,35.0,411.0,186.0,200.0,0.0,205.0,193.0,0.0
5339345744,世田谷区,35.63229166666667,139.59843750000002,346,210,146.0,65.0,12.0,19.0,208.0,27.0,156.0,0.0,28.0,179.0,0.0
5339345811,世田谷区,35.626041666666666,139.6015625,434,161,60.0,7.0,16.0,16.0,155.0,95.0,53.0,0.0,99.0,51.0,0.0
5339345812,世田谷区,35.626041666666666,139.6046875,85,40,16.0,2.0,6.0,4.0,39.0,26.0,11.0,0.0,28.0,11.0,0.0
5339345813,世田谷区,35.628125,139.6015625,785,375,147.0,19.0,48.0,31.0,373.0,177.0,187.0,0.0,150.0,220.0,0.0
5339345814,世田谷区,35.628125,139.6046875,379,193,98.0,19.0,18.0,17.0,190.0,81.0,99.0,0.0,75.0,110.0,0.0
5339345821,世田谷区,35.626041666666666,139.6078125,268,105,31.0,12.0,9.0,7.0,94.0,68.0,22.0,0.0,76.0,14.0,0.0
5339345822,世田谷区,35.626041666666666,139.6109375,403,155,37.0,3.0,16.0,25.0,155.0,97.0,56.0,0.0,99.0,43.0,0.0
5339345823,世田谷区,35.628125,139.6078125,972,381,107.0,24.0,23.0,69.0,380.0,115.0,244.0,0.0,116.0,196.0,0.0
5339345824,世田谷区,35.628125,139.6109375,522,185,47.0,1.0,15.0,11.0,184.0,155.0,26.0,0.0,98.0,83.0,0.0
5339345831,世田谷区,35.630208333333336,139.6015625,303,158,75.0,17.0,12.0,14.0,158.0,45.0,95.0,0.0,29.0,129.0,0.0
5339345832,世田谷区,35.630208333333336,139.6046875,665,265,69.0,9.0,20.0,23.0,265.0,151.0,103.0,0.0,137.0,111.0,0.0
5339345833,世田谷区,35.63229166666667,139.6015625,734,367,170.0,25.0,34.0,33.0,365.0,193.0,157.0,0.0,66.0,289.0,0.0
5339345834,世田谷区,35.63229166666667,139.6046875,591,310,146.0,24.0,39.0,17.0,309.0,127.0,159.0,5.0,74.0,233.0,0.0
5339345841,世田谷区,35.630208333333336,139.6078125,699,311,106.0,20.0,32.0,35.0,308.0,158.0,139.0,0.0,132.0,169.0,0.0
5339345842,世田谷区,35.630208333333336,139.6109375,29,15,8.0,1.0,1.0,2.0,15.0,11.0,4.0,0.0,8.0,7.0,0.0
5339345843,世田谷区,35.63229166666667,139.6078125,490,290,152.0,7.0,94.0,6.0,289.0,36.0,33.0,216.0,42.0,245.0,0.0
5339345844,世田谷区,35.63229166666667,139.6109375,399,290,229.0,141.0,41.0,10.0,213.0,24.0,73.0,55.0,15.0,198.0,0.0
5339345911,世田谷区,35.626041666666666,139.61406250000002,739,294,64.0,6.0,24.0,34.0,293.0,232.0,41.0,0.0,116.0,173.0,0.0
5339345912,世田谷区,35.626041666666666,139.61718750000003,878,393,146.0,23.0,41.0,35.0,393.0,205.0,162.0,0.0,196.0,194.0,0.0
5339345913,世田谷区,35.628125,139.61406250000002,711,291,81.0,3.0,28.0,39.0,291.0,174.0,112.0,0.0,113.0,171.0,0.0
5339345914,世田谷区,35.628125,139.61718750000003,540,235,85.0,13.0,20.0,15.0,235.0,134.0,81.0,0.0,110.0,121.0,0.0
5339345921,世田谷区,35.626041666666666,139.6203125,888,370,110.0,15.0,38.0,42.0,369.0,220.0,130.0,0.0,214.0,146.0,0.0
5339345922,世田谷区,35.626041666666666,139.62343750000002,737,343,124.0,17.0,33.0,29.0,343.0,179.0,153.0,0.0,156.0,177.0,0.0
5339345923,世田谷区,35.628125,139.6203125,364,182,81.0,20.0,15.0,20.0,179.0,55.0,111.0,0.0,55.0,118.0,0.0
5339345924,世田谷区,35.628125,139.62343750000002,501,224,66.0,13.0,7.0,42.0,221.0,144.0,76.0,0.0,13.0,208.0,0.0
5339345933,世田谷区,35.63229166666667,139.61406250000002,655,312,157.0,91.0,7.0,45.0,312.0,75.0,21.0,0.0,6.0,306.0,0.0
5339345934,世田谷区,35.63229166666667,139.61718750000003,122,57,23.0,7.0,3.0,5.0,57.0,4.0,49.0,0.0,3.0,54.0,0.0
5339345943,世田谷区,35.63229166666667,139.6203125,28,10,1.0,1.0,0.0,0.0,10.0,5.0,5.0,0.0,5.0,5.0,0.0
5339346642,世田谷区,35.63854166666667,139.5859375,1004,521,243.0,61.0,52.0,40.0,521.0,261.0,243.0,0.0,184.0,331.0,0.0
5339346644,世田谷区,35.640625,139.5859375,1079,513,222.0,59.0,62.0,50.0,513.0,229.0,246.0,0.0,228.0,278.0,0.0
5339346712,世田谷区,35.634375,139.59218750000002,785,430,223.0,62.0,40.0,39.0,427.0,130.0,273.0,0.0,123.0,302.0,0.0
5339346713,世田谷区,35.63645833333333,139.5890625,934,561,352.0,106.0,38.0,32.0,558.0,171.0,341.0,0.0,61.0,477.0,0.0
5339346714,世田谷区,35.63645833333333,139.59218750000002,907,470,224.0,46.0,42.0,33.0,470.0,178.0,268.0,0.0,175.0,279.0,0.0
5339346721,世田谷区,35.634375,139.5953125,495,249,110.0,23.0,37.0,17.0,249.0,120.0,104.0,0.0,116.0,124.0,0.0
5339346722,世田谷区,35.634375,139.59843750000002,558,209,39.0,1.0,16.0,21.0,209.0,196.0,11.0,0.0,18.0,189.0,0.0
5339346723,世田谷区,35.63645833333333,139.5953125,607,274,105.0,32.0,19.0,16.0,267.0,143.0,108.0,0.0,150.0,109.0,0.0
5339346724,世田谷区,35.63645833333333,139.59843750000002,779,341,113.0,19.0,49.0,24.0,339.0,240.0,58.0,0.0,219.0,113.0,0.0
5339346731,世田谷区,35.63854166666667,139.5890625,286,135,68.0,19.0,11.0,6.0,130.0,53.0,72.0,0.0,42.0,88.0,0.0
5339346732,世田谷区,35.63854166666667,139.59218750000002,498,223,73.0,18.0,28.0,12.0,222.0,131.0,80.0,0.0,127.0,88.0,0.0
5339346733,世田谷区,35.640625,139.5890625,409,154,29.0,2.0,11.0,18.0,154.0,119.0,30.0,0.0,88.0,63.0,0.0
5339346734,世田谷区,35.640625,139.59218750000002,386,149,27.0,1.0,16.0,12.0,149.0,138.0,8.0,0.0,138.0,7.0,0.0
5339346741,世田谷区,35.63854166666667,139.5953125,525,244,92.0,12.0,38.0,16.0,244.0,161.0,71.0,0.0,142.0,82.0,0.0
5339346742,世田谷区,35.63854166666667,139.59843750000002,654,337,159.0,19.0,55.0,15.0,336.0,195.0,124.0,0.0,161.0,161.0,0.0
5339346743,世田谷区,35.640625,139.5953125,595,258,81.0,3.0,34.0,9.0,257.0,186.0,59.0,0.0,181.0,56.0,0.0
5339346744,世田谷区,35.640625,139.59843750000002,580,337,195.0,16.0,75.0,16.0,333.0,173.0,151.0,0.0,92.0,238.0,0.0
5339346811,世田谷区,35.634375,139.6015625,942,342,73.0,18.0,25.0,68.0,339.0,211.0,102.0,0.0,66.0,272.0,0.0
5339346812,世田谷区,35.634375,139.6046875,545,256,110.0,32.0,18.0,25.0,255.0,115.0,120.0,0.0,84.0,169.0,0.0
5339346813,世田谷区,35.63645833333333,139.6015625,787,331,95.0,9.0,39.0,22.0,331.0,247.0,71.0,0.0,214.0,99.0,0.0
5339346814,世田谷区,35.63645833333333,139.6046875,256,120,46.0,7.0,17.0,8.0,119.0,72.0,40.0,0.0,76.0,42.0,0.0
5339346821,世田谷区,35.634375,139.6078125,792,430,210.0,20.0,108.0,23.0,429.0,119.0,82.0,216.0,85.0,344.0,0.0
5339346822,世田谷区,35.634375,139.6109375,784,402,191.0,40.0,62.0,37.0,360.0,151.0,128.0,65.0,43.0,317.0,0.0
5339346823,世田谷区,35.63645833333333,139.6078125,871,428,191.0,40.0,45.0,40.0,426.0,174.0,230.0,0.0,142.0,278.0,0.0
5339346824,世田谷区,35.63645833333333,139.6109375,955,450,186.0,66.0,59.0,53.0,411.0,229.0,146.0,0.0,174.0,236.0,0.0
5339346831,世田谷区,35.63854166666667,139.6015625,633,290,101.0,10.0,51.0,12.0,289.0,211.0,62.0,0.0,220.0,53.0,0.0
5339346832,世田谷区,35.63854166666667,139.6046875,772,364,145.0,34.0,54.0,27.0,361.0,213.0,115.0,12.0,203.0,148.0,0.0
5339346833,世田谷区,35.640625,139.6015625,828,463,261.0,58.0,76.0,34.0,457.0,256.0,171.0,0.0,109.0,340.0,0.0
5339346834,世田谷区,35.640625,139.6046875,946,478,198.0,31.0,49.0,26.0,476.0,251.0,192.0,0.0,165.0,295.0,0.0
5339346841,世田谷区,35.63854166666667,139.6078125,1031,572,321.0,108.0,66.0,35.0,568.0,222.0,273.0,21.0,183.0,378.0,0.0
5339346842,世田谷区,35.63854166666667,139.6109375,1443,684,291.0,115.0,47.0,77.0,642.0,307.0,312.0,0.0,196.0,444.0,0.0
5339346843,世田谷区,35.640625,139.6078125,1203,664,356.0,104.0,71.0,30.0,663.0,283.0,337.0,0.0,240.0,383.0,0.0
5339346844,世田谷区,35.640625,139.6109375,1289,663,323.0,95.0,65.0,58.0,660.0,234.0,407.0,0.0,183.0,452.0,0.0
5339346911,世田谷区,35.634375,139.61406250000002,674,302,115.0,16.0,32.0,25.0,302.0,168.0,111.0,0.0,90.0,209.0,0.0
5339346912,世田谷区,35.634375,139.61718750000003,1279,547,179.0,27.0,62.0,69.0,544.0,274.0,246.0,0.0,165.0,361.0,0.0
5339346913,世田谷区,35.63645833333333,139.61406250000002,1463,595,235.0,38.0,85.0,36.0,592.0,373.0,160.0,35.0,258.0,331.0,0.0
5339346914,世田谷区,35.63645833333333,139.61718750000003,1151,472,140.0,24.0,39.0,87.0,472.0,321.0,110.0,36.0,100.0,368.0,0.0
5339346921,世田谷区,35.634375,139.6203125,865,390,155.0,15.0,64.0,24.0,386.0,260.0,103.0,15.0,102.0,272.0,0.0
5339346922,世田谷区,35.634375,139.62343750000002,684,290,91.0,9.0,40.0,40.0,289.0,184.0,81.0,0.0,61.0,228.0,0.0
5339346923,世田谷区,35.63645833333333,139.6203125,1104,583,339.0,65.0,54.0,30.0,581.0,316.0,246.0,0.0,94.0,487.0,0.0
5339346924,世田谷区,35.63645833333333,139.62343750000002,1101,493,210.0,59.0,58.0,52.0,463.0,222.0,143.0,54.0,196.0,260.0,0.0
5339346931,世田谷区,35.63854166666667,139.61406250000002,1875,860,336.0,67.0,109.0,103.0,860.0,497.0,308.0,6.0,191.0,666.0,0.0
5339346932,世田谷区,35.63854166666667,139.61718750000003,1281,555,196.0,53.0,47.0,58.0,555.0,352.0,185.0,0.0,269.0,276.0,0.0
5339346933,世田谷区,35.640625,139.61406250000002,1599,752,311.0,83.0,82.0,59.0,747.0,386.0,312.0,0.0,208.0,530.0,0.0
5339346934,世田谷区,35.640625,139.61718750000003,1039,445,152.0,30.0,52.0,45.0,436.0,250.0,148.0,0.0,230.0,201.0,0.0
5339346941,世田谷区,35.63854166666667,139.6203125,910,376,142.0,15.0,62.0,31.0,375.0,278.0,84.0,0.0,139.0,233.0,0.0
5339346942,世田谷区,35.63854166666667,139.62343750000002,731,353,151.0,16.0,55.0,24.0,349.0,181.0,136.0,18.0,96.0,244.0,0.0
5339346943,世田谷区,35.640625,139.6203125,876,429,194.0,63.0,39.0,39.0,426.0,238.0,162.0,0.0,173.0,249.0,0.0
5339346944,世田谷区,35.640625,139.62343750000002,996,511,251.0,54.0,74.0,23.0,507.0,295.0,185.0,0.0,199.0,301.0,0.0
5339347711,世田谷区,35.64270833333333,139.5890625,537,224,62.0,13.0,19.0,23.0,224.0,168.0,38.0,0.0,115.0,107.0,0.0
5339347712,世田谷区,35.64270833333333,139.59218750000002,605,256,68.0,4.0,39.0,10.0,253.0,202.0,41.0,0.0,212.0,28.0,0.0
5339347713,世田谷区,35.64479166666666,139.5890625,953,402,94.0,3.0,50.0,22.0,402.0,362.0,33.0,0.0,102.0,296.0,0.0
5339347714,世田谷区,35.64479166666666,139.59218750000002,798,362,118.0,18.0,44.0,26.0,361.0,241.0,77.0,0.0,232.0,124.0,0.0
5339347721,世田谷区,35.64270833333333,139.5953125,563,253,89.0,10.0,39.0,15.0,253.0,164.0,79.0,0.0,188.0,63.0,0.0
5339347722,世田谷区,35.64270833333333,139.59843750000002,514,193,46.0,5.0,19.0,14.0,192.0,145.0,39.0,0.0,145.0,36.0,0.0
5339347723,世田谷区,35.64479166666666,139.5953125,785,338,98.0,13.0,36.0,22.0,338.0,231.0,95.0,0.0,204.0,127.0,0.0
5339347724,世田谷区,35.64479166666666,139.59843750000002,520,238,82.0,4.0,52.0,14.0,236.0,172.0,54.0,0.0,181.0,44.0,0.0
5339347732,世田谷区,35.646875,139.59218750000002,796,341,80.0,7.0,29.0,42.0,341.0,193.0,116.0,0.0,176.0,165.0,0.0
5339347734,世田谷区,35.64895833333333,139.59218750000002,1235,544,188.0,36.0,50.0,58.0,540.0,224.0,230.0,67.0,143.0,390.0,0.0
5339347741,世田谷区,35.646875,139.5953125,682,290,86.0,5.0,41.0,17.0,290.0,189.0,86.0,0.0,210.0,72.0,0.0
5339347742,世田谷区,35.646875,139.59843750000002,723,313,93.0,5.0,46.0,18.0,311.0,240.0,64.0,0.0,233.0,58.0,0.0
5339347743,世田谷区,35.64895833333333,139.5953125,1722,699,232.0,7.0,156.0,35.0,662.0,381.0,47.0,221.0,27.0,634.0,0.0
5339347744,世田谷区,35.64895833333333,139.59843750000002,839,363,104.0,12.0,36.0,36.0,363.0,185.0,148.0,0.0,199.0,161.0,0.0
5339347811,世田谷区,35.64270833333333,139.6015625,308,143,48.0,6.0,25.0,10.0,143.0,123.0,19.0,0.0,36.0,105.0,0.0
5339347812,世田谷区,35.64270833333333,139.6046875,1354,722,358.0,72.0,114.0,41.0,717.0,380.0,301.0,14.0,143.0,571.0,0.0
5339347813,世田谷区,35.64479166666666,139.6015625,238,104,21.0,0.0,8.0,6.0,104.0,96.0,8.0,0.0,0.0,104.0,0.0
5339347814,世田谷区,35.64479166666666,139.6046875,700,373,190.0,51.0,38.0,27.0,370.0,135.0,216.0,0.0,110.0,255.0,0.0
5339347821,世田谷区,35.64270833333333,139.6078125,1102,649,382.0,93.0,62.0,19.0,645.0,211.0,347.0,62.0,187.0,439.0,0.0
5339347822,世田谷区,35.64270833333333,139.6109375,1148,615,329.0,116.0,50.0,29.0,612.0,244.0,339.0,0.0,175.0,429.0,0.0
5339347823,世田谷区,35.64479166666666,139.6078125,1258,692,395.0,102.0,76.0,41.0,689.0,247.0,396.0,0.0,196.0,480.0,0.0
5339347824,世田谷区,35.64479166666666,139.6109375,1243,753,478.0,145.0,102.0,20.0,750.0,330.0,390.0,0.0,326.0,414.0,0.0
5339347831,世田谷区,35.646875,139.6015625,543,240,77.0,9.0,33.0,12.0,240.0,185.0,50.0,0.0,197.0,39.0,0.0
5339347832,世田谷区,35.646875,139.6046875,1108,545,241.0,61.0,60.0,48.0,545.0,257.0,268.0,0.0,272.0,241.0,0.0
5339347833,世田谷区,35.64895833333333,139.6015625,768,332,115.0,17.0,45.0,36.0,332.0,210.0,103.0,0.0,229.0,93.0,0.0
5339347834,世田谷区,35.64895833333333,139.6046875,1013,460,171.0,28.0,64.0,31.0,460.0,193.0,163.0,73.0,213.0,244.0,0.0
5339347841,世田谷区,35.646875,139.6078125,1177,631,359.0,102.0,66.0,40.0,623.0,212.0,342.0,7.0,199.0,419.0,0.0
5339347842,世田谷区,35.646875,139.6109375,993,546,302.0,64.0,106.0,22.0,544.0,236.0,204.0,67.0,252.0,284.0,0.0
5339347843,世田谷区,35.64895833333333,139.6078125,1489,802,455.0,90.0,161.0,60.0,801.0,164.0,281.0,283.0,162.0,636.0,0.0
5339347844,世田谷区,35.64895833333333,139.6109375,1089,686,431.0,29.0,193.0,21.0,684.0,140.0,101.0,439.0,115.0,568.0,0.0
5339347911,世田谷区,35.64270833333333,139.61406250000002,1026,489,213.0,52.0,56.0,47.0,488.0,225.0,247.0,0.0,158.0,327.0,0.0
5339347912,世田谷区,35.64270833333333,139.61718750000003,1202,520,176.0,40.0,35.0,85.0,520.0,255.0,228.0,0.0,132.0,387.0,0.0
5339347913,世田谷区,35.64479166666666,139.61406250000002,1394,651,271.0,69.0,57.0,68.0,651.0,330.0,293.0,7.0,153.0,484.0,0.0
5339347914,世田谷区,35.64479166666666,139.61718750000003,2300,1211,601.0,153.0,86.0,162.0,1205.0,185.0,809.0,58.0,65.0,1133.0,0.0
5339347921,世田谷区,35.64270833333333,139.6203125,1225,623,303.0,79.0,82.0,43.0,622.0,325.0,239.0,18.0,235.0,379.0,0.0
5339347922,世田谷区,35.64270833333333,139.62343750000002,1325,561,158.0,30.0,34.0,74.0,559.0,297.0,231.0,0.0,205.0,341.0,0.0
5339347923,世田谷区,35.64479166666666,139.6203125,1341,703,349.0,90.0,87.0,53.0,696.0,270.0,345.0,8.0,148.0,542.0,0.0
5339347924,世田谷区,35.64479166666666,139.62343750000002,1310,653,328.0,78.0,59.0,50.0,652.0,224.0,358.0,17.0,177.0,472.0,0.0
5339347931,世田谷区,35.646875,139.61406250000002,2118,998,417.0,91.0,114.0,122.0,990.0,617.0,222.0,102.0,212.0,769.0,0.0
5339347932,世田谷区,35.646875,139.61718750000003,1030,574,314.0,56.0,64.0,40.0,553.0,272.0,190.0,59.0,118.0,433.0,0.0
5339347933,世田谷区,35.64895833333333,139.61406250000002,869,442,216.0,39.0,75.0,32.0,442.0,176.0,137.0,111.0,182.0,253.0,0.0
5339347934,世田谷区,35.64895833333333,139.61718750000003,1500,816,437.0,120.0,69.0,71.0,812.0,410.0,381.0,0.0,138.0,671.0,0.0
5339347941,世田谷区,35.646875,139.6203125,1253,713,430.0,143.0,77.0,44.0,703.0,270.0,381.0,25.0,115.0,586.0,0.0
5339347942,世田谷区,35.646875,139.62343750000002,1000,608,373.0,62.0,110.0,27.0,605.0,244.0,332.0,10.0,155.0,444.0,0.0
5339347943,世田谷区,35.64895833333333,139.6203125,1790,927,455.0,135.0,103.0,61.0,923.0,464.0,393.0,0.0,275.0,641.0,0.0
5339347944,世田谷区,35.64895833333333,139.62343750000002,1261,782,492.0,136.0,92.0,33.0,782.0,297.0,462.0,0.0,275.0,495.0,0.0
5339348712,世田谷区,35.65104166666667,139.59218750000002,1393,667,264.0,26.0,95.0,48.0,666.0,491.0,162.0,0.0,142.0,523.0,0.0
5339348721,世田谷区,35.65104166666667,139.5953125,300,145,63.0,12.0,19.0,14.0,145.0,57.0,80.0,0.0,41.0,101.0,0.0
5339348722,世田谷区,35.65104166666667,139.59843750000002,563,239,77.0,6.0,33.0,23.0,237.0,148.0,79.0,0.0,164.0,67.0,0.0
5339348723,世田谷区,35.653125,139.5953125,1079,370,79.0,8.0,37.0,60.0,370.0,82.0,51.0,84.0,58.0,311.0,0.0
5339348724,世田谷区,35.653125,139.59843750000002,938,399,117.0,4.0,62.0,35.0,399.0,74.0,27.0,284.0,79.0,315.0,0.0
5339348734,世田谷区,35.65729166666667,139.59218750000002,1215,611,281.0,66.0,76.0,49.0,610.0,358.0,197.0,0.0,238.0,362.0,0.0
5339348741,世田谷区,35.65520833333334,139.5953125,845,422,218.0,64.0,36.0,33.0,421.0,149.0,234.0,0.0,156.0,253.0,0.0
5339348742,世田谷区,35.65520833333334,139.59843750000002,346,169,82.0,15.0,22.0,10.0,169.0,93.0,70.0,0.0,99.0,64.0,0.0
5339348743,世田谷区,35.65729166666667,139.5953125,953,429,196.0,46.0,46.0,32.0,428.0,230.0,179.0,0.0,223.0,200.0,0.0
5339348744,世田谷区,35.65729166666667,139.59843750000002,388,170,94.0,22.0,25.0,12.0,170.0,62.0,90.0,0.0,66.0,92.0,0.0
5339348811,世田谷区,35.65104166666667,139.6015625,595,233,61.0,6.0,31.0,19.0,230.0,196.0,26.0,0.0,209.0,16.0,0.0
5339348812,世田谷区,35.65104166666667,139.6046875,1030,423,117.0,21.0,42.0,54.0,422.0,264.0,144.0,0.0,278.0,140.0,0.0
5339348813,世田谷区,35.653125,139.6015625,730,300,91.0,17.0,33.0,32.0,299.0,224.0,61.0,0.0,240.0,54.0,0.0
5339348814,世田谷区,35.653125,139.6046875,924,375,108.0,14.0,39.0,45.0,373.0,273.0,88.0,0.0,291.0,54.0,0.0
5339348821,世田谷区,35.65104166666667,139.6078125,787,414,205.0,37.0,86.0,23.0,412.0,256.0,130.0,12.0,265.0,133.0,0.0
5339348822,世田谷区,35.65104166666667,139.6109375,962,437,167.0,26.0,77.0,27.0,435.0,295.0,123.0,0.0,308.0,123.0,0.0
5339348823,世田谷区,35.653125,139.6078125,905,429,179.0,36.0,54.0,41.0,420.0,210.0,186.0,0.0,222.0,184.0,0.0
5339348824,世田谷区,35.653125,139.6109375,895,396,145.0,23.0,55.0,35.0,393.0,260.0,119.0,0.0,222.0,163.0,0.0
5339348831,世田谷区,35.65520833333334,139.6015625,1031,393,89.0,11.0,27.0,48.0,390.0,282.0,102.0,0.0,296.0,87.0,0.0
5339348832,世田谷区,35.65520833333334,139.6046875,1063,418,96.0,17.0,28.0,26.0,417.0,306.0,101.0,0.0,318.0,91.0,0.0
5339348833,世田谷区,35.65729166666667,139.6015625,1054,444,156.0,43.0,43.0,46.0,443.0,285.0,135.0,0.0,299.0,142.0,0.0
5339348834,世田谷区,35.65729166666667,139.6046875,1293,574,210.0,28.0,75.0,71.0,570.0,327.0,224.0,0.0,173.0,393.0,0.0
5339348841,世田谷区,35.65520833333334,139.6078125,1224,513,181.0,31.0,72.0,63.0,511.0,349.0,148.0,0.0,255.0,250.0,0.0
5339348842,世田谷区,35.65520833333334,139.6109375,1078,471,184.0,30.0,51.0,56.0,471.0,251.0,206.0,0.0,252.0,214.0,0.0
5339348843,世田谷区,35.65729166666667,139.6078125,2897,1036,149.0,4.0,70.0,72.0,1035.0,965.0,38.0,0.0,28.0,1006.0,0.0
5339348844,世田谷区,35.65729166666667,139.6109375,1045,404,103.0,18.0,27.0,48.0,403.0,175.0,211.0,0.0,80.0,320.0,0.0
5339348911,世田谷区,35.65104166666667,139.61406250000002,991,499,232.0,70.0,45.0,41.0,488.0,246.0,224.0,0.0,138.0,349.0,0.0
5339348912,世田谷区,35.65104166666667,139.61718750000003,1537,667,310.0,88.0,36.0,60.0,667.0,365.0,271.0,0.0,144.0,521.0,0.0
5339348913,世田谷区,35.653125,139.61406250000002,1550,586,145.0,29.0,42.0,66.0,584.0,381.0,156.0,31.0,143.0,436.0,0.0
5339348914,世田谷区,35.653125,139.61718750000003,439,229,128.0,63.0,24.0,10.0,187.0,110.0,53.0,0.0,106.0,77.0,0.0
5339348921,世田谷区,35.65104166666667,139.6203125,1077,510,254.0,85.0,47.0,49.0,496.0,168.0,268.0,6.0,173.0,321.0,0.0
5339348922,世田谷区,35.65104166666667,139.62343750000002,1364,783,462.0,138.0,86.0,47.0,772.0,298.0,417.0,15.0,305.0,459.0,0.0
5339348923,世田谷区,35.653125,139.6203125,1150,575,278.0,73.0,72.0,40.0,574.0,324.0,228.0,1.0,233.0,327.0,0.0
5339348924,世田谷区,35.653125,139.62343750000002,1605,645,178.0,35.0,56.0,98.0,645.0,496.0,141.0,2.0,100.0,540.0,0.0
5339348931,世田谷区,35.65520833333334,139.61406250000002,914,401,143.0,28.0,35.0,34.0,401.0,165.0,210.0,0.0,56.0,344.0,0.0
5339348932,世田谷区,35.65520833333334,139.61718750000003,1585,727,271.0,21.0,140.0,50.0,725.0,382.0,146.0,157.0,85.0,640.0,0.0
5339348933,世田谷区,35.65729166666667,139.61406250000002,1337,506,126.0,9.0,33.0,80.0,506.0,341.0,152.0,0.0,58.0,446.0,0.0
5339348934,世田谷区,35.65729166666667,139.61718750000003,1627,523,94.0,6.0,14.0,176.0,486.0,66.0,87.0,0.0,10.0,476.0,0.0
5339348941,世田谷区,35.65520833333334,139.6203125,963,415,143.0,27.0,51.0,35.0,414.0,263.0,111.0,0.0,265.0,145.0,0.0
5339348942,世田谷区,35.65520833333334,139.62343750000002,1548,699,244.0,28.0,116.0,81.0,694.0,411.0,99.0,172.0,131.0,561.0,0.0
5339348943,世田谷区,35.65729166666667,139.6203125,2050,1306,806.0,37.0,442.0,38.0,1306.0,166.0,72.0,1057.0,70.0,1235.0,0.0
5339348944,世田谷区,35.65729166666667,139.62343750000002,1403,781,471.0,62.0,161.0,59.0,776.0,286.0,206.0,263.0,107.0,664.0,0.0
5339349712,世田谷区,35.659375000000004,139.59218750000002,953,455,182.0,36.0,59.0,38.0,455.0,301.0,135.0,0.0,207.0,240.0,0.0
5339349714,世田谷区,35.661458333333336,139.59218750000002,461,251,126.0,20.0,26.0,13.0,249.0,139.0,105.0,0.0,127.0,118.0,0.0
5339349721,世田谷区,35.659375000000004,139.5953125,757,337,175.0,44.0,31.0,25.0,337.0,161.0,135.0,0.0,134.0,200.0,0.0
5339349722,世田谷区,35.659375000000004,139.59843750000002,1072,439,117.0,24.0,45.0,36.0,438.0,301.0,109.0,0.0,220.0,211.0,0.0
5339349723,世田谷区,35.661458333333336,139.5953125,429,131,35.0,5.0,18.0,8.0,131.0,94.0,35.0,0.0,98.0,31.0,0.0
5339349724,世田谷区,35.661458333333336,139.59843750000002,1014,465,191.0,52.0,57.0,40.0,464.0,306.0,140.0,0.0,311.0,140.0,0.0
5339349731,世田谷区,35.663541666666674,139.5890625,1076,615,348.0,89.0,80.0,31.0,612.0,286.0,303.0,0.0,282.0,321.0,0.0
5339349732,世田谷区,35.663541666666674,139.59218750000002,635,331,166.0,43.0,42.0,12.0,331.0,185.0,127.0,0.0,181.0,146.0,0.0
5339349734,世田谷区,35.665625000000006,139.59218750000002,1427,718,323.0,83.0,87.0,57.0,716.0,425.0,266.0,0.0,153.0,560.0,0.0
5339349741,世田谷区,35.663541666666674,139.5953125,662,334,147.0,27.0,57.0,25.0,334.0,210.0,96.0,0.0,83.0,251.0,0.0
5339349742,世田谷区,35.663541666666674,139.59843750000002,1079,559,260.0,68.0,62.0,27.0,558.0,236.0,265.0,27.0,242.0,298.0,0.0
5339349743,世田谷区,35.665625000000006,139.5953125,516,311,192.0,59.0,34.0,9.0,310.0,129.0,173.0,0.0,129.0,178.0,0.0
5339349744,世田谷区,35.665625000000006,139.59843750000002,989,554,302.0,81.0,46.0,38.0,554.0,232.0,301.0,0.0,144.0,406.0,0.0
5339349811,世田谷区,35.659375000000004,139.6015625,1261,584,239.0,50.0,48.0,46.0,579.0,369.0,193.0,0.0,173.0,397.0,0.0
5339349812,世田谷区,35.659375000000004,139.6046875,475,242,109.0,5.0,59.0,11.0,239.0,136.0,96.0,0.0,104.0,128.0,0.0
5339349813,世田谷区,35.661458333333336,139.6015625,847,471,254.0,71.0,44.0,17.0,470.0,213.0,236.0,0.0,217.0,243.0,0.0
5339349814,世田谷区,35.661458333333336,139.6046875,1145,590,300.0,82.0,77.0,41.0,588.0,289.0,271.0,0.0,276.0,306.0,0.0
5339349821,世田谷区,35.659375000000004,139.6078125,1043,451,166.0,49.0,42.0,32.0,446.0,274.0,134.0,0.0,183.0,254.0,0.0
5339349822,世田谷区,35.659375000000004,139.6109375,1221,531,223.0,57.0,32.0,36.0,529.0,199.0,297.0,0.0,42.0,486.0,0.0
5339349823,世田谷区,35.661458333333336,139.6078125,1632,697,216.0,44.0,46.0,96.0,694.0,506.0,175.0,0.0,133.0,558.0,0.0
5339349824,世田谷区,35.661458333333336,139.6109375,521,240,97.0,38.0,11.0,25.0,239.0,107.0,125.0,0.0,77.0,162.0,0.0
5339349831,世田谷区,35.663541666666674,139.6015625,902,504,273.0,77.0,58.0,34.0,503.0,190.0,251.0,29.0,179.0,318.0,0.0
5339349832,世田谷区,35.663541666666674,139.6046875,1401,840,525.0,167.0,94.0,46.0,838.0,286.0,474.0,23.0,200.0,627.0,0.0
5339349833,世田谷区,35.665625000000006,139.6015625,944,591,377.0,110.0,59.0,26.0,589.0,182.0,381.0,0.0,147.0,440.0,0.0
5339349834,世田谷区,35.665625000000006,139.6046875,1308,855,584.0,190.0,63.0,24.0,821.0,294.0,470.0,0.0,156.0,658.0,0.0
5339349841,世田谷区,35.663541666666674,139.6078125,1331,641,294.0,97.0,52.0,60.0,639.0,225.0,356.0,2.0,148.0,485.0,0.0
5339349842,世田谷区,35.663541666666674,139.6109375,848,332,88.0,10.0,26.0,27.0,331.0,225.0,95.0,0.0,94.0,236.0,0.0
5339349843,世田谷区,35.665625000000006,139.6078125,1989,845,217.0,10.0,105.0,165.0,844.0,450.0,76.0,298.0,22.0,819.0,0.0
5339349844,世田谷区,35.665625000000006,139.6109375,743,303,108.0,15.0,41.0,42.0,303.0,152.0,111.0,33.0,41.0,259.0,0.0
5339349911,世田谷区,35.659375000000004,139.61406250000002,936,242,89.0,13.0,36.0,16.0,241.0,141.0,82.0,0.0,19.0,222.0,0.0
5339349912,世田谷区,35.659375000000004,139.61718750000003,269,160,88.0,9.0,27.0,6.0,157.0,18.0,4.0,85.0,7.0,150.0,0.0
5339349913,世田谷区,35.661458333333336,139.61406250000002,220,53,23.0,2.0,10.0,4.0,48.0,34.0,9.0,0.0,24.0,24.0,0.0
5339349914,世田谷区,35.661458333333336,139.61718750000003,437,146,64.0,14.0,19.0,15.0,145.0,79.0,61.0,0.0,83.0,62.0,0.0
5339349921,世田谷区,35.659375000000004,139.6203125,1319,635,298.0,24.0,138.0,46.0,634.0,176.0,78.0,368.0,113.0,517.0,0.0
5339349922,世田谷区,35.659375000000004,139.62343750000002,1281,588,263.0,60.0,54.0,76.0,586.0,266.0,299.0,0.0,150.0,433.0,0.0
5339349923,世田谷区,35.661458333333336,139.6203125,992,432,139.0,17.0,43.0,50.0,432.0,278.0,105.0,29.0,174.0,254.0,0.0
5339349924,世田谷区,35.661458333333336,139.62343750000002,1079,478,188.0,44.0,52.0,58.0,472.0,291.0,126.0,4.0,169.0,292.0,0.0
5339349931,世田谷区,35.663541666666674,139.61406250000002,1533,632,166.0,28.0,54.0,83.0,632.0,392.0,209.0,1.0,58.0,570.0,0.0
5339349932,世田谷区,35.663541666666674,139.61718750000003,809,434,244.0,66.0,56.0,19.0,432.0,131.0,196.0,83.0,139.0,287.0,0.0
5339349933,世田谷区,35.665625000000006,139.61406250000002,801,481,270.0,35.0,152.0,17.0,481.0,94.0,125.0,253.0,40.0,424.0,0.0
5339349934,世田谷区,35.665625000000006,139.61718750000003,1014,544,296.0,61.0,76.0,24.0,543.0,171.0,272.0,33.0,210.0,324.0,0.0
5339349941,世田谷区,35.663541666666674,139.6203125,767,409,233.0,60.0,70.0,23.0,405.0,172.0,201.0,0.0,193.0,207.0,0.0
5339349942,世田谷区,35.663541666666674,139.62343750000002,1194,578,253.0,41.0,113.0,57.0,577.0,180.0,150.0,217.0,142.0,433.0,0.0
5339349943,世田谷区,35.665625000000006,139.6203125,82,35,15.0,3.0,2.0,5.0,35.0,14.0,18.0,0.0,18.0,17.0,0.0
5339349944,世田谷区,35.665625000000006,139.62343750000002,804,384,162.0,33.0,56.0,33.0,383.0,229.0,127.0,0.0,253.0,120.0,0.0
5339350321,大田区,35.584375,139.6703125,277,122,41.0,4.0,9.0,10.0,115.0,69.0,21.0,0.0,16.0,99.0,0.0
5339350322,大田区,35.584375,139.6734375,1163,709,471.0,56.0,52.0,38.0,540.0,220.0,259.0,0.0,173.0,359.0,0.0
5339350323,大田区,35.58645833333333,139.6703125,1190,666,374.0,54.0,72.0,46.0,648.0,348.0,193.0,0.0,29.0,619.0,0.0
5339350324,大田区,35.58645833333333,139.6734375,1680,783,302.0,44.0,88.0,87.0,781.0,482.0,262.0,0.0,197.0,581.0,0.0
5339350332,大田区,35.58854166666667,139.6671875,160,84,40.0,2.0,9.0,3.0,83.0,35.0,44.0,0.0,32.0,51.0,0.0
5339350333,大田区,35.590625,139.6640625,66,28,9.0,0.0,4.0,2.0,28.0,27.0,0.0,0.0,28.0,0.0,0.0
5339350334,大田区,35.590625,139.6671875,363,161,61.0,9.0,17.0,15.0,158.0,93.0,59.0,0.0,93.0,62.0,0.0
5339350341,大田区,35.58854166666667,139.6703125,551,248,84.0,13.0,31.0,32.0,246.0,173.0,65.0,0.0,56.0,182.0,0.0
5339350342,大田区,35.58854166666667,139.6734375,1366,726,369.0,67.0,93.0,34.0,721.0,419.0,270.0,0.0,348.0,353.0,0.0
5339350343,大田区,35.590625,139.6703125,545,233,65.0,10.0,23.0,14.0,231.0,174.0,51.0,0.0,168.0,55.0,0.0
5339350344,大田区,35.590625,139.6734375,1250,631,291.0,42.0,62.0,36.0,621.0,372.0,238.0,0.0,297.0,311.0,0.0
5339350411,大田区,35.584375,139.67656250000002,1032,503,222.0,39.0,64.0,17.0,503.0,300.0,175.0,0.0,305.0,195.0,0.0
5339350412,大田区,35.584375,139.67968750000003,1208,681,401.0,110.0,47.0,51.0,679.0,240.0,410.0,0.0,203.0,476.0,0.0
5339350413,大田区,35.58645833333333,139.67656250000002,1404,693,324.0,65.0,68.0,51.0,691.0,372.0,280.0,0.0,316.0,369.0,0.0
5339350414,大田区,35.58645833333333,139.67968750000003,1324,758,440.0,97.0,62.0,43.0,756.0,317.0,381.0,0.0,196.0,558.0,0.0
5339350421,大田区,35.584375,139.6828125,1481,858,513.0,108.0,107.0,48.0,853.0,298.0,502.0,0.0,191.0,651.0,0.0
5339350422,大田区,35.584375,139.68593750000002,959,448,185.0,26.0,44.0,19.0,447.0,274.0,158.0,0.0,272.0,168.0,0.0
5339350423,大田区,35.58645833333333,139.6828125,1378,798,458.0,93.0,106.0,44.0,788.0,295.0,425.0,0.0,228.0,545.0,0.0
5339350424,大田区,35.58645833333333,139.68593750000002,1153,551,233.0,43.0,78.0,28.0,548.0,298.0,219.0,0.0,292.0,251.0,0.0
5339350431,大田区,35.58854166666667,139.67656250000002,1637,921,547.0,145.0,76.0,56.0,908.0,331.0,505.0,0.0,179.0,725.0,0.0
5339350432,大田区,35.58854166666667,139.67968750000003,1378,702,347.0,59.0,64.0,59.0,701.0,338.0,317.0,0.0,172.0,525.0,0.0
5339350433,大田区,35.590625,139.67656250000002,922,485,266.0,64.0,56.0,29.0,457.0,226.0,208.0,0.0,235.0,202.0,0.0
5339350434,大田区,35.590625,139.67968750000003,1249,787,545.0,132.0,46.0,35.0,769.0,203.0,505.0,0.0,107.0,651.0,0.0
5339350441,大田区,35.58854166666667,139.6828125,1186,648,353.0,71.0,65.0,32.0,611.0,290.0,260.0,0.0,251.0,346.0,0.0
5339350442,大田区,35.58854166666667,139.68593750000002,1003,427,125.0,8.0,52.0,43.0,427.0,302.0,105.0,0.0,258.0,160.0,0.0
5339350443,大田区,35.590625,139.6828125,1639,806,352.0,57.0,94.0,51.0,799.0,441.0,323.0,0.0,273.0,522.0,0.0
5339350444,大田区,35.590625,139.68593750000002,879,385,135.0,25.0,36.0,32.0,385.0,221.0,137.0,0.0,210.0,170.0,0.0
5339350511,大田区,35.584375,139.6890625,905,400,136.0,25.0,35.0,29.0,397.0,251.0,120.0,0.0,268.0,126.0,0.0
5339350512,大田区,35.584375,139.69218750000002,999,435,141.0,13.0,56.0,37.0,434.0,280.0,135.0,0.0,287.0,134.0,0.0
5339350513,大田区,35.58645833333333,139.6890625,668,300,118.0,12.0,33.0,19.0,299.0,200.0,77.0,0.0,201.0,86.0,0.0
5339350514,大田区,35.58645833333333,139.69218750000002,1220,486,151.0,18.0,38.0,55.0,481.0,278.0,174.0,0.0,119.0,341.0,0.0
5339350521,大田区,35.584375,139.6953125,1217,496,138.0,11.0,45.0,57.0,495.0,354.0,133.0,0.0,175.0,314.0,0.0
5339350522,大田区,35.584375,139.6984375,1847,809,336.0,58.0,96.0,65.0,808.0,523.0,252.0,0.0,57.0,750.0,0.0
5339350523,大田区,35.58645833333333,139.6953125,1347,565,187.0,30.0,49.0,75.0,561.0,243.0,256.0,0.0,130.0,423.0,0.0
5339350524,大田区,35.58645833333333,139.6984375,1648,823,392.0,86.0,37.0,76.0,820.0,353.0,390.0,0.0,97.0,718.0,0.0
5339350531,大田区,35.58854166666667,139.6890625,890,383,132.0,30.0,43.0,36.0,367.0,232.0,106.0,0.0,138.0,227.0,0.0
5339350532,大田区,35.58854166666667,139.69218750000002,1391,567,163.0,6.0,64.0,61.0,566.0,361.0,184.0,0.0,214.0,352.0,0.0
5339350533,大田区,35.590625,139.6890625,1092,520,245.0,85.0,43.0,40.0,468.0,310.0,138.0,0.0,260.0,208.0,0.0
5339350534,大田区,35.590625,139.69218750000002,1315,612,250.0,38.0,61.0,39.0,611.0,319.0,262.0,0.0,274.0,302.0,0.0
5339350541,大田区,35.58854166666667,139.6953125,961,464,212.0,35.0,62.0,31.0,460.0,256.0,184.0,0.0,145.0,312.0,0.0
5339350542,大田区,35.58854166666667,139.6984375,1082,496,193.0,36.0,41.0,47.0,493.0,258.0,208.0,0.0,189.0,299.0,0.0
5339350543,大田区,35.590625,139.6953125,1135,486,178.0,43.0,37.0,30.0,483.0,264.0,184.0,24.0,196.0,284.0,0.0
5339350544,大田区,35.590625,139.6984375,1438,732,342.0,94.0,50.0,56.0,731.0,302.0,385.0,0.0,195.0,530.0,0.0
5339350611,大田区,35.584375,139.7015625,1089,538,234.0,55.0,48.0,43.0,528.0,272.0,143.0,75.0,51.0,474.0,0.0
5339350612,大田区,35.584375,139.7046875,647,417,279.0,67.0,20.0,29.0,412.0,55.0,293.0,19.0,28.0,383.0,0.0
5339350613,大田区,35.58645833333333,139.7015625,1087,564,282.0,59.0,38.0,44.0,563.0,218.0,282.0,28.0,125.0,434.0,0.0
5339350614,大田区,35.58645833333333,139.7046875,1246,634,324.0,69.0,46.0,48.0,625.0,195.0,338.0,25.0,96.0,518.0,0.0
5339350621,大田区,35.584375,139.7078125,1169,611,312.0,87.0,37.0,52.0,611.0,228.0,342.0,0.0,158.0,435.0,0.0
5339350622,大田区,35.584375,139.7109375,1880,861,325.0,48.0,64.0,128.0,858.0,460.0,345.0,0.0,202.0,641.0,0.0
5339350623,大田区,35.58645833333333,139.7078125,1502,831,450.0,105.0,67.0,68.0,817.0,427.0,342.0,0.0,215.0,599.0,0.0
5339350624,大田区,35.58645833333333,139.7109375,934,472,217.0,58.0,50.0,36.0,469.0,224.0,223.0,0.0,217.0,239.0,0.0
5339350631,大田区,35.58854166666667,139.7015625,1036,539,270.0,58.0,42.0,45.0,535.0,179.0,316.0,0.0,156.0,371.0,0.0
5339350632,大田区,35.58854166666667,139.7046875,1418,722,341.0,97.0,37.0,78.0,701.0,252.0,354.0,0.0,166.0,527.0,0.0
5339350633,大田区,35.590625,139.7015625,1382,698,340.0,60.0,51.0,72.0,667.0,261.0,309.0,0.0,112.0,530.0,0.0
5339350634,大田区,35.590625,139.7046875,1574,877,500.0,161.0,34.0,85.0,867.0,201.0,558.0,0.0,132.0,732.0,0.0
5339350641,大田区,35.58854166666667,139.7078125,1480,929,643.0,172.0,64.0,59.0,924.0,187.0,643.0,0.0,91.0,820.0,0.0
5339350642,大田区,35.58854166666667,139.7109375,926,548,342.0,109.0,47.0,25.0,547.0,209.0,290.0,0.0,211.0,320.0,0.0
5339350643,大田区,35.590625,139.7078125,887,459,223.0,42.0,30.0,46.0,456.0,223.0,200.0,0.0,68.0,388.0,0.0
5339350644,大田区,35.590625,139.7109375,808,396,175.0,25.0,50.0,27.0,392.0,237.0,126.0,0.0,247.0,138.0,0.0
5339350711,大田区,35.584375,139.7140625,1216,528,165.0,37.0,53.0,37.0,520.0,329.0,175.0,0.0,321.0,194.0,0.0
5339350712,大田区,35.584375,139.71718750000002,1023,458,156.0,16.0,65.0,38.0,457.0,268.0,109.0,61.0,207.0,241.0,0.0
5339350713,大田区,35.58645833333333,139.7140625,1283,613,263.0,37.0,70.0,45.0,611.0,279.0,266.0,0.0,284.0,309.0,0.0
5339350714,大田区,35.58645833333333,139.71718750000002,1028,495,215.0,23.0,78.0,39.0,492.0,288.0,187.0,0.0,292.0,194.0,0.0
5339350721,大田区,35.584375,139.7203125,1355,771,436.0,91.0,87.0,41.0,768.0,353.0,366.0,0.0,237.0,516.0,0.0
5339350722,大田区,35.584375,139.72343750000002,1738,992,583.0,125.0,80.0,65.0,984.0,427.0,474.0,0.0,207.0,763.0,257.0
5339350723,大田区,35.58645833333333,139.7203125,1399,692,303.0,47.0,106.0,62.0,692.0,395.0,223.0,11.0,298.0,385.0,0.0
5339350724,大田区,35.58645833333333,139.72343750000002,1416,656,264.0,38.0,63.0,58.0,655.0,402.0,219.0,0.0,201.0,442.0,0.0
5339350731,大田区,35.58854166666667,139.7140625,1309,596,242.0,42.0,71.0,57.0,588.0,353.0,197.0,0.0,319.0,266.0,0.0
5339350732,大田区,35.58854166666667,139.71718750000002,1074,491,180.0,23.0,60.0,41.0,489.0,310.0,159.0,0.0,298.0,189.0,0.0
5339350733,大田区,35.590625,139.7140625,1019,467,185.0,29.0,59.0,28.0,467.0,282.0,153.0,0.0,261.0,197.0,0.0
5339350734,大田区,35.590625,139.71718750000002,1317,667,332.0,80.0,68.0,55.0,667.0,333.0,307.0,0.0,261.0,399.0,0.0
5339350741,大田区,35.58854166666667,139.7203125,1211,632,319.0,68.0,58.0,34.0,626.0,329.0,256.0,0.0,287.0,337.0,0.0
5339350742,大田区,35.58854166666667,139.72343750000002,1060,459,157.0,23.0,42.0,51.0,459.0,321.0,107.0,0.0,241.0,214.0,0.0
5339350743,大田区,35.590625,139.7203125,1476,711,296.0,50.0,75.0,42.0,705.0,448.0,222.0,0.0,253.0,450.0,0.0
5339350744,大田区,35.590625,139.72343750000002,1388,672,287.0,34.0,82.0,55.0,669.0,392.0,242.0,0.0,301.0,357.0,0.0
5339350811,大田区,35.584375,139.7265625,1669,976,582.0,119.0,77.0,55.0,973.0,413.0,504.0,0.0,90.0,880.0,174.0
5339350812,大田区,35.584375,139.7296875,1611,1122,809.0,178.0,102.0,39.0,1115.0,230.0,759.0,0.0,105.0,1000.0,60.0
5339350813,大田区,35.58645833333333,139.7265625,1209,779,523.0,107.0,60.0,31.0,773.0,236.0,438.0,0.0,46.0,721.0,41.0
5339350814,大田区,35.58645833333333,139.7296875,2754,1837,1265.0,194.0,173.0,80.0,1820.0,880.0,793.0,0.0,17.0,1799.0,0.0
5339350821,大田区,35.584375,139.7328125,2135,1267,781.0,144.0,103.0,88.0,1257.0,348.0,666.0,0.0,133.0,1121.0,0.0
5339350822,大田区,35.584375,139.7359375,2964,1451,635.0,90.0,123.0,89.0,1450.0,909.0,437.0,13.0,39.0,1403.0,675.0
5339350823,大田区,35.58645833333333,139.7328125,1388,787,440.0,100.0,79.0,32.0,787.0,410.0,259.0,0.0,16.0,771.0,251.0
5339350824,大田区,35.58645833333333,139.7359375,2579,1371,682.0,87.0,106.0,94.0,1348.0,732.0,524.0,0.0,11.0,1337.0,521.0
5339350831,大田区,35.58854166666667,139.7265625,1019,502,229.0,29.0,58.0,48.0,496.0,284.0,185.0,0.0,103.0,383.0,0.0
5339350832,大田区,35.58854166666667,139.7296875,332,220,145.0,15.0,37.0,9.0,217.0,122.0,85.0,0.0,5.0,212.0,0.0
5339350833,大田区,35.590625,139.7265625,1280,725,388.0,70.0,90.0,44.0,722.0,313.0,375.0,0.0,154.0,558.0,0.0
5339350834,品川区,35.590625,139.7296875,2111,1260,737.0,97.0,189.0,81.0,1260.0,632.0,520.0,0.0,15.0,1245.0,231.0
5339350841,品川区,35.58854166666667,139.7328125,1817,1329,1003.0,163.0,125.0,37.0,1322.0,397.0,769.0,0.0,10.0,1308.0,0.0
5339350842,品川区,35.58854166666667,139.7359375,3882,2173,1143.0,228.0,300.0,110.0,2170.0,1335.0,582.0,0.0,13.0,2155.0,97.0
5339350843,品川区,35.590625,139.7328125,2761,1834,1269.0,266.0,153.0,88.0,1829.0,525.0,1066.0,0.0,32.0,1794.0,16.0
5339350844,品川区,35.590625,139.7359375,3195,2116,1478.0,455.0,105.0,179.0,2076.0,650.0,1117.0,0.0,28.0,2048.0,475.0
5339350911,大田区,35.584375,139.73906250000002,342,148,51.0,2.0,25.0,11.0,151.0,132.0,11.0,0.0,0.0,150.0,139.0
5339350921,大田区,35.584375,139.7453125,72,72,74.0,7.0,0.0,0.0,0.0,0.0,0.0,0.0,0.0,0.0,0.0
5339350922,大田区,35.584375,139.74843750000002,2,2,,,,,,,,,,,
5339350923,大田区,35.58645833333333,139.7453125,92,92,92.0,20.0,2.0,0.0,0.0,0.0,0.0,0.0,0.0,0.0,0.0
5339350924,大田区,35.58645833333333,139.74843750000002,8,8,8.0,0.0,0.0,0.0,0.0,0.0,0.0,0.0,0.0,0.0,0.0
5339350933,品川区,35.590625,139.73906250000002,7,6,,,,,,,,,,,
5339351134,世田谷区,35.598958333333336,139.6421875,41,17,7.0,1.0,4.0,0.0,17.0,13.0,3.0,0.0,14.0,3.0,0.0
5339351142,世田谷区,35.596875000000004,139.6484375,907,383,137.0,25.0,34.0,34.0,382.0,252.0,121.0,0.0,57.0,325.0,0.0
5339351143,世田谷区,35.598958333333336,139.6453125,384,229,142.0,30.0,29.0,17.0,229.0,88.0,127.0,0.0,66.0,161.0,0.0
5339351144,世田谷区,35.598958333333336,139.6484375,1028,457,153.0,24.0,57.0,58.0,455.0,280.0,163.0,0.0,106.0,345.0,0.0
5339351212,世田谷区,35.592708333333334,139.65468750000002,114,34,11.0,1.0,4.0,4.0,34.0,11.0,23.0,0.0,12.0,22.0,0.0
5339351213,世田谷区,35.594791666666666,139.6515625,773,397,193.0,32.0,66.0,22.0,394.0,198.0,185.0,0.0,35.0,351.0,0.0
5339351214,大田区,35.594791666666666,139.65468750000002,1030,466,169.0,41.0,47.0,45.0,465.0,301.0,135.0,0.0,203.0,241.0,0.0
5339351221,大田区,35.592708333333334,139.6578125,798,324,98.0,17.0,29.0,28.0,320.0,250.0,69.0,0.0,166.0,145.0,0.0
5339351222,大田区,35.592708333333334,139.66093750000002,592,285,125.0,25.0,35.0,12.0,280.0,162.0,106.0,0.0,171.0,97.0,0.0
5339351223,大田区,35.594791666666666,139.6578125,510,211,59.0,4.0,18.0,22.0,209.0,164.0,38.0,0.0,153.0,40.0,0.0
5339351224,大田区,35.594791666666666,139.66093750000002,501,219,69.0,1.0,29.0,13.0,218.0,173.0,33.0,0.0,187.0,27.0,0.0
5339351231,世田谷区,35.596875000000004,139.6515625,1190,573,234.0,38.0,72.0,42.0,572.0,373.0,182.0,0.0,120.0,451.0,0.0
5339351232,大田区,35.596875000000004,139.65468750000002,1147,513,188.0,39.0,51.0,49.0,511.0,331.0,161.0,0.0,229.0,257.0,0.0
5339351233,世田谷区,35.598958333333336,139.6515625,411,223,120.0,10.0,37.0,12.0,223.0,112.0,106.0,0.0,50.0,162.0,0.0
5339351234,世田谷区,35.598958333333336,139.65468750000002,768,321,117.0,27.0,35.0,31.0,318.0,197.0,97.0,0.0,167.0,144.0,0.0
5339351241,大田区,35.596875000000004,139.6578125,582,225,56.0,2.0,23.0,11.0,225.0,178.0,37.0,0.0,192.0,29.0,0.0
5339351242,大田区,35.596875000000004,139.66093750000002,485,202,47.0,2.0,23.0,10.0,202.0,163.0,31.0,0.0,167.0,22.0,0.0
5339351243,大田区,35.598958333333336,139.6578125,422,172,43.0,5.0,17.0,11.0,171.0,131.0,27.0,0.0,120.0,32.0,0.0
5339351244,大田区,35.598958333333336,139.66093750000002,498,206,53.0,3.0,25.0,11.0,204.0,174.0,23.0,0.0,159.0,37.0,0.0
5339351311,大田区,35.592708333333334,139.6640625,360,139,28.0,2.0,12.0,13.0,139.0,120.0,10.0,0.0,126.0,11.0,0.0
5339351312,大田区,35.592708333333334,139.6671875,411,167,48.0,2.0,12.0,10.0,166.0,139.0,19.0,0.0,139.0,23.0,0.0
5339351313,大田区,35.594791666666666,139.6640625,326,134,34.0,2.0,18.0,11.0,134.0,106.0,22.0,0.0,119.0,13.0,0.0
5339351314,大田区,35.594791666666666,139.6671875,253,114,37.0,1.0,14.0,4.0,113.0,98.0,9.0,0.0,77.0,33.0,0.0
5339351321,大田区,35.592708333333334,139.6703125,860,417,174.0,17.0,55.0,17.0,416.0,266.0,127.0,0.0,236.0,165.0,0.0
5339351322,大田区,35.592708333333334,139.6734375,953,473,218.0,51.0,46.0,31.0,470.0,295.0,160.0,0.0,281.0,181.0,0.0
5339351323,大田区,35.594791666666666,139.6703125,838,428,199.0,21.0,56.0,21.0,424.0,257.0,145.0,0.0,201.0,215.0,0.0
5339351324,大田区,35.594791666666666,139.6734375,880,436,190.0,35.0,46.0,19.0,432.0,263.0,118.0,0.0,237.0,193.0,0.0
5339351331,大田区,35.596875000000004,139.6640625,403,168,46.0,1.0,25.0,7.0,166.0,139.0,22.0,0.0,152.0,9.0,0.0
5339351332,大田区,35.596875000000004,139.6671875,355,165,61.0,3.0,29.0,7.0,165.0,121.0,31.0,0.0,128.0,36.0,0.0
5339351333,大田区,35.598958333333336,139.6640625,379,162,45.0,1.0,23.0,8.0,160.0,130.0,24.0,0.0,139.0,19.0,0.0
5339351334,世田谷区,35.598958333333336,139.6671875,559,247,78.0,5.0,37.0,18.0,246.0,173.0,61.0,0.0,135.0,102.0,0.0
5339351341,大田区,35.596875000000004,139.6703125,1014,531,247.0,31.0,77.0,22.0,528.0,320.0,193.0,0.0,240.0,281.0,0.0
5339351342,世田谷区,35.596875000000004,139.6734375,1049,546,264.0,91.0,45.0,31.0,545.0,308.0,201.0,0.0,291.0,246.0,0.0
5339351343,世田谷区,35.598958333333336,139.6703125,1257,748,461.0,123.0,69.0,40.0,748.0,319.0,403.0,0.0,161.0,574.0,0.0
5339351344,世田谷区,35.598958333333336,139.6734375,1340,663,309.0,57.0,89.0,46.0,662.0,351.0,288.0,0.0,283.0,371.0,0.0
5339351411,世田谷区,35.592708333333334,139.67656250000002,1204,597,276.0,85.0,57.0,37.0,583.0,319.0,222.0,0.0,306.0,266.0,0.0
5339351412,大田区,35.592708333333334,139.67968750000003,1313,609,217.0,32.0,57.0,63.0,603.0,308.0,184.0,9.0,121.0,477.0,0.0
5339351413,世田谷区,35.594791666666666,139.67656250000002,1048,455,152.0,34.0,61.0,28.0,451.0,341.0,90.0,0.0,361.0,89.0,0.0
5339351414,世田谷区,35.594791666666666,139.67968750000003,1130,554,246.0,28.0,92.0,29.0,547.0,337.0,166.0,0.0,280.0,263.0,0.0
5339351421,大田区,35.592708333333334,139.6828125,1502,818,434.0,92.0,71.0,56.0,816.0,293.0,471.0,0.0,245.0,567.0,0.0
5339351422,大田区,35.592708333333334,139.68593750000002,1398,743,395.0,92.0,72.0,60.0,741.0,270.0,400.0,0.0,187.0,554.0,0.0
5339351423,大田区,35.594791666666666,139.6828125,2076,1176,645.0,127.0,121.0,78.0,1174.0,532.0,593.0,0.0,144.0,1028.0,0.0
5339351424,大田区,35.594791666666666,139.68593750000002,2019,1209,757.0,226.0,91.0,57.0,1194.0,373.0,723.0,0.0,263.0,927.0,0.0
5339351431,世田谷区,35.596875000000004,139.67656250000002,1104,459,120.0,16.0,50.0,46.0,456.0,294.0,122.0,0.0,312.0,122.0,0.0
5339351432,世田谷区,35.596875000000004,139.67968750000003,1355,625,237.0,50.0,67.0,70.0,624.0,351.0,210.0,0.0,318.0,302.0,0.0
5339351433,世田谷区,35.598958333333336,139.67656250000002,1206,587,255.0,51.0,83.0,47.0,586.0,375.0,182.0,0.0,298.0,262.0,0.0
5339351434,世田谷区,35.598958333333336,139.67968750000003,1292,607,242.0,30.0,81.0,57.0,607.0,429.0,163.0,0.0,256.0,339.0,0.0
5339351441,大田区,35.596875000000004,139.6828125,1673,808,332.0,60.0,96.0,62.0,806.0,494.0,256.0,0.0,140.0,661.0,87.0
5339351442,大田区,35.596875000000004,139.68593750000002,1677,935,505.0,85.0,85.0,55.0,932.0,411.0,454.0,0.0,149.0,780.0,0.0
5339351443,大田区,35.598958333333336,139.6828125,1382,655,265.0,66.0,80.0,54.0,653.0,378.0,249.0,0.0,144.0,507.0,0.0
5339351444,大田区,35.598958333333336,139.68593750000002,1172,688,403.0,94.0,56.0,35.0,687.0,274.0,378.0,0.0,101.0,585.0,0.0
5339351511,大田区,35.592708333333334,139.6890625,1664,754,316.0,70.0,57.0,60.0,752.0,389.0,331.0,0.0,285.0,452.0,0.0
5339351512,大田区,35.592708333333334,139.69218750000002,992,454,189.0,45.0,50.0,33.0,453.0,269.0,164.0,0.0,272.0,180.0,0.0
5339351513,大田区,35.594791666666666,139.6890625,1368,667,304.0,76.0,52.0,54.0,657.0,298.0,309.0,0.0,298.0,349.0,0.0
5339351514,大田区,35.594791666666666,139.69218750000002,846,446,232.0,84.0,42.0,22.0,444.0,221.0,140.0,0.0,185.0,249.0,0.0
5339351521,大田区,35.592708333333334,139.6953125,1957,862,309.0,48.0,64.0,77.0,860.0,505.0,183.0,0.0,225.0,634.0,0.0
5339351522,大田区,35.592708333333334,139.6984375,1571,727,285.0,57.0,79.0,42.0,721.0,446.0,224.0,0.0,247.0,472.0,0.0
5339351523,大田区,35.594791666666666,139.6953125,1348,673,327.0,88.0,61.0,41.0,666.0,300.0,335.0,0.0,277.0,374.0,0.0
5339351524,大田区,35.594791666666666,139.6984375,1323,529,144.0,27.0,38.0,54.0,527.0,358.0,140.0,0.0,263.0,254.0,0.0
5339351531,大田区,35.596875000000004,139.6890625,1150,517,203.0,46.0,45.0,51.0,516.0,299.0,200.0,0.0,314.0,189.0,0.0
5339351532,大田区,35.596875000000004,139.69218750000002,1261,644,316.0,69.0,81.0,37.0,643.0,313.0,301.0,0.0,306.0,332.0,0.0
5339351533,大田区,35.598958333333336,139.6890625,1028,557,301.0,47.0,68.0,32.0,550.0,303.0,209.0,0.0,172.0,369.0,0.0
5339351534,大田区,35.598958333333336,139.69218750000002,1702,935,526.0,122.0,86.0,63.0,916.0,353.0,500.0,0.0,198.0,713.0,0.0
5339351541,大田区,35.596875000000004,139.6953125,1194,551,230.0,50.0,60.0,39.0,550.0,340.0,187.0,0.0,311.0,238.0,0.0
5339351542,大田区,35.596875000000004,139.6984375,1211,563,232.0,43.0,57.0,41.0,561.0,345.0,194.0,0.0,347.0,211.0,0.0
5339351543,大田区,35.598958333333336,139.6953125,1032,490,219.0,68.0,41.0,25.0,472.0,248.0,159.0,0.0,239.0,230.0,0.0
5339351544,大田区,35.598958333333336,139.6984375,1003,493,231.0,45.0,42.0,37.0,491.0,242.0,219.0,0.0,190.0,285.0,0.0
5339351611,大田区,35.592708333333334,139.7015625,1927,825,271.0,45.0,71.0,84.0,824.0,532.0,232.0,15.0,199.0,618.0,0.0
5339351612,大田区,35.592708333333334,139.7046875,1296,726,435.0,112.0,30.0,64.0,719.0,187.0,475.0,8.0,64.0,653.0,0.0
5339351613,大田区,35.594791666666666,139.7015625,1660,751,336.0,65.0,66.0,59.0,749.0,443.0,258.0,0.0,175.0,573.0,0.0
5339351614,大田区,35.594791666666666,139.7046875,1745,912,451.0,112.0,89.0,69.0,912.0,453.0,355.0,49.0,254.0,648.0,0.0
5339351621,大田区,35.592708333333334,139.7078125,1397,829,514.0,243.0,36.0,88.0,805.0,223.0,285.0,0.0,124.0,667.0,0.0
5339351622,大田区,35.592708333333334,139.7109375,1287,733,446.0,122.0,67.0,66.0,730.0,280.0,366.0,20.0,195.0,527.0,0.0
5339351623,大田区,35.594791666666666,139.7078125,1848,1045,612.0,210.0,57.0,107.0,1022.0,291.0,557.0,0.0,216.0,802.0,0.0
5339351624,大田区,35.594791666666666,139.7109375,1525,880,506.0,117.0,82.0,52.0,859.0,311.0,474.0,0.0,86.0,763.0,0.0
5339351631,大田区,35.596875000000004,139.7015625,1775,938,488.0,104.0,78.0,87.0,938.0,453.0,440.0,0.0,215.0,721.0,0.0
5339351632,大田区,35.596875000000004,139.7046875,2060,1082,545.0,133.0,78.0,90.0,1081.0,566.0,467.0,0.0,206.0,868.0,0.0
5339351633,大田区,35.598958333333336,139.7015625,1457,700,287.0,39.0,84.0,62.0,700.0,432.0,230.0,0.0,279.0,408.0,0.0
5339351634,大田区,35.598958333333336,139.7046875,1713,974,529.0,83.0,135.0,82.0,959.0,455.0,450.0,0.0,94.0,858.0,0.0
5339351641,大田区,35.596875000000004,139.7078125,1599,903,523.0,109.0,67.0,71.0,898.0,456.0,376.0,0.0,122.0,773.0,0.0
5339351642,大田区,35.596875000000004,139.7109375,1089,671,436.0,97.0,62.0,34.0,668.0,277.0,343.0,0.0,145.0,523.0,0.0
5339351643,大田区,35.598958333333336,139.7078125,1192,575,250.0,41.0,64.0,49.0,574.0,347.0,205.0,0.0,223.0,344.0,0.0
5339351644,大田区,35.598958333333336,139.7109375,1576,980,670.0,175.0,85.0,51.0,974.0,314.0,614.0,0.0,250.0,714.0,0.0
5339351711,大田区,35.592708333333334,139.7140625,1170,632,330.0,80.0,60.0,48.0,631.0,313.0,292.0,0.0,239.0,371.0,0.0
5339351712,大田区,35.592708333333334,139.71718750000002,1409,681,297.0,68.0,55.0,68.0,680.0,385.0,270.0,0.0,269.0,407.0,0.0
5339351713,大田区,35.594791666666666,139.7140625,1491,832,456.0,110.0,73.0,54.0,830.0,269.0,440.0,49.0,175.0,649.0,0.0
5339351714,大田区,35.594791666666666,139.71718750000002,1552,756,348.0,55.0,107.0,49.0,755.0,465.0,249.0,0.0,409.0,326.0,0.0
5339351721,品川区,35.592708333333334,139.7203125,1637,868,447.0,83.0,101.0,58.0,859.0,443.0,334.0,0.0,243.0,614.0,0.0
5339351722,大田区,35.592708333333334,139.72343750000002,1322,636,275.0,49.0,66.0,69.0,635.0,358.0,237.0,0.0,258.0,359.0,0.0
5339351723,品川区,35.594791666666666,139.7203125,1363,601,254.0,75.0,51.0,72.0,530.0,351.0,131.0,0.0,233.0,281.0,0.0
5339351724,品川区,35.594791666666666,139.72343750000002,1551,706,291.0,50.0,71.0,64.0,698.0,397.0,258.0,0.0,318.0,366.0,0.0
5339351731,大田区,35.596875000000004,139.7140625,1510,865,510.0,96.0,99.0,48.0,861.0,354.0,455.0,0.0,328.0,521.0,0.0
5339351732,品川区,35.596875000000004,139.71718750000002,1561,756,341.0,66.0,92.0,59.0,751.0,450.0,274.0,0.0,350.0,399.0,0.0
5339351733,大田区,35.598958333333336,139.7140625,1847,1058,626.0,103.0,100.0,63.0,1055.0,514.0,481.0,0.0,295.0,755.0,0.0
5339351734,品川区,35.598958333333336,139.71718750000002,1731,838,356.0,77.0,74.0,87.0,789.0,328.0,285.0,0.0,237.0,548.0,0.0
5339351741,品川区,35.596875000000004,139.7203125,1317,654,305.0,58.0,83.0,40.0,594.0,368.0,190.0,10.0,246.0,326.0,0.0
5339351742,品川区,35.596875000000004,139.72343750000002,1522,719,288.0,56.0,77.0,50.0,715.0,432.0,252.0,0.0,399.0,309.0,0.0
5339351743,品川区,35.598958333333336,139.7203125,1673,851,438.0,85.0,101.0,56.0,840.0,420.0,367.0,4.0,397.0,439.0,0.0
5339351744,品川区,35.598958333333336,139.72343750000002,1860,999,555.0,142.0,156.0,70.0,989.0,380.0,541.0,0.0,344.0,635.0,0.0
5339351811,大田区,35.592708333333334,139.7265625,1263,608,255.0,29.0,74.0,59.0,607.0,371.0,212.0,0.0,251.0,345.0,0.0
5339351812,品川区,35.592708333333334,139.7296875,1475,879,545.0,112.0,70.0,46.0,875.0,308.0,498.0,0.0,98.0,775.0,0.0
5339351813,品川区,35.594791666666666,139.7265625,1631,793,355.0,64.0,76.0,77.0,791.0,351.0,368.0,0.0,369.0,404.0,0.0
5339351814,品川区,35.594791666666666,139.7296875,1280,627,265.0,39.0,59.0,52.0,600.0,316.0,244.0,0.0,185.0,404.0,0.0
5339351821,品川区,35.592708333333334,139.7328125,2315,1525,1051.0,216.0,160.0,71.0,1517.0,484.0,868.0,19.0,76.0,1438.0,48.0
5339351822,品川区,35.592708333333334,139.7359375,1717,1132,789.0,307.0,65.0,68.0,1113.0,357.0,523.0,0.0,50.0,1056.0,116.0
5339351823,品川区,35.594791666666666,139.7328125,2064,1197,706.0,123.0,147.0,54.0,1181.0,388.0,554.0,116.0,133.0,1048.0,0.0
5339351824,品川区,35.594791666666666,139.7359375,2028,1278,844.0,262.0,82.0,64.0,1276.0,319.0,784.0,46.0,106.0,1168.0,306.0
5339351831,品川区,35.596875000000004,139.7265625,1626,783,361.0,64.0,97.0,62.0,781.0,434.0,310.0,0.0,383.0,384.0,0.0
5339351832,品川区,35.596875000000004,139.7296875,1636,784,368.0,76.0,105.0,65.0,758.0,404.0,243.0,51.0,288.0,459.0,0.0
5339351833,品川区,35.598958333333336,139.7265625,1826,959,477.0,78.0,114.0,66.0,956.0,441.0,455.0,0.0,303.0,640.0,0.0
5339351834,品川区,35.598958333333336,139.7296875,1577,924,570.0,187.0,64.0,60.0,889.0,328.0,482.0,0.0,213.0,667.0,0.0
5339351841,品川区,35.596875000000004,139.7328125,1955,978,447.0,65.0,147.0,60.0,975.0,627.0,312.0,0.0,224.0,749.0,215.0
5339351842,品川区,35.596875000000004,139.7359375,2038,1075,568.0,116.0,64.0,162.0,1073.0,453.0,544.0,0.0,163.0,910.0,62.0
5339351843,品川区,35.598958333333336,139.7328125,1475,843,512.0,146.0,88.0,47.0,839.0,282.0,401.0,16.0,243.0,589.0,0.0
5339351844,品川区,35.598958333333336,139.7359375,1956,1154,718.0,154.0,134.0,80.0,1148.0,414.0,659.0,9.0,291.0,856.0,0.0
5339351911,品川区,35.592708333333334,139.73906250000002,144,59,19.0,3.0,3.0,6.0,59.0,42.0,12.0,0.0,43.0,15.0,0.0
5339351912,品川区,35.592708333333334,139.74218750000003,15,15,15.0,3.0,0.0,0.0,5.0,0.0,0.0,0.0,3.0,0.0,0.0
5339351913,品川区,35.594791666666666,139.73906250000002,1704,833,349.0,56.0,96.0,48.0,825.0,498.0,286.0,0.0,80.0,745.0,0.0
5339351923,品川区,35.594791666666666,139.7453125,168,137,118.0,9.0,1.0,1.0,137.0,0.0,0.0,0.0,0.0,137.0,0.0
5339351931,品川区,35.596875000000004,139.73906250000002,1590,934,573.0,109.0,108.0,42.0,931.0,382.0,477.0,0.0,231.0,692.0,94.0
5339351932,品川区,35.596875000000004,139.74218750000003,1593,536,111.0,25.0,16.0,125.0,527.0,172.0,59.0,0.0,28.0,499.0,127.0
5339351933,品川区,35.598958333333336,139.73906250000002,2055,1203,709.0,140.0,145.0,75.0,1202.0,527.0,631.0,0.0,213.0,986.0,134.0
5339351934,品川区,35.598958333333336,139.74218750000003,535,322,200.0,40.0,31.0,18.0,299.0,77.0,184.0,0.0,32.0,267.0,0.0
5339351941,品川区,35.596875000000004,139.7453125,793,414,222.0,82.0,16.0,75.0,414.0,79.0,12.0,0.0,0.0,414.0,0.0
5339351943,品川区,35.598958333333336,139.7453125,1914,831,339.0,187.0,9.0,249.0,665.0,439.0,64.0,0.0,1.0,662.0,458.0
5339352042,世田谷区,35.60520833333334,139.6359375,1074,514,192.0,29.0,51.0,62.0,511.0,342.0,161.0,0.0,80.0,431.0,0.0
5339352043,世田谷区,35.60729166666667,139.6328125,23,9,2.0,0.0,0.0,1.0,9.0,9.0,0.0,0.0,2.0,7.0,0.0
5339352044,世田谷区,35.60729166666667,139.6359375,786,363,126.0,13.0,38.0,34.0,361.0,231.0,100.0,0.0,135.0,219.0,0.0
5339352111,世田谷区,35.60104166666667,139.6390625,32,18,10.0,3.0,4.0,0.0,18.0,10.0,8.0,0.0,10.0,8.0,0.0
5339352112,世田谷区,35.60104166666667,139.6421875,630,295,119.0,24.0,36.0,33.0,294.0,169.0,119.0,0.0,136.0,151.0,0.0
5339352113,世田谷区,35.603125,139.6390625,1028,434,147.0,37.0,37.0,65.0,433.0,300.0,124.0,0.0,95.0,330.0,0.0
5339352114,世田谷区,35.603125,139.6421875,732,332,106.0,12.0,44.0,27.0,331.0,193.0,106.0,25.0,139.0,189.0,0.0
5339352121,世田谷区,35.60104166666667,139.6453125,682,305,122.0,29.0,30.0,24.0,304.0,151.0,139.0,0.0,159.0,143.0,0.0
5339352122,世田谷区,35.60104166666667,139.6484375,789,314,78.0,7.0,33.0,40.0,312.0,210.0,85.0,0.0,148.0,151.0,0.0
5339352123,世田谷区,35.603125,139.6453125,485,210,68.0,11.0,20.0,20.0,210.0,119.0,73.0,0.0,130.0,71.0,0.0
5339352124,世田谷区,35.603125,139.6484375,693,285,90.0,10.0,38.0,16.0,280.0,197.0,74.0,0.0,151.0,123.0,0.0
5339352131,世田谷区,35.60520833333334,139.6390625,589,258,97.0,25.0,23.0,27.0,258.0,129.0,114.0,0.0,95.0,161.0,0.0
5339352132,世田谷区,35.60520833333334,139.6421875,218,102,46.0,8.0,7.0,7.0,101.0,34.0,63.0,0.0,33.0,66.0,0.0
5339352133,世田谷区,35.60729166666667,139.6390625,723,369,173.0,51.0,34.0,22.0,368.0,165.0,182.0,0.0,166.0,181.0,0.0
5339352134,世田谷区,35.60729166666667,139.6421875,652,334,148.0,24.0,45.0,23.0,334.0,145.0,145.0,0.0,163.0,165.0,0.0
5339352141,世田谷区,35.60520833333334,139.6453125,415,213,100.0,8.0,30.0,28.0,209.0,116.0,78.0,0.0,44.0,159.0,0.0
5339352142,世田谷区,35.60520833333334,139.6484375,824,428,203.0,21.0,62.0,30.0,428.0,186.0,211.0,0.0,104.0,321.0,0.0
5339352143,世田谷区,35.60729166666667,139.6453125,634,288,96.0,14.0,35.0,24.0,288.0,172.0,100.0,0.0,169.0,116.0,0.0
5339352144,世田谷区,35.60729166666667,139.6484375,1252,725,419.0,90.0,72.0,29.0,715.0,291.0,387.0,0.0,145.0,559.0,0.0
5339352211,世田谷区,35.60104166666667,139.6515625,814,352,116.0,21.0,41.0,30.0,350.0,239.0,91.0,0.0,218.0,114.0,0.0
5339352212,世田谷区,35.60104166666667,139.65468750000002,626,291,105.0,23.0,33.0,22.0,290.0,195.0,80.0,0.0,188.0,91.0,0.0
5339352213,世田谷区,35.603125,139.6515625,959,460,190.0,26.0,75.0,32.0,460.0,282.0,161.0,0.0,196.0,262.0,0.0
5339352214,世田谷区,35.603125,139.65468750000002,920,516,293.0,77.0,55.0,16.0,516.0,235.0,267.0,0.0,199.0,315.0,0.0
5339352221,世田谷区,35.60104166666667,139.6578125,715,350,165.0,41.0,51.0,21.0,349.0,185.0,121.0,18.0,170.0,176.0,0.0
5339352222,世田谷区,35.60104166666667,139.66093750000002,558,258,108.0,25.0,36.0,24.0,258.0,102.0,78.0,63.0,54.0,204.0,0.0
5339352223,世田谷区,35.603125,139.6578125,1011,497,209.0,36.0,59.0,34.0,494.0,283.0,189.0,0.0,272.0,217.0,0.0
5339352224,世田谷区,35.603125,139.66093750000002,1041,588,326.0,78.0,74.0,39.0,586.0,252.0,298.0,0.0,226.0,353.0,0.0
5339352231,世田谷区,35.60520833333334,139.6515625,1108,577,277.0,57.0,80.0,30.0,577.0,287.0,241.0,0.0,231.0,335.0,0.0
5339352232,世田谷区,35.60520833333334,139.65468750000002,921,529,310.0,63.0,53.0,20.0,525.0,228.0,267.0,0.0,208.0,302.0,0.0
5339352233,世田谷区,35.60729166666667,139.6515625,1538,888,506.0,114.0,97.0,54.0,886.0,329.0,470.0,0.0,200.0,675.0,0.0
5339352234,世田谷区,35.60729166666667,139.65468750000002,1484,876,527.0,135.0,88.0,47.0,874.0,374.0,423.0,0.0,196.0,667.0,0.0
5339352241,世田谷区,35.60520833333334,139.6578125,1316,670,312.0,74.0,72.0,63.0,670.0,291.0,337.0,0.0,195.0,468.0,0.0
5339352242,世田谷区,35.60520833333334,139.66093750000002,1137,635,348.0,53.0,88.0,38.0,634.0,310.0,300.0,0.0,234.0,393.0,0.0
5339352243,世田谷区,35.60729166666667,139.6578125,1124,551,250.0,39.0,74.0,40.0,550.0,353.0,173.0,0.0,230.0,313.0,0.0
5339352244,世田谷区,35.60729166666667,139.66093750000002,499,240,89.0,12.0,28.0,12.0,238.0,163.0,65.0,0.0,160.0,67.0,0.0
5339352311,世田谷区,35.60104166666667,139.6640625,752,384,174.0,27.0,31.0,39.0,384.0,197.0,151.0,0.0,106.0,271.0,0.0
5339352312,世田谷区,35.60104166666667,139.6671875,717,364,157.0,30.0,38.0,29.0,362.0,165.0,171.0,0.0,156.0,200.0,0.0
5339352313,世田谷区,35.603125,139.6640625,856,401,148.0,27.0,38.0,25.0,400.0,241.0,143.0,0.0,210.0,175.0,0.0
5339352314,世田谷区,35.603125,139.6671875,922,511,279.0,80.0,39.0,24.0,498.0,230.0,234.0,0.0,204.0,280.0,0.0
5339352321,世田谷区,35.60104166666667,139.6703125,1236,653,332.0,68.0,84.0,28.0,649.0,316.0,294.0,0.0,324.0,309.0,0.0
5339352322,世田谷区,35.60104166666667,139.6734375,1399,728,364.0,82.0,88.0,47.0,724.0,396.0,296.0,0.0,304.0,410.0,0.0
5339352323,世田谷区,35.603125,139.6703125,1251,728,424.0,70.0,89.0,18.0,726.0,346.0,315.0,0.0,300.0,417.0,0.0
5339352324,世田谷区,35.603125,139.6734375,1733,916,459.0,76.0,119.0,69.0,908.0,423.0,386.0,0.0,257.0,640.0,0.0
5339352331,世田谷区,35.60520833333334,139.6640625,1455,839,479.0,89.0,105.0,58.0,838.0,361.0,407.0,0.0,200.0,625.0,0.0
5339352332,世田谷区,35.60520833333334,139.6671875,1165,706,430.0,75.0,69.0,30.0,701.0,276.0,379.0,0.0,175.0,519.0,0.0
5339352333,世田谷区,35.60729166666667,139.6640625,1008,530,294.0,74.0,53.0,25.0,528.0,233.0,261.0,0.0,191.0,329.0,0.0
5339352334,目黒区,35.60729166666667,139.6671875,383,244,162.0,20.0,37.0,5.0,242.0,98.0,133.0,0.0,63.0,169.0,0.0
5339352341,世田谷区,35.60520833333334,139.6703125,1267,821,541.0,103.0,94.0,29.0,818.0,317.0,469.0,0.0,203.0,607.0,0.0
5339352342,世田谷区,35.60520833333334,139.6734375,1223,714,430.0,97.0,64.0,46.0,709.0,273.0,374.0,0.0,252.0,448.0,0.0
5339352343,目黒区,35.60729166666667,139.6703125,760,475,307.0,72.0,47.0,20.0,466.0,199.0,238.0,0.0,53.0,406.0,0.0
5339352344,世田谷区,35.60729166666667,139.6734375,1011,522,245.0,41.0,80.0,30.0,521.0,311.0,192.0,0.0,241.0,268.0,0.0
5339352411,世田谷区,35.60104166666667,139.67656250000002,1116,509,198.0,31.0,67.0,49.0,506.0,311.0,175.0,0.0,305.0,179.0,0.0
5339352412,世田谷区,35.60104166666667,139.67968750000003,1058,492,192.0,41.0,51.0,51.0,489.0,298.0,167.0,0.0,255.0,216.0,0.0
5339352413,世田谷区,35.603125,139.67656250000002,1372,749,407.0,78.0,77.0,33.0,746.0,372.0,344.0,0.0,335.0,387.0,0.0
5339352414,世田谷区,35.603125,139.67968750000003,1070,561,278.0,63.0,68.0,41.0,559.0,293.0,240.0,0.0,271.0,277.0,0.0
5339352421,大田区,35.60104166666667,139.6828125,928,468,216.0,73.0,47.0,23.0,468.0,230.0,199.0,16.0,236.0,221.0,0.0
5339352422,大田区,35.60104166666667,139.68593750000002,1144,570,251.0,61.0,57.0,46.0,569.0,326.0,219.0,0.0,246.0,322.0,0.0
5339352423,大田区,35.603125,139.6828125,622,306,126.0,21.0,54.0,17.0,304.0,203.0,84.0,0.0,131.0,170.0,0.0
5339352424,大田区,35.603125,139.68593750000002,1245,669,355.0,114.0,67.0,48.0,667.0,319.0,320.0,0.0,322.0,336.0,0.0
5339352431,世田谷区,35.60520833333334,139.67656250000002,1211,651,332.0,75.0,68.0,36.0,649.0,318.0,302.0,0.0,291.0,351.0,0.0
5339352432,目黒区,35.60520833333334,139.67968750000003,961,566,334.0,86.0,54.0,22.0,559.0,216.0,307.0,0.0,175.0,375.0,0.0
5339352433,世田谷区,35.60729166666667,139.67656250000002,1263,687,370.0,93.0,69.0,41.0,684.0,343.0,308.0,0.0,320.0,347.0,0.0
5339352434,目黒区,35.60729166666667,139.67968750000003,488,279,164.0,36.0,46.0,6.0,279.0,138.0,134.0,0.0,111.0,158.0,0.0
5339352441,大田区,35.60520833333334,139.6828125,2,1,,,,,,,,,,,
5339352442,大田区,35.60520833333334,139.68593750000002,1558,968,614.0,148.0,89.0,51.0,965.0,324.0,610.0,0.0,224.0,725.0,0.0
5339352443,目黒区,35.60729166666667,139.6828125,573,332,201.0,70.0,34.0,15.0,331.0,135.0,181.0,0.0,112.0,180.0,0.0
5339352444,大田区,35.60729166666667,139.68593750000002,1196,717,478.0,130.0,89.0,28.0,691.0,248.0,419.0,0.0,71.0,620.0,0.0
5339352511,大田区,35.60104166666667,139.6890625,724,308,94.0,11.0,23.0,50.0,306.0,168.0,121.0,0.0,108.0,184.0,0.0
5339352512,大田区,35.60104166666667,139.69218750000002,359,211,126.0,35.0,18.0,11.0,209.0,84.0,110.0,0.0,35.0,174.0,0.0
5339352513,大田区,35.603125,139.6890625,486,224,77.0,9.0,26.0,25.0,224.0,122.0,91.0,0.0,115.0,106.0,0.0
5339352514,大田区,35.603125,139.69218750000002,749,368,173.0,65.0,37.0,20.0,367.0,211.0,147.0,0.0,196.0,170.0,0.0
5339352521,大田区,35.60104166666667,139.6953125,1473,851,492.0,109.0,75.0,40.0,841.0,353.0,436.0,0.0,234.0,597.0,0.0
5339352522,大田区,35.60104166666667,139.6984375,1237,736,447.0,91.0,70.0,25.0,734.0,277.0,378.0,0.0,198.0,522.0,0.0
5339352523,大田区,35.603125,139.6953125,1298,675,336.0,51.0,74.0,57.0,671.0,346.0,304.0,0.0,240.0,421.0,0.0
5339352524,大田区,35.603125,139.6984375,1580,956,604.0,132.0,91.0,51.0,952.0,355.0,550.0,0.0,224.0,717.0,0.0
5339352531,大田区,35.60520833333334,139.6890625,1206,606,289.0,62.0,70.0,43.0,603.0,312.0,271.0,0.0,227.0,361.0,0.0
5339352532,大田区,35.60520833333334,139.69218750000002,1111,485,165.0,28.0,43.0,61.0,485.0,289.0,147.0,0.0,221.0,260.0,0.0
5339352533,大田区,35.60729166666667,139.6890625,1158,603,310.0,90.0,47.0,40.0,599.0,295.0,285.0,0.0,282.0,291.0,0.0
5339352534,大田区,35.60729166666667,139.69218750000002,1519,821,429.0,89.0,69.0,65.0,819.0,355.0,416.0,0.0,213.0,603.0,0.0
5339352541,大田区,35.60520833333334,139.6953125,1505,831,455.0,107.0,62.0,64.0,829.0,388.0,389.0,0.0,241.0,568.0,0.0
5339352542,品川区,35.60520833333334,139.6984375,1539,915,578.0,141.0,86.0,49.0,915.0,361.0,500.0,0.0,201.0,703.0,0.0
5339352543,大田区,35.60729166666667,139.6953125,1561,847,438.0,102.0,81.0,51.0,847.0,390.0,417.0,0.0,291.0,554.0,0.0
5339352544,品川区,35.60729166666667,139.6984375,1040,463,170.0,30.0,42.0,37.0,461.0,286.0,152.0,0.0,241.0,207.0,0.0
5339352611,大田区,35.60104166666667,139.7015625,1738,942,507.0,102.0,108.0,52.0,938.0,402.0,484.0,0.0,254.0,678.0,0.0
5339352612,大田区,35.60104166666667,139.7046875,1554,888,512.0,108.0,106.0,61.0,885.0,350.0,488.0,0.0,334.0,546.0,0.0
5339352613,品川区,35.603125,139.7015625,1504,784,419.0,85.0,86.0,41.0,779.0,390.0,327.0,0.0,281.0,494.0,0.0
5339352614,品川区,35.603125,139.7046875,2091,1257,806.0,157.0,182.0,72.0,1256.0,428.0,757.0,0.0,345.0,888.0,0.0
5339352621,品川区,35.60104166666667,139.7078125,1847,1037,575.0,78.0,118.0,68.0,1034.0,441.0,551.0,0.0,270.0,757.0,0.0
5339352622,品川区,35.60104166666667,139.7109375,2121,1053,528.0,107.0,106.0,66.0,1044.0,506.0,447.0,25.0,346.0,688.0,0.0
5339352623,品川区,35.603125,139.7078125,1637,1079,774.0,192.0,96.0,42.0,1075.0,283.0,686.0,0.0,210.0,856.0,52.0
5339352624,品川区,35.603125,139.7109375,1939,1182,758.0,134.0,134.0,70.0,1172.0,408.0,666.0,0.0,274.0,889.0,0.0
5339352631,品川区,35.60520833333334,139.7015625,2134,1274,804.0,221.0,137.0,94.0,1267.0,330.0,773.0,9.0,161.0,1098.0,58.0
5339352632,品川区,35.60520833333334,139.7046875,1317,838,569.0,111.0,103.0,32.0,838.0,256.0,536.0,0.0,158.0,675.0,0.0
5339352633,品川区,35.60729166666667,139.7015625,943,588,371.0,106.0,66.0,30.0,588.0,262.0,241.0,0.0,118.0,466.0,0.0
5339352634,品川区,35.60729166666667,139.7046875,1509,1026,754.0,200.0,89.0,32.0,993.0,297.0,565.0,0.0,164.0,822.0,0.0
5339352641,品川区,35.60520833333334,139.7078125,1332,709,384.0,93.0,83.0,64.0,708.0,316.0,352.0,0.0,280.0,426.0,0.0
5339352642,品川区,35.60520833333334,139.7109375,1625,934,574.0,117.0,139.0,45.0,906.0,332.0,481.0,0.0,342.0,562.0,0.0
5339352643,品川区,35.60729166666667,139.7078125,2067,1098,588.0,101.0,152.0,62.0,1097.0,453.0,589.0,0.0,399.0,684.0,0.0
5339352644,品川区,35.60729166666667,139.7109375,1837,1023,592.0,108.0,109.0,89.0,1023.0,336.0,603.0,0.0,319.0,693.0,0.0
5339352711,品川区,35.60104166666667,139.7140625,1749,1071,723.0,153.0,57.0,85.0,1052.0,395.0,438.0,9.0,175.0,875.0,98.0
5339352712,品川区,35.60104166666667,139.71718750000002,1891,1024,554.0,163.0,129.0,86.0,963.0,407.0,436.0,51.0,270.0,673.0,0.0
5339352713,品川区,35.603125,139.7140625,1682,1042,661.0,165.0,88.0,68.0,1034.0,273.0,696.0,0.0,203.0,824.0,52.0
5339352714,品川区,35.603125,139.71718750000002,1672,941,525.0,83.0,183.0,54.0,939.0,413.0,465.0,16.0,408.0,523.0,0.0
5339352721,品川区,35.60104166666667,139.7203125,1440,841,505.0,127.0,88.0,50.0,827.0,251.0,459.0,42.0,193.0,631.0,3.0
5339352722,品川区,35.60104166666667,139.72343750000002,2106,1105,542.0,92.0,118.0,82.0,1092.0,442.0,433.0,142.0,159.0,932.0,447.0
5339352723,品川区,35.603125,139.7203125,1965,1150,682.0,162.0,133.0,46.0,1119.0,453.0,559.0,0.0,438.0,676.0,0.0
5339352724,品川区,35.603125,139.72343750000002,1135,671,412.0,92.0,50.0,43.0,667.0,185.0,427.0,0.0,147.0,518.0,39.0
5339352731,品川区,35.60520833333334,139.7140625,1825,1105,733.0,162.0,104.0,70.0,1091.0,331.0,676.0,9.0,283.0,801.0,0.0
5339352732,品川区,35.60520833333334,139.71718750000002,1800,1033,633.0,133.0,144.0,62.0,1030.0,385.0,579.0,7.0,381.0,648.0,0.0
5339352733,品川区,35.60729166666667,139.7140625,1675,923,518.0,91.0,89.0,62.0,919.0,328.0,534.0,0.0,271.0,646.0,0.0
5339352734,品川区,35.60729166666667,139.71718750000002,1862,1095,648.0,132.0,103.0,65.0,1091.0,440.0,554.0,0.0,280.0,806.0,0.0
5339352741,品川区,35.60520833333334,139.7203125,1718,901,445.0,73.0,159.0,53.0,890.0,478.0,372.0,0.0,468.0,413.0,0.0
5339352742,品川区,35.60520833333334,139.72343750000002,1120,622,349.0,85.0,79.0,25.0,593.0,259.0,304.0,0.0,250.0,340.0,0.0
5339352743,品川区,35.60729166666667,139.7203125,1772,958,515.0,95.0,153.0,51.0,952.0,408.0,478.0,0.0,324.0,626.0,0.0
5339352744,品川区,35.60729166666667,139.72343750000002,1333,772,464.0,110.0,104.0,38.0,762.0,271.0,436.0,0.0,246.0,513.0,0.0
5339352811,品川区,35.60104166666667,139.7265625,1337,717,366.0,63.0,64.0,57.0,717.0,245.0,421.0,0.0,225.0,485.0,0.0
5339352812,品川区,35.60104166666667,139.7296875,2595,1171,463.0,80.0,108.0,79.0,1142.0,681.0,371.0,0.0,242.0,895.0,289.0
5339352813,品川区,35.603125,139.7265625,1248,707,420.0,118.0,72.0,60.0,707.0,290.0,358.0,0.0,247.0,455.0,0.0
5339352814,品川区,35.603125,139.7296875,2276,1234,668.0,137.0,84.0,116.0,1226.0,465.0,622.0,0.0,213.0,1005.0,0.0
5339352821,品川区,35.60104166666667,139.7328125,1466,831,475.0,70.0,130.0,62.0,820.0,294.0,454.0,10.0,219.0,589.0,0.0
5339352822,品川区,35.60104166666667,139.7359375,1656,883,479.0,126.0,84.0,60.0,881.0,391.0,447.0,0.0,257.0,620.0,0.0
5339352823,品川区,35.603125,139.7328125,2302,1660,1276.0,261.0,156.0,61.0,1649.0,367.0,1141.0,0.0,193.0,1453.0,61.0
5339352824,品川区,35.603125,139.7359375,1409,889,595.0,141.0,85.0,45.0,860.0,293.0,501.0,0.0,172.0,677.0,0.0
5339352831,品川区,35.60520833333334,139.7265625,1902,1138,690.0,156.0,166.0,53.0,1133.0,406.0,625.0,0.0,355.0,771.0,0.0
5339352832,品川区,35.60520833333334,139.7296875,2562,1469,822.0,134.0,147.0,133.0,1462.0,769.0,571.0,28.0,338.0,1118.0,504.0
5339352833,品川区,35.60729166666667,139.7265625,1584,750,347.0,49.0,115.0,76.0,747.0,342.0,262.0,112.0,116.0,626.0,0.0
5339352834,品川区,35.60729166666667,139.7296875,2257,1250,702.0,122.0,99.0,116.0,1241.0,650.0,512.0,2.0,181.0,1059.0,400.0
5339352841,品川区,35.60520833333334,139.7328125,1835,1229,851.0,126.0,95.0,76.0,1226.0,333.0,807.0,0.0,66.0,1157.0,106.0
5339352842,品川区,35.60520833333334,139.7359375,1165,652,355.0,65.0,53.0,72.0,651.0,238.0,322.0,0.0,74.0,576.0,0.0
5339352843,品川区,35.60729166666667,139.7328125,915,626,438.0,63.0,70.0,25.0,620.0,231.0,271.0,41.0,17.0,600.0,162.0
5339352844,品川区,35.60729166666667,139.7359375,1200,756,495.0,84.0,47.0,43.0,716.0,332.0,343.0,0.0,77.0,634.0,125.0
5339352911,品川区,35.60104166666667,139.73906250000002,1518,858,506.0,138.0,83.0,56.0,785.0,378.0,353.0,0.0,168.0,605.0,52.0
5339352912,品川区,35.60104166666667,139.74218750000003,652,401,260.0,65.0,37.0,16.0,399.0,123.0,221.0,0.0,108.0,291.0,0.0
5339352913,品川区,35.603125,139.73906250000002,1440,952,644.0,162.0,83.0,38.0,931.0,259.0,562.0,56.0,120.0,807.0,0.0
5339352914,品川区,35.603125,139.74218750000003,1540,934,599.0,148.0,59.0,69.0,931.0,268.0,590.0,0.0,180.0,745.0,0.0
5339352921,品川区,35.60104166666667,139.7453125,808,268,31.0,1.0,3.0,108.0,268.0,255.0,9.0,0.0,0.0,268.0,263.0
5339352923,品川区,35.603125,139.7453125,551,263,102.0,3.0,40.0,9.0,260.0,212.0,35.0,0.0,0.0,260.0,56.0
5339352931,品川区,35.60520833333334,139.73906250000002,2060,1274,826.0,151.0,154.0,76.0,1215.0,434.0,594.0,90.0,136.0,1075.0,0.0
5339352932,品川区,35.60520833333334,139.74218750000003,1468,762,373.0,73.0,76.0,57.0,762.0,383.0,344.0,0.0,110.0,648.0,0.0
5339352933,品川区,35.60729166666667,139.73906250000002,3218,1780,1007.0,222.0,110.0,156.0,1746.0,765.0,822.0,0.0,112.0,1627.0,217.0
5339352934,品川区,35.60729166666667,139.74218750000003,1719,866,395.0,63.0,79.0,64.0,857.0,530.0,263.0,0.0,102.0,754.0,87.0
5339352941,品川区,35.60520833333334,139.7453125,1309,569,181.0,21.0,46.0,55.0,567.0,390.0,142.0,0.0,25.0,540.0,297.0
5339352942,品川区,35.60520833333334,139.74843750000002,1465,593,129.0,6.0,44.0,184.0,592.0,552.0,26.0,0.0,0.0,592.0,321.0
5339352943,品川区,35.60729166666667,139.7453125,1336,727,366.0,62.0,63.0,80.0,690.0,244.0,379.0,0.0,46.0,644.0,211.0
5339352944,品川区,35.60729166666667,139.74843750000002,3107,1388,423.0,52.0,25.0,349.0,1387.0,961.0,166.0,187.0,0.0,1386.0,1379.0
5339353011,世田谷区,35.609375,139.6265625,59,26,8.0,0.0,1.0,5.0,26.0,14.0,12.0,0.0,2.0,24.0,0.0
5339353012,世田谷区,35.609375,139.62968750000002,1334,628,235.0,36.0,55.0,71.0,617.0,436.0,159.0,0.0,58.0,552.0,360.0
5339353013,世田谷区,35.61145833333333,139.6265625,1113,554,233.0,33.0,80.0,37.0,554.0,443.0,91.0,0.0,34.0,518.0,287.0
5339353014,世田谷区,35.61145833333333,139.62968750000002,197,110,66.0,12.0,12.0,8.0,110.0,54.0,54.0,0.0,40.0,68.0,0.0
5339353021,世田谷区,35.609375,139.6328125,1392,603,180.0,16.0,45.0,81.0,601.0,514.0,72.0,0.0,7.0,594.0,527.0
5339353022,世田谷区,35.609375,139.6359375,1045,449,130.0,16.0,41.0,35.0,441.0,358.0,64.0,0.0,77.0,358.0,0.0
5339353023,世田谷区,35.61145833333333,139.6328125,1005,501,223.0,46.0,40.0,46.0,495.0,277.0,178.0,0.0,93.0,397.0,0.0
5339353024,世田谷区,35.61145833333333,139.6359375,286,140,53.0,8.0,24.0,5.0,140.0,92.0,45.0,0.0,74.0,62.0,0.0
5339353031,世田谷区,35.61354166666667,139.6265625,208,124,75.0,8.0,26.0,4.0,124.0,66.0,50.0,0.0,23.0,99.0,0.0
5339353032,世田谷区,35.61354166666667,139.62968750000002,1038,539,253.0,43.0,65.0,28.0,539.0,319.0,192.0,0.0,107.0,430.0,0.0
5339353033,世田谷区,35.615625,139.6265625,659,379,227.0,45.0,40.0,23.0,372.0,143.0,212.0,3.0,28.0,342.0,0.0
5339353034,世田谷区,35.615625,139.62968750000002,1045,483,180.0,15.0,63.0,40.0,482.0,343.0,119.0,0.0,116.0,363.0,0.0
5339353041,世田谷区,35.61354166666667,139.6328125,526,227,73.0,4.0,24.0,21.0,227.0,152.0,55.0,0.0,90.0,125.0,0.0
5339353042,世田谷区,35.61354166666667,139.6359375,901,457,214.0,28.0,91.0,35.0,453.0,276.0,159.0,0.0,88.0,364.0,0.0
5339353043,世田谷区,35.615625,139.6328125,738,284,87.0,10.0,36.0,43.0,284.0,148.0,70.0,0.0,122.0,157.0,0.0
5339353044,世田谷区,35.615625,139.6359375,1144,605,310.0,99.0,40.0,52.0,586.0,285.0,253.0,0.0,203.0,380.0,0.0
5339353111,世田谷区,35.609375,139.6390625,884,423,188.0,48.0,51.0,30.0,421.0,208.0,196.0,0.0,136.0,278.0,0.0
5339353112,世田谷区,35.609375,139.6421875,924,446,182.0,21.0,45.0,29.0,445.0,221.0,203.0,0.0,146.0,291.0,0.0
5339353113,世田谷区,35.61145833333333,139.6390625,940,547,312.0,57.0,67.0,22.0,545.0,208.0,274.0,9.0,157.0,372.0,0.0
5339353114,世田谷区,35.61145833333333,139.6421875,781,396,187.0,41.0,37.0,36.0,396.0,145.0,217.0,0.0,142.0,242.0,0.0
5339353121,世田谷区,35.609375,139.6453125,953,478,228.0,47.0,51.0,49.0,475.0,192.0,264.0,0.0,157.0,304.0,0.0
5339353122,世田谷区,35.609375,139.6484375,676,376,207.0,45.0,48.0,24.0,374.0,165.0,196.0,0.0,115.0,251.0,0.0
5339353123,世田谷区,35.61145833333333,139.6453125,775,382,151.0,28.0,40.0,25.0,382.0,212.0,145.0,0.0,197.0,171.0,0.0
5339353124,世田谷区,35.61145833333333,139.6484375,1032,539,275.0,44.0,64.0,32.0,539.0,268.0,236.0,0.0,233.0,289.0,0.0
5339353131,世田谷区,35.61354166666667,139.6390625,1686,931,483.0,104.0,105.0,53.0,925.0,453.0,434.0,0.0,221.0,698.0,0.0
5339353132,世田谷区,35.61354166666667,139.6421875,1205,575,226.0,31.0,69.0,45.0,575.0,265.0,273.0,0.0,148.0,414.0,0.0
5339353133,世田谷区,35.615625,139.6390625,1529,661,212.0,17.0,80.0,60.0,658.0,465.0,171.0,0.0,190.0,459.0,0.0
5339353134,世田谷区,35.615625,139.6421875,953,442,181.0,35.0,53.0,25.0,442.0,250.0,159.0,0.0,163.0,276.0,0.0
5339353141,世田谷区,35.61354166666667,139.6453125,865,423,182.0,47.0,31.0,36.0,423.0,209.0,175.0,0.0,179.0,232.0,0.0
5339353142,世田谷区,35.61354166666667,139.6484375,1110,571,278.0,76.0,63.0,39.0,534.0,310.0,204.0,0.0,242.0,282.0,0.0
5339353143,世田谷区,35.615625,139.6453125,990,457,182.0,33.0,43.0,41.0,452.0,237.0,206.0,0.0,222.0,224.0,0.0
5339353144,世田谷区,35.615625,139.6484375,1093,473,153.0,50.0,32.0,60.0,469.0,274.0,164.0,0.0,150.0,301.0,0.0
5339353211,世田谷区,35.609375,139.6515625,1010,574,328.0,57.0,81.0,38.0,564.0,245.0,300.0,0.0,158.0,402.0,0.0
5339353212,世田谷区,35.609375,139.65468750000002,900,429,170.0,29.0,54.0,29.0,420.0,260.0,138.0,0.0,232.0,179.0,0.0
5339353213,世田谷区,35.61145833333333,139.6515625,835,367,119.0,17.0,33.0,30.0,366.0,234.0,114.0,0.0,133.0,215.0,0.0
5339353214,世田谷区,35.61145833333333,139.65468750000002,1020,481,190.0,49.0,55.0,55.0,466.0,275.0,155.0,0.0,198.0,265.0,1.0
5339353221,世田谷区,35.609375,139.6578125,926,438,188.0,40.0,46.0,54.0,437.0,215.0,209.0,0.0,229.0,195.0,0.0
5339353222,世田谷区,35.609375,139.66093750000002,490,249,125.0,27.0,28.0,11.0,249.0,139.0,104.0,0.0,143.0,103.0,0.0
5339353223,世田谷区,35.61145833333333,139.6578125,1354,679,322.0,164.0,43.0,63.0,664.0,294.0,341.0,0.0,260.0,389.0,0.0
5339353224,世田谷区,35.61145833333333,139.66093750000002,997,552,288.0,75.0,57.0,25.0,550.0,295.0,240.0,0.0,191.0,354.0,0.0
5339353231,世田谷区,35.61354166666667,139.6515625,745,324,106.0,21.0,15.0,27.0,323.0,182.0,127.0,0.0,85.0,238.0,0.0
5339353232,世田谷区,35.61354166666667,139.65468750000002,1383,635,226.0,33.0,56.0,71.0,635.0,415.0,203.0,0.0,153.0,478.0,103.0
5339353233,世田谷区,35.615625,139.6515625,1132,492,160.0,25.0,53.0,43.0,487.0,342.0,123.0,0.0,221.0,258.0,0.0
5339353234,世田谷区,35.615625,139.65468750000002,1063,487,222.0,89.0,51.0,42.0,448.0,274.0,158.0,0.0,211.0,234.0,0.0
5339353241,世田谷区,35.61354166666667,139.6578125,1566,642,241.0,31.0,62.0,59.0,641.0,454.0,155.0,9.0,127.0,512.0,0.0
5339353242,世田谷区,35.61354166666667,139.66093750000002,1129,563,227.0,63.0,60.0,48.0,562.0,326.0,203.0,0.0,80.0,432.0,0.0
5339353243,世田谷区,35.615625,139.6578125,1537,670,229.0,44.0,80.0,69.0,670.0,467.0,171.0,0.0,287.0,378.0,0.0
5339353244,世田谷区,35.615625,139.66093750000002,1396,619,230.0,30.0,81.0,64.0,616.0,386.0,178.0,22.0,272.0,336.0,0.0
5339353311,目黒区,35.609375,139.6640625,1167,712,459.0,106.0,70.0,35.0,710.0,306.0,363.0,0.0,208.0,472.0,0.0
5339353312,目黒区,35.609375,139.6671875,664,374,206.0,40.0,44.0,17.0,373.0,166.0,178.0,0.0,85.0,269.0,0.0
5339353313,目黒区,35.61145833333333,139.6640625,948,498,246.0,55.0,58.0,22.0,495.0,229.0,228.0,0.0,228.0,241.0,0.0
5339353314,目黒区,35.61145833333333,139.6671875,822,442,226.0,43.0,47.0,25.0,439.0,193.0,226.0,0.0,122.0,275.0,0.0
5339353321,目黒区,35.609375,139.6703125,911,571,365.0,71.0,54.0,21.0,570.0,195.0,343.0,0.0,124.0,423.0,0.0
5339353322,目黒区,35.609375,139.6734375,1261,718,396.0,85.0,86.0,49.0,717.0,240.0,395.0,0.0,123.0,579.0,0.0
5339353323,目黒区,35.61145833333333,139.6703125,1115,638,370.0,66.0,52.0,25.0,636.0,249.0,356.0,0.0,201.0,427.0,0.0
5339353324,目黒区,35.61145833333333,139.6734375,1003,489,213.0,35.0,59.0,32.0,485.0,275.0,187.0,0.0,261.0,200.0,0.0
5339353331,目黒区,35.61354166666667,139.6640625,983,485,207.0,36.0,50.0,44.0,483.0,257.0,201.0,0.0,120.0,351.0,0.0
5339353332,目黒区,35.61354166666667,139.6671875,1503,766,340.0,69.0,81.0,51.0,765.0,452.0,280.0,0.0,110.0,637.0,0.0
5339353333,目黒区,35.615625,139.6640625,1138,487,170.0,27.0,47.0,54.0,487.0,303.0,167.0,0.0,270.0,199.0,0.0
5339353334,目黒区,35.615625,139.6671875,1046,478,183.0,29.0,56.0,44.0,478.0,235.0,219.0,6.0,194.0,262.0,0.0
5339353341,目黒区,35.61354166666667,139.6703125,1208,632,311.0,49.0,59.0,39.0,627.0,303.0,288.0,0.0,226.0,381.0,0.0
5339353342,目黒区,35.61354166666667,139.6734375,997,522,257.0,53.0,61.0,44.0,520.0,212.0,269.0,0.0,184.0,310.0,0.0
5339353343,目黒区,35.615625,139.6703125,1648,887,430.0,59.0,95.0,62.0,887.0,442.0,383.0,0.0,130.0,747.0,0.0
5339353344,目黒区,35.615625,139.6734375,1257,687,357.0,79.0,63.0,52.0,683.0,296.0,348.0,0.0,182.0,482.0,0.0
5339353411,目黒区,35.609375,139.67656250000002,1425,806,448.0,115.0,88.0,29.0,800.0,334.0,426.0,0.0,253.0,526.0,0.0
5339353412,目黒区,35.609375,139.67968750000003,1259,610,268.0,55.0,57.0,48.0,607.0,330.0,250.0,0.0,129.0,462.0,0.0
5339353413,目黒区,35.61145833333333,139.67656250000002,994,464,174.0,28.0,50.0,36.0,462.0,228.0,201.0,0.0,203.0,225.0,0.0
5339353414,目黒区,35.61145833333333,139.67968750000003,1320,616,257.0,42.0,78.0,53.0,614.0,396.0,198.0,0.0,165.0,426.0,0.0
5339353421,目黒区,35.609375,139.6828125,1568,844,461.0,140.0,98.0,52.0,843.0,406.0,399.0,0.0,326.0,492.0,0.0
5339353422,大田区,35.609375,139.68593750000002,1545,1018,720.0,226.0,78.0,20.0,1013.0,259.0,682.0,0.0,205.0,793.0,0.0
5339353423,目黒区,35.61145833333333,139.6828125,1440,716,333.0,74.0,92.0,36.0,716.0,368.0,316.0,0.0,339.0,341.0,0.0
5339353424,大田区,35.61145833333333,139.68593750000002,1632,966,581.0,152.0,100.0,38.0,958.0,364.0,541.0,0.0,312.0,621.0,0.0
5339353431,目黒区,35.61354166666667,139.67656250000002,1220,733,437.0,90.0,68.0,45.0,732.0,232.0,418.0,0.0,91.0,629.0,0.0
5339353432,目黒区,35.61354166666667,139.67968750000003,1506,848,466.0,96.0,99.0,47.0,842.0,401.0,411.0,0.0,175.0,641.0,0.0
5339353433,目黒区,35.615625,139.67656250000002,1642,1013,613.0,117.0,111.0,68.0,1012.0,388.0,572.0,0.0,93.0,889.0,0.0
5339353434,目黒区,35.615625,139.67968750000003,1339,678,344.0,95.0,64.0,54.0,678.0,295.0,338.0,0.0,283.0,381.0,0.0
5339353441,目黒区,35.61354166666667,139.6828125,1586,829,444.0,121.0,84.0,42.0,823.0,346.0,432.0,0.0,316.0,469.0,0.0
5339353442,目黒区,35.61354166666667,139.68593750000002,1350,748,421.0,140.0,70.0,47.0,748.0,282.0,431.0,0.0,212.0,528.0,0.0
5339353443,目黒区,35.615625,139.6828125,1279,655,321.0,85.0,42.0,54.0,649.0,271.0,343.0,0.0,181.0,455.0,0.0
5339353444,目黒区,35.615625,139.68593750000002,1576,755,350.0,112.0,53.0,68.0,753.0,329.0,376.0,0.0,306.0,422.0,0.0
5339353511,大田区,35.609375,139.6890625,841,403,169.0,43.0,34.0,36.0,402.0,207.0,178.0,0.0,227.0,162.0,0.0
5339353512,大田区,35.609375,139.69218750000002,1261,776,484.0,128.0,57.0,46.0,776.0,244.0,497.0,0.0,181.0,586.0,0.0
5339353513,目黒区,35.61145833333333,139.6890625,1444,701,299.0,61.0,62.0,63.0,696.0,417.0,243.0,0.0,201.0,488.0,0.0
5339353514,目黒区,35.61145833333333,139.69218750000002,1039,567,281.0,44.0,63.0,23.0,566.0,323.0,222.0,0.0,239.0,317.0,0.0
5339353521,目黒区,35.609375,139.6953125,1128,607,316.0,63.0,76.0,44.0,602.0,289.0,280.0,0.0,134.0,463.0,0.0
5339353522,品川区,35.609375,139.6984375,907,401,136.0,19.0,33.0,30.0,400.0,237.0,133.0,0.0,266.0,131.0,0.0
5339353523,目黒区,35.61145833333333,139.6953125,1124,611,314.0,53.0,88.0,36.0,608.0,300.0,281.0,0.0,250.0,350.0,0.0
5339353524,品川区,35.61145833333333,139.6984375,1072,480,196.0,40.0,48.0,44.0,473.0,267.0,179.0,0.0,267.0,198.0,0.0
5339353531,目黒区,35.61354166666667,139.6890625,1060,598,340.0,60.0,77.0,35.0,598.0,180.0,290.0,40.0,181.0,395.0,0.0
5339353532,目黒区,35.61354166666667,139.69218750000002,1302,670,310.0,72.0,79.0,51.0,668.0,298.0,345.0,0.0,281.0,363.0,0.0
5339353533,目黒区,35.615625,139.6890625,1577,706,257.0,55.0,84.0,75.0,706.0,399.0,228.0,65.0,302.0,389.0,0.0
5339353534,目黒区,35.615625,139.69218750000002,1751,862,360.0,82.0,118.0,73.0,859.0,450.0,376.0,0.0,270.0,571.0,0.0
5339353541,目黒区,35.61354166666667,139.6953125,1306,734,414.0,70.0,95.0,30.0,733.0,325.0,381.0,0.0,317.0,402.0,0.0
5339353542,品川区,35.61354166666667,139.6984375,2377,1458,921.0,180.0,183.0,85.0,1456.0,415.0,974.0,0.0,332.0,1106.0,0.0
5339353543,目黒区,35.615625,139.6953125,1669,949,526.0,135.0,105.0,53.0,948.0,328.0,575.0,0.0,306.0,640.0,0.0
5339353544,品川区,35.615625,139.6984375,1791,1135,750.0,182.0,97.0,59.0,1115.0,330.0,699.0,0.0,162.0,952.0,0.0
5339353611,品川区,35.609375,139.7015625,824,400,182.0,35.0,39.0,24.0,396.0,215.0,163.0,0.0,199.0,197.0,0.0
5339353612,品川区,35.609375,139.7046875,831,529,359.0,124.0,45.0,20.0,525.0,139.0,354.0,0.0,111.0,405.0,0.0
5339353613,品川区,35.61145833333333,139.7015625,1810,915,446.0,70.0,124.0,72.0,913.0,445.0,393.0,27.0,354.0,555.0,0.0
5339353614,品川区,35.61145833333333,139.7046875,2069,1152,677.0,153.0,79.0,82.0,1147.0,442.0,642.0,0.0,196.0,945.0,0.0
5339353621,品川区,35.609375,139.7078125,1967,1031,543.0,104.0,97.0,102.0,1028.0,414.0,559.0,0.0,317.0,702.0,0.0
5339353622,品川区,35.609375,139.7109375,1888,1098,643.0,122.0,98.0,73.0,1083.0,379.0,598.0,0.0,243.0,839.0,0.0
5339353623,品川区,35.61145833333333,139.7078125,1726,985,595.0,130.0,109.0,61.0,982.0,380.0,544.0,0.0,338.0,632.0,0.0
5339353624,品川区,35.61145833333333,139.7109375,2163,1174,663.0,118.0,143.0,115.0,1172.0,508.0,598.0,2.0,274.0,895.0,0.0
5339353631,品川区,35.61354166666667,139.7015625,2324,1349,833.0,164.0,147.0,87.0,1347.0,635.0,662.0,0.0,316.0,1022.0,0.0
5339353632,品川区,35.61354166666667,139.7046875,1971,1209,775.0,191.0,110.0,69.0,1209.0,383.0,732.0,0.0,285.0,922.0,0.0
5339353633,品川区,35.615625,139.7015625,1786,1066,673.0,176.0,98.0,67.0,1064.0,299.0,716.0,0.0,249.0,804.0,0.0
5339353634,品川区,35.615625,139.7046875,1644,898,523.0,113.0,80.0,45.0,898.0,392.0,459.0,0.0,313.0,562.0,0.0
5339353641,品川区,35.61354166666667,139.7078125,1894,1157,749.0,191.0,107.0,64.0,1131.0,422.0,659.0,0.0,235.0,890.0,0.0
5339353642,品川区,35.61354166666667,139.7109375,2142,1177,677.0,132.0,151.0,63.0,1131.0,430.0,574.0,84.0,227.0,896.0,0.0
5339353643,品川区,35.615625,139.7078125,2530,1389,745.0,117.0,119.0,119.0,1389.0,663.0,612.0,20.0,155.0,1228.0,0.0
5339353644,品川区,35.615625,139.7109375,1850,1068,609.0,127.0,105.0,50.0,1056.0,428.0,580.0,0.0,213.0,842.0,85.0
5339353711,品川区,35.609375,139.7140625,2230,1296,758.0,130.0,138.0,75.0,1293.0,574.0,637.0,0.0,338.0,950.0,0.0
5339353712,品川区,35.609375,139.71718750000002,1599,906,506.0,82.0,111.0,47.0,899.0,319.0,513.0,0.0,228.0,666.0,0.0
5339353713,品川区,35.61145833333333,139.7140625,2206,1306,807.0,170.0,111.0,88.0,1290.0,453.0,715.0,0.0,227.0,1062.0,0.0
5339353714,品川区,35.61145833333333,139.71718750000002,2228,1326,826.0,174.0,115.0,85.0,1321.0,435.0,800.0,0.0,292.0,1026.0,130.0
5339353721,品川区,35.609375,139.7203125,945,509,282.0,52.0,46.0,44.0,507.0,164.0,306.0,0.0,104.0,402.0,6.0
5339353722,品川区,35.609375,139.72343750000002,1443,792,427.0,84.0,100.0,58.0,791.0,308.0,432.0,0.0,258.0,530.0,0.0
5339353723,品川区,35.61145833333333,139.7203125,1048,564,306.0,72.0,70.0,50.0,557.0,250.0,261.0,0.0,175.0,379.0,41.0
5339353724,品川区,35.61145833333333,139.72343750000002,1752,855,367.0,59.0,103.0,79.0,853.0,426.0,355.0,0.0,330.0,522.0,0.0
5339353731,品川区,35.61354166666667,139.7140625,1881,1146,728.0,152.0,130.0,73.0,1145.0,451.0,622.0,0.0,270.0,863.0,67.0
5339353732,品川区,35.61354166666667,139.71718750000002,2159,1277,787.0,157.0,125.0,74.0,1271.0,398.0,762.0,0.0,336.0,932.0,4.0
5339353733,品川区,35.615625,139.7140625,1678,959,532.0,90.0,126.0,62.0,957.0,298.0,614.0,0.0,187.0,765.0,0.0
5339353734,品川区,35.615625,139.71718750000002,2061,1362,957.0,182.0,128.0,45.0,1353.0,292.0,964.0,0.0,170.0,1182.0,104.0
5339353741,品川区,35.61354166666667,139.7203125,1757,1013,600.0,96.0,150.0,44.0,990.0,393.0,520.0,0.0,343.0,640.0,0.0
5339353742,品川区,35.61354166666667,139.72343750000002,2134,1176,645.0,126.0,112.0,68.0,1172.0,552.0,558.0,0.0,441.0,728.0,50.0
5339353743,品川区,35.615625,139.7203125,1958,1267,866.0,168.0,139.0,51.0,1265.0,344.0,833.0,0.0,314.0,947.0,0.0
5339353744,品川区,35.615625,139.72343750000002,1368,748,427.0,97.0,83.0,54.0,736.0,273.0,376.0,0.0,238.0,481.0,0.0
5339353811,品川区,35.609375,139.7265625,649,364,212.0,27.0,55.0,20.0,363.0,157.0,187.0,2.0,147.0,212.0,0.0
5339353812,品川区,35.609375,139.7296875,700,332,151.0,29.0,21.0,18.0,329.0,65.0,140.0,120.0,55.0,274.0,120.0
5339353813,品川区,35.61145833333333,139.7265625,1949,1043,561.0,126.0,112.0,67.0,1039.0,466.0,513.0,0.0,439.0,595.0,0.0
5339353814,品川区,35.61145833333333,139.7296875,1681,853,430.0,67.0,89.0,57.0,850.0,468.0,333.0,19.0,382.0,464.0,0.0
5339353822,品川区,35.609375,139.7359375,1181,810,582.0,113.0,77.0,30.0,810.0,162.0,602.0,0.0,137.0,656.0,0.0
5339353824,品川区,35.61145833333333,139.7359375,905,537,341.0,93.0,32.0,43.0,506.0,139.0,313.0,0.0,114.0,392.0,0.0
5339353831,品川区,35.61354166666667,139.7265625,2101,1272,806.0,193.0,124.0,75.0,1269.0,352.0,797.0,0.0,345.0,913.0,0.0
5339353832,品川区,35.61354166666667,139.7296875,1580,964,614.0,126.0,69.0,57.0,909.0,252.0,575.0,0.0,167.0,741.0,408.0
5339353833,品川区,35.615625,139.7265625,2737,1489,786.0,146.0,116.0,120.0,1484.0,860.0,547.0,0.0,276.0,1206.0,605.0
5339353834,品川区,35.615625,139.7296875,1049,591,325.0,53.0,47.0,58.0,575.0,238.0,310.0,0.0,121.0,454.0,78.0
5339353841,品川区,35.61354166666667,139.7328125,141,67,30.0,8.0,4.0,5.0,64.0,37.0,22.0,0.0,10.0,54.0,0.0
5339353842,品川区,35.61354166666667,139.7359375,835,479,309.0,68.0,42.0,34.0,462.0,212.0,221.0,0.0,107.0,353.0,0.0
5339353844,品川区,35.615625,139.7359375,11,11,,,,,,,,,,,
5339353911,品川区,35.609375,139.73906250000002,1998,1106,579.0,69.0,134.0,66.0,1104.0,657.0,404.0,0.0,190.0,901.0,0.0
5339353912,品川区,35.609375,139.74218750000003,1601,923,540.0,92.0,113.0,48.0,923.0,467.0,389.0,0.0,140.0,777.0,102.0
5339353913,品川区,35.61145833333333,139.73906250000002,1703,1097,807.0,215.0,77.0,54.0,1070.0,245.0,664.0,0.0,169.0,895.0,0.0
5339353914,品川区,35.61145833333333,139.74218750000003,1291,810,530.0,106.0,83.0,43.0,800.0,294.0,419.0,0.0,118.0,680.0,38.0
5339353921,品川区,35.609375,139.7453125,3585,1699,676.0,129.0,105.0,384.0,1685.0,1161.0,366.0,0.0,50.0,1630.0,687.0
5339353922,品川区,35.609375,139.74843750000002,1031,547,250.0,34.0,33.0,72.0,545.0,51.0,236.0,155.0,0.0,545.0,430.0
5339353923,品川区,35.61145833333333,139.7453125,1768,964,525.0,120.0,75.0,50.0,973.0,460.0,354.0,0.0,49.0,920.0,0.0
5339353924,品川区,35.61145833333333,139.74843750000002,13,10,,,,,,,,,,,
5339353931,品川区,35.61354166666667,139.73906250000002,1950,1229,818.0,157.0,152.0,58.0,1221.0,328.0,733.0,61.0,277.0,941.0,0.0
5339353932,品川区,35.61354166666667,139.74218750000003,996,672,475.0,74.0,74.0,25.0,672.0,211.0,415.0,0.0,154.0,516.0,0.0
5339353933,品川区,35.615625,139.73906250000002,1364,605,273.0,54.0,28.0,104.0,594.0,224.0,295.0,0.0,39.0,550.0,146.0
5339353934,品川区,35.615625,139.74218750000003,839,505,312.0,68.0,58.0,20.0,503.0,180.0,266.0,0.0,156.0,347.0,72.0
5339353941,品川区,35.61354166666667,139.7453125,2962,1621,887.0,229.0,138.0,98.0,1537.0,755.0,604.0,0.0,84.0,1448.0,0.0
5339353942,品川区,35.61354166666667,139.74843750000002,2087,951,341.0,17.0,194.0,79.0,948.0,423.0,149.0,341.0,7.0,940.0,0.0
5339353943,品川区,35.615625,139.7453125,2050,1021,503.0,80.0,104.0,74.0,1014.0,559.0,369.0,0.0,119.0,894.0,0.0
5339353944,品川区,35.615625,139.74843750000002,3263,1452,479.0,45.0,72.0,168.0,1449.0,953.0,408.0,0.0,0.0,1449.0,867.0
5339354011,世田谷区,35.61770833333333,139.6265625,1461,704,346.0,69.0,104.0,53.0,691.0,385.0,179.0,91.0,167.0,523.0,0.0
5339354012,世田谷区,35.61770833333333,139.62968750000002,853,386,119.0,16.0,50.0,27.0,385.0,309.0,58.0,0.0,58.0,324.0,0.0
5339354013,世田谷区,35.619791666666664,139.6265625,544,216,63.0,7.0,20.0,16.0,213.0,135.0,62.0,0.0,129.0,77.0,0.0
5339354014,世田谷区,35.619791666666664,139.62968750000002,1488,701,291.0,70.0,43.0,86.0,698.0,377.0,286.0,0.0,131.0,562.0,0.0
5339354021,世田谷区,35.61770833333333,139.6328125,535,211,43.0,6.0,23.0,20.0,210.0,169.0,39.0,0.0,167.0,38.0,0.0
5339354022,世田谷区,35.61770833333333,139.6359375,1186,570,250.0,61.0,66.0,63.0,568.0,307.0,230.0,16.0,158.0,405.0,0.0
5339354023,世田谷区,35.619791666666664,139.6328125,1598,820,419.0,132.0,69.0,61.0,808.0,383.0,373.0,0.0,223.0,572.0,0.0
5339354024,世田谷区,35.619791666666664,139.6359375,1524,687,279.0,61.0,83.0,58.0,684.0,419.0,229.0,0.0,239.0,442.0,0.0
5339354031,世田谷区,35.621875,139.6265625,859,368,108.0,12.0,51.0,45.0,367.0,244.0,106.0,0.0,226.0,132.0,0.0
5339354032,世田谷区,35.621875,139.62968750000002,1620,1003,646.0,201.0,83.0,58.0,992.0,341.0,597.0,0.0,116.0,865.0,0.0
5339354033,世田谷区,35.623958333333334,139.6265625,784,351,120.0,13.0,47.0,31.0,351.0,247.0,88.0,0.0,183.0,163.0,11.0
5339354034,世田谷区,35.623958333333334,139.62968750000002,1270,658,331.0,63.0,83.0,42.0,652.0,277.0,328.0,16.0,180.0,458.0,0.0
5339354041,世田谷区,35.621875,139.6328125,1359,803,466.0,103.0,69.0,44.0,799.0,276.0,469.0,3.0,115.0,676.0,0.0
5339354042,世田谷区,35.621875,139.6359375,1198,537,194.0,47.0,42.0,71.0,536.0,201.0,317.0,0.0,126.0,400.0,0.0
5339354043,世田谷区,35.623958333333334,139.6328125,1224,709,418.0,96.0,83.0,36.0,692.0,286.0,347.0,28.0,152.0,534.0,0.0
5339354044,世田谷区,35.623958333333334,139.6359375,1309,685,325.0,88.0,56.0,45.0,681.0,380.0,243.0,11.0,42.0,636.0,0.0
5339354111,世田谷区,35.61770833333333,139.6390625,1025,523,241.0,36.0,73.0,24.0,523.0,305.0,179.0,12.0,203.0,311.0,0.0
5339354112,世田谷区,35.61770833333333,139.6421875,1041,454,160.0,28.0,54.0,38.0,448.0,288.0,141.0,0.0,254.0,186.0,0.0
5339354113,世田谷区,35.619791666666664,139.6390625,1336,635,266.0,68.0,72.0,43.0,626.0,377.0,229.0,0.0,273.0,342.0,0.0
5339354114,世田谷区,35.619791666666664,139.6421875,1161,548,230.0,28.0,94.0,37.0,548.0,344.0,168.0,0.0,309.0,230.0,0.0
5339354121,世田谷区,35.61770833333333,139.6453125,610,245,76.0,9.0,41.0,28.0,245.0,152.0,76.0,14.0,133.0,107.0,0.0
5339354122,世田谷区,35.61770833333333,139.6484375,394,170,59.0,7.0,15.0,9.0,170.0,105.0,58.0,0.0,105.0,56.0,0.0
5339354123,世田谷区,35.619791666666664,139.6453125,904,398,135.0,24.0,55.0,32.0,397.0,279.0,106.0,0.0,242.0,146.0,0.0
5339354124,世田谷区,35.619791666666664,139.6484375,838,369,118.0,30.0,36.0,21.0,368.0,222.0,129.0,0.0,184.0,175.0,0.0
5339354131,世田谷区,35.621875,139.6390625,1354,587,203.0,50.0,41.0,72.0,585.0,385.0,177.0,0.0,113.0,467.0,0.0
5339354132,世田谷区,35.621875,139.6421875,1331,331,92.0,14.0,25.0,60.0,320.0,204.0,100.0,0.0,129.0,191.0,0.0
5339354133,世田谷区,35.623958333333334,139.6390625,1097,528,235.0,44.0,25.0,63.0,527.0,285.0,189.0,0.0,33.0,490.0,0.0
5339354134,世田谷区,35.623958333333334,139.6421875,753,283,61.0,8.0,21.0,46.0,280.0,183.0,80.0,0.0,136.0,138.0,0.0
5339354141,世田谷区,35.621875,139.6453125,744,324,93.0,16.0,27.0,34.0,308.0,254.0,8.0,0.0,152.0,156.0,0.0
5339354142,世田谷区,35.621875,139.6484375,803,378,164.0,28.0,21.0,50.0,295.0,108.0,148.0,0.0,94.0,199.0,0.0
5339354143,世田谷区,35.623958333333334,139.6453125,810,303,83.0,11.0,31.0,21.0,300.0,194.0,76.0,0.0,202.0,77.0,0.0
5339354144,世田谷区,35.623958333333334,139.6484375,627,258,84.0,20.0,30.0,41.0,254.0,134.0,65.0,0.0,128.0,117.0,0.0
5339354211,世田谷区,35.61770833333333,139.6515625,1679,743,266.0,37.0,84.0,69.0,743.0,483.0,227.0,0.0,215.0,525.0,0.0
5339354212,世田谷区,35.61770833333333,139.65468750000002,1047,456,159.0,30.0,60.0,35.0,454.0,240.0,132.0,67.0,170.0,271.0,0.0
5339354213,世田谷区,35.619791666666664,139.6515625,1297,533,227.0,61.0,69.0,42.0,490.0,312.0,152.0,0.0,224.0,251.0,0.0
5339354214,世田谷区,35.619791666666664,139.65468750000002,1066,466,158.0,19.0,57.0,42.0,465.0,326.0,124.0,0.0,182.0,282.0,0.0
5339354221,世田谷区,35.61770833333333,139.6578125,1193,538,202.0,22.0,72.0,42.0,535.0,360.0,138.0,0.0,268.0,266.0,0.0
5339354222,世田谷区,35.61770833333333,139.66093750000002,944,432,173.0,27.0,57.0,46.0,430.0,222.0,179.0,0.0,201.0,218.0,0.0
5339354223,世田谷区,35.619791666666664,139.6578125,300,119,38.0,4.0,13.0,7.0,118.0,80.0,31.0,0.0,72.0,38.0,0.0
5339354224,世田谷区,35.619791666666664,139.66093750000002,1108,459,110.0,15.0,50.0,37.0,458.0,277.0,164.0,0.0,153.0,289.0,0.0
5339354231,世田谷区,35.621875,139.6515625,765,336,123.0,24.0,31.0,31.0,335.0,146.0,162.0,0.0,131.0,201.0,0.0
5339354232,世田谷区,35.621875,139.65468750000002,999,490,214.0,53.0,62.0,51.0,487.0,189.0,263.0,0.0,143.0,332.0,0.0
5339354233,世田谷区,35.623958333333334,139.6515625,754,349,139.0,23.0,40.0,17.0,347.0,212.0,118.0,0.0,154.0,182.0,0.0
5339354234,世田谷区,35.623958333333334,139.65468750000002,865,411,167.0,25.0,36.0,35.0,408.0,231.0,152.0,0.0,168.0,229.0,0.0
5339354241,世田谷区,35.621875,139.6578125,857,362,120.0,19.0,30.0,43.0,359.0,152.0,192.0,0.0,127.0,215.0,0.0
5339354242,世田谷区,35.621875,139.66093750000002,773,334,98.0,13.0,42.0,32.0,333.0,251.0,68.0,0.0,116.0,209.0,0.0
5339354243,世田谷区,35.623958333333334,139.6578125,1055,497,193.0,48.0,63.0,39.0,492.0,330.0,136.0,0.0,208.0,276.0,0.0
5339354244,世田谷区,35.623958333333334,139.66093750000002,119,61,29.0,6.0,2.0,4.0,61.0,18.0,40.0,0.0,2.0,57.0,0.0
5339354311,世田谷区,35.61770833333333,139.6640625,935,390,116.0,16.0,36.0,45.0,389.0,232.0,130.0,0.0,239.0,127.0,0.0
5339354312,目黒区,35.61770833333333,139.6671875,1163,534,202.0,32.0,55.0,31.0,531.0,292.0,222.0,0.0,293.0,204.0,0.0
5339354313,世田谷区,35.619791666666664,139.6640625,1795,675,173.0,16.0,63.0,59.0,672.0,420.0,219.0,0.0,124.0,539.0,48.0
5339354314,目黒区,35.619791666666664,139.6671875,1374,594,194.0,25.0,60.0,58.0,589.0,369.0,181.0,0.0,164.0,404.0,0.0
5339354321,目黒区,35.61770833333333,139.6703125,974,471,216.0,44.0,45.0,33.0,468.0,228.0,212.0,0.0,183.0,258.0,0.0
5339354322,目黒区,35.61770833333333,139.6734375,1906,1187,747.0,156.0,118.0,57.0,1179.0,437.0,675.0,0.0,156.0,1000.0,0.0
5339354323,目黒区,35.619791666666664,139.6703125,883,396,146.0,24.0,37.0,41.0,395.0,185.0,196.0,0.0,154.0,222.0,0.0
5339354324,目黒区,35.619791666666664,139.6734375,1004,513,270.0,53.0,88.0,36.0,510.0,171.0,186.0,131.0,120.0,375.0,0.0
5339354331,世田谷区,35.621875,139.6640625,1034,430,109.0,7.0,41.0,39.0,430.0,363.0,44.0,0.0,31.0,399.0,115.0
5339354332,目黒区,35.621875,139.6671875,1338,591,217.0,38.0,51.0,64.0,575.0,333.0,213.0,0.0,136.0,400.0,0.0
5339354333,目黒区,35.623958333333334,139.6640625,112,48,15.0,1.0,5.0,3.0,48.0,29.0,18.0,0.0,26.0,18.0,0.0
5339354334,目黒区,35.623958333333334,139.6671875,776,353,123.0,17.0,38.0,29.0,352.0,159.0,146.0,32.0,135.0,195.0,0.0
5339354341,目黒区,35.621875,139.6703125,830,372,127.0,49.0,27.0,36.0,336.0,170.0,118.0,0.0,153.0,151.0,0.0
5339354342,目黒区,35.621875,139.6734375,902,469,218.0,28.0,61.0,23.0,468.0,163.0,160.0,128.0,141.0,290.0,0.0
5339354343,目黒区,35.623958333333334,139.6703125,721,323,118.0,17.0,36.0,23.0,321.0,214.0,90.0,0.0,181.0,91.0,0.0
5339354344,目黒区,35.623958333333334,139.6734375,992,425,130.0,23.0,34.0,34.0,423.0,307.0,101.0,0.0,226.0,176.0,0.0
5339354411,目黒区,35.61770833333333,139.67656250000002,1426,931,630.0,103.0,97.0,44.0,929.0,303.0,569.0,0.0,70.0,852.0,0.0
5339354412,目黒区,35.61770833333333,139.67968750000003,1026,544,281.0,53.0,70.0,25.0,544.0,219.0,278.0,20.0,201.0,330.0,0.0
5339354413,目黒区,35.619791666666664,139.67656250000002,1557,796,385.0,60.0,91.0,74.0,795.0,378.0,360.0,12.0,197.0,556.0,0.0
5339354414,目黒区,35.619791666666664,139.67968750000003,1315,728,364.0,67.0,57.0,56.0,715.0,286.0,390.0,2.0,92.0,610.0,0.0
5339354421,目黒区,35.61770833333333,139.6828125,1191,623,326.0,53.0,42.0,46.0,611.0,322.0,165.0,5.0,129.0,471.0,0.0
5339354422,目黒区,35.61770833333333,139.68593750000002,910,414,177.0,32.0,39.0,31.0,414.0,248.0,152.0,0.0,153.0,255.0,0.0
5339354423,目黒区,35.619791666666664,139.6828125,885,455,222.0,47.0,63.0,40.0,449.0,231.0,174.0,13.0,125.0,318.0,0.0
5339354424,目黒区,35.619791666666664,139.68593750000002,1133,481,138.0,9.0,50.0,54.0,479.0,340.0,113.0,0.0,114.0,361.0,0.0
5339354431,目黒区,35.621875,139.67656250000002,997,486,203.0,37.0,57.0,32.0,486.0,286.0,178.0,0.0,242.0,203.0,0.0
5339354432,目黒区,35.621875,139.67968750000003,1261,712,402.0,74.0,67.0,41.0,712.0,351.0,315.0,25.0,122.0,583.0,0.0
5339354433,目黒区,35.623958333333334,139.67656250000002,1043,436,141.0,10.0,53.0,31.0,436.0,335.0,90.0,0.0,262.0,164.0,0.0
5339354434,目黒区,35.623958333333334,139.67968750000003,1295,745,417.0,106.0,70.0,43.0,738.0,371.0,331.0,0.0,187.0,531.0,0.0
5339354441,目黒区,35.621875,139.6828125,843,476,252.0,49.0,40.0,34.0,470.0,185.0,266.0,0.0,64.0,398.0,0.0
5339354442,目黒区,35.621875,139.68593750000002,825,385,130.0,13.0,33.0,45.0,378.0,223.0,146.0,0.0,82.0,292.0,3.0
5339354443,目黒区,35.623958333333334,139.6828125,1388,856,548.0,124.0,85.0,43.0,854.0,251.0,527.0,0.0,134.0,701.0,0.0
5339354444,目黒区,35.623958333333334,139.68593750000002,1043,570,299.0,73.0,50.0,55.0,564.0,259.0,251.0,0.0,90.0,465.0,147.0
5339354511,目黒区,35.61770833333333,139.6890625,1445,704,323.0,72.0,63.0,61.0,701.0,347.0,313.0,9.0,252.0,428.0,0.0
5339354512,目黒区,35.61770833333333,139.69218750000002,1663,808,378.0,74.0,95.0,63.0,804.0,457.0,309.0,0.0,327.0,458.0,0.0
5339354513,目黒区,35.619791666666664,139.6890625,844,367,117.0,8.0,43.0,52.0,367.0,291.0,61.0,0.0,96.0,269.0,0.0
5339354514,目黒区,35.619791666666664,139.69218750000002,1430,656,265.0,37.0,65.0,67.0,654.0,388.0,227.0,0.0,294.0,353.0,0.0
5339354521,目黒区,35.61770833333333,139.6953125,1492,864,502.0,108.0,109.0,52.0,860.0,304.0,510.0,0.0,262.0,587.0,0.0
5339354522,目黒区,35.61770833333333,139.6984375,1769,1055,627.0,168.0,126.0,39.0,1054.0,370.0,631.0,0.0,249.0,797.0,0.0
5339354523,目黒区,35.619791666666664,139.6953125,1891,1011,538.0,120.0,136.0,62.0,1008.0,437.0,508.0,18.0,388.0,611.0,0.0
5339354524,目黒区,35.619791666666664,139.6984375,1797,1003,564.0,103.0,120.0,65.0,999.0,412.0,538.0,0.0,325.0,651.0,0.0
5339354531,目黒区,35.621875,139.6890625,1656,757,276.0,39.0,81.0,78.0,752.0,437.0,244.0,39.0,179.0,571.0,0.0
5339354532,目黒区,35.621875,139.69218750000002,1665,787,337.0,45.0,85.0,84.0,785.0,446.0,286.0,0.0,250.0,525.0,0.0
5339354533,目黒区,35.623958333333334,139.6890625,1596,817,405.0,133.0,91.0,83.0,816.0,311.0,323.0,69.0,63.0,749.0,0.0
5339354534,目黒区,35.623958333333334,139.69218750000002,1814,955,489.0,65.0,123.0,61.0,953.0,343.0,431.0,144.0,175.0,776.0,0.0
5339354541,目黒区,35.621875,139.6953125,1564,784,372.0,80.0,100.0,52.0,783.0,373.0,351.0,19.0,328.0,447.0,0.0
5339354542,目黒区,35.621875,139.6984375,2043,1107,631.0,160.0,126.0,57.0,1103.0,383.0,620.0,10.0,349.0,735.0,0.0
5339354543,目黒区,35.623958333333334,139.6953125,1800,924,444.0,74.0,113.0,63.0,922.0,523.0,366.0,0.0,356.0,562.0,0.0
5339354544,目黒区,35.623958333333334,139.6984375,1673,855,406.0,80.0,95.0,63.0,851.0,437.0,382.0,0.0,268.0,575.0,0.0
5339354611,品川区,35.61770833333333,139.7015625,1841,1079,642.0,117.0,99.0,79.0,1077.0,287.0,722.0,0.0,262.0,814.0,0.0
5339354612,品川区,35.61770833333333,139.7046875,2227,1285,778.0,136.0,149.0,100.0,1282.0,457.0,734.0,0.0,240.0,1038.0,0.0
5339354613,目黒区,35.619791666666664,139.7015625,1947,1226,780.0,162.0,112.0,64.0,1209.0,467.0,675.0,0.0,254.0,935.0,0.0
5339354614,品川区,35.619791666666664,139.7046875,2830,1360,640.0,73.0,103.0,161.0,1359.0,857.0,442.0,0.0,77.0,1276.0,740.0
5339354621,品川区,35.61770833333333,139.7078125,2468,1406,814.0,137.0,147.0,97.0,1401.0,660.0,677.0,0.0,232.0,1160.0,0.0
5339354622,品川区,35.61770833333333,139.7109375,1593,810,434.0,73.0,118.0,40.0,806.0,409.0,326.0,26.0,201.0,602.0,0.0
5339354623,品川区,35.619791666666664,139.7078125,2179,1242,705.0,135.0,127.0,79.0,1241.0,462.0,697.0,12.0,288.0,951.0,122.0
5339354624,品川区,35.619791666666664,139.7109375,931,496,269.0,52.0,77.0,23.0,493.0,284.0,184.0,0.0,256.0,228.0,0.0
5339354631,目黒区,35.621875,139.7015625,1703,1022,620.0,124.0,102.0,48.0,1018.0,372.0,586.0,0.0,299.0,703.0,0.0
5339354632,品川区,35.621875,139.7046875,1296,813,540.0,112.0,93.0,38.0,812.0,343.0,441.0,0.0,181.0,629.0,0.0
5339354633,品川区,35.623958333333334,139.7015625,485,315,217.0,68.0,30.0,12.0,314.0,87.0,196.0,0.0,64.0,250.0,0.0
5339354634,品川区,35.623958333333334,139.7046875,1352,651,302.0,43.0,72.0,54.0,651.0,374.0,246.0,0.0,314.0,334.0,0.0
5339354641,品川区,35.621875,139.7078125,2003,1193,727.0,129.0,118.0,63.0,1193.0,491.0,662.0,0.0,330.0,854.0,0.0
5339354642,品川区,35.621875,139.7109375,1840,996,542.0,144.0,73.0,60.0,994.0,512.0,422.0,0.0,225.0,759.0,0.0
5339354643,品川区,35.623958333333334,139.7078125,1879,1050,589.0,111.0,115.0,85.0,1048.0,458.0,535.0,0.0,271.0,763.0,0.0
5339354644,品川区,35.623958333333334,139.7109375,2581,1514,946.0,212.0,137.0,138.0,1506.0,768.0,631.0,0.0,123.0,1363.0,0.0
5339354711,品川区,35.61770833333333,139.7140625,2286,1538,1095.0,290.0,129.0,67.0,1473.0,421.0,878.0,0.0,188.0,1282.0,0.0
5339354712,品川区,35.61770833333333,139.71718750000002,1692,1029,672.0,158.0,94.0,50.0,1027.0,413.0,479.0,38.0,168.0,857.0,2.0
5339354713,品川区,35.619791666666664,139.7140625,1468,768,409.0,98.0,38.0,80.0,767.0,270.0,405.0,0.0,183.0,577.0,0.0
5339354714,品川区,35.619791666666664,139.71718750000002,2802,1997,1522.0,469.0,98.0,67.0,1879.0,577.0,1135.0,0.0,95.0,1783.0,458.0
5339354721,品川区,35.61770833333333,139.7203125,1825,1090,696.0,185.0,78.0,60.0,1085.0,403.0,513.0,0.0,261.0,821.0,0.0
5339354722,品川区,35.61770833333333,139.72343750000002,1791,991,552.0,96.0,88.0,78.0,989.0,380.0,553.0,0.0,250.0,727.0,0.0
5339354723,品川区,35.619791666666664,139.7203125,2154,1285,851.0,194.0,73.0,87.0,1285.0,447.0,745.0,0.0,226.0,1051.0,123.0
5339354724,品川区,35.619791666666664,139.72343750000002,1229,688,398.0,90.0,77.0,50.0,687.0,284.0,359.0,0.0,275.0,411.0,0.0
5339354731,品川区,35.621875,139.7140625,1629,955,604.0,178.0,51.0,71.0,950.0,312.0,573.0,0.0,155.0,786.0,0.0
5339354732,品川区,35.621875,139.71718750000002,941,544,335.0,56.0,62.0,24.0,543.0,200.0,302.0,0.0,184.0,357.0,0.0
5339354733,品川区,35.623958333333334,139.7140625,1478,974,708.0,149.0,57.0,42.0,967.0,244.0,664.0,0.0,148.0,818.0,0.0
5339354734,品川区,35.623958333333334,139.71718750000002,1304,745,451.0,90.0,64.0,46.0,741.0,274.0,319.0,30.0,48.0,689.0,0.0
5339354741,品川区,35.621875,139.7203125,1458,1012,771.0,129.0,110.0,28.0,1005.0,471.0,476.0,0.0,45.0,958.0,267.0
5339354742,品川区,35.621875,139.72343750000002,1621,936,528.0,93.0,110.0,56.0,906.0,549.0,297.0,0.0,53.0,850.0,150.0
5339354743,品川区,35.623958333333334,139.7203125,1198,816,558.0,94.0,54.0,39.0,811.0,348.0,377.0,0.0,40.0,766.0,100.0
5339354744,品川区,35.623958333333334,139.72343750000002,661,484,364.0,44.0,58.0,12.0,480.0,183.0,264.0,0.0,15.0,460.0,10.0
5339354811,品川区,35.61770833333333,139.7265625,2009,1052,497.0,53.0,80.0,103.0,1049.0,628.0,367.0,0.0,93.0,952.0,576.0
5339354812,品川区,35.61770833333333,139.7296875,472,280,172.0,36.0,13.0,22.0,280.0,115.0,151.0,0.0,20.0,259.0,150.0
5339354813,品川区,35.619791666666664,139.7265625,744,466,294.0,50.0,40.0,21.0,452.0,190.0,216.0,0.0,55.0,396.0,0.0
5339354814,品川区,35.619791666666664,139.7296875,79,56,41.0,6.0,9.0,3.0,56.0,12.0,43.0,0.0,0.0,56.0,0.0
5339354821,品川区,35.61770833333333,139.7328125,1341,756,415.0,47.0,59.0,57.0,755.0,453.0,276.0,0.0,15.0,740.0,383.0
5339354822,品川区,35.61770833333333,139.7359375,476,250,131.0,51.0,14.0,24.0,245.0,125.0,80.0,0.0,12.0,230.0,0.0
5339354823,品川区,35.619791666666664,139.7328125,2270,1139,489.0,37.0,96.0,107.0,1125.0,715.0,324.0,0.0,23.0,1100.0,515.0
5339354824,品川区,35.619791666666664,139.7359375,981,432,139.0,12.0,43.0,54.0,426.0,324.0,68.0,0.0,65.0,361.0,0.0
5339354831,品川区,35.621875,139.7265625,1681,951,505.0,55.0,123.0,64.0,948.0,408.0,276.0,226.0,5.0,943.0,260.0
5339354832,品川区,35.621875,139.7296875,1730,865,365.0,12.0,155.0,88.0,862.0,490.0,115.0,239.0,0.0,862.0,345.0
5339354833,品川区,35.623958333333334,139.7265625,3679,1756,702.0,52.0,111.0,230.0,1754.0,964.0,633.0,105.0,9.0,1742.0,1595.0
5339354834,品川区,35.623958333333334,139.7296875,808,495,301.0,32.0,63.0,26.0,494.0,256.0,217.0,0.0,26.0,468.0,9.0
5339354841,品川区,35.621875,139.7328125,3343,1510,575.0,62.0,98.0,253.0,1506.0,975.0,425.0,0.0,85.0,1401.0,736.0
5339354842,品川区,35.621875,139.7359375,734,385,194.0,17.0,28.0,25.0,385.0,168.0,186.0,0.0,141.0,233.0,34.0
5339354843,品川区,35.623958333333334,139.7328125,417,251,152.0,19.0,33.0,17.0,251.0,101.0,132.0,0.0,36.0,214.0,0.0
5339354844,港区,35.623958333333334,139.7359375,477,314,214.0,154.0,31.0,10.0,265.0,108.0,45.0,0.0,8.0,257.0,0.0
5339354911,品川区,35.61770833333333,139.73906250000002,1205,731,464.0,76.0,46.0,54.0,714.0,135.0,486.0,0.0,41.0,671.0,135.0
5339354912,品川区,35.61770833333333,139.74218750000003,1377,881,607.0,144.0,84.0,27.0,864.0,301.0,463.0,0.0,204.0,651.0,0.0
5339354913,品川区,35.619791666666664,139.73906250000002,1859,844,339.0,28.0,93.0,73.0,843.0,517.0,208.0,0.0,79.0,762.0,0.0
5339354914,品川区,35.619791666666664,139.74218750000003,1636,992,637.0,187.0,131.0,40.0,978.0,389.0,451.0,0.0,324.0,646.0,0.0
5339354921,品川区,35.61770833333333,139.7453125,1610,844,492.0,81.0,99.0,45.0,827.0,410.0,369.0,0.0,186.0,636.0,0.0
5339354922,品川区,35.61770833333333,139.74843750000002,406,231,126.0,5.0,63.0,26.0,231.0,121.0,48.0,43.0,1.0,229.0,0.0
5339354923,品川区,35.619791666666664,139.7453125,1535,859,480.0,86.0,87.0,79.0,856.0,350.0,424.0,0.0,149.0,701.0,54.0
5339354924,品川区,35.619791666666664,139.74843750000002,669,409,221.0,1.0,170.0,10.0,408.0,56.0,18.0,331.0,0.0,408.0,28.0
5339354931,品川区,35.621875,139.73906250000002,1149,836,643.0,124.0,65.0,41.0,820.0,198.0,537.0,0.0,50.0,770.0,0.0
5339354932,品川区,35.621875,139.74218750000003,1683,1042,673.0,104.0,103.0,42.0,1038.0,341.0,456.0,106.0,161.0,860.0,0.0
5339354933,品川区,35.623958333333334,139.73906250000002,989,626,376.0,17.0,134.0,21.0,625.0,203.0,150.0,244.0,6.0,619.0,306.0
5339354934,品川区,35.623958333333334,139.74218750000003,1497,998,661.0,70.0,159.0,45.0,994.0,233.0,441.0,268.0,17.0,975.0,65.0
5339354941,品川区,35.621875,139.7453125,1214,839,621.0,128.0,37.0,36.0,824.0,151.0,512.0,31.0,69.0,755.0,0.0
5339354942,品川区,35.621875,139.74843750000002,939,610,383.0,33.0,26.0,63.0,610.0,105.0,268.0,216.0,0.0,610.0,501.0
5339354943,港区,35.623958333333334,139.7453125,1209,587,236.0,15.0,85.0,96.0,586.0,380.0,71.0,118.0,0.0,585.0,259.0
5339354944,品川区,35.623958333333334,139.74843750000002,215,14,9.0,7.0,0.0,2.0,14.0,0.0,14.0,0.0,0.0,14.0,0.0
5339355011,世田谷区,35.626041666666666,139.6265625,794,411,188.0,48.0,36.0,35.0,407.0,212.0,162.0,0.0,113.0,291.0,0.0
5339355012,世田谷区,35.626041666666666,139.62968750000002,933,423,158.0,23.0,41.0,34.0,422.0,321.0,82.0,0.0,164.0,250.0,0.0
5339355013,世田谷区,35.628125,139.6265625,464,221,87.0,12.0,24.0,18.0,221.0,155.0,61.0,0.0,68.0,142.0,0.0
5339355014,世田谷区,35.628125,139.62968750000002,897,449,206.0,39.0,54.0,38.0,448.0,234.0,204.0,0.0,130.0,309.0,0.0
5339355021,世田谷区,35.626041666666666,139.6328125,721,388,210.0,68.0,42.0,24.0,388.0,195.0,169.0,0.0,59.0,325.0,0.0
5339355022,世田谷区,35.626041666666666,139.6359375,1418,793,430.0,74.0,83.0,64.0,789.0,356.0,391.0,0.0,85.0,703.0,0.0
5339355023,世田谷区,35.628125,139.6328125,997,615,386.0,77.0,78.0,21.0,615.0,210.0,380.0,0.0,125.0,487.0,0.0
5339355024,世田谷区,35.628125,139.6359375,1361,825,511.0,120.0,84.0,38.0,823.0,311.0,468.0,0.0,116.0,697.0,0.0
5339355031,世田谷区,35.630208333333336,139.6265625,464,209,83.0,8.0,34.0,17.0,209.0,96.0,47.0,57.0,93.0,113.0,0.0
5339355032,世田谷区,35.630208333333336,139.62968750000002,1093,524,250.0,69.0,34.0,45.0,522.0,290.0,213.0,0.0,201.0,310.0,0.0
5339355033,世田谷区,35.63229166666667,139.6265625,1016,444,182.0,29.0,48.0,51.0,440.0,174.0,245.0,0.0,162.0,268.0,0.0
5339355034,世田谷区,35.63229166666667,139.62968750000002,1044,447,150.0,19.0,49.0,42.0,437.0,215.0,154.0,30.0,167.0,270.0,0.0
5339355041,世田谷区,35.630208333333336,139.6328125,1307,695,345.0,84.0,72.0,59.0,689.0,349.0,292.0,0.0,186.0,488.0,0.0
5339355042,世田谷区,35.630208333333336,139.6359375,2285,1117,498.0,112.0,93.0,74.0,1113.0,612.0,454.0,0.0,154.0,954.0,0.0
5339355043,世田谷区,35.63229166666667,139.6328125,1353,688,333.0,58.0,71.0,40.0,684.0,352.0,301.0,0.0,169.0,500.0,0.0
5339355044,世田谷区,35.63229166666667,139.6359375,1069,528,216.0,32.0,62.0,49.0,519.0,335.0,160.0,0.0,154.0,349.0,0.0
5339355111,世田谷区,35.626041666666666,139.6390625,938,447,170.0,29.0,69.0,29.0,445.0,185.0,142.0,103.0,60.0,377.0,0.0
5339355112,世田谷区,35.626041666666666,139.6421875,878,443,221.0,72.0,31.0,32.0,443.0,218.0,200.0,0.0,174.0,261.0,0.0
5339355113,世田谷区,35.628125,139.6390625,566,287,145.0,30.0,31.0,20.0,284.0,136.0,134.0,0.0,76.0,204.0,0.0
5339355114,世田谷区,35.628125,139.6421875,1208,528,185.0,57.0,38.0,66.0,525.0,272.0,185.0,0.0,237.0,266.0,0.0
5339355121,世田谷区,35.626041666666666,139.6453125,749,353,149.0,16.0,58.0,23.0,349.0,250.0,85.0,0.0,178.0,167.0,0.0
5339355122,世田谷区,35.626041666666666,139.6484375,679,317,114.0,13.0,32.0,31.0,313.0,165.0,97.0,0.0,157.0,150.0,0.0
5339355123,世田谷区,35.628125,139.6453125,1285,641,280.0,43.0,66.0,64.0,640.0,370.0,226.0,16.0,181.0,433.0,0.0
5339355124,世田谷区,35.628125,139.6484375,1234,614,273.0,71.0,45.0,60.0,613.0,311.0,262.0,0.0,148.0,433.0,0.0
5339355131,世田谷区,35.630208333333336,139.6390625,1465,841,504.0,99.0,156.0,50.0,837.0,211.0,563.0,0.0,116.0,716.0,0.0
5339355132,世田谷区,35.630208333333336,139.6421875,1158,686,412.0,95.0,87.0,32.0,683.0,239.0,390.0,0.0,207.0,472.0,0.0
5339355133,世田谷区,35.63229166666667,139.6390625,1268,628,300.0,55.0,69.0,91.0,623.0,353.0,235.0,0.0,97.0,525.0,0.0
5339355134,世田谷区,35.63229166666667,139.6421875,1760,946,478.0,106.0,80.0,86.0,938.0,550.0,363.0,0.0,72.0,865.0,0.0
5339355141,世田谷区,35.630208333333336,139.6453125,1175,650,357.0,81.0,88.0,39.0,648.0,316.0,305.0,0.0,288.0,345.0,0.0
5339355142,世田谷区,35.630208333333336,139.6484375,1171,608,304.0,93.0,73.0,33.0,603.0,273.0,251.0,63.0,235.0,363.0,0.0
5339355143,世田谷区,35.63229166666667,139.6453125,802,480,307.0,82.0,55.0,21.0,476.0,145.0,303.0,0.0,136.0,331.0,0.0
5339355144,世田谷区,35.63229166666667,139.6484375,1247,632,276.0,52.0,72.0,33.0,632.0,364.0,230.0,0.0,143.0,482.0,0.0
5339355211,世田谷区,35.626041666666666,139.6515625,854,407,159.0,38.0,52.0,26.0,407.0,147.0,128.0,107.0,132.0,272.0,0.0
5339355212,世田谷区,35.626041666666666,139.65468750000002,1107,557,276.0,72.0,37.0,41.0,555.0,277.0,256.0,0.0,216.0,331.0,0.0
5339355213,世田谷区,35.628125,139.6515625,1064,565,290.0,71.0,79.0,32.0,563.0,278.0,216.0,43.0,261.0,290.0,0.0
5339355214,世田谷区,35.628125,139.65468750000002,1249,634,318.0,80.0,84.0,43.0,632.0,379.0,233.0,0.0,319.0,304.0,0.0
5339355221,世田谷区,35.626041666666666,139.6578125,101,62,41.0,6.0,10.0,2.0,62.0,35.0,27.0,0.0,25.0,37.0,0.0
5339355223,世田谷区,35.628125,139.6578125,56,41,31.0,16.0,7.0,0.0,38.0,19.0,6.0,0.0,13.0,23.0,0.0
5339355224,世田谷区,35.628125,139.66093750000002,96,58,36.0,15.0,6.0,2.0,58.0,24.0,34.0,0.0,13.0,33.0,0.0
5339355231,世田谷区,35.630208333333336,139.6515625,1410,860,539.0,149.0,90.0,44.0,857.0,248.0,539.0,27.0,177.0,674.0,0.0
5339355232,世田谷区,35.630208333333336,139.65468750000002,1694,1084,723.0,230.0,98.0,56.0,1075.0,359.0,641.0,0.0,193.0,868.0,13.0
5339355233,世田谷区,35.63229166666667,139.6515625,1101,568,277.0,59.0,76.0,59.0,563.0,306.0,239.0,0.0,209.0,340.0,0.0
5339355234,世田谷区,35.63229166666667,139.65468750000002,1427,793,469.0,154.0,71.0,44.0,740.0,329.0,374.0,0.0,225.0,509.0,21.0
5339355241,世田谷区,35.630208333333336,139.6578125,1679,681,222.0,59.0,44.0,128.0,681.0,158.0,169.0,0.0,101.0,580.0,0.0
5339355242,世田谷区,35.630208333333336,139.66093750000002,1061,542,260.0,70.0,40.0,40.0,542.0,234.0,272.0,0.0,164.0,365.0,0.0
5339355243,世田谷区,35.63229166666667,139.6578125,1375,814,488.0,155.0,64.0,41.0,810.0,360.0,411.0,0.0,160.0,647.0,0.0
5339355244,世田谷区,35.63229166666667,139.66093750000002,1524,974,647.0,174.0,60.0,55.0,970.0,351.0,565.0,0.0,139.0,826.0,308.0
5339355312,目黒区,35.626041666666666,139.6671875,160,76,35.0,18.0,5.0,8.0,76.0,39.0,15.0,0.0,21.0,43.0,0.0
5339355313,目黒区,35.628125,139.6640625,969,487,242.0,80.0,31.0,65.0,451.0,225.0,142.0,0.0,134.0,312.0,0.0
5339355314,目黒区,35.628125,139.6671875,878,529,375.0,241.0,15.0,31.0,515.0,76.0,105.0,18.0,63.0,445.0,0.0
5339355321,目黒区,35.626041666666666,139.6703125,1078,441,166.0,31.0,46.0,46.0,440.0,256.0,160.0,0.0,169.0,256.0,0.0
5339355322,目黒区,35.626041666666666,139.6734375,1171,494,144.0,34.0,33.0,46.0,491.0,270.0,199.0,0.0,241.0,217.0,0.0
5339355323,目黒区,35.628125,139.6703125,1182,560,249.0,72.0,59.0,50.0,555.0,248.0,246.0,21.0,227.0,314.0,0.0
5339355324,目黒区,35.628125,139.6734375,1418,693,283.0,58.0,65.0,72.0,693.0,331.0,287.0,0.0,199.0,478.0,0.0
5339355331,目黒区,35.630208333333336,139.6640625,1200,603,286.0,77.0,52.0,34.0,599.0,268.0,297.0,0.0,236.0,341.0,0.0
5339355332,目黒区,35.630208333333336,139.6671875,1045,454,140.0,27.0,36.0,32.0,452.0,200.0,180.0,45.0,207.0,210.0,0.0
5339355333,世田谷区,35.63229166666667,139.6640625,1340,760,417.0,113.0,82.0,39.0,758.0,335.0,389.0,0.0,314.0,430.0,0.0
5339355334,世田谷区,35.63229166666667,139.6671875,1464,848,494.0,164.0,81.0,47.0,844.0,359.0,441.0,0.0,243.0,573.0,0.0
5339355341,目黒区,35.630208333333336,139.6703125,1464,699,283.0,49.0,63.0,66.0,697.0,430.0,236.0,2.0,276.0,401.0,0.0
5339355342,世田谷区,35.630208333333336,139.6734375,1667,856,436.0,90.0,59.0,86.0,852.0,431.0,390.0,0.0,153.0,679.0,0.0
5339355343,世田谷区,35.63229166666667,139.6703125,1052,577,311.0,82.0,54.0,26.0,576.0,268.0,276.0,0.0,208.0,365.0,0.0
5339355344,世田谷区,35.63229166666667,139.6734375,921,426,182.0,34.0,50.0,48.0,422.0,222.0,158.0,0.0,172.0,245.0,0.0
5339355411,目黒区,35.626041666666666,139.67656250000002,1399,772,412.0,105.0,49.0,58.0,772.0,279.0,466.0,0.0,241.0,515.0,0.0
5339355412,世田谷区,35.626041666666666,139.67968750000003,1159,554,228.0,34.0,53.0,42.0,553.0,308.0,216.0,0.0,244.0,291.0,0.0
5339355413,世田谷区,35.628125,139.67656250000002,1771,979,508.0,90.0,133.0,90.0,978.0,485.0,420.0,9.0,108.0,864.0,0.0
5339355414,世田谷区,35.628125,139.67968750000003,1474,919,567.0,109.0,92.0,55.0,916.0,367.0,495.0,0.0,144.0,766.0,0.0
5339355421,目黒区,35.626041666666666,139.6828125,740,416,229.0,46.0,50.0,23.0,415.0,170.0,228.0,0.0,122.0,262.0,0.0
5339355422,目黒区,35.626041666666666,139.68593750000002,1567,820,418.0,59.0,94.0,56.0,820.0,381.0,400.0,0.0,207.0,576.0,0.0
5339355423,目黒区,35.628125,139.6828125,1094,634,350.0,70.0,52.0,39.0,632.0,231.0,371.0,0.0,154.0,442.0,0.0
5339355424,目黒区,35.628125,139.68593750000002,1283,823,528.0,83.0,102.0,32.0,819.0,279.0,496.0,0.0,135.0,668.0,0.0
5339355431,世田谷区,35.630208333333336,139.67656250000002,1442,651,244.0,44.0,53.0,79.0,646.0,406.0,208.0,0.0,204.0,440.0,0.0
5339355432,世田谷区,35.630208333333336,139.67968750000003,1452,761,416.0,95.0,69.0,48.0,758.0,339.0,400.0,0.0,176.0,581.0,0.0
5339355433,世田谷区,35.63229166666667,139.67656250000002,1054,484,176.0,31.0,50.0,36.0,482.0,313.0,149.0,0.0,259.0,199.0,0.0
5339355434,世田谷区,35.63229166666667,139.67968750000003,1130,528,211.0,46.0,53.0,61.0,526.0,312.0,178.0,0.0,294.0,210.0,0.0
5339355441,目黒区,35.630208333333336,139.6828125,1687,1036,604.0,102.0,104.0,55.0,1032.0,424.0,550.0,0.0,153.0,855.0,0.0
5339355442,目黒区,35.630208333333336,139.68593750000002,1730,1259,950.0,245.0,101.0,29.0,1247.0,287.0,856.0,0.0,153.0,1064.0,0.0
5339355443,世田谷区,35.63229166666667,139.6828125,1139,615,348.0,92.0,69.0,29.0,614.0,257.0,321.0,0.0,255.0,339.0,0.0
5339355444,目黒区,35.63229166666667,139.68593750000002,1603,1002,644.0,143.0,111.0,46.0,1001.0,347.0,597.0,0.0,257.0,725.0,0.0
5339355511,目黒区,35.626041666666666,139.6890625,1618,928,529.0,95.0,56.0,64.0,926.0,315.0,560.0,0.0,136.0,790.0,0.0
5339355512,目黒区,35.626041666666666,139.69218750000002,1553,858,470.0,84.0,48.0,76.0,856.0,424.0,391.0,0.0,76.0,777.0,0.0
5339355513,目黒区,35.628125,139.6890625,1367,822,516.0,74.0,77.0,41.0,820.0,268.0,529.0,2.0,193.0,611.0,0.0
5339355514,目黒区,35.628125,139.69218750000002,1225,696,398.0,71.0,100.0,50.0,690.0,378.0,279.0,22.0,93.0,593.0,0.0
5339355521,目黒区,35.626041666666666,139.6953125,1985,984,450.0,102.0,130.0,83.0,976.0,599.0,319.0,0.0,251.0,720.0,0.0
5339355522,目黒区,35.626041666666666,139.6984375,1380,675,309.0,61.0,68.0,56.0,674.0,358.0,293.0,0.0,284.0,383.0,0.0
5339355523,目黒区,35.628125,139.6953125,1578,808,446.0,60.0,61.0,90.0,806.0,337.0,437.0,0.0,128.0,672.0,0.0
5339355524,目黒区,35.628125,139.6984375,1135,529,215.0,21.0,48.0,58.0,529.0,294.0,215.0,0.0,140.0,385.0,0.0
5339355531,目黒区,35.630208333333336,139.6890625,1562,842,466.0,79.0,89.0,41.0,840.0,374.0,439.0,0.0,189.0,638.0,0.0
5339355532,目黒区,35.630208333333336,139.69218750000002,1932,1334,945.0,267.0,94.0,52.0,1317.0,359.0,848.0,8.0,111.0,1202.0,0.0
5339355533,目黒区,35.63229166666667,139.6890625,1347,737,404.0,103.0,78.0,51.0,737.0,329.0,363.0,0.0,214.0,511.0,0.0
5339355534,目黒区,35.63229166666667,139.69218750000002,2141,1040,483.0,90.0,96.0,68.0,1039.0,574.0,437.0,0.0,196.0,823.0,0.0
5339355541,目黒区,35.630208333333336,139.6953125,2042,1072,551.0,106.0,94.0,73.0,1070.0,517.0,514.0,0.0,378.0,683.0,0.0
5339355542,目黒区,35.630208333333336,139.6984375,1657,879,464.0,100.0,90.0,61.0,876.0,417.0,432.0,7.0,292.0,565.0,0.0
5339355543,目黒区,35.63229166666667,139.6953125,1394,674,279.0,57.0,65.0,56.0,672.0,416.0,236.0,0.0,336.0,306.0,0.0
5339355544,目黒区,35.63229166666667,139.6984375,1326,669,314.0,56.0,85.0,51.0,665.0,316.0,287.0,30.0,229.0,412.0,0.0
5339355611,目黒区,35.626041666666666,139.7015625,785,356,137.0,8.0,50.0,39.0,356.0,215.0,128.0,0.0,157.0,199.0,0.0
5339355612,目黒区,35.626041666666666,139.7046875,692,344,152.0,26.0,25.0,50.0,335.0,178.0,121.0,0.0,79.0,253.0,0.0
5339355613,目黒区,35.628125,139.7015625,1605,615,141.0,16.0,40.0,104.0,613.0,445.0,144.0,0.0,292.0,304.0,0.0
5339355614,目黒区,35.628125,139.7046875,1430,675,291.0,64.0,63.0,55.0,675.0,366.0,266.0,10.0,297.0,359.0,0.0
5339355621,品川区,35.626041666666666,139.7078125,1424,823,491.0,133.0,65.0,52.0,817.0,274.0,465.0,0.0,258.0,549.0,0.0
5339355622,品川区,35.626041666666666,139.7109375,1547,960,634.0,134.0,83.0,49.0,956.0,298.0,571.0,34.0,193.0,751.0,0.0
5339355623,目黒区,35.628125,139.7078125,958,507,261.0,58.0,50.0,41.0,503.0,240.0,238.0,0.0,177.0,304.0,0.0
5339355624,目黒区,35.628125,139.7109375,2135,1259,756.0,181.0,68.0,96.0,1244.0,424.0,633.0,118.0,111.0,1117.0,0.0
5339355631,目黒区,35.630208333333336,139.7015625,1456,755,374.0,65.0,64.0,76.0,754.0,366.0,334.0,0.0,159.0,587.0,0.0
5339355632,目黒区,35.630208333333336,139.7046875,1370,718,362.0,66.0,114.0,49.0,717.0,359.0,319.0,0.0,244.0,437.0,0.0
5339355633,目黒区,35.63229166666667,139.7015625,1800,860,348.0,56.0,118.0,75.0,858.0,563.0,265.0,0.0,334.0,512.0,0.0
5339355634,目黒区,35.63229166666667,139.7046875,1156,577,269.0,33.0,47.0,61.0,576.0,245.0,297.0,0.0,224.0,329.0,0.0
5339355641,目黒区,35.630208333333336,139.7078125,1262,710,398.0,101.0,82.0,37.0,706.0,314.0,344.0,0.0,242.0,439.0,0.0
5339355642,目黒区,35.630208333333336,139.7109375,2541,1553,938.0,183.0,90.0,131.0,1548.0,705.0,742.0,0.0,118.0,1406.0,73.0
5339355643,目黒区,35.63229166666667,139.7078125,2326,1347,750.0,158.0,113.0,99.0,1343.0,715.0,575.0,0.0,97.0,1224.0,144.0
5339355644,目黒区,35.63229166666667,139.7109375,2136,1327,816.0,151.0,70.0,102.0,1313.0,532.0,645.0,0.0,90.0,1209.0,159.0
5339355711,品川区,35.626041666666666,139.7140625,1469,985,681.0,131.0,76.0,36.0,973.0,332.0,595.0,0.0,72.0,896.0,0.0
5339355712,品川区,35.626041666666666,139.71718750000002,2616,1487,840.0,108.0,103.0,195.0,1462.0,582.0,746.0,0.0,53.0,1409.0,638.0
5339355713,品川区,35.628125,139.7140625,2337,1610,1162.0,281.0,50.0,90.0,1608.0,396.0,1127.0,0.0,79.0,1527.0,62.0
5339355714,品川区,35.628125,139.71718750000002,2460,967,291.0,41.0,51.0,151.0,962.0,308.0,90.0,540.0,27.0,935.0,690.0
5339355721,品川区,35.626041666666666,139.7203125,1552,1204,985.0,172.0,87.0,46.0,1182.0,416.0,688.0,0.0,13.0,1166.0,0.0
5339355722,品川区,35.626041666666666,139.72343750000002,560,440,362.0,68.0,27.0,10.0,424.0,159.0,212.0,0.0,1.0,418.0,184.0
5339355723,品川区,35.628125,139.7203125,867,581,390.0,59.0,48.0,36.0,580.0,231.0,318.0,0.0,12.0,565.0,55.0
5339355724,品川区,35.628125,139.72343750000002,901,574,393.0,64.0,31.0,34.0,559.0,166.0,364.0,0.0,61.0,497.0,71.0
5339355731,目黒区,35.630208333333336,139.7140625,1994,1098,552.0,88.0,127.0,111.0,1097.0,691.0,357.0,0.0,58.0,1026.0,240.0
5339355732,品川区,35.630208333333336,139.71718750000002,1294,710,357.0,37.0,70.0,57.0,710.0,434.0,245.0,0.0,27.0,683.0,127.0
5339355733,目黒区,35.63229166666667,139.7140625,573,384,283.0,57.0,24.0,20.0,381.0,142.0,216.0,0.0,22.0,358.0,0.0
5339355734,品川区,35.63229166666667,139.71718750000002,2380,1370,828.0,87.0,77.0,122.0,1362.0,699.0,552.0,0.0,84.0,1266.0,944.0
5339355741,品川区,35.630208333333336,139.7203125,1481,894,569.0,120.0,60.0,63.0,884.0,442.0,367.0,0.0,66.0,813.0,102.0
5339355742,品川区,35.630208333333336,139.72343750000002,676,288,91.0,24.0,17.0,30.0,275.0,181.0,55.0,0.0,105.0,163.0,0.0
5339355743,品川区,35.63229166666667,139.7203125,1185,665,378.0,63.0,70.0,47.0,664.0,427.0,218.0,0.0,109.0,551.0,40.0
5339355744,品川区,35.63229166666667,139.72343750000002,807,416,207.0,49.0,30.0,22.0,411.0,225.0,126.0,0.0,130.0,280.0,0.0
5339355811,品川区,35.626041666666666,139.7265625,1443,947,638.0,86.0,83.0,40.0,943.0,485.0,412.0,0.0,38.0,890.0,0.0
5339355812,品川区,35.626041666666666,139.7296875,1247,848,608.0,133.0,61.0,31.0,813.0,364.0,415.0,0.0,69.0,743.0,0.0
5339355813,品川区,35.628125,139.7265625,1891,1236,832.0,103.0,91.0,66.0,1227.0,550.0,601.0,0.0,75.0,1151.0,168.0
5339355814,品川区,35.628125,139.7296875,771,377,163.0,22.0,29.0,23.0,372.0,251.0,96.0,0.0,131.0,235.0,0.0
5339355821,港区,35.626041666666666,139.7328125,1294,613,266.0,25.0,28.0,75.0,613.0,390.0,188.0,0.0,104.0,507.0,0.0
5339355822,港区,35.626041666666666,139.7359375,1590,896,480.0,41.0,111.0,49.0,879.0,523.0,293.0,0.0,179.0,699.0,0.0
5339355823,港区,35.628125,139.7328125,814,426,217.0,20.0,64.0,21.0,426.0,263.0,145.0,0.0,36.0,388.0,0.0
5339355824,港区,35.628125,139.7359375,465,264,144.0,4.0,22.0,22.0,264.0,34.0,209.0,0.0,0.0,264.0,0.0
5339355831,品川区,35.630208333333336,139.7265625,1758,1095,717.0,109.0,57.0,66.0,1094.0,400.0,601.0,0.0,98.0,996.0,0.0
5339355832,品川区,35.630208333333336,139.7296875,1713,929,488.0,56.0,64.0,97.0,926.0,516.0,377.0,0.0,122.0,801.0,181.0
5339355833,品川区,35.63229166666667,139.7265625,1085,558,290.0,92.0,42.0,55.0,558.0,291.0,112.0,0.0,89.0,468.0,0.0
5339355834,港区,35.63229166666667,139.7296875,1543,862,479.0,84.0,74.0,73.0,858.0,511.0,261.0,0.0,117.0,736.0,280.0
5339355841,港区,35.630208333333336,139.7328125,236,118,50.0,0.0,19.0,9.0,117.0,76.0,36.0,0.0,25.0,91.0,0.0
5339355842,港区,35.630208333333336,139.7359375,23,17,11.0,1.0,2.0,0.0,17.0,7.0,6.0,0.0,3.0,14.0,0.0
5339355843,港区,35.63229166666667,139.7328125,728,390,208.0,21.0,57.0,33.0,389.0,217.0,125.0,0.0,54.0,328.0,0.0
5339355844,港区,35.63229166666667,139.7359375,420,198,83.0,8.0,16.0,29.0,195.0,108.0,64.0,0.0,51.0,143.0,41.0
5339355911,港区,35.626041666666666,139.73906250000002,715,456,294.0,7.0,37.0,27.0,456.0,227.0,99.0,0.0,2.0,454.0,333.0
5339355912,港区,35.626041666666666,139.74218750000003,243,150,85.0,5.0,14.0,7.0,150.0,122.0,15.0,0.0,0.0,150.0,150.0
5339355914,港区,35.628125,139.74218750000003,20,11,7.0,0.0,5.0,0.0,11.0,10.0,1.0,0.0,7.0,0.0,0.0
5339355921,港区,35.626041666666666,139.7453125,491,333,225.0,10.0,77.0,16.0,333.0,172.0,38.0,106.0,0.0,333.0,225.0
5339355923,港区,35.628125,139.7453125,196,126,76.0,6.0,40.0,2.0,132.0,13.0,23.0,89.0,2.0,127.0,5.0
5339355924,港区,35.628125,139.74843750000002,6,6,,,,,,,,,,,
5339355931,港区,35.630208333333336,139.73906250000002,131,113,104.0,12.0,1.0,1.0,113.0,2.0,17.0,0.0,3.0,110.0,0.0
5339355932,港区,35.630208333333336,139.74218750000003,36,16,5.0,0.0,1.0,1.0,16.0,5.0,9.0,0.0,4.0,10.0,0.0
5339355933,港区,35.63229166666667,139.73906250000002,184,115,73.0,9.0,3.0,9.0,115.0,73.0,40.0,0.0,3.0,111.0,87.0
5339355941,港区,35.630208333333336,139.7453125,616,470,377.0,33.0,8.0,27.0,469.0,1.0,447.0,0.0,0.0,469.0,442.0
5339355942,港区,35.630208333333336,139.74843750000002,3489,1598,676.0,21.0,391.0,212.0,1597.0,711.0,134.0,716.0,1.0,1596.0,1344.0
5339355943,港区,35.63229166666667,139.7453125,166,123,104.0,3.0,0.0,2.0,123.0,1.0,120.0,0.0,0.0,122.0,122.0
5339355944,港区,35.63229166666667,139.74843750000002,3784,1819,802.0,69.0,106.0,212.0,1813.0,975.0,426.0,289.0,4.0,1809.0,1352.0
5339356011,世田谷区,35.634375,139.6265625,897,400,144.0,24.0,46.0,20.0,398.0,247.0,138.0,0.0,220.0,172.0,0.0
5339356012,世田谷区,35.634375,139.62968750000002,1205,518,154.0,23.0,56.0,41.0,514.0,267.0,219.0,12.0,183.0,319.0,0.0
5339356013,世田谷区,35.63645833333333,139.6265625,351,150,46.0,12.0,22.0,12.0,139.0,108.0,20.0,0.0,76.0,62.0,0.0
5339356014,世田谷区,35.63645833333333,139.62968750000002,969,424,172.0,24.0,73.0,36.0,413.0,106.0,68.0,166.0,105.0,304.0,0.0
5339356021,世田谷区,35.634375,139.6328125,894,403,155.0,12.0,57.0,45.0,401.0,243.0,121.0,15.0,70.0,330.0,0.0
5339356022,世田谷区,35.634375,139.6359375,334,110,35.0,5.0,14.0,9.0,94.0,59.0,23.0,10.0,32.0,61.0,0.0
5339356024,世田谷区,35.63645833333333,139.6359375,294,136,59.0,12.0,8.0,17.0,111.0,58.0,21.0,0.0,7.0,103.0,0.0
5339356031,世田谷区,35.63854166666667,139.6265625,693,298,89.0,7.0,37.0,25.0,297.0,212.0,79.0,0.0,76.0,221.0,0.0
5339356032,世田谷区,35.63854166666667,139.62968750000002,1276,565,169.0,7.0,105.0,37.0,561.0,491.0,47.0,0.0,76.0,482.0,0.0
5339356033,世田谷区,35.640625,139.6265625,1267,607,262.0,74.0,68.0,52.0,605.0,353.0,234.0,0.0,273.0,324.0,0.0
5339356034,世田谷区,35.640625,139.62968750000002,1051,551,276.0,60.0,70.0,44.0,549.0,238.0,239.0,52.0,207.0,333.0,0.0
5339356041,世田谷区,35.63854166666667,139.6328125,683,268,77.0,4.0,49.0,26.0,264.0,228.0,32.0,0.0,17.0,247.0,0.0
5339356042,世田谷区,35.63854166666667,139.6359375,1089,463,149.0,29.0,61.0,50.0,460.0,276.0,115.0,0.0,187.0,271.0,0.0
5339356043,世田谷区,35.640625,139.6328125,244,100,26.0,8.0,12.0,8.0,100.0,89.0,11.0,0.0,23.0,77.0,0.0
5339356044,世田谷区,35.640625,139.6359375,1559,694,259.0,47.0,58.0,81.0,687.0,427.0,223.0,0.0,153.0,524.0,0.0
5339356111,世田谷区,35.634375,139.6390625,2098,976,338.0,51.0,117.0,92.0,972.0,707.0,196.0,23.0,23.0,949.0,0.0
5339356112,世田谷区,35.634375,139.6421875,1578,870,459.0,106.0,100.0,81.0,868.0,415.0,349.0,42.0,164.0,691.0,0.0
5339356113,世田谷区,35.63645833333333,139.6390625,1878,843,296.0,43.0,103.0,154.0,841.0,592.0,160.0,73.0,141.0,698.0,0.0
5339356114,世田谷区,35.63645833333333,139.6421875,1633,883,474.0,99.0,72.0,63.0,872.0,370.0,475.0,0.0,172.0,694.0,0.0
5339356121,世田谷区,35.634375,139.6453125,1424,744,374.0,77.0,99.0,75.0,743.0,358.0,309.0,44.0,195.0,535.0,0.0
5339356122,世田谷区,35.634375,139.6484375,1200,573,247.0,62.0,52.0,54.0,571.0,273.0,263.0,0.0,268.0,295.0,0.0
5339356123,世田谷区,35.63645833333333,139.6453125,1560,838,436.0,105.0,68.0,72.0,838.0,356.0,406.0,18.0,140.0,671.0,0.0
5339356124,世田谷区,35.63645833333333,139.6484375,1301,586,227.0,57.0,55.0,47.0,578.0,293.0,220.0,29.0,68.0,508.0,0.0
5339356131,世田谷区,35.63854166666667,139.6390625,1283,547,187.0,44.0,49.0,54.0,529.0,334.0,144.0,1.0,243.0,279.0,0.0
5339356132,世田谷区,35.63854166666667,139.6421875,1420,649,217.0,24.0,90.0,58.0,647.0,428.0,163.0,39.0,123.0,520.0,0.0
5339356133,世田谷区,35.640625,139.6390625,932,450,193.0,38.0,58.0,32.0,446.0,272.0,161.0,0.0,151.0,284.0,0.0
5339356134,世田谷区,35.640625,139.6421875,2023,1016,479.0,109.0,88.0,106.0,1014.0,566.0,397.0,1.0,199.0,810.0,0.0
5339356141,世田谷区,35.63854166666667,139.6453125,1204,551,197.0,24.0,64.0,53.0,551.0,397.0,120.0,0.0,153.0,397.0,0.0
5339356142,世田谷区,35.63854166666667,139.6484375,1232,575,239.0,51.0,69.0,49.0,573.0,301.0,237.0,0.0,198.0,374.0,0.0
5339356143,世田谷区,35.640625,139.6453125,1251,753,476.0,128.0,93.0,40.0,751.0,284.0,425.0,0.0,230.0,508.0,0.0
5339356144,世田谷区,35.640625,139.6484375,1371,744,393.0,102.0,104.0,47.0,739.0,336.0,340.0,0.0,170.0,564.0,0.0
5339356211,世田谷区,35.634375,139.6515625,1430,660,242.0,42.0,93.0,47.0,659.0,472.0,171.0,1.0,230.0,422.0,0.0
5339356212,世田谷区,35.634375,139.65468750000002,1317,642,281.0,83.0,55.0,49.0,635.0,360.0,205.0,30.0,290.0,339.0,0.0
5339356213,世田谷区,35.63645833333333,139.6515625,1615,819,399.0,122.0,62.0,67.0,817.0,444.0,326.0,10.0,186.0,628.0,0.0
5339356214,世田谷区,35.63645833333333,139.65468750000002,1408,665,330.0,71.0,80.0,65.0,663.0,382.0,255.0,0.0,196.0,467.0,0.0
5339356221,世田谷区,35.634375,139.6578125,1131,636,376.0,152.0,56.0,34.0,563.0,245.0,258.0,0.0,241.0,308.0,0.0
5339356222,世田谷区,35.634375,139.66093750000002,1313,811,525.0,171.0,89.0,43.0,811.0,314.0,450.0,0.0,220.0,590.0,74.0
5339356223,世田谷区,35.63645833333333,139.6578125,1220,653,343.0,105.0,75.0,36.0,652.0,323.0,308.0,0.0,269.0,379.0,0.0
5339356224,世田谷区,35.63645833333333,139.66093750000002,1370,809,486.0,154.0,80.0,40.0,808.0,333.0,430.0,0.0,264.0,529.0,0.0
5339356231,世田谷区,35.63854166666667,139.6515625,1115,485,165.0,49.0,42.0,47.0,485.0,307.0,153.0,0.0,179.0,291.0,0.0
5339356232,世田谷区,35.63854166666667,139.65468750000002,1158,494,167.0,26.0,53.0,36.0,488.0,349.0,116.0,0.0,272.0,215.0,0.0
5339356233,世田谷区,35.640625,139.6515625,1336,654,324.0,64.0,76.0,46.0,652.0,340.0,271.0,0.0,224.0,421.0,0.0
5339356234,世田谷区,35.640625,139.65468750000002,1490,777,387.0,106.0,94.0,60.0,774.0,387.0,342.0,0.0,259.0,500.0,0.0
5339356241,世田谷区,35.63854166666667,139.6578125,1211,663,368.0,98.0,85.0,45.0,661.0,334.0,277.0,24.0,239.0,409.0,0.0
5339356242,世田谷区,35.63854166666667,139.66093750000002,1519,937,599.0,213.0,70.0,53.0,934.0,374.0,499.0,20.0,144.0,780.0,0.0
5339356243,世田谷区,35.640625,139.6578125,1393,673,302.0,75.0,82.0,66.0,668.0,374.0,277.0,0.0,297.0,357.0,0.0
5339356244,世田谷区,35.640625,139.66093750000002,1739,982,549.0,163.0,77.0,71.0,978.0,480.0,454.0,0.0,174.0,798.0,0.0
5339356311,世田谷区,35.634375,139.6640625,1864,1133,709.0,195.0,109.0,75.0,1129.0,483.0,573.0,0.0,147.0,976.0,112.0
5339356312,世田谷区,35.634375,139.6671875,1703,1008,604.0,183.0,92.0,51.0,1004.0,401.0,498.0,35.0,259.0,739.0,0.0
5339356313,世田谷区,35.63645833333333,139.6640625,1793,1243,915.0,318.0,94.0,46.0,1240.0,352.0,805.0,0.0,234.0,991.0,70.0
5339356314,世田谷区,35.63645833333333,139.6671875,1947,1213,784.0,245.0,115.0,66.0,1212.0,587.0,546.0,0.0,335.0,863.0,0.0
5339356321,世田谷区,35.634375,139.6703125,1254,627,290.0,57.0,82.0,63.0,624.0,375.0,219.0,1.0,218.0,397.0,0.0
5339356322,世田谷区,35.634375,139.6734375,1693,814,340.0,77.0,70.0,85.0,810.0,504.0,272.0,0.0,233.0,557.0,0.0
5339356323,世田谷区,35.63645833333333,139.6703125,1384,784,462.0,150.0,87.0,30.0,767.0,398.0,342.0,0.0,367.0,386.0,0.0
5339356324,世田谷区,35.63645833333333,139.6734375,1711,900,449.0,122.0,87.0,43.0,891.0,508.0,341.0,0.0,388.0,495.0,0.0
5339356331,世田谷区,35.63854166666667,139.6640625,1739,1008,599.0,165.0,91.0,45.0,1001.0,448.0,496.0,0.0,280.0,715.0,0.0
5339356332,世田谷区,35.63854166666667,139.6671875,2358,1553,1048.0,328.0,137.0,75.0,1542.0,579.0,876.0,20.0,219.0,1312.0,151.0
5339356333,世田谷区,35.640625,139.6640625,1755,1102,705.0,219.0,87.0,57.0,1099.0,406.0,645.0,0.0,226.0,868.0,0.0
5339356334,世田谷区,35.640625,139.6671875,1647,973,685.0,223.0,78.0,41.0,924.0,257.0,498.0,138.0,137.0,784.0,64.0
5339356341,世田谷区,35.63854166666667,139.6703125,1772,1107,722.0,215.0,116.0,51.0,1104.0,472.0,604.0,0.0,300.0,799.0,0.0
5339356342,世田谷区,35.63854166666667,139.6734375,1837,982,501.0,90.0,99.0,106.0,981.0,184.0,273.0,483.0,131.0,847.0,0.0
5339356343,世田谷区,35.640625,139.6703125,1745,919,624.0,176.0,84.0,46.0,903.0,335.0,512.0,0.0,183.0,711.0,3.0
5339356344,世田谷区,35.640625,139.6734375,1475,938,633.0,226.0,59.0,39.0,919.0,347.0,474.0,1.0,207.0,703.0,0.0
5339356411,世田谷区,35.634375,139.67656250000002,280,136,68.0,16.0,16.0,10.0,136.0,74.0,59.0,0.0,78.0,58.0,0.0
5339356412,世田谷区,35.634375,139.67968750000003,982,483,207.0,41.0,54.0,27.0,479.0,284.0,174.0,0.0,287.0,186.0,0.0
5339356413,世田谷区,35.63645833333333,139.67656250000002,913,488,260.0,66.0,43.0,28.0,484.0,242.0,224.0,0.0,208.0,275.0,0.0
5339356414,世田谷区,35.63645833333333,139.67968750000003,1238,579,229.0,37.0,62.0,51.0,577.0,345.0,175.0,0.0,274.0,296.0,0.0
5339356421,世田谷区,35.634375,139.6828125,1118,643,375.0,89.0,86.0,27.0,638.0,309.0,299.0,0.0,297.0,321.0,0.0
5339356422,目黒区,35.634375,139.68593750000002,1506,868,512.0,131.0,94.0,33.0,864.0,344.0,490.0,0.0,336.0,517.0,0.0
5339356423,世田谷区,35.63645833333333,139.6828125,1281,688,359.0,99.0,73.0,56.0,687.0,359.0,290.0,0.0,245.0,424.0,0.0
5339356424,目黒区,35.63645833333333,139.68593750000002,1433,801,438.0,108.0,77.0,48.0,798.0,380.0,365.0,0.0,286.0,487.0,0.0
5339356431,世田谷区,35.63854166666667,139.67656250000002,1224,724,482.0,166.0,46.0,18.0,721.0,228.0,445.0,0.0,204.0,515.0,0.0
5339356432,世田谷区,35.63854166666667,139.67968750000003,1430,785,434.0,114.0,80.0,56.0,782.0,367.0,390.0,0.0,214.0,562.0,0.0
5339356433,世田谷区,35.640625,139.67656250000002,1890,1064,593.0,78.0,278.0,43.0,1036.0,315.0,131.0,545.0,125.0,910.0,0.0
5339356434,世田谷区,35.640625,139.67968750000003,1486,820,473.0,127.0,80.0,51.0,815.0,319.0,462.0,0.0,273.0,530.0,0.0
5339356441,世田谷区,35.63854166666667,139.6828125,1737,987,545.0,140.0,96.0,65.0,981.0,379.0,547.0,0.0,241.0,738.0,0.0
5339356442,世田谷区,35.63854166666667,139.68593750000002,1413,774,433.0,110.0,78.0,55.0,769.0,339.0,368.0,14.0,235.0,524.0,0.0
5339356443,世田谷区,35.640625,139.6828125,1823,969,506.0,121.0,86.0,74.0,966.0,500.0,437.0,0.0,276.0,685.0,0.0
5339356444,世田谷区,35.640625,139.68593750000002,1805,963,488.0,97.0,136.0,76.0,959.0,483.0,390.0,54.0,267.0,669.0,0.0
5339356511,目黒区,35.634375,139.6890625,1165,679,407.0,104.0,74.0,31.0,679.0,248.0,400.0,0.0,203.0,472.0,0.0
5339356512,目黒区,35.634375,139.69218750000002,1455,872,507.0,108.0,83.0,54.0,870.0,304.0,540.0,0.0,142.0,723.0,0.0
5339356513,目黒区,35.63645833333333,139.6890625,1445,845,496.0,131.0,82.0,43.0,843.0,269.0,541.0,0.0,209.0,613.0,0.0
5339356514,目黒区,35.63645833333333,139.69218750000002,1735,1182,827.0,217.0,96.0,38.0,1177.0,261.0,888.0,0.0,183.0,982.0,0.0
5339356521,目黒区,35.634375,139.6953125,1224,716,429.0,124.0,71.0,35.0,705.0,241.0,438.0,0.0,230.0,451.0,0.0
5339356522,目黒区,35.634375,139.6984375,1603,824,418.0,99.0,114.0,43.0,817.0,383.0,396.0,13.0,303.0,495.0,0.0
5339356523,目黒区,35.63645833333333,139.6953125,846,482,278.0,71.0,32.0,37.0,469.0,153.0,300.0,0.0,65.0,398.0,0.0
5339356524,目黒区,35.63645833333333,139.6984375,861,458,239.0,71.0,50.0,20.0,454.0,214.0,214.0,0.0,209.0,220.0,0.0
5339356531,目黒区,35.63854166666667,139.6890625,1264,723,415.0,110.0,75.0,43.0,717.0,319.0,376.0,0.0,256.0,449.0,0.0
5339356532,目黒区,35.63854166666667,139.69218750000002,1010,652,422.0,104.0,74.0,21.0,648.0,194.0,421.0,0.0,184.0,450.0,0.0
5339356533,目黒区,35.640625,139.6890625,1437,849,518.0,139.0,69.0,45.0,845.0,272.0,518.0,21.0,268.0,570.0,0.0
5339356534,目黒区,35.640625,139.69218750000002,1652,922,532.0,127.0,92.0,49.0,920.0,448.0,452.0,0.0,370.0,535.0,0.0
5339356541,目黒区,35.63854166666667,139.6953125,1611,949,552.0,134.0,122.0,49.0,946.0,359.0,549.0,0.0,326.0,588.0,0.0
5339356542,目黒区,35.63854166666667,139.6984375,1349,785,450.0,116.0,62.0,37.0,772.0,342.0,382.0,0.0,239.0,474.0,0.0
5339356543,目黒区,35.640625,139.6953125,2134,1292,799.0,180.0,105.0,57.0,1291.0,404.0,834.0,0.0,310.0,931.0,0.0
5339356544,目黒区,35.640625,139.6984375,1063,634,389.0,78.0,62.0,28.0,631.0,233.0,361.0,0.0,140.0,469.0,0.0
5339356611,目黒区,35.634375,139.7015625,1292,576,214.0,27.0,67.0,43.0,575.0,370.0,179.0,11.0,284.0,253.0,0.0
5339356612,目黒区,35.634375,139.7046875,1127,492,192.0,30.0,58.0,57.0,491.0,337.0,122.0,1.0,126.0,343.0,0.0
5339356613,目黒区,35.63645833333333,139.7015625,1575,705,254.0,70.0,58.0,147.0,671.0,248.0,145.0,27.0,133.0,527.0,0.0
5339356614,目黒区,35.63645833333333,139.7046875,2301,1314,729.0,181.0,121.0,120.0,1311.0,720.0,514.0,0.0,203.0,1089.0,243.0
5339356621,目黒区,35.634375,139.7078125,1637,1009,611.0,107.0,108.0,54.0,1008.0,483.0,463.0,0.0,100.0,898.0,82.0
5339356622,目黒区,35.634375,139.7109375,1687,915,468.0,72.0,63.0,91.0,915.0,353.0,494.0,20.0,50.0,854.0,159.0
5339356623,目黒区,35.63645833333333,139.7078125,1083,585,291.0,35.0,48.0,39.0,585.0,355.0,209.0,0.0,32.0,552.0,74.0
5339356624,目黒区,35.63645833333333,139.7109375,1829,1014,528.0,83.0,183.0,61.0,1012.0,502.0,328.0,161.0,245.0,753.0,0.0
5339356631,目黒区,35.63854166666667,139.7015625,1015,527,267.0,48.0,45.0,36.0,526.0,206.0,300.0,0.0,175.0,341.0,0.0
5339356632,目黒区,35.63854166666667,139.7046875,1415,814,468.0,109.0,67.0,50.0,783.0,404.0,318.0,16.0,69.0,709.0,0.0
5339356633,目黒区,35.640625,139.7015625,963,578,371.0,98.0,51.0,29.0,577.0,215.0,344.0,0.0,105.0,464.0,0.0
5339356634,目黒区,35.640625,139.7046875,545,239,124.0,48.0,11.0,27.0,235.0,46.0,82.0,0.0,0.0,235.0,0.0
5339356641,目黒区,35.63854166666667,139.7078125,460,211,118.0,36.0,16.0,12.0,211.0,85.0,111.0,0.0,57.0,151.0,0.0
5339356642,目黒区,35.63854166666667,139.7109375,1682,928,513.0,84.0,72.0,52.0,925.0,471.0,385.0,0.0,145.0,768.0,0.0
5339356643,目黒区,35.640625,139.7078125,436,229,121.0,45.0,7.0,11.0,229.0,57.0,14.0,0.0,3.0,226.0,0.0
5339356644,目黒区,35.640625,139.7109375,1743,1030,615.0,137.0,106.0,57.0,1028.0,458.0,481.0,28.0,180.0,814.0,0.0
5339356711,目黒区,35.634375,139.7140625,1076,710,462.0,66.0,79.0,33.0,705.0,383.0,300.0,0.0,15.0,690.0,192.0
5339356712,品川区,35.634375,139.71718750000002,718,505,365.0,35.0,63.0,19.0,501.0,177.0,277.0,17.0,7.0,491.0,0.0
5339356713,品川区,35.63645833333333,139.7140625,1514,892,512.0,68.0,74.0,81.0,890.0,375.0,299.0,189.0,17.0,872.0,51.0
5339356714,品川区,35.63645833333333,139.71718750000002,1312,681,330.0,26.0,70.0,84.0,678.0,86.0,315.0,253.0,25.0,651.0,44.0
5339356721,品川区,35.634375,139.7203125,1511,995,693.0,134.0,61.0,49.0,988.0,293.0,607.0,0.0,102.0,878.0,332.0
5339356722,品川区,35.634375,139.72343750000002,952,486,242.0,57.0,64.0,31.0,484.0,266.0,193.0,0.0,246.0,231.0,0.0
5339356723,港区,35.63645833333333,139.7203125,71,37,15.0,0.0,6.0,3.0,37.0,11.0,26.0,0.0,1.0,34.0,0.0
5339356724,港区,35.63645833333333,139.72343750000002,1666,884,483.0,52.0,102.0,69.0,879.0,407.0,428.0,0.0,130.0,743.0,0.0
5339356731,目黒区,35.63854166666667,139.7140625,963,626,420.0,120.0,46.0,28.0,606.0,257.0,228.0,0.0,61.0,538.0,0.0
5339356732,港区,35.63854166666667,139.71718750000002,304,176,109.0,21.0,16.0,9.0,175.0,87.0,82.0,0.0,39.0,135.0,0.0
5339356733,目黒区,35.640625,139.7140625,1906,1104,610.0,58.0,133.0,66.0,1092.0,379.0,214.0,450.0,89.0,995.0,710.0
5339356734,品川区,35.640625,139.71718750000002,882,463,252.0,33.0,29.0,29.0,462.0,198.0,233.0,0.0,82.0,374.0,0.0
5339356742,港区,35.63854166666667,139.72343750000002,964,550,319.0,26.0,58.0,39.0,545.0,188.0,334.0,0.0,137.0,397.0,0.0
5339356743,港区,35.640625,139.7203125,543,272,129.0,16.0,24.0,21.0,271.0,171.0,91.0,0.0,26.0,241.0,0.0
5339356744,港区,35.640625,139.72343750000002,555,336,207.0,30.0,27.0,20.0,316.0,142.0,145.0,0.0,47.0,269.0,0.0
5339356811,品川区,35.634375,139.7265625,1292,619,271.0,47.0,62.0,58.0,617.0,333.0,251.0,0.0,203.0,410.0,0.0
5339356812,港区,35.634375,139.7296875,1433,725,345.0,56.0,66.0,72.0,724.0,426.0,236.0,0.0,213.0,497.0,168.0
5339356813,港区,35.63645833333333,139.7265625,1123,504,171.0,6.0,77.0,61.0,503.0,367.0,105.0,0.0,54.0,445.0,0.0
5339356814,港区,35.63645833333333,139.7296875,540,266,130.0,41.0,29.0,25.0,266.0,107.0,142.0,0.0,75.0,191.0,0.0
5339356821,港区,35.634375,139.7328125,1554,835,441.0,52.0,68.0,69.0,799.0,437.0,304.0,0.0,100.0,692.0,194.0
5339356822,港区,35.634375,139.7359375,910,432,183.0,24.0,44.0,46.0,417.0,250.0,110.0,23.0,86.0,329.0,0.0
5339356823,港区,35.63645833333333,139.7328125,1834,975,496.0,84.0,98.0,106.0,942.0,600.0,278.0,0.0,86.0,853.0,406.0
5339356824,港区,35.63645833333333,139.7359375,1308,671,317.0,47.0,90.0,65.0,659.0,424.0,190.0,0.0,101.0,557.0,0.0
5339356831,港区,35.63854166666667,139.7265625,1243,677,374.0,45.0,58.0,49.0,674.0,355.0,279.0,0.0,120.0,545.0,96.0
5339356832,港区,35.63854166666667,139.7296875,509,239,98.0,5.0,34.0,23.0,239.0,177.0,52.0,0.0,2.0,237.0,77.0
5339356833,港区,35.640625,139.7265625,584,267,106.0,13.0,21.0,33.0,267.0,156.0,97.0,0.0,77.0,187.0,0.0
5339356834,港区,35.640625,139.7296875,1197,541,199.0,8.0,46.0,69.0,541.0,428.0,98.0,0.0,52.0,486.0,163.0
5339356841,港区,35.63854166666667,139.7328125,1953,1103,603.0,132.0,106.0,92.0,1082.0,594.0,410.0,0.0,92.0,989.0,489.0
5339356842,港区,35.63854166666667,139.7359375,1090,562,260.0,14.0,132.0,51.0,561.0,196.0,89.0,255.0,45.0,514.0,0.0
5339356843,港区,35.640625,139.7328125,1089,606,330.0,66.0,66.0,51.0,606.0,309.0,242.0,0.0,77.0,527.0,62.0
5339356844,港区,35.640625,139.7359375,1007,466,180.0,2.0,99.0,36.0,465.0,242.0,87.0,118.0,56.0,404.0,0.0
5339356911,港区,35.634375,139.73906250000002,567,282,124.0,19.0,29.0,37.0,279.0,84.0,52.0,87.0,7.0,272.0,0.0
5339356913,港区,35.63645833333333,139.73906250000002,1069,586,298.0,35.0,86.0,59.0,582.0,366.0,178.0,0.0,8.0,572.0,0.0
5339356922,港区,35.634375,139.74843750000002,930,388,112.0,5.0,20.0,33.0,387.0,317.0,59.0,0.0,2.0,385.0,347.0
5339356923,港区,35.63645833333333,139.7453125,153,90,53.0,0.0,17.0,11.0,90.0,0.0,0.0,89.0,0.0,90.0,0.0
5339356924,港区,35.63645833333333,139.74843750000002,630,373,221.0,55.0,19.0,41.0,373.0,120.0,223.0,0.0,2.0,370.0,146.0
5339356931,港区,35.63854166666667,139.73906250000002,1356,861,575.0,124.0,85.0,61.0,859.0,261.0,547.0,0.0,26.0,833.0,0.0
5339356932,港区,35.63854166666667,139.74218750000003,14,13,12.0,0.0,6.0,0.0,13.0,0.0,13.0,0.0,0.0,13.0,0.0
5339356933,港区,35.640625,139.73906250000002,1576,845,420.0,39.0,113.0,75.0,844.0,473.0,330.0,0.0,41.0,799.0,0.0
5339356934,港区,35.640625,139.74218750000003,72,50,37.0,9.0,6.0,4.0,50.0,5.0,45.0,0.0,2.0,48.0,0.0
5339356941,港区,35.63854166666667,139.7453125,1175,520,164.0,6.0,75.0,39.0,518.0,416.0,35.0,39.0,16.0,502.0,239.0
5339356942,港区,35.63854166666667,139.74843750000002,1161,538,196.0,21.0,14.0,125.0,538.0,161.0,309.0,0.0,0.0,538.0,419.0
5339356943,港区,35.640625,139.7453125,3734,1888,897.0,95.0,210.0,188.0,1887.0,961.0,703.0,93.0,9.0,1877.0,1100.0
5339356944,港区,35.640625,139.74843750000002,1890,1036,549.0,97.0,98.0,168.0,1036.0,391.0,382.0,175.0,0.0,1036.0,584.0
5339357011,世田谷区,35.64270833333333,139.6265625,1473,602,188.0,43.0,75.0,55.0,599.0,455.0,126.0,0.0,251.0,345.0,0.0
5339357012,世田谷区,35.64270833333333,139.62968750000002,739,300,164.0,63.0,25.0,28.0,299.0,88.0,132.0,73.0,53.0,244.0,0.0
5339357013,世田谷区,35.64479166666666,139.6265625,1737,890,432.0,103.0,107.0,50.0,880.0,391.0,374.0,50.0,245.0,624.0,0.0
5339357014,世田谷区,35.64479166666666,139.62968750000002,1037,513,232.0,60.0,71.0,47.0,506.0,134.0,171.0,145.0,110.0,393.0,0.0
5339357021,世田谷区,35.64270833333333,139.6328125,482,263,147.0,44.0,31.0,20.0,262.0,73.0,141.0,37.0,87.0,172.0,0.0
5339357022,世田谷区,35.64270833333333,139.6359375,1132,488,173.0,52.0,55.0,38.0,486.0,325.0,147.0,0.0,148.0,332.0,0.0
5339357023,世田谷区,35.64479166666666,139.6328125,1579,746,326.0,122.0,64.0,63.0,738.0,448.0,264.0,7.0,300.0,414.0,0.0
5339357024,世田谷区,35.64479166666666,139.6359375,1333,714,380.0,137.0,53.0,53.0,714.0,339.0,347.0,0.0,297.0,405.0,0.0
5339357031,世田谷区,35.646875,139.6265625,1813,938,511.0,100.0,107.0,77.0,933.0,371.0,422.0,88.0,170.0,758.0,0.0
5339357032,世田谷区,35.646875,139.62968750000002,1175,646,341.0,111.0,49.0,35.0,634.0,187.0,401.0,0.0,172.0,449.0,0.0
5339357033,世田谷区,35.64895833333333,139.6265625,1192,679,401.0,132.0,90.0,36.0,677.0,224.0,387.0,45.0,217.0,455.0,0.0
5339357034,世田谷区,35.64895833333333,139.62968750000002,1215,663,369.0,89.0,59.0,42.0,660.0,332.0,274.0,9.0,136.0,517.0,0.0
5339357041,世田谷区,35.646875,139.6328125,1454,798,431.0,127.0,75.0,46.0,797.0,365.0,395.0,0.0,262.0,513.0,0.0
5339357042,世田谷区,35.646875,139.6359375,1304,738,423.0,136.0,75.0,44.0,728.0,260.0,440.0,0.0,196.0,526.0,0.0
5339357043,世田谷区,35.64895833333333,139.6328125,1281,773,473.0,99.0,83.0,39.0,771.0,358.0,383.0,0.0,104.0,660.0,0.0
5339357044,世田谷区,35.64895833333333,139.6359375,1593,1008,640.0,130.0,124.0,52.0,1008.0,369.0,564.0,18.0,171.0,826.0,0.0
5339357111,世田谷区,35.64270833333333,139.6390625,1379,655,285.0,76.0,68.0,45.0,653.0,409.0,215.0,3.0,330.0,314.0,0.0
5339357112,世田谷区,35.64270833333333,139.6421875,1573,847,459.0,148.0,74.0,61.0,844.0,409.0,394.0,15.0,313.0,522.0,0.0
5339357113,世田谷区,35.64479166666666,139.6390625,1499,748,375.0,127.0,79.0,88.0,744.0,276.0,323.0,42.0,257.0,457.0,0.0
5339357114,世田谷区,35.64479166666666,139.6421875,1540,609,169.0,46.0,47.0,150.0,609.0,233.0,89.0,36.0,142.0,464.0,0.0
5339357121,世田谷区,35.64270833333333,139.6453125,1285,816,537.0,147.0,88.0,43.0,807.0,291.0,467.0,0.0,147.0,660.0,0.0
5339357122,世田谷区,35.64270833333333,139.6484375,1303,823,537.0,130.0,110.0,37.0,822.0,297.0,503.0,0.0,199.0,614.0,0.0
5339357123,世田谷区,35.64479166666666,139.6453125,1272,719,421.0,88.0,108.0,33.0,715.0,349.0,343.0,0.0,306.0,382.0,0.0
5339357124,世田谷区,35.64479166666666,139.6484375,1921,1051,544.0,94.0,163.0,57.0,1048.0,611.0,394.0,0.0,218.0,822.0,0.0
5339357131,世田谷区,35.646875,139.6390625,1045,575,311.0,96.0,70.0,37.0,572.0,225.0,306.0,27.0,232.0,332.0,0.0
5339357132,世田谷区,35.646875,139.6421875,853,513,303.0,80.0,54.0,20.0,508.0,219.0,267.0,0.0,189.0,306.0,0.0
5339357133,世田谷区,35.64895833333333,139.6390625,1195,689,392.0,97.0,70.0,23.0,688.0,256.0,397.0,0.0,211.0,469.0,0.0
5339357134,世田谷区,35.64895833333333,139.6421875,1189,616,290.0,86.0,50.0,37.0,615.0,322.0,268.0,0.0,214.0,391.0,0.0
5339357141,世田谷区,35.646875,139.6453125,1030,526,258.0,63.0,79.0,36.0,525.0,280.0,221.0,0.0,274.0,239.0,0.0
5339357142,世田谷区,35.646875,139.6484375,873,479,249.0,48.0,88.0,33.0,473.0,208.0,149.0,106.0,185.0,287.0,0.0
5339357143,世田谷区,35.64895833333333,139.6453125,463,256,139.0,36.0,38.0,15.0,250.0,122.0,120.0,0.0,121.0,127.0,0.0
5339357144,世田谷区,35.64895833333333,139.6484375,557,266,115.0,19.0,39.0,19.0,266.0,157.0,89.0,0.0,158.0,102.0,0.0
5339357211,世田谷区,35.64270833333333,139.6515625,1405,856,536.0,148.0,81.0,50.0,856.0,288.0,529.0,0.0,199.0,651.0,0.0
5339357212,世田谷区,35.64270833333333,139.65468750000002,1653,990,618.0,130.0,129.0,48.0,989.0,391.0,553.0,0.0,179.0,790.0,0.0
5339357213,世田谷区,35.64479166666666,139.6515625,1802,1030,580.0,148.0,108.0,57.0,1024.0,449.0,532.0,0.0,237.0,779.0,0.0
5339357214,世田谷区,35.64479166666666,139.65468750000002,1518,877,508.0,106.0,97.0,72.0,872.0,343.0,493.0,0.0,227.0,630.0,0.0
5339357221,世田谷区,35.64270833333333,139.6578125,1694,1008,618.0,120.0,143.0,65.0,999.0,438.0,447.0,72.0,199.0,794.0,0.0
5339357222,世田谷区,35.64270833333333,139.66093750000002,1886,1059,585.0,164.0,80.0,69.0,1056.0,539.0,459.0,0.0,121.0,925.0,252.0
5339357223,世田谷区,35.64479166666666,139.6578125,1354,801,484.0,124.0,75.0,40.0,798.0,323.0,425.0,0.0,281.0,503.0,0.0
5339357224,世田谷区,35.64479166666666,139.66093750000002,1440,874,553.0,172.0,96.0,49.0,858.0,346.0,452.0,8.0,209.0,641.0,0.0
5339357231,世田谷区,35.646875,139.6515625,846,464,253.0,59.0,57.0,47.0,464.0,229.0,223.0,0.0,141.0,321.0,0.0
5339357232,世田谷区,35.646875,139.65468750000002,590,270,147.0,30.0,36.0,20.0,264.0,153.0,96.0,0.0,81.0,183.0,0.0
5339357233,世田谷区,35.64895833333333,139.6515625,443,225,108.0,30.0,32.0,15.0,224.0,128.0,86.0,0.0,126.0,88.0,0.0
5339357234,世田谷区,35.64895833333333,139.65468750000002,1127,595,291.0,58.0,86.0,51.0,591.0,250.0,265.0,45.0,140.0,443.0,0.0
5339357241,世田谷区,35.646875,139.6578125,1780,1019,611.0,145.0,135.0,60.0,1018.0,419.0,567.0,0.0,307.0,708.0,0.0
5339357242,世田谷区,35.646875,139.66093750000002,1666,1058,699.0,217.0,102.0,58.0,1043.0,358.0,634.0,0.0,242.0,786.0,0.0
5339357243,世田谷区,35.64895833333333,139.6578125,1304,677,353.0,129.0,50.0,55.0,670.0,316.0,277.0,0.0,230.0,426.0,0.0
5339357244,世田谷区,35.64895833333333,139.66093750000002,1710,928,502.0,131.0,86.0,81.0,911.0,384.0,487.0,0.0,286.0,618.0,0.0
5339357311,世田谷区,35.64270833333333,139.6640625,2529,1499,888.0,204.0,158.0,99.0,1494.0,743.0,684.0,0.0,173.0,1316.0,0.0
5339357312,世田谷区,35.64270833333333,139.6671875,2062,1462,1076.0,269.0,115.0,44.0,1430.0,473.0,884.0,0.0,165.0,1260.0,0.0
5339357313,世田谷区,35.64479166666666,139.6640625,1783,1114,750.0,218.0,95.0,52.0,1092.0,511.0,548.0,0.0,354.0,720.0,0.0
5339357314,世田谷区,35.64479166666666,139.6671875,1342,878,627.0,194.0,107.0,31.0,871.0,334.0,503.0,0.0,294.0,564.0,0.0
5339357321,世田谷区,35.64270833333333,139.6703125,1432,939,616.0,133.0,105.0,54.0,936.0,439.0,465.0,0.0,74.0,860.0,0.0
5339357322,世田谷区,35.64270833333333,139.6734375,1674,1021,673.0,181.0,75.0,65.0,991.0,313.0,578.0,0.0,52.0,934.0,0.0
5339357323,世田谷区,35.64479166666666,139.6703125,1086,736,569.0,164.0,81.0,16.0,711.0,225.0,417.0,0.0,133.0,561.0,0.0
5339357324,世田谷区,35.64479166666666,139.6734375,1465,1066,813.0,287.0,73.0,26.0,1054.0,273.0,710.0,0.0,145.0,906.0,0.0
5339357331,世田谷区,35.646875,139.6640625,1410,805,480.0,166.0,70.0,49.0,804.0,369.0,397.0,0.0,293.0,500.0,0.0
5339357332,世田谷区,35.646875,139.6671875,1742,1110,750.0,225.0,116.0,49.0,1102.0,337.0,658.0,0.0,330.0,758.0,0.0
5339357333,世田谷区,35.64895833333333,139.6640625,1460,760,383.0,117.0,92.0,60.0,756.0,370.0,308.0,16.0,305.0,439.0,0.0
5339357334,世田谷区,35.64895833333333,139.6671875,1818,1113,691.0,200.0,119.0,52.0,1113.0,482.0,579.0,0.0,384.0,715.0,0.0
5339357341,世田谷区,35.646875,139.6703125,1730,1166,827.0,227.0,104.0,39.0,1165.0,342.0,728.0,0.0,279.0,864.0,0.0
5339357342,世田谷区,35.646875,139.6734375,1750,1110,741.0,226.0,81.0,52.0,1103.0,326.0,711.0,0.0,264.0,824.0,0.0
5339357343,世田谷区,35.64895833333333,139.6703125,1671,1014,612.0,142.0,111.0,55.0,1014.0,315.0,550.0,83.0,256.0,725.0,0.0
5339357344,世田谷区,35.64895833333333,139.6734375,1730,1088,714.0,194.0,106.0,38.0,1087.0,440.0,613.0,0.0,291.0,786.0,0.0
5339357411,世田谷区,35.64270833333333,139.67656250000002,451,279,149.0,2.0,123.0,1.0,279.0,3.0,9.0,266.0,3.0,276.0,0.0
5339357412,世田谷区,35.64270833333333,139.67968750000003,1222,660,343.0,67.0,125.0,40.0,659.0,317.0,183.0,129.0,86.0,573.0,0.0
5339357413,世田谷区,35.64479166666666,139.67656250000002,436,215,116.0,43.0,8.0,15.0,215.0,38.0,98.0,0.0,28.0,187.0,0.0
5339357414,世田谷区,35.64479166666666,139.67968750000003,794,459,288.0,44.0,20.0,28.0,459.0,56.0,181.0,0.0,29.0,430.0,0.0
5339357421,世田谷区,35.64270833333333,139.6828125,198,55,38.0,9.0,5.0,3.0,55.0,34.0,17.0,0.0,16.0,38.0,0.0
5339357422,目黒区,35.64270833333333,139.68593750000002,1109,559,267.0,51.0,59.0,33.0,558.0,209.0,310.0,0.0,130.0,417.0,0.0
5339357423,世田谷区,35.64479166666666,139.6828125,511,232,113.0,8.0,2.0,37.0,226.0,0.0,1.0,0.0,0.0,226.0,0.0
5339357424,目黒区,35.64479166666666,139.68593750000002,1681,483,91.0,4.0,10.0,104.0,481.0,67.0,13.0,0.0,14.0,463.0,12.0
5339357431,世田谷区,35.646875,139.67656250000002,1792,1227,871.0,251.0,72.0,53.0,1225.0,460.0,711.0,0.0,126.0,1097.0,38.0
5339357432,世田谷区,35.646875,139.67968750000003,1518,1001,668.0,179.0,84.0,45.0,984.0,279.0,630.0,0.0,127.0,855.0,0.0
5339357433,世田谷区,35.64895833333333,139.67656250000002,1554,934,618.0,147.0,79.0,45.0,930.0,361.0,533.0,0.0,263.0,657.0,0.0
5339357434,世田谷区,35.64895833333333,139.67968750000003,2007,1290,863.0,238.0,101.0,69.0,1284.0,507.0,720.0,0.0,175.0,1096.0,41.0
5339357441,世田谷区,35.646875,139.6828125,1965,1026,532.0,60.0,205.0,72.0,1019.0,357.0,165.0,287.0,98.0,919.0,0.0
5339357442,目黒区,35.646875,139.68593750000002,684,196,36.0,8.0,0.0,42.0,196.0,9.0,8.0,0.0,3.0,192.0,47.0
5339357443,世田谷区,35.64895833333333,139.6828125,1712,1163,823.0,214.0,108.0,44.0,1162.0,400.0,706.0,0.0,173.0,975.0,0.0
5339357444,目黒区,35.64895833333333,139.68593750000002,1799,1000,573.0,176.0,93.0,79.0,938.0,397.0,419.0,0.0,118.0,814.0,0.0
5339357511,目黒区,35.64270833333333,139.6890625,1401,800,465.0,127.0,82.0,46.0,792.0,295.0,456.0,0.0,233.0,544.0,0.0
5339357512,目黒区,35.64270833333333,139.69218750000002,1776,1041,625.0,127.0,133.0,44.0,1037.0,440.0,541.0,26.0,264.0,754.0,0.0
5339357513,目黒区,35.64479166666666,139.6890625,1510,779,398.0,80.0,81.0,45.0,779.0,317.0,425.0,0.0,206.0,547.0,0.0
5339357514,目黒区,35.64479166666666,139.69218750000002,1496,747,341.0,89.0,60.0,55.0,741.0,355.0,347.0,4.0,190.0,533.0,0.0
5339357521,目黒区,35.64270833333333,139.6953125,1225,641,331.0,77.0,48.0,51.0,640.0,313.0,280.0,0.0,157.0,472.0,0.0
5339357522,目黒区,35.64270833333333,139.6984375,1535,975,616.0,84.0,70.0,54.0,971.0,332.0,551.0,69.0,89.0,872.0,130.0
5339357523,目黒区,35.64479166666666,139.6953125,1551,841,437.0,82.0,84.0,57.0,837.0,426.0,378.0,0.0,270.0,552.0,0.0
5339357524,目黒区,35.64479166666666,139.6984375,842,568,393.0,72.0,62.0,22.0,565.0,184.0,339.0,16.0,63.0,483.0,28.0
5339357531,目黒区,35.646875,139.6890625,2336,861,209.0,24.0,19.0,153.0,855.0,133.0,55.0,0.0,44.0,807.0,84.0
5339357532,目黒区,35.646875,139.69218750000002,1454,744,353.0,56.0,72.0,59.0,741.0,361.0,342.0,0.0,170.0,549.0,0.0
5339357533,目黒区,35.64895833333333,139.6890625,2201,992,376.0,113.0,61.0,164.0,969.0,268.0,393.0,0.0,58.0,902.0,0.0
5339357534,目黒区,35.64895833333333,139.69218750000002,1620,928,566.0,112.0,70.0,44.0,928.0,320.0,574.0,0.0,59.0,862.0,0.0
5339357541,目黒区,35.646875,139.6953125,1877,1179,730.0,136.0,121.0,62.0,1176.0,578.0,548.0,0.0,60.0,1108.0,118.0
5339357542,目黒区,35.646875,139.6984375,844,595,435.0,61.0,90.0,16.0,592.0,171.0,304.0,78.0,56.0,519.0,0.0
5339357543,目黒区,35.64895833333333,139.6953125,1065,550,265.0,44.0,50.0,40.0,550.0,300.0,217.0,0.0,121.0,405.0,0.0
5339357544,目黒区,35.64895833333333,139.6984375,441,199,63.0,9.0,14.0,20.0,198.0,145.0,42.0,0.0,49.0,137.0,0.0
5339357611,目黒区,35.64270833333333,139.7015625,1162,732,461.0,109.0,78.0,42.0,713.0,277.0,303.0,108.0,14.0,697.0,197.0
5339357612,目黒区,35.64270833333333,139.7046875,801,483,297.0,101.0,14.0,50.0,476.0,166.0,94.0,0.0,18.0,448.0,0.0
5339357613,目黒区,35.64479166666666,139.7015625,1774,1108,687.0,94.0,118.0,81.0,1107.0,462.0,504.0,95.0,39.0,1060.0,228.0
5339357614,渋谷区,35.64479166666666,139.7046875,1797,1010,549.0,62.0,103.0,90.0,1007.0,649.0,298.0,0.0,96.0,899.0,0.0
5339357621,渋谷区,35.64270833333333,139.7078125,680,394,231.0,21.0,25.0,29.0,393.0,183.0,195.0,0.0,62.0,322.0,0.0
5339357622,渋谷区,35.64270833333333,139.7109375,1299,793,488.0,59.0,56.0,34.0,785.0,370.0,340.0,0.0,87.0,697.0,0.0
5339357623,渋谷区,35.64479166666666,139.7078125,1099,730,512.0,83.0,48.0,34.0,725.0,301.0,369.0,0.0,41.0,677.0,0.0
5339357624,渋谷区,35.64479166666666,139.7109375,1109,773,571.0,59.0,51.0,34.0,772.0,229.0,514.0,0.0,23.0,746.0,0.0
5339357631,目黒区,35.646875,139.7015625,952,595,391.0,35.0,37.0,32.0,595.0,256.0,306.0,0.0,16.0,578.0,0.0
5339357632,渋谷区,35.646875,139.7046875,1278,857,598.0,70.0,60.0,43.0,854.0,395.0,416.0,0.0,50.0,803.0,0.0
5339357633,渋谷区,35.64895833333333,139.7015625,542,306,164.0,12.0,29.0,21.0,305.0,167.0,123.0,0.0,54.0,249.0,67.0
5339357634,渋谷区,35.64895833333333,139.7046875,1852,1085,631.0,34.0,123.0,71.0,1076.0,628.0,357.0,29.0,39.0,1034.0,385.0
5339357641,渋谷区,35.646875,139.7078125,714,497,366.0,26.0,37.0,20.0,495.0,225.0,231.0,0.0,19.0,468.0,0.0
5339357642,渋谷区,35.646875,139.7109375,568,429,339.0,35.0,27.0,12.0,428.0,111.0,307.0,0.0,4.0,422.0,0.0
5339357643,渋谷区,35.64895833333333,139.7078125,1172,799,567.0,58.0,76.0,35.0,789.0,368.0,347.0,43.0,34.0,740.0,0.0
5339357644,渋谷区,35.64895833333333,139.7109375,1384,960,684.0,70.0,72.0,39.0,946.0,379.0,510.0,0.0,36.0,902.0,0.0
5339357711,渋谷区,35.64270833333333,139.7140625,366,234,158.0,9.0,15.0,23.0,234.0,19.0,203.0,0.0,13.0,221.0,0.0
5339357712,渋谷区,35.64270833333333,139.71718750000002,1366,838,556.0,116.0,73.0,41.0,836.0,304.0,483.0,0.0,257.0,566.0,0.0
5339357713,渋谷区,35.64479166666666,139.7140625,1341,871,590.0,81.0,59.0,40.0,871.0,356.0,473.0,0.0,121.0,747.0,106.0
5339357714,渋谷区,35.64479166666666,139.71718750000002,1896,1283,898.0,159.0,75.0,48.0,1277.0,433.0,773.0,0.0,147.0,1124.0,31.0
5339357721,港区,35.64270833333333,139.7203125,1557,900,548.0,65.0,92.0,33.0,900.0,418.0,410.0,19.0,154.0,735.0,42.0
5339357722,港区,35.64270833333333,139.72343750000002,2355,1181,544.0,29.0,163.0,140.0,1180.0,900.0,233.0,0.0,221.0,957.0,396.0
5339357723,渋谷区,35.64479166666666,139.7203125,2131,1260,768.0,124.0,75.0,106.0,1259.0,568.0,622.0,0.0,151.0,1092.0,66.0
5339357724,港区,35.64479166666666,139.72343750000002,1954,1183,728.0,127.0,105.0,91.0,1181.0,477.0,637.0,0.0,205.0,970.0,68.0
5339357731,渋谷区,35.646875,139.7140625,1677,1174,872.0,115.0,60.0,45.0,1173.0,410.0,715.0,0.0,19.0,1148.0,0.0
5339357732,渋谷区,35.646875,139.71718750000002,3299,2207,1575.0,198.0,123.0,113.0,2197.0,957.0,1158.0,0.0,150.0,2034.0,376.0
5339357733,渋谷区,35.64895833333333,139.7140625,1826,1227,868.0,108.0,104.0,44.0,1218.0,455.0,719.0,0.0,80.0,1138.0,0.0
5339357734,渋谷区,35.64895833333333,139.71718750000002,1581,1054,744.0,139.0,56.0,63.0,1028.0,293.0,674.0,0.0,44.0,983.0,0.0
5339357741,渋谷区,35.646875,139.7203125,1666,1046,684.0,177.0,69.0,74.0,1044.0,316.0,593.0,0.0,174.0,863.0,0.0
5339357742,港区,35.646875,139.72343750000002,500,316,202.0,35.0,37.0,15.0,316.0,50.0,202.0,36.0,11.0,303.0,0.0
5339357743,渋谷区,35.64895833333333,139.7203125,1250,858,618.0,75.0,67.0,28.0,850.0,284.0,520.0,0.0,106.0,723.0,0.0
5339357744,港区,35.64895833333333,139.72343750000002,2000,1210,690.0,43.0,369.0,55.0,1209.0,305.0,198.0,682.0,117.0,1089.0,0.0
5339357811,港区,35.64270833333333,139.7265625,229,122,64.0,9.0,14.0,10.0,119.0,57.0,54.0,0.0,57.0,59.0,0.0
5339357812,港区,35.64270833333333,139.7296875,1147,580,268.0,34.0,81.0,50.0,576.0,374.0,181.0,0.0,64.0,509.0,0.0
5339357813,港区,35.64479166666666,139.7265625,1206,698,428.0,120.0,65.0,44.0,697.0,288.0,350.0,0.0,152.0,539.0,0.0
5339357814,港区,35.64479166666666,139.7296875,2120,1232,739.0,147.0,123.0,86.0,1230.0,436.0,746.0,0.0,175.0,1052.0,0.0
5339357821,港区,35.64270833333333,139.7328125,1049,582,340.0,30.0,76.0,49.0,579.0,245.0,248.0,47.0,42.0,537.0,138.0
5339357822,港区,35.64270833333333,139.7359375,1335,751,409.0,69.0,87.0,67.0,748.0,380.0,319.0,12.0,99.0,641.0,152.0
5339357823,港区,35.64479166666666,139.7328125,2994,1608,846.0,106.0,172.0,164.0,1606.0,830.0,688.0,0.0,91.0,1512.0,684.0
5339357824,港区,35.64479166666666,139.7359375,2061,1214,731.0,171.0,92.0,82.0,1212.0,568.0,575.0,0.0,142.0,1069.0,83.0
5339357831,港区,35.646875,139.7265625,847,475,257.0,63.0,48.0,47.0,474.0,239.0,206.0,0.0,12.0,461.0,0.0
5339357832,港区,35.646875,139.7296875,2031,1363,992.0,312.0,116.0,62.0,1363.0,352.0,800.0,34.0,109.0,1250.0,133.0
5339357833,港区,35.64895833333333,139.7265625,559,180,48.0,2.0,14.0,30.0,179.0,97.0,78.0,0.0,25.0,154.0,0.0
5339357834,港区,35.64895833333333,139.7296875,1225,597,272.0,28.0,75.0,58.0,596.0,304.0,184.0,80.0,175.0,418.0,0.0
5339357841,港区,35.646875,139.7328125,1271,849,604.0,131.0,47.0,53.0,848.0,202.0,574.0,0.0,86.0,760.0,0.0
5339357842,港区,35.646875,139.7359375,1554,945,590.0,127.0,84.0,59.0,939.0,415.0,483.0,0.0,58.0,873.0,154.0
5339357843,港区,35.64895833333333,139.7328125,1189,635,375.0,69.0,51.0,63.0,634.0,244.0,332.0,0.0,79.0,549.0,0.0
5339357844,港区,35.64895833333333,139.7359375,2862,1693,1060.0,145.0,85.0,161.0,1684.0,659.0,921.0,0.0,84.0,1593.0,75.0
5339357911,港区,35.64270833333333,139.73906250000002,894,441,189.0,29.0,42.0,48.0,441.0,272.0,134.0,0.0,82.0,353.0,0.0
5339357912,港区,35.64270833333333,139.74218750000003,497,247,115.0,14.0,30.0,27.0,247.0,100.0,112.0,0.0,7.0,240.0,38.0
5339357913,港区,35.64479166666666,139.73906250000002,1246,809,552.0,150.0,72.0,51.0,799.0,288.0,458.0,0.0,68.0,725.0,100.0
5339357914,港区,35.64479166666666,139.74218750000003,277,155,87.0,17.0,23.0,11.0,155.0,72.0,62.0,0.0,13.0,142.0,38.0
5339357921,港区,35.64270833333333,139.7453125,1317,550,188.0,54.0,29.0,135.0,550.0,10.0,269.0,16.0,1.0,549.0,430.0
5339357922,港区,35.64270833333333,139.74843750000002,701,533,422.0,81.0,80.0,17.0,533.0,59.0,349.0,85.0,6.0,519.0,0.0
5339357923,港区,35.64479166666666,139.7453125,47,29,21.0,4.0,4.0,5.0,28.0,1.0,27.0,0.0,0.0,28.0,15.0
5339357924,港区,35.64479166666666,139.74843750000002,221,104,36.0,14.0,4.0,16.0,104.0,13.0,31.0,13.0,1.0,103.0,0.0
5339357931,港区,35.646875,139.73906250000002,3343,1623,703.0,108.0,180.0,202.0,1620.0,913.0,584.0,0.0,70.0,1547.0,149.0
5339357932,港区,35.646875,139.74218750000003,1051,650,442.0,86.0,103.0,32.0,647.0,243.0,364.0,0.0,71.0,571.0,0.0
5339357933,港区,35.64895833333333,139.73906250000002,1370,687,308.0,50.0,70.0,86.0,686.0,417.0,221.0,22.0,117.0,563.0,119.0
5339357934,港区,35.64895833333333,139.74218750000003,175,88,42.0,2.0,10.0,5.0,87.0,67.0,16.0,0.0,16.0,71.0,25.0
5339357941,港区,35.646875,139.7453125,545,371,263.0,44.0,58.0,14.0,371.0,171.0,179.0,0.0,40.0,325.0,0.0
5339357942,港区,35.646875,139.74843750000002,410,252,156.0,10.0,28.0,25.0,252.0,181.0,46.0,19.0,7.0,245.0,109.0
5339357943,港区,35.64895833333333,139.7453125,1517,1101,855.0,198.0,50.0,37.0,1097.0,253.0,741.0,0.0,72.0,1018.0,0.0
5339357944,港区,35.64895833333333,139.74843750000002,1070,711,412.0,20.0,308.0,7.0,709.0,17.0,5.0,658.0,10.0,698.0,0.0
5339358011,世田谷区,35.65104166666667,139.6265625,1089,521,275.0,82.0,34.0,33.0,520.0,221.0,245.0,0.0,158.0,359.0,0.0
5339358012,世田谷区,35.65104166666667,139.62968750000002,1222,627,315.0,88.0,65.0,60.0,621.0,283.0,316.0,0.0,278.0,337.0,0.0
5339358013,世田谷区,35.653125,139.6265625,2005,843,243.0,60.0,58.0,163.0,834.0,312.0,307.0,164.0,148.0,684.0,0.0
5339358014,世田谷区,35.653125,139.62968750000002,1241,642,302.0,88.0,51.0,67.0,627.0,324.0,262.0,0.0,304.0,313.0,0.0
5339358021,世田谷区,35.65104166666667,139.6328125,1516,997,699.0,251.0,79.0,45.0,983.0,267.0,670.0,0.0,259.0,714.0,0.0
5339358022,世田谷区,35.65104166666667,139.6359375,818,532,359.0,96.0,54.0,19.0,527.0,175.0,339.0,0.0,93.0,428.0,0.0
5339358023,世田谷区,35.653125,139.6328125,1472,836,468.0,161.0,73.0,41.0,833.0,352.0,463.0,0.0,338.0,489.0,0.0
5339358024,世田谷区,35.653125,139.6359375,1459,946,691.0,192.0,98.0,32.0,935.0,285.0,596.0,0.0,227.0,694.0,0.0
5339358031,世田谷区,35.65520833333334,139.6265625,1647,763,270.0,42.0,89.0,98.0,760.0,167.0,172.0,358.0,147.0,602.0,0.0
5339358032,世田谷区,35.65520833333334,139.62968750000002,742,382,184.0,51.0,51.0,25.0,382.0,178.0,179.0,0.0,161.0,214.0,0.0
5339358033,世田谷区,35.65729166666667,139.6265625,1387,665,304.0,81.0,57.0,50.0,661.0,384.0,221.0,0.0,256.0,405.0,0.0
5339358034,世田谷区,35.65729166666667,139.62968750000002,822,454,263.0,106.0,52.0,17.0,453.0,201.0,170.0,0.0,173.0,276.0,0.0
5339358041,世田谷区,35.65520833333334,139.6328125,1311,698,377.0,84.0,103.0,34.0,694.0,388.0,286.0,0.0,373.0,307.0,0.0
5339358042,世田谷区,35.65520833333334,139.6359375,1201,713,418.0,79.0,102.0,24.0,710.0,265.0,294.0,135.0,179.0,523.0,0.0
5339358043,世田谷区,35.65729166666667,139.6328125,1597,767,306.0,44.0,102.0,100.0,765.0,355.0,182.0,202.0,191.0,564.0,0.0
5339358044,世田谷区,35.65729166666667,139.6359375,1595,786,325.0,46.0,97.0,68.0,786.0,449.0,233.0,26.0,149.0,628.0,0.0
5339358111,世田谷区,35.65104166666667,139.6390625,1238,805,536.0,168.0,95.0,24.0,799.0,281.0,492.0,0.0,228.0,561.0,0.0
5339358112,世田谷区,35.65104166666667,139.6421875,1286,787,488.0,176.0,77.0,29.0,781.0,287.0,450.0,0.0,264.0,506.0,0.0
5339358113,世田谷区,35.653125,139.6390625,1419,784,403.0,75.0,90.0,64.0,782.0,314.0,418.0,0.0,117.0,660.0,0.0
5339358114,世田谷区,35.653125,139.6421875,871,525,317.0,75.0,100.0,28.0,511.0,147.0,304.0,24.0,111.0,397.0,0.0
5339358121,世田谷区,35.65104166666667,139.6453125,1170,692,421.0,108.0,88.0,48.0,687.0,251.0,391.0,0.0,211.0,456.0,0.0
5339358122,世田谷区,35.65104166666667,139.6484375,1095,614,352.0,71.0,78.0,32.0,613.0,279.0,321.0,0.0,243.0,352.0,0.0
5339358123,世田谷区,35.653125,139.6453125,1083,626,348.0,74.0,74.0,29.0,622.0,238.0,358.0,0.0,206.0,405.0,0.0
5339358124,世田谷区,35.653125,139.6484375,1437,872,540.0,137.0,93.0,38.0,869.0,334.0,495.0,0.0,297.0,558.0,0.0
5339358131,世田谷区,35.65520833333334,139.6390625,935,495,241.0,57.0,51.0,39.0,493.0,171.0,271.0,16.0,168.0,324.0,0.0
5339358132,世田谷区,35.65520833333334,139.6421875,1067,541,262.0,49.0,64.0,37.0,535.0,301.0,195.0,0.0,261.0,264.0,0.0
5339358133,世田谷区,35.65729166666667,139.6390625,1059,470,190.0,52.0,47.0,33.0,469.0,234.0,175.0,0.0,230.0,231.0,0.0
5339358134,世田谷区,35.65729166666667,139.6421875,1216,663,355.0,90.0,74.0,41.0,660.0,286.0,280.0,33.0,210.0,447.0,0.0
5339358141,世田谷区,35.65520833333334,139.6453125,1204,688,391.0,125.0,79.0,34.0,672.0,306.0,340.0,0.0,249.0,409.0,0.0
5339358142,世田谷区,35.65520833333334,139.6484375,1571,954,594.0,180.0,101.0,52.0,952.0,368.0,525.0,16.0,213.0,719.0,0.0
5339358143,世田谷区,35.65729166666667,139.6453125,1227,709,412.0,101.0,93.0,30.0,705.0,304.0,371.0,0.0,254.0,441.0,0.0
5339358144,世田谷区,35.65729166666667,139.6484375,1478,943,630.0,178.0,92.0,43.0,940.0,307.0,604.0,0.0,198.0,716.0,0.0
5339358211,世田谷区,35.65104166666667,139.6515625,1202,595,260.0,53.0,72.0,46.0,592.0,377.0,203.0,0.0,228.0,352.0,0.0
5339358212,世田谷区,35.65104166666667,139.65468750000002,979,502,226.0,49.0,62.0,31.0,499.0,317.0,169.0,0.0,243.0,245.0,0.0
5339358213,世田谷区,35.653125,139.6515625,1293,719,396.0,92.0,63.0,58.0,718.0,314.0,363.0,0.0,235.0,466.0,0.0
5339358214,世田谷区,35.653125,139.65468750000002,1349,750,403.0,91.0,86.0,42.0,749.0,342.0,376.0,0.0,311.0,429.0,0.0
5339358221,世田谷区,35.65104166666667,139.6578125,1388,701,354.0,116.0,66.0,45.0,701.0,376.0,308.0,0.0,357.0,338.0,0.0
5339358222,世田谷区,35.65104166666667,139.66093750000002,1212,692,405.0,118.0,66.0,46.0,686.0,218.0,412.0,29.0,160.0,525.0,0.0
5339358223,世田谷区,35.653125,139.6578125,1304,667,339.0,104.0,46.0,78.0,664.0,344.0,291.0,0.0,249.0,410.0,0.0
5339358224,世田谷区,35.653125,139.66093750000002,1080,709,482.0,170.0,55.0,24.0,699.0,194.0,435.0,14.0,142.0,555.0,0.0
5339358231,世田谷区,35.65520833333334,139.6515625,1204,742,475.0,126.0,82.0,32.0,741.0,228.0,427.0,63.0,192.0,540.0,0.0
5339358232,世田谷区,35.65520833333334,139.65468750000002,1593,1015,688.0,193.0,110.0,46.0,1014.0,307.0,644.0,0.0,202.0,784.0,0.0
5339358233,世田谷区,35.65729166666667,139.6515625,827,392,194.0,70.0,33.0,43.0,347.0,82.0,186.0,16.0,23.0,324.0,0.0
5339358234,世田谷区,35.65729166666667,139.65468750000002,496,328,220.0,50.0,41.0,15.0,328.0,82.0,228.0,0.0,41.0,284.0,0.0
5339358241,世田谷区,35.65520833333334,139.6578125,1346,822,515.0,163.0,67.0,39.0,820.0,343.0,446.0,0.0,230.0,582.0,0.0
5339358242,世田谷区,35.65520833333334,139.66093750000002,1167,687,409.0,126.0,46.0,35.0,685.0,294.0,365.0,0.0,216.0,460.0,0.0
5339358243,世田谷区,35.65729166666667,139.6578125,951,541,313.0,98.0,46.0,27.0,539.0,221.0,294.0,0.0,200.0,329.0,0.0
5339358244,世田谷区,35.65729166666667,139.66093750000002,1303,810,517.0,160.0,76.0,39.0,807.0,314.0,462.0,0.0,201.0,596.0,0.0
5339358311,世田谷区,35.65104166666667,139.6640625,1328,713,383.0,94.0,72.0,44.0,711.0,330.0,354.0,0.0,251.0,452.0,0.0
5339358312,世田谷区,35.65104166666667,139.6671875,1447,817,467.0,136.0,85.0,55.0,815.0,357.0,434.0,0.0,262.0,544.0,0.0
5339358313,世田谷区,35.653125,139.6640625,1501,857,498.0,125.0,73.0,58.0,856.0,385.0,434.0,0.0,276.0,574.0,0.0
5339358314,世田谷区,35.653125,139.6671875,1461,858,516.0,170.0,70.0,46.0,857.0,402.0,396.0,0.0,248.0,604.0,0.0
5339358321,世田谷区,35.65104166666667,139.6703125,2129,1030,413.0,72.0,60.0,145.0,1030.0,475.0,449.0,51.0,103.0,917.0,0.0
5339358322,世田谷区,35.65104166666667,139.6734375,1294,687,357.0,74.0,81.0,74.0,683.0,240.0,301.0,100.0,166.0,515.0,0.0
5339358323,世田谷区,35.653125,139.6703125,1218,616,295.0,69.0,60.0,47.0,613.0,284.0,277.0,0.0,255.0,354.0,0.0
5339358324,世田谷区,35.653125,139.6734375,1289,737,433.0,118.0,73.0,49.0,734.0,353.0,347.0,0.0,280.0,437.0,0.0
5339358331,世田谷区,35.65520833333334,139.6640625,1029,569,319.0,101.0,69.0,23.0,567.0,284.0,254.0,0.0,250.0,309.0,0.0
5339358332,世田谷区,35.65520833333334,139.6671875,869,539,338.0,100.0,45.0,14.0,532.0,182.0,318.0,0.0,184.0,343.0,0.0
5339358333,世田谷区,35.65729166666667,139.6640625,1304,700,385.0,120.0,76.0,36.0,695.0,353.0,318.0,0.0,349.0,336.0,0.0
5339358334,世田谷区,35.65729166666667,139.6671875,1121,711,454.0,114.0,55.0,27.0,709.0,227.0,455.0,0.0,179.0,522.0,0.0
5339358341,世田谷区,35.65520833333334,139.6703125,1079,474,181.0,38.0,53.0,53.0,472.0,249.0,160.0,0.0,164.0,299.0,0.0
5339358342,世田谷区,35.65520833333334,139.6734375,1127,574,283.0,68.0,47.0,40.0,570.0,322.0,232.0,0.0,235.0,329.0,0.0
5339358343,世田谷区,35.65729166666667,139.6703125,988,476,196.0,46.0,55.0,36.0,471.0,306.0,151.0,0.0,248.0,209.0,0.0
5339358344,世田谷区,35.65729166666667,139.6734375,903,412,168.0,38.0,49.0,56.0,410.0,225.0,145.0,0.0,199.0,205.0,0.0
5339358411,世田谷区,35.65104166666667,139.67656250000002,1965,1164,683.0,133.0,116.0,90.0,1157.0,454.0,455.0,193.0,179.0,972.0,0.0
5339358412,世田谷区,35.65104166666667,139.67968750000003,1586,988,636.0,177.0,94.0,31.0,968.0,360.0,565.0,0.0,191.0,772.0,0.0
5339358413,世田谷区,35.653125,139.67656250000002,1995,1078,569.0,147.0,119.0,84.0,1075.0,577.0,449.0,0.0,277.0,790.0,0.0
5339358414,世田谷区,35.653125,139.67968750000003,1555,782,368.0,74.0,65.0,77.0,778.0,424.0,251.0,0.0,163.0,613.0,238.0
5339358421,世田谷区,35.65104166666667,139.6828125,1012,744,575.0,215.0,56.0,16.0,701.0,196.0,471.0,0.0,132.0,566.0,0.0
5339358422,目黒区,35.65104166666667,139.68593750000002,1638,1052,700.0,177.0,80.0,58.0,1037.0,462.0,500.0,0.0,32.0,990.0,287.0
5339358423,世田谷区,35.653125,139.6828125,565,350,246.0,147.0,21.0,62.0,198.0,59.0,62.0,0.0,5.0,193.0,0.0
5339358424,目黒区,35.653125,139.68593750000002,934,379,120.0,22.0,22.0,49.0,379.0,48.0,82.0,31.0,10.0,368.0,0.0
5339358431,世田谷区,35.65520833333334,139.67656250000002,1680,876,421.0,90.0,97.0,68.0,868.0,430.0,345.0,75.0,161.0,701.0,0.0
5339358432,世田谷区,35.65520833333334,139.67968750000003,1421,704,315.0,81.0,52.0,73.0,701.0,378.0,297.0,0.0,196.0,503.0,0.0
5339358433,世田谷区,35.65729166666667,139.67656250000002,1089,590,313.0,89.0,69.0,41.0,585.0,252.0,232.0,85.0,203.0,375.0,0.0
5339358434,目黒区,35.65729166666667,139.67968750000003,535,322,203.0,70.0,57.0,14.0,321.0,155.0,150.0,0.0,152.0,163.0,0.0
5339358441,目黒区,35.65520833333334,139.6828125,1508,538,227.0,47.0,56.0,73.0,538.0,362.0,151.0,0.0,44.0,482.0,0.0
5339358442,目黒区,35.65520833333334,139.68593750000002,634,328,153.0,42.0,35.0,33.0,327.0,126.0,169.0,0.0,88.0,231.0,0.0
5339358443,目黒区,35.65729166666667,139.6828125,1126,604,318.0,103.0,69.0,45.0,604.0,270.0,302.0,0.0,138.0,427.0,0.0
5339358444,目黒区,35.65729166666667,139.68593750000002,1245,767,513.0,176.0,56.0,37.0,759.0,244.0,468.0,0.0,163.0,564.0,0.0
5339358511,目黒区,35.65104166666667,139.6890625,2772,1697,1042.0,247.0,108.0,107.0,1696.0,823.0,824.0,0.0,37.0,1656.0,699.0
5339358512,目黒区,35.65104166666667,139.69218750000002,1108,644,400.0,88.0,63.0,42.0,644.0,217.0,382.0,0.0,110.0,506.0,0.0
5339358513,目黒区,35.653125,139.6890625,1353,889,572.0,130.0,99.0,44.0,886.0,297.0,480.0,64.0,42.0,834.0,45.0
5339358514,目黒区,35.653125,139.69218750000002,1302,835,554.0,183.0,35.0,55.0,834.0,287.0,513.0,0.0,41.0,783.0,330.0
5339358521,目黒区,35.65104166666667,139.6953125,219,89,22.0,0.0,7.0,13.0,87.0,56.0,22.0,0.0,48.0,27.0,0.0
5339358522,渋谷区,35.65104166666667,139.6984375,658,325,142.0,7.0,24.0,33.0,324.0,175.0,133.0,0.0,64.0,255.0,0.0
5339358523,渋谷区,35.653125,139.6953125,690,350,162.0,4.0,44.0,24.0,345.0,251.0,52.0,22.0,46.0,294.0,0.0
5339358524,渋谷区,35.653125,139.6984375,1254,669,380.0,41.0,48.0,45.0,667.0,391.0,235.0,0.0,112.0,533.0,0.0
5339358531,目黒区,35.65520833333334,139.6890625,1965,1159,686.0,176.0,106.0,48.0,1158.0,572.0,537.0,0.0,201.0,929.0,139.0
5339358532,渋谷区,35.65520833333334,139.69218750000002,1919,1231,819.0,176.0,103.0,54.0,1226.0,592.0,565.0,0.0,86.0,1117.0,0.0
5339358533,目黒区,35.65729166666667,139.6890625,1512,819,429.0,113.0,70.0,46.0,817.0,394.0,355.0,0.0,178.0,585.0,0.0
5339358534,渋谷区,35.65729166666667,139.69218750000002,1533,993,699.0,121.0,70.0,39.0,991.0,374.0,580.0,2.0,111.0,874.0,56.0
5339358541,渋谷区,35.65520833333334,139.6953125,1165,817,596.0,89.0,65.0,36.0,809.0,342.0,450.0,0.0,23.0,775.0,60.0
5339358542,渋谷区,35.65520833333334,139.6984375,971,603,387.0,30.0,46.0,39.0,602.0,344.0,235.0,0.0,17.0,584.0,0.0
5339358543,渋谷区,35.65729166666667,139.6953125,1223,1009,864.0,110.0,67.0,9.0,1007.0,316.0,667.0,0.0,36.0,963.0,0.0
5339358544,渋谷区,35.65729166666667,139.6984375,52,35,23.0,2.0,11.0,0.0,34.0,28.0,4.0,0.0,3.0,28.0,0.0
5339358611,渋谷区,35.65104166666667,139.7015625,1255,687,374.0,25.0,63.0,59.0,685.0,365.0,298.0,0.0,75.0,604.0,0.0
5339358612,渋谷区,35.65104166666667,139.7046875,1122,739,500.0,40.0,57.0,33.0,739.0,409.0,294.0,0.0,81.0,642.0,0.0
5339358613,渋谷区,35.653125,139.7015625,1554,787,396.0,54.0,48.0,86.0,783.0,407.0,321.0,0.0,82.0,696.0,0.0
5339358614,渋谷区,35.653125,139.7046875,1002,625,403.0,35.0,36.0,39.0,622.0,263.0,330.0,0.0,67.0,549.0,27.0
5339358621,渋谷区,35.65104166666667,139.7078125,1525,1084,810.0,140.0,94.0,40.0,1054.0,308.0,664.0,28.0,35.0,1010.0,0.0
5339358622,渋谷区,35.65104166666667,139.7109375,1129,744,516.0,67.0,54.0,33.0,742.0,259.0,427.0,0.0,142.0,587.0,57.0
5339358623,渋谷区,35.653125,139.7078125,1386,944,636.0,74.0,206.0,27.0,942.0,252.0,311.0,329.0,34.0,902.0,48.0
5339358624,渋谷区,35.653125,139.7109375,1252,735,450.0,79.0,70.0,30.0,733.0,314.0,380.0,8.0,233.0,488.0,0.0
5339358631,渋谷区,35.65520833333334,139.7015625,764,559,433.0,35.0,35.0,17.0,555.0,182.0,351.0,0.0,7.0,545.0,6.0
5339358632,渋谷区,35.65520833333334,139.7046875,644,454,361.0,52.0,14.0,13.0,451.0,129.0,301.0,0.0,12.0,438.0,38.0
5339358633,渋谷区,35.65729166666667,139.7015625,44,28,17.0,0.0,6.0,0.0,27.0,27.0,0.0,0.0,2.0,23.0,0.0
5339358634,渋谷区,35.65729166666667,139.7046875,499,431,385.0,117.0,17.0,6.0,372.0,125.0,233.0,0.0,6.0,363.0,118.0
5339358641,渋谷区,35.65520833333334,139.7078125,1162,758,530.0,84.0,61.0,33.0,734.0,236.0,424.0,15.0,143.0,588.0,0.0
5339358642,渋谷区,35.65520833333334,139.7109375,320,209,140.0,20.0,27.0,12.0,209.0,76.0,125.0,0.0,44.0,163.0,0.0
5339358643,渋谷区,35.65729166666667,139.7078125,1006,651,452.0,43.0,73.0,39.0,646.0,269.0,320.0,25.0,49.0,597.0,110.0
5339358644,渋谷区,35.65729166666667,139.7109375,362,216,160.0,29.0,12.0,4.0,215.0,83.0,117.0,0.0,16.0,195.0,0.0
5339358711,渋谷区,35.65104166666667,139.7140625,869,422,192.0,12.0,35.0,30.0,420.0,204.0,155.0,0.0,157.0,252.0,0.0
5339358712,渋谷区,35.65104166666667,139.71718750000002,710,299,123.0,11.0,36.0,21.0,294.0,214.0,57.0,0.0,156.0,133.0,0.0
5339358713,渋谷区,35.653125,139.7140625,954,478,221.0,14.0,39.0,47.0,478.0,339.0,125.0,0.0,100.0,377.0,0.0
5339358714,渋谷区,35.653125,139.71718750000002,869,326,134.0,13.0,22.0,43.0,324.0,155.0,130.0,0.0,129.0,186.0,0.0
5339358721,渋谷区,35.65104166666667,139.7203125,492,331,233.0,22.0,44.0,11.0,322.0,136.0,166.0,0.0,64.0,252.0,0.0
5339358722,港区,35.65104166666667,139.72343750000002,959,524,296.0,25.0,49.0,69.0,522.0,169.0,305.0,0.0,77.0,434.0,68.0
5339358723,渋谷区,35.653125,139.7203125,1209,545,279.0,125.0,49.0,36.0,544.0,340.0,55.0,0.0,0.0,543.0,0.0
5339358724,港区,35.653125,139.72343750000002,713,328,132.0,12.0,33.0,41.0,321.0,207.0,83.0,0.0,33.0,285.0,0.0
5339358731,渋谷区,35.65520833333334,139.7140625,1666,897,480.0,58.0,72.0,81.0,895.0,442.0,318.0,86.0,171.0,710.0,0.0
5339358732,渋谷区,35.65520833333334,139.71718750000002,1059,424,176.0,11.0,33.0,45.0,422.0,338.0,71.0,0.0,35.0,386.0,119.0
5339358733,渋谷区,35.65729166666667,139.7140625,1484,740,330.0,50.0,53.0,64.0,740.0,479.0,222.0,0.0,63.0,675.0,0.0
5339358734,港区,35.65729166666667,139.71718750000002,1440,670,290.0,23.0,75.0,81.0,665.0,438.0,162.0,0.0,129.0,529.0,0.0
5339358741,渋谷区,35.65520833333334,139.7203125,2312,1084,370.0,11.0,118.0,104.0,1080.0,871.0,172.0,0.0,5.0,1075.0,0.0
5339358742,港区,35.65520833333334,139.72343750000002,1162,455,191.0,12.0,29.0,67.0,450.0,189.0,201.0,0.0,52.0,397.0,0.0
5339358743,港区,35.65729166666667,139.7203125,1034,512,227.0,33.0,42.0,46.0,512.0,329.0,132.0,0.0,95.0,416.0,0.0
5339358744,港区,35.65729166666667,139.72343750000002,1156,604,308.0,41.0,46.0,78.0,603.0,289.0,271.0,0.0,43.0,558.0,134.0
5339358811,港区,35.65104166666667,139.7265625,306,21,8.0,1.0,1.0,2.0,21.0,6.0,14.0,0.0,3.0,18.0,0.0
5339358812,港区,35.65104166666667,139.7296875,931,433,189.0,19.0,49.0,47.0,432.0,276.0,154.0,0.0,166.0,253.0,0.0
5339358813,港区,35.653125,139.7265625,321,131,41.0,2.0,23.0,15.0,131.0,90.0,29.0,0.0,5.0,125.0,0.0
5339358814,港区,35.653125,139.7296875,804,304,71.0,1.0,24.0,43.0,303.0,210.0,79.0,0.0,47.0,256.0,0.0
5339358821,港区,35.65104166666667,139.7328125,1343,707,405.0,69.0,71.0,63.0,704.0,309.0,356.0,0.0,107.0,590.0,0.0
5339358822,港区,35.65104166666667,139.7359375,1975,1196,737.0,163.0,95.0,101.0,1192.0,545.0,568.0,0.0,48.0,1141.0,111.0
5339358823,港区,35.653125,139.7328125,1172,612,313.0,55.0,74.0,66.0,610.0,318.0,242.0,0.0,29.0,580.0,138.0
5339358824,港区,35.653125,139.7359375,2722,1843,1318.0,322.0,162.0,104.0,1817.0,567.0,1086.0,0.0,20.0,1797.0,108.0
5339358831,港区,35.65520833333334,139.7265625,1187,600,279.0,30.0,65.0,71.0,596.0,318.0,237.0,0.0,101.0,491.0,43.0
5339358832,港区,35.65520833333334,139.7296875,924,392,124.0,24.0,38.0,55.0,389.0,222.0,126.0,0.0,116.0,264.0,0.0
5339358833,港区,35.65729166666667,139.7265625,943,453,194.0,43.0,37.0,56.0,452.0,263.0,164.0,0.0,90.0,358.0,60.0
5339358834,港区,35.65729166666667,139.7296875,1001,487,261.0,112.0,19.0,65.0,393.0,194.0,153.0,0.0,40.0,352.0,0.0
5339358841,港区,35.65520833333334,139.7328125,1105,596,323.0,58.0,57.0,50.0,595.0,276.0,269.0,0.0,49.0,538.0,13.0
5339358842,港区,35.65520833333334,139.7359375,2063,1414,1000.0,227.0,122.0,59.0,1411.0,402.0,850.0,0.0,28.0,1371.0,67.0
5339358843,港区,35.65729166666667,139.7328125,873,526,317.0,30.0,76.0,30.0,525.0,204.0,286.0,0.0,18.0,498.0,5.0
5339358844,港区,35.65729166666667,139.7359375,1331,795,518.0,118.0,64.0,65.0,787.0,224.0,410.0,0.0,23.0,761.0,61.0
5339358911,港区,35.65104166666667,139.73906250000002,533,262,107.0,6.0,24.0,36.0,261.0,180.0,73.0,0.0,8.0,253.0,17.0
5339358912,港区,35.65104166666667,139.74218750000003,984,463,193.0,12.0,58.0,74.0,463.0,347.0,67.0,0.0,7.0,455.0,180.0
5339358913,港区,35.653125,139.73906250000002,1567,784,364.0,24.0,95.0,90.0,778.0,514.0,178.0,8.0,147.0,622.0,231.0
5339358914,港区,35.653125,139.74218750000003,276,149,78.0,4.0,14.0,15.0,148.0,123.0,18.0,0.0,1.0,147.0,144.0
5339358921,港区,35.65104166666667,139.7453125,1673,1061,697.0,153.0,98.0,70.0,1041.0,362.0,593.0,0.0,129.0,905.0,63.0
5339358922,港区,35.65104166666667,139.74843750000002,1485,823,448.0,71.0,54.0,74.0,821.0,388.0,395.0,0.0,38.0,782.0,460.0
5339358923,港区,35.653125,139.7453125,1018,662,457.0,108.0,35.0,42.0,652.0,122.0,487.0,0.0,16.0,634.0,89.0
5339358924,港区,35.653125,139.74843750000002,494,328,236.0,70.0,10.0,27.0,325.0,8.0,295.0,0.0,5.0,318.0,230.0
5339358931,港区,35.65520833333334,139.73906250000002,2049,1363,953.0,163.0,72.0,82.0,1359.0,556.0,736.0,0.0,45.0,1310.0,636.0
5339358932,港区,35.65520833333334,139.74218750000003,1551,1085,801.0,147.0,70.0,65.0,1081.0,359.0,634.0,0.0,78.0,997.0,13.0
5339358933,港区,35.65729166666667,139.73906250000002,1382,820,499.0,80.0,59.0,56.0,818.0,321.0,426.0,0.0,181.0,634.0,15.0
5339358934,港区,35.65729166666667,139.74218750000003,1943,1228,829.0,145.0,100.0,82.0,1221.0,579.0,557.0,0.0,166.0,1050.0,293.0
5339358941,港区,35.65520833333334,139.7453125,965,632,451.0,116.0,48.0,44.0,633.0,178.0,302.0,49.0,25.0,605.0,105.0
5339358942,港区,35.65520833333334,139.74843750000002,9,4,,,,,,,,,,,
5339358943,港区,35.65729166666667,139.7453125,640,539,472.0,97.0,15.0,15.0,523.0,76.0,396.0,0.0,14.0,507.0,103.0
5339358944,港区,35.65729166666667,139.74843750000002,1,1,,,,,,,,,,,
5339359011,世田谷区,35.659375000000004,139.6265625,885,440,204.0,60.0,41.0,22.0,439.0,249.0,162.0,0.0,267.0,161.0,0.0
5339359012,世田谷区,35.659375000000004,139.62968750000002,889,488,263.0,99.0,32.0,29.0,484.0,210.0,254.0,0.0,192.0,287.0,0.0
5339359013,世田谷区,35.661458333333336,139.6265625,921,465,235.0,64.0,61.0,41.0,464.0,273.0,182.0,4.0,209.0,245.0,0.0
5339359014,世田谷区,35.661458333333336,139.62968750000002,649,380,229.0,79.0,61.0,16.0,378.0,188.0,165.0,0.0,187.0,183.0,0.0
5339359021,世田谷区,35.659375000000004,139.6328125,983,491,228.0,74.0,45.0,46.0,490.0,101.0,194.0,153.0,104.0,382.0,0.0
5339359022,世田谷区,35.659375000000004,139.6359375,1028,459,175.0,52.0,39.0,30.0,456.0,287.0,150.0,3.0,276.0,175.0,0.0
5339359023,世田谷区,35.661458333333336,139.6328125,346,170,75.0,16.0,21.0,12.0,170.0,90.0,62.0,13.0,75.0,94.0,0.0
5339359024,世田谷区,35.661458333333336,139.6359375,988,511,259.0,95.0,52.0,21.0,508.0,276.0,192.0,0.0,264.0,235.0,0.0
5339359031,世田谷区,35.663541666666674,139.6265625,1541,720,328.0,96.0,89.0,74.0,712.0,345.0,247.0,79.0,191.0,511.0,0.0
5339359032,世田谷区,35.663541666666674,139.62968750000002,1434,732,390.0,102.0,110.0,45.0,728.0,312.0,240.0,145.0,105.0,620.0,0.0
5339359033,世田谷区,35.665625000000006,139.6265625,1147,533,214.0,55.0,64.0,46.0,532.0,329.0,152.0,25.0,184.0,345.0,0.0
5339359034,世田谷区,35.665625000000006,139.62968750000002,1216,649,327.0,83.0,72.0,48.0,648.0,298.0,302.0,3.0,239.0,403.0,0.0
5339359041,世田谷区,35.663541666666674,139.6328125,1285,519,118.0,10.0,54.0,109.0,517.0,457.0,35.0,0.0,6.0,511.0,0.0
5339359042,世田谷区,35.663541666666674,139.6359375,599,363,257.0,80.0,43.0,9.0,361.0,128.0,221.0,0.0,108.0,244.0,0.0
5339359043,世田谷区,35.665625000000006,139.6328125,1442,743,346.0,95.0,80.0,64.0,741.0,410.0,277.0,0.0,71.0,669.0,0.0
5339359044,世田谷区,35.665625000000006,139.6359375,1126,698,465.0,148.0,78.0,29.0,697.0,262.0,413.0,0.0,240.0,450.0,0.0
5339359111,世田谷区,35.659375000000004,139.6390625,877,451,215.0,60.0,48.0,39.0,447.0,247.0,186.0,0.0,197.0,236.0,0.0
5339359112,世田谷区,35.659375000000004,139.6421875,1311,797,481.0,112.0,84.0,38.0,793.0,240.0,504.0,0.0,179.0,610.0,0.0
5339359113,世田谷区,35.661458333333336,139.6390625,1204,640,339.0,95.0,71.0,28.0,635.0,315.0,297.0,0.0,305.0,324.0,0.0
5339359114,世田谷区,35.661458333333336,139.6421875,1238,702,407.0,94.0,64.0,32.0,701.0,284.0,390.0,0.0,263.0,426.0,0.0
5339359121,世田谷区,35.659375000000004,139.6453125,1019,477,189.0,41.0,65.0,33.0,476.0,275.0,176.0,0.0,263.0,208.0,0.0
5339359122,世田谷区,35.659375000000004,139.6484375,1502,734,306.0,56.0,74.0,62.0,730.0,399.0,282.0,0.0,299.0,416.0,0.0
5339359123,世田谷区,35.661458333333336,139.6453125,1184,570,249.0,49.0,65.0,35.0,567.0,330.0,213.0,0.0,311.0,245.0,0.0
5339359124,世田谷区,35.661458333333336,139.6484375,1291,653,318.0,103.0,68.0,56.0,648.0,301.0,318.0,0.0,316.0,327.0,0.0
5339359131,世田谷区,35.663541666666674,139.6390625,1304,721,401.0,70.0,85.0,38.0,717.0,290.0,346.0,0.0,274.0,433.0,0.0
5339359132,世田谷区,35.663541666666674,139.6421875,1640,957,586.0,179.0,82.0,39.0,952.0,408.0,504.0,0.0,313.0,625.0,0.0
5339359133,世田谷区,35.665625000000006,139.6390625,1212,746,451.0,125.0,90.0,28.0,743.0,281.0,398.0,23.0,164.0,573.0,0.0
5339359134,世田谷区,35.665625000000006,139.6421875,1350,915,656.0,157.0,108.0,29.0,911.0,337.0,538.0,0.0,169.0,732.0,0.0
5339359141,世田谷区,35.663541666666674,139.6453125,1277,651,302.0,78.0,87.0,39.0,648.0,401.0,222.0,0.0,303.0,335.0,0.0
5339359142,世田谷区,35.663541666666674,139.6484375,1249,627,320.0,109.0,47.0,45.0,623.0,254.0,344.0,0.0,182.0,437.0,0.0
5339359143,世田谷区,35.665625000000006,139.6453125,1456,787,416.0,123.0,88.0,51.0,784.0,422.0,345.0,0.0,293.0,488.0,0.0
5339359144,世田谷区,35.665625000000006,139.6484375,889,566,366.0,132.0,56.0,22.0,563.0,192.0,335.0,0.0,172.0,391.0,0.0
5339359211,世田谷区,35.659375000000004,139.6515625,1234,666,364.0,97.0,65.0,49.0,664.0,291.0,341.0,0.0,164.0,495.0,0.0
5339359212,世田谷区,35.659375000000004,139.65468750000002,421,265,182.0,55.0,32.0,6.0,264.0,86.0,173.0,0.0,86.0,177.0,0.0
5339359213,世田谷区,35.661458333333336,139.6515625,1306,708,399.0,137.0,69.0,55.0,707.0,304.0,368.0,0.0,273.0,425.0,0.0
5339359214,世田谷区,35.661458333333336,139.65468750000002,1298,819,528.0,144.0,67.0,40.0,817.0,217.0,551.0,0.0,179.0,636.0,0.0
5339359221,世田谷区,35.659375000000004,139.6578125,1002,558,303.0,73.0,71.0,29.0,554.0,250.0,290.0,0.0,228.0,312.0,0.0
5339359222,世田谷区,35.659375000000004,139.66093750000002,1334,849,550.0,183.0,74.0,34.0,849.0,291.0,501.0,0.0,195.0,648.0,0.0
5339359223,世田谷区,35.661458333333336,139.6578125,1269,724,404.0,108.0,79.0,33.0,722.0,331.0,361.0,0.0,290.0,424.0,0.0
5339359224,世田谷区,35.661458333333336,139.66093750000002,1365,882,591.0,210.0,57.0,27.0,882.0,273.0,574.0,0.0,273.0,601.0,0.0
5339359231,世田谷区,35.663541666666674,139.6515625,982,520,282.0,104.0,47.0,24.0,520.0,219.0,256.0,0.0,193.0,308.0,0.0
5339359232,世田谷区,35.663541666666674,139.65468750000002,1628,955,566.0,188.0,71.0,55.0,954.0,277.0,620.0,0.0,227.0,687.0,0.0
5339359233,世田谷区,35.665625000000006,139.6515625,1344,828,530.0,200.0,69.0,30.0,827.0,278.0,488.0,0.0,264.0,552.0,0.0
5339359234,世田谷区,35.665625000000006,139.65468750000002,1413,729,364.0,106.0,67.0,42.0,729.0,347.0,347.0,0.0,320.0,401.0,0.0
5339359241,世田谷区,35.663541666666674,139.6578125,939,517,273.0,90.0,44.0,23.0,516.0,242.0,239.0,0.0,227.0,274.0,0.0
5339359242,世田谷区,35.663541666666674,139.66093750000002,1265,850,605.0,207.0,70.0,25.0,848.0,227.0,597.0,0.0,215.0,626.0,0.0
5339359243,世田谷区,35.665625000000006,139.6578125,1497,913,572.0,176.0,88.0,36.0,911.0,379.0,461.0,0.0,298.0,608.0,0.0
5339359244,世田谷区,35.665625000000006,139.66093750000002,1259,789,507.0,175.0,76.0,35.0,786.0,274.0,451.0,0.0,205.0,567.0,0.0
5339359311,世田谷区,35.659375000000004,139.6640625,1160,771,534.0,175.0,49.0,33.0,766.0,247.0,492.0,0.0,205.0,553.0,0.0
5339359312,世田谷区,35.659375000000004,139.6671875,1296,903,651.0,182.0,68.0,33.0,898.0,231.0,617.0,0.0,142.0,751.0,0.0
5339359313,世田谷区,35.661458333333336,139.6640625,1059,687,459.0,152.0,55.0,18.0,687.0,265.0,396.0,0.0,224.0,449.0,0.0
5339359314,世田谷区,35.661458333333336,139.6671875,598,397,272.0,61.0,53.0,13.0,393.0,163.0,211.0,0.0,54.0,335.0,0.0
5339359321,世田谷区,35.659375000000004,139.6703125,1101,657,412.0,112.0,65.0,34.0,650.0,277.0,354.0,0.0,238.0,403.0,0.0
5339359322,世田谷区,35.659375000000004,139.6734375,1169,751,518.0,155.0,77.0,30.0,688.0,277.0,368.0,0.0,217.0,467.0,0.0
5339359323,世田谷区,35.661458333333336,139.6703125,1180,696,441.0,115.0,60.0,36.0,689.0,240.0,406.0,0.0,101.0,586.0,0.0
5339359324,世田谷区,35.661458333333336,139.6734375,1713,1075,721.0,215.0,95.0,48.0,1071.0,391.0,652.0,0.0,354.0,704.0,0.0
5339359331,世田谷区,35.663541666666674,139.6640625,984,629,416.0,132.0,52.0,13.0,620.0,225.0,381.0,0.0,216.0,389.0,0.0
5339359332,世田谷区,35.663541666666674,139.6671875,1273,862,597.0,177.0,95.0,29.0,862.0,284.0,527.0,0.0,188.0,659.0,0.0
5339359333,世田谷区,35.665625000000006,139.6640625,1170,678,407.0,114.0,62.0,37.0,678.0,270.0,376.0,0.0,229.0,438.0,0.0
5339359334,世田谷区,35.665625000000006,139.6671875,1299,808,518.0,144.0,83.0,31.0,804.0,308.0,467.0,0.0,262.0,526.0,0.0
5339359341,世田谷区,35.663541666666674,139.6703125,1102,674,423.0,103.0,83.0,35.0,668.0,289.0,345.0,0.0,200.0,467.0,0.0
5339359342,世田谷区,35.663541666666674,139.6734375,1437,814,447.0,123.0,55.0,49.0,803.0,373.0,395.0,0.0,223.0,573.0,0.0
5339359343,世田谷区,35.665625000000006,139.6703125,1539,968,629.0,201.0,94.0,44.0,967.0,363.0,568.0,0.0,265.0,690.0,0.0
5339359344,世田谷区,35.665625000000006,139.6734375,1149,723,443.0,98.0,79.0,41.0,719.0,252.0,425.0,0.0,125.0,587.0,0.0
5339359411,世田谷区,35.659375000000004,139.67656250000002,912,504,275.0,91.0,59.0,31.0,502.0,296.0,197.0,0.0,240.0,257.0,0.0
5339359412,目黒区,35.659375000000004,139.67968750000003,234,134,81.0,37.0,5.0,9.0,134.0,45.0,86.0,0.0,25.0,107.0,0.0
5339359413,目黒区,35.661458333333336,139.67656250000002,592,373,245.0,85.0,29.0,14.0,372.0,151.0,209.0,0.0,152.0,218.0,0.0
5339359414,目黒区,35.661458333333336,139.67968750000003,211,111,54.0,7.0,8.0,5.0,109.0,45.0,60.0,0.0,31.0,71.0,0.0
5339359421,目黒区,35.659375000000004,139.6828125,252,173,124.0,42.0,18.0,8.0,170.0,34.0,126.0,0.0,11.0,157.0,0.0
5339359422,目黒区,35.659375000000004,139.68593750000002,38,31,27.0,12.0,1.0,1.0,31.0,4.0,24.0,0.0,3.0,27.0,0.0
5339359423,目黒区,35.661458333333336,139.6828125,129,54,12.0,2.0,2.0,1.0,54.0,41.0,10.0,0.0,27.0,24.0,0.0
5339359424,目黒区,35.661458333333336,139.68593750000002,251,158,93.0,13.0,13.0,8.0,158.0,24.0,129.0,0.0,1.0,157.0,0.0
5339359431,目黒区,35.663541666666674,139.67656250000002,682,428,283.0,70.0,28.0,24.0,427.0,162.0,232.0,0.0,99.0,319.0,0.0
5339359432,目黒区,35.663541666666674,139.67968750000003,1056,553,261.0,41.0,34.0,34.0,552.0,261.0,278.0,0.0,128.0,412.0,0.0
5339359433,渋谷区,35.665625000000006,139.67656250000002,1106,570,280.0,36.0,43.0,50.0,570.0,229.0,311.0,0.0,191.0,368.0,0.0
5339359434,渋谷区,35.665625000000006,139.67968750000003,1410,741,387.0,80.0,59.0,70.0,729.0,349.0,345.0,0.0,234.0,476.0,0.0
5339359441,渋谷区,35.663541666666674,139.6828125,1043,495,198.0,28.0,33.0,66.0,494.0,303.0,172.0,0.0,100.0,387.0,0.0
5339359442,渋谷区,35.663541666666674,139.68593750000002,2122,1345,882.0,191.0,84.0,89.0,1342.0,419.0,851.0,0.0,119.0,1220.0,0.0
5339359443,渋谷区,35.665625000000006,139.6828125,1038,453,155.0,28.0,21.0,59.0,453.0,318.0,111.0,0.0,103.0,350.0,0.0
5339359444,渋谷区,35.665625000000006,139.68593750000002,1540,867,507.0,74.0,63.0,56.0,866.0,424.0,405.0,0.0,240.0,608.0,0.0
5339359511,渋谷区,35.659375000000004,139.6890625,894,447,284.0,39.0,29.0,20.0,445.0,303.0,135.0,0.0,59.0,376.0,43.0
5339359512,渋谷区,35.659375000000004,139.69218750000002,1085,664,424.0,54.0,61.0,39.0,655.0,313.0,237.0,70.0,69.0,585.0,0.0
5339359513,渋谷区,35.661458333333336,139.6890625,819,440,238.0,43.0,27.0,38.0,440.0,205.0,219.0,0.0,78.0,360.0,57.0
5339359514,渋谷区,35.661458333333336,139.69218750000002,340,145,57.0,2.0,16.0,12.0,141.0,97.0,40.0,0.0,63.0,75.0,0.0
5339359521,渋谷区,35.659375000000004,139.6953125,1101,941,841.0,149.0,51.0,13.0,940.0,202.0,720.0,0.0,42.0,892.0,0.0
5339359522,渋谷区,35.659375000000004,139.6984375,22,14,8.0,3.0,1.0,1.0,11.0,4.0,6.0,0.0,2.0,6.0,0.0
5339359523,渋谷区,35.661458333333336,139.6953125,379,220,134.0,14.0,10.0,12.0,219.0,64.0,150.0,0.0,35.0,181.0,30.0
5339359524,渋谷区,35.661458333333336,139.6984375,83,66,54.0,1.0,15.0,1.0,66.0,54.0,6.0,4.0,3.0,61.0,0.0
5339359531,渋谷区,35.663541666666674,139.6890625,866,570,404.0,83.0,26.0,21.0,569.0,190.0,356.0,0.0,97.0,470.0,0.0
5339359532,渋谷区,35.663541666666674,139.69218750000002,556,286,161.0,24.0,26.0,13.0,285.0,159.0,99.0,0.0,93.0,192.0,0.0
5339359533,渋谷区,35.665625000000006,139.6890625,1280,707,399.0,55.0,45.0,62.0,706.0,289.0,351.0,0.0,152.0,547.0,0.0
5339359534,渋谷区,35.665625000000006,139.69218750000002,1186,765,517.0,64.0,42.0,38.0,764.0,239.0,497.0,0.0,107.0,643.0,0.0
5339359541,渋谷区,35.663541666666674,139.6953125,935,687,547.0,81.0,37.0,33.0,685.0,251.0,402.0,0.0,45.0,639.0,9.0
5339359542,渋谷区,35.663541666666674,139.6984375,380,269,202.0,19.0,34.0,8.0,268.0,146.0,109.0,10.0,4.0,262.0,0.0
5339359543,渋谷区,35.665625000000006,139.6953125,91,65,50.0,6.0,2.0,1.0,65.0,5.0,56.0,0.0,4.0,60.0,0.0
5339359544,渋谷区,35.665625000000006,139.6984375,92,46,24.0,3.0,2.0,9.0,46.0,7.0,38.0,0.0,1.0,44.0,32.0
5339359611,渋谷区,35.659375000000004,139.7015625,3,2,,,,,,,,,,,
5339359612,渋谷区,35.659375000000004,139.7046875,199,182,171.0,11.0,1.0,2.0,180.0,65.0,114.0,0.0,1.0,178.0,128.0
5339359613,渋谷区,35.661458333333336,139.7015625,93,53,30.0,1.0,7.0,7.0,49.0,25.0,10.0,12.0,1.0,46.0,30.0
5339359614,渋谷区,35.661458333333336,139.7046875,1385,752,432.0,28.0,44.0,47.0,747.0,490.0,210.0,0.0,6.0,737.0,618.0
5339359621,渋谷区,35.659375000000004,139.7078125,361,277,217.0,53.0,14.0,4.0,275.0,106.0,158.0,0.0,8.0,251.0,0.0
5339359622,渋谷区,35.659375000000004,139.7109375,176,106,64.0,4.0,8.0,6.0,106.0,78.0,27.0,0.0,2.0,103.0,0.0
5339359623,渋谷区,35.661458333333336,139.7078125,244,184,143.0,27.0,8.0,8.0,178.0,71.0,83.0,0.0,6.0,168.0,53.0
5339359624,渋谷区,35.661458333333336,139.7109375,204,105,47.0,3.0,18.0,8.0,104.0,73.0,25.0,0.0,13.0,90.0,0.0
5339359631,渋谷区,35.663541666666674,139.7015625,461,286,186.0,11.0,20.0,20.0,283.0,108.0,142.0,14.0,9.0,263.0,94.0
5339359632,渋谷区,35.663541666666674,139.7046875,955,508,266.0,19.0,51.0,40.0,507.0,381.0,101.0,1.0,61.0,439.0,153.0
5339359633,渋谷区,35.665625000000006,139.7015625,303,200,134.0,26.0,14.0,10.0,200.0,90.0,105.0,0.0,1.0,194.0,60.0
5339359634,渋谷区,35.665625000000006,139.7046875,638,345,184.0,25.0,33.0,16.0,345.0,175.0,115.0,35.0,126.0,212.0,0.0
5339359641,渋谷区,35.663541666666674,139.7078125,265,133,59.0,1.0,21.0,2.0,133.0,88.0,33.0,0.0,47.0,85.0,0.0
5339359642,港区,35.663541666666674,139.7109375,184,100,51.0,3.0,15.0,10.0,99.0,40.0,48.0,0.0,26.0,69.0,44.0
5339359643,渋谷区,35.665625000000006,139.7078125,652,322,147.0,8.0,31.0,26.0,312.0,130.0,115.0,14.0,94.0,215.0,0.0
5339359644,港区,35.665625000000006,139.7109375,161,81,30.0,1.0,13.0,3.0,80.0,44.0,21.0,0.0,25.0,54.0,0.0
5339359711,港区,35.659375000000004,139.7140625,945,538,299.0,40.0,51.0,42.0,535.0,297.0,153.0,41.0,32.0,502.0,0.0
5339359712,港区,35.659375000000004,139.71718750000002,1381,798,474.0,114.0,67.0,58.0,795.0,364.0,372.0,0.0,62.0,728.0,66.0
5339359713,港区,35.661458333333336,139.7140625,707,362,167.0,12.0,49.0,41.0,358.0,233.0,96.0,0.0,44.0,312.0,0.0
5339359714,港区,35.661458333333336,139.71718750000002,554,276,115.0,6.0,43.0,31.0,276.0,186.0,84.0,0.0,35.0,240.0,5.0
5339359721,港区,35.659375000000004,139.7203125,989,576,361.0,84.0,36.0,56.0,574.0,160.0,375.0,0.0,51.0,520.0,0.0
5339359722,港区,35.659375000000004,139.72343750000002,1476,954,659.0,168.0,82.0,53.0,952.0,472.0,423.0,0.0,95.0,844.0,132.0
5339359723,港区,35.661458333333336,139.7203125,1276,678,362.0,51.0,82.0,50.0,673.0,384.0,226.0,0.0,226.0,436.0,0.0
5339359724,港区,35.661458333333336,139.72343750000002,871,548,361.0,101.0,51.0,30.0,545.0,221.0,261.0,0.0,74.0,466.0,11.0
5339359731,港区,35.663541666666674,139.7140625,558,272,109.0,0.0,45.0,29.0,272.0,222.0,40.0,0.0,15.0,255.0,0.0
5339359732,港区,35.663541666666674,139.71718750000002,888,350,109.0,6.0,35.0,59.0,350.0,167.0,101.0,0.0,35.0,313.0,0.0
5339359733,港区,35.665625000000006,139.7140625,362,184,76.0,6.0,28.0,7.0,184.0,123.0,44.0,0.0,36.0,137.0,0.0
5339359734,港区,35.665625000000006,139.71718750000002,819,378,143.0,16.0,40.0,57.0,370.0,190.0,121.0,0.0,78.0,287.0,0.0
5339359741,港区,35.663541666666674,139.7203125,552,304,161.0,14.0,36.0,32.0,302.0,122.0,168.0,0.0,29.0,272.0,0.0
5339359743,港区,35.665625000000006,139.7203125,924,471,224.0,35.0,45.0,42.0,468.0,325.0,111.0,0.0,135.0,333.0,0.0
5339359744,港区,35.665625000000006,139.72343750000002,43,27,16.0,2.0,3.0,1.0,27.0,10.0,16.0,0.0,9.0,18.0,14.0
5339359811,港区,35.659375000000004,139.7265625,868,501,299.0,78.0,55.0,39.0,499.0,239.0,208.0,0.0,53.0,439.0,0.0
5339359812,港区,35.659375000000004,139.7296875,1159,629,360.0,3.0,59.0,63.0,629.0,337.0,254.0,0.0,1.0,628.0,571.0
5339359813,港区,35.661458333333336,139.7265625,812,521,357.0,85.0,60.0,31.0,519.0,148.0,329.0,0.0,89.0,424.0,0.0
5339359814,港区,35.661458333333336,139.7296875,246,169,122.0,13.0,64.0,7.0,167.0,25.0,55.0,68.0,11.0,153.0,0.0
5339359821,港区,35.659375000000004,139.7328125,309,172,97.0,7.0,24.0,15.0,172.0,90.0,62.0,0.0,3.0,164.0,77.0
5339359822,港区,35.659375000000004,139.7359375,1015,502,227.0,26.0,59.0,46.0,502.0,240.0,201.0,0.0,15.0,486.0,0.0
5339359823,港区,35.661458333333336,139.7328125,129,79,50.0,4.0,12.0,4.0,78.0,37.0,31.0,0.0,13.0,62.0,0.0
5339359824,港区,35.661458333333336,139.7359375,613,428,313.0,34.0,18.0,26.0,425.0,102.0,270.0,0.0,7.0,416.0,0.0
5339359831,港区,35.663541666666674,139.7265625,322,169,101.0,19.0,20.0,13.0,166.0,105.0,45.0,0.0,9.0,156.0,15.0
5339359832,港区,35.663541666666674,139.7296875,818,541,369.0,64.0,81.0,30.0,536.0,199.0,286.0,0.0,71.0,455.0,24.0
5339359833,港区,35.665625000000006,139.7265625,529,353,249.0,43.0,47.0,25.0,353.0,159.0,160.0,0.0,9.0,344.0,8.0
5339359834,港区,35.665625000000006,139.7296875,435,291,205.0,34.0,28.0,25.0,291.0,83.0,173.0,0.0,8.0,281.0,72.0
5339359841,港区,35.663541666666674,139.7328125,279,205,162.0,81.0,16.0,2.0,137.0,54.0,65.0,0.0,5.0,122.0,0.0
5339359842,港区,35.663541666666674,139.7359375,1583,1131,859.0,124.0,63.0,49.0,1128.0,459.0,512.0,9.0,45.0,1073.0,651.0
5339359843,港区,35.665625000000006,139.7328125,1271,598,259.0,37.0,48.0,115.0,581.0,162.0,315.0,0.0,7.0,572.0,258.0
5339359844,港区,35.665625000000006,139.7359375,981,698,521.0,105.0,44.0,33.0,695.0,242.0,414.0,0.0,20.0,674.0,174.0
5339359911,港区,35.659375000000004,139.73906250000002,1491,843,486.0,73.0,44.0,76.0,840.0,453.0,326.0,0.0,40.0,799.0,148.0
5339359912,港区,35.659375000000004,139.74218750000003,451,280,198.0,33.0,25.0,17.0,273.0,79.0,166.0,0.0,26.0,244.0,64.0
5339359913,港区,35.661458333333336,139.73906250000002,583,384,253.0,30.0,30.0,22.0,384.0,190.0,174.0,0.0,24.0,358.0,96.0
5339359914,港区,35.661458333333336,139.74218750000003,53,35,23.0,2.0,2.0,2.0,34.0,2.0,30.0,0.0,1.0,33.0,10.0
5339359921,港区,35.659375000000004,139.7453125,233,123,70.0,19.0,4.0,13.0,117.0,80.0,11.0,0.0,6.0,111.0,0.0
5339359922,港区,35.659375000000004,139.74843750000002,6,2,,,,,,,,,,,
5339359923,港区,35.661458333333336,139.7453125,495,356,276.0,52.0,28.0,16.0,353.0,115.0,191.0,0.0,10.0,341.0,99.0
5339359924,港区,35.661458333333336,139.74843750000002,263,177,128.0,23.0,13.0,9.0,179.0,66.0,94.0,0.0,5.0,172.0,0.0
5339359931,港区,35.663541666666674,139.73906250000002,1242,769,485.0,64.0,57.0,66.0,769.0,305.0,404.0,0.0,10.0,759.0,618.0
5339359932,港区,35.663541666666674,139.74218750000003,1249,648,309.0,28.0,44.0,74.0,648.0,220.0,369.0,0.0,12.0,636.0,522.0
5339359933,港区,35.665625000000006,139.73906250000002,739,382,195.0,19.0,28.0,38.0,381.0,27.0,333.0,0.0,3.0,378.0,371.0
5339359934,港区,35.665625000000006,139.74218750000003,386,243,158.0,13.0,20.0,18.0,242.0,9.0,221.0,0.0,2.0,239.0,163.0
5339359941,港区,35.663541666666674,139.7453125,514,327,221.0,28.0,31.0,21.0,327.0,154.0,139.0,0.0,37.0,284.0,92.0
5339359942,港区,35.663541666666674,139.74843750000002,1697,1097,734.0,110.0,49.0,96.0,1095.0,311.0,683.0,0.0,27.0,1064.0,712.0
5339359943,港区,35.665625000000006,139.7453125,634,464,347.0,153.0,42.0,17.0,378.0,219.0,50.0,0.0,0.0,378.0,282.0
5339359944,港区,35.665625000000006,139.74843750000002,327,213,148.0,17.0,32.0,9.0,213.0,94.0,103.0,0.0,33.0,177.0,32.0
5339361031,品川区,35.596875000000004,139.7515625,1485,697,263.0,69.0,96.0,55.0,696.0,69.0,3.0,548.0,0.0,696.0,0.0
5339361032,品川区,35.596875000000004,139.75468750000002,786,337,92.0,0.0,46.0,24.0,337.0,112.0,4.0,215.0,0.0,337.0,0.0
5339361033,品川区,35.598958333333336,139.7515625,1391,634,245.0,50.0,129.0,44.0,624.0,162.0,11.0,413.0,0.0,623.0,0.0
5339361034,品川区,35.598958333333336,139.75468750000002,1188,544,158.0,4.0,104.0,28.0,544.0,353.0,9.0,165.0,0.0,544.0,0.0
5339362011,品川区,35.60104166666667,139.7515625,1168,477,107.0,1.0,58.0,34.0,476.0,263.0,2.0,202.0,0.0,476.0,0.0
5339362012,品川区,35.60104166666667,139.75468750000002,405,175,69.0,4.0,13.0,13.0,180.0,6.0,172.0,0.0,0.0,180.0,0.0
5339362013,品川区,35.603125,139.7515625,1683,741,203.0,29.0,94.0,58.0,741.0,121.0,2.0,582.0,0.0,741.0,0.0
5339362014,品川区,35.603125,139.75468750000002,1068,471,142.0,18.0,49.0,36.0,470.0,139.0,192.0,132.0,0.0,470.0,0.0
5339362022,品川区,35.60104166666667,139.7609375,43,18,,,,,,,,,,,
5339362032,品川区,35.60520833333334,139.75468750000002,478,226,66.0,0.0,48.0,4.0,225.0,69.0,1.0,155.0,0.0,225.0,0.0
5339364032,品川区,35.621875,139.75468750000002,375,162,46.0,4.0,0.0,53.0,162.0,149.0,13.0,0.0,0.0,162.0,0.0
5339364033,品川区,35.623958333333334,139.7515625,230,133,65.0,0.0,13.0,4.0,133.0,111.0,18.0,0.0,0.0,133.0,133.0
5339364034,品川区,35.623958333333334,139.75468750000002,827,471,252.0,16.0,4.0,80.0,471.0,448.0,8.0,0.0,4.0,467.0,347.0
5339364043,品川区,35.623958333333334,139.7578125,40,40,40.0,9.0,0.0,0.0,23.0,0.0,0.0,0.0,0.0,21.0,0.0
5339364142,江東区,35.621875,139.7734375,66,66,66.0,47.0,0.0,0.0,66.0,0.0,66.0,0.0,0.0,66.0,0.0
5339364211,江東区,35.61770833333333,139.7765625,19,5,,,,,,,,,,,
5339364213,江東区,35.619791666666664,139.7765625,369,277,210.0,137.0,0.0,21.0,282.0,0.0,277.0,0.0,0.0,282.0,0.0
5339364231,江東区,35.621875,139.7765625,158,158,158.0,109.0,0.0,0.0,158.0,0.0,157.0,0.0,0.0,158.0,0.0
5339364331,江東区,35.621875,139.7890625,1,1,,,,,,,,,,,
5339365013,港区,35.628125,139.7515625,2630,1171,420.0,25.0,45.0,147.0,1170.0,1031.0,69.0,0.0,1.0,1169.0,1169.0
5339365023,港区,35.628125,139.7578125,55,39,33.0,20.0,0.0,4.0,31.0,0.0,0.0,0.0,0.0,31.0,0.0
5339365031,港区,35.630208333333336,139.7515625,1831,796,270.0,9.0,125.0,75.0,796.0,446.0,22.0,320.0,21.0,774.0,677.0
5339365032,港区,35.630208333333336,139.75468750000002,400,239,142.0,11.0,9.0,16.0,170.0,119.0,35.0,0.0,2.0,167.0,131.0
5339365033,港区,35.63229166666667,139.7515625,1660,802,337.0,15.0,81.0,104.0,802.0,534.0,64.0,169.0,1.0,801.0,599.0
5339365231,港区,35.630208333333336,139.7765625,568,233,69.0,4.0,18.0,37.0,233.0,0.0,16.0,201.0,0.0,233.0,0.0
5339365232,港区,35.630208333333336,139.77968750000002,1525,723,264.0,7.0,57.0,58.0,723.0,444.0,43.0,220.0,0.0,722.0,496.0
5339365234,港区,35.63229166666667,139.77968750000002,1901,841,294.0,22.0,91.0,94.0,841.0,0.0,49.0,749.0,0.0,841.0,655.0
5339365544,江東区,35.63229166666667,139.8234375,1,1,,,,,,,,,,,
5339366011,港区,35.634375,139.7515625,584,260,85.0,5.0,47.0,50.0,260.0,0.0,0.0,190.0,0.0,260.0,260.0
5339366013,港区,35.63645833333333,139.7515625,2348,1116,465.0,89.0,30.0,149.0,1114.0,706.0,333.0,0.0,1.0,1113.0,684.0
5339366031,港区,35.63854166666667,139.7515625,1559,762,339.0,46.0,120.0,77.0,758.0,317.0,247.0,150.0,0.0,757.0,460.0
5339366032,港区,35.63854166666667,139.75468750000002,881,547,360.0,71.0,17.0,43.0,532.0,0.0,164.0,153.0,0.0,532.0,456.0
5339366033,港区,35.640625,139.7515625,4660,2243,922.0,121.0,64.0,421.0,2242.0,704.0,1392.0,0.0,0.0,2241.0,2241.0
5339366034,港区,35.640625,139.75468750000002,677,388,230.0,56.0,17.0,34.0,388.0,46.0,283.0,0.0,1.0,387.0,46.0
5339366043,港区,35.640625,139.7578125,337,269,225.0,42.0,16.0,12.0,214.0,0.0,195.0,0.0,0.0,213.0,71.0
5339366211,港区,35.634375,139.7765625,1472,652,231.0,8.0,27.0,87.0,652.0,0.0,27.0,598.0,0.0,652.0,623.0
5339366223,江東区,35.63645833333333,139.7828125,1358,557,144.0,14.0,10.0,152.0,556.0,502.0,41.0,0.0,0.0,556.0,556.0
5339366224,江東区,35.63645833333333,139.78593750000002,4854,1988,523.0,32.0,61.0,408.0,1985.0,1761.0,172.0,0.0,1.0,1984.0,1982.0
5339366314,江東区,35.63645833333333,139.7921875,914,391,109.0,10.0,5.0,96.0,391.0,360.0,17.0,0.0,0.0,391.0,391.0
5339366321,江東区,35.634375,139.7953125,15,13,,,,,,,,,,,
5339366323,江東区,35.63645833333333,139.7953125,170,72,26.0,15.0,2.0,18.0,76.0,70.0,6.0,0.0,0.0,76.0,72.0
5339366331,江東区,35.63854166666667,139.7890625,26,25,,,,,,,,,,,
5339366332,江東区,35.63854166666667,139.7921875,1020,617,391.0,159.0,29.0,58.0,640.0,329.0,158.0,0.0,0.0,640.0,381.0
5339366333,江東区,35.640625,139.7890625,12,5,0.0,0.0,0.0,2.0,5.0,4.0,1.0,0.0,0.0,5.0,5.0
5339366334,江東区,35.640625,139.7921875,617,244,40.0,21.0,0.0,94.0,244.0,204.0,5.0,0.0,0.0,244.0,216.0
5339366341,江東区,35.63854166666667,139.7953125,462,215,71.0,5.0,4.0,53.0,215.0,204.0,7.0,0.0,0.0,215.0,215.0
5339366342,江東区,35.63854166666667,139.7984375,2,2,,,,,,,,,,,
5339366343,江東区,35.640625,139.7953125,444,192,43.0,0.0,6.0,26.0,191.0,170.0,13.0,0.0,0.0,191.0,191.0
5339366431,江東区,35.63854166666667,139.80156250000002,8,8,8.0,1.0,0.0,0.0,1.0,0.0,0.0,0.0,1.0,0.0,0.0
5339366432,江東区,35.63854166666667,139.80468750000003,17,17,17.0,9.0,0.0,0.0,17.0,0.0,0.0,0.0,0.0,17.0,0.0
5339366433,江東区,35.640625,139.80156250000002,669,247,38.0,2.0,9.0,16.0,247.0,234.0,9.0,0.0,0.0,247.0,0.0
5339366434,江東区,35.640625,139.80468750000003,15,15,15.0,6.0,1.0,0.0,13.0,0.0,0.0,0.0,0.0,13.0,0.0
5339366524,江東区,35.63645833333333,139.8234375,1,1,,,,,,,,,,,
5339366544,江東区,35.640625,139.8234375,2,1,,,,,,,,,,,
5339366621,江東区,35.634375,139.8328125,3,2,,,,,,,,,,,
5339366624,江東区,35.63645833333333,139.8359375,2,2,,,,,,,,,,,
5339366631,江東区,35.63854166666667,139.8265625,5,1,19.0,8.0,4.0,0.0,10.0,7.0,1.0,0.0,6.0,1.0,0.0
5339367011,港区,35.64270833333333,139.7515625,334,205,125.0,23.0,22.0,18.0,201.0,104.0,85.0,0.0,7.0,194.0,0.0
5339367012,港区,35.64270833333333,139.75468750000002,986,716,549.0,125.0,17.0,48.0,714.0,72.0,544.0,0.0,5.0,708.0,3.0
5339367013,港区,35.64479166666666,139.7515625,735,517,375.0,118.0,35.0,31.0,483.0,77.0,225.0,89.0,6.0,476.0,0.0
5339367014,港区,35.64479166666666,139.75468750000002,2530,1553,957.0,168.0,138.0,135.0,1545.0,659.0,794.0,0.0,2.0,1542.0,448.0
5339367021,港区,35.64270833333333,139.7578125,414,255,151.0,18.0,41.0,17.0,254.0,115.0,88.0,0.0,0.0,254.0,34.0
5339367023,港区,35.64479166666666,139.7578125,80,59,49.0,9.0,2.0,4.0,59.0,3.0,21.0,0.0,3.0,55.0,1.0
5339367031,港区,35.646875,139.7515625,1636,952,562.0,82.0,53.0,111.0,951.0,559.0,320.0,0.0,6.0,942.0,589.0
5339367032,港区,35.646875,139.75468750000002,2783,1320,542.0,116.0,58.0,299.0,1319.0,907.0,359.0,0.0,9.0,1309.0,791.0
5339367033,港区,35.64895833333333,139.7515625,1351,999,777.0,179.0,65.0,42.0,993.0,234.0,674.0,0.0,32.0,959.0,54.0
5339367034,港区,35.64895833333333,139.75468750000002,775,663,587.0,195.0,21.0,12.0,660.0,57.0,514.0,0.0,18.0,642.0,83.0
5339367041,港区,35.646875,139.7578125,650,378,236.0,46.0,8.0,23.0,377.0,205.0,80.0,0.0,0.0,376.0,0.0
5339367043,港区,35.64895833333333,139.7578125,545,366,254.0,62.0,10.0,30.0,366.0,199.0,152.0,0.0,22.0,343.0,150.0
5339367321,江東区,35.64270833333333,139.7953125,1486,666,209.0,22.0,15.0,104.0,663.0,607.0,40.0,0.0,0.0,663.0,663.0
5339367322,江東区,35.64270833333333,139.7984375,1523,754,267.0,12.0,147.0,28.0,752.0,4.0,9.0,716.0,0.0,752.0,0.0
5339367324,江東区,35.64479166666666,139.7984375,911,528,268.0,0.0,215.0,10.0,527.0,0.0,0.0,525.0,0.0,527.0,0.0
5339367332,江東区,35.646875,139.7921875,2842,1055,201.0,20.0,21.0,282.0,1052.0,947.0,72.0,0.0,1.0,1051.0,1051.0
5339367334,江東区,35.64895833333333,139.7921875,696,413,212.0,48.0,2.0,53.0,413.0,1.0,370.0,0.0,0.0,413.0,413.0
5339367342,江東区,35.646875,139.7984375,4,3,,,,,,,,,,,
5339367344,江東区,35.64895833333333,139.7984375,872,319,40.0,1.0,7.0,26.0,321.0,306.0,11.0,0.0,0.0,321.0,0.0
5339367411,江東区,35.64270833333333,139.80156250000002,1700,786,359.0,104.0,22.0,121.0,782.0,520.0,187.0,0.0,0.0,780.0,443.0
5339367412,江東区,35.64270833333333,139.80468750000003,1633,634,129.0,4.0,71.0,92.0,636.0,0.0,1.0,607.0,0.0,636.0,620.0
5339367413,江東区,35.64479166666666,139.80156250000002,1897,769,225.0,32.0,53.0,188.0,724.0,560.0,63.0,70.0,10.0,714.0,574.0
5339367414,江東区,35.64479166666666,139.80468750000003,2858,1225,302.0,8.0,68.0,122.0,1222.0,1019.0,86.0,91.0,0.0,1222.0,1112.0
5339367421,江東区,35.64270833333333,139.8078125,3,2,,,,,,,,,,,
5339367431,江東区,35.646875,139.80156250000002,2500,1315,740.0,208.0,27.0,165.0,1251.0,320.0,135.0,217.0,22.0,1226.0,753.0
5339367432,江東区,35.646875,139.80468750000003,4400,1903,540.0,51.0,50.0,319.0,1903.0,779.0,211.0,843.0,2.0,1901.0,826.0
5339367433,江東区,35.64895833333333,139.80156250000002,1356,732,394.0,89.0,17.0,101.0,732.0,200.0,475.0,0.0,0.0,732.0,0.0
5339367434,江東区,35.64895833333333,139.80468750000003,3832,1411,247.0,26.0,22.0,337.0,1411.0,854.0,245.0,270.0,0.0,1411.0,1014.0
5339367441,江東区,35.646875,139.8078125,59,24,7.0,2.0,0.0,6.0,24.0,0.0,0.0,0.0,0.0,24.0,0.0
5339367442,江東区,35.646875,139.81093750000002,436,284,160.0,0.0,129.0,0.0,284.0,0.0,0.0,284.0,0.0,284.0,0.0
5339367443,江東区,35.64895833333333,139.8078125,1025,591,285.0,6.0,216.0,7.0,591.0,134.0,5.0,440.0,0.0,591.0,0.0
5339367444,江東区,35.64895833333333,139.81093750000002,1052,658,352.0,0.0,290.0,1.0,658.0,0.0,0.0,658.0,0.0,658.0,0.0
5339367511,江東区,35.64270833333333,139.8140625,2,2,,,,,,,,,,,
5339367512,江東区,35.64270833333333,139.81718750000002,9,9,,,,,,,,,,,
5339367514,江東区,35.64479166666666,139.81718750000002,11,10,,,,,,,,,,,
5339367521,江東区,35.64270833333333,139.8203125,11,9,34.0,8.0,3.0,0.0,35.0,4.0,26.0,0.0,5.0,26.0,0.0
5339367523,江東区,35.64479166666666,139.8203125,9,6,,,,,,,,,,,
5339367524,江東区,35.64479166666666,139.8234375,1,1,,,,,,,,,,,
5339367531,江東区,35.646875,139.8140625,892,429,175.0,17.0,6.0,57.0,426.0,1.0,254.0,0.0,0.0,426.0,0.0
5339367532,江東区,35.646875,139.81718750000002,308,142,56.0,24.0,3.0,18.0,141.0,1.0,20.0,0.0,1.0,140.0,0.0
5339367534,江東区,35.64895833333333,139.81718750000002,25,17,12.0,5.0,2.0,2.0,9.0,0.0,3.0,0.0,0.0,9.0,0.0
5339367614,江東区,35.64479166666666,139.8296875,1,1,,,,,,,,,,,
5339367624,江東区,35.64479166666666,139.8359375,9,9,,,,,,,,,,,
5339367642,江東区,35.646875,139.8359375,4,4,,,,,,,,,,,
5339367842,江戸川区,35.646875,139.8609375,69,60,54.0,7.0,3.0,0.0,55.0,0.0,50.0,0.0,0.0,55.0,0.0
5339367912,江戸川区,35.64270833333333,139.86718750000003,229,92,22.0,0.0,8.0,7.0,92.0,0.0,0.0,91.0,0.0,92.0,0.0
5339367914,江戸川区,35.64479166666666,139.86718750000003,97,32,4.0,0.0,2.0,4.0,32.0,5.0,0.0,25.0,0.0,32.0,0.0
5339367921,江戸川区,35.64270833333333,139.8703125,1234,448,58.0,1.0,32.0,32.0,448.0,37.0,2.0,407.0,0.0,448.0,0.0
5339367922,江戸川区,35.64270833333333,139.87343750000002,2006,748,125.0,10.0,44.0,84.0,748.0,48.0,2.0,686.0,11.0,737.0,0.0
5339367923,江戸川区,35.64479166666666,139.8703125,1318,468,78.0,2.0,36.0,82.0,468.0,276.0,19.0,163.0,6.0,462.0,0.0
5339367924,江戸川区,35.64479166666666,139.87343750000002,1821,723,230.0,47.0,24.0,75.0,716.0,383.0,250.0,52.0,74.0,638.0,0.0
5339367931,江戸川区,35.646875,139.86406250000002,73,73,73.0,8.0,3.0,0.0,0.0,0.0,0.0,0.0,0.0,0.0,0.0
5339367933,江戸川区,35.64895833333333,139.86406250000002,91,33,4.0,0.0,1.0,3.0,33.0,31.0,1.0,0.0,6.0,27.0,0.0
5339367934,江戸川区,35.64895833333333,139.86718750000003,791,329,111.0,18.0,21.0,34.0,318.0,125.0,184.0,0.0,119.0,198.0,0.0
5339367941,江戸川区,35.646875,139.8703125,943,356,48.0,6.0,18.0,18.0,355.0,310.0,12.0,23.0,1.0,354.0,0.0
5339367942,江戸川区,35.646875,139.87343750000002,1220,593,327.0,111.0,29.0,42.0,546.0,154.0,242.0,0.0,108.0,433.0,0.0
5339367943,江戸川区,35.64895833333333,139.8703125,1647,871,385.0,62.0,163.0,40.0,801.0,59.0,43.0,692.0,37.0,764.0,0.0
5339367944,江戸川区,35.64895833333333,139.87343750000002,1377,683,321.0,47.0,78.0,78.0,673.0,110.0,508.0,0.0,100.0,529.0,0.0
5339368011,港区,35.65104166666667,139.7515625,2144,1264,796.0,185.0,84.0,109.0,1260.0,472.0,615.0,0.0,117.0,1129.0,0.0
5339368012,港区,35.65104166666667,139.75468750000002,1079,712,492.0,111.0,42.0,21.0,709.0,101.0,444.0,104.0,24.0,680.0,213.0
5339368013,港区,35.653125,139.7515625,956,632,445.0,88.0,71.0,36.0,631.0,239.0,339.0,0.0,24.0,596.0,24.0
5339368014,港区,35.653125,139.75468750000002,1245,700,395.0,65.0,35.0,83.0,699.0,368.0,279.0,0.0,50.0,636.0,405.0
5339368021,港区,35.65104166666667,139.7578125,90,50,29.0,5.0,2.0,4.0,56.0,46.0,10.0,0.0,0.0,56.0,0.0
5339368023,港区,35.653125,139.7578125,9,6,,,,,,,,,,,
5339368024,港区,35.653125,139.7609375,46,31,19.0,3.0,1.0,2.0,31.0,4.0,27.0,0.0,0.0,31.0,30.0
5339368031,港区,35.65520833333334,139.7515625,614,470,372.0,63.0,44.0,8.0,465.0,167.0,242.0,0.0,24.0,436.0,20.0
5339368032,港区,35.65520833333334,139.75468750000002,431,320,253.0,63.0,33.0,10.0,319.0,70.0,231.0,0.0,27.0,284.0,0.0
5339368033,港区,35.65729166666667,139.7515625,213,154,122.0,20.0,16.0,4.0,153.0,37.0,88.0,0.0,24.0,122.0,0.0
5339368034,港区,35.65729166666667,139.75468750000002,411,262,170.0,41.0,28.0,9.0,261.0,105.0,130.0,0.0,24.0,225.0,40.0
5339368041,港区,35.65520833333334,139.7578125,2,1,,,,,,,,,,,
5339368042,港区,35.65520833333334,139.7609375,387,240,134.0,24.0,7.0,25.0,240.0,19.0,206.0,0.0,1.0,239.0,192.0
5339368043,港区,35.65729166666667,139.7578125,1609,882,456.0,49.0,73.0,105.0,881.0,85.0,288.0,478.0,13.0,865.0,801.0
5339368044,港区,35.65729166666667,139.7609375,6,6,6.0,0.0,0.0,0.0,6.0,0.0,5.0,0.0,0.0,6.0,0.0
5339368114,中央区,35.653125,139.7671875,227,87,23.0,21.0,1.0,25.0,70.0,1.0,1.0,0.0,0.0,70.0,0.0
5339368123,中央区,35.653125,139.7703125,914,544,343.0,180.0,46.0,32.0,410.0,201.0,59.0,0.0,0.0,409.0,0.0
5339368124,中央区,35.653125,139.7734375,966,350,62.0,1.0,11.0,82.0,350.0,336.0,6.0,0.0,0.0,350.0,350.0
5339368142,中央区,35.65520833333334,139.7734375,7373,3312,1120.0,204.0,178.0,431.0,3310.0,1750.0,1149.0,183.0,1.0,3309.0,2641.0
5339368143,中央区,35.65729166666667,139.7703125,2400,1246,593.0,51.0,258.0,138.0,1239.0,507.0,270.0,392.0,0.0,1239.0,437.0
5339368144,中央区,35.65729166666667,139.7734375,3911,1763,624.0,88.0,98.0,333.0,1762.0,1160.0,518.0,0.0,32.0,1715.0,1409.0
5339368213,中央区,35.653125,139.7765625,965,511,243.0,23.0,14.0,75.0,511.0,429.0,70.0,0.0,0.0,511.0,511.0
5339368214,中央区,35.653125,139.77968750000002,80,64,55.0,41.0,0.0,2.0,19.0,15.0,0.0,1.0,0.0,19.0,16.0
5339368223,中央区,35.653125,139.7828125,5,5,5.0,0.0,0.0,0.0,0.0,0.0,0.0,0.0,0.0,0.0,0.0
5339368231,中央区,35.65520833333334,139.7765625,2604,1142,345.0,50.0,16.0,302.0,1137.0,993.0,108.0,0.0,1.0,1135.0,1135.0
5339368232,中央区,35.65520833333334,139.77968750000002,1669,869,388.0,50.0,115.0,116.0,858.0,261.0,59.0,458.0,1.0,857.0,810.0
5339368233,中央区,35.65729166666667,139.7765625,2308,1257,676.0,156.0,67.0,170.0,1240.0,372.0,694.0,0.0,79.0,1150.0,0.0
5339368234,中央区,35.65729166666667,139.77968750000002,1136,743,497.0,84.0,94.0,30.0,743.0,275.0,425.0,0.0,21.0,720.0,0.0
5339368241,中央区,35.65520833333334,139.7828125,581,290,116.0,5.0,58.0,16.0,290.0,194.0,20.0,64.0,0.0,290.0,0.0
5339368242,中央区,35.65520833333334,139.78593750000002,3894,1637,460.0,53.0,47.0,359.0,1632.0,1340.0,209.0,0.0,1.0,1631.0,1631.0
5339368243,中央区,35.65729166666667,139.7828125,1254,523,142.0,4.0,51.0,65.0,523.0,0.0,0.0,518.0,0.0,522.0,522.0
5339368244,中央区,35.65729166666667,139.78593750000002,2980,1148,227.0,22.0,57.0,336.0,1147.0,773.0,33.0,329.0,0.0,1147.0,1147.0
5339368321,江東区,35.65104166666667,139.7953125,7,0,0.0,0.0,0.0,0.0,0.0,0.0,0.0,0.0,0.0,0.0,0.0
5339368322,江東区,35.65104166666667,139.7984375,2846,998,131.0,10.0,18.0,284.0,998.0,893.0,78.0,0.0,0.0,997.0,953.0
5339368323,江東区,35.653125,139.7953125,2176,940,266.0,8.0,113.0,136.0,938.0,252.0,46.0,569.0,0.0,938.0,521.0
5339368324,江東区,35.653125,139.7984375,2631,1159,475.0,263.0,34.0,113.0,1015.0,696.0,169.0,13.0,3.0,1011.0,983.0
5339368333,中央区,35.65729166666667,139.7890625,445,187,57.0,14.0,5.0,58.0,187.0,174.0,6.0,0.0,0.0,187.0,187.0
5339368334,江東区,35.65729166666667,139.7921875,2214,869,175.0,6.0,61.0,108.0,868.0,798.0,59.0,0.0,1.0,867.0,856.0
5339368342,江東区,35.65520833333334,139.7984375,1301,663,301.0,28.0,92.0,43.0,662.0,261.0,183.0,189.0,10.0,651.0,183.0
5339368343,江東区,35.65729166666667,139.7953125,159,64,13.0,1.0,2.0,20.0,64.0,0.0,56.0,0.0,0.0,64.0,0.0
5339368344,江東区,35.65729166666667,139.7984375,2367,993,234.0,16.0,27.0,180.0,989.0,891.0,75.0,0.0,1.0,987.0,987.0
5339368411,江東区,35.65104166666667,139.80156250000002,967,373,56.0,6.0,6.0,136.0,373.0,346.0,20.0,0.0,0.0,373.0,361.0
5339368412,江東区,35.65104166666667,139.80468750000003,348,134,19.0,3.0,0.0,39.0,134.0,90.0,41.0,0.0,0.0,134.0,134.0
5339368413,江東区,35.653125,139.80156250000002,2830,1228,367.0,40.0,117.0,206.0,1228.0,378.0,126.0,682.0,0.0,1226.0,0.0
5339368414,江東区,35.653125,139.80468750000003,381,169,43.0,1.0,17.0,20.0,169.0,49.0,22.0,96.0,12.0,157.0,19.0
5339368421,江東区,35.65104166666667,139.8078125,1277,673,287.0,17.0,139.0,29.0,656.0,65.0,146.0,412.0,0.0,654.0,101.0
5339368422,江東区,35.65104166666667,139.81093750000002,957,559,256.0,0.0,191.0,3.0,559.0,0.0,0.0,559.0,0.0,559.0,0.0
5339368423,江東区,35.653125,139.8078125,2059,854,201.0,12.0,64.0,120.0,854.0,653.0,56.0,126.0,0.0,854.0,174.0
5339368424,江東区,35.653125,139.81093750000002,1664,642,131.0,26.0,24.0,144.0,640.0,563.0,57.0,0.0,1.0,638.0,215.0
5339368431,江東区,35.65520833333334,139.80156250000002,4021,1430,191.0,9.0,56.0,157.0,1426.0,1267.0,67.0,45.0,0.0,1426.0,1022.0
5339368432,江東区,35.65520833333334,139.80468750000003,1032,556,276.0,40.0,110.0,18.0,550.0,286.0,98.0,140.0,132.0,414.0,0.0
5339368433,江東区,35.65729166666667,139.80156250000002,1613,697,217.0,17.0,97.0,41.0,681.0,265.0,57.0,340.0,2.0,679.0,3.0
5339368434,江東区,35.65729166666667,139.80468750000003,1375,676,298.0,57.0,68.0,76.0,674.0,295.0,155.0,189.0,46.0,627.0,0.0
5339368441,江東区,35.65520833333334,139.8078125,603,279,99.0,3.0,35.0,17.0,278.0,234.0,32.0,0.0,3.0,274.0,0.0
5339368442,江東区,35.65520833333334,139.81093750000002,4,1,,,,,,,,,,,
5339368443,江東区,35.65729166666667,139.8078125,687,309,124.0,34.0,14.0,25.0,307.0,152.0,116.0,0.0,44.0,263.0,0.0
5339368444,江東区,35.65729166666667,139.81093750000002,777,296,74.0,13.0,9.0,77.0,295.0,244.0,39.0,0.0,45.0,250.0,115.0
5339368514,江東区,35.653125,139.81718750000002,644,281,62.0,1.0,30.0,18.0,281.0,0.0,0.0,280.0,0.0,281.0,0.0
5339368531,江東区,35.65520833333334,139.8140625,1233,464,128.0,2.0,80.0,37.0,464.0,0.0,24.0,434.0,1.0,463.0,435.0
5339368532,江東区,35.65520833333334,139.81718750000002,253,104,80.0,31.0,5.0,3.0,102.0,0.0,97.0,0.0,0.0,102.0,0.0
5339368533,江東区,35.65729166666667,139.8140625,681,439,314.0,95.0,35.0,4.0,439.0,131.0,252.0,0.0,117.0,320.0,0.0
5339368534,江東区,35.65729166666667,139.81718750000002,1573,776,331.0,92.0,43.0,49.0,770.0,202.0,255.0,275.0,3.0,767.0,0.0
5339368541,江東区,35.65520833333334,139.8203125,106,101,152.0,44.0,0.0,0.0,114.0,1.0,99.0,0.0,1.0,112.0,0.0
5339368543,江東区,35.65729166666667,139.8203125,55,54,,,,,,,,,,,
5339368544,江東区,35.65729166666667,139.8234375,2,2,,,,,,,,,,,
5339368812,江戸川区,35.65104166666667,139.8546875,323,257,230.0,132.0,1.0,7.0,128.0,0.0,1.0,0.0,0.0,128.0,0.0
5339368813,江戸川区,35.653125,139.8515625,108,3,,,,,,,,,,,
5339368814,江戸川区,35.653125,139.8546875,516,204,69.0,43.0,0.0,52.0,206.0,1.0,1.0,0.0,1.0,205.0,0.0
5339368821,江戸川区,35.65104166666667,139.8578125,388,241,175.0,26.0,0.0,22.0,241.0,0.0,0.0,0.0,0.0,241.0,0.0
5339368822,江戸川区,35.65104166666667,139.8609375,1167,512,133.0,1.0,91.0,11.0,512.0,0.0,0.0,512.0,0.0,512.0,0.0
5339368823,江戸川区,35.653125,139.8578125,918,306,21.0,2.0,0.0,85.0,306.0,1.0,0.0,0.0,0.0,306.0,0.0
5339368824,江戸川区,35.653125,139.8609375,1057,404,90.0,8.0,40.0,42.0,404.0,5.0,11.0,375.0,5.0,399.0,0.0
5339368832,江戸川区,35.65520833333334,139.8546875,1345,539,157.0,57.0,23.0,86.0,464.0,180.0,152.0,106.0,25.0,419.0,0.0
5339368833,江戸川区,35.65729166666667,139.8515625,6,2,,,,,,,,,,,
5339368834,江戸川区,35.65729166666667,139.8546875,2187,925,201.0,3.0,132.0,76.0,925.0,486.0,15.0,413.0,0.0,924.0,0.0
5339368841,江戸川区,35.65520833333334,139.8578125,461,174,33.0,3.0,13.0,13.0,172.0,98.0,43.0,29.0,30.0,142.0,0.0
5339368842,江戸川区,35.65520833333334,139.8609375,1855,838,277.0,19.0,137.0,65.0,838.0,29.0,2.0,788.0,34.0,804.0,0.0
5339368843,江戸川区,35.65729166666667,139.8578125,1097,583,234.0,12.0,133.0,9.0,583.0,6.0,62.0,503.0,7.0,576.0,0.0
5339368844,江戸川区,35.65729166666667,139.8609375,1439,765,414.0,101.0,71.0,31.0,723.0,115.0,287.0,276.0,69.0,654.0,0.0
5339368911,江戸川区,35.65104166666667,139.86406250000002,319,114,18.0,4.0,5.0,7.0,114.0,97.0,13.0,0.0,2.0,112.0,0.0
5339368912,江戸川区,35.65104166666667,139.86718750000003,1188,479,151.0,21.0,32.0,39.0,479.0,269.0,173.0,0.0,73.0,406.0,0.0
5339368914,江戸川区,35.653125,139.86718750000003,1496,571,157.0,14.0,43.0,57.0,569.0,207.0,136.0,210.0,47.0,522.0,121.0
5339368921,江戸川区,35.65104166666667,139.8703125,1509,668,223.0,32.0,47.0,71.0,668.0,201.0,302.0,97.0,19.0,648.0,0.0
5339368922,江戸川区,35.65104166666667,139.87343750000002,1170,554,257.0,69.0,27.0,88.0,553.0,103.0,405.0,0.0,27.0,523.0,0.0
5339368923,江戸川区,35.653125,139.8703125,704,304,109.0,18.0,21.0,51.0,302.0,58.0,189.0,0.0,43.0,259.0,0.0
5339368924,江戸川区,35.653125,139.87343750000002,2048,1081,599.0,166.0,42.0,85.0,1072.0,285.0,667.0,0.0,98.0,973.0,0.0
5339368931,江戸川区,35.65520833333334,139.86406250000002,751,399,237.0,51.0,31.0,20.0,399.0,132.0,243.0,0.0,119.0,280.0,0.0
5339368932,江戸川区,35.65520833333334,139.86718750000003,1287,689,380.0,93.0,44.0,65.0,688.0,158.0,492.0,0.0,119.0,569.0,0.0
5339368933,江戸川区,35.65729166666667,139.86406250000002,1819,946,504.0,130.0,57.0,64.0,942.0,339.0,563.0,0.0,130.0,812.0,0.0
5339368934,江戸川区,35.65729166666667,139.86718750000003,1825,1046,616.0,140.0,93.0,73.0,1033.0,254.0,721.0,0.0,141.0,884.0,0.0
5339368941,江戸川区,35.65520833333334,139.8703125,1084,558,298.0,82.0,40.0,50.0,553.0,178.0,336.0,0.0,118.0,425.0,0.0
5339368942,江戸川区,35.65520833333334,139.87343750000002,2002,1143,721.0,190.0,57.0,107.0,1142.0,185.0,882.0,0.0,95.0,1028.0,0.0
5339368943,江戸川区,35.65729166666667,139.8703125,1338,670,346.0,76.0,78.0,52.0,669.0,235.0,387.0,0.0,244.0,411.0,0.0
5339368944,江戸川区,35.65729166666667,139.87343750000002,1523,938,629.0,200.0,57.0,53.0,932.0,185.0,614.0,0.0,99.0,832.0,0.0
5339369011,港区,35.659375000000004,139.7515625,237,177,135.0,14.0,16.0,8.0,177.0,60.0,97.0,0.0,9.0,164.0,38.0
5339369012,港区,35.659375000000004,139.75468750000002,523,354,263.0,53.0,36.0,20.0,345.0,147.0,153.0,0.0,16.0,309.0,0.0
5339369013,港区,35.661458333333336,139.7515625,413,370,340.0,191.0,13.0,3.0,262.0,26.0,169.0,0.0,8.0,244.0,161.0
5339369014,港区,35.661458333333336,139.75468750000002,997,678,526.0,181.0,43.0,22.0,673.0,167.0,413.0,0.0,55.0,595.0,144.0
5339369021,港区,35.659375000000004,139.7578125,1931,1207,785.0,173.0,30.0,93.0,1185.0,390.0,533.0,167.0,5.0,1179.0,1050.0
5339369022,中央区,35.659375000000004,139.7609375,447,265,148.0,4.0,29.0,14.0,265.0,195.0,64.0,0.0,0.0,265.0,265.0
5339369023,港区,35.661458333333336,139.7578125,517,362,261.0,46.0,13.0,27.0,361.0,49.0,255.0,0.0,7.0,353.0,107.0
5339369024,中央区,35.661458333333336,139.7609375,1298,778,454.0,17.0,82.0,46.0,775.0,638.0,102.0,0.0,0.0,774.0,774.0
5339369031,港区,35.663541666666674,139.7515625,340,217,169.0,73.0,2.0,16.0,217.0,31.0,148.0,0.0,11.0,201.0,155.0
5339369032,港区,35.663541666666674,139.75468750000002,861,693,573.0,172.0,37.0,12.0,692.0,189.0,446.0,0.0,44.0,635.0,221.0
5339369033,港区,35.665625000000006,139.7515625,483,373,304.0,73.0,24.0,16.0,373.0,119.0,221.0,0.0,26.0,341.0,99.0
5339369034,港区,35.665625000000006,139.75468750000002,189,98,40.0,1.0,20.0,2.0,98.0,59.0,35.0,0.0,28.0,64.0,0.0
5339369041,港区,35.663541666666674,139.7578125,372,287,228.0,57.0,23.0,13.0,287.0,60.0,184.0,0.0,14.0,262.0,131.0
5339369043,港区,35.665625000000006,139.7578125,104,65,43.0,5.0,25.0,4.0,62.0,29.0,31.0,0.0,9.0,50.0,0.0
5339369044,中央区,35.665625000000006,139.7609375,4,4,,,,,,,,,,,
5339369122,中央区,35.659375000000004,139.7734375,1977,898,307.0,37.0,71.0,85.0,897.0,395.0,146.0,296.0,3.0,893.0,347.0
5339369131,中央区,35.663541666666674,139.7640625,27,26,25.0,7.0,1.0,0.0,26.0,2.0,22.0,0.0,0.0,26.0,0.0
5339369133,中央区,35.665625000000006,139.7640625,599,483,406.0,79.0,36.0,10.0,478.0,57.0,367.0,0.0,6.0,466.0,1.0
5339369134,中央区,35.665625000000006,139.7671875,537,438,390.0,228.0,11.0,12.0,376.0,37.0,44.0,0.0,0.0,375.0,210.0
5339369141,中央区,35.663541666666674,139.7703125,72,47,30.0,2.0,15.0,2.0,46.0,14.0,30.0,0.0,5.0,34.0,0.0
5339369142,中央区,35.663541666666674,139.7734375,493,288,165.0,29.0,24.0,20.0,285.0,104.0,153.0,0.0,35.0,241.0,37.0
5339369143,中央区,35.665625000000006,139.7703125,481,333,246.0,48.0,60.0,6.0,286.0,121.0,135.0,0.0,23.0,230.0,0.0
5339369144,中央区,35.665625000000006,139.7734375,2330,1245,620.0,76.0,150.0,129.0,1240.0,724.0,432.0,0.0,106.0,1113.0,0.0
5339369211,中央区,35.659375000000004,139.7765625,2736,1463,725.0,71.0,177.0,140.0,1460.0,571.0,524.0,280.0,27.0,1426.0,777.0
5339369212,中央区,35.659375000000004,139.77968750000002,2175,1227,667.0,85.0,225.0,88.0,1222.0,509.0,550.0,93.0,37.0,1182.0,53.0
5339369213,中央区,35.661458333333336,139.7765625,3301,1770,917.0,218.0,181.0,278.0,1729.0,14.0,1309.0,221.0,3.0,1726.0,1005.0
5339369214,中央区,35.661458333333336,139.77968750000002,2111,1382,946.0,303.0,273.0,68.0,1208.0,409.0,635.0,18.0,201.0,994.0,232.0
5339369221,中央区,35.659375000000004,139.7828125,2617,1303,567.0,71.0,169.0,109.0,1294.0,551.0,410.0,248.0,39.0,1247.0,736.0
5339369222,中央区,35.659375000000004,139.78593750000002,163,23,6.0,0.0,0.0,4.0,23.0,13.0,4.0,1.0,0.0,23.0,0.0
5339369223,中央区,35.661458333333336,139.7828125,2036,1175,669.0,138.0,107.0,74.0,1159.0,500.0,542.0,0.0,212.0,928.0,0.0
5339369224,中央区,35.661458333333336,139.78593750000002,507,223,95.0,15.0,27.0,18.0,223.0,130.0,70.0,0.0,53.0,156.0,0.0
5339369231,中央区,35.663541666666674,139.7765625,204,168,142.0,30.0,9.0,6.0,165.0,6.0,147.0,0.0,0.0,165.0,0.0
5339369232,中央区,35.663541666666674,139.77968750000002,2097,1065,503.0,108.0,118.0,94.0,1033.0,638.0,321.0,0.0,223.0,796.0,114.0
5339369233,中央区,35.665625000000006,139.7765625,1796,994,512.0,44.0,178.0,87.0,991.0,566.0,259.0,99.0,50.0,940.0,0.0
5339369234,中央区,35.665625000000006,139.77968750000002,733,339,131.0,2.0,92.0,48.0,339.0,182.0,149.0,2.0,3.0,336.0,289.0
5339369241,中央区,35.663541666666674,139.7828125,3794,1927,899.0,106.0,221.0,215.0,1897.0,1038.0,545.0,220.0,172.0,1715.0,993.0
5339369242,中央区,35.663541666666674,139.78593750000002,2138,1178,595.0,121.0,97.0,123.0,1155.0,323.0,384.0,383.0,100.0,1027.0,325.0
5339369243,中央区,35.665625000000006,139.7828125,2176,1027,388.0,48.0,100.0,83.0,1019.0,645.0,277.0,44.0,152.0,861.0,251.0
5339369244,中央区,35.665625000000006,139.78593750000002,3097,1612,803.0,116.0,191.0,115.0,1602.0,971.0,537.0,0.0,235.0,1350.0,404.0
5339369312,江東区,35.659375000000004,139.7921875,2167,935,249.0,25.0,35.0,141.0,933.0,469.0,372.0,0.0,0.0,932.0,906.0
5339369313,中央区,35.661458333333336,139.7890625,25,10,4.0,1.0,0.0,3.0,10.0,0.0,6.0,0.0,0.0,10.0,0.0
5339369314,江東区,35.661458333333336,139.7921875,2059,1153,552.0,84.0,265.0,80.0,1144.0,554.0,418.0,121.0,0.0,1144.0,421.0
5339369321,江東区,35.659375000000004,139.7953125,3172,1306,319.0,43.0,18.0,305.0,1303.0,730.0,525.0,0.0,2.0,1299.0,808.0
5339369322,江東区,35.659375000000004,139.7984375,2637,1050,198.0,9.0,61.0,139.0,1046.0,940.0,74.0,0.0,0.0,1045.0,789.0
5339369323,江東区,35.661458333333336,139.7953125,966,415,98.0,3.0,46.0,31.0,410.0,357.0,17.0,28.0,0.0,410.0,320.0
5339369324,江東区,35.661458333333336,139.7984375,545,186,26.0,1.0,12.0,18.0,186.0,180.0,2.0,0.0,0.0,186.0,186.0
5339369332,江東区,35.663541666666674,139.7921875,275,118,28.0,1.0,10.0,10.0,118.0,113.0,5.0,0.0,0.0,118.0,118.0
5339369341,江東区,35.663541666666674,139.7953125,1268,488,102.0,2.0,55.0,98.0,488.0,401.0,8.0,71.0,23.0,465.0,104.0
5339369342,江東区,35.663541666666674,139.7984375,274,95,1.0,1.0,0.0,54.0,95.0,0.0,0.0,0.0,0.0,95.0,0.0
5339369343,江東区,35.665625000000006,139.7953125,800,335,109.0,17.0,41.0,105.0,331.0,237.0,36.0,49.0,20.0,309.0,175.0
5339369344,江東区,35.665625000000006,139.7984375,1312,657,299.0,68.0,73.0,46.0,531.0,311.0,79.0,3.0,18.0,513.0,0.0
5339369411,江東区,35.659375000000004,139.80156250000002,1402,687,265.0,22.0,129.0,50.0,684.0,341.0,70.0,253.0,8.0,676.0,35.0
5339369412,江東区,35.659375000000004,139.80468750000003,949,489,217.0,33.0,51.0,43.0,487.0,333.0,115.0,0.0,10.0,477.0,0.0
5339369413,江東区,35.661458333333336,139.80156250000002,2803,1077,230.0,18.0,113.0,92.0,1075.0,790.0,81.0,189.0,3.0,1072.0,526.0
5339369414,江東区,35.661458333333336,139.80468750000003,2332,1020,361.0,46.0,151.0,164.0,1018.0,666.0,137.0,161.0,0.0,1017.0,152.0
5339369421,江東区,35.659375000000004,139.8078125,855,472,246.0,47.0,62.0,22.0,457.0,214.0,125.0,76.0,21.0,436.0,0.0
5339369422,江東区,35.659375000000004,139.81093750000002,1620,664,211.0,14.0,97.0,55.0,659.0,549.0,82.0,0.0,9.0,650.0,0.0
5339369423,江東区,35.661458333333336,139.8078125,1678,615,178.0,16.0,54.0,52.0,614.0,475.0,92.0,24.0,17.0,597.0,0.0
5339369424,江東区,35.661458333333336,139.81093750000002,1071,535,234.0,39.0,38.0,36.0,535.0,126.0,158.0,218.0,115.0,418.0,0.0
5339369431,江東区,35.663541666666674,139.80156250000002,1309,557,256.0,80.0,22.0,35.0,515.0,157.0,5.0,85.0,1.0,514.0,0.0
5339369432,江東区,35.663541666666674,139.80468750000003,110,102,95.0,48.0,1.0,0.0,99.0,0.0,81.0,0.0,0.0,99.0,0.0
5339369433,江東区,35.665625000000006,139.80156250000002,1398,654,243.0,35.0,70.0,39.0,651.0,321.0,137.0,149.0,126.0,525.0,0.0
5339369434,江東区,35.665625000000006,139.80468750000003,392,255,181.0,77.0,11.0,7.0,247.0,73.0,121.0,0.0,4.0,243.0,153.0
5339369441,江東区,35.663541666666674,139.8078125,2348,880,175.0,17.0,43.0,133.0,871.0,262.0,75.0,501.0,69.0,802.0,0.0
5339369442,江東区,35.663541666666674,139.81093750000002,959,531,306.0,62.0,67.0,21.0,531.0,85.0,217.0,192.0,82.0,448.0,0.0
5339369443,江東区,35.665625000000006,139.8078125,967,417,166.0,66.0,23.0,97.0,386.0,197.0,80.0,0.0,56.0,328.0,48.0
5339369444,江東区,35.665625000000006,139.81093750000002,913,523,324.0,73.0,65.0,29.0,522.0,175.0,282.0,36.0,137.0,382.0,0.0
5339369511,江東区,35.659375000000004,139.8140625,196,151,127.0,32.0,13.0,1.0,150.0,49.0,73.0,0.0,3.0,147.0,0.0
5339369512,江東区,35.659375000000004,139.81718750000002,880,390,137.0,27.0,30.0,23.0,397.0,227.0,20.0,135.0,1.0,396.0,242.0
5339369513,江東区,35.661458333333336,139.8140625,674,318,119.0,10.0,24.0,34.0,318.0,30.0,0.0,276.0,21.0,297.0,0.0
5339369514,江東区,35.661458333333336,139.81718750000002,832,414,197.0,59.0,12.0,28.0,405.0,216.0,114.0,0.0,0.0,405.0,189.0
5339369521,江東区,35.659375000000004,139.8203125,2,2,,,,,,,,,,,
5339369522,江東区,35.659375000000004,139.8234375,20,20,,,,,,,,,,,
5339369524,江東区,35.661458333333336,139.8234375,7,7,,,,,,,,,,,
5339369531,江東区,35.663541666666674,139.8140625,1137,515,224.0,101.0,9.0,80.0,476.0,2.0,86.0,212.0,1.0,475.0,0.0
5339369532,江東区,35.663541666666674,139.81718750000002,233,121,58.0,52.0,0.0,30.0,63.0,1.0,0.0,0.0,1.0,62.0,0.0
5339369533,江東区,35.665625000000006,139.8140625,1633,736,294.0,10.0,178.0,137.0,734.0,302.0,61.0,362.0,0.0,734.0,313.0
5339369534,江東区,35.665625000000006,139.81718750000002,2743,1201,336.0,19.0,161.0,117.0,1200.0,859.0,178.0,121.0,0.0,1199.0,516.0
5339369543,江東区,35.665625000000006,139.8203125,1419,527,78.0,2.0,48.0,90.0,527.0,496.0,25.0,0.0,0.0,527.0,124.0
5339369612,江東区,35.659375000000004,139.8296875,8,8,8.0,0.0,0.0,0.0,0.0,0.0,0.0,0.0,0.0,0.0,0.0
5339369641,江東区,35.663541666666674,139.8328125,90,0,0.0,0.0,0.0,0.0,0.0,0.0,0.0,0.0,0.0,0.0,0.0
5339369643,江東区,35.665625000000006,139.8328125,859,307,186.0,59.0,96.0,9.0,307.0,0.0,2.0,233.0,0.0,307.0,0.0
5339369644,江東区,35.665625000000006,139.8359375,1534,535,63.0,1.0,15.0,41.0,534.0,507.0,24.0,0.0,0.0,534.0,527.0
5339369733,江東区,35.665625000000006,139.8390625,85,24,1.0,0.0,0.0,9.0,24.0,24.0,0.0,0.0,22.0,2.0,1.0
5339369734,江東区,35.665625000000006,139.84218750000002,920,324,55.0,3.0,15.0,43.0,323.0,307.0,7.0,4.0,5.0,318.0,102.0
5339369811,江戸川区,35.659375000000004,139.8515625,2288,794,139.0,17.0,24.0,164.0,793.0,1.0,7.0,739.0,1.0,792.0,0.0
5339369812,江戸川区,35.659375000000004,139.8546875,2543,1004,211.0,8.0,102.0,101.0,1002.0,542.0,15.0,425.0,0.0,1002.0,174.0
5339369813,江戸川区,35.661458333333336,139.8515625,179,75,24.0,4.0,4.0,14.0,75.0,1.0,1.0,67.0,0.0,75.0,0.0
5339369814,江戸川区,35.661458333333336,139.8546875,1831,807,256.0,16.0,137.0,68.0,806.0,557.0,28.0,193.0,0.0,806.0,269.0
5339369821,江戸川区,35.659375000000004,139.8578125,1081,461,146.0,22.0,51.0,38.0,461.0,120.0,130.0,199.0,45.0,416.0,0.0
5339369822,江戸川区,35.659375000000004,139.8609375,1566,866,494.0,201.0,46.0,38.0,780.0,272.0,410.0,0.0,163.0,616.0,0.0
5339369823,江戸川区,35.661458333333336,139.8578125,748,451,285.0,110.0,43.0,40.0,405.0,45.0,200.0,115.0,32.0,371.0,0.0
5339369824,江戸川区,35.661458333333336,139.8609375,1708,1008,654.0,172.0,46.0,69.0,1008.0,113.0,797.0,0.0,75.0,925.0,0.0
5339369831,江戸川区,35.663541666666674,139.8515625,275,110,18.0,0.0,11.0,15.0,110.0,55.0,3.0,32.0,0.0,110.0,0.0
5339369832,江戸川区,35.663541666666674,139.8546875,1595,776,296.0,98.0,95.0,25.0,740.0,561.0,108.0,0.0,1.0,739.0,78.0
5339369833,江戸川区,35.665625000000006,139.8515625,1230,426,58.0,5.0,12.0,86.0,425.0,297.0,97.0,0.0,29.0,396.0,0.0
5339369834,江戸川区,35.665625000000006,139.8546875,2461,1158,475.0,153.0,78.0,90.0,981.0,480.0,448.0,0.0,25.0,955.0,0.0
5339369841,江戸川区,35.663541666666674,139.8578125,1373,931,693.0,286.0,40.0,33.0,844.0,170.0,500.0,0.0,31.0,811.0,0.0
5339369842,江戸川区,35.663541666666674,139.8609375,2767,1558,891.0,183.0,118.0,100.0,1555.0,398.0,1032.0,0.0,13.0,1542.0,39.0
5339369843,江戸川区,35.665625000000006,139.8578125,2396,1291,706.0,165.0,64.0,90.0,1238.0,267.0,806.0,0.0,22.0,1213.0,0.0
5339369844,江戸川区,35.665625000000006,139.8609375,2568,1449,803.0,130.0,149.0,138.0,1439.0,99.0,655.0,548.0,5.0,1432.0,0.0
5339369911,江戸川区,35.659375000000004,139.86406250000002,1644,934,562.0,220.0,51.0,57.0,867.0,259.0,522.0,0.0,69.0,796.0,0.0
5339369912,江戸川区,35.659375000000004,139.86718750000003,1583,783,412.0,139.0,34.0,73.0,731.0,230.0,403.0,0.0,94.0,637.0,0.0
5339369913,江戸川区,35.661458333333336,139.86406250000002,1852,970,497.0,143.0,71.0,94.0,966.0,360.0,516.0,0.0,78.0,875.0,0.0
5339369914,江戸川区,35.661458333333336,139.86718750000003,1788,1030,650.0,191.0,76.0,59.0,988.0,321.0,543.0,0.0,90.0,886.0,0.0
5339369921,江戸川区,35.659375000000004,139.8703125,970,569,390.0,130.0,21.0,26.0,565.0,124.0,345.0,8.0,62.0,503.0,0.0
5339369922,江戸川区,35.659375000000004,139.87343750000002,1763,1138,801.0,224.0,47.0,54.0,1134.0,217.0,794.0,0.0,67.0,1067.0,0.0
5339369923,江戸川区,35.661458333333336,139.8703125,1654,978,612.0,152.0,69.0,72.0,978.0,226.0,643.0,0.0,82.0,894.0,61.0
5339369924,江戸川区,35.661458333333336,139.87343750000002,2878,1639,971.0,225.0,59.0,143.0,1625.0,329.0,1076.0,0.0,12.0,1612.0,173.0
5339369931,江戸川区,35.663541666666674,139.86406250000002,2084,1262,791.0,199.0,118.0,48.0,1243.0,398.0,723.0,27.0,62.0,1181.0,0.0
5339369932,江戸川区,35.663541666666674,139.86718750000003,2233,1354,854.0,232.0,131.0,73.0,1324.0,411.0,786.0,0.0,123.0,1197.0,0.0
5339369933,江戸川区,35.665625000000006,139.86406250000002,1618,736,247.0,30.0,106.0,45.0,736.0,566.0,143.0,8.0,14.0,722.0,0.0
5339369934,江戸川区,35.665625000000006,139.86718750000003,1925,1187,786.0,187.0,67.0,100.0,1180.0,145.0,920.0,0.0,114.0,1064.0,0.0
5339369941,江戸川区,35.663541666666674,139.8703125,1685,948,592.0,169.0,38.0,51.0,948.0,270.0,581.0,0.0,31.0,917.0,120.0
5339369942,江戸川区,35.663541666666674,139.87343750000002,1877,1058,558.0,115.0,84.0,57.0,1056.0,344.0,622.0,0.0,1.0,1055.0,20.0
5339369943,江戸川区,35.665625000000006,139.8703125,1795,1355,1074.0,398.0,82.0,46.0,1266.0,98.0,998.0,0.0,22.0,1243.0,0.0
5339369944,江戸川区,35.665625000000006,139.87343750000002,1939,1257,861.0,263.0,84.0,50.0,1156.0,374.0,676.0,0.0,68.0,1087.0,2.0
5339377011,江戸川区,35.64270833333333,139.8765625,8,2,,,,,,,,,,,
5339377013,江戸川区,35.64479166666666,139.8765625,1146,485,184.0,44.0,29.0,62.0,482.0,175.0,273.0,0.0,180.0,299.0,0.0
5339377014,江戸川区,35.64479166666666,139.87968750000002,874,389,110.0,14.0,48.0,22.0,382.0,259.0,113.0,0.0,20.0,355.0,0.0
5339377023,江戸川区,35.64479166666666,139.8828125,112,47,11.0,0.0,9.0,2.0,47.0,42.0,4.0,0.0,0.0,47.0,0.0
5339377031,江戸川区,35.646875,139.8765625,2203,935,305.0,56.0,56.0,84.0,934.0,481.0,411.0,0.0,105.0,826.0,0.0
5339377032,江戸川区,35.646875,139.87968750000002,2039,877,249.0,22.0,120.0,85.0,876.0,638.0,215.0,0.0,69.0,806.0,0.0
5339377033,江戸川区,35.64895833333333,139.8765625,1093,468,159.0,25.0,31.0,57.0,467.0,167.0,278.0,0.0,95.0,371.0,0.0
5339377034,江戸川区,35.64895833333333,139.87968750000002,500,200,63.0,7.0,26.0,19.0,200.0,109.0,85.0,0.0,92.0,107.0,0.0
5339377041,江戸川区,35.646875,139.8828125,1109,481,117.0,0.0,93.0,18.0,479.0,461.0,7.0,0.0,1.0,478.0,1.0
5339378011,江戸川区,35.65104166666667,139.8765625,1250,566,244.0,49.0,31.0,56.0,566.0,193.0,351.0,0.0,62.0,499.0,0.0
5339378012,江戸川区,35.65104166666667,139.87968750000002,1457,552,149.0,28.0,21.0,69.0,552.0,216.0,290.0,0.0,122.0,430.0,0.0
5339378013,江戸川区,35.653125,139.8765625,1878,850,371.0,76.0,30.0,94.0,849.0,200.0,608.0,0.0,131.0,698.0,0.0
5339378014,江戸川区,35.653125,139.87968750000002,747,364,174.0,25.0,28.0,37.0,363.0,91.0,257.0,0.0,90.0,270.0,0.0
5339378031,江戸川区,35.65520833333334,139.8765625,1433,712,373.0,111.0,39.0,52.0,712.0,222.0,421.0,0.0,141.0,570.0,0.0
5339378032,江戸川区,35.65520833333334,139.87968750000002,1664,625,192.0,35.0,38.0,109.0,617.0,362.0,237.0,0.0,141.0,472.0,0.0
5339378033,江戸川区,35.65729166666667,139.8765625,1138,647,385.0,85.0,43.0,48.0,633.0,115.0,462.0,0.0,114.0,504.0,0.0
5339378034,江戸川区,35.65729166666667,139.87968750000002,883,355,134.0,32.0,13.0,39.0,354.0,106.0,213.0,0.0,69.0,284.0,0.0
5339378041,江戸川区,35.65520833333334,139.8828125,1078,388,54.0,5.0,3.0,140.0,388.0,336.0,50.0,0.0,12.0,376.0,0.0
5339378042,江戸川区,35.65520833333334,139.8859375,21,7,1.0,0.0,1.0,2.0,7.0,5.0,2.0,0.0,3.0,4.0,0.0
5339378043,江戸川区,35.65729166666667,139.8828125,1636,615,188.0,52.0,17.0,82.0,586.0,213.0,286.0,22.0,107.0,479.0,0.0
5339378044,江戸川区,35.65729166666667,139.8859375,292,134,60.0,11.0,7.0,10.0,134.0,68.0,59.0,0.0,69.0,64.0,0.0
5339379011,江戸川区,35.659375000000004,139.8765625,1919,989,598.0,217.0,22.0,99.0,978.0,98.0,668.0,0.0,38.0,934.0,0.0
5339379012,江戸川区,35.659375000000004,139.87968750000002,1525,687,303.0,66.0,39.0,76.0,641.0,183.0,404.0,0.0,20.0,621.0,0.0
5339379013,江戸川区,35.661458333333336,139.8765625,1951,1088,670.0,192.0,56.0,85.0,1075.0,126.0,830.0,0.0,52.0,1023.0,0.0
5339379014,江戸川区,35.661458333333336,139.87968750000002,725,452,319.0,135.0,22.0,16.0,370.0,72.0,274.0,0.0,54.0,314.0,0.0
5339379021,江戸川区,35.659375000000004,139.8828125,2044,995,431.0,82.0,92.0,76.0,893.0,131.0,322.0,401.0,49.0,836.0,0.0
5339379022,江戸川区,35.659375000000004,139.8859375,545,243,131.0,37.0,20.0,19.0,225.0,88.0,116.0,0.0,86.0,135.0,0.0
5339379023,江戸川区,35.661458333333336,139.8828125,1437,698,317.0,94.0,33.0,77.0,676.0,186.0,408.0,21.0,78.0,593.0,0.0
5339379024,江戸川区,35.661458333333336,139.8859375,747,406,232.0,34.0,38.0,26.0,405.0,121.0,264.0,0.0,113.0,288.0,0.0
5339379031,江戸川区,35.663541666666674,139.8765625,2146,1444,1039.0,324.0,58.0,83.0,1398.0,161.0,1084.0,0.0,53.0,1343.0,18.0
5339379032,江戸川区,35.663541666666674,139.87968750000002,1483,849,530.0,130.0,47.0,65.0,836.0,211.0,542.0,0.0,170.0,653.0,0.0
5339379033,江戸川区,35.665625000000006,139.8765625,1565,969,635.0,216.0,30.0,69.0,946.0,189.0,614.0,0.0,142.0,802.0,40.0
5339379034,江戸川区,35.665625000000006,139.87968750000002,1470,806,532.0,163.0,51.0,51.0,799.0,171.0,556.0,0.0,121.0,672.0,0.0
5339379041,江戸川区,35.663541666666674,139.8828125,1079,548,277.0,56.0,57.0,53.0,547.0,133.0,370.0,0.0,137.0,404.0,0.0
5339379042,江戸川区,35.663541666666674,139.8859375,616,338,199.0,63.0,31.0,26.0,338.0,106.0,219.0,0.0,106.0,226.0,0.0
5339379043,江戸川区,35.665625000000006,139.8828125,877,441,209.0,58.0,33.0,26.0,441.0,166.0,245.0,0.0,164.0,272.0,0.0
5339379044,江戸川区,35.665625000000006,139.8859375,229,154,108.0,21.0,18.0,6.0,153.0,19.0,116.0,0.0,22.0,131.0,0.0
5339440642,世田谷区,35.67187500000001,139.5859375,1156,539,230.0,34.0,56.0,55.0,536.0,154.0,129.0,229.0,44.0,490.0,0.0
5339440644,世田谷区,35.67395833333334,139.5859375,776,293,79.0,6.0,28.0,35.0,293.0,203.0,82.0,0.0,121.0,172.0,0.0
5339440712,世田谷区,35.66770833333334,139.59218750000002,1500,922,571.0,217.0,48.0,54.0,916.0,216.0,655.0,0.0,130.0,784.0,0.0
5339440713,世田谷区,35.66979166666667,139.5890625,954,402,146.0,22.0,47.0,40.0,393.0,242.0,139.0,0.0,167.0,226.0,0.0
5339440714,世田谷区,35.66979166666667,139.59218750000002,1109,582,292.0,101.0,41.0,33.0,581.0,232.0,324.0,0.0,211.0,363.0,0.0
5339440721,世田谷区,35.66770833333334,139.5953125,1402,897,597.0,146.0,75.0,36.0,896.0,291.0,533.0,35.0,79.0,815.0,0.0
5339440722,世田谷区,35.66770833333334,139.59843750000002,1649,995,581.0,128.0,192.0,80.0,995.0,122.0,366.0,486.0,53.0,939.0,0.0
5339440723,世田谷区,35.66979166666667,139.5953125,1357,893,604.0,177.0,82.0,33.0,892.0,232.0,599.0,0.0,103.0,785.0,0.0
5339440724,世田谷区,35.66979166666667,139.59843750000002,1484,987,668.0,130.0,128.0,46.0,981.0,241.0,658.0,41.0,72.0,906.0,0.0
5339440731,世田谷区,35.67187500000001,139.5890625,1593,655,189.0,13.0,96.0,76.0,654.0,444.0,88.0,97.0,130.0,522.0,0.0
5339440732,世田谷区,35.67187500000001,139.59218750000002,851,392,149.0,24.0,40.0,53.0,388.0,131.0,132.0,115.0,133.0,253.0,0.0
5339440733,世田谷区,35.67395833333334,139.5890625,975,372,140.0,32.0,26.0,63.0,371.0,245.0,115.0,0.0,135.0,235.0,0.0
5339440734,世田谷区,35.67395833333334,139.59218750000002,769,321,111.0,30.0,19.0,53.0,321.0,150.0,161.0,0.0,124.0,191.0,0.0
5339440741,世田谷区,35.67187500000001,139.5953125,1116,457,175.0,45.0,47.0,53.0,447.0,251.0,177.0,0.0,160.0,285.0,85.0
5339440742,世田谷区,35.67187500000001,139.59843750000002,1717,931,503.0,121.0,142.0,59.0,929.0,414.0,445.0,39.0,126.0,795.0,201.0
5339440743,世田谷区,35.67395833333334,139.5953125,991,515,279.0,54.0,64.0,27.0,515.0,199.0,290.0,0.0,186.0,321.0,0.0
5339440744,世田谷区,35.67395833333334,139.59843750000002,943,465,213.0,53.0,47.0,31.0,463.0,259.0,185.0,0.0,257.0,205.0,0.0
5339440811,世田谷区,35.66770833333334,139.6015625,641,468,360.0,111.0,52.0,8.0,468.0,98.0,341.0,0.0,78.0,387.0,0.0
5339440812,世田谷区,35.66770833333334,139.6046875,1626,924,515.0,125.0,95.0,83.0,920.0,377.0,481.0,23.0,121.0,787.0,0.0
5339440813,世田谷区,35.66979166666667,139.6015625,1386,1007,769.0,231.0,84.0,33.0,1005.0,177.0,757.0,23.0,111.0,891.0,0.0
5339440814,世田谷区,35.66979166666667,139.6046875,1456,948,633.0,216.0,92.0,51.0,946.0,207.0,648.0,39.0,146.0,797.0,0.0
5339440821,世田谷区,35.66770833333334,139.6078125,1633,810,377.0,76.0,149.0,43.0,802.0,414.0,226.0,144.0,20.0,779.0,0.0
5339440822,世田谷区,35.66770833333334,139.6109375,1638,840,400.0,115.0,77.0,62.0,837.0,424.0,352.0,0.0,227.0,609.0,0.0
5339440823,世田谷区,35.66979166666667,139.6078125,1526,941,563.0,86.0,148.0,54.0,938.0,142.0,381.0,373.0,46.0,888.0,0.0
5339440824,世田谷区,35.66979166666667,139.6109375,1164,744,522.0,166.0,67.0,23.0,743.0,213.0,460.0,0.0,180.0,548.0,0.0
5339440831,世田谷区,35.67187500000001,139.6015625,969,642,442.0,126.0,75.0,14.0,633.0,183.0,408.0,6.0,140.0,484.0,0.0
5339440832,世田谷区,35.67187500000001,139.6046875,2145,1102,491.0,98.0,135.0,91.0,1099.0,717.0,313.0,33.0,150.0,940.0,0.0
5339440833,世田谷区,35.67395833333334,139.6015625,1272,717,409.0,70.0,115.0,44.0,717.0,244.0,274.0,174.0,205.0,500.0,0.0
5339440834,世田谷区,35.67395833333334,139.6046875,1177,679,382.0,104.0,97.0,26.0,676.0,287.0,279.0,86.0,207.0,464.0,0.0
5339440841,世田谷区,35.67187500000001,139.6078125,2356,1269,619.0,155.0,128.0,90.0,1267.0,530.0,692.0,0.0,147.0,1111.0,0.0
5339440842,杉並区,35.67187500000001,139.6109375,1358,917,655.0,220.0,51.0,32.0,917.0,222.0,655.0,0.0,121.0,794.0,0.0
5339440843,世田谷区,35.67395833333334,139.6078125,1263,696,376.0,110.0,70.0,45.0,696.0,285.0,357.0,29.0,140.0,552.0,0.0
5339440844,杉並区,35.67395833333334,139.6109375,1109,639,377.0,106.0,37.0,41.0,637.0,247.0,351.0,13.0,203.0,431.0,0.0
5339440911,世田谷区,35.66770833333334,139.61406250000002,922,495,247.0,39.0,101.0,33.0,493.0,162.0,212.0,91.0,73.0,419.0,0.0
5339440912,世田谷区,35.66770833333334,139.61718750000003,1004,488,351.0,93.0,50.0,11.0,429.0,116.0,254.0,17.0,122.0,305.0,0.0
5339440913,世田谷区,35.66979166666667,139.61406250000002,1303,878,635.0,215.0,52.0,30.0,873.0,192.0,618.0,22.0,91.0,776.0,0.0
5339440914,世田谷区,35.66979166666667,139.61718750000003,1252,846,587.0,145.0,79.0,40.0,845.0,284.0,522.0,3.0,87.0,750.0,0.0
5339440921,世田谷区,35.66770833333334,139.6203125,218,161,126.0,65.0,4.0,12.0,161.0,16.0,23.0,0.0,17.0,141.0,0.0
5339440922,世田谷区,35.66770833333334,139.62343750000002,966,505,241.0,61.0,59.0,44.0,504.0,233.0,218.0,0.0,231.0,260.0,0.0
5339440923,世田谷区,35.66979166666667,139.6203125,1196,671,365.0,127.0,47.0,52.0,656.0,176.0,456.0,0.0,83.0,570.0,0.0
5339440924,世田谷区,35.66979166666667,139.62343750000002,1591,1062,735.0,240.0,139.0,28.0,1045.0,414.0,527.0,23.0,139.0,902.0,0.0
5339440931,杉並区,35.67187500000001,139.61406250000002,1628,1074,730.0,191.0,103.0,58.0,1072.0,460.0,556.0,0.0,97.0,972.0,0.0
5339440932,世田谷区,35.67187500000001,139.61718750000003,1498,881,508.0,100.0,100.0,50.0,880.0,432.0,368.0,34.0,123.0,752.0,0.0
5339440933,世田谷区,35.67395833333334,139.61406250000002,1319,731,398.0,122.0,70.0,46.0,725.0,308.0,337.0,49.0,158.0,556.0,0.0
5339440934,世田谷区,35.67395833333334,139.61718750000003,1678,992,584.0,173.0,110.0,58.0,992.0,335.0,506.0,88.0,242.0,737.0,0.0
5339440941,世田谷区,35.67187500000001,139.6203125,1275,721,416.0,160.0,57.0,34.0,705.0,290.0,379.0,0.0,271.0,431.0,0.0
5339440942,杉並区,35.67187500000001,139.62343750000002,838,494,291.0,84.0,41.0,37.0,494.0,140.0,276.0,55.0,113.0,368.0,0.0
5339440943,杉並区,35.67395833333334,139.6203125,1127,698,466.0,179.0,36.0,45.0,696.0,215.0,448.0,0.0,158.0,533.0,0.0
5339440944,杉並区,35.67395833333334,139.62343750000002,1183,634,330.0,75.0,74.0,22.0,628.0,333.0,266.0,0.0,270.0,352.0,0.0
5339441711,世田谷区,35.67604166666667,139.5890625,718,352,154.0,38.0,41.0,19.0,346.0,159.0,124.0,52.0,76.0,266.0,0.0
5339441712,世田谷区,35.67604166666667,139.59218750000002,1280,584,232.0,61.0,66.0,54.0,582.0,336.0,221.0,11.0,192.0,385.0,0.0
5339441713,世田谷区,35.678125,139.5890625,1071,363,134.0,35.0,42.0,22.0,361.0,219.0,125.0,0.0,158.0,203.0,0.0
5339441714,世田谷区,35.678125,139.59218750000002,568,319,211.0,75.0,48.0,14.0,318.0,109.0,173.0,22.0,101.0,212.0,0.0
5339441721,世田谷区,35.67604166666667,139.5953125,782,405,205.0,49.0,44.0,18.0,405.0,159.0,228.0,0.0,149.0,254.0,0.0
5339441722,世田谷区,35.67604166666667,139.59843750000002,786,428,244.0,63.0,49.0,27.0,427.0,170.0,239.0,0.0,163.0,261.0,0.0
5339441723,世田谷区,35.678125,139.5953125,169,83,38.0,6.0,13.0,1.0,80.0,49.0,23.0,0.0,20.0,60.0,0.0
5339441724,世田谷区,35.678125,139.59843750000002,435,221,108.0,33.0,34.0,9.0,218.0,125.0,64.0,20.0,128.0,87.0,0.0
5339441731,世田谷区,35.68020833333334,139.5890625,1049,472,188.0,43.0,52.0,26.0,472.0,295.0,160.0,0.0,158.0,275.0,0.0
5339441732,世田谷区,35.68020833333334,139.59218750000002,800,352,110.0,12.0,55.0,25.0,351.0,271.0,67.0,0.0,187.0,161.0,0.0
5339441733,世田谷区,35.68229166666667,139.5890625,710,330,129.0,27.0,37.0,26.0,330.0,201.0,111.0,0.0,126.0,204.0,0.0
5339441741,世田谷区,35.68020833333334,139.5953125,607,286,112.0,26.0,42.0,14.0,286.0,200.0,75.0,0.0,186.0,93.0,0.0
5339441742,世田谷区,35.68020833333334,139.59843750000002,1106,629,338.0,86.0,144.0,59.0,594.0,95.0,76.0,382.0,83.0,506.0,0.0
5339441743,杉並区,35.68229166666667,139.5953125,630,355,197.0,28.0,117.0,12.0,353.0,102.0,67.0,183.0,71.0,272.0,0.0
5339441744,杉並区,35.68229166666667,139.59843750000002,1284,676,379.0,82.0,87.0,32.0,675.0,386.0,248.0,36.0,50.0,624.0,0.0
5339441811,世田谷区,35.67604166666667,139.6015625,1131,541,241.0,42.0,79.0,57.0,540.0,273.0,212.0,30.0,145.0,394.0,0.0
5339441812,世田谷区,35.67604166666667,139.6046875,915,423,164.0,37.0,70.0,44.0,423.0,298.0,98.0,18.0,253.0,160.0,0.0
5339441813,世田谷区,35.678125,139.6015625,972,454,181.0,24.0,85.0,30.0,453.0,191.0,74.0,178.0,193.0,259.0,0.0
5339441814,世田谷区,35.678125,139.6046875,1021,462,176.0,42.0,45.0,38.0,462.0,289.0,136.0,0.0,251.0,205.0,0.0
5339441821,世田谷区,35.67604166666667,139.6078125,1043,544,287.0,98.0,48.0,28.0,542.0,263.0,265.0,0.0,268.0,266.0,0.0
5339441822,世田谷区,35.67604166666667,139.6109375,875,420,195.0,42.0,44.0,27.0,419.0,233.0,151.0,8.0,223.0,168.0,0.0
5339441823,杉並区,35.678125,139.6078125,909,439,221.0,52.0,83.0,38.0,438.0,195.0,148.0,70.0,191.0,239.0,0.0
5339441824,杉並区,35.678125,139.6109375,1089,500,193.0,50.0,36.0,69.0,498.0,316.0,151.0,0.0,188.0,304.0,0.0
5339441831,世田谷区,35.68020833333334,139.6015625,1254,643,313.0,39.0,114.0,59.0,641.0,261.0,152.0,197.0,49.0,592.0,0.0
5339441832,杉並区,35.68020833333334,139.6046875,709,350,160.0,47.0,27.0,37.0,350.0,175.0,166.0,0.0,108.0,242.0,0.0
5339441833,杉並区,35.68229166666667,139.6015625,641,326,132.0,19.0,56.0,8.0,326.0,150.0,61.0,108.0,159.0,166.0,0.0
5339441834,杉並区,35.68229166666667,139.6046875,172,83,33.0,5.0,20.0,6.0,83.0,48.0,17.0,15.0,51.0,32.0,0.0
5339441841,杉並区,35.68020833333334,139.6078125,607,268,161.0,49.0,21.0,25.0,262.0,115.0,136.0,0.0,83.0,178.0,0.0
5339441842,杉並区,35.68020833333334,139.6109375,1453,261,101.0,16.0,16.0,18.0,243.0,161.0,73.0,0.0,151.0,84.0,0.0
5339441843,杉並区,35.68229166666667,139.6078125,977,445,232.0,33.0,84.0,29.0,444.0,180.0,157.0,91.0,180.0,260.0,0.0
5339441844,杉並区,35.68229166666667,139.6109375,785,476,277.0,11.0,207.0,18.0,464.0,120.0,42.0,290.0,119.0,344.0,0.0
5339441911,杉並区,35.67604166666667,139.61406250000002,925,469,227.0,51.0,31.0,38.0,469.0,216.0,192.0,37.0,138.0,328.0,0.0
5339441912,杉並区,35.67604166666667,139.61718750000003,1093,691,471.0,160.0,36.0,38.0,688.0,210.0,456.0,0.0,173.0,509.0,0.0
5339441913,杉並区,35.678125,139.61406250000002,1099,621,361.0,107.0,43.0,38.0,620.0,276.0,319.0,0.0,78.0,508.0,0.0
5339441914,杉並区,35.678125,139.61718750000003,879,393,162.0,25.0,48.0,36.0,391.0,209.0,168.0,0.0,212.0,172.0,0.0
5339441921,杉並区,35.67604166666667,139.6203125,489,231,88.0,15.0,23.0,12.0,229.0,166.0,57.0,0.0,171.0,57.0,0.0
5339441922,杉並区,35.67604166666667,139.62343750000002,399,193,76.0,8.0,30.0,11.0,192.0,154.0,34.0,0.0,160.0,32.0,0.0
5339441923,杉並区,35.678125,139.6203125,931,428,165.0,18.0,60.0,32.0,428.0,310.0,80.0,26.0,292.0,128.0,0.0
5339441924,杉並区,35.678125,139.62343750000002,659,296,103.0,9.0,37.0,16.0,296.0,238.0,54.0,0.0,208.0,88.0,0.0
5339441931,杉並区,35.68020833333334,139.61406250000002,1156,730,473.0,121.0,57.0,50.0,730.0,178.0,522.0,0.0,167.0,539.0,0.0
5339441932,杉並区,35.68020833333334,139.61718750000003,1172,554,243.0,51.0,50.0,41.0,552.0,327.0,190.0,0.0,346.0,197.0,0.0
5339441933,杉並区,35.68229166666667,139.61406250000002,1138,667,378.0,35.0,165.0,33.0,662.0,215.0,192.0,231.0,72.0,584.0,0.0
5339441934,杉並区,35.68229166666667,139.61718750000003,706,450,292.0,67.0,46.0,20.0,449.0,183.0,247.0,0.0,119.0,323.0,0.0
5339441941,杉並区,35.68020833333334,139.6203125,432,233,98.0,8.0,50.0,12.0,233.0,79.0,24.0,128.0,53.0,178.0,0.0
5339441942,杉並区,35.68020833333334,139.62343750000002,775,358,118.0,18.0,36.0,19.0,352.0,310.0,37.0,0.0,15.0,337.0,0.0
5339441943,杉並区,35.68229166666667,139.6203125,564,302,154.0,36.0,39.0,18.0,301.0,179.0,112.0,0.0,161.0,133.0,0.0
5339441944,杉並区,35.68229166666667,139.62343750000002,1079,537,217.0,39.0,55.0,33.0,537.0,343.0,180.0,0.0,164.0,360.0,0.0
5339442714,杉並区,35.686458333333334,139.59218750000002,833,480,271.0,90.0,26.0,28.0,463.0,170.0,258.0,0.0,163.0,298.0,0.0
5339442721,杉並区,35.684375,139.5953125,328,177,102.0,18.0,30.0,11.0,174.0,80.0,74.0,0.0,85.0,89.0,0.0
5339442722,杉並区,35.684375,139.59843750000002,835,513,329.0,78.0,36.0,27.0,511.0,173.0,267.0,0.0,175.0,325.0,0.0
5339442723,杉並区,35.686458333333334,139.5953125,1158,739,492.0,144.0,67.0,29.0,739.0,258.0,439.0,0.0,224.0,512.0,0.0
5339442724,杉並区,35.686458333333334,139.59843750000002,1200,697,407.0,101.0,64.0,37.0,697.0,274.0,402.0,0.0,168.0,528.0,0.0
5339442741,杉並区,35.68854166666667,139.5953125,899,515,305.0,66.0,60.0,18.0,514.0,251.0,250.0,0.0,223.0,281.0,0.0
5339442742,杉並区,35.68854166666667,139.59843750000002,856,497,286.0,42.0,66.0,21.0,492.0,246.0,225.0,0.0,120.0,371.0,0.0
5339442743,杉並区,35.690625000000004,139.5953125,1055,584,333.0,98.0,51.0,25.0,584.0,235.0,269.0,25.0,284.0,287.0,0.0
5339442744,杉並区,35.690625000000004,139.59843750000002,966,469,194.0,35.0,58.0,35.0,469.0,263.0,172.0,22.0,251.0,214.0,0.0
5339442811,杉並区,35.684375,139.6015625,570,291,149.0,19.0,35.0,23.0,287.0,143.0,103.0,0.0,152.0,135.0,0.0
5339442812,杉並区,35.684375,139.6046875,71,44,26.0,3.0,13.0,1.0,44.0,5.0,9.0,30.0,1.0,43.0,0.0
5339442813,杉並区,35.686458333333334,139.6015625,681,406,243.0,52.0,46.0,26.0,404.0,140.0,244.0,0.0,127.0,274.0,0.0
5339442814,杉並区,35.686458333333334,139.6046875,787,381,169.0,35.0,40.0,31.0,379.0,211.0,156.0,0.0,204.0,172.0,0.0
5339442821,杉並区,35.684375,139.6078125,1048,631,391.0,65.0,82.0,25.0,602.0,238.0,314.0,11.0,137.0,459.0,0.0
5339442822,杉並区,35.684375,139.6109375,682,372,191.0,21.0,62.0,17.0,372.0,88.0,175.0,98.0,82.0,264.0,0.0
5339442823,杉並区,35.686458333333334,139.6078125,1043,563,293.0,60.0,56.0,32.0,563.0,188.0,324.0,28.0,122.0,430.0,0.0
5339442824,杉並区,35.686458333333334,139.6109375,480,236,105.0,24.0,18.0,19.0,236.0,120.0,105.0,0.0,120.0,103.0,0.0
5339442831,杉並区,35.68854166666667,139.6015625,1129,626,348.0,63.0,71.0,50.0,626.0,261.0,335.0,4.0,179.0,433.0,0.0
5339442832,杉並区,35.68854166666667,139.6046875,1263,684,353.0,59.0,53.0,47.0,682.0,349.0,295.0,0.0,179.0,498.0,0.0
5339442833,杉並区,35.690625000000004,139.6015625,1116,607,318.0,72.0,64.0,48.0,605.0,230.0,258.0,91.0,245.0,352.0,0.0
5339442834,杉並区,35.690625000000004,139.6046875,734,388,197.0,32.0,48.0,21.0,387.0,208.0,156.0,0.0,232.0,147.0,0.0
5339442841,杉並区,35.68854166666667,139.6078125,1248,703,409.0,84.0,77.0,35.0,698.0,309.0,365.0,0.0,277.0,408.0,0.0
5339442842,杉並区,35.68854166666667,139.6109375,1249,602,265.0,64.0,71.0,52.0,602.0,346.0,191.0,0.0,258.0,329.0,0.0
5339442843,杉並区,35.690625000000004,139.6078125,1372,706,359.0,81.0,83.0,54.0,702.0,362.0,291.0,0.0,278.0,393.0,0.0
5339442844,杉並区,35.690625000000004,139.6109375,1021,536,273.0,80.0,38.0,37.0,493.0,216.0,228.0,0.0,159.0,330.0,0.0
5339442911,杉並区,35.684375,139.61406250000002,298,181,109.0,8.0,44.0,7.0,181.0,110.0,50.0,13.0,13.0,165.0,0.0
5339442912,杉並区,35.684375,139.61718750000003,1322,605,198.0,8.0,58.0,87.0,605.0,444.0,135.0,0.0,5.0,600.0,0.0
5339442913,杉並区,35.686458333333334,139.61406250000002,1645,754,278.0,55.0,59.0,84.0,752.0,524.0,200.0,0.0,111.0,640.0,0.0
5339442914,杉並区,35.686458333333334,139.61718750000003,2013,1007,620.0,166.0,66.0,80.0,1003.0,401.0,551.0,0.0,110.0,891.0,0.0
5339442921,杉並区,35.684375,139.6203125,1021,546,275.0,59.0,63.0,29.0,534.0,308.0,193.0,0.0,137.0,378.0,0.0
5339442922,杉並区,35.684375,139.62343750000002,1015,509,244.0,37.0,45.0,45.0,497.0,296.0,174.0,0.0,166.0,318.0,0.0
5339442923,杉並区,35.686458333333334,139.6203125,867,458,240.0,41.0,41.0,34.0,455.0,220.0,197.0,0.0,121.0,321.0,0.0
5339442924,杉並区,35.686458333333334,139.62343750000002,858,410,180.0,19.0,34.0,40.0,407.0,267.0,118.0,0.0,110.0,293.0,0.0
5339442931,杉並区,35.68854166666667,139.61406250000002,798,387,171.0,38.0,28.0,40.0,386.0,207.0,164.0,0.0,113.0,270.0,0.0
5339442932,杉並区,35.68854166666667,139.61718750000003,1284,827,557.0,171.0,59.0,61.0,827.0,236.0,538.0,23.0,33.0,791.0,0.0
5339442933,杉並区,35.690625000000004,139.61406250000002,559,226,77.0,14.0,14.0,27.0,226.0,99.0,118.0,0.0,103.0,120.0,0.0
5339442934,杉並区,35.690625000000004,139.61718750000003,1505,757,383.0,104.0,81.0,47.0,752.0,325.0,305.0,70.0,71.0,678.0,0.0
5339442941,杉並区,35.68854166666667,139.6203125,1229,627,319.0,64.0,73.0,36.0,619.0,322.0,198.0,0.0,213.0,404.0,0.0
5339442942,杉並区,35.68854166666667,139.62343750000002,1177,525,196.0,36.0,60.0,48.0,522.0,342.0,134.0,22.0,358.0,156.0,0.0
5339442943,杉並区,35.690625000000004,139.6203125,946,444,172.0,25.0,56.0,31.0,439.0,288.0,124.0,0.0,201.0,230.0,0.0
5339442944,杉並区,35.690625000000004,139.62343750000002,1099,461,148.0,23.0,36.0,37.0,461.0,287.0,115.0,0.0,135.0,322.0,0.0
5339443711,杉並区,35.692708333333336,139.5890625,696,438,285.0,69.0,24.0,21.0,438.0,118.0,294.0,0.0,99.0,329.0,0.0
5339443712,杉並区,35.692708333333336,139.59218750000002,1111,563,267.0,56.0,45.0,36.0,561.0,291.0,250.0,0.0,296.0,257.0,0.0
5339443713,杉並区,35.69479166666667,139.5890625,440,216,91.0,25.0,26.0,16.0,206.0,139.0,54.0,0.0,140.0,60.0,0.0
5339443714,杉並区,35.69479166666667,139.59218750000002,996,491,218.0,41.0,49.0,41.0,488.0,249.0,189.0,0.0,253.0,218.0,0.0
5339443721,杉並区,35.692708333333336,139.5953125,1197,594,278.0,77.0,42.0,43.0,591.0,328.0,239.0,0.0,302.0,269.0,0.0
5339443722,杉並区,35.692708333333336,139.59843750000002,1059,387,105.0,18.0,28.0,41.0,387.0,267.0,91.0,0.0,276.0,105.0,0.0
5339443723,杉並区,35.69479166666667,139.5953125,1271,614,267.0,43.0,52.0,33.0,608.0,391.0,193.0,0.0,349.0,253.0,0.0
5339443724,杉並区,35.69479166666667,139.59843750000002,1060,548,259.0,60.0,64.0,35.0,546.0,254.0,239.0,0.0,254.0,268.0,0.0
5339443732,杉並区,35.696875000000006,139.59218750000002,970,498,257.0,51.0,43.0,32.0,494.0,254.0,224.0,0.0,180.0,308.0,0.0
5339443734,杉並区,35.69895833333334,139.59218750000002,639,323,183.0,52.0,24.0,11.0,322.0,139.0,171.0,0.0,137.0,178.0,0.0
5339443741,杉並区,35.696875000000006,139.5953125,1075,577,315.0,71.0,59.0,23.0,576.0,313.0,237.0,0.0,243.0,324.0,0.0
5339443742,杉並区,35.696875000000006,139.59843750000002,1261,663,332.0,65.0,48.0,40.0,662.0,301.0,320.0,0.0,288.0,351.0,0.0
5339443743,杉並区,35.69895833333334,139.5953125,978,518,277.0,43.0,53.0,34.0,512.0,282.0,210.0,0.0,232.0,257.0,0.0
5339443744,杉並区,35.69895833333334,139.59843750000002,1844,1197,842.0,195.0,107.0,48.0,1189.0,361.0,768.0,12.0,248.0,926.0,0.0
5339443811,杉並区,35.692708333333336,139.6015625,724,379,199.0,42.0,47.0,25.0,373.0,183.0,160.0,18.0,192.0,172.0,0.0
5339443812,杉並区,35.692708333333336,139.6046875,1009,487,255.0,55.0,36.0,35.0,485.0,230.0,236.0,0.0,187.0,286.0,0.0
5339443813,杉並区,35.69479166666667,139.6015625,906,512,300.0,63.0,46.0,48.0,494.0,175.0,301.0,0.0,181.0,306.0,0.0
5339443814,杉並区,35.69479166666667,139.6046875,1376,681,312.0,61.0,79.0,60.0,668.0,263.0,300.0,90.0,211.0,442.0,0.0
5339443821,杉並区,35.692708333333336,139.6078125,717,389,226.0,36.0,44.0,16.0,389.0,177.0,186.0,21.0,126.0,252.0,0.0
5339443822,杉並区,35.692708333333336,139.6109375,738,292,108.0,24.0,19.0,25.0,291.0,134.0,129.0,0.0,68.0,207.0,0.0
5339443823,杉並区,35.69479166666667,139.6078125,1107,543,249.0,49.0,69.0,39.0,529.0,255.0,234.0,0.0,287.0,202.0,0.0
5339443824,杉並区,35.69479166666667,139.6109375,896,423,172.0,16.0,46.0,30.0,422.0,285.0,122.0,0.0,179.0,234.0,0.0
5339443831,杉並区,35.696875000000006,139.6015625,917,485,253.0,40.0,42.0,37.0,485.0,212.0,251.0,0.0,219.0,250.0,0.0
5339443832,杉並区,35.696875000000006,139.6046875,1095,596,312.0,57.0,45.0,43.0,589.0,267.0,294.0,1.0,251.0,320.0,0.0
5339443833,杉並区,35.69895833333334,139.6015625,1086,612,357.0,62.0,74.0,28.0,611.0,272.0,307.0,0.0,270.0,316.0,0.0
5339443834,杉並区,35.69895833333334,139.6046875,1218,665,350.0,53.0,97.0,48.0,664.0,353.0,275.0,0.0,312.0,327.0,0.0
5339443841,杉並区,35.696875000000006,139.6078125,1503,716,298.0,36.0,60.0,79.0,692.0,428.0,239.0,0.0,207.0,461.0,0.0
5339443842,杉並区,35.696875000000006,139.6109375,1010,516,261.0,54.0,51.0,36.0,489.0,254.0,214.0,0.0,253.0,224.0,0.0
5339443843,杉並区,35.69895833333334,139.6078125,1246,628,302.0,57.0,41.0,55.0,616.0,309.0,273.0,0.0,248.0,365.0,0.0
5339443844,杉並区,35.69895833333334,139.6109375,1184,523,191.0,33.0,47.0,53.0,522.0,334.0,161.0,0.0,281.0,239.0,0.0
5339443911,杉並区,35.692708333333336,139.61406250000002,1011,448,167.0,17.0,45.0,45.0,446.0,254.0,159.0,0.0,229.0,197.0,0.0
5339443912,杉並区,35.692708333333336,139.61718750000003,1209,667,378.0,101.0,51.0,39.0,652.0,223.0,395.0,0.0,203.0,445.0,0.0
5339443913,杉並区,35.69479166666667,139.61406250000002,1037,517,242.0,14.0,58.0,35.0,505.0,321.0,165.0,0.0,284.0,208.0,0.0
5339443914,杉並区,35.69479166666667,139.61718750000003,1178,597,309.0,84.0,50.0,73.0,596.0,285.0,287.0,0.0,200.0,390.0,0.0
5339443921,杉並区,35.692708333333336,139.6203125,1341,695,342.0,54.0,56.0,51.0,694.0,327.0,323.0,1.0,321.0,363.0,0.0
5339443922,杉並区,35.692708333333336,139.62343750000002,770,323,108.0,7.0,59.0,25.0,322.0,227.0,48.0,18.0,239.0,78.0,0.0
5339443923,杉並区,35.69479166666667,139.6203125,1126,529,213.0,43.0,51.0,54.0,526.0,288.0,205.0,0.0,258.0,263.0,0.0
5339443924,杉並区,35.69479166666667,139.62343750000002,768,357,143.0,20.0,50.0,24.0,357.0,227.0,97.0,15.0,231.0,113.0,0.0
5339443931,杉並区,35.696875000000006,139.61406250000002,969,438,163.0,21.0,42.0,32.0,438.0,278.0,139.0,0.0,282.0,129.0,0.0
5339443932,杉並区,35.696875000000006,139.61718750000003,1349,766,445.0,93.0,49.0,46.0,763.0,293.0,430.0,0.0,208.0,541.0,0.0
5339443933,杉並区,35.69895833333334,139.61406250000002,924,455,202.0,37.0,42.0,31.0,452.0,274.0,165.0,0.0,248.0,199.0,0.0
5339443934,杉並区,35.69895833333334,139.61718750000003,1606,909,512.0,95.0,53.0,64.0,908.0,348.0,491.0,0.0,210.0,686.0,0.0
5339443941,杉並区,35.696875000000006,139.6203125,880,444,221.0,38.0,53.0,37.0,444.0,265.0,168.0,1.0,223.0,210.0,0.0
5339443942,杉並区,35.696875000000006,139.62343750000002,942,534,310.0,67.0,95.0,29.0,534.0,188.0,216.0,119.0,120.0,403.0,0.0
5339443943,杉並区,35.69895833333334,139.6203125,877,477,247.0,39.0,56.0,30.0,475.0,299.0,158.0,0.0,220.0,250.0,0.0
5339443944,杉並区,35.69895833333334,139.62343750000002,891,429,160.0,21.0,50.0,30.0,427.0,255.0,114.0,19.0,129.0,296.0,0.0
5339444721,杉並区,35.70104166666667,139.5953125,1040,549,283.0,38.0,48.0,38.0,548.0,255.0,253.0,0.0,228.0,309.0,0.0
5339444722,杉並区,35.70104166666667,139.59843750000002,1770,1253,934.0,197.0,96.0,34.0,1251.0,399.0,807.0,0.0,222.0,1022.0,0.0
5339444723,杉並区,35.703125,139.5953125,1125,717,488.0,112.0,71.0,29.0,712.0,246.0,407.0,0.0,183.0,521.0,0.0
5339444724,杉並区,35.703125,139.59843750000002,1790,1232,874.0,148.0,117.0,57.0,1230.0,331.0,812.0,0.0,135.0,1087.0,0.0
5339444742,杉並区,35.70520833333334,139.59843750000002,2048,1321,887.0,137.0,112.0,63.0,1310.0,494.0,755.0,0.0,153.0,1143.0,0.0
5339444743,杉並区,35.70729166666667,139.5953125,1547,912,576.0,120.0,113.0,37.0,905.0,339.0,533.0,0.0,260.0,636.0,0.0
5339444744,杉並区,35.70729166666667,139.59843750000002,1270,713,394.0,76.0,79.0,35.0,708.0,322.0,344.0,0.0,307.0,390.0,0.0
5339444811,杉並区,35.70104166666667,139.6015625,1693,1072,710.0,161.0,74.0,33.0,1072.0,400.0,632.0,0.0,275.0,781.0,33.0
5339444812,杉並区,35.70104166666667,139.6046875,1047,583,322.0,68.0,56.0,46.0,583.0,247.0,294.0,0.0,238.0,308.0,0.0
5339444813,杉並区,35.703125,139.6015625,1398,949,669.0,104.0,101.0,38.0,948.0,335.0,543.0,0.0,118.0,817.0,7.0
5339444814,杉並区,35.703125,139.6046875,1181,747,478.0,91.0,60.0,26.0,747.0,241.0,475.0,0.0,216.0,526.0,0.0
5339444821,杉並区,35.70104166666667,139.6078125,985,538,296.0,71.0,49.0,43.0,536.0,205.0,309.0,0.0,201.0,305.0,0.0
5339444822,杉並区,35.70104166666667,139.6109375,852,394,153.0,21.0,46.0,43.0,393.0,212.0,151.0,0.0,223.0,151.0,0.0
5339444823,杉並区,35.703125,139.6078125,1364,788,451.0,92.0,83.0,47.0,781.0,283.0,427.0,22.0,241.0,522.0,0.0
5339444824,杉並区,35.703125,139.6109375,975,530,265.0,62.0,50.0,33.0,530.0,270.0,195.0,0.0,190.0,330.0,0.0
5339444831,杉並区,35.70520833333334,139.6015625,1935,1167,702.0,84.0,108.0,73.0,1165.0,504.0,593.0,0.0,66.0,1093.0,0.0
5339444832,杉並区,35.70520833333334,139.6046875,1387,779,443.0,95.0,94.0,54.0,740.0,378.0,321.0,0.0,199.0,521.0,0.0
5339444833,杉並区,35.70729166666667,139.6015625,1614,1034,669.0,102.0,126.0,40.0,1032.0,424.0,545.0,0.0,161.0,863.0,0.0
5339444834,杉並区,35.70729166666667,139.6046875,1254,630,298.0,50.0,51.0,40.0,630.0,335.0,249.0,0.0,258.0,364.0,0.0
5339444841,杉並区,35.70520833333334,139.6078125,1633,972,586.0,118.0,99.0,44.0,971.0,338.0,584.0,0.0,268.0,691.0,0.0
5339444842,杉並区,35.70520833333334,139.6109375,1122,644,385.0,122.0,46.0,28.0,594.0,249.0,303.0,0.0,227.0,356.0,0.0
5339444843,杉並区,35.70729166666667,139.6078125,1110,538,243.0,49.0,38.0,34.0,528.0,300.0,189.0,0.0,249.0,268.0,0.0
5339444844,杉並区,35.70729166666667,139.6109375,1023,629,399.0,91.0,48.0,27.0,628.0,233.0,321.0,0.0,223.0,390.0,0.0
5339444911,杉並区,35.70104166666667,139.61406250000002,872,431,180.0,25.0,44.0,39.0,430.0,247.0,165.0,0.0,221.0,201.0,0.0
5339444912,杉並区,35.70104166666667,139.61718750000003,1604,980,618.0,133.0,84.0,62.0,978.0,420.0,497.0,0.0,104.0,867.0,0.0
5339444913,杉並区,35.703125,139.61406250000002,1374,890,597.0,120.0,70.0,45.0,889.0,288.0,533.0,22.0,195.0,682.0,0.0
5339444914,杉並区,35.703125,139.61718750000003,2213,1589,1179.0,286.0,126.0,69.0,1562.0,477.0,955.0,0.0,62.0,1499.0,0.0
5339444921,杉並区,35.70104166666667,139.6203125,977,576,333.0,63.0,61.0,32.0,574.0,279.0,258.0,0.0,170.0,395.0,0.0
5339444922,杉並区,35.70104166666667,139.62343750000002,823,468,249.0,64.0,33.0,31.0,461.0,215.0,217.0,0.0,163.0,295.0,0.0
5339444923,杉並区,35.703125,139.6203125,2333,1395,859.0,111.0,121.0,104.0,1395.0,481.0,771.0,0.0,69.0,1317.0,99.0
5339444924,杉並区,35.703125,139.62343750000002,1857,1145,695.0,85.0,153.0,62.0,1142.0,545.0,553.0,0.0,147.0,981.0,0.0
5339444931,杉並区,35.70520833333334,139.61406250000002,1635,1140,837.0,230.0,72.0,37.0,1139.0,275.0,822.0,0.0,174.0,939.0,0.0
5339444932,杉並区,35.70520833333334,139.61718750000003,1064,750,551.0,84.0,69.0,35.0,727.0,269.0,428.0,0.0,37.0,686.0,0.0
5339444933,杉並区,35.70729166666667,139.61406250000002,1581,959,604.0,99.0,114.0,50.0,938.0,345.0,535.0,0.0,132.0,790.0,0.0
5339444934,杉並区,35.70729166666667,139.61718750000003,1894,1309,953.0,194.0,116.0,49.0,1302.0,375.0,835.0,0.0,173.0,1114.0,0.0
5339444941,杉並区,35.70520833333334,139.6203125,497,345,243.0,51.0,35.0,15.0,344.0,67.0,262.0,0.0,46.0,285.0,0.0
5339444942,杉並区,35.70520833333334,139.62343750000002,1244,844,617.0,127.0,63.0,42.0,797.0,194.0,562.0,0.0,123.0,665.0,0.0
5339444943,杉並区,35.70729166666667,139.6203125,1674,1122,796.0,182.0,88.0,60.0,1106.0,281.0,737.0,0.0,264.0,832.0,0.0
5339444944,杉並区,35.70729166666667,139.62343750000002,1709,1070,705.0,157.0,88.0,53.0,1061.0,342.0,652.0,0.0,230.0,814.0,0.0
5339445634,練馬区,35.715625,139.5796875,1031,452,148.0,36.0,37.0,40.0,450.0,271.0,116.0,0.0,279.0,157.0,0.0
5339445642,練馬区,35.71354166666667,139.5859375,1111,514,199.0,38.0,51.0,30.0,514.0,309.0,156.0,41.0,241.0,270.0,0.0
5339445643,練馬区,35.715625,139.5828125,1404,678,282.0,46.0,87.0,58.0,673.0,395.0,190.0,39.0,247.0,408.0,0.0
5339445644,杉並区,35.715625,139.5859375,713,364,163.0,36.0,49.0,13.0,361.0,186.0,115.0,30.0,202.0,145.0,0.0
5339445712,杉並区,35.709375,139.59218750000002,951,564,350.0,74.0,63.0,31.0,562.0,236.0,309.0,0.0,236.0,323.0,0.0
5339445713,杉並区,35.71145833333333,139.5890625,297,178,106.0,50.0,13.0,18.0,178.0,52.0,114.0,0.0,57.0,121.0,0.0
5339445714,杉並区,35.71145833333333,139.59218750000002,530,270,130.0,17.0,25.0,22.0,269.0,147.0,116.0,0.0,148.0,108.0,0.0
5339445721,杉並区,35.709375,139.5953125,1071,636,391.0,78.0,74.0,37.0,626.0,255.0,346.0,0.0,226.0,388.0,0.0
5339445722,杉並区,35.709375,139.59843750000002,1004,598,371.0,100.0,48.0,17.0,585.0,237.0,321.0,0.0,242.0,333.0,0.0
5339445723,杉並区,35.71145833333333,139.5953125,1007,479,198.0,20.0,67.0,41.0,476.0,306.0,145.0,0.0,319.0,132.0,0.0
5339445724,杉並区,35.71145833333333,139.59843750000002,1149,603,306.0,84.0,42.0,46.0,602.0,244.0,320.0,0.0,244.0,326.0,0.0
5339445731,杉並区,35.71354166666667,139.5890625,859,385,138.0,22.0,39.0,46.0,384.0,236.0,131.0,0.0,243.0,141.0,0.0
5339445732,杉並区,35.71354166666667,139.59218750000002,553,250,81.0,9.0,27.0,16.0,247.0,161.0,82.0,0.0,163.0,77.0,0.0
5339445733,杉並区,35.715625,139.5890625,169,49,18.0,0.0,9.0,1.0,49.0,36.0,9.0,0.0,41.0,7.0,0.0
5339445734,杉並区,35.715625,139.59218750000002,726,333,127.0,11.0,27.0,22.0,332.0,190.0,132.0,0.0,191.0,122.0,0.0
5339445741,杉並区,35.71354166666667,139.5953125,859,431,194.0,33.0,54.0,31.0,430.0,265.0,147.0,0.0,281.0,139.0,0.0
5339445742,杉並区,35.71354166666667,139.59843750000002,990,491,217.0,30.0,49.0,36.0,487.0,286.0,165.0,0.0,192.0,284.0,0.0
5339445743,杉並区,35.715625,139.5953125,306,125,29.0,5.0,7.0,18.0,124.0,83.0,36.0,0.0,81.0,40.0,0.0
5339445744,杉並区,35.715625,139.59843750000002,854,431,204.0,47.0,34.0,33.0,431.0,195.0,206.0,0.0,150.0,278.0,0.0
5339445811,杉並区,35.709375,139.6015625,1389,793,459.0,85.0,81.0,52.0,789.0,386.0,353.0,0.0,166.0,622.0,0.0
5339445812,杉並区,35.709375,139.6046875,989,511,253.0,51.0,39.0,32.0,511.0,297.0,191.0,0.0,236.0,259.0,0.0
5339445813,杉並区,35.71145833333333,139.6015625,1453,861,531.0,101.0,93.0,48.0,852.0,367.0,416.0,0.0,208.0,632.0,0.0
5339445814,杉並区,35.71145833333333,139.6046875,1392,746,398.0,49.0,111.0,61.0,741.0,316.0,311.0,61.0,130.0,601.0,0.0
5339445821,杉並区,35.709375,139.6078125,923,401,156.0,18.0,50.0,28.0,399.0,281.0,99.0,0.0,290.0,108.0,0.0
5339445822,杉並区,35.709375,139.6109375,1508,937,602.0,138.0,73.0,61.0,936.0,390.0,494.0,0.0,219.0,709.0,0.0
5339445823,杉並区,35.71145833333333,139.6078125,1302,703,398.0,71.0,113.0,42.0,665.0,337.0,261.0,28.0,116.0,545.0,0.0
5339445824,杉並区,35.71145833333333,139.6109375,1188,686,395.0,63.0,93.0,44.0,685.0,366.0,289.0,0.0,257.0,413.0,0.0
5339445831,杉並区,35.71354166666667,139.6015625,1298,763,447.0,66.0,97.0,34.0,762.0,332.0,385.0,0.0,227.0,503.0,0.0
5339445832,杉並区,35.71354166666667,139.6046875,2443,1131,410.0,42.0,122.0,67.0,1128.0,711.0,259.0,117.0,101.0,1024.0,0.0
5339445833,杉並区,35.715625,139.6015625,1155,551,230.0,35.0,62.0,45.0,548.0,299.0,208.0,0.0,300.0,224.0,0.0
5339445834,杉並区,35.715625,139.6046875,1173,587,274.0,46.0,79.0,36.0,576.0,310.0,205.0,14.0,277.0,279.0,0.0
5339445841,杉並区,35.71354166666667,139.6078125,1324,544,164.0,15.0,32.0,98.0,531.0,218.0,174.0,111.0,103.0,423.0,0.0
5339445842,杉並区,35.71354166666667,139.6109375,1339,600,247.0,33.0,72.0,51.0,598.0,380.0,184.0,16.0,366.0,226.0,0.0
5339445843,杉並区,35.715625,139.6078125,932,440,191.0,21.0,60.0,40.0,438.0,231.0,185.0,1.0,106.0,329.0,0.0
5339445844,杉並区,35.715625,139.6109375,1018,447,135.0,8.0,40.0,34.0,444.0,303.0,107.0,0.0,264.0,166.0,0.0
5339445911,杉並区,35.709375,139.61406250000002,1579,1059,719.0,170.0,97.0,50.0,1059.0,316.0,669.0,0.0,178.0,877.0,0.0
5339445912,杉並区,35.709375,139.61718750000003,1297,843,564.0,106.0,79.0,33.0,835.0,314.0,448.0,0.0,204.0,617.0,0.0
5339445913,杉並区,35.71145833333333,139.61406250000002,1251,733,434.0,108.0,72.0,39.0,732.0,308.0,393.0,0.0,260.0,458.0,0.0
5339445914,杉並区,35.71145833333333,139.61718750000003,952,499,238.0,37.0,61.0,33.0,499.0,246.0,214.0,0.0,262.0,228.0,0.0
5339445921,杉並区,35.709375,139.6203125,1188,736,461.0,114.0,67.0,37.0,736.0,261.0,426.0,0.0,232.0,489.0,0.0
5339445922,杉並区,35.709375,139.62343750000002,1541,825,435.0,117.0,79.0,78.0,811.0,295.0,439.0,29.0,265.0,533.0,0.0
5339445923,杉並区,35.71145833333333,139.6203125,916,508,294.0,64.0,52.0,41.0,498.0,204.0,258.0,0.0,213.0,275.0,0.0
5339445924,杉並区,35.71145833333333,139.62343750000002,1310,772,468.0,103.0,79.0,46.0,770.0,317.0,420.0,0.0,278.0,484.0,0.0
5339445931,杉並区,35.71354166666667,139.61406250000002,1141,594,291.0,60.0,53.0,48.0,593.0,316.0,253.0,0.0,211.0,373.0,0.0
5339445932,杉並区,35.71354166666667,139.61718750000003,642,311,160.0,40.0,21.0,13.0,311.0,144.0,132.0,0.0,130.0,169.0,0.0
5339445933,杉並区,35.715625,139.61406250000002,1013,491,221.0,63.0,28.0,57.0,491.0,207.0,264.0,0.0,171.0,310.0,0.0
5339445934,杉並区,35.715625,139.61718750000003,797,364,142.0,17.0,33.0,29.0,362.0,163.0,169.0,0.0,165.0,197.0,0.0
5339445941,杉並区,35.71354166666667,139.6203125,1110,532,226.0,39.0,65.0,48.0,532.0,324.0,178.0,0.0,296.0,224.0,0.0
5339445942,杉並区,35.71354166666667,139.62343750000002,1127,549,234.0,42.0,66.0,54.0,545.0,330.0,157.0,0.0,352.0,173.0,0.0
5339445943,杉並区,35.715625,139.6203125,885,337,91.0,12.0,41.0,43.0,334.0,251.0,58.0,0.0,280.0,44.0,0.0
5339445944,杉並区,35.715625,139.62343750000002,1244,518,200.0,28.0,41.0,79.0,516.0,240.0,203.0,10.0,251.0,260.0,0.0
5339446524,練馬区,35.719791666666666,139.5734375,1116,305,116.0,14.0,25.0,25.0,295.0,203.0,77.0,0.0,166.0,126.0,0.0
5339446532,練馬区,35.721875000000004,139.56718750000002,1199,685,404.0,77.0,121.0,27.0,685.0,151.0,392.0,114.0,112.0,572.0,0.0
5339446534,練馬区,35.723958333333336,139.56718750000002,1058,588,338.0,98.0,56.0,36.0,587.0,138.0,313.0,97.0,134.0,450.0,0.0
5339446541,練馬区,35.721875000000004,139.5703125,2711,1224,434.0,2.0,128.0,138.0,1223.0,1128.0,66.0,24.0,6.0,1217.0,0.0
5339446542,練馬区,35.721875000000004,139.5734375,1491,753,357.0,54.0,100.0,28.0,739.0,467.0,258.0,0.0,161.0,574.0,0.0
5339446543,練馬区,35.723958333333336,139.5703125,685,347,174.0,57.0,31.0,18.0,347.0,198.0,128.0,0.0,155.0,191.0,0.0
5339446544,練馬区,35.723958333333336,139.5734375,909,469,238.0,54.0,53.0,21.0,467.0,218.0,201.0,29.0,116.0,350.0,0.0
5339446612,練馬区,35.717708333333334,139.5796875,630,262,73.0,6.0,27.0,30.0,262.0,189.0,65.0,0.0,128.0,122.0,0.0
5339446613,練馬区,35.719791666666666,139.5765625,745,317,94.0,12.0,35.0,30.0,317.0,188.0,110.0,0.0,198.0,118.0,0.0
5339446614,練馬区,35.719791666666666,139.5796875,509,238,94.0,14.0,28.0,12.0,237.0,165.0,65.0,0.0,169.0,68.0,0.0
5339446621,練馬区,35.717708333333334,139.5828125,1358,690,337.0,69.0,82.0,53.0,687.0,331.0,328.0,0.0,210.0,474.0,0.0
5339446622,杉並区,35.717708333333334,139.5859375,739,323,94.0,8.0,53.0,19.0,323.0,206.0,70.0,36.0,220.0,85.0,0.0
5339446623,練馬区,35.719791666666666,139.5828125,1120,551,254.0,52.0,53.0,47.0,551.0,308.0,231.0,0.0,203.0,347.0,0.0
5339446624,練馬区,35.719791666666666,139.5859375,872,365,114.0,23.0,35.0,36.0,364.0,232.0,122.0,0.0,231.0,131.0,0.0
5339446631,練馬区,35.721875000000004,139.5765625,1360,689,349.0,86.0,42.0,47.0,655.0,253.0,368.0,0.0,219.0,433.0,0.0
5339446632,練馬区,35.721875000000004,139.5796875,1569,658,196.0,64.0,30.0,170.0,633.0,434.0,172.0,0.0,146.0,487.0,0.0
5339446633,練馬区,35.723958333333336,139.5765625,1288,759,469.0,162.0,65.0,37.0,757.0,267.0,460.0,0.0,172.0,573.0,0.0
5339446634,練馬区,35.723958333333336,139.5796875,1186,637,339.0,79.0,45.0,35.0,635.0,196.0,379.0,39.0,106.0,524.0,0.0
5339446641,練馬区,35.721875000000004,139.5828125,885,496,290.0,94.0,38.0,31.0,496.0,174.0,294.0,0.0,171.0,307.0,0.0
5339446642,練馬区,35.721875000000004,139.5859375,751,421,248.0,83.0,27.0,11.0,421.0,146.0,259.0,0.0,158.0,251.0,0.0
5339446643,練馬区,35.723958333333336,139.5828125,865,507,311.0,68.0,47.0,30.0,507.0,163.0,302.0,0.0,153.0,343.0,0.0
5339446644,練馬区,35.723958333333336,139.5859375,1310,626,303.0,69.0,49.0,49.0,626.0,251.0,342.0,0.0,254.0,356.0,0.0
5339446711,杉並区,35.717708333333334,139.5890625,603,264,87.0,1.0,27.0,20.0,263.0,128.0,113.0,0.0,141.0,94.0,0.0
5339446712,杉並区,35.717708333333334,139.59218750000002,774,377,163.0,22.0,38.0,25.0,377.0,184.0,172.0,0.0,204.0,166.0,0.0
5339446713,杉並区,35.719791666666666,139.5890625,1026,453,164.0,14.0,46.0,46.0,452.0,238.0,176.0,0.0,225.0,227.0,0.0
5339446714,練馬区,35.719791666666666,139.59218750000002,779,436,243.0,67.0,36.0,24.0,433.0,193.0,209.0,0.0,127.0,296.0,0.0
5339446721,杉並区,35.717708333333334,139.5953125,518,241,102.0,9.0,33.0,33.0,241.0,141.0,97.0,0.0,84.0,147.0,0.0
5339446722,杉並区,35.717708333333334,139.59843750000002,814,367,140.0,35.0,28.0,34.0,366.0,179.0,170.0,0.0,131.0,225.0,0.0
5339446723,杉並区,35.719791666666666,139.5953125,1150,528,192.0,26.0,76.0,46.0,527.0,203.0,199.0,99.0,208.0,314.0,0.0
5339446724,杉並区,35.719791666666666,139.59843750000002,688,247,64.0,12.0,8.0,24.0,247.0,141.0,92.0,0.0,105.0,141.0,0.0
5339446731,練馬区,35.721875000000004,139.5890625,1056,581,324.0,98.0,50.0,33.0,580.0,204.0,325.0,0.0,116.0,457.0,0.0
5339446732,練馬区,35.721875000000004,139.59218750000002,1018,597,348.0,104.0,43.0,39.0,597.0,174.0,392.0,0.0,174.0,415.0,0.0
5339446733,練馬区,35.723958333333336,139.5890625,1371,856,560.0,146.0,114.0,37.0,853.0,241.0,443.0,134.0,227.0,618.0,0.0
5339446734,練馬区,35.723958333333336,139.59218750000002,1137,731,495.0,148.0,76.0,26.0,729.0,141.0,484.0,79.0,95.0,623.0,0.0
5339446741,練馬区,35.721875000000004,139.5953125,991,436,164.0,46.0,23.0,48.0,435.0,231.0,109.0,4.0,188.0,244.0,0.0
5339446742,杉並区,35.721875000000004,139.59843750000002,866,378,132.0,27.0,34.0,30.0,377.0,194.0,160.0,12.0,197.0,174.0,0.0
5339446743,練馬区,35.723958333333336,139.5953125,898,478,242.0,54.0,53.0,22.0,477.0,253.0,191.0,0.0,192.0,279.0,0.0
5339446744,練馬区,35.723958333333336,139.59843750000002,857,401,166.0,34.0,44.0,38.0,394.0,196.0,155.0,0.0,167.0,226.0,0.0
5339446811,杉並区,35.717708333333334,139.6015625,941,419,144.0,18.0,48.0,49.0,417.0,260.0,135.0,0.0,223.0,183.0,0.0
5339446812,杉並区,35.717708333333334,139.6046875,540,253,111.0,13.0,30.0,19.0,252.0,154.0,79.0,0.0,132.0,117.0,0.0
5339446813,杉並区,35.719791666666666,139.6015625,622,257,93.0,19.0,25.0,35.0,256.0,131.0,111.0,0.0,144.0,106.0,0.0
5339446814,杉並区,35.719791666666666,139.6046875,1078,459,156.0,22.0,41.0,56.0,459.0,152.0,248.0,21.0,131.0,320.0,0.0
5339446821,杉並区,35.717708333333334,139.6078125,322,110,27.0,2.0,7.0,15.0,110.0,43.0,63.0,0.0,38.0,67.0,0.0
5339446822,杉並区,35.717708333333334,139.6109375,1087,478,203.0,43.0,47.0,35.0,474.0,214.0,219.0,0.0,172.0,283.0,0.0
5339446823,杉並区,35.719791666666666,139.6078125,1031,449,156.0,20.0,46.0,44.0,448.0,242.0,184.0,0.0,122.0,319.0,0.0
5339446824,杉並区,35.719791666666666,139.6109375,984,457,203.0,32.0,51.0,47.0,455.0,212.0,231.0,0.0,126.0,325.0,0.0
5339446831,杉並区,35.721875000000004,139.6015625,301,159,86.0,31.0,16.0,10.0,153.0,81.0,27.0,0.0,57.0,96.0,0.0
5339446832,杉並区,35.721875000000004,139.6046875,1131,541,245.0,54.0,50.0,52.0,539.0,211.0,288.0,0.0,145.0,390.0,0.0
5339446833,杉並区,35.723958333333336,139.6015625,358,173,118.0,33.0,21.0,11.0,173.0,52.0,109.0,0.0,43.0,130.0,0.0
5339446834,杉並区,35.723958333333336,139.6046875,1163,707,453.0,99.0,84.0,30.0,706.0,236.0,408.0,18.0,146.0,540.0,0.0
5339446841,杉並区,35.721875000000004,139.6078125,1278,582,240.0,29.0,52.0,43.0,581.0,332.0,239.0,0.0,155.0,398.0,0.0
5339446842,杉並区,35.721875000000004,139.6109375,1062,470,180.0,30.0,48.0,44.0,467.0,219.0,181.0,0.0,208.0,247.0,0.0
5339446843,杉並区,35.723958333333336,139.6078125,979,546,330.0,64.0,65.0,28.0,544.0,185.0,335.0,9.0,167.0,369.0,0.0
5339446844,杉並区,35.723958333333336,139.6109375,1169,739,508.0,108.0,86.0,28.0,735.0,217.0,469.0,21.0,150.0,581.0,0.0
5339446911,杉並区,35.717708333333334,139.61406250000002,1167,595,296.0,51.0,75.0,43.0,580.0,267.0,275.0,0.0,199.0,360.0,0.0
5339446912,杉並区,35.717708333333334,139.61718750000003,781,365,149.0,20.0,47.0,31.0,363.0,212.0,118.0,0.0,199.0,146.0,0.0
5339446913,杉並区,35.719791666666666,139.61406250000002,1085,643,390.0,61.0,77.0,29.0,643.0,280.0,330.0,0.0,125.0,506.0,0.0
5339446914,杉並区,35.719791666666666,139.61718750000003,993,508,248.0,42.0,52.0,47.0,508.0,240.0,229.0,0.0,190.0,311.0,0.0
5339446921,杉並区,35.717708333333334,139.6203125,832,411,188.0,29.0,42.0,28.0,410.0,215.0,171.0,0.0,218.0,174.0,0.0
5339446922,杉並区,35.717708333333334,139.62343750000002,1156,569,277.0,48.0,55.0,61.0,563.0,198.0,297.0,0.0,180.0,372.0,0.0
5339446923,杉並区,35.719791666666666,139.6203125,815,403,197.0,38.0,51.0,35.0,402.0,172.0,182.0,19.0,184.0,208.0,0.0
5339446924,杉並区,35.719791666666666,139.62343750000002,1065,535,258.0,41.0,68.0,37.0,528.0,249.0,216.0,21.0,236.0,278.0,0.0
5339446931,杉並区,35.721875000000004,139.61406250000002,1218,665,370.0,80.0,61.0,50.0,663.0,249.0,392.0,0.0,165.0,483.0,0.0
5339446932,杉並区,35.721875000000004,139.61718750000003,722,347,162.0,30.0,34.0,39.0,347.0,162.0,142.0,0.0,164.0,171.0,0.0
5339446933,杉並区,35.723958333333336,139.61406250000002,1171,731,471.0,94.0,76.0,35.0,727.0,205.0,478.0,15.0,105.0,612.0,0.0
5339446934,杉並区,35.723958333333336,139.61718750000003,1388,884,622.0,178.0,73.0,33.0,878.0,258.0,556.0,0.0,196.0,672.0,0.0
5339446941,杉並区,35.721875000000004,139.6203125,927,467,244.0,57.0,45.0,36.0,466.0,208.0,214.0,2.0,216.0,239.0,0.0
5339446942,杉並区,35.721875000000004,139.62343750000002,975,592,379.0,78.0,42.0,41.0,588.0,214.0,352.0,0.0,201.0,386.0,0.0
5339446943,杉並区,35.723958333333336,139.6203125,1372,770,482.0,133.0,78.0,41.0,767.0,245.0,493.0,0.0,178.0,587.0,0.0
5339446944,杉並区,35.723958333333336,139.62343750000002,1274,800,522.0,120.0,74.0,33.0,799.0,264.0,500.0,0.0,118.0,678.0,0.0
5339447512,練馬区,35.72604166666667,139.56718750000002,458,213,104.0,26.0,34.0,9.0,213.0,115.0,69.0,19.0,129.0,82.0,0.0
5339447514,練馬区,35.728125,139.56718750000002,778,362,220.0,64.0,59.0,12.0,360.0,81.0,161.0,86.0,97.0,261.0,0.0
5339447521,練馬区,35.72604166666667,139.5703125,740,346,120.0,6.0,57.0,13.0,346.0,184.0,70.0,81.0,191.0,151.0,0.0
5339447522,練馬区,35.72604166666667,139.5734375,1739,942,506.0,119.0,69.0,64.0,938.0,378.0,518.0,9.0,170.0,762.0,93.0
5339447523,練馬区,35.728125,139.5703125,719,365,158.0,32.0,48.0,22.0,365.0,187.0,134.0,35.0,197.0,166.0,0.0
5339447524,練馬区,35.728125,139.5734375,959,588,373.0,62.0,63.0,21.0,588.0,222.0,310.0,30.0,75.0,512.0,45.0
5339447541,練馬区,35.73020833333334,139.5703125,707,323,122.0,33.0,27.0,39.0,323.0,121.0,138.0,0.0,136.0,187.0,0.0
5339447542,練馬区,35.73020833333334,139.5734375,1163,568,230.0,40.0,61.0,50.0,556.0,234.0,284.0,0.0,91.0,465.0,0.0
5339447543,練馬区,35.73229166666667,139.5703125,1154,407,117.0,23.0,20.0,46.0,403.0,227.0,139.0,10.0,201.0,197.0,0.0
5339447544,練馬区,35.73229166666667,139.5734375,898,425,190.0,63.0,24.0,37.0,424.0,138.0,270.0,0.0,84.0,336.0,0.0
5339447611,練馬区,35.72604166666667,139.5765625,1772,1142,763.0,249.0,110.0,25.0,1140.0,392.0,659.0,18.0,121.0,1012.0,0.0
5339447612,練馬区,35.72604166666667,139.5796875,1777,1093,700.0,184.0,98.0,54.0,1090.0,347.0,667.0,9.0,167.0,915.0,0.0
5339447613,練馬区,35.728125,139.5765625,1227,874,650.0,183.0,83.0,19.0,870.0,211.0,570.0,27.0,94.0,769.0,0.0
5339447614,練馬区,35.728125,139.5796875,1122,810,608.0,192.0,60.0,18.0,808.0,217.0,549.0,0.0,91.0,695.0,0.0
5339447621,練馬区,35.72604166666667,139.5828125,1287,651,334.0,92.0,56.0,52.0,647.0,238.0,355.0,16.0,186.0,456.0,0.0
5339447622,練馬区,35.72604166666667,139.5859375,1110,635,371.0,106.0,55.0,32.0,633.0,176.0,415.0,18.0,155.0,478.0,0.0
5339447623,練馬区,35.728125,139.5828125,938,485,267.0,71.0,38.0,37.0,476.0,203.0,249.0,10.0,157.0,313.0,0.0
5339447624,練馬区,35.728125,139.5859375,1180,592,276.0,69.0,34.0,81.0,592.0,214.0,352.0,0.0,118.0,470.0,0.0
5339447631,練馬区,35.73020833333334,139.5765625,898,485,273.0,80.0,43.0,22.0,475.0,161.0,246.0,18.0,113.0,358.0,0.0
5339447632,練馬区,35.73020833333334,139.5796875,1074,619,387.0,76.0,71.0,17.0,600.0,205.0,335.0,29.0,143.0,446.0,0.0
5339447633,練馬区,35.73229166666667,139.5765625,702,383,220.0,51.0,43.0,24.0,382.0,161.0,196.0,0.0,130.0,251.0,0.0
5339447634,練馬区,35.73229166666667,139.5796875,1492,673,286.0,85.0,60.0,33.0,669.0,304.0,323.0,0.0,157.0,510.0,0.0
5339447641,練馬区,35.73020833333334,139.5828125,816,427,192.0,18.0,96.0,19.0,427.0,220.0,45.0,155.0,25.0,402.0,0.0
5339447642,練馬区,35.73020833333334,139.5859375,747,388,188.0,20.0,107.0,24.0,388.0,137.0,70.0,163.0,136.0,249.0,0.0
5339447643,練馬区,35.73229166666667,139.5828125,700,335,139.0,16.0,68.0,19.0,335.0,129.0,100.0,99.0,101.0,233.0,0.0
5339447644,練馬区,35.73229166666667,139.5859375,1253,569,226.0,14.0,116.0,30.0,569.0,170.0,134.0,252.0,123.0,442.0,0.0
5339447711,練馬区,35.72604166666667,139.5890625,1332,832,542.0,151.0,58.0,42.0,832.0,219.0,558.0,0.0,108.0,717.0,0.0
5339447712,練馬区,35.72604166666667,139.59218750000002,858,542,344.0,72.0,34.0,19.0,542.0,149.0,377.0,0.0,83.0,455.0,0.0
5339447713,練馬区,35.728125,139.5890625,741,453,281.0,89.0,40.0,19.0,451.0,109.0,325.0,0.0,84.0,357.0,0.0
5339447714,練馬区,35.728125,139.59218750000002,1173,715,458.0,113.0,59.0,25.0,692.0,217.0,420.0,16.0,168.0,512.0,0.0
5339447721,練馬区,35.72604166666667,139.5953125,525,288,158.0,33.0,55.0,16.0,287.0,137.0,122.0,18.0,89.0,186.0,0.0
5339447722,練馬区,35.72604166666667,139.59843750000002,700,328,147.0,38.0,17.0,29.0,328.0,72.0,249.0,0.0,75.0,250.0,0.0
5339447723,練馬区,35.728125,139.5953125,896,473,242.0,58.0,52.0,23.0,466.0,191.0,269.0,0.0,168.0,269.0,0.0
5339447724,練馬区,35.728125,139.59843750000002,765,364,162.0,41.0,20.0,40.0,363.0,153.0,188.0,0.0,132.0,220.0,0.0
5339447731,練馬区,35.73020833333334,139.5890625,764,430,217.0,33.0,56.0,22.0,429.0,124.0,191.0,109.0,110.0,314.0,0.0
5339447732,練馬区,35.73020833333334,139.59218750000002,1089,618,347.0,85.0,56.0,41.0,618.0,155.0,437.0,0.0,77.0,537.0,0.0
5339447733,練馬区,35.73229166666667,139.5890625,1916,826,250.0,35.0,88.0,158.0,822.0,608.0,144.0,18.0,96.0,726.0,0.0
5339447734,練馬区,35.73229166666667,139.59218750000002,207,77,46.0,9.0,11.0,0.0,75.0,24.0,47.0,0.0,34.0,41.0,0.0
5339447741,練馬区,35.73020833333334,139.5953125,1173,649,358.0,72.0,67.0,28.0,647.0,256.0,328.0,29.0,173.0,462.0,0.0
5339447742,練馬区,35.73020833333334,139.59843750000002,978,456,201.0,52.0,29.0,46.0,456.0,209.0,210.0,0.0,133.0,319.0,0.0
5339447743,練馬区,35.73229166666667,139.5953125,724,351,138.0,14.0,41.0,13.0,350.0,247.0,85.0,0.0,229.0,119.0,0.0
5339447744,練馬区,35.73229166666667,139.59843750000002,925,445,169.0,32.0,39.0,37.0,445.0,224.0,203.0,0.0,197.0,240.0,0.0
5339447811,練馬区,35.72604166666667,139.6015625,925,530,317.0,85.0,56.0,28.0,527.0,197.0,317.0,0.0,188.0,335.0,0.0
5339447812,杉並区,35.72604166666667,139.6046875,903,524,303.0,75.0,59.0,41.0,518.0,146.0,335.0,14.0,80.0,434.0,0.0
5339447813,練馬区,35.728125,139.6015625,891,512,322.0,105.0,29.0,29.0,510.0,147.0,322.0,0.0,145.0,351.0,0.0
5339447814,練馬区,35.728125,139.6046875,1247,701,388.0,101.0,62.0,43.0,701.0,237.0,412.0,14.0,184.0,510.0,0.0
5339447821,杉並区,35.72604166666667,139.6078125,963,501,252.0,36.0,45.0,40.0,476.0,216.0,241.0,0.0,202.0,253.0,0.0
5339447822,杉並区,35.72604166666667,139.6109375,928,531,343.0,69.0,68.0,26.0,530.0,187.0,287.0,32.0,172.0,357.0,0.0
5339447823,練馬区,35.728125,139.6078125,1141,642,359.0,92.0,52.0,38.0,638.0,162.0,403.0,31.0,94.0,539.0,0.0
5339447824,杉並区,35.728125,139.6109375,321,144,75.0,13.0,23.0,8.0,137.0,46.0,62.0,25.0,26.0,110.0,0.0
5339447831,練馬区,35.73020833333334,139.6015625,1116,552,261.0,69.0,40.0,50.0,540.0,267.0,241.0,0.0,161.0,371.0,0.0
5339447832,練馬区,35.73020833333334,139.6046875,840,412,178.0,34.0,38.0,26.0,412.0,175.0,212.0,0.0,179.0,213.0,0.0
5339447833,練馬区,35.73229166666667,139.6015625,941,428,163.0,27.0,40.0,28.0,427.0,211.0,195.0,0.0,222.0,193.0,0.0
5339447834,練馬区,35.73229166666667,139.6046875,1100,489,187.0,37.0,44.0,38.0,488.0,263.0,210.0,0.0,262.0,217.0,0.0
5339447841,練馬区,35.73020833333334,139.6078125,1041,450,161.0,30.0,37.0,52.0,450.0,202.0,225.0,0.0,211.0,234.0,0.0
5339447842,練馬区,35.73020833333334,139.6109375,1018,439,149.0,20.0,37.0,36.0,438.0,275.0,147.0,5.0,181.0,246.0,0.0
5339447843,練馬区,35.73229166666667,139.6078125,1254,506,153.0,19.0,49.0,49.0,505.0,323.0,162.0,0.0,341.0,153.0,0.0
5339447844,練馬区,35.73229166666667,139.6109375,1216,567,239.0,36.0,51.0,37.0,567.0,251.0,291.0,0.0,248.0,307.0,0.0
5339447911,杉並区,35.72604166666667,139.61406250000002,834,457,265.0,37.0,93.0,29.0,450.0,76.0,217.0,147.0,76.0,365.0,0.0
5339447912,杉並区,35.72604166666667,139.61718750000003,743,353,155.0,35.0,35.0,28.0,352.0,143.0,196.0,0.0,136.0,207.0,0.0
5339447913,杉並区,35.728125,139.61406250000002,923,530,382.0,73.0,72.0,20.0,515.0,99.0,355.0,35.0,83.0,431.0,0.0
5339447914,杉並区,35.728125,139.61718750000003,857,491,282.0,37.0,59.0,33.0,486.0,182.0,261.0,0.0,101.0,381.0,0.0
5339447921,杉並区,35.72604166666667,139.6203125,1261,760,490.0,124.0,78.0,32.0,759.0,284.0,451.0,0.0,238.0,513.0,0.0
5339447922,杉並区,35.72604166666667,139.62343750000002,1230,706,397.0,76.0,82.0,54.0,705.0,213.0,438.0,21.0,193.0,499.0,0.0
5339447923,杉並区,35.728125,139.6203125,790,434,253.0,76.0,32.0,34.0,434.0,113.0,256.0,0.0,90.0,341.0,0.0
5339447924,杉並区,35.728125,139.62343750000002,1184,619,315.0,53.0,87.0,52.0,594.0,228.0,284.0,48.0,201.0,391.0,0.0
5339447931,練馬区,35.73020833333334,139.61406250000002,1158,601,292.0,64.0,45.0,46.0,597.0,217.0,351.0,0.0,105.0,485.0,0.0
5339447932,練馬区,35.73020833333334,139.61718750000003,1759,701,177.0,19.0,40.0,74.0,689.0,546.0,132.0,0.0,116.0,568.0,0.0
5339447933,練馬区,35.73229166666667,139.61406250000002,1079,536,262.0,61.0,38.0,38.0,535.0,247.0,265.0,0.0,147.0,384.0,0.0
5339447934,練馬区,35.73229166666667,139.61718750000003,1021,443,159.0,41.0,29.0,57.0,441.0,223.0,189.0,0.0,178.0,248.0,0.0
5339447941,練馬区,35.73020833333334,139.6203125,1579,633,171.0,33.0,40.0,68.0,632.0,449.0,153.0,0.0,140.0,487.0,0.0
5339447942,杉並区,35.73020833333334,139.62343750000002,1473,685,235.0,40.0,61.0,111.0,685.0,239.0,217.0,0.0,249.0,420.0,0.0
5339447943,練馬区,35.73229166666667,139.6203125,906,427,188.0,35.0,36.0,30.0,425.0,207.0,195.0,0.0,182.0,233.0,0.0
5339447944,練馬区,35.73229166666667,139.62343750000002,1403,637,264.0,68.0,55.0,48.0,596.0,353.0,228.0,0.0,173.0,422.0,0.0
5339448521,練馬区,35.73437500000001,139.5703125,1124,536,220.0,45.0,49.0,42.0,532.0,273.0,216.0,20.0,170.0,355.0,0.0
5339448522,練馬区,35.73437500000001,139.5734375,1263,524,148.0,26.0,49.0,45.0,511.0,353.0,147.0,0.0,164.0,347.0,0.0
5339448523,練馬区,35.73645833333334,139.5703125,1012,370,85.0,4.0,38.0,23.0,370.0,286.0,70.0,0.0,232.0,129.0,0.0
5339448524,練馬区,35.73645833333334,139.5734375,899,366,106.0,12.0,38.0,34.0,365.0,247.0,103.0,0.0,219.0,128.0,0.0
5339448541,練馬区,35.73854166666668,139.5703125,978,427,140.0,19.0,44.0,40.0,427.0,323.0,97.0,0.0,301.0,125.0,0.0
5339448542,練馬区,35.73854166666668,139.5734375,1044,425,117.0,8.0,39.0,53.0,425.0,319.0,92.0,0.0,303.0,104.0,0.0
5339448543,練馬区,35.74062500000001,139.5703125,788,309,96.0,10.0,33.0,25.0,308.0,190.0,105.0,0.0,173.0,93.0,0.0
5339448544,練馬区,35.74062500000001,139.5734375,1015,452,170.0,18.0,59.0,31.0,452.0,318.0,124.0,0.0,271.0,157.0,0.0
5339448611,練馬区,35.73437500000001,139.5765625,1797,749,243.0,40.0,68.0,45.0,743.0,568.0,161.0,0.0,229.0,507.0,0.0
5339448612,練馬区,35.73437500000001,139.5796875,731,320,105.0,11.0,50.0,35.0,319.0,198.0,110.0,0.0,208.0,96.0,0.0
5339448613,練馬区,35.73645833333334,139.5765625,1501,593,153.0,14.0,49.0,52.0,592.0,437.0,143.0,0.0,128.0,464.0,0.0
5339448614,練馬区,35.73645833333334,139.5796875,1092,479,158.0,29.0,55.0,42.0,478.0,258.0,195.0,0.0,193.0,275.0,0.0
5339448621,練馬区,35.73437500000001,139.5828125,583,250,82.0,15.0,21.0,31.0,250.0,148.0,87.0,0.0,162.0,76.0,0.0
5339448622,練馬区,35.73437500000001,139.5859375,959,396,123.0,8.0,49.0,30.0,395.0,263.0,121.0,0.0,270.0,114.0,0.0
5339448623,練馬区,35.73645833333334,139.5828125,672,276,101.0,13.0,33.0,14.0,276.0,169.0,99.0,0.0,182.0,88.0,0.0
5339448624,練馬区,35.73645833333334,139.5859375,1068,455,157.0,24.0,42.0,44.0,454.0,247.0,186.0,0.0,266.0,174.0,0.0
5339448631,練馬区,35.73854166666668,139.5765625,762,326,106.0,11.0,34.0,17.0,325.0,208.0,104.0,0.0,202.0,121.0,0.0
5339448632,練馬区,35.73854166666668,139.5796875,1106,454,146.0,17.0,61.0,35.0,453.0,322.0,112.0,0.0,327.0,110.0,0.0
5339448633,練馬区,35.74062500000001,139.5765625,940,374,117.0,18.0,45.0,23.0,373.0,299.0,64.0,0.0,315.0,58.0,0.0
5339448634,練馬区,35.74062500000001,139.5796875,1077,489,194.0,16.0,68.0,25.0,489.0,346.0,133.0,0.0,341.0,134.0,0.0
5339448641,練馬区,35.73854166666668,139.5828125,896,394,143.0,10.0,42.0,34.0,393.0,210.0,179.0,0.0,157.0,221.0,0.0
5339448642,練馬区,35.73854166666668,139.5859375,1083,364,102.0,9.0,35.0,36.0,360.0,214.0,121.0,0.0,192.0,160.0,0.0
5339448643,練馬区,35.74062500000001,139.5828125,798,373,134.0,14.0,47.0,23.0,371.0,246.0,117.0,0.0,251.0,115.0,0.0
5339448644,練馬区,35.74062500000001,139.5859375,637,262,81.0,7.0,25.0,25.0,261.0,178.0,70.0,0.0,187.0,68.0,0.0
5339448711,練馬区,35.73437500000001,139.5890625,669,276,78.0,6.0,27.0,42.0,276.0,110.0,130.0,0.0,105.0,159.0,0.0
5339448712,練馬区,35.73437500000001,139.59218750000002,988,469,203.0,38.0,40.0,25.0,460.0,268.0,181.0,0.0,291.0,162.0,0.0
5339448713,練馬区,35.73645833333334,139.5890625,1162,497,160.0,41.0,40.0,53.0,480.0,290.0,164.0,0.0,231.0,239.0,0.0
5339448714,練馬区,35.73645833333334,139.59218750000002,1065,449,139.0,13.0,46.0,45.0,449.0,307.0,128.0,0.0,275.0,168.0,0.0
5339448721,練馬区,35.73437500000001,139.5953125,1132,533,219.0,36.0,57.0,45.0,532.0,322.0,187.0,0.0,201.0,313.0,0.0
5339448722,練馬区,35.73437500000001,139.59843750000002,529,238,88.0,20.0,24.0,13.0,235.0,153.0,77.0,0.0,128.0,106.0,0.0
5339448723,練馬区,35.73645833333334,139.5953125,453,193,50.0,1.0,31.0,12.0,191.0,161.0,27.0,0.0,132.0,59.0,0.0
5339448724,練馬区,35.73645833333334,139.59843750000002,78,40,16.0,0.0,6.0,0.0,40.0,33.0,6.0,0.0,27.0,13.0,0.0
5339448731,練馬区,35.73854166666668,139.5890625,1073,500,212.0,42.0,38.0,51.0,499.0,254.0,210.0,0.0,245.0,242.0,0.0
5339448732,練馬区,35.73854166666668,139.59218750000002,706,321,113.0,27.0,28.0,24.0,321.0,197.0,110.0,0.0,208.0,113.0,0.0
5339448733,練馬区,35.74062500000001,139.5890625,971,456,217.0,45.0,42.0,53.0,433.0,207.0,179.0,13.0,90.0,331.0,0.0
5339448734,練馬区,35.74062500000001,139.59218750000002,1045,519,229.0,34.0,73.0,29.0,508.0,148.0,163.0,167.0,111.0,388.0,0.0
5339448742,練馬区,35.73854166666668,139.59843750000002,137,74,34.0,4.0,11.0,3.0,73.0,36.0,36.0,0.0,35.0,38.0,0.0
5339448743,練馬区,35.74062500000001,139.5953125,324,127,27.0,1.0,11.0,17.0,126.0,71.0,49.0,0.0,15.0,107.0,0.0
5339448744,練馬区,35.74062500000001,139.59843750000002,807,389,168.0,30.0,43.0,35.0,389.0,179.0,192.0,0.0,183.0,201.0,0.0
5339448811,練馬区,35.73437500000001,139.6015625,963,430,151.0,25.0,39.0,38.0,429.0,233.0,174.0,0.0,226.0,194.0,0.0
5339448812,練馬区,35.73437500000001,139.6046875,1118,443,123.0,14.0,42.0,69.0,441.0,283.0,144.0,0.0,299.0,138.0,0.0
5339448813,練馬区,35.73645833333334,139.6015625,525,263,133.0,13.0,36.0,26.0,263.0,78.0,173.0,0.0,87.0,172.0,0.0
5339448814,練馬区,35.73645833333334,139.6046875,925,482,247.0,50.0,49.0,26.0,482.0,212.0,256.0,0.0,202.0,278.0,0.0
5339448821,練馬区,35.73437500000001,139.6078125,713,300,134.0,16.0,30.0,27.0,299.0,172.0,99.0,0.0,168.0,123.0,0.0
5339448822,練馬区,35.73437500000001,139.6109375,1434,652,244.0,39.0,48.0,61.0,652.0,368.0,256.0,0.0,310.0,329.0,0.0
5339448823,練馬区,35.73645833333334,139.6078125,1068,445,133.0,18.0,39.0,73.0,444.0,290.0,134.0,0.0,220.0,218.0,0.0
5339448824,練馬区,35.73645833333334,139.6109375,660,290,99.0,14.0,29.0,28.0,290.0,159.0,113.0,0.0,173.0,108.0,0.0
5339448831,練馬区,35.73854166666668,139.6015625,45,20,8.0,2.0,2.0,2.0,20.0,16.0,2.0,0.0,18.0,2.0,0.0
5339448832,練馬区,35.73854166666668,139.6046875,272,147,69.0,5.0,21.0,12.0,147.0,51.0,88.0,0.0,50.0,94.0,0.0
5339448833,練馬区,35.74062500000001,139.6015625,635,302,118.0,15.0,39.0,24.0,301.0,178.0,107.0,0.0,136.0,162.0,0.0
5339448834,練馬区,35.74062500000001,139.6046875,773,421,207.0,34.0,40.0,28.0,420.0,254.0,153.0,0.0,66.0,354.0,0.0
5339448841,練馬区,35.73854166666668,139.6078125,969,462,189.0,19.0,42.0,54.0,461.0,261.0,186.0,0.0,186.0,266.0,0.0
5339448842,練馬区,35.73854166666668,139.6109375,804,541,346.0,3.0,273.0,10.0,540.0,71.0,38.0,428.0,74.0,464.0,0.0
5339448843,練馬区,35.74062500000001,139.6078125,996,573,309.0,25.0,156.0,29.0,568.0,136.0,169.0,251.0,87.0,473.0,0.0
5339448844,練馬区,35.74062500000001,139.6109375,891,496,228.0,26.0,114.0,19.0,493.0,120.0,93.0,270.0,124.0,359.0,0.0
5339448911,練馬区,35.73437500000001,139.61406250000002,552,295,169.0,32.0,26.0,20.0,293.0,91.0,180.0,0.0,79.0,213.0,0.0
5339448912,練馬区,35.73437500000001,139.61718750000003,684,381,217.0,80.0,25.0,17.0,380.0,133.0,183.0,0.0,137.0,238.0,0.0
5339448913,練馬区,35.73645833333334,139.61406250000002,1093,555,268.0,76.0,34.0,45.0,555.0,249.0,268.0,0.0,137.0,415.0,0.0
5339448914,練馬区,35.73645833333334,139.61718750000003,1015,484,236.0,59.0,31.0,47.0,481.0,165.0,288.0,0.0,151.0,324.0,0.0
5339448921,練馬区,35.73437500000001,139.6203125,1193,508,186.0,27.0,63.0,37.0,508.0,331.0,166.0,0.0,330.0,171.0,0.0
5339448922,練馬区,35.73437500000001,139.62343750000002,1007,513,251.0,38.0,84.0,31.0,513.0,234.0,187.0,80.0,238.0,273.0,0.0
5339448923,練馬区,35.73645833333334,139.6203125,1034,556,307.0,66.0,74.0,23.0,553.0,303.0,234.0,0.0,298.0,248.0,0.0
5339448924,練馬区,35.73645833333334,139.62343750000002,1188,698,408.0,83.0,67.0,42.0,693.0,210.0,443.0,0.0,180.0,484.0,0.0
5339448931,練馬区,35.73854166666668,139.61406250000002,725,420,244.0,15.0,144.0,14.0,403.0,103.0,99.0,196.0,104.0,299.0,0.0
5339448932,練馬区,35.73854166666668,139.61718750000003,934,549,316.0,28.0,196.0,15.0,549.0,146.0,126.0,265.0,147.0,391.0,0.0
5339448933,練馬区,35.74062500000001,139.61406250000002,1042,550,265.0,23.0,110.0,46.0,550.0,248.0,177.0,104.0,172.0,366.0,0.0
5339448934,練馬区,35.74062500000001,139.61718750000003,1156,581,215.0,17.0,79.0,52.0,580.0,134.0,270.0,151.0,36.0,541.0,0.0
5339448941,練馬区,35.73854166666668,139.6203125,764,438,250.0,56.0,58.0,24.0,438.0,88.0,210.0,131.0,61.0,372.0,0.0
5339448942,練馬区,35.73854166666668,139.62343750000002,1118,520,224.0,34.0,58.0,38.0,516.0,288.0,211.0,3.0,276.0,234.0,0.0
5339448943,練馬区,35.74062500000001,139.6203125,1052,528,251.0,67.0,52.0,35.0,528.0,262.0,238.0,0.0,263.0,256.0,0.0
5339448944,練馬区,35.74062500000001,139.62343750000002,1199,604,280.0,82.0,41.0,57.0,599.0,210.0,331.0,29.0,205.0,385.0,0.0
5339449521,練馬区,35.74270833333334,139.5703125,1056,419,118.0,46.0,21.0,48.0,418.0,147.0,209.0,0.0,157.0,241.0,0.0
5339449522,練馬区,35.74270833333334,139.5734375,1119,511,199.0,24.0,58.0,36.0,507.0,299.0,196.0,0.0,305.0,185.0,0.0
5339449523,練馬区,35.74479166666667,139.5703125,741,306,97.0,22.0,25.0,33.0,306.0,153.0,144.0,0.0,149.0,150.0,0.0
5339449524,練馬区,35.74479166666667,139.5734375,955,413,119.0,19.0,43.0,42.0,412.0,208.0,189.0,0.0,157.0,245.0,0.0
5339449532,練馬区,35.74687500000001,139.56718750000002,940,550,332.0,67.0,60.0,25.0,549.0,183.0,347.0,0.0,83.0,453.0,0.0
5339449541,練馬区,35.74687500000001,139.5703125,966,490,223.0,45.0,45.0,37.0,490.0,153.0,315.0,0.0,104.0,386.0,0.0
5339449542,練馬区,35.74687500000001,139.5734375,1032,451,160.0,34.0,36.0,44.0,448.0,231.0,201.0,0.0,221.0,211.0,0.0
5339449543,練馬区,35.74895833333334,139.5703125,1334,675,329.0,64.0,60.0,43.0,674.0,261.0,375.0,0.0,153.0,503.0,0.0
5339449544,練馬区,35.74895833333334,139.5734375,1021,515,239.0,35.0,60.0,29.0,512.0,272.0,227.0,0.0,167.0,337.0,0.0
5339449611,練馬区,35.74270833333334,139.5765625,1013,442,146.0,10.0,72.0,33.0,440.0,299.0,106.0,22.0,316.0,114.0,0.0
5339449612,練馬区,35.74270833333334,139.5796875,929,364,116.0,12.0,40.0,30.0,363.0,200.0,146.0,0.0,160.0,198.0,0.0
5339449613,練馬区,35.74479166666667,139.5765625,747,352,146.0,17.0,49.0,29.0,351.0,200.0,137.0,4.0,208.0,140.0,0.0
5339449614,練馬区,35.74479166666667,139.5796875,993,497,236.0,47.0,36.0,36.0,497.0,213.0,246.0,10.0,222.0,257.0,0.0
5339449621,練馬区,35.74270833333334,139.5828125,882,427,182.0,23.0,50.0,36.0,427.0,217.0,180.0,0.0,223.0,192.0,0.0
5339449622,練馬区,35.74270833333334,139.5859375,725,356,148.0,44.0,37.0,26.0,354.0,156.0,186.0,0.0,144.0,206.0,0.0
5339449623,練馬区,35.74479166666667,139.5828125,803,381,154.0,12.0,66.0,38.0,381.0,167.0,142.0,59.0,168.0,206.0,0.0
5339449624,練馬区,35.74479166666667,139.5859375,680,374,212.0,52.0,42.0,19.0,373.0,153.0,203.0,0.0,136.0,229.0,0.0
5339449631,練馬区,35.74687500000001,139.5765625,1251,585,237.0,32.0,60.0,43.0,579.0,335.0,235.0,0.0,301.0,268.0,0.0
5339449632,練馬区,35.74687500000001,139.5796875,1194,532,218.0,28.0,51.0,51.0,530.0,252.0,248.0,0.0,228.0,289.0,0.0
5339449633,練馬区,35.74895833333334,139.5765625,1083,546,258.0,58.0,61.0,34.0,545.0,310.0,213.0,0.0,283.0,254.0,0.0
5339449634,練馬区,35.74895833333334,139.5796875,996,518,259.0,56.0,70.0,33.0,514.0,269.0,228.0,0.0,265.0,241.0,0.0
5339449641,練馬区,35.74687500000001,139.5828125,1295,628,293.0,36.0,77.0,57.0,628.0,167.0,326.0,91.0,169.0,453.0,0.0
5339449642,練馬区,35.74687500000001,139.5859375,844,524,371.0,58.0,117.0,7.0,522.0,123.0,250.0,129.0,96.0,424.0,0.0
5339449643,練馬区,35.74895833333334,139.5828125,1312,662,322.0,57.0,64.0,47.0,657.0,259.0,340.0,13.0,203.0,445.0,0.0
5339449644,練馬区,35.74895833333334,139.5859375,1440,819,454.0,73.0,87.0,68.0,817.0,252.0,374.0,163.0,25.0,790.0,334.0
5339449711,練馬区,35.74270833333334,139.5890625,1293,640,270.0,36.0,95.0,56.0,638.0,241.0,133.0,225.0,155.0,477.0,0.0
5339449712,練馬区,35.74270833333334,139.59218750000002,1156,543,222.0,36.0,70.0,43.0,543.0,201.0,273.0,48.0,172.0,371.0,0.0
5339449713,練馬区,35.74479166666667,139.5890625,384,131,40.0,1.0,25.0,10.0,130.0,69.0,14.0,42.0,73.0,56.0,0.0
5339449714,練馬区,35.74479166666667,139.59218750000002,676,285,93.0,21.0,32.0,25.0,285.0,170.0,104.0,0.0,186.0,99.0,0.0
5339449721,練馬区,35.74270833333334,139.5953125,1012,494,235.0,44.0,54.0,32.0,493.0,249.0,226.0,0.0,187.0,299.0,0.0
5339449722,練馬区,35.74270833333334,139.59843750000002,1219,619,328.0,98.0,37.0,70.0,617.0,213.0,365.0,0.0,206.0,407.0,0.0
5339449723,練馬区,35.74479166666667,139.5953125,1045,543,259.0,30.0,77.0,34.0,542.0,252.0,279.0,0.0,239.0,293.0,0.0
5339449724,練馬区,35.74479166666667,139.59843750000002,995,474,216.0,36.0,55.0,35.0,472.0,197.0,252.0,0.0,204.0,262.0,0.0
5339449731,練馬区,35.74687500000001,139.5890625,1157,561,257.0,36.0,77.0,39.0,558.0,251.0,283.0,0.0,196.0,357.0,0.0
5339449732,練馬区,35.74687500000001,139.59218750000002,875,472,256.0,69.0,48.0,31.0,471.0,227.0,216.0,1.0,153.0,305.0,0.0
5339449733,練馬区,35.74895833333334,139.5890625,1123,631,359.0,67.0,70.0,40.0,630.0,199.0,388.0,22.0,107.0,514.0,19.0
5339449734,練馬区,35.74895833333334,139.59218750000002,795,435,241.0,34.0,60.0,24.0,433.0,125.0,256.0,27.0,130.0,292.0,0.0
5339449741,練馬区,35.74687500000001,139.5953125,1083,511,215.0,24.0,75.0,31.0,511.0,223.0,203.0,77.0,212.0,288.0,0.0
5339449742,練馬区,35.74687500000001,139.59843750000002,1064,585,333.0,72.0,57.0,32.0,584.0,210.0,363.0,0.0,205.0,362.0,0.0
5339449743,練馬区,35.74895833333334,139.5953125,1700,740,256.0,41.0,58.0,80.0,716.0,521.0,175.0,0.0,101.0,614.0,0.0
5339449744,練馬区,35.74895833333334,139.59843750000002,901,362,106.0,6.0,45.0,42.0,361.0,232.0,105.0,14.0,205.0,143.0,0.0
5339449811,練馬区,35.74270833333334,139.6015625,1347,817,522.0,112.0,87.0,48.0,817.0,289.0,498.0,0.0,185.0,626.0,0.0
5339449812,練馬区,35.74270833333334,139.6046875,1569,987,624.0,97.0,88.0,49.0,986.0,263.0,688.0,0.0,111.0,873.0,30.0
5339449813,練馬区,35.74479166666667,139.6015625,1198,567,227.0,26.0,61.0,41.0,566.0,260.0,181.0,109.0,89.0,469.0,0.0
5339449814,練馬区,35.74479166666667,139.6046875,1496,789,416.0,65.0,70.0,64.0,785.0,355.0,377.0,22.0,73.0,712.0,86.0
5339449821,練馬区,35.74270833333334,139.6078125,930,556,348.0,61.0,37.0,29.0,555.0,155.0,380.0,0.0,94.0,459.0,0.0
5339449822,練馬区,35.74270833333334,139.6109375,777,397,208.0,43.0,55.0,28.0,396.0,152.0,165.0,74.0,148.0,245.0,0.0
5339449823,練馬区,35.74479166666667,139.6078125,1344,763,423.0,74.0,79.0,48.0,752.0,300.0,376.0,24.0,20.0,730.0,326.0
5339449824,練馬区,35.74479166666667,139.6109375,710,314,107.0,11.0,44.0,44.0,313.0,160.0,125.0,15.0,166.0,139.0,0.0
5339449831,練馬区,35.74687500000001,139.6015625,921,474,209.0,33.0,72.0,35.0,474.0,170.0,154.0,132.0,167.0,303.0,0.0
5339449832,練馬区,35.74687500000001,139.6046875,1209,586,259.0,41.0,49.0,58.0,585.0,175.0,361.0,0.0,163.0,415.0,0.0
5339449833,練馬区,35.74895833333334,139.6015625,1006,508,237.0,44.0,54.0,31.0,505.0,247.0,228.0,0.0,235.0,260.0,0.0
5339449834,練馬区,35.74895833333334,139.6046875,904,436,204.0,41.0,45.0,33.0,435.0,223.0,195.0,0.0,219.0,203.0,0.0
5339449841,練馬区,35.74687500000001,139.6078125,1087,532,247.0,49.0,88.0,37.0,530.0,126.0,233.0,134.0,106.0,424.0,0.0
5339449842,練馬区,35.74687500000001,139.6109375,1172,575,251.0,27.0,73.0,38.0,574.0,329.0,161.0,61.0,174.0,391.0,0.0
5339449843,練馬区,35.74895833333334,139.6078125,1186,542,262.0,54.0,58.0,39.0,529.0,241.0,240.0,25.0,176.0,346.0,0.0
5339449844,練馬区,35.74895833333334,139.6109375,1098,471,196.0,27.0,39.0,64.0,468.0,264.0,194.0,0.0,205.0,255.0,0.0
5339449911,練馬区,35.74270833333334,139.61406250000002,503,294,182.0,46.0,28.0,8.0,291.0,117.0,160.0,0.0,116.0,172.0,0.0
5339449912,練馬区,35.74270833333334,139.61718750000003,1319,654,276.0,34.0,74.0,46.0,654.0,320.0,301.0,0.0,59.0,590.0,0.0
5339449913,練馬区,35.74479166666667,139.61406250000002,615,278,105.0,11.0,36.0,20.0,278.0,154.0,62.0,53.0,157.0,121.0,0.0
5339449914,練馬区,35.74479166666667,139.61718750000003,1116,548,251.0,59.0,40.0,32.0,548.0,206.0,300.0,0.0,125.0,423.0,0.0
5339449921,練馬区,35.74270833333334,139.6203125,897,380,120.0,16.0,47.0,43.0,380.0,217.0,145.0,0.0,221.0,150.0,0.0
5339449922,練馬区,35.74270833333334,139.62343750000002,803,322,85.0,12.0,23.0,52.0,322.0,208.0,102.0,0.0,189.0,119.0,0.0
5339449923,練馬区,35.74479166666667,139.6203125,1338,606,219.0,34.0,51.0,62.0,604.0,412.0,154.0,0.0,121.0,481.0,0.0
5339449924,練馬区,35.74479166666667,139.62343750000002,911,392,124.0,18.0,45.0,28.0,392.0,266.0,105.0,0.0,253.0,127.0,0.0
5339449931,練馬区,35.74687500000001,139.61406250000002,1191,545,200.0,52.0,46.0,56.0,524.0,299.0,202.0,0.0,216.0,301.0,0.0
5339449932,練馬区,35.74687500000001,139.61718750000003,1371,711,380.0,126.0,37.0,48.0,710.0,322.0,329.0,0.0,176.0,531.0,0.0
5339449933,練馬区,35.74895833333334,139.61406250000002,1225,542,175.0,28.0,37.0,75.0,540.0,194.0,272.0,52.0,133.0,404.0,0.0
5339449934,練馬区,35.74895833333334,139.61718750000003,1015,443,157.0,24.0,30.0,45.0,436.0,297.0,117.0,0.0,98.0,338.0,61.0
5339449941,練馬区,35.74687500000001,139.6203125,1396,642,256.0,85.0,30.0,81.0,640.0,293.0,306.0,0.0,104.0,531.0,0.0
5339449942,練馬区,35.74687500000001,139.62343750000002,648,268,76.0,10.0,18.0,29.0,268.0,157.0,101.0,0.0,22.0,246.0,0.0
5339449943,練馬区,35.74895833333334,139.6203125,1091,574,299.0,85.0,43.0,40.0,574.0,241.0,310.0,0.0,102.0,468.0,0.0
5339449944,練馬区,35.74895833333334,139.62343750000002,178,79,33.0,4.0,7.0,6.0,78.0,51.0,18.0,0.0,47.0,31.0,0.0
5339450011,世田谷区,35.66770833333334,139.6265625,1273,688,377.0,112.0,75.0,47.0,686.0,269.0,312.0,0.0,210.0,466.0,0.0
5339450012,世田谷区,35.66770833333334,139.62968750000002,703,420,253.0,65.0,41.0,14.0,418.0,166.0,237.0,0.0,142.0,276.0,0.0
5339450013,杉並区,35.66979166666667,139.6265625,1686,1080,811.0,193.0,75.0,41.0,1078.0,260.0,780.0,0.0,134.0,938.0,0.0
5339450014,杉並区,35.66979166666667,139.62968750000002,1642,1099,756.0,216.0,84.0,57.0,1088.0,373.0,649.0,0.0,154.0,928.0,0.0
5339450021,世田谷区,35.66770833333334,139.6328125,1079,817,643.0,211.0,74.0,19.0,815.0,183.0,585.0,0.0,145.0,663.0,0.0
5339450022,杉並区,35.66770833333334,139.6359375,1454,1037,780.0,226.0,80.0,41.0,1032.0,290.0,674.0,0.0,133.0,896.0,0.0
5339450023,杉並区,35.66979166666667,139.6328125,1070,726,522.0,136.0,57.0,16.0,726.0,227.0,463.0,0.0,164.0,556.0,0.0
5339450024,杉並区,35.66979166666667,139.6359375,1614,1079,749.0,172.0,142.0,33.0,1076.0,450.0,579.0,0.0,223.0,848.0,165.0
5339450031,杉並区,35.67187500000001,139.6265625,1156,616,306.0,49.0,57.0,34.0,613.0,338.0,249.0,0.0,268.0,334.0,0.0
5339450032,杉並区,35.67187500000001,139.62968750000002,954,547,336.0,104.0,58.0,26.0,536.0,259.0,258.0,0.0,234.0,299.0,0.0
5339450033,杉並区,35.67395833333334,139.6265625,1071,525,237.0,48.0,55.0,52.0,524.0,311.0,188.0,0.0,330.0,193.0,0.0
5339450034,杉並区,35.67395833333334,139.62968750000002,1091,532,241.0,42.0,58.0,31.0,531.0,352.0,162.0,0.0,379.0,149.0,0.0
5339450041,杉並区,35.67187500000001,139.6328125,1245,636,318.0,69.0,75.0,52.0,634.0,325.0,284.0,0.0,290.0,327.0,0.0
5339450042,杉並区,35.67187500000001,139.6359375,428,240,150.0,41.0,18.0,14.0,238.0,82.0,153.0,0.0,71.0,164.0,0.0
5339450043,杉並区,35.67395833333334,139.6328125,945,500,287.0,58.0,62.0,24.0,498.0,245.0,236.0,0.0,255.0,239.0,0.0
5339450044,杉並区,35.67395833333334,139.6359375,751,333,116.0,15.0,37.0,30.0,331.0,222.0,90.0,0.0,225.0,106.0,0.0
5339450111,杉並区,35.66770833333334,139.6390625,1136,802,591.0,168.0,65.0,32.0,801.0,206.0,571.0,0.0,133.0,662.0,0.0
5339450112,杉並区,35.66770833333334,139.6421875,1278,830,565.0,185.0,74.0,44.0,827.0,308.0,476.0,0.0,77.0,747.0,64.0
5339450113,杉並区,35.66979166666667,139.6390625,555,298,165.0,35.0,25.0,14.0,297.0,153.0,135.0,0.0,129.0,163.0,0.0
5339450114,杉並区,35.66979166666667,139.6421875,578,264,127.0,23.0,18.0,30.0,264.0,123.0,129.0,0.0,96.0,168.0,0.0
5339450121,杉並区,35.66770833333334,139.6453125,1368,963,689.0,240.0,80.0,24.0,956.0,337.0,572.0,0.0,117.0,837.0,14.0
5339450122,世田谷区,35.66770833333334,139.6484375,1565,1055,741.0,259.0,82.0,35.0,1045.0,344.0,664.0,0.0,202.0,838.0,0.0
5339450123,杉並区,35.66979166666667,139.6453125,107,54,22.0,4.0,6.0,5.0,54.0,42.0,10.0,0.0,45.0,9.0,0.0
5339450124,杉並区,35.66979166666667,139.6484375,680,477,344.0,71.0,62.0,21.0,477.0,258.0,194.0,0.0,22.0,455.0,0.0
5339450131,杉並区,35.67187500000001,139.6390625,810,395,177.0,48.0,35.0,30.0,395.0,231.0,140.0,0.0,256.0,132.0,0.0
5339450132,杉並区,35.67187500000001,139.6421875,1006,504,250.0,66.0,48.0,47.0,503.0,242.0,237.0,0.0,237.0,256.0,0.0
5339450133,杉並区,35.67395833333334,139.6390625,852,441,223.0,48.0,39.0,37.0,437.0,203.0,216.0,0.0,211.0,221.0,0.0
5339450134,杉並区,35.67395833333334,139.6421875,1123,646,382.0,93.0,68.0,41.0,633.0,303.0,273.0,0.0,302.0,320.0,0.0
5339450141,杉並区,35.67187500000001,139.6453125,767,484,326.0,67.0,37.0,27.0,483.0,145.0,317.0,0.0,142.0,329.0,0.0
5339450142,杉並区,35.67187500000001,139.6484375,437,229,147.0,36.0,8.0,8.0,228.0,71.0,152.0,0.0,42.0,173.0,0.0
5339450143,杉並区,35.67395833333334,139.6453125,1033,568,302.0,71.0,39.0,43.0,566.0,231.0,316.0,0.0,203.0,363.0,0.0
5339450144,杉並区,35.67395833333334,139.6484375,879,458,232.0,43.0,31.0,45.0,457.0,231.0,201.0,0.0,78.0,366.0,0.0
5339450211,世田谷区,35.66770833333334,139.6515625,1216,711,406.0,117.0,82.0,28.0,710.0,385.0,305.0,0.0,155.0,545.0,0.0
5339450212,世田谷区,35.66770833333334,139.65468750000002,1273,748,438.0,137.0,78.0,35.0,745.0,280.0,407.0,0.0,235.0,505.0,0.0
5339450213,世田谷区,35.66979166666667,139.6515625,1394,1024,780.0,263.0,65.0,23.0,1024.0,207.0,766.0,0.0,130.0,887.0,0.0
5339450214,世田谷区,35.66979166666667,139.65468750000002,1829,1279,941.0,322.0,112.0,47.0,1268.0,424.0,800.0,0.0,168.0,1090.0,0.0
5339450221,世田谷区,35.66770833333334,139.6578125,1235,729,422.0,115.0,80.0,32.0,729.0,313.0,360.0,0.0,300.0,420.0,0.0
5339450222,世田谷区,35.66770833333334,139.66093750000002,1754,1170,837.0,291.0,103.0,40.0,1166.0,354.0,727.0,19.0,312.0,851.0,0.0
5339450223,世田谷区,35.66979166666667,139.6578125,554,372,263.0,89.0,33.0,15.0,370.0,144.0,200.0,0.0,43.0,327.0,0.0
5339450224,世田谷区,35.66979166666667,139.66093750000002,1297,887,640.0,219.0,84.0,38.0,878.0,257.0,567.0,0.0,232.0,638.0,0.0
5339450231,杉並区,35.67187500000001,139.6515625,1055,730,543.0,172.0,40.0,28.0,729.0,171.0,520.0,0.0,128.0,597.0,0.0
5339450232,杉並区,35.67187500000001,139.65468750000002,1195,719,432.0,109.0,56.0,37.0,718.0,329.0,366.0,0.0,172.0,540.0,0.0
5339450233,杉並区,35.67395833333334,139.6515625,1122,577,280.0,106.0,38.0,54.0,575.0,282.0,266.0,0.0,289.0,282.0,0.0
5339450234,杉並区,35.67395833333334,139.65468750000002,1314,897,650.0,197.0,55.0,38.0,895.0,241.0,615.0,0.0,228.0,663.0,0.0
5339450241,杉並区,35.67187500000001,139.6578125,1498,1058,782.0,209.0,84.0,33.0,1055.0,292.0,719.0,0.0,146.0,903.0,0.0
5339450242,世田谷区,35.67187500000001,139.66093750000002,1749,1238,922.0,295.0,64.0,51.0,1233.0,193.0,906.0,55.0,82.0,1148.0,0.0
5339450243,杉並区,35.67395833333334,139.6578125,1557,1011,693.0,185.0,99.0,36.0,1007.0,335.0,617.0,0.0,326.0,662.0,0.0
5339450244,杉並区,35.67395833333334,139.66093750000002,1680,1206,912.0,240.0,60.0,44.0,1205.0,277.0,818.0,0.0,145.0,1051.0,40.0
5339450311,世田谷区,35.66770833333334,139.6640625,1450,882,552.0,169.0,74.0,37.0,878.0,319.0,508.0,17.0,328.0,524.0,0.0
5339450312,世田谷区,35.66770833333334,139.6671875,1360,867,577.0,189.0,75.0,32.0,864.0,284.0,519.0,0.0,280.0,568.0,0.0
5339450313,世田谷区,35.66979166666667,139.6640625,1470,932,619.0,187.0,84.0,45.0,928.0,281.0,579.0,17.0,278.0,637.0,0.0
5339450314,世田谷区,35.66979166666667,139.6671875,1181,722,456.0,130.0,67.0,28.0,718.0,291.0,390.0,0.0,249.0,461.0,0.0
5339450321,世田谷区,35.66770833333334,139.6703125,1198,728,458.0,124.0,76.0,31.0,726.0,337.0,346.0,0.0,305.0,402.0,0.0
5339450322,渋谷区,35.66770833333334,139.6734375,983,549,302.0,55.0,75.0,25.0,548.0,289.0,222.0,0.0,237.0,310.0,0.0
5339450323,世田谷区,35.66979166666667,139.6703125,1545,927,596.0,173.0,100.0,39.0,923.0,380.0,485.0,0.0,315.0,602.0,0.0
5339450324,渋谷区,35.66979166666667,139.6734375,850,466,264.0,41.0,41.0,24.0,465.0,256.0,187.0,0.0,179.0,284.0,0.0
5339450331,渋谷区,35.67187500000001,139.6640625,1851,1155,738.0,148.0,90.0,58.0,1150.0,357.0,670.0,65.0,186.0,959.0,0.0
5339450332,渋谷区,35.67187500000001,139.6671875,1683,1119,792.0,146.0,102.0,49.0,1116.0,355.0,718.0,0.0,240.0,859.0,0.0
5339450333,渋谷区,35.67395833333334,139.6640625,2857,2006,1488.0,299.0,141.0,62.0,2004.0,559.0,1347.0,0.0,91.0,1912.0,246.0
5339450334,渋谷区,35.67395833333334,139.6671875,1709,1254,969.0,182.0,64.0,53.0,1252.0,145.0,1044.0,0.0,56.0,1187.0,228.0
5339450341,渋谷区,35.67187500000001,139.6703125,1823,1186,813.0,193.0,96.0,46.0,1168.0,378.0,747.0,0.0,300.0,858.0,0.0
5339450342,渋谷区,35.67187500000001,139.6734375,1197,778,572.0,398.0,18.0,54.0,325.0,160.0,137.0,0.0,30.0,295.0,0.0
5339450343,渋谷区,35.67395833333334,139.6703125,1262,774,469.0,64.0,110.0,43.0,770.0,198.0,332.0,203.0,69.0,701.0,0.0
5339450344,渋谷区,35.67395833333334,139.6734375,1229,731,432.0,75.0,43.0,46.0,730.0,216.0,456.0,0.0,109.0,616.0,0.0
5339450411,渋谷区,35.66770833333334,139.67656250000002,928,543,318.0,34.0,37.0,44.0,533.0,235.0,250.0,0.0,78.0,451.0,0.0
5339450412,渋谷区,35.66770833333334,139.67968750000003,1300,746,430.0,80.0,53.0,43.0,745.0,328.0,391.0,0.0,168.0,572.0,0.0
5339450413,渋谷区,35.66979166666667,139.67656250000002,817,390,159.0,17.0,34.0,35.0,388.0,227.0,137.0,0.0,123.0,260.0,0.0
5339450414,渋谷区,35.66979166666667,139.67968750000003,1098,720,490.0,75.0,53.0,30.0,719.0,223.0,476.0,0.0,155.0,558.0,0.0
5339450421,渋谷区,35.66770833333334,139.6828125,1543,906,592.0,120.0,52.0,57.0,851.0,301.0,508.0,0.0,162.0,676.0,0.0
5339450422,渋谷区,35.66770833333334,139.68593750000002,1667,1090,753.0,148.0,71.0,59.0,1084.0,357.0,662.0,0.0,174.0,904.0,0.0
5339450423,渋谷区,35.66979166666667,139.6828125,1570,1052,724.0,81.0,75.0,42.0,1050.0,365.0,633.0,0.0,163.0,882.0,0.0
5339450424,渋谷区,35.66979166666667,139.68593750000002,1583,1003,665.0,91.0,64.0,60.0,997.0,307.0,642.0,0.0,160.0,827.0,0.0
5339450431,渋谷区,35.67187500000001,139.67656250000002,529,240,93.0,11.0,18.0,25.0,238.0,131.0,93.0,0.0,91.0,135.0,0.0
5339450432,渋谷区,35.67187500000001,139.67968750000003,1226,619,316.0,44.0,47.0,42.0,613.0,261.0,320.0,0.0,231.0,375.0,0.0
5339450433,渋谷区,35.67395833333334,139.67656250000002,1394,732,382.0,155.0,43.0,59.0,593.0,300.0,210.0,16.0,160.0,431.0,0.0
5339450434,渋谷区,35.67395833333334,139.67968750000003,1246,635,358.0,52.0,67.0,27.0,628.0,271.0,332.0,0.0,220.0,408.0,0.0
5339450441,渋谷区,35.67187500000001,139.6828125,1302,738,420.0,77.0,62.0,46.0,710.0,393.0,279.0,0.0,263.0,431.0,0.0
5339450442,渋谷区,35.67187500000001,139.68593750000002,1359,822,525.0,169.0,55.0,48.0,653.0,347.0,285.0,0.0,121.0,518.0,0.0
5339450443,渋谷区,35.67395833333334,139.6828125,992,488,222.0,16.0,34.0,43.0,487.0,276.0,151.0,0.0,164.0,313.0,0.0
5339450444,渋谷区,35.67395833333334,139.68593750000002,1696,987,587.0,112.0,53.0,86.0,980.0,374.0,543.0,0.0,76.0,897.0,0.0
5339450511,渋谷区,35.66770833333334,139.6890625,2121,1265,770.0,86.0,61.0,128.0,1258.0,590.0,628.0,0.0,64.0,1186.0,264.0
5339450512,渋谷区,35.66770833333334,139.69218750000002,409,311,247.0,34.0,21.0,7.0,308.0,88.0,211.0,0.0,27.0,280.0,0.0
5339450513,渋谷区,35.66979166666667,139.6890625,1324,833,528.0,49.0,58.0,61.0,833.0,330.0,470.0,0.0,77.0,744.0,0.0
5339450514,渋谷区,35.66979166666667,139.69218750000002,22,15,11.0,1.0,1.0,0.0,15.0,3.0,12.0,0.0,3.0,12.0,0.0
5339450531,渋谷区,35.67187500000001,139.6890625,902,522,305.0,48.0,49.0,31.0,518.0,249.0,241.0,0.0,92.0,425.0,0.0
5339450532,渋谷区,35.67187500000001,139.69218750000002,55,38,26.0,0.0,2.0,0.0,28.0,18.0,10.0,0.0,6.0,22.0,0.0
5339450533,渋谷区,35.67395833333334,139.6890625,1547,793,353.0,20.0,65.0,112.0,788.0,502.0,249.0,0.0,28.0,759.0,0.0
5339450534,渋谷区,35.67395833333334,139.69218750000002,606,324,154.0,6.0,33.0,33.0,320.0,233.0,82.0,0.0,29.0,290.0,0.0
5339450611,渋谷区,35.66770833333334,139.7015625,107,38,12.0,0.0,9.0,2.0,38.0,31.0,6.0,0.0,6.0,32.0,0.0
5339450612,渋谷区,35.66770833333334,139.7046875,272,150,80.0,3.0,32.0,3.0,147.0,110.0,22.0,0.0,31.0,114.0,0.0
5339450613,渋谷区,35.66979166666667,139.7015625,86,59,40.0,0.0,8.0,2.0,49.0,36.0,13.0,0.0,0.0,49.0,0.0
5339450614,渋谷区,35.66979166666667,139.7046875,316,187,114.0,1.0,28.0,5.0,186.0,126.0,54.0,0.0,29.0,155.0,0.0
5339450621,渋谷区,35.66770833333334,139.7078125,268,143,75.0,0.0,20.0,8.0,143.0,101.0,37.0,0.0,40.0,101.0,0.0
5339450622,渋谷区,35.66770833333334,139.7109375,615,381,244.0,21.0,37.0,18.0,378.0,170.0,193.0,0.0,66.0,302.0,0.0
5339450623,渋谷区,35.66979166666667,139.7078125,291,172,105.0,7.0,28.0,1.0,170.0,115.0,47.0,0.0,77.0,91.0,0.0
5339450624,渋谷区,35.66979166666667,139.7109375,1074,620,360.0,38.0,48.0,29.0,617.0,316.0,261.0,0.0,162.0,440.0,0.0
5339450631,渋谷区,35.67187500000001,139.7015625,1,1,,,,,,,,,,,
5339450632,渋谷区,35.67187500000001,139.7046875,348,191,97.0,9.0,14.0,15.0,190.0,141.0,30.0,0.0,29.0,158.0,0.0
5339450634,渋谷区,35.67395833333334,139.7046875,446,275,176.0,14.0,17.0,20.0,274.0,55.0,196.0,0.0,25.0,247.0,0.0
5339450641,渋谷区,35.67187500000001,139.7078125,931,632,452.0,67.0,50.0,39.0,629.0,177.0,393.0,0.0,38.0,546.0,198.0
5339450642,渋谷区,35.67187500000001,139.7109375,990,559,323.0,22.0,40.0,41.0,558.0,270.0,253.0,0.0,53.0,500.0,20.0
5339450643,渋谷区,35.67395833333334,139.7078125,1662,818,370.0,18.0,50.0,87.0,816.0,208.0,405.0,0.0,13.0,803.0,3.0
5339450644,渋谷区,35.67395833333334,139.7109375,1195,760,501.0,63.0,74.0,27.0,739.0,275.0,446.0,0.0,176.0,557.0,106.0
5339450711,港区,35.66770833333334,139.7140625,473,282,159.0,1.0,100.0,14.0,279.0,49.0,29.0,193.0,22.0,254.0,158.0
5339450712,港区,35.66770833333334,139.71718750000002,769,429,236.0,20.0,56.0,25.0,428.0,294.0,117.0,0.0,55.0,362.0,116.0
5339450713,渋谷区,35.66979166666667,139.7140625,626,381,238.0,33.0,30.0,26.0,381.0,165.0,175.0,0.0,76.0,299.0,0.0
5339450714,港区,35.66979166666667,139.71718750000002,137,74,34.0,4.0,12.0,3.0,74.0,41.0,21.0,0.0,30.0,38.0,0.0
5339450721,港区,35.66770833333334,139.7203125,145,91,57.0,11.0,7.0,6.0,91.0,27.0,50.0,0.0,9.0,81.0,0.0
5339450722,港区,35.66770833333334,139.72343750000002,66,40,26.0,2.0,3.0,0.0,40.0,21.0,18.0,0.0,16.0,24.0,0.0
5339450723,港区,35.66979166666667,139.7203125,733,366,170.0,13.0,45.0,34.0,362.0,216.0,114.0,0.0,61.0,292.0,0.0
5339450724,港区,35.66979166666667,139.72343750000002,517,243,92.0,8.0,26.0,36.0,241.0,183.0,41.0,0.0,49.0,190.0,91.0
5339450731,渋谷区,35.67187500000001,139.7140625,888,497,270.0,36.0,87.0,45.0,496.0,283.0,106.0,62.0,64.0,422.0,46.0
5339450732,港区,35.67187500000001,139.71718750000002,155,91,54.0,3.0,10.0,5.0,91.0,72.0,13.0,0.0,20.0,68.0,0.0
5339450733,渋谷区,35.67395833333334,139.7140625,927,601,403.0,15.0,87.0,22.0,599.0,162.0,337.0,83.0,22.0,575.0,396.0
5339450741,港区,35.67187500000001,139.7203125,104,52,23.0,0.0,11.0,3.0,51.0,37.0,12.0,0.0,21.0,28.0,0.0
5339450742,港区,35.67187500000001,139.72343750000002,327,208,143.0,21.0,30.0,5.0,207.0,68.0,129.0,0.0,17.0,184.0,8.0
5339450743,港区,35.67395833333334,139.7203125,1113,559,235.0,0.0,181.0,34.0,559.0,0.0,0.0,558.0,0.0,559.0,0.0
5339450744,港区,35.67395833333334,139.72343750000002,40,23,12.0,0.0,8.0,0.0,22.0,4.0,1.0,16.0,0.0,22.0,0.0
5339450811,港区,35.66770833333334,139.7265625,850,470,260.0,39.0,80.0,42.0,468.0,207.0,141.0,35.0,91.0,375.0,108.0
5339450812,港区,35.66770833333334,139.7296875,824,483,282.0,35.0,50.0,43.0,481.0,294.0,143.0,0.0,5.0,476.0,228.0
5339450813,港区,35.66979166666667,139.7265625,820,373,146.0,13.0,57.0,30.0,371.0,251.0,69.0,0.0,86.0,281.0,36.0
5339450814,港区,35.66979166666667,139.7296875,1737,911,480.0,51.0,107.0,85.0,905.0,465.0,331.0,0.0,61.0,844.0,0.0
5339450821,港区,35.66770833333334,139.7328125,1391,915,643.0,104.0,100.0,69.0,912.0,284.0,535.0,0.0,53.0,855.0,0.0
5339450822,港区,35.66770833333334,139.7359375,753,379,171.0,11.0,47.0,40.0,376.0,276.0,69.0,0.0,22.0,353.0,2.0
5339450823,港区,35.66979166666667,139.7328125,1030,719,534.0,98.0,68.0,30.0,706.0,209.0,440.0,0.0,45.0,652.0,52.0
5339450824,港区,35.66979166666667,139.7359375,1683,1102,747.0,161.0,98.0,79.0,1098.0,437.0,575.0,0.0,24.0,1066.0,122.0
5339450831,港区,35.67187500000001,139.7265625,1711,936,473.0,22.0,198.0,87.0,935.0,269.0,365.0,234.0,7.0,925.0,411.0
5339450832,港区,35.67187500000001,139.7296875,1293,732,405.0,71.0,97.0,65.0,712.0,383.0,269.0,0.0,44.0,666.0,0.0
5339450833,港区,35.67395833333334,139.7265625,168,68,18.0,0.0,7.0,12.0,68.0,23.0,12.0,0.0,0.0,68.0,0.0
5339450834,港区,35.67395833333334,139.7296875,631,335,150.0,10.0,38.0,30.0,335.0,240.0,75.0,0.0,4.0,330.0,156.0
5339450841,港区,35.67187500000001,139.7328125,896,483,248.0,31.0,70.0,45.0,481.0,122.0,223.0,88.0,30.0,451.0,158.0
5339450842,港区,35.67187500000001,139.7359375,345,233,163.0,34.0,19.0,19.0,233.0,63.0,156.0,0.0,6.0,225.0,33.0
5339450843,港区,35.67395833333334,139.7328125,1435,799,427.0,152.0,59.0,68.0,748.0,398.0,237.0,65.0,67.0,681.0,342.0
5339450844,港区,35.67395833333334,139.7359375,495,342,240.0,43.0,33.0,8.0,340.0,112.0,211.0,0.0,44.0,285.0,0.0
5339450911,港区,35.66770833333334,139.73906250000002,764,628,520.0,121.0,29.0,19.0,627.0,102.0,469.0,0.0,21.0,606.0,238.0
5339450912,港区,35.66770833333334,139.74218750000003,339,157,60.0,4.0,12.0,25.0,156.0,91.0,50.0,0.0,2.0,154.0,96.0
5339450913,港区,35.66979166666667,139.73906250000002,1652,891,471.0,69.0,71.0,88.0,888.0,451.0,284.0,0.0,11.0,876.0,477.0
5339450914,港区,35.66979166666667,139.74218750000003,322,149,63.0,4.0,20.0,10.0,149.0,61.0,67.0,0.0,8.0,130.0,46.0
5339450921,港区,35.66770833333334,139.7453125,7,2,,,,,,,,,,,
5339450922,港区,35.66770833333334,139.74843750000002,459,337,259.0,11.0,29.0,12.0,339.0,249.0,69.0,0.0,11.0,323.0,315.0
5339450923,港区,35.66979166666667,139.7453125,14,7,13.0,8.0,2.0,1.0,9.0,2.0,5.0,0.0,2.0,6.0,0.0
5339450924,港区,35.66979166666667,139.74843750000002,26,13,7.0,1.0,1.0,1.0,13.0,9.0,1.0,0.0,2.0,3.0,0.0
5339450931,港区,35.67187500000001,139.73906250000002,1073,832,682.0,137.0,49.0,29.0,831.0,94.0,661.0,1.0,7.0,823.0,340.0
5339450932,港区,35.67187500000001,139.74218750000003,18,16,15.0,0.0,7.0,0.0,16.0,7.0,7.0,0.0,0.0,12.0,0.0
5339450933,港区,35.67395833333334,139.73906250000002,42,26,15.0,0.0,3.0,0.0,25.0,12.0,9.0,0.0,3.0,21.0,0.0
5339450934,千代田区,35.67395833333334,139.74218750000003,22,9,3.0,1.0,0.0,1.0,5.0,0.0,5.0,0.0,0.0,5.0,5.0
5339450941,千代田区,35.67187500000001,139.7453125,6,4,,,,,,,,,,,
5339450942,千代田区,35.67187500000001,139.74843750000002,4,4,,,,,,,,,,,
5339450944,千代田区,35.67395833333334,139.74843750000002,3,3,,,,,,,,,,,
5339451011,杉並区,35.67604166666667,139.6265625,810,351,109.0,15.0,29.0,23.0,350.0,187.0,98.0,0.0,168.0,179.0,0.0
5339451012,杉並区,35.67604166666667,139.62968750000002,853,450,221.0,41.0,58.0,24.0,450.0,271.0,165.0,0.0,275.0,164.0,0.0
5339451013,杉並区,35.678125,139.6265625,532,270,122.0,16.0,31.0,7.0,270.0,164.0,79.0,2.0,97.0,167.0,0.0
5339451014,杉並区,35.678125,139.62968750000002,1198,600,272.0,60.0,59.0,29.0,600.0,343.0,232.0,0.0,222.0,368.0,0.0
5339451021,杉並区,35.67604166666667,139.6328125,824,423,199.0,52.0,45.0,29.0,423.0,252.0,153.0,0.0,255.0,158.0,0.0
5339451022,杉並区,35.67604166666667,139.6359375,645,331,151.0,28.0,43.0,14.0,329.0,198.0,108.0,0.0,208.0,110.0,0.0
5339451023,杉並区,35.678125,139.6328125,1059,563,274.0,66.0,67.0,32.0,562.0,319.0,230.0,0.0,223.0,333.0,0.0
5339451024,杉並区,35.678125,139.6359375,834,513,318.0,61.0,43.0,18.0,513.0,183.0,305.0,0.0,184.0,302.0,0.0
5339451031,杉並区,35.68020833333334,139.6265625,964,640,450.0,81.0,47.0,20.0,446.0,213.0,190.0,23.0,120.0,316.0,0.0
5339451032,杉並区,35.68020833333334,139.62968750000002,1255,724,425.0,80.0,66.0,43.0,719.0,278.0,398.0,0.0,221.0,469.0,0.0
5339451033,杉並区,35.68229166666667,139.6265625,930,503,270.0,61.0,59.0,50.0,502.0,172.0,297.0,0.0,106.0,382.0,0.0
5339451034,杉並区,35.68229166666667,139.62968750000002,1283,712,395.0,76.0,52.0,43.0,710.0,204.0,461.0,0.0,143.0,559.0,0.0
5339451041,杉並区,35.68020833333334,139.6328125,1121,575,275.0,47.0,55.0,34.0,572.0,321.0,228.0,0.0,243.0,327.0,0.0
5339451042,杉並区,35.68020833333334,139.6359375,1330,712,364.0,64.0,86.0,52.0,711.0,392.0,241.0,36.0,143.0,557.0,0.0
5339451043,杉並区,35.68229166666667,139.6328125,1108,602,295.0,76.0,55.0,37.0,602.0,290.0,254.0,40.0,125.0,475.0,0.0
5339451044,杉並区,35.68229166666667,139.6359375,893,465,236.0,42.0,75.0,46.0,465.0,261.0,164.0,8.0,195.0,257.0,0.0
5339451111,杉並区,35.67604166666667,139.6390625,1252,718,423.0,120.0,73.0,48.0,718.0,258.0,427.0,0.0,244.0,452.0,0.0
5339451112,杉並区,35.67604166666667,139.6421875,999,566,333.0,93.0,42.0,34.0,564.0,157.0,364.0,0.0,124.0,424.0,0.0
5339451113,杉並区,35.678125,139.6390625,1281,883,638.0,171.0,80.0,20.0,877.0,247.0,606.0,0.0,157.0,706.0,0.0
5339451114,杉並区,35.678125,139.6421875,1293,787,500.0,139.0,64.0,40.0,783.0,304.0,436.0,0.0,237.0,529.0,0.0
5339451121,杉並区,35.67604166666667,139.6453125,889,544,340.0,87.0,45.0,29.0,521.0,170.0,329.0,0.0,116.0,392.0,0.0
5339451122,杉並区,35.67604166666667,139.6484375,310,173,94.0,21.0,5.0,16.0,173.0,38.0,115.0,0.0,45.0,118.0,0.0
5339451123,杉並区,35.678125,139.6453125,1199,688,381.0,62.0,80.0,38.0,688.0,362.0,287.0,0.0,236.0,423.0,0.0
5339451124,杉並区,35.678125,139.6484375,1004,460,210.0,33.0,29.0,46.0,459.0,194.0,234.0,0.0,190.0,257.0,0.0
5339451131,杉並区,35.68020833333334,139.6390625,1104,617,325.0,63.0,48.0,59.0,617.0,258.0,308.0,0.0,165.0,447.0,0.0
5339451132,杉並区,35.68020833333334,139.6421875,1094,606,355.0,100.0,49.0,44.0,604.0,238.0,322.0,0.0,224.0,353.0,0.0
5339451133,杉並区,35.68229166666667,139.6390625,238,132,67.0,13.0,16.0,6.0,127.0,74.0,47.0,0.0,71.0,47.0,0.0
5339451134,杉並区,35.68229166666667,139.6421875,410,237,140.0,45.0,17.0,23.0,237.0,54.0,158.0,0.0,49.0,185.0,0.0
5339451141,杉並区,35.68020833333334,139.6453125,1319,748,431.0,82.0,66.0,37.0,746.0,319.0,381.0,0.0,299.0,439.0,0.0
5339451142,杉並区,35.68020833333334,139.6484375,789,406,229.0,48.0,38.0,26.0,405.0,152.0,237.0,0.0,157.0,238.0,0.0
5339451143,杉並区,35.68229166666667,139.6453125,1565,946,577.0,119.0,70.0,45.0,944.0,278.0,617.0,0.0,206.0,730.0,0.0
5339451144,杉並区,35.68229166666667,139.6484375,1053,644,403.0,94.0,34.0,49.0,642.0,107.0,500.0,0.0,76.0,559.0,0.0
5339451211,杉並区,35.67604166666667,139.6515625,1291,665,352.0,70.0,78.0,48.0,658.0,350.0,284.0,0.0,355.0,292.0,0.0
5339451212,杉並区,35.67604166666667,139.65468750000002,1284,758,492.0,131.0,62.0,29.0,754.0,303.0,407.0,0.0,278.0,455.0,0.0
5339451213,杉並区,35.678125,139.6515625,1370,740,410.0,117.0,59.0,38.0,734.0,325.0,377.0,0.0,310.0,396.0,0.0
5339451214,杉並区,35.678125,139.65468750000002,1279,714,411.0,116.0,70.0,42.0,711.0,343.0,333.0,0.0,329.0,357.0,0.0
5339451221,杉並区,35.67604166666667,139.6578125,1723,1213,910.0,291.0,59.0,41.0,1202.0,251.0,923.0,0.0,197.0,989.0,0.0
5339451222,杉並区,35.67604166666667,139.66093750000002,1676,1149,846.0,238.0,102.0,34.0,1147.0,369.0,717.0,0.0,347.0,789.0,0.0
5339451223,杉並区,35.678125,139.6578125,2271,1280,744.0,196.0,103.0,136.0,1267.0,617.0,570.0,0.0,227.0,1033.0,0.0
5339451224,杉並区,35.678125,139.66093750000002,1840,1100,714.0,210.0,91.0,56.0,1100.0,346.0,704.0,12.0,318.0,764.0,0.0
5339451231,杉並区,35.68020833333334,139.6515625,1146,525,223.0,38.0,48.0,53.0,518.0,205.0,289.0,0.0,205.0,311.0,0.0
5339451232,杉並区,35.68020833333334,139.65468750000002,1637,914,510.0,110.0,72.0,76.0,910.0,271.0,429.0,157.0,249.0,659.0,0.0
5339451233,杉並区,35.68229166666667,139.6515625,1382,756,409.0,98.0,55.0,63.0,752.0,282.0,438.0,0.0,198.0,543.0,0.0
5339451234,杉並区,35.68229166666667,139.65468750000002,1705,1088,714.0,168.0,116.0,40.0,1086.0,347.0,677.0,2.0,180.0,896.0,0.0
5339451241,杉並区,35.68020833333334,139.6578125,1270,831,572.0,127.0,94.0,37.0,828.0,296.0,450.0,44.0,104.0,718.0,0.0
5339451242,杉並区,35.68020833333334,139.66093750000002,1860,1139,735.0,226.0,78.0,64.0,994.0,381.0,553.0,0.0,232.0,738.0,0.0
5339451243,杉並区,35.68229166666667,139.6578125,2564,1423,740.0,117.0,141.0,168.0,1417.0,718.0,639.0,0.0,87.0,1314.0,0.0
5339451244,中野区,35.68229166666667,139.66093750000002,1403,849,515.0,122.0,71.0,29.0,846.0,260.0,527.0,22.0,143.0,696.0,0.0
5339451311,渋谷区,35.67604166666667,139.6640625,1847,1163,766.0,153.0,115.0,68.0,1150.0,291.0,747.0,66.0,238.0,891.0,0.0
5339451312,渋谷区,35.67604166666667,139.6671875,1778,1255,919.0,148.0,157.0,45.0,1252.0,192.0,870.0,136.0,125.0,1109.0,91.0
5339451313,杉並区,35.678125,139.6640625,1965,1153,691.0,167.0,93.0,61.0,1149.0,455.0,622.0,40.0,297.0,844.0,0.0
5339451314,渋谷区,35.678125,139.6671875,1543,988,667.0,130.0,92.0,30.0,987.0,315.0,626.0,0.0,284.0,697.0,0.0
5339451321,渋谷区,35.67604166666667,139.6703125,2103,1523,1139.0,220.0,120.0,43.0,1522.0,417.0,1009.0,32.0,69.0,1453.0,175.0
5339451322,渋谷区,35.67604166666667,139.6734375,2722,1914,1419.0,279.0,169.0,74.0,1908.0,455.0,1309.0,37.0,97.0,1807.0,0.0
5339451323,渋谷区,35.678125,139.6703125,1936,1125,614.0,76.0,118.0,86.0,1124.0,486.0,459.0,143.0,81.0,1040.0,0.0
5339451324,渋谷区,35.678125,139.6734375,1963,1109,636.0,97.0,139.0,76.0,1107.0,477.0,461.0,132.0,146.0,961.0,0.0
5339451331,中野区,35.68020833333334,139.6640625,1579,836,424.0,80.0,97.0,57.0,831.0,374.0,315.0,105.0,305.0,520.0,0.0
5339451332,中野区,35.68020833333334,139.6671875,1538,845,472.0,99.0,93.0,54.0,844.0,324.0,452.0,40.0,306.0,520.0,0.0
5339451333,中野区,35.68229166666667,139.6640625,1806,1079,693.0,163.0,92.0,71.0,1076.0,384.0,660.0,0.0,212.0,857.0,0.0
5339451334,中野区,35.68229166666667,139.6671875,1549,888,524.0,94.0,106.0,44.0,887.0,424.0,435.0,0.0,301.0,573.0,0.0
5339451341,渋谷区,35.68020833333334,139.6703125,2226,1265,717.0,158.0,95.0,120.0,1260.0,547.0,649.0,0.0,227.0,1031.0,88.0
5339451342,渋谷区,35.68020833333334,139.6734375,1959,1125,668.0,120.0,134.0,75.0,1118.0,423.0,582.0,67.0,316.0,798.0,0.0
5339451343,中野区,35.68229166666667,139.6703125,2016,1239,785.0,165.0,105.0,68.0,1237.0,389.0,775.0,28.0,303.0,926.0,0.0
5339451344,渋谷区,35.68229166666667,139.6734375,1970,1169,723.0,130.0,133.0,60.0,1135.0,488.0,581.0,25.0,337.0,786.0,0.0
5339451411,渋谷区,35.67604166666667,139.67656250000002,1942,1268,854.0,120.0,169.0,87.0,1261.0,493.0,683.0,20.0,105.0,1136.0,11.0
5339451412,渋谷区,35.67604166666667,139.67968750000003,1110,749,528.0,89.0,71.0,29.0,733.0,169.0,523.0,11.0,130.0,595.0,0.0
5339451413,渋谷区,35.678125,139.67656250000002,1773,1096,766.0,144.0,87.0,45.0,1092.0,213.0,845.0,0.0,165.0,922.0,174.0
5339451414,渋谷区,35.678125,139.67968750000003,1855,1291,963.0,173.0,105.0,51.0,1280.0,257.0,887.0,73.0,128.0,1141.0,0.0
5339451421,渋谷区,35.67604166666667,139.6828125,1262,649,344.0,33.0,110.0,45.0,623.0,283.0,224.0,85.0,72.0,548.0,0.0
5339451422,渋谷区,35.67604166666667,139.68593750000002,1817,925,461.0,80.0,76.0,89.0,901.0,494.0,381.0,0.0,113.0,783.0,0.0
5339451423,渋谷区,35.678125,139.6828125,1915,1091,664.0,128.0,90.0,81.0,1089.0,462.0,551.0,0.0,150.0,933.0,2.0
5339451424,渋谷区,35.678125,139.68593750000002,1691,997,609.0,115.0,64.0,64.0,996.0,417.0,522.0,0.0,217.0,757.0,0.0
5339451431,渋谷区,35.68020833333334,139.67656250000002,1914,1257,885.0,139.0,146.0,35.0,1241.0,346.0,733.0,109.0,224.0,1013.0,0.0
5339451432,渋谷区,35.68020833333334,139.67968750000003,1869,1202,812.0,131.0,109.0,49.0,1194.0,367.0,707.0,46.0,197.0,988.0,0.0
5339451433,渋谷区,35.68229166666667,139.67656250000002,2229,1466,1022.0,196.0,118.0,56.0,1454.0,451.0,945.0,0.0,294.0,1153.0,0.0
5339451434,渋谷区,35.68229166666667,139.67968750000003,2171,1433,1010.0,229.0,138.0,58.0,1430.0,341.0,1023.0,0.0,246.0,1177.0,0.0
5339451441,渋谷区,35.68020833333334,139.6828125,1790,1221,863.0,171.0,82.0,54.0,1218.0,345.0,819.0,0.0,144.0,1061.0,133.0
5339451442,渋谷区,35.68020833333334,139.68593750000002,1416,899,599.0,98.0,73.0,44.0,892.0,415.0,390.0,0.0,75.0,817.0,0.0
5339451443,渋谷区,35.68229166666667,139.6828125,1995,1313,928.0,211.0,114.0,62.0,1293.0,359.0,824.0,7.0,279.0,1004.0,0.0
5339451444,渋谷区,35.68229166666667,139.68593750000002,695,471,331.0,52.0,29.0,22.0,469.0,159.0,288.0,0.0,33.0,433.0,0.0
5339451511,渋谷区,35.67604166666667,139.6890625,1551,816,404.0,56.0,70.0,80.0,811.0,474.0,288.0,0.0,161.0,648.0,0.0
5339451512,渋谷区,35.67604166666667,139.69218750000002,941,492,261.0,35.0,33.0,52.0,490.0,215.0,260.0,0.0,86.0,400.0,0.0
5339451513,渋谷区,35.678125,139.6890625,1625,916,536.0,103.0,75.0,59.0,911.0,382.0,486.0,0.0,137.0,758.0,0.0
5339451514,渋谷区,35.678125,139.69218750000002,1445,846,502.0,55.0,54.0,67.0,845.0,406.0,405.0,0.0,150.0,689.0,0.0
5339451521,渋谷区,35.67604166666667,139.6953125,22,9,2.0,0.0,0.0,0.0,9.0,0.0,9.0,0.0,0.0,9.0,0.0
5339451523,渋谷区,35.678125,139.6953125,56,25,10.0,0.0,1.0,7.0,25.0,0.0,25.0,0.0,0.0,25.0,0.0
5339451531,渋谷区,35.68020833333334,139.6890625,1927,1187,770.0,136.0,63.0,65.0,1150.0,338.0,678.0,0.0,146.0,993.0,0.0
5339451532,渋谷区,35.68020833333334,139.69218750000002,1985,1132,628.0,93.0,112.0,103.0,1127.0,560.0,507.0,0.0,171.0,943.0,0.0
5339451533,渋谷区,35.68229166666667,139.6890625,1034,604,359.0,33.0,53.0,42.0,599.0,266.0,277.0,0.0,37.0,555.0,0.0
5339451534,渋谷区,35.68229166666667,139.69218750000002,2103,1232,746.0,90.0,84.0,108.0,1229.0,498.0,608.0,0.0,37.0,1186.0,45.0
5339451541,渋谷区,35.68020833333334,139.6953125,641,376,223.0,34.0,27.0,19.0,375.0,191.0,172.0,0.0,47.0,326.0,0.0
5339451542,渋谷区,35.68020833333334,139.6984375,304,233,190.0,37.0,11.0,4.0,232.0,56.0,172.0,0.0,16.0,214.0,0.0
5339451543,渋谷区,35.68229166666667,139.6953125,1513,961,636.0,95.0,85.0,61.0,941.0,335.0,553.0,16.0,128.0,793.0,0.0
5339451544,渋谷区,35.68229166666667,139.6984375,1512,988,678.0,128.0,75.0,41.0,982.0,247.0,695.0,0.0,127.0,844.0,4.0
5339451612,渋谷区,35.67604166666667,139.7046875,1008,649,428.0,29.0,52.0,30.0,639.0,165.0,448.0,0.0,24.0,613.0,0.0
5339451613,渋谷区,35.678125,139.7015625,5,1,,,,,,,,,,,
5339451614,渋谷区,35.678125,139.7046875,945,683,531.0,81.0,40.0,29.0,682.0,124.0,530.0,0.0,30.0,651.0,60.0
5339451621,渋谷区,35.67604166666667,139.7078125,924,570,363.0,52.0,42.0,39.0,561.0,160.0,379.0,0.0,79.0,480.0,0.0
5339451622,渋谷区,35.67604166666667,139.7109375,883,596,428.0,56.0,52.0,22.0,596.0,195.0,375.0,0.0,83.0,503.0,0.0
5339451623,渋谷区,35.678125,139.7078125,1380,789,470.0,58.0,47.0,65.0,786.0,242.0,448.0,0.0,130.0,647.0,0.0
5339451624,渋谷区,35.678125,139.7109375,813,441,242.0,17.0,43.0,37.0,438.0,123.0,296.0,0.0,49.0,385.0,0.0
5339451631,渋谷区,35.68020833333334,139.7015625,653,455,338.0,83.0,19.0,17.0,454.0,67.0,335.0,0.0,57.0,394.0,0.0
5339451632,渋谷区,35.68020833333334,139.7046875,949,697,521.0,71.0,45.0,25.0,691.0,171.0,500.0,0.0,12.0,678.0,0.0
5339451633,渋谷区,35.68229166666667,139.7015625,601,427,327.0,43.0,21.0,22.0,423.0,92.0,321.0,0.0,48.0,369.0,79.0
5339451634,渋谷区,35.68229166666667,139.7046875,837,571,411.0,72.0,54.0,19.0,568.0,262.0,279.0,7.0,80.0,487.0,0.0
5339451641,渋谷区,35.68020833333334,139.7078125,939,547,311.0,35.0,48.0,34.0,543.0,170.0,346.0,0.0,56.0,482.0,0.0
5339451642,渋谷区,35.68020833333334,139.7109375,201,100,57.0,7.0,9.0,10.0,103.0,33.0,65.0,0.0,8.0,94.0,0.0
5339451643,渋谷区,35.68229166666667,139.7078125,758,477,320.0,48.0,36.0,30.0,469.0,172.0,256.0,0.0,59.0,406.0,0.0
5339451644,渋谷区,35.68229166666667,139.7109375,9,5,,,,,,,,,,,
5339451713,新宿区,35.678125,139.7140625,5,1,,,,,,,,,,,
5339451721,港区,35.67604166666667,139.7203125,154,74,29.0,0.0,16.0,6.0,74.0,0.0,0.0,74.0,0.0,73.0,0.0
5339451723,港区,35.678125,139.7203125,53,31,20.0,4.0,4.0,2.0,31.0,8.0,22.0,0.0,8.0,23.0,0.0
5339451724,港区,35.678125,139.72343750000002,82,43,21.0,0.0,7.0,2.0,43.0,35.0,8.0,0.0,0.0,43.0,0.0
5339451731,渋谷区,35.68020833333334,139.7140625,124,99,77.0,24.0,1.0,1.0,100.0,3.0,93.0,0.0,3.0,97.0,0.0
5339451733,新宿区,35.68229166666667,139.7140625,477,331,235.0,57.0,20.0,9.0,331.0,140.0,141.0,0.0,3.0,328.0,0.0
5339451734,新宿区,35.68229166666667,139.71718750000002,457,279,198.0,88.0,9.0,16.0,207.0,44.0,57.0,0.0,23.0,182.0,0.0
5339451741,新宿区,35.68020833333334,139.7203125,216,186,171.0,55.0,9.0,3.0,176.0,16.0,144.0,0.0,5.0,168.0,0.0
5339451742,新宿区,35.68020833333334,139.72343750000002,970,526,291.0,34.0,61.0,34.0,524.0,318.0,175.0,0.0,87.0,430.0,0.0
5339451743,新宿区,35.68229166666667,139.7203125,226,141,88.0,4.0,16.0,5.0,132.0,43.0,60.0,0.0,34.0,94.0,0.0
5339451744,新宿区,35.68229166666667,139.72343750000002,1802,1048,622.0,116.0,124.0,59.0,1027.0,508.0,402.0,15.0,176.0,839.0,0.0
5339451821,港区,35.67604166666667,139.7328125,204,132,90.0,25.0,6.0,9.0,127.0,24.0,66.0,0.0,7.0,114.0,7.0
5339451822,港区,35.67604166666667,139.7359375,262,181,130.0,31.0,13.0,7.0,181.0,67.0,105.0,0.0,21.0,152.0,0.0
5339451823,港区,35.678125,139.7328125,491,282,177.0,55.0,16.0,12.0,250.0,74.0,63.0,0.0,7.0,240.0,7.0
5339451824,港区,35.678125,139.7359375,33,26,20.0,0.0,4.0,1.0,26.0,11.0,14.0,0.0,2.0,21.0,13.0
5339451831,新宿区,35.68020833333334,139.7265625,423,219,101.0,25.0,11.0,27.0,203.0,134.0,50.0,0.0,8.0,195.0,0.0
5339451832,港区,35.68020833333334,139.7296875,4,2,,,,,,,,,,,
5339451833,新宿区,35.68229166666667,139.7265625,786,396,180.0,14.0,34.0,33.0,396.0,211.0,167.0,0.0,52.0,343.0,0.0
5339451842,千代田区,35.68020833333334,139.7359375,71,45,29.0,3.0,3.0,3.0,38.0,1.0,6.0,0.0,1.0,36.0,4.0
5339451843,千代田区,35.68229166666667,139.7328125,34,34,34.0,0.0,22.0,0.0,0.0,0.0,0.0,0.0,0.0,0.0,0.0
5339451844,千代田区,35.68229166666667,139.7359375,362,199,108.0,11.0,16.0,23.0,185.0,67.0,35.0,0.0,2.0,180.0,69.0
5339451911,千代田区,35.67604166666667,139.73906250000002,267,172,118.0,55.0,7.0,8.0,172.0,25.0,84.0,0.0,0.0,172.0,69.0
5339451912,千代田区,35.67604166666667,139.74218750000003,77,42,17.0,1.0,7.0,1.0,42.0,35.0,6.0,0.0,5.0,37.0,0.0
5339451913,千代田区,35.678125,139.73906250000002,197,114,70.0,16.0,5.0,9.0,123.0,48.0,49.0,0.0,0.0,123.0,4.0
5339451914,千代田区,35.678125,139.74218750000003,11,9,,,,,,,,,,,
5339451931,千代田区,35.68020833333334,139.73906250000002,504,243,94.0,14.0,11.0,42.0,241.0,38.0,178.0,0.0,2.0,239.0,229.0
5339451932,千代田区,35.68020833333334,139.74218750000003,344,187,99.0,18.0,25.0,10.0,158.0,107.0,38.0,0.0,7.0,148.0,93.0
5339451933,千代田区,35.68229166666667,139.73906250000002,828,494,295.0,64.0,46.0,38.0,480.0,154.0,301.0,0.0,6.0,467.0,60.0
5339451934,千代田区,35.68229166666667,139.74218750000003,1009,643,448.0,195.0,66.0,31.0,618.0,258.0,98.0,0.0,38.0,568.0,250.0
5339452011,杉並区,35.684375,139.6265625,1047,576,312.0,81.0,31.0,57.0,574.0,135.0,410.0,0.0,79.0,489.0,0.0
5339452012,杉並区,35.684375,139.62968750000002,1017,555,300.0,50.0,73.0,37.0,553.0,173.0,303.0,50.0,106.0,439.0,0.0
5339452013,杉並区,35.686458333333334,139.6265625,1382,701,338.0,47.0,89.0,43.0,653.0,441.0,187.0,0.0,146.0,493.0,0.0
5339452014,杉並区,35.686458333333334,139.62968750000002,1064,500,190.0,23.0,54.0,29.0,498.0,329.0,124.0,0.0,244.0,228.0,0.0
5339452021,杉並区,35.684375,139.6328125,1128,518,210.0,54.0,49.0,53.0,511.0,258.0,229.0,0.0,177.0,307.0,0.0
5339452022,杉並区,35.684375,139.6359375,993,492,224.0,50.0,45.0,29.0,490.0,300.0,174.0,0.0,278.0,195.0,0.0
5339452023,杉並区,35.686458333333334,139.6328125,734,326,117.0,11.0,34.0,40.0,316.0,180.0,127.0,0.0,187.0,126.0,0.0
5339452024,杉並区,35.686458333333334,139.6359375,648,267,86.0,23.0,22.0,45.0,266.0,164.0,92.0,3.0,126.0,134.0,0.0
5339452031,杉並区,35.68854166666667,139.6265625,769,359,151.0,31.0,39.0,50.0,343.0,192.0,125.0,0.0,178.0,157.0,0.0
5339452032,杉並区,35.68854166666667,139.62968750000002,804,350,127.0,25.0,28.0,31.0,346.0,198.0,139.0,0.0,210.0,132.0,0.0
5339452033,杉並区,35.690625000000004,139.6265625,592,305,156.0,29.0,41.0,26.0,305.0,141.0,156.0,0.0,149.0,145.0,0.0
5339452034,杉並区,35.690625000000004,139.62968750000002,984,456,198.0,30.0,42.0,42.0,454.0,200.0,239.0,0.0,220.0,228.0,0.0
5339452041,杉並区,35.68854166666667,139.6328125,492,224,86.0,15.0,15.0,24.0,223.0,118.0,100.0,0.0,114.0,103.0,0.0
5339452042,杉並区,35.68854166666667,139.6359375,1285,547,175.0,20.0,61.0,69.0,545.0,336.0,162.0,21.0,303.0,239.0,0.0
5339452043,杉並区,35.690625000000004,139.6328125,745,298,78.0,8.0,26.0,38.0,298.0,218.0,68.0,0.0,90.0,197.0,0.0
5339452044,杉並区,35.690625000000004,139.6359375,1292,642,321.0,85.0,72.0,57.0,638.0,314.0,268.0,14.0,305.0,322.0,0.0
5339452111,杉並区,35.684375,139.6390625,28,16,10.0,2.0,1.0,0.0,16.0,8.0,8.0,0.0,8.0,8.0,0.0
5339452112,杉並区,35.684375,139.6421875,21,7,1.0,0.0,0.0,4.0,7.0,2.0,5.0,0.0,3.0,4.0,0.0
5339452113,杉並区,35.686458333333334,139.6390625,285,141,65.0,2.0,18.0,9.0,133.0,89.0,23.0,0.0,96.0,37.0,0.0
5339452114,杉並区,35.686458333333334,139.6421875,394,207,117.0,24.0,9.0,21.0,202.0,53.0,144.0,0.0,55.0,146.0,0.0
5339452121,杉並区,35.684375,139.6453125,857,472,252.0,45.0,52.0,27.0,471.0,203.0,250.0,0.0,198.0,249.0,0.0
5339452122,杉並区,35.684375,139.6484375,394,221,125.0,38.0,13.0,13.0,221.0,66.0,147.0,0.0,61.0,157.0,0.0
5339452123,杉並区,35.686458333333334,139.6453125,301,138,56.0,5.0,15.0,13.0,138.0,74.0,59.0,0.0,74.0,45.0,0.0
5339452124,杉並区,35.686458333333334,139.6484375,287,137,53.0,4.0,21.0,9.0,137.0,101.0,33.0,0.0,105.0,29.0,0.0
5339452131,杉並区,35.68854166666667,139.6390625,1238,598,261.0,23.0,97.0,38.0,597.0,400.0,168.0,0.0,367.0,218.0,0.0
5339452132,杉並区,35.68854166666667,139.6421875,852,408,192.0,24.0,45.0,56.0,408.0,103.0,158.0,0.0,112.0,289.0,0.0
5339452133,杉並区,35.690625000000004,139.6390625,1133,550,246.0,40.0,79.0,44.0,549.0,317.0,206.0,14.0,321.0,216.0,0.0
5339452134,杉並区,35.690625000000004,139.6421875,1106,592,312.0,63.0,73.0,33.0,590.0,238.0,273.0,40.0,258.0,316.0,0.0
5339452141,杉並区,35.68854166666667,139.6453125,322,167,92.0,7.0,27.0,10.0,167.0,94.0,63.0,0.0,96.0,65.0,0.0
5339452142,杉並区,35.68854166666667,139.6484375,461,215,97.0,19.0,24.0,31.0,213.0,118.0,70.0,0.0,126.0,87.0,0.0
5339452143,杉並区,35.690625000000004,139.6453125,882,445,218.0,33.0,57.0,36.0,443.0,201.0,200.0,27.0,170.0,269.0,0.0
5339452144,杉並区,35.690625000000004,139.6484375,1079,632,406.0,93.0,71.0,36.0,632.0,215.0,329.0,54.0,205.0,422.0,0.0
5339452211,杉並区,35.684375,139.6515625,1195,600,306.0,61.0,93.0,53.0,595.0,388.0,196.0,0.0,104.0,491.0,0.0
5339452212,杉並区,35.684375,139.65468750000002,1857,1161,745.0,152.0,131.0,55.0,1158.0,441.0,647.0,0.0,135.0,1021.0,0.0
5339452213,杉並区,35.686458333333334,139.6515625,974,444,159.0,30.0,58.0,44.0,443.0,296.0,94.0,0.0,149.0,293.0,0.0
5339452214,杉並区,35.686458333333334,139.65468750000002,1466,870,528.0,150.0,93.0,45.0,839.0,398.0,400.0,0.0,148.0,689.0,0.0
5339452221,杉並区,35.684375,139.6578125,1695,1169,848.0,218.0,132.0,36.0,1138.0,367.0,674.0,53.0,168.0,964.0,0.0
5339452222,中野区,35.684375,139.66093750000002,1179,732,456.0,91.0,86.0,32.0,725.0,290.0,401.0,0.0,146.0,574.0,0.0
5339452223,杉並区,35.686458333333334,139.6578125,486,316,221.0,45.0,24.0,19.0,315.0,79.0,229.0,0.0,60.0,253.0,0.0
5339452224,中野区,35.686458333333334,139.66093750000002,1517,805,391.0,27.0,172.0,80.0,804.0,180.0,136.0,482.0,61.0,740.0,0.0
5339452231,杉並区,35.68854166666667,139.6515625,1597,859,468.0,104.0,87.0,64.0,851.0,369.0,435.0,0.0,326.0,515.0,0.0
5339452232,杉並区,35.68854166666667,139.65468750000002,2160,1201,660.0,149.0,123.0,84.0,1198.0,642.0,515.0,0.0,162.0,1026.0,208.0
5339452233,杉並区,35.690625000000004,139.6515625,1774,946,504.0,114.0,103.0,58.0,942.0,474.0,406.0,13.0,394.0,541.0,0.0
5339452234,杉並区,35.690625000000004,139.65468750000002,2023,1230,847.0,254.0,76.0,74.0,1224.0,388.0,768.0,0.0,127.0,1093.0,0.0
5339452241,杉並区,35.68854166666667,139.6578125,148,88,54.0,8.0,20.0,2.0,86.0,46.0,32.0,0.0,43.0,41.0,0.0
5339452242,杉並区,35.68854166666667,139.66093750000002,996,576,343.0,75.0,71.0,30.0,575.0,215.0,338.0,0.0,93.0,480.0,0.0
5339452243,杉並区,35.690625000000004,139.6578125,813,474,294.0,71.0,47.0,27.0,466.0,176.0,235.0,0.0,159.0,284.0,0.0
5339452244,杉並区,35.690625000000004,139.66093750000002,1264,702,514.0,198.0,51.0,14.0,602.0,172.0,346.0,0.0,138.0,438.0,0.0
5339452311,中野区,35.684375,139.6640625,887,546,341.0,101.0,41.0,31.0,471.0,142.0,285.0,29.0,89.0,381.0,0.0
5339452312,中野区,35.684375,139.6671875,1880,1005,562.0,107.0,103.0,65.0,1002.0,430.0,539.0,15.0,316.0,680.0,0.0
5339452313,中野区,35.686458333333334,139.6640625,498,269,119.0,18.0,31.0,31.0,267.0,23.0,69.0,174.0,21.0,243.0,0.0
5339452314,中野区,35.686458333333334,139.6671875,2070,1102,548.0,114.0,93.0,103.0,1100.0,411.0,514.0,120.0,136.0,960.0,50.0
5339452321,中野区,35.684375,139.6703125,2103,1169,650.0,106.0,152.0,45.0,1144.0,486.0,561.0,56.0,316.0,824.0,0.0
5339452322,中野区,35.684375,139.6734375,983,611,395.0,122.0,69.0,30.0,545.0,196.0,318.0,0.0,158.0,382.0,0.0
5339452323,中野区,35.686458333333334,139.6703125,1965,1186,709.0,128.0,110.0,55.0,1175.0,524.0,572.0,0.0,162.0,1009.0,78.0
5339452324,中野区,35.686458333333334,139.6734375,1098,665,424.0,104.0,58.0,40.0,657.0,244.0,387.0,0.0,138.0,515.0,0.0
5339452331,中野区,35.68854166666667,139.6640625,1393,747,465.0,79.0,66.0,44.0,729.0,248.0,456.0,8.0,95.0,633.0,0.0
5339452332,中野区,35.68854166666667,139.6671875,1517,833,474.0,97.0,80.0,37.0,829.0,327.0,472.0,2.0,235.0,589.0,0.0
5339452333,杉並区,35.690625000000004,139.6640625,955,572,364.0,82.0,49.0,29.0,537.0,201.0,292.0,0.0,89.0,445.0,0.0
5339452334,中野区,35.690625000000004,139.6671875,932,549,330.0,72.0,53.0,41.0,543.0,195.0,293.0,23.0,58.0,485.0,0.0
5339452341,中野区,35.68854166666667,139.6703125,1462,810,437.0,79.0,84.0,60.0,809.0,342.0,428.0,0.0,151.0,650.0,75.0
5339452342,中野区,35.68854166666667,139.6734375,1692,1084,735.0,151.0,121.0,27.0,1081.0,338.0,701.0,0.0,239.0,834.0,0.0
5339452343,中野区,35.690625000000004,139.6703125,1594,1041,696.0,166.0,116.0,53.0,1028.0,191.0,670.0,132.0,56.0,971.0,7.0
5339452344,中野区,35.690625000000004,139.6734375,2098,1413,1020.0,207.0,121.0,52.0,1404.0,315.0,1011.0,20.0,193.0,1205.0,0.0
5339452411,渋谷区,35.684375,139.67656250000002,2175,1258,783.0,164.0,101.0,71.0,1246.0,457.0,726.0,0.0,357.0,864.0,0.0
5339452412,渋谷区,35.684375,139.67968750000003,1852,1121,697.0,131.0,148.0,40.0,1118.0,417.0,633.0,0.0,317.0,783.0,0.0
5339452413,渋谷区,35.686458333333334,139.67656250000002,2325,1403,879.0,187.0,103.0,72.0,1398.0,479.0,876.0,0.0,282.0,1111.0,0.0
5339452414,渋谷区,35.686458333333334,139.67968750000003,2097,1313,894.0,174.0,131.0,55.0,1306.0,409.0,836.0,0.0,294.0,1006.0,0.0
5339452421,渋谷区,35.684375,139.6828125,1994,1281,869.0,173.0,134.0,53.0,1277.0,401.0,802.0,0.0,283.0,987.0,0.0
5339452422,新宿区,35.684375,139.68593750000002,1326,851,558.0,100.0,67.0,43.0,848.0,296.0,499.0,0.0,72.0,769.0,0.0
5339452423,渋谷区,35.686458333333334,139.6828125,1983,1185,705.0,134.0,90.0,91.0,1173.0,538.0,572.0,0.0,157.0,1000.0,0.0
5339452424,新宿区,35.686458333333334,139.68593750000002,1628,1128,828.0,178.0,58.0,43.0,1106.0,385.0,630.0,0.0,94.0,1006.0,142.0
5339452431,中野区,35.68854166666667,139.67656250000002,1962,1166,700.0,146.0,103.0,67.0,1165.0,401.0,702.0,9.0,217.0,942.0,0.0
5339452432,渋谷区,35.68854166666667,139.67968750000003,2409,1498,979.0,200.0,110.0,106.0,1480.0,318.0,934.0,11.0,254.0,1209.0,0.0
5339452433,中野区,35.690625000000004,139.67656250000002,1942,1261,847.0,167.0,146.0,46.0,1249.0,360.0,831.0,5.0,245.0,992.0,0.0
5339452434,中野区,35.690625000000004,139.67968750000003,2018,1405,1013.0,235.0,83.0,34.0,1393.0,325.0,1005.0,0.0,232.0,1151.0,0.0
5339452441,渋谷区,35.68854166666667,139.6828125,2095,1407,1064.0,241.0,78.0,59.0,1384.0,481.0,835.0,8.0,107.0,1267.0,9.0
5339452442,新宿区,35.68854166666667,139.68593750000002,2071,1531,1195.0,270.0,116.0,42.0,1525.0,432.0,1022.0,0.0,222.0,1289.0,0.0
5339452443,渋谷区,35.690625000000004,139.6828125,1848,1222,850.0,148.0,120.0,39.0,1221.0,386.0,786.0,3.0,235.0,985.0,105.0
5339452444,新宿区,35.690625000000004,139.68593750000002,2453,1815,1439.0,212.0,143.0,57.0,1812.0,693.0,1022.0,0.0,172.0,1633.0,393.0
5339452511,新宿区,35.684375,139.6890625,1498,1092,836.0,205.0,64.0,43.0,1082.0,239.0,802.0,0.0,55.0,1017.0,429.0
5339452512,渋谷区,35.684375,139.69218750000002,673,433,300.0,42.0,43.0,17.0,432.0,78.0,267.0,71.0,27.0,405.0,0.0
5339452513,新宿区,35.686458333333334,139.6890625,973,737,578.0,219.0,45.0,16.0,737.0,104.0,432.0,46.0,21.0,714.0,54.0
5339452514,新宿区,35.686458333333334,139.69218750000002,631,487,387.0,86.0,32.0,8.0,487.0,144.0,322.0,0.0,6.0,481.0,215.0
5339452521,渋谷区,35.684375,139.6953125,1605,1058,724.0,138.0,66.0,49.0,1045.0,356.0,623.0,0.0,152.0,871.0,0.0
5339452522,渋谷区,35.684375,139.6984375,1530,985,666.0,98.0,95.0,56.0,980.0,430.0,492.0,0.0,101.0,876.0,68.0
5339452523,渋谷区,35.686458333333334,139.6953125,381,276,215.0,40.0,11.0,7.0,273.0,77.0,174.0,0.0,10.0,261.0,0.0
5339452524,渋谷区,35.686458333333334,139.6984375,551,387,314.0,47.0,43.0,9.0,383.0,153.0,208.0,0.0,7.0,375.0,103.0
5339452531,新宿区,35.68854166666667,139.6890625,978,698,509.0,65.0,82.0,32.0,696.0,370.0,310.0,0.0,10.0,685.0,0.0
5339452532,新宿区,35.68854166666667,139.69218750000002,53,0,,,,,,,,,,,
5339452533,新宿区,35.690625000000004,139.6890625,246,177,134.0,32.0,14.0,7.0,176.0,63.0,103.0,0.0,6.0,169.0,1.0
5339452534,新宿区,35.690625000000004,139.69218750000002,3,0,,,,,,,,,,,
5339452541,新宿区,35.68854166666667,139.6953125,3,2,,,,,,,,,,,
5339452542,新宿区,35.68854166666667,139.6984375,52,40,36.0,0.0,7.0,0.0,46.0,21.0,14.0,0.0,0.0,27.0,0.0
5339452543,新宿区,35.690625000000004,139.6953125,2,2,,,,,,,,,,,
5339452544,新宿区,35.690625000000004,139.6984375,5,2,,,,,,,,,,,
5339452611,渋谷区,35.684375,139.7015625,423,274,179.0,16.0,23.0,15.0,273.0,132.0,128.0,0.0,22.0,244.0,66.0
5339452612,渋谷区,35.684375,139.7046875,976,625,400.0,39.0,56.0,36.0,620.0,340.0,237.0,15.0,46.0,574.0,92.0
5339452613,渋谷区,35.686458333333334,139.7015625,4,1,,,,,,,,,,,
5339452614,渋谷区,35.686458333333334,139.7046875,206,167,144.0,28.0,8.0,3.0,167.0,38.0,125.0,0.0,6.0,161.0,0.0
5339452631,渋谷区,35.68854166666667,139.7015625,20,17,16.0,0.0,2.0,0.0,17.0,12.0,4.0,0.0,2.0,14.0,0.0
5339452632,新宿区,35.68854166666667,139.7046875,283,178,145.0,15.0,41.0,5.0,178.0,86.0,69.0,0.0,12.0,160.0,0.0
5339452633,新宿区,35.690625000000004,139.7015625,16,10,7.0,0.0,1.0,0.0,10.0,5.0,4.0,0.0,1.0,0.0,0.0
5339452634,新宿区,35.690625000000004,139.7046875,9,7,,,,,,,,,,,
5339452641,新宿区,35.68854166666667,139.7078125,380,290,230.0,25.0,50.0,6.0,285.0,115.0,165.0,0.0,8.0,274.0,0.0
5339452642,新宿区,35.68854166666667,139.7109375,1008,758,588.0,93.0,50.0,16.0,755.0,234.0,500.0,0.0,20.0,725.0,142.0
5339452643,新宿区,35.690625000000004,139.7078125,440,357,323.0,46.0,18.0,2.0,356.0,91.0,253.0,0.0,8.0,342.0,149.0
5339452644,新宿区,35.690625000000004,139.7109375,1757,1364,1105.0,155.0,114.0,23.0,1360.0,356.0,935.0,22.0,17.0,1329.0,265.0
5339452711,新宿区,35.684375,139.7140625,219,109,48.0,0.0,9.0,11.0,109.0,57.0,47.0,0.0,33.0,76.0,0.0
5339452712,新宿区,35.684375,139.71718750000002,1964,1204,774.0,165.0,110.0,84.0,1188.0,492.0,613.0,0.0,170.0,999.0,0.0
5339452713,新宿区,35.686458333333334,139.7140625,553,311,164.0,7.0,30.0,24.0,311.0,236.0,69.0,2.0,20.0,288.0,0.0
5339452714,新宿区,35.686458333333334,139.71718750000002,1783,1120,740.0,138.0,96.0,64.0,1117.0,399.0,614.0,17.0,98.0,1011.0,0.0
5339452721,新宿区,35.684375,139.7203125,1463,954,638.0,119.0,81.0,50.0,948.0,351.0,508.0,0.0,148.0,792.0,150.0
5339452722,新宿区,35.684375,139.72343750000002,1416,806,469.0,71.0,104.0,62.0,803.0,418.0,348.0,0.0,186.0,600.0,0.0
5339452723,新宿区,35.686458333333334,139.7203125,1312,816,550.0,83.0,65.0,31.0,809.0,210.0,544.0,0.0,108.0,690.0,30.0
5339452724,新宿区,35.686458333333334,139.72343750000002,1053,646,410.0,67.0,68.0,29.0,645.0,276.0,310.0,0.0,209.0,425.0,0.0
5339452731,新宿区,35.68854166666667,139.7140625,1354,981,749.0,116.0,113.0,28.0,972.0,496.0,456.0,0.0,16.0,942.0,0.0
5339452732,新宿区,35.68854166666667,139.71718750000002,1562,948,594.0,63.0,72.0,76.0,939.0,416.0,477.0,0.0,66.0,870.0,451.0
5339452733,新宿区,35.690625000000004,139.7140625,2127,1619,1312.0,204.0,152.0,50.0,1613.0,466.0,996.0,0.0,14.0,1597.0,222.0
5339452734,新宿区,35.690625000000004,139.71718750000002,1815,1250,910.0,185.0,139.0,41.0,1199.0,512.0,614.0,0.0,136.0,1040.0,47.0
5339452741,新宿区,35.68854166666667,139.7203125,1507,1098,838.0,154.0,108.0,44.0,1092.0,424.0,627.0,11.0,60.0,1011.0,149.0
5339452742,新宿区,35.68854166666667,139.72343750000002,1415,931,630.0,114.0,59.0,59.0,930.0,384.0,491.0,0.0,63.0,855.0,0.0
5339452743,新宿区,35.690625000000004,139.7203125,1219,741,460.0,62.0,91.0,40.0,740.0,320.0,394.0,0.0,182.0,549.0,9.0
5339452744,新宿区,35.690625000000004,139.72343750000002,1905,1250,886.0,145.0,132.0,64.0,1243.0,483.0,680.0,0.0,150.0,1085.0,28.0
5339452811,新宿区,35.684375,139.7265625,1306,780,470.0,71.0,90.0,34.0,775.0,362.0,374.0,0.0,200.0,562.0,0.0
5339452812,新宿区,35.684375,139.7296875,29,8,4.0,0.0,1.0,1.0,7.0,5.0,2.0,0.0,5.0,2.0,0.0
5339452813,新宿区,35.686458333333334,139.7265625,789,452,263.0,33.0,51.0,21.0,448.0,264.0,160.0,0.0,121.0,306.0,0.0
5339452814,新宿区,35.686458333333334,139.7296875,108,69,46.0,9.0,6.0,1.0,69.0,50.0,17.0,0.0,13.0,53.0,0.0
5339452821,千代田区,35.684375,139.7328125,178,111,73.0,18.0,12.0,10.0,100.0,32.0,61.0,0.0,4.0,90.0,6.0
5339452822,千代田区,35.684375,139.7359375,731,340,145.0,19.0,37.0,44.0,336.0,119.0,143.0,0.0,3.0,325.0,223.0
5339452823,千代田区,35.686458333333334,139.7328125,805,323,113.0,19.0,42.0,42.0,311.0,197.0,83.0,0.0,30.0,278.0,46.0
5339452824,千代田区,35.686458333333334,139.7359375,827,331,94.0,12.0,22.0,41.0,325.0,150.0,155.0,0.0,15.0,307.0,28.0
5339452831,新宿区,35.68854166666667,139.7265625,1329,756,449.0,67.0,79.0,45.0,755.0,377.0,340.0,11.0,154.0,581.0,0.0
5339452832,新宿区,35.68854166666667,139.7296875,344,212,133.0,27.0,25.0,6.0,212.0,118.0,91.0,0.0,61.0,141.0,0.0
5339452833,新宿区,35.690625000000004,139.7265625,1926,1227,827.0,154.0,104.0,82.0,1209.0,601.0,563.0,0.0,183.0,1010.0,0.0
5339452834,新宿区,35.690625000000004,139.7296875,1128,800,588.0,95.0,55.0,42.0,799.0,233.0,471.0,0.0,72.0,722.0,1.0
5339452841,千代田区,35.68854166666667,139.7328125,821,331,97.0,4.0,40.0,45.0,329.0,222.0,88.0,0.0,5.0,322.0,33.0
5339452842,千代田区,35.68854166666667,139.7359375,885,380,133.0,1.0,83.0,43.0,376.0,189.0,57.0,115.0,18.0,351.0,33.0
5339452843,新宿区,35.690625000000004,139.7328125,510,326,214.0,52.0,27.0,24.0,323.0,129.0,171.0,0.0,8.0,310.0,44.0
5339452844,千代田区,35.690625000000004,139.7359375,1024,397,143.0,18.0,56.0,44.0,385.0,204.0,110.0,56.0,6.0,375.0,2.0
5339452911,千代田区,35.684375,139.73906250000002,578,329,182.0,24.0,33.0,22.0,324.0,128.0,166.0,0.0,12.0,290.0,50.0
5339452912,千代田区,35.684375,139.74218750000003,912,475,242.0,38.0,60.0,39.0,469.0,195.0,246.0,0.0,12.0,447.0,10.0
5339452913,千代田区,35.686458333333334,139.73906250000002,1453,661,299.0,30.0,72.0,56.0,650.0,221.0,216.0,57.0,8.0,636.0,72.0
5339452914,千代田区,35.686458333333334,139.74218750000003,846,402,208.0,21.0,63.0,39.0,395.0,170.0,177.0,0.0,13.0,379.0,0.0
5339452921,千代田区,35.684375,139.7453125,67,28,17.0,2.0,4.0,5.0,35.0,13.0,9.0,0.0,0.0,33.0,3.0
5339452924,千代田区,35.686458333333334,139.74843750000002,11,8,,,,,,,,,,,
5339452931,千代田区,35.68854166666667,139.73906250000002,1596,652,162.0,11.0,79.0,83.0,646.0,434.0,121.0,45.0,8.0,637.0,84.0
5339452932,千代田区,35.68854166666667,139.74218750000003,2255,961,268.0,21.0,89.0,113.0,954.0,633.0,271.0,0.0,17.0,936.0,155.0
5339452933,千代田区,35.690625000000004,139.73906250000002,2390,1015,390.0,39.0,74.0,131.0,996.0,534.0,159.0,0.0,16.0,959.0,492.0
5339452934,千代田区,35.690625000000004,139.74218750000003,1272,634,290.0,32.0,92.0,70.0,627.0,345.0,249.0,0.0,26.0,592.0,96.0
5339452941,千代田区,35.68854166666667,139.7453125,521,224,70.0,4.0,27.0,33.0,222.0,148.0,66.0,0.0,1.0,221.0,25.0
5339452943,千代田区,35.690625000000004,139.7453125,833,362,123.0,9.0,35.0,56.0,355.0,97.0,106.0,0.0,5.0,350.0,29.0
5339452944,千代田区,35.690625000000004,139.74843750000002,4,2,,,,,,,,,,,
5339453011,杉並区,35.692708333333336,139.6265625,544,233,63.0,4.0,34.0,18.0,233.0,191.0,37.0,0.0,145.0,81.0,0.0
5339453012,杉並区,35.692708333333336,139.62968750000002,500,226,82.0,10.0,26.0,18.0,226.0,152.0,66.0,0.0,147.0,77.0,0.0
5339453013,杉並区,35.69479166666667,139.6265625,884,387,135.0,12.0,44.0,61.0,383.0,249.0,76.0,30.0,233.0,135.0,0.0
5339453014,杉並区,35.69479166666667,139.62968750000002,594,273,100.0,7.0,33.0,16.0,270.0,164.0,86.0,13.0,159.0,99.0,0.0
5339453021,杉並区,35.692708333333336,139.6328125,278,148,74.0,13.0,12.0,11.0,148.0,67.0,78.0,0.0,70.0,73.0,0.0
5339453022,杉並区,35.692708333333336,139.6359375,1147,620,332.0,60.0,92.0,32.0,619.0,325.0,267.0,0.0,332.0,281.0,0.0
5339453023,杉並区,35.69479166666667,139.6328125,691,316,130.0,20.0,32.0,50.0,314.0,200.0,105.0,0.0,93.0,216.0,0.0
5339453024,杉並区,35.69479166666667,139.6359375,1133,567,270.0,55.0,45.0,56.0,565.0,261.0,278.0,0.0,253.0,291.0,0.0
5339453031,杉並区,35.696875000000006,139.6265625,1779,830,319.0,36.0,123.0,164.0,829.0,341.0,135.0,340.0,53.0,774.0,0.0
5339453032,杉並区,35.696875000000006,139.62968750000002,1335,831,562.0,194.0,40.0,34.0,831.0,275.0,534.0,0.0,201.0,620.0,0.0
5339453033,杉並区,35.69895833333334,139.6265625,1018,493,238.0,44.0,58.0,48.0,493.0,294.0,187.0,0.0,303.0,186.0,0.0
5339453034,杉並区,35.69895833333334,139.62968750000002,1421,782,411.0,82.0,92.0,46.0,777.0,404.0,340.0,0.0,380.0,391.0,0.0
5339453041,杉並区,35.696875000000006,139.6328125,1301,544,152.0,21.0,34.0,127.0,543.0,425.0,101.0,0.0,85.0,454.0,0.0
5339453042,杉並区,35.696875000000006,139.6359375,966,484,219.0,52.0,59.0,35.0,474.0,260.0,182.0,0.0,244.0,226.0,0.0
5339453043,杉並区,35.69895833333334,139.6328125,1248,780,503.0,99.0,80.0,33.0,777.0,297.0,449.0,0.0,274.0,493.0,0.0
5339453044,杉並区,35.69895833333334,139.6359375,1616,1034,659.0,108.0,118.0,49.0,1022.0,551.0,414.0,0.0,97.0,911.0,0.0
5339453111,杉並区,35.692708333333336,139.6390625,1217,666,363.0,76.0,67.0,40.0,664.0,338.0,298.0,0.0,307.0,353.0,0.0
5339453112,杉並区,35.692708333333336,139.6421875,1417,822,505.0,128.0,69.0,44.0,812.0,287.0,498.0,0.0,285.0,517.0,0.0
5339453113,杉並区,35.69479166666667,139.6390625,1344,784,469.0,117.0,76.0,49.0,776.0,277.0,477.0,0.0,273.0,490.0,0.0
5339453114,杉並区,35.69479166666667,139.6421875,1357,846,537.0,112.0,98.0,37.0,842.0,328.0,479.0,0.0,298.0,542.0,0.0
5339453121,杉並区,35.692708333333336,139.6453125,1224,721,448.0,129.0,64.0,43.0,717.0,271.0,423.0,0.0,248.0,451.0,0.0
5339453122,杉並区,35.692708333333336,139.6484375,1189,650,377.0,97.0,57.0,58.0,649.0,240.0,362.0,3.0,228.0,419.0,0.0
5339453123,杉並区,35.69479166666667,139.6453125,1648,1030,670.0,148.0,107.0,43.0,1030.0,395.0,609.0,0.0,321.0,693.0,0.0
5339453124,杉並区,35.69479166666667,139.6484375,914,565,365.0,101.0,53.0,24.0,563.0,197.0,347.0,0.0,204.0,350.0,0.0
5339453131,杉並区,35.696875000000006,139.6390625,1885,1226,821.0,175.0,114.0,44.0,1223.0,439.0,719.0,0.0,326.0,890.0,0.0
5339453132,杉並区,35.696875000000006,139.6421875,1752,1140,781.0,171.0,131.0,53.0,1136.0,438.0,649.0,0.0,238.0,897.0,0.0
5339453133,杉並区,35.69895833333334,139.6390625,1561,989,639.0,141.0,97.0,38.0,987.0,418.0,521.0,0.0,228.0,752.0,0.0
5339453134,杉並区,35.69895833333334,139.6421875,1705,1053,679.0,151.0,113.0,55.0,1052.0,353.0,646.0,0.0,279.0,765.0,0.0
5339453141,杉並区,35.696875000000006,139.6453125,1802,1128,711.0,141.0,121.0,61.0,1123.0,361.0,713.0,0.0,246.0,868.0,0.0
5339453142,杉並区,35.696875000000006,139.6484375,1439,1007,729.0,182.0,85.0,35.0,1007.0,232.0,716.0,0.0,160.0,833.0,0.0
5339453143,杉並区,35.69895833333334,139.6453125,1602,1005,686.0,180.0,73.0,49.0,989.0,318.0,621.0,0.0,252.0,734.0,0.0
5339453144,杉並区,35.69895833333334,139.6484375,1807,1297,962.0,236.0,88.0,41.0,1295.0,250.0,990.0,0.0,204.0,1086.0,0.0
5339453211,杉並区,35.692708333333336,139.6515625,866,556,393.0,124.0,43.0,15.0,553.0,158.0,372.0,0.0,115.0,431.0,0.0
5339453212,杉並区,35.692708333333336,139.65468750000002,2073,1216,689.0,152.0,186.0,65.0,1213.0,443.0,425.0,273.0,219.0,985.0,0.0
5339453213,杉並区,35.69479166666667,139.6515625,697,460,318.0,101.0,30.0,7.0,458.0,131.0,310.0,0.0,109.0,347.0,0.0
5339453214,杉並区,35.69479166666667,139.65468750000002,1336,832,537.0,112.0,82.0,32.0,819.0,323.0,454.0,0.0,108.0,701.0,0.0
5339453221,杉並区,35.692708333333336,139.6578125,1515,845,523.0,127.0,100.0,44.0,839.0,316.0,485.0,0.0,266.0,559.0,0.0
5339453222,杉並区,35.692708333333336,139.66093750000002,1330,806,550.0,151.0,69.0,40.0,799.0,271.0,466.0,0.0,204.0,592.0,0.0
5339453223,杉並区,35.69479166666667,139.6578125,1481,895,563.0,123.0,94.0,38.0,895.0,384.0,461.0,0.0,322.0,559.0,0.0
5339453224,杉並区,35.69479166666667,139.66093750000002,1200,745,501.0,138.0,67.0,33.0,743.0,256.0,462.0,0.0,250.0,479.0,0.0
5339453231,杉並区,35.696875000000006,139.6515625,1708,1173,831.0,190.0,135.0,39.0,1173.0,475.0,640.0,5.0,241.0,916.0,0.0
5339453232,杉並区,35.696875000000006,139.65468750000002,1264,819,564.0,130.0,120.0,42.0,817.0,166.0,438.0,100.0,59.0,758.0,0.0
5339453233,杉並区,35.69895833333334,139.6515625,1158,805,565.0,130.0,69.0,27.0,790.0,236.0,517.0,0.0,114.0,672.0,0.0
5339453234,杉並区,35.69895833333334,139.65468750000002,1304,946,711.0,196.0,83.0,32.0,935.0,217.0,660.0,0.0,124.0,805.0,0.0
5339453241,杉並区,35.696875000000006,139.6578125,903,589,407.0,78.0,62.0,19.0,585.0,182.0,370.0,2.0,119.0,460.0,0.0
5339453242,杉並区,35.696875000000006,139.66093750000002,1536,1017,716.0,153.0,74.0,46.0,1017.0,332.0,650.0,0.0,165.0,849.0,0.0
5339453243,杉並区,35.69895833333334,139.6578125,1657,1068,717.0,158.0,97.0,53.0,1061.0,418.0,586.0,0.0,153.0,904.0,0.0
5339453244,杉並区,35.69895833333334,139.66093750000002,1981,1349,978.0,233.0,129.0,47.0,1349.0,479.0,803.0,0.0,323.0,1000.0,0.0
5339453311,杉並区,35.692708333333336,139.6640625,1495,828,475.0,114.0,102.0,70.0,823.0,352.0,369.0,59.0,174.0,645.0,0.0
5339453312,杉並区,35.692708333333336,139.6671875,1826,1163,778.0,168.0,91.0,58.0,1156.0,417.0,692.0,0.0,142.0,1007.0,0.0
5339453313,杉並区,35.69479166666667,139.6640625,1222,758,511.0,108.0,82.0,43.0,757.0,284.0,416.0,0.0,203.0,546.0,0.0
5339453314,中野区,35.69479166666667,139.6671875,2347,1392,830.0,136.0,152.0,73.0,1369.0,647.0,658.0,0.0,219.0,1130.0,0.0
5339453321,中野区,35.692708333333336,139.6703125,1250,815,540.0,111.0,78.0,43.0,814.0,234.0,561.0,0.0,118.0,691.0,0.0
5339453322,中野区,35.692708333333336,139.6734375,1911,1260,869.0,195.0,149.0,44.0,1252.0,304.0,856.0,42.0,128.0,1121.0,0.0
5339453323,中野区,35.69479166666667,139.6703125,2018,1297,888.0,199.0,157.0,54.0,1293.0,403.0,827.0,0.0,279.0,1010.0,0.0
5339453324,中野区,35.69479166666667,139.6734375,1746,1158,805.0,188.0,103.0,39.0,1153.0,302.0,772.0,13.0,260.0,882.0,0.0
5339453331,中野区,35.696875000000006,139.6640625,2093,1457,1049.0,225.0,172.0,59.0,1455.0,493.0,901.0,0.0,231.0,1220.0,0.0
5339453332,中野区,35.696875000000006,139.6671875,1942,1229,789.0,136.0,128.0,68.0,1216.0,395.0,764.0,0.0,186.0,1025.0,0.0
5339453333,中野区,35.69895833333334,139.6640625,1967,1169,715.0,197.0,112.0,61.0,1153.0,410.0,712.0,0.0,249.0,902.0,0.0
5339453334,中野区,35.69895833333334,139.6671875,2077,1293,815.0,161.0,141.0,74.0,1279.0,442.0,774.0,0.0,191.0,1079.0,0.0
5339453341,中野区,35.696875000000006,139.6703125,2063,1423,1011.0,193.0,145.0,44.0,1421.0,381.0,977.0,0.0,147.0,1273.0,0.0
5339453342,中野区,35.696875000000006,139.6734375,2040,1305,848.0,188.0,123.0,56.0,1301.0,427.0,819.0,0.0,175.0,1117.0,0.0
5339453343,中野区,35.69895833333334,139.6703125,1984,1316,901.0,211.0,129.0,42.0,1310.0,415.0,847.0,0.0,268.0,1029.0,0.0
5339453344,中野区,35.69895833333334,139.6734375,1889,1296,930.0,239.0,86.0,55.0,1285.0,316.0,905.0,0.0,221.0,1037.0,0.0
5339453411,中野区,35.692708333333336,139.67656250000002,2135,1490,1096.0,300.0,131.0,59.0,1424.0,335.0,999.0,0.0,106.0,1317.0,0.0
5339453412,中野区,35.692708333333336,139.67968750000003,1174,765,524.0,99.0,72.0,27.0,741.0,242.0,472.0,0.0,154.0,583.0,0.0
5339453413,中野区,35.69479166666667,139.67656250000002,1971,1273,863.0,160.0,95.0,76.0,1269.0,380.0,838.0,0.0,95.0,1171.0,0.0
5339453414,中野区,35.69479166666667,139.67968750000003,1915,1206,804.0,204.0,100.0,44.0,1199.0,391.0,758.0,0.0,311.0,878.0,0.0
5339453421,中野区,35.692708333333336,139.6828125,1735,1104,715.0,121.0,142.0,63.0,1103.0,406.0,645.0,0.0,122.0,979.0,225.0
5339453422,新宿区,35.692708333333336,139.68593750000002,2641,1898,1420.0,311.0,109.0,83.0,1895.0,633.0,1163.0,17.0,161.0,1727.0,703.0
5339453423,中野区,35.69479166666667,139.6828125,1630,1083,753.0,134.0,93.0,47.0,1083.0,324.0,721.0,0.0,159.0,922.0,90.0
5339453424,新宿区,35.69479166666667,139.68593750000002,1904,1090,615.0,135.0,55.0,107.0,1090.0,563.0,485.0,0.0,75.0,1011.0,500.0
5339453431,中野区,35.696875000000006,139.67656250000002,2117,1408,979.0,221.0,106.0,75.0,1407.0,333.0,991.0,0.0,132.0,1257.0,0.0
5339453432,中野区,35.696875000000006,139.67968750000003,1978,1294,878.0,180.0,123.0,69.0,1289.0,332.0,826.0,0.0,181.0,1105.0,0.0
5339453433,中野区,35.69895833333334,139.67656250000002,1821,1133,741.0,178.0,99.0,44.0,1132.0,379.0,682.0,0.0,240.0,888.0,0.0
5339453434,中野区,35.69895833333334,139.67968750000003,826,520,345.0,111.0,24.0,33.0,520.0,70.0,257.0,0.0,62.0,457.0,0.0
5339453441,中野区,35.696875000000006,139.6828125,803,492,307.0,27.0,41.0,32.0,490.0,115.0,357.0,0.0,31.0,458.0,50.0
5339453442,中野区,35.696875000000006,139.68593750000002,1802,1228,859.0,172.0,79.0,64.0,1223.0,352.0,799.0,0.0,23.0,1199.0,0.0
5339453443,中野区,35.69895833333334,139.6828125,1716,1151,801.0,149.0,109.0,41.0,1149.0,383.0,723.0,0.0,160.0,987.0,0.0
5339453444,中野区,35.69895833333334,139.68593750000002,2056,1401,1003.0,199.0,94.0,44.0,1397.0,421.0,883.0,0.0,177.0,1213.0,0.0
5339453511,新宿区,35.692708333333336,139.6890625,1632,1027,657.0,125.0,77.0,79.0,1021.0,305.0,640.0,0.0,2.0,1017.0,783.0
5339453512,新宿区,35.692708333333336,139.69218750000002,5,1,,,,,,,,,,,
5339453513,新宿区,35.69479166666667,139.6890625,964,627,418.0,46.0,39.0,40.0,627.0,296.0,290.0,0.0,0.0,625.0,429.0
5339453514,新宿区,35.69479166666667,139.69218750000002,889,652,498.0,106.0,60.0,20.0,651.0,217.0,407.0,0.0,32.0,613.0,0.0
5339453521,新宿区,35.692708333333336,139.6953125,126,92,80.0,65.0,6.0,1.0,23.0,20.0,2.0,0.0,3.0,20.0,0.0
5339453522,新宿区,35.692708333333336,139.6984375,14,1,,,,,,,,,,,
5339453523,新宿区,35.69479166666667,139.6953125,1043,792,634.0,128.0,62.0,18.0,777.0,238.0,467.0,20.0,43.0,716.0,70.0
5339453524,新宿区,35.69479166666667,139.6984375,77,51,34.0,0.0,6.0,2.0,51.0,27.0,23.0,0.0,7.0,38.0,0.0
5339453531,新宿区,35.696875000000006,139.6890625,1582,973,606.0,101.0,70.0,76.0,972.0,477.0,439.0,0.0,75.0,879.0,323.0
5339453532,新宿区,35.696875000000006,139.69218750000002,2180,1577,1201.0,248.0,80.0,88.0,1574.0,484.0,987.0,0.0,70.0,1496.0,292.0
5339453533,新宿区,35.69895833333334,139.6890625,1987,1311,937.0,210.0,113.0,59.0,1306.0,359.0,909.0,0.0,267.0,1009.0,0.0
5339453534,新宿区,35.69895833333334,139.69218750000002,1813,1203,865.0,287.0,93.0,51.0,1159.0,243.0,638.0,72.0,126.0,1031.0,0.0
5339453541,新宿区,35.696875000000006,139.6953125,1685,1252,953.0,175.0,80.0,25.0,1247.0,449.0,706.0,14.0,32.0,1213.0,378.0
5339453542,新宿区,35.696875000000006,139.6984375,723,617,545.0,112.0,27.0,14.0,614.0,97.0,492.0,0.0,8.0,598.0,285.0
5339453543,新宿区,35.69895833333334,139.6953125,1464,1077,846.0,218.0,70.0,30.0,1074.0,348.0,668.0,0.0,115.0,950.0,42.0
5339453544,新宿区,35.69895833333334,139.6984375,861,686,584.0,164.0,95.0,11.0,677.0,158.0,498.0,0.0,75.0,581.0,42.0
5339453611,新宿区,35.692708333333336,139.7015625,49,3,,,,,,,,,,,
5339453612,新宿区,35.692708333333336,139.7046875,78,67,76.0,4.0,6.0,0.0,77.0,38.0,32.0,0.0,3.0,69.0,0.0
5339453613,新宿区,35.69479166666667,139.7015625,14,13,,,,,,,,,,,
5339453614,新宿区,35.69479166666667,139.7046875,503,477,456.0,111.0,26.0,2.0,466.0,38.0,423.0,0.0,3.0,462.0,0.0
5339453621,新宿区,35.692708333333336,139.7078125,963,823,721.0,165.0,45.0,11.0,820.0,151.0,635.0,0.0,19.0,794.0,37.0
5339453622,新宿区,35.692708333333336,139.7109375,1300,1029,856.0,158.0,49.0,14.0,1028.0,264.0,719.0,0.0,72.0,951.0,0.0
5339453623,新宿区,35.69479166666667,139.7078125,1507,1116,850.0,140.0,138.0,25.0,1109.0,178.0,731.0,175.0,41.0,1064.0,115.0
5339453624,新宿区,35.69479166666667,139.7109375,874,610,476.0,122.0,44.0,22.0,608.0,114.0,428.0,0.0,105.0,495.0,0.0
5339453631,新宿区,35.696875000000006,139.7015625,239,217,203.0,49.0,8.0,1.0,202.0,74.0,91.0,0.0,3.0,197.0,48.0
5339453632,新宿区,35.696875000000006,139.7046875,457,395,352.0,89.0,15.0,7.0,389.0,17.0,355.0,0.0,5.0,380.0,121.0
5339453633,新宿区,35.69895833333334,139.7015625,894,685,561.0,133.0,70.0,11.0,667.0,184.0,443.0,18.0,55.0,604.0,0.0
5339453634,新宿区,35.69895833333334,139.7046875,1282,1046,888.0,197.0,61.0,16.0,1036.0,225.0,764.0,0.0,68.0,967.0,0.0
5339453641,新宿区,35.696875000000006,139.7078125,1494,1101,832.0,150.0,53.0,58.0,1100.0,265.0,801.0,0.0,2.0,1098.0,595.0
5339453642,新宿区,35.696875000000006,139.7109375,1281,955,759.0,162.0,97.0,33.0,955.0,300.0,613.0,0.0,73.0,879.0,0.0
5339453643,新宿区,35.69895833333334,139.7078125,2169,1440,1065.0,178.0,99.0,59.0,1435.0,614.0,781.0,0.0,55.0,1376.0,264.0
5339453644,新宿区,35.69895833333334,139.7109375,2050,1382,979.0,154.0,138.0,47.0,1362.0,592.0,716.0,0.0,264.0,1081.0,0.0
5339453711,新宿区,35.692708333333336,139.7140625,3359,1777,901.0,93.0,119.0,222.0,1777.0,1405.0,319.0,1.0,79.0,1693.0,1304.0
5339453712,新宿区,35.692708333333336,139.71718750000002,1404,888,607.0,111.0,92.0,40.0,857.0,324.0,494.0,0.0,215.0,638.0,6.0
5339453713,新宿区,35.69479166666667,139.7140625,1609,940,569.0,99.0,137.0,36.0,935.0,391.0,432.0,63.0,345.0,586.0,0.0
5339453714,新宿区,35.69479166666667,139.71718750000002,1910,1253,869.0,210.0,169.0,50.0,1223.0,365.0,594.0,156.0,200.0,1014.0,0.0
5339453721,新宿区,35.692708333333336,139.7203125,2058,1372,947.0,188.0,121.0,63.0,1372.0,499.0,784.0,27.0,63.0,1300.0,0.0
5339453722,新宿区,35.692708333333336,139.72343750000002,1378,938,666.0,103.0,68.0,32.0,937.0,447.0,442.0,0.0,29.0,902.0,0.0
5339453723,新宿区,35.69479166666667,139.7203125,2830,1618,1000.0,114.0,116.0,116.0,1610.0,288.0,1106.0,19.0,167.0,1435.0,619.0
5339453724,新宿区,35.69479166666667,139.72343750000002,1669,989,631.0,133.0,38.0,70.0,940.0,320.0,432.0,2.0,85.0,849.0,23.0
5339453731,新宿区,35.696875000000006,139.7140625,2000,1270,851.0,176.0,124.0,57.0,1268.0,469.0,698.0,7.0,206.0,1049.0,0.0
5339453732,新宿区,35.696875000000006,139.71718750000002,1620,943,585.0,119.0,92.0,80.0,930.0,336.0,447.0,31.0,205.0,717.0,0.0
5339453733,新宿区,35.69895833333334,139.7140625,1546,963,637.0,205.0,75.0,55.0,878.0,270.0,491.0,102.0,159.0,699.0,0.0
5339453734,新宿区,35.69895833333334,139.71718750000002,1125,639,381.0,89.0,64.0,67.0,630.0,274.0,291.0,0.0,80.0,548.0,0.0
5339453741,新宿区,35.696875000000006,139.7203125,600,390,277.0,57.0,33.0,12.0,389.0,34.0,284.0,48.0,28.0,359.0,48.0
5339453742,新宿区,35.696875000000006,139.72343750000002,1634,914,517.0,95.0,86.0,64.0,914.0,312.0,373.0,171.0,61.0,845.0,0.0
5339453743,新宿区,35.69895833333334,139.7203125,1556,890,520.0,88.0,68.0,66.0,885.0,414.0,399.0,33.0,27.0,853.0,72.0
5339453744,新宿区,35.69895833333334,139.72343750000002,1658,845,500.0,68.0,125.0,78.0,842.0,339.0,342.0,126.0,84.0,756.0,12.0
5339453811,新宿区,35.692708333333336,139.7265625,119,76,47.0,6.0,3.0,5.0,76.0,44.0,25.0,0.0,8.0,68.0,0.0
5339453813,新宿区,35.69479166666667,139.7265625,2163,735,389.0,162.0,33.0,50.0,637.0,412.0,139.0,0.0,24.0,610.0,411.0
5339453814,新宿区,35.69479166666667,139.7296875,133,86,63.0,14.0,5.0,1.0,77.0,17.0,49.0,0.0,15.0,60.0,0.0
5339453821,新宿区,35.692708333333336,139.7328125,81,41,16.0,1.0,5.0,1.0,41.0,30.0,9.0,0.0,7.0,32.0,0.0
5339453822,新宿区,35.692708333333336,139.7359375,199,119,73.0,7.0,11.0,5.0,119.0,69.0,45.0,0.0,9.0,108.0,0.0
5339453823,新宿区,35.69479166666667,139.7328125,383,201,86.0,3.0,35.0,6.0,201.0,125.0,26.0,42.0,29.0,167.0,0.0
5339453824,新宿区,35.69479166666667,139.7359375,1009,582,339.0,40.0,65.0,30.0,582.0,346.0,177.0,46.0,45.0,537.0,0.0
5339453831,新宿区,35.696875000000006,139.7265625,2446,1530,992.0,205.0,137.0,99.0,1502.0,586.0,824.0,0.0,100.0,1375.0,0.0
5339453832,新宿区,35.696875000000006,139.7296875,1031,414,189.0,67.0,25.0,43.0,371.0,159.0,111.0,0.0,43.0,324.0,0.0
5339453833,新宿区,35.69895833333334,139.7265625,2564,1624,1092.0,273.0,128.0,85.0,1611.0,731.0,776.0,0.0,140.0,1459.0,158.0
5339453834,新宿区,35.69895833333334,139.7296875,1615,1001,647.0,130.0,83.0,57.0,991.0,461.0,439.0,0.0,137.0,851.0,0.0
5339453841,新宿区,35.696875000000006,139.7328125,816,397,177.0,22.0,23.0,54.0,394.0,185.0,179.0,0.0,44.0,350.0,0.0
5339453842,新宿区,35.696875000000006,139.7359375,1588,902,541.0,114.0,49.0,56.0,892.0,376.0,457.0,0.0,88.0,784.0,0.0
5339453843,新宿区,35.69895833333334,139.7328125,2027,1199,728.0,107.0,129.0,66.0,1155.0,595.0,495.0,30.0,160.0,984.0,0.0
5339453844,新宿区,35.69895833333334,139.7359375,1673,799,339.0,34.0,69.0,77.0,795.0,455.0,286.0,0.0,150.0,610.0,0.0
5339453911,千代田区,35.692708333333336,139.73906250000002,574,304,157.0,25.0,23.0,32.0,294.0,94.0,123.0,0.0,3.0,281.0,0.0
5339453912,千代田区,35.692708333333336,139.74218750000003,829,490,303.0,66.0,56.0,40.0,465.0,182.0,230.0,0.0,7.0,429.0,26.0
5339453913,千代田区,35.69479166666667,139.73906250000002,496,236,116.0,17.0,22.0,30.0,233.0,173.0,36.0,0.0,13.0,220.0,59.0
5339453914,千代田区,35.69479166666667,139.74218750000003,48,14,1.0,0.0,0.0,7.0,14.0,0.0,12.0,0.0,0.0,14.0,0.0
5339453921,千代田区,35.692708333333336,139.7453125,878,509,291.0,69.0,29.0,36.0,509.0,123.0,296.0,40.0,9.0,496.0,0.0
5339453922,千代田区,35.692708333333336,139.74843750000002,10,4,,,,,,,,,,,
5339453923,千代田区,35.69479166666667,139.7453125,170,72,38.0,3.0,16.0,5.0,61.0,42.0,15.0,0.0,2.0,57.0,0.0
5339453924,千代田区,35.69479166666667,139.74843750000002,4,4,,,,,,,,,,,
5339453931,新宿区,35.696875000000006,139.73906250000002,747,367,160.0,24.0,23.0,31.0,367.0,174.0,176.0,0.0,48.0,318.0,0.0
5339453932,千代田区,35.696875000000006,139.74218750000003,384,273,229.0,125.0,1.0,15.0,184.0,0.0,24.0,0.0,0.0,184.0,0.0
5339453933,新宿区,35.69895833333334,139.73906250000002,1257,668,331.0,34.0,60.0,50.0,666.0,345.0,275.0,0.0,93.0,565.0,0.0
5339453934,千代田区,35.69895833333334,139.74218750000003,1007,440,148.0,28.0,30.0,66.0,435.0,333.0,70.0,0.0,4.0,431.0,412.0
5339453941,千代田区,35.696875000000006,139.7453125,616,356,211.0,42.0,39.0,23.0,293.0,117.0,47.0,29.0,13.0,277.0,0.0
5339453942,千代田区,35.696875000000006,139.74843750000002,102,58,34.0,6.0,6.0,5.0,56.0,13.0,36.0,0.0,6.0,49.0,0.0
5339453943,千代田区,35.69895833333334,139.7453125,795,398,182.0,29.0,33.0,42.0,378.0,148.0,166.0,0.0,48.0,292.0,47.0
5339453944,千代田区,35.69895833333334,139.74843750000002,1110,564,291.0,53.0,60.0,58.0,536.0,297.0,202.0,6.0,54.0,453.0,132.0
5339454011,杉並区,35.70104166666667,139.6265625,939,477,212.0,33.0,53.0,24.0,476.0,261.0,159.0,0.0,236.0,239.0,0.0
5339454012,杉並区,35.70104166666667,139.62968750000002,1682,1012,634.0,153.0,91.0,53.0,1009.0,367.0,597.0,0.0,217.0,784.0,0.0
5339454013,杉並区,35.703125,139.6265625,2016,1259,811.0,157.0,98.0,81.0,1256.0,448.0,721.0,0.0,131.0,1120.0,0.0
5339454014,杉並区,35.703125,139.62968750000002,1601,960,594.0,115.0,114.0,63.0,959.0,373.0,546.0,0.0,244.0,687.0,0.0
5339454021,杉並区,35.70104166666667,139.6328125,1683,1083,721.0,150.0,96.0,56.0,1083.0,374.0,668.0,0.0,238.0,832.0,0.0
5339454022,杉並区,35.70104166666667,139.6359375,1487,968,644.0,108.0,90.0,46.0,965.0,329.0,595.0,0.0,147.0,801.0,0.0
5339454023,杉並区,35.703125,139.6328125,1527,1068,776.0,194.0,108.0,37.0,1059.0,282.0,742.0,0.0,264.0,783.0,0.0
5339454024,杉並区,35.703125,139.6359375,1651,1032,649.0,94.0,94.0,69.0,1018.0,392.0,566.0,0.0,140.0,859.0,125.0
5339454031,杉並区,35.70520833333334,139.6265625,1428,892,596.0,134.0,89.0,45.0,870.0,332.0,496.0,0.0,301.0,565.0,0.0
5339454032,杉並区,35.70520833333334,139.62968750000002,1749,1155,804.0,209.0,113.0,42.0,1153.0,364.0,723.0,0.0,289.0,855.0,0.0
5339454033,杉並区,35.70729166666667,139.6265625,1328,761,441.0,111.0,73.0,23.0,757.0,329.0,378.0,0.0,350.0,390.0,0.0
5339454034,杉並区,35.70729166666667,139.62968750000002,1458,913,617.0,134.0,75.0,48.0,896.0,251.0,578.0,0.0,262.0,619.0,0.0
5339454041,杉並区,35.70520833333334,139.6328125,1771,1216,885.0,206.0,92.0,33.0,1216.0,351.0,825.0,0.0,301.0,900.0,0.0
5339454042,杉並区,35.70520833333334,139.6359375,735,530,397.0,60.0,49.0,15.0,530.0,164.0,311.0,0.0,61.0,465.0,0.0
5339454043,杉並区,35.70729166666667,139.6328125,1496,949,622.0,125.0,62.0,44.0,946.0,309.0,600.0,0.0,302.0,616.0,0.0
5339454044,杉並区,35.70729166666667,139.6359375,1275,748,422.0,79.0,58.0,41.0,740.0,201.0,513.0,0.0,109.0,623.0,0.0
5339454111,杉並区,35.70104166666667,139.6390625,1279,729,410.0,79.0,65.0,41.0,727.0,287.0,399.0,0.0,282.0,434.0,0.0
5339454112,杉並区,35.70104166666667,139.6421875,1226,698,394.0,73.0,67.0,57.0,695.0,318.0,338.0,0.0,250.0,425.0,0.0
5339454113,杉並区,35.703125,139.6390625,1707,1207,907.0,183.0,99.0,39.0,1205.0,259.0,881.0,15.0,239.0,956.0,0.0
5339454114,杉並区,35.703125,139.6421875,1472,960,670.0,165.0,68.0,24.0,959.0,275.0,647.0,0.0,265.0,682.0,0.0
5339454121,杉並区,35.70104166666667,139.6453125,1800,1124,737.0,194.0,104.0,53.0,1103.0,378.0,670.0,0.0,298.0,792.0,0.0
5339454122,杉並区,35.70104166666667,139.6484375,1900,1281,904.0,188.0,105.0,58.0,1278.0,354.0,870.0,0.0,256.0,1007.0,0.0
5339454123,杉並区,35.703125,139.6453125,1863,1277,916.0,196.0,73.0,46.0,1185.0,257.0,839.0,0.0,180.0,1001.0,0.0
5339454124,杉並区,35.703125,139.6484375,2254,1597,1161.0,233.0,174.0,46.0,1595.0,470.0,1042.0,20.0,153.0,1428.0,57.0
5339454131,杉並区,35.70520833333334,139.6390625,1435,967,719.0,141.0,99.0,41.0,964.0,227.0,692.0,0.0,137.0,809.0,0.0
5339454132,杉並区,35.70520833333334,139.6421875,1278,885,642.0,170.0,54.0,28.0,885.0,220.0,626.0,0.0,199.0,680.0,0.0
5339454133,杉並区,35.70729166666667,139.6390625,1227,778,514.0,97.0,78.0,21.0,777.0,288.0,477.0,0.0,239.0,530.0,0.0
5339454134,杉並区,35.70729166666667,139.6421875,1449,851,526.0,124.0,87.0,40.0,848.0,357.0,454.0,0.0,290.0,546.0,0.0
5339454141,杉並区,35.70520833333334,139.6453125,1608,1160,883.0,196.0,125.0,34.0,1159.0,249.0,853.0,0.0,243.0,896.0,0.0
5339454142,杉並区,35.70520833333334,139.6484375,1296,943,711.0,139.0,103.0,26.0,938.0,256.0,632.0,0.0,106.0,822.0,0.0
5339454143,杉並区,35.70729166666667,139.6453125,1644,1124,811.0,210.0,123.0,37.0,1120.0,346.0,734.0,0.0,234.0,876.0,0.0
5339454144,杉並区,35.70729166666667,139.6484375,1918,1335,981.0,212.0,106.0,49.0,1333.0,322.0,962.0,0.0,190.0,1130.0,0.0
5339454211,杉並区,35.70104166666667,139.6515625,1034,716,518.0,157.0,56.0,23.0,707.0,160.0,493.0,0.0,148.0,547.0,0.0
5339454212,杉並区,35.70104166666667,139.65468750000002,1656,1209,935.0,234.0,93.0,42.0,1209.0,303.0,849.0,0.0,95.0,1104.0,0.0
5339454213,杉並区,35.703125,139.6515625,1831,1244,868.0,151.0,95.0,60.0,1241.0,273.0,913.0,0.0,94.0,1146.0,0.0
5339454214,杉並区,35.703125,139.65468750000002,1590,1163,900.0,237.0,95.0,38.0,1141.0,217.0,868.0,0.0,164.0,977.0,0.0
5339454221,杉並区,35.70104166666667,139.6578125,1711,1106,769.0,199.0,90.0,46.0,1102.0,371.0,678.0,0.0,238.0,859.0,0.0
5339454222,杉並区,35.70104166666667,139.66093750000002,1892,1281,917.0,282.0,94.0,41.0,1269.0,364.0,836.0,0.0,206.0,1060.0,0.0
5339454223,杉並区,35.703125,139.6578125,1888,1110,697.0,187.0,69.0,59.0,1107.0,414.0,596.0,0.0,293.0,798.0,0.0
5339454224,杉並区,35.703125,139.66093750000002,1954,1242,803.0,246.0,89.0,75.0,1169.0,477.0,633.0,0.0,182.0,981.0,0.0
5339454231,杉並区,35.70520833333334,139.6515625,1458,1059,784.0,141.0,87.0,33.0,1056.0,301.0,694.0,0.0,85.0,960.0,0.0
5339454232,杉並区,35.70520833333334,139.65468750000002,1097,749,552.0,139.0,69.0,21.0,749.0,195.0,520.0,0.0,150.0,591.0,0.0
5339454233,杉並区,35.70729166666667,139.6515625,1996,1407,1044.0,257.0,105.0,48.0,1405.0,365.0,972.0,0.0,186.0,1205.0,0.0
5339454234,杉並区,35.70729166666667,139.65468750000002,1280,848,620.0,194.0,35.0,34.0,844.0,177.0,634.0,0.0,144.0,688.0,0.0
5339454241,杉並区,35.70520833333334,139.6578125,1534,1142,901.0,234.0,87.0,27.0,1129.0,271.0,819.0,0.0,222.0,903.0,0.0
5339454242,中野区,35.70520833333334,139.66093750000002,1495,906,553.0,122.0,76.0,60.0,904.0,391.0,476.0,0.0,133.0,754.0,0.0
5339454243,杉並区,35.70729166666667,139.6578125,798,502,335.0,67.0,63.0,16.0,498.0,177.0,300.0,0.0,202.0,292.0,0.0
5339454244,中野区,35.70729166666667,139.66093750000002,171,105,63.0,21.0,5.0,8.0,105.0,14.0,81.0,0.0,12.0,91.0,0.0
5339454311,中野区,35.70104166666667,139.6640625,1917,1288,899.0,189.0,144.0,50.0,1286.0,349.0,863.0,18.0,176.0,1104.0,0.0
5339454312,中野区,35.70104166666667,139.6671875,2070,1302,840.0,188.0,163.0,64.0,1295.0,378.0,861.0,0.0,172.0,1107.0,0.0
5339454313,中野区,35.703125,139.6640625,1970,1197,713.0,122.0,76.0,72.0,1191.0,434.0,700.0,0.0,122.0,1060.0,206.0
5339454314,中野区,35.703125,139.6671875,1526,869,472.0,108.0,58.0,79.0,862.0,180.0,404.0,118.0,98.0,759.0,0.0
5339454321,中野区,35.70104166666667,139.6703125,1977,1252,836.0,156.0,110.0,47.0,1248.0,420.0,782.0,0.0,380.0,854.0,0.0
5339454322,中野区,35.70104166666667,139.6734375,1674,1078,735.0,168.0,82.0,48.0,1075.0,325.0,683.0,0.0,275.0,781.0,0.0
5339454323,中野区,35.703125,139.6703125,1196,771,512.0,136.0,44.0,34.0,752.0,173.0,538.0,0.0,142.0,607.0,0.0
5339454324,中野区,35.703125,139.6734375,1538,910,551.0,145.0,66.0,62.0,909.0,273.0,591.0,0.0,202.0,702.0,0.0
5339454331,中野区,35.70520833333334,139.6640625,641,430,293.0,63.0,42.0,21.0,428.0,99.0,297.0,0.0,54.0,371.0,6.0
5339454332,中野区,35.70520833333334,139.6671875,583,353,207.0,12.0,44.0,24.0,350.0,123.0,148.0,66.0,13.0,334.0,0.0
5339454333,中野区,35.70729166666667,139.6640625,26,19,13.0,0.0,2.0,0.0,19.0,6.0,12.0,0.0,1.0,17.0,0.0
5339454334,中野区,35.70729166666667,139.6671875,1110,853,668.0,140.0,70.0,15.0,835.0,166.0,631.0,0.0,92.0,734.0,0.0
5339454341,中野区,35.70520833333334,139.6703125,655,392,245.0,59.0,30.0,16.0,392.0,97.0,271.0,0.0,59.0,327.0,0.0
5339454342,中野区,35.70520833333334,139.6734375,1127,737,496.0,142.0,48.0,38.0,736.0,205.0,495.0,0.0,157.0,560.0,0.0
5339454343,中野区,35.70729166666667,139.6703125,1702,1099,742.0,189.0,90.0,39.0,1095.0,315.0,729.0,0.0,301.0,775.0,0.0
5339454344,中野区,35.70729166666667,139.6734375,1934,1130,687.0,174.0,87.0,64.0,1125.0,400.0,684.0,0.0,269.0,838.0,0.0
5339454411,中野区,35.70104166666667,139.67656250000002,1572,954,595.0,125.0,86.0,47.0,952.0,282.0,610.0,6.0,174.0,777.0,0.0
5339454412,中野区,35.70104166666667,139.67968750000003,1583,1103,782.0,165.0,155.0,33.0,1103.0,375.0,621.0,64.0,171.0,929.0,0.0
5339454413,中野区,35.703125,139.67656250000002,1844,1072,664.0,185.0,108.0,61.0,1071.0,333.0,642.0,18.0,320.0,744.0,0.0
5339454414,中野区,35.703125,139.67968750000003,1370,811,489.0,116.0,74.0,33.0,811.0,284.0,482.0,0.0,221.0,571.0,0.0
5339454421,中野区,35.70104166666667,139.6828125,1654,1043,679.0,174.0,71.0,56.0,1041.0,298.0,670.0,14.0,122.0,914.0,0.0
5339454422,中野区,35.70104166666667,139.68593750000002,1759,1037,644.0,113.0,104.0,67.0,1037.0,411.0,581.0,0.0,123.0,913.0,0.0
5339454423,中野区,35.703125,139.6828125,1288,785,483.0,80.0,100.0,35.0,782.0,253.0,490.0,0.0,135.0,631.0,0.0
5339454424,中野区,35.703125,139.68593750000002,1738,1155,809.0,223.0,72.0,39.0,1153.0,280.0,826.0,0.0,199.0,945.0,0.0
5339454431,中野区,35.70520833333334,139.67656250000002,1740,1087,711.0,170.0,109.0,53.0,1076.0,413.0,625.0,0.0,370.0,687.0,0.0
5339454432,中野区,35.70520833333334,139.67968750000003,1286,710,381.0,62.0,80.0,32.0,709.0,278.0,398.0,0.0,185.0,504.0,0.0
5339454433,中野区,35.70729166666667,139.67656250000002,1690,996,586.0,151.0,90.0,54.0,991.0,363.0,581.0,0.0,159.0,816.0,0.0
5339454434,中野区,35.70729166666667,139.67968750000003,1074,628,364.0,79.0,74.0,42.0,622.0,285.0,311.0,0.0,154.0,465.0,0.0
5339454441,中野区,35.70520833333334,139.6828125,1984,1221,760.0,134.0,91.0,93.0,1220.0,367.0,809.0,0.0,91.0,1118.0,80.0
5339454442,中野区,35.70520833333334,139.68593750000002,2180,1501,1057.0,211.0,113.0,71.0,1495.0,487.0,937.0,0.0,144.0,1343.0,70.0
5339454443,中野区,35.70729166666667,139.6828125,1687,1134,802.0,184.0,114.0,64.0,1129.0,309.0,758.0,17.0,99.0,1007.0,217.0
5339454444,中野区,35.70729166666667,139.68593750000002,1827,1203,799.0,135.0,86.0,62.0,1198.0,274.0,864.0,0.0,107.0,1080.0,233.0
5339454511,新宿区,35.70104166666667,139.6890625,2243,1310,752.0,101.0,212.0,55.0,1271.0,764.0,475.0,0.0,126.0,1132.0,0.0
5339454512,新宿区,35.70104166666667,139.69218750000002,2207,1529,1134.0,283.0,175.0,45.0,1512.0,629.0,778.0,3.0,182.0,1317.0,0.0
5339454513,新宿区,35.703125,139.6890625,1590,1028,766.0,185.0,134.0,40.0,1026.0,328.0,680.0,0.0,199.0,813.0,0.0
5339454514,新宿区,35.703125,139.69218750000002,1816,1277,963.0,240.0,126.0,26.0,1275.0,368.0,829.0,0.0,247.0,1013.0,0.0
5339454521,新宿区,35.70104166666667,139.6953125,1550,1198,997.0,274.0,82.0,22.0,1187.0,334.0,801.0,0.0,109.0,1070.0,18.0
5339454522,新宿区,35.70104166666667,139.6984375,983,775,643.0,130.0,90.0,13.0,765.0,205.0,528.0,10.0,99.0,657.0,0.0
5339454523,新宿区,35.703125,139.6953125,1733,1238,930.0,227.0,83.0,55.0,1226.0,486.0,701.0,0.0,69.0,1146.0,371.0
5339454524,新宿区,35.703125,139.6984375,1987,1472,1150.0,309.0,121.0,35.0,1465.0,479.0,926.0,0.0,141.0,1312.0,0.0
5339454531,新宿区,35.70520833333334,139.6890625,1599,1009,700.0,157.0,91.0,57.0,1005.0,263.0,546.0,79.0,93.0,908.0,0.0
5339454532,新宿区,35.70520833333334,139.69218750000002,1150,764,548.0,125.0,100.0,37.0,761.0,213.0,522.0,0.0,154.0,601.0,0.0
5339454533,新宿区,35.70729166666667,139.6890625,1845,1180,783.0,172.0,116.0,38.0,1168.0,471.0,624.0,0.0,72.0,1088.0,217.0
5339454534,新宿区,35.70729166666667,139.69218750000002,2249,1644,1269.0,356.0,122.0,45.0,1639.0,330.0,1231.0,0.0,135.0,1498.0,0.0
5339454541,新宿区,35.70520833333334,139.6953125,1607,792,367.0,57.0,133.0,63.0,791.0,202.0,117.0,326.0,2.0,789.0,145.0
5339454542,新宿区,35.70520833333334,139.6984375,1268,515,158.0,30.0,20.0,92.0,501.0,59.0,113.0,2.0,14.0,486.0,0.0
5339454543,新宿区,35.70729166666667,139.6953125,2019,1259,820.0,121.0,370.0,63.0,1249.0,220.0,292.0,611.0,91.0,1154.0,155.0
5339454544,新宿区,35.70729166666667,139.6984375,1034,555,326.0,30.0,170.0,17.0,549.0,227.0,90.0,209.0,202.0,338.0,0.0
5339454611,新宿区,35.70104166666667,139.7015625,1183,867,692.0,162.0,86.0,17.0,846.0,244.0,512.0,58.0,75.0,754.0,0.0
5339454612,新宿区,35.70104166666667,139.7046875,1877,1266,907.0,187.0,126.0,39.0,1258.0,539.0,676.0,0.0,154.0,1076.0,0.0
5339454613,新宿区,35.703125,139.7015625,941,720,581.0,177.0,64.0,14.0,645.0,252.0,350.0,0.0,73.0,568.0,0.0
5339454614,新宿区,35.703125,139.7046875,2090,1447,1072.0,244.0,172.0,45.0,1442.0,471.0,885.0,20.0,311.0,1105.0,0.0
5339454621,新宿区,35.70104166666667,139.7078125,2312,1619,1130.0,268.0,207.0,47.0,1615.0,537.0,774.0,267.0,34.0,1566.0,0.0
5339454622,新宿区,35.70104166666667,139.7109375,1551,1003,661.0,106.0,179.0,27.0,999.0,274.0,421.0,263.0,90.0,909.0,0.0
5339454623,新宿区,35.703125,139.7078125,2264,1525,1062.0,234.0,236.0,40.0,1514.0,445.0,769.0,243.0,110.0,1399.0,0.0
5339454624,新宿区,35.703125,139.7109375,1888,1096,533.0,2.0,380.0,19.0,1096.0,164.0,22.0,905.0,0.0,1096.0,0.0
5339454631,新宿区,35.70520833333334,139.7015625,1186,677,380.0,100.0,60.0,25.0,596.0,369.0,203.0,0.0,16.0,578.0,419.0
5339454632,新宿区,35.70520833333334,139.7046875,1136,628,387.0,110.0,42.0,36.0,628.0,187.0,283.0,0.0,78.0,543.0,0.0
5339454633,新宿区,35.70729166666667,139.7015625,1213,600,262.0,28.0,45.0,76.0,598.0,469.0,117.0,0.0,0.0,598.0,598.0
5339454634,新宿区,35.70729166666667,139.7046875,424,273,191.0,22.0,1.0,26.0,273.0,0.0,262.0,4.0,0.0,273.0,268.0
5339454641,新宿区,35.70520833333334,139.7078125,904,475,255.0,55.0,22.0,50.0,472.0,266.0,125.0,0.0,20.0,451.0,0.0
5339454642,新宿区,35.70520833333334,139.7109375,730,461,310.0,82.0,70.0,16.0,450.0,164.0,198.0,65.0,130.0,316.0,0.0
5339454643,新宿区,35.70729166666667,139.7078125,1206,634,322.0,42.0,150.0,42.0,628.0,139.0,14.0,261.0,0.0,628.0,0.0
5339454644,新宿区,35.70729166666667,139.7109375,183,131,95.0,34.0,15.0,2.0,131.0,15.0,80.0,32.0,8.0,121.0,0.0
5339454711,新宿区,35.70104166666667,139.7140625,1217,646,324.0,35.0,165.0,28.0,605.0,149.0,101.0,351.0,62.0,535.0,0.0
5339454712,新宿区,35.70104166666667,139.71718750000002,1664,1004,653.0,122.0,111.0,59.0,958.0,453.0,448.0,0.0,137.0,814.0,0.0
5339454713,新宿区,35.703125,139.7140625,1137,688,326.0,4.0,236.0,5.0,688.0,0.0,0.0,681.0,0.0,688.0,0.0
5339454714,新宿区,35.703125,139.71718750000002,662,446,338.0,183.0,26.0,13.0,308.0,126.0,108.0,0.0,84.0,222.0,0.0
5339454721,新宿区,35.70104166666667,139.7203125,2439,1534,1043.0,270.0,108.0,71.0,1530.0,554.0,875.0,0.0,222.0,1302.0,0.0
5339454722,新宿区,35.70104166666667,139.72343750000002,2165,1248,756.0,139.0,126.0,82.0,1235.0,495.0,640.0,5.0,351.0,880.0,141.0
5339454723,新宿区,35.703125,139.7203125,1439,883,575.0,174.0,66.0,46.0,881.0,352.0,471.0,20.0,182.0,699.0,0.0
5339454724,新宿区,35.703125,139.72343750000002,1540,858,514.0,150.0,70.0,49.0,842.0,328.0,408.0,24.0,305.0,531.0,0.0
5339454731,新宿区,35.70520833333334,139.7140625,150,103,73.0,38.0,15.0,1.0,103.0,43.0,25.0,15.0,34.0,67.0,0.0
5339454732,新宿区,35.70520833333334,139.71718750000002,319,251,209.0,134.0,12.0,7.0,250.0,35.0,103.0,0.0,25.0,222.0,0.0
5339454733,新宿区,35.70729166666667,139.7140625,530,321,206.0,57.0,29.0,13.0,319.0,198.0,114.0,0.0,51.0,267.0,0.0
5339454734,新宿区,35.70729166666667,139.71718750000002,1080,687,463.0,116.0,57.0,38.0,683.0,304.0,347.0,0.0,50.0,633.0,0.0
5339454741,新宿区,35.70520833333334,139.7203125,1404,929,665.0,187.0,80.0,42.0,926.0,358.0,550.0,0.0,110.0,803.0,0.0
5339454742,新宿区,35.70520833333334,139.72343750000002,1197,794,568.0,131.0,70.0,29.0,791.0,267.0,503.0,0.0,151.0,634.0,0.0
5339454743,新宿区,35.70729166666667,139.7203125,674,508,404.0,131.0,30.0,12.0,506.0,122.0,341.0,0.0,62.0,441.0,0.0
5339454744,新宿区,35.70729166666667,139.72343750000002,1819,1305,981.0,337.0,88.0,38.0,1296.0,350.0,885.0,0.0,121.0,1169.0,0.0
5339454811,新宿区,35.70104166666667,139.7265625,1888,1110,671.0,142.0,132.0,51.0,1090.0,545.0,443.0,38.0,179.0,895.0,0.0
5339454812,新宿区,35.70104166666667,139.7296875,1263,641,343.0,55.0,68.0,50.0,640.0,310.0,282.0,0.0,274.0,350.0,0.0
5339454813,新宿区,35.703125,139.7265625,1379,782,486.0,98.0,90.0,42.0,780.0,322.0,357.0,69.0,210.0,557.0,95.0
5339454814,新宿区,35.703125,139.7296875,1570,864,492.0,99.0,92.0,58.0,849.0,409.0,359.0,34.0,331.0,508.0,0.0
5339454821,新宿区,35.70104166666667,139.7328125,1630,819,413.0,58.0,51.0,108.0,819.0,276.0,359.0,0.0,152.0,660.0,0.0
5339454822,新宿区,35.70104166666667,139.7359375,1674,1148,818.0,114.0,95.0,45.0,1140.0,492.0,610.0,0.0,145.0,981.0,121.0
5339454823,新宿区,35.703125,139.7328125,1442,827,532.0,111.0,63.0,36.0,789.0,313.0,440.0,0.0,164.0,613.0,41.0
5339454824,新宿区,35.703125,139.7359375,1525,989,671.0,86.0,120.0,16.0,986.0,447.0,498.0,0.0,228.0,746.0,0.0
5339454831,新宿区,35.70520833333334,139.7265625,1733,1193,880.0,259.0,90.0,55.0,1190.0,294.0,750.0,72.0,118.0,1056.0,1.0
5339454832,新宿区,35.70520833333334,139.7296875,1816,1265,927.0,209.0,103.0,53.0,1263.0,512.0,697.0,0.0,145.0,1100.0,0.0
5339454833,新宿区,35.70729166666667,139.7265625,1652,1115,802.0,223.0,110.0,57.0,1102.0,289.0,738.0,0.0,127.0,962.0,0.0
5339454834,新宿区,35.70729166666667,139.7296875,1553,1204,986.0,275.0,53.0,33.0,1194.0,215.0,886.0,0.0,88.0,1097.0,0.0
5339454841,新宿区,35.70520833333334,139.7328125,2027,1295,847.0,116.0,145.0,45.0,1284.0,554.0,647.0,0.0,325.0,938.0,24.0
5339454842,新宿区,35.70520833333334,139.7359375,1842,1131,731.0,142.0,71.0,64.0,1127.0,442.0,595.0,0.0,154.0,964.0,0.0
5339454843,新宿区,35.70729166666667,139.7328125,2436,1516,997.0,201.0,127.0,121.0,1512.0,616.0,819.0,0.0,175.0,1333.0,0.0
5339454844,新宿区,35.70729166666667,139.7359375,2025,1311,918.0,198.0,63.0,85.0,1303.0,460.0,761.0,0.0,162.0,1135.0,0.0
5339454911,新宿区,35.70104166666667,139.73906250000002,1229,823,588.0,74.0,79.0,25.0,810.0,338.0,427.0,0.0,140.0,654.0,0.0
5339454912,新宿区,35.70104166666667,139.74218750000003,457,341,262.0,21.0,32.0,6.0,340.0,93.0,230.0,0.0,38.0,280.0,0.0
5339454913,新宿区,35.703125,139.73906250000002,1582,948,567.0,65.0,100.0,51.0,945.0,578.0,313.0,0.0,107.0,826.0,273.0
5339454914,新宿区,35.703125,139.74218750000003,515,348,253.0,29.0,38.0,10.0,347.0,172.0,134.0,24.0,23.0,316.0,0.0
5339454921,千代田区,35.70104166666667,139.7453125,1668,786,321.0,46.0,99.0,78.0,768.0,506.0,221.0,0.0,7.0,749.0,501.0
5339454922,千代田区,35.70104166666667,139.74843750000002,505,251,117.0,9.0,28.0,23.0,219.0,95.0,47.0,69.0,12.0,199.0,70.0
5339454923,新宿区,35.703125,139.7453125,235,135,84.0,13.0,17.0,8.0,138.0,59.0,43.0,0.0,7.0,124.0,0.0
5339454924,千代田区,35.703125,139.74843750000002,10,7,,,,,,,,,,,
5339454931,新宿区,35.70520833333334,139.73906250000002,2568,1432,781.0,173.0,72.0,103.0,1375.0,710.0,438.0,0.0,68.0,1289.0,0.0
5339454932,新宿区,35.70520833333334,139.74218750000003,1560,1078,785.0,166.0,60.0,50.0,1070.0,291.0,656.0,26.0,54.0,991.0,0.0
5339454933,新宿区,35.70729166666667,139.73906250000002,1933,1065,611.0,85.0,85.0,93.0,1064.0,468.0,554.0,0.0,85.0,978.0,307.0
5339454934,新宿区,35.70729166666667,139.74218750000003,2044,1218,715.0,124.0,101.0,85.0,1212.0,619.0,549.0,0.0,36.0,1167.0,187.0
5339454941,文京区,35.70520833333334,139.7453125,692,418,266.0,38.0,36.0,25.0,417.0,139.0,255.0,0.0,11.0,406.0,173.0
5339454942,文京区,35.70520833333334,139.74843750000002,145,18,7.0,0.0,0.0,3.0,18.0,0.0,18.0,0.0,0.0,18.0,0.0
5339454943,文京区,35.70729166666667,139.7453125,1537,933,626.0,114.0,77.0,34.0,924.0,445.0,401.0,0.0,125.0,794.0,0.0
5339454944,文京区,35.70729166666667,139.74843750000002,543,275,121.0,11.0,26.0,18.0,275.0,202.0,69.0,0.0,6.0,269.0,105.0
5339455011,杉並区,35.709375,139.6265625,1061,624,365.0,80.0,56.0,28.0,622.0,280.0,310.0,0.0,277.0,327.0,0.0
5339455012,杉並区,35.709375,139.62968750000002,1168,637,352.0,88.0,64.0,37.0,635.0,310.0,297.0,0.0,316.0,310.0,0.0
5339455013,杉並区,35.71145833333333,139.6265625,1115,593,310.0,54.0,61.0,38.0,590.0,312.0,262.0,0.0,200.0,342.0,0.0
5339455014,杉並区,35.71145833333333,139.62968750000002,1165,694,417.0,69.0,119.0,35.0,666.0,253.0,289.0,112.0,257.0,401.0,0.0
5339455021,杉並区,35.709375,139.6328125,1351,837,540.0,130.0,66.0,48.0,831.0,295.0,501.0,0.0,264.0,541.0,0.0
5339455022,杉並区,35.709375,139.6359375,1752,1175,825.0,154.0,96.0,51.0,1174.0,382.0,722.0,0.0,264.0,899.0,0.0
5339455023,杉並区,35.71145833333333,139.6328125,1552,918,573.0,125.0,101.0,42.0,914.0,368.0,495.0,18.0,289.0,613.0,0.0
5339455024,杉並区,35.71145833333333,139.6359375,1708,1081,720.0,164.0,87.0,51.0,1072.0,337.0,658.0,0.0,241.0,815.0,0.0
5339455031,杉並区,35.71354166666667,139.6265625,1043,529,258.0,45.0,63.0,41.0,525.0,297.0,204.0,0.0,274.0,249.0,0.0
5339455032,杉並区,35.71354166666667,139.62968750000002,1213,645,333.0,49.0,69.0,46.0,644.0,309.0,300.0,5.0,317.0,320.0,0.0
5339455033,杉並区,35.715625,139.6265625,1155,651,375.0,76.0,80.0,27.0,646.0,274.0,222.0,94.0,258.0,372.0,0.0
5339455034,杉並区,35.715625,139.62968750000002,1229,721,435.0,110.0,57.0,47.0,718.0,268.0,417.0,10.0,268.0,430.0,0.0
5339455041,杉並区,35.71354166666667,139.6328125,1392,842,532.0,111.0,84.0,39.0,842.0,340.0,452.0,0.0,324.0,497.0,0.0
5339455042,杉並区,35.71354166666667,139.6359375,1735,1064,659.0,104.0,125.0,51.0,1062.0,383.0,638.0,0.0,226.0,826.0,0.0
5339455043,杉並区,35.715625,139.6328125,1253,689,392.0,70.0,63.0,41.0,689.0,308.0,356.0,0.0,294.0,385.0,0.0
5339455044,杉並区,35.715625,139.6359375,1386,828,514.0,134.0,80.0,37.0,827.0,331.0,449.0,0.0,245.0,572.0,0.0
5339455111,杉並区,35.709375,139.6390625,1220,700,412.0,103.0,71.0,37.0,696.0,331.0,352.0,0.0,306.0,381.0,0.0
5339455112,杉並区,35.709375,139.6421875,900,479,253.0,58.0,41.0,34.0,476.0,216.0,246.0,0.0,216.0,257.0,0.0
5339455113,杉並区,35.71145833333333,139.6390625,1477,831,489.0,123.0,71.0,55.0,826.0,346.0,440.0,0.0,325.0,494.0,0.0
5339455114,杉並区,35.71145833333333,139.6421875,1324,809,513.0,109.0,60.0,31.0,803.0,297.0,422.0,0.0,238.0,558.0,0.0
5339455121,杉並区,35.709375,139.6453125,1245,840,615.0,157.0,79.0,31.0,840.0,263.0,523.0,0.0,209.0,620.0,0.0
5339455122,杉並区,35.709375,139.6484375,2003,1362,955.0,232.0,110.0,46.0,1360.0,345.0,960.0,0.0,258.0,1089.0,0.0
5339455123,中野区,35.71145833333333,139.6453125,1816,1096,671.0,171.0,67.0,75.0,1077.0,385.0,647.0,0.0,314.0,749.0,0.0
5339455124,中野区,35.71145833333333,139.6484375,1583,999,644.0,191.0,82.0,35.0,999.0,285.0,670.0,0.0,276.0,712.0,0.0
5339455131,杉並区,35.71354166666667,139.6390625,1267,636,290.0,51.0,62.0,46.0,631.0,345.0,258.0,0.0,321.0,300.0,0.0
5339455132,中野区,35.71354166666667,139.6421875,1193,571,264.0,48.0,57.0,49.0,569.0,299.0,227.0,0.0,305.0,232.0,0.0
5339455133,中野区,35.715625,139.6390625,1651,782,363.0,48.0,162.0,64.0,777.0,260.0,161.0,324.0,274.0,488.0,0.0
5339455134,中野区,35.715625,139.6421875,1143,577,280.0,44.0,91.0,49.0,576.0,205.0,220.0,117.0,205.0,364.0,0.0
5339455141,中野区,35.71354166666667,139.6453125,1152,656,366.0,91.0,65.0,31.0,652.0,267.0,359.0,0.0,302.0,339.0,0.0
5339455142,中野区,35.71354166666667,139.6484375,1579,979,647.0,205.0,82.0,42.0,975.0,287.0,650.0,0.0,287.0,686.0,0.0
5339455143,中野区,35.715625,139.6453125,1293,688,360.0,102.0,63.0,31.0,678.0,311.0,332.0,0.0,330.0,338.0,0.0
5339455144,中野区,35.715625,139.6484375,1332,831,538.0,199.0,91.0,35.0,805.0,284.0,490.0,0.0,258.0,537.0,0.0
5339455211,中野区,35.709375,139.6515625,1922,1365,1009.0,277.0,87.0,34.0,1364.0,309.0,1005.0,0.0,195.0,1148.0,0.0
5339455212,中野区,35.709375,139.65468750000002,2118,1456,1033.0,337.0,90.0,42.0,1452.0,364.0,1026.0,0.0,205.0,1245.0,0.0
5339455213,中野区,35.71145833333333,139.6515625,1777,1106,699.0,222.0,110.0,53.0,1102.0,342.0,712.0,0.0,345.0,742.0,0.0
5339455214,中野区,35.71145833333333,139.65468750000002,1953,1304,932.0,293.0,110.0,45.0,1257.0,377.0,811.0,0.0,282.0,961.0,0.0
5339455221,中野区,35.709375,139.6578125,1605,557,337.0,113.0,49.0,32.0,494.0,168.0,277.0,6.0,102.0,388.0,0.0
5339455222,中野区,35.709375,139.66093750000002,793,465,275.0,82.0,47.0,38.0,416.0,237.0,163.0,0.0,18.0,396.0,0.0
5339455223,中野区,35.71145833333333,139.6578125,1846,1051,617.0,174.0,107.0,50.0,1042.0,406.0,586.0,17.0,418.0,612.0,0.0
5339455224,中野区,35.71145833333333,139.66093750000002,1686,989,591.0,126.0,81.0,76.0,956.0,261.0,525.0,15.0,186.0,756.0,0.0
5339455231,中野区,35.71354166666667,139.6515625,1309,758,419.0,117.0,86.0,33.0,756.0,274.0,449.0,0.0,293.0,449.0,0.0
5339455232,中野区,35.71354166666667,139.65468750000002,1690,1059,703.0,186.0,91.0,42.0,1043.0,341.0,676.0,0.0,314.0,723.0,0.0
5339455233,中野区,35.715625,139.6515625,1196,690,406.0,104.0,58.0,40.0,687.0,245.0,419.0,0.0,248.0,430.0,0.0
5339455234,中野区,35.715625,139.65468750000002,1465,895,579.0,157.0,66.0,39.0,890.0,305.0,545.0,0.0,258.0,615.0,0.0
5339455241,中野区,35.71354166666667,139.6578125,1606,946,585.0,143.0,92.0,49.0,944.0,376.0,537.0,1.0,377.0,559.0,0.0
5339455242,中野区,35.71354166666667,139.66093750000002,1296,688,351.0,80.0,65.0,60.0,685.0,270.0,313.0,16.0,199.0,485.0,0.0
5339455243,中野区,35.715625,139.6578125,1445,758,426.0,114.0,71.0,58.0,748.0,360.0,362.0,0.0,211.0,531.0,0.0
5339455244,中野区,35.715625,139.66093750000002,524,318,198.0,44.0,25.0,12.0,317.0,93.0,211.0,0.0,86.0,230.0,0.0
5339455311,中野区,35.709375,139.6640625,1064,630,369.0,62.0,59.0,46.0,629.0,232.0,342.0,0.0,37.0,589.0,131.0
5339455312,中野区,35.709375,139.6671875,1999,1285,834.0,127.0,124.0,77.0,1282.0,627.0,611.0,0.0,123.0,1147.0,156.0
5339455313,中野区,35.71145833333333,139.6640625,1994,1341,919.0,215.0,91.0,61.0,1338.0,312.0,950.0,0.0,137.0,1189.0,0.0
5339455314,中野区,35.71145833333333,139.6671875,2060,1396,975.0,245.0,133.0,36.0,1390.0,382.0,943.0,0.0,266.0,1111.0,0.0
5339455321,中野区,35.709375,139.6703125,2131,1301,844.0,206.0,134.0,57.0,1293.0,509.0,727.0,0.0,262.0,1027.0,0.0
5339455322,中野区,35.709375,139.6734375,1749,1071,676.0,181.0,70.0,54.0,1068.0,248.0,729.0,0.0,225.0,835.0,0.0
5339455323,中野区,35.71145833333333,139.6703125,2025,1368,965.0,240.0,132.0,56.0,1365.0,313.0,1006.0,0.0,285.0,1069.0,0.0
5339455324,中野区,35.71145833333333,139.6734375,1304,791,490.0,101.0,104.0,37.0,777.0,234.0,494.0,8.0,249.0,518.0,0.0
5339455331,中野区,35.71354166666667,139.6640625,1576,975,611.0,146.0,83.0,44.0,975.0,242.0,652.0,0.0,203.0,765.0,0.0
5339455332,中野区,35.71354166666667,139.6671875,1666,1059,665.0,139.0,81.0,42.0,1056.0,277.0,731.0,0.0,117.0,932.0,0.0
5339455333,中野区,35.715625,139.6640625,1365,613,244.0,49.0,31.0,105.0,612.0,220.0,204.0,0.0,76.0,536.0,0.0
5339455334,中野区,35.715625,139.6671875,1817,1125,709.0,153.0,153.0,41.0,1122.0,374.0,708.0,0.0,141.0,975.0,0.0
5339455341,中野区,35.71354166666667,139.6703125,1892,1277,897.0,216.0,128.0,44.0,1270.0,290.0,936.0,0.0,264.0,998.0,0.0
5339455342,中野区,35.71354166666667,139.6734375,1708,1110,781.0,170.0,115.0,44.0,1108.0,337.0,723.0,0.0,258.0,831.0,0.0
5339455343,中野区,35.715625,139.6703125,1678,1131,798.0,201.0,105.0,36.0,1127.0,260.0,826.0,0.0,167.0,952.0,0.0
5339455344,中野区,35.715625,139.6734375,1252,801,534.0,177.0,65.0,27.0,794.0,178.0,582.0,0.0,160.0,623.0,0.0
5339455411,中野区,35.709375,139.67656250000002,1508,975,670.0,194.0,85.0,31.0,973.0,247.0,657.0,0.0,234.0,713.0,0.0
5339455412,中野区,35.709375,139.67968750000003,1055,600,342.0,84.0,60.0,27.0,596.0,234.0,327.0,0.0,142.0,446.0,0.0
5339455413,中野区,35.71145833333333,139.67656250000002,1660,976,588.0,133.0,89.0,43.0,975.0,323.0,604.0,0.0,313.0,641.0,0.0
5339455414,中野区,35.71145833333333,139.67968750000003,1088,734,533.0,134.0,52.0,28.0,722.0,152.0,506.0,0.0,144.0,569.0,0.0
5339455421,中野区,35.709375,139.6828125,1751,1177,807.0,169.0,89.0,38.0,1173.0,277.0,837.0,0.0,109.0,1060.0,0.0
5339455422,中野区,35.709375,139.68593750000002,1776,1155,791.0,174.0,101.0,44.0,1150.0,286.0,804.0,0.0,214.0,922.0,0.0
5339455423,新宿区,35.71145833333333,139.6828125,2018,1416,1053.0,290.0,134.0,44.0,1398.0,423.0,920.0,0.0,263.0,1121.0,0.0
5339455424,新宿区,35.71145833333333,139.68593750000002,2072,1438,1037.0,280.0,110.0,54.0,1435.0,256.0,1069.0,0.0,154.0,1270.0,0.0
5339455431,中野区,35.71354166666667,139.67656250000002,1964,1141,654.0,133.0,125.0,69.0,1136.0,480.0,594.0,32.0,234.0,884.0,0.0
5339455432,中野区,35.71354166666667,139.67968750000003,1452,869,525.0,94.0,161.0,52.0,864.0,304.0,334.0,203.0,94.0,767.0,0.0
5339455433,中野区,35.715625,139.67656250000002,1228,795,545.0,128.0,101.0,28.0,795.0,192.0,563.0,0.0,195.0,582.0,0.0
5339455434,新宿区,35.715625,139.67968750000003,653,411,281.0,67.0,46.0,19.0,410.0,164.0,203.0,0.0,162.0,247.0,0.0
5339455441,新宿区,35.71354166666667,139.6828125,1868,1318,994.0,285.0,138.0,41.0,1317.0,379.0,898.0,0.0,310.0,998.0,0.0
5339455442,新宿区,35.71354166666667,139.68593750000002,1537,1034,726.0,141.0,163.0,36.0,1032.0,381.0,599.0,16.0,174.0,846.0,0.0
5339455443,新宿区,35.715625,139.6828125,1208,742,486.0,142.0,84.0,22.0,738.0,269.0,434.0,0.0,251.0,463.0,0.0
5339455444,新宿区,35.715625,139.68593750000002,1329,903,659.0,161.0,106.0,34.0,903.0,291.0,560.0,0.0,150.0,720.0,0.0
5339455511,中野区,35.709375,139.6890625,1624,987,615.0,126.0,81.0,46.0,973.0,314.0,578.0,0.0,121.0,850.0,0.0
5339455512,中野区,35.709375,139.69218750000002,2624,1406,692.0,123.0,145.0,141.0,1403.0,634.0,665.0,0.0,67.0,1333.0,0.0
5339455513,新宿区,35.71145833333333,139.6890625,2221,1408,908.0,193.0,104.0,77.0,1403.0,464.0,872.0,0.0,158.0,1241.0,0.0
5339455514,新宿区,35.71145833333333,139.69218750000002,1481,957,640.0,170.0,63.0,61.0,948.0,290.0,545.0,0.0,52.0,896.0,0.0
5339455521,新宿区,35.709375,139.6953125,1913,1091,639.0,128.0,205.0,74.0,1065.0,306.0,393.0,318.0,70.0,991.0,0.0
5339455522,新宿区,35.709375,139.6984375,2036,1272,826.0,176.0,181.0,73.0,1270.0,399.0,604.0,242.0,100.0,1166.0,0.0
5339455523,新宿区,35.71145833333333,139.6953125,1115,787,587.0,146.0,71.0,25.0,786.0,246.0,507.0,0.0,164.0,616.0,15.0
5339455524,新宿区,35.71145833333333,139.6984375,1504,1042,762.0,220.0,111.0,34.0,1039.0,388.0,602.0,0.0,204.0,822.0,35.0
5339455531,新宿区,35.71354166666667,139.6890625,1681,1125,813.0,190.0,133.0,43.0,1108.0,334.0,729.0,0.0,239.0,865.0,0.0
5339455532,新宿区,35.71354166666667,139.69218750000002,1111,753,556.0,133.0,65.0,32.0,751.0,187.0,527.0,0.0,105.0,644.0,0.0
5339455533,新宿区,35.715625,139.6890625,1707,1232,959.0,242.0,164.0,35.0,1227.0,288.0,900.0,0.0,182.0,1041.0,0.0
5339455534,新宿区,35.715625,139.69218750000002,2369,1496,999.0,217.0,143.0,73.0,1492.0,547.0,889.0,0.0,118.0,1361.0,0.0
5339455541,新宿区,35.71354166666667,139.6953125,898,629,456.0,103.0,83.0,13.0,626.0,134.0,372.0,102.0,98.0,517.0,0.0
5339455542,新宿区,35.71354166666667,139.6984375,1817,1306,982.0,221.0,144.0,47.0,1300.0,299.0,912.0,0.0,213.0,1068.0,0.0
5339455543,新宿区,35.715625,139.6953125,1909,1239,903.0,206.0,121.0,51.0,1228.0,411.0,734.0,0.0,45.0,1174.0,0.0
5339455544,新宿区,35.715625,139.6984375,1390,976,752.0,227.0,82.0,27.0,965.0,203.0,704.0,0.0,42.0,920.0,0.0
5339455611,新宿区,35.709375,139.7015625,1044,579,320.0,39.0,115.0,39.0,578.0,141.0,140.0,289.0,30.0,548.0,0.0
5339455612,新宿区,35.709375,139.7046875,1935,1089,610.0,80.0,173.0,50.0,1089.0,345.0,340.0,337.0,67.0,1014.0,149.0
5339455613,新宿区,35.71145833333333,139.7015625,1555,1053,746.0,174.0,117.0,51.0,1046.0,244.0,580.0,149.0,110.0,918.0,0.0
5339455614,新宿区,35.71145833333333,139.7046875,736,477,334.0,65.0,42.0,26.0,473.0,154.0,301.0,0.0,36.0,428.0,0.0
5339455621,新宿区,35.709375,139.7078125,1351,876,592.0,145.0,63.0,50.0,873.0,247.0,556.0,25.0,138.0,726.0,0.0
5339455622,新宿区,35.709375,139.7109375,1902,1289,910.0,232.0,111.0,50.0,1271.0,367.0,787.0,1.0,126.0,1126.0,0.0
5339455623,新宿区,35.71145833333333,139.7078125,1237,848,610.0,156.0,82.0,30.0,842.0,260.0,560.0,0.0,118.0,711.0,0.0
5339455624,新宿区,35.71145833333333,139.7109375,2026,1245,834.0,250.0,89.0,82.0,1222.0,326.0,804.0,0.0,133.0,1078.0,123.0
5339455631,新宿区,35.71354166666667,139.7015625,1558,1077,778.0,147.0,84.0,42.0,1073.0,332.0,704.0,13.0,97.0,959.0,200.0
5339455632,新宿区,35.71354166666667,139.7046875,317,236,186.0,30.0,16.0,2.0,235.0,80.0,145.0,0.0,9.0,220.0,0.0
5339455633,新宿区,35.715625,139.7015625,957,617,430.0,123.0,25.0,33.0,613.0,152.0,392.0,0.0,17.0,593.0,12.0
5339455634,豊島区,35.715625,139.7046875,923,610,391.0,79.0,75.0,24.0,597.0,344.0,223.0,0.0,19.0,577.0,0.0
5339455641,新宿区,35.71354166666667,139.7078125,1480,1053,787.0,260.0,107.0,29.0,1052.0,328.0,621.0,0.0,79.0,965.0,0.0
5339455642,新宿区,35.71354166666667,139.7109375,2123,1486,1096.0,358.0,99.0,58.0,1444.0,516.0,787.0,0.0,84.0,1359.0,142.0
5339455643,豊島区,35.715625,139.7078125,843,531,363.0,140.0,28.0,28.0,525.0,103.0,258.0,0.0,60.0,465.0,43.0
5339455644,豊島区,35.715625,139.7109375,1460,721,351.0,94.0,55.0,53.0,718.0,384.0,271.0,0.0,38.0,676.0,158.0
5339455711,新宿区,35.709375,139.7140625,2056,1413,1040.0,343.0,105.0,39.0,1410.0,530.0,821.0,0.0,211.0,1192.0,0.0
5339455712,新宿区,35.709375,139.71718750000002,1277,843,593.0,177.0,77.0,30.0,832.0,366.0,426.0,0.0,106.0,714.0,0.0
5339455713,新宿区,35.71145833333333,139.7140625,1771,1048,648.0,164.0,107.0,47.0,1043.0,438.0,498.0,39.0,135.0,907.0,0.0
5339455714,新宿区,35.71145833333333,139.71718750000002,1544,729,306.0,73.0,61.0,59.0,728.0,398.0,194.0,0.0,16.0,712.0,238.0
5339455721,新宿区,35.709375,139.7203125,594,448,341.0,112.0,77.0,9.0,448.0,92.0,237.0,101.0,22.0,422.0,0.0
5339455722,新宿区,35.709375,139.72343750000002,1355,907,632.0,205.0,65.0,39.0,905.0,238.0,625.0,0.0,119.0,776.0,0.0
5339455723,新宿区,35.71145833333333,139.7203125,2631,1870,1407.0,409.0,278.0,69.0,1862.0,425.0,1001.0,375.0,86.0,1757.0,0.0
5339455724,文京区,35.71145833333333,139.72343750000002,1318,821,580.0,199.0,46.0,41.0,815.0,264.0,515.0,0.0,86.0,719.0,0.0
5339455731,豊島区,35.71354166666667,139.7140625,1815,1018,566.0,147.0,86.0,67.0,1015.0,516.0,456.0,0.0,91.0,918.0,0.0
5339455732,豊島区,35.71354166666667,139.71718750000002,2082,1034,679.0,218.0,105.0,42.0,1031.0,453.0,539.0,0.0,167.0,860.0,109.0
5339455733,豊島区,35.715625,139.7140625,2204,1271,758.0,312.0,104.0,95.0,1218.0,447.0,666.0,0.0,122.0,1092.0,91.0
5339455734,豊島区,35.715625,139.71718750000002,1515,914,579.0,201.0,87.0,43.0,891.0,345.0,470.0,7.0,302.0,583.0,0.0
5339455741,豊島区,35.71354166666667,139.7203125,1697,1036,684.0,217.0,111.0,46.0,1012.0,406.0,517.0,11.0,257.0,753.0,0.0
5339455742,文京区,35.71354166666667,139.72343750000002,292,35,18.0,6.0,2.0,5.0,35.0,10.0,7.0,0.0,8.0,27.0,0.0
5339455743,文京区,35.715625,139.7203125,704,323,122.0,13.0,38.0,24.0,321.0,228.0,86.0,0.0,38.0,283.0,0.0
5339455744,文京区,35.715625,139.72343750000002,1081,584,316.0,69.0,65.0,42.0,582.0,263.0,304.0,0.0,198.0,378.0,0.0
5339455811,新宿区,35.709375,139.7265625,1654,1147,809.0,151.0,75.0,44.0,1143.0,312.0,753.0,0.0,80.0,1054.0,0.0
5339455812,新宿区,35.709375,139.7296875,2259,1393,864.0,131.0,130.0,81.0,1390.0,581.0,736.0,0.0,80.0,1303.0,130.0
5339455813,文京区,35.71145833333333,139.7265625,785,431,244.0,36.0,37.0,38.0,425.0,242.0,171.0,0.0,24.0,399.0,0.0
5339455814,文京区,35.71145833333333,139.7296875,944,515,273.0,50.0,36.0,45.0,511.0,236.0,224.0,19.0,47.0,463.0,0.0
5339455821,文京区,35.709375,139.7328125,2194,1261,743.0,132.0,88.0,92.0,1257.0,521.0,681.0,0.0,93.0,1160.0,45.0
5339455822,文京区,35.709375,139.7359375,1973,1260,845.0,208.0,77.0,89.0,1255.0,408.0,777.0,0.0,92.0,1161.0,0.0
5339455823,文京区,35.71145833333333,139.7328125,1182,614,327.0,45.0,58.0,44.0,614.0,357.0,224.0,0.0,154.0,460.0,0.0
5339455824,文京区,35.71145833333333,139.7359375,872,424,210.0,63.0,26.0,29.0,393.0,237.0,108.0,0.0,135.0,255.0,0.0
5339455831,文京区,35.71354166666667,139.7265625,349,208,132.0,37.0,19.0,7.0,207.0,60.0,115.0,0.0,47.0,160.0,0.0
5339455832,文京区,35.71354166666667,139.7296875,1962,1202,804.0,167.0,97.0,53.0,1197.0,510.0,646.0,0.0,56.0,1131.0,148.0
5339455833,文京区,35.715625,139.7265625,1257,605,301.0,43.0,69.0,35.0,597.0,328.0,246.0,0.0,214.0,368.0,0.0
5339455834,文京区,35.715625,139.7296875,1771,1046,643.0,94.0,133.0,61.0,1037.0,486.0,518.0,0.0,63.0,965.0,0.0
5339455841,文京区,35.71354166666667,139.7328125,1202,525,182.0,29.0,46.0,32.0,521.0,358.0,126.0,18.0,241.0,268.0,0.0
5339455842,文京区,35.71354166666667,139.7359375,1178,482,199.0,40.0,53.0,62.0,477.0,285.0,169.0,0.0,220.0,254.0,0.0
5339455843,文京区,35.715625,139.7328125,953,506,273.0,45.0,60.0,43.0,501.0,233.0,243.0,0.0,188.0,304.0,0.0
5339455844,文京区,35.715625,139.7359375,955,434,243.0,47.0,49.0,35.0,427.0,215.0,197.0,0.0,194.0,230.0,0.0
5339455911,文京区,35.709375,139.73906250000002,2401,1430,922.0,191.0,64.0,132.0,1425.0,428.0,880.0,0.0,123.0,1292.0,0.0
5339455912,文京区,35.709375,139.74218750000003,2137,1155,599.0,91.0,92.0,106.0,1143.0,595.0,416.0,0.0,83.0,1059.0,0.0
5339455913,文京区,35.71145833333333,139.73906250000002,1067,574,306.0,62.0,53.0,48.0,572.0,202.0,265.0,75.0,142.0,429.0,0.0
5339455914,文京区,35.71145833333333,139.74218750000003,1329,663,319.0,55.0,53.0,51.0,656.0,283.0,328.0,0.0,146.0,506.0,4.0
5339455921,文京区,35.709375,139.7453125,1895,1014,564.0,141.0,65.0,95.0,937.0,484.0,418.0,0.0,51.0,883.0,62.0
5339455922,文京区,35.709375,139.74843750000002,1214,736,459.0,115.0,62.0,59.0,733.0,273.0,413.0,0.0,120.0,608.0,60.0
5339455923,文京区,35.71145833333333,139.7453125,1958,1082,634.0,140.0,78.0,70.0,1078.0,502.0,522.0,0.0,154.0,923.0,233.0
5339455924,文京区,35.71145833333333,139.74843750000002,1047,548,274.0,34.0,58.0,32.0,542.0,302.0,206.0,0.0,123.0,409.0,0.0
5339455931,文京区,35.71354166666667,139.73906250000002,1300,612,303.0,85.0,37.0,103.0,584.0,303.0,246.0,0.0,136.0,444.0,82.0
5339455932,文京区,35.71354166666667,139.74218750000003,1572,764,349.0,49.0,62.0,106.0,761.0,431.0,296.0,0.0,64.0,695.0,41.0
5339455933,文京区,35.715625,139.73906250000002,2007,1096,625.0,128.0,70.0,70.0,1085.0,485.0,556.0,0.0,83.0,998.0,103.0
5339455934,文京区,35.715625,139.74218750000003,1950,930,391.0,47.0,114.0,94.0,926.0,448.0,433.0,0.0,96.0,822.0,142.0
5339455941,文京区,35.71354166666667,139.7453125,1550,686,316.0,47.0,82.0,63.0,684.0,443.0,209.0,0.0,211.0,443.0,0.0
5339455942,文京区,35.71354166666667,139.74843750000002,2216,1192,650.0,140.0,71.0,120.0,1187.0,580.0,560.0,0.0,250.0,932.0,24.0
5339455943,文京区,35.715625,139.7453125,1253,564,207.0,22.0,68.0,64.0,562.0,408.0,140.0,0.0,112.0,448.0,0.0
5339455944,文京区,35.715625,139.74843750000002,1966,1068,596.0,120.0,103.0,94.0,1065.0,496.0,520.0,0.0,301.0,750.0,0.0
5339456011,杉並区,35.717708333333334,139.6265625,1259,676,344.0,64.0,66.0,56.0,676.0,285.0,349.0,0.0,205.0,464.0,0.0
5339456012,杉並区,35.717708333333334,139.62968750000002,1083,544,253.0,45.0,45.0,39.0,542.0,256.0,223.0,8.0,242.0,281.0,0.0
5339456013,杉並区,35.719791666666666,139.6265625,1266,637,302.0,86.0,46.0,58.0,636.0,278.0,315.0,17.0,212.0,402.0,0.0
5339456014,杉並区,35.719791666666666,139.62968750000002,1003,509,250.0,38.0,60.0,32.0,508.0,239.0,209.0,44.0,220.0,279.0,0.0
5339456021,中野区,35.717708333333334,139.6328125,1296,635,267.0,47.0,82.0,44.0,634.0,385.0,229.0,0.0,195.0,431.0,0.0
5339456022,中野区,35.717708333333334,139.6359375,1161,629,314.0,83.0,59.0,42.0,627.0,247.0,332.0,13.0,145.0,480.0,0.0
5339456023,中野区,35.719791666666666,139.6328125,1237,651,360.0,77.0,102.0,45.0,650.0,181.0,278.0,164.0,177.0,470.0,0.0
5339456024,中野区,35.719791666666666,139.6359375,1306,799,507.0,149.0,76.0,36.0,789.0,223.0,507.0,34.0,209.0,567.0,0.0
5339456031,杉並区,35.721875000000004,139.6265625,1174,646,367.0,85.0,47.0,34.0,634.0,197.0,404.0,0.0,180.0,450.0,0.0
5339456032,中野区,35.721875000000004,139.62968750000002,1162,602,273.0,84.0,43.0,34.0,601.0,337.0,234.0,0.0,277.0,317.0,0.0
5339456033,杉並区,35.723958333333336,139.6265625,936,493,251.0,39.0,60.0,18.0,490.0,252.0,181.0,29.0,170.0,312.0,0.0
5339456034,中野区,35.723958333333336,139.62968750000002,1434,723,335.0,79.0,44.0,48.0,722.0,309.0,385.0,0.0,226.0,493.0,0.0
5339456041,中野区,35.721875000000004,139.6328125,1310,700,356.0,81.0,92.0,44.0,697.0,305.0,267.0,106.0,148.0,534.0,0.0
5339456042,中野区,35.721875000000004,139.6359375,1145,694,406.0,50.0,123.0,43.0,693.0,117.0,261.0,294.0,94.0,597.0,0.0
5339456043,中野区,35.723958333333336,139.6328125,1182,669,374.0,127.0,78.0,36.0,666.0,272.0,370.0,0.0,236.0,423.0,0.0
5339456044,中野区,35.723958333333336,139.6359375,908,514,278.0,77.0,54.0,29.0,514.0,224.0,278.0,0.0,226.0,284.0,0.0
5339456111,中野区,35.717708333333334,139.6390625,1250,616,284.0,34.0,120.0,62.0,610.0,171.0,174.0,262.0,63.0,538.0,0.0
5339456112,中野区,35.717708333333334,139.6421875,1087,596,310.0,82.0,65.0,35.0,595.0,240.0,328.0,10.0,244.0,335.0,0.0
5339456113,中野区,35.719791666666666,139.6390625,1458,662,254.0,38.0,111.0,140.0,654.0,193.0,167.0,149.0,76.0,578.0,0.0
5339456114,中野区,35.719791666666666,139.6421875,778,457,288.0,79.0,55.0,25.0,456.0,137.0,303.0,7.0,144.0,311.0,0.0
5339456121,中野区,35.717708333333334,139.6453125,1347,823,535.0,151.0,86.0,41.0,814.0,283.0,503.0,0.0,300.0,507.0,0.0
5339456122,中野区,35.717708333333334,139.6484375,1622,1021,683.0,204.0,88.0,47.0,987.0,320.0,631.0,0.0,286.0,679.0,0.0
5339456123,中野区,35.719791666666666,139.6453125,1340,835,552.0,159.0,81.0,29.0,830.0,251.0,552.0,0.0,231.0,586.0,0.0
5339456124,中野区,35.719791666666666,139.6484375,1427,902,619.0,140.0,116.0,35.0,900.0,306.0,575.0,0.0,297.0,593.0,0.0
5339456131,中野区,35.721875000000004,139.6390625,641,419,303.0,78.0,82.0,7.0,417.0,80.0,280.0,48.0,77.0,324.0,0.0
5339456132,中野区,35.721875000000004,139.6421875,1400,849,531.0,151.0,94.0,35.0,848.0,292.0,530.0,0.0,244.0,593.0,0.0
5339456133,中野区,35.723958333333336,139.6390625,1213,786,528.0,157.0,72.0,36.0,785.0,205.0,553.0,0.0,164.0,612.0,0.0
5339456134,中野区,35.723958333333336,139.6421875,1660,1002,649.0,189.0,95.0,32.0,957.0,377.0,551.0,0.0,245.0,704.0,0.0
5339456141,中野区,35.721875000000004,139.6453125,1415,914,624.0,169.0,93.0,28.0,910.0,260.0,622.0,0.0,222.0,674.0,0.0
5339456142,中野区,35.721875000000004,139.6484375,1224,777,534.0,162.0,103.0,27.0,769.0,278.0,452.0,0.0,275.0,477.0,0.0
5339456143,中野区,35.723958333333336,139.6453125,1489,993,688.0,203.0,89.0,31.0,990.0,233.0,708.0,0.0,211.0,758.0,0.0
5339456144,中野区,35.723958333333336,139.6484375,1412,845,530.0,180.0,80.0,43.0,843.0,241.0,546.0,18.0,197.0,645.0,0.0
5339456211,中野区,35.717708333333334,139.6515625,1366,832,512.0,130.0,100.0,39.0,787.0,230.0,448.0,81.0,183.0,589.0,0.0
5339456212,中野区,35.717708333333334,139.65468750000002,1559,897,516.0,116.0,95.0,41.0,895.0,286.0,587.0,0.0,157.0,731.0,0.0
5339456213,中野区,35.719791666666666,139.6515625,1396,902,604.0,161.0,94.0,33.0,901.0,236.0,629.0,0.0,177.0,717.0,0.0
5339456214,中野区,35.719791666666666,139.65468750000002,1554,1048,746.0,215.0,81.0,26.0,1040.0,260.0,762.0,0.0,203.0,827.0,0.0
5339456221,中野区,35.717708333333334,139.6578125,1258,731,445.0,98.0,77.0,29.0,727.0,306.0,398.0,0.0,256.0,458.0,0.0
5339456222,中野区,35.717708333333334,139.66093750000002,939,581,374.0,95.0,52.0,22.0,578.0,184.0,385.0,0.0,166.0,407.0,0.0
5339456223,中野区,35.719791666666666,139.6578125,1399,867,557.0,146.0,85.0,38.0,867.0,242.0,574.0,21.0,245.0,618.0,0.0
5339456224,中野区,35.719791666666666,139.66093750000002,1554,1037,745.0,229.0,124.0,35.0,1035.0,263.0,727.0,9.0,257.0,739.0,0.0
5339456231,中野区,35.721875000000004,139.6515625,1502,932,606.0,143.0,115.0,35.0,931.0,251.0,593.0,34.0,270.0,653.0,0.0
5339456232,中野区,35.721875000000004,139.65468750000002,1608,1051,704.0,188.0,112.0,36.0,1046.0,310.0,687.0,0.0,208.0,827.0,0.0
5339456233,中野区,35.723958333333336,139.6515625,1502,915,581.0,157.0,91.0,46.0,908.0,226.0,556.0,76.0,202.0,691.0,0.0
5339456234,中野区,35.723958333333336,139.65468750000002,1376,861,566.0,188.0,73.0,31.0,824.0,258.0,520.0,0.0,155.0,663.0,0.0
5339456241,中野区,35.721875000000004,139.6578125,1246,740,448.0,126.0,65.0,31.0,737.0,259.0,436.0,0.0,270.0,455.0,0.0
5339456242,中野区,35.721875000000004,139.66093750000002,1334,751,448.0,80.0,96.0,41.0,736.0,277.0,428.0,0.0,213.0,519.0,0.0
5339456243,中野区,35.723958333333336,139.6578125,1037,495,216.0,67.0,54.0,28.0,493.0,252.0,219.0,0.0,192.0,283.0,0.0
5339456244,中野区,35.723958333333336,139.66093750000002,1386,888,593.0,192.0,75.0,32.0,887.0,203.0,642.0,0.0,175.0,706.0,0.0
5339456311,中野区,35.717708333333334,139.6640625,1426,834,486.0,92.0,90.0,50.0,829.0,314.0,481.0,0.0,94.0,734.0,0.0
5339456312,中野区,35.717708333333334,139.6671875,1365,840,570.0,154.0,68.0,23.0,836.0,211.0,597.0,0.0,202.0,622.0,0.0
5339456313,中野区,35.719791666666666,139.6640625,1145,757,522.0,113.0,101.0,20.0,754.0,242.0,480.0,0.0,192.0,548.0,0.0
5339456314,中野区,35.719791666666666,139.6671875,1311,909,674.0,174.0,132.0,23.0,904.0,218.0,657.0,0.0,202.0,699.0,0.0
5339456321,中野区,35.717708333333334,139.6703125,1463,943,636.0,119.0,129.0,37.0,939.0,281.0,618.0,0.0,186.0,748.0,0.0
5339456322,中野区,35.717708333333334,139.6734375,1456,974,675.0,160.0,109.0,19.0,973.0,312.0,622.0,0.0,242.0,725.0,0.0
5339456323,中野区,35.719791666666666,139.6703125,1373,829,520.0,131.0,83.0,39.0,829.0,278.0,510.0,0.0,192.0,627.0,0.0
5339456324,中野区,35.719791666666666,139.6734375,1714,1088,725.0,142.0,136.0,42.0,1087.0,349.0,587.0,105.0,238.0,846.0,0.0
5339456331,中野区,35.721875000000004,139.6640625,1108,700,471.0,124.0,72.0,30.0,700.0,226.0,453.0,0.0,190.0,509.0,0.0
5339456332,中野区,35.721875000000004,139.6671875,1555,929,597.0,128.0,120.0,37.0,925.0,334.0,559.0,0.0,290.0,604.0,0.0
5339456333,中野区,35.723958333333336,139.6640625,1578,972,613.0,141.0,109.0,41.0,959.0,366.0,542.0,13.0,204.0,748.0,0.0
5339456334,中野区,35.723958333333336,139.6671875,1337,809,502.0,157.0,60.0,42.0,807.0,236.0,534.0,0.0,203.0,599.0,0.0
5339456341,中野区,35.721875000000004,139.6703125,1416,806,442.0,101.0,85.0,53.0,806.0,343.0,438.0,0.0,188.0,596.0,0.0
5339456342,中野区,35.721875000000004,139.6734375,269,170,113.0,32.0,14.0,10.0,170.0,52.0,61.0,37.0,21.0,149.0,0.0
5339456343,中野区,35.723958333333336,139.6703125,1011,590,324.0,72.0,65.0,27.0,588.0,253.0,318.0,0.0,169.0,410.0,0.0
5339456344,中野区,35.723958333333336,139.6734375,923,468,221.0,51.0,36.0,25.0,467.0,219.0,226.0,0.0,140.0,325.0,0.0
5339456411,中野区,35.717708333333334,139.67656250000002,892,489,270.0,81.0,38.0,55.0,485.0,122.0,290.0,0.0,102.0,380.0,0.0
5339456412,新宿区,35.717708333333334,139.67968750000003,347,214,142.0,35.0,27.0,13.0,214.0,76.0,137.0,0.0,57.0,157.0,0.0
5339456413,新宿区,35.719791666666666,139.67656250000002,940,503,259.0,37.0,49.0,30.0,496.0,272.0,201.0,6.0,128.0,364.0,0.0
5339456414,新宿区,35.719791666666666,139.67968750000003,1733,995,640.0,145.0,93.0,67.0,994.0,304.0,544.0,24.0,163.0,827.0,0.0
5339456421,新宿区,35.717708333333334,139.6828125,1154,611,334.0,71.0,46.0,43.0,594.0,270.0,285.0,0.0,261.0,329.0,0.0
5339456422,新宿区,35.717708333333334,139.68593750000002,1087,598,339.0,72.0,68.0,34.0,596.0,294.0,268.0,0.0,294.0,301.0,0.0
5339456423,新宿区,35.719791666666666,139.6828125,1364,839,563.0,121.0,80.0,27.0,822.0,324.0,445.0,0.0,286.0,535.0,0.0
5339456424,新宿区,35.719791666666666,139.68593750000002,979,578,357.0,100.0,55.0,28.0,577.0,233.0,311.0,9.0,239.0,336.0,0.0
5339456431,新宿区,35.721875000000004,139.67656250000002,1346,814,519.0,127.0,75.0,55.0,809.0,269.0,439.0,0.0,169.0,638.0,0.0
5339456432,新宿区,35.721875000000004,139.67968750000003,2047,1200,754.0,196.0,115.0,80.0,1181.0,429.0,627.0,0.0,248.0,928.0,0.0
5339456433,新宿区,35.723958333333336,139.67656250000002,1236,733,435.0,76.0,90.0,30.0,730.0,389.0,325.0,0.0,191.0,520.0,0.0
5339456434,新宿区,35.723958333333336,139.67968750000003,1178,706,433.0,136.0,73.0,26.0,696.0,245.0,387.0,8.0,234.0,444.0,0.0
5339456441,新宿区,35.721875000000004,139.6828125,1377,860,558.0,106.0,94.0,37.0,858.0,363.0,452.0,0.0,156.0,698.0,0.0
5339456442,新宿区,35.721875000000004,139.68593750000002,1457,936,632.0,149.0,107.0,37.0,932.0,402.0,516.0,0.0,256.0,676.0,0.0
5339456443,豊島区,35.723958333333336,139.6828125,1174,712,451.0,141.0,36.0,57.0,710.0,188.0,379.0,0.0,65.0,643.0,0.0
5339456444,豊島区,35.723958333333336,139.68593750000002,1755,1015,614.0,189.0,96.0,62.0,1013.0,300.0,568.0,0.0,278.0,713.0,0.0
5339456511,新宿区,35.717708333333334,139.6890625,1271,719,418.0,105.0,67.0,35.0,719.0,341.0,342.0,0.0,194.0,519.0,0.0
5339456512,新宿区,35.717708333333334,139.69218750000002,1953,1010,564.0,185.0,62.0,129.0,1008.0,475.0,365.0,0.0,62.0,945.0,0.0
5339456513,新宿区,35.719791666666666,139.6890625,1336,715,383.0,82.0,65.0,52.0,714.0,352.0,331.0,0.0,211.0,503.0,58.0
5339456514,新宿区,35.719791666666666,139.69218750000002,1324,736,438.0,80.0,90.0,45.0,730.0,354.0,325.0,0.0,223.0,501.0,0.0
5339456521,新宿区,35.717708333333334,139.6953125,1448,934,674.0,196.0,55.0,40.0,929.0,301.0,585.0,0.0,153.0,759.0,0.0
5339456522,新宿区,35.717708333333334,139.6984375,1095,622,376.0,108.0,37.0,30.0,617.0,226.0,336.0,4.0,137.0,473.0,0.0
5339456523,新宿区,35.719791666666666,139.6953125,1187,617,391.0,88.0,88.0,29.0,613.0,290.0,270.0,13.0,208.0,395.0,0.0
5339456524,新宿区,35.719791666666666,139.6984375,1113,482,175.0,14.0,45.0,31.0,479.0,338.0,111.0,0.0,194.0,281.0,0.0
5339456531,新宿区,35.721875000000004,139.6890625,1755,965,531.0,110.0,76.0,71.0,964.0,532.0,373.0,0.0,289.0,666.0,70.0
5339456532,新宿区,35.721875000000004,139.69218750000002,1946,1271,897.0,255.0,121.0,59.0,1246.0,517.0,681.0,0.0,184.0,1057.0,15.0
5339456533,豊島区,35.723958333333336,139.6890625,1925,1181,779.0,207.0,155.0,68.0,1169.0,377.0,721.0,10.0,349.0,816.0,0.0
5339456534,豊島区,35.723958333333336,139.69218750000002,1464,891,570.0,144.0,94.0,44.0,887.0,226.0,592.0,0.0,195.0,683.0,0.0
5339456541,豊島区,35.721875000000004,139.6953125,1794,1105,719.0,145.0,113.0,59.0,1102.0,432.0,614.0,0.0,188.0,905.0,0.0
5339456542,新宿区,35.721875000000004,139.6984375,1723,1009,621.0,151.0,107.0,59.0,1005.0,388.0,535.0,27.0,260.0,738.0,0.0
5339456543,豊島区,35.723958333333336,139.6953125,1873,1120,686.0,210.0,91.0,82.0,1118.0,321.0,707.0,0.0,228.0,885.0,0.0
5339456544,豊島区,35.723958333333336,139.6984375,1180,651,364.0,92.0,63.0,29.0,651.0,265.0,323.0,0.0,269.0,367.0,0.0
5339456611,新宿区,35.717708333333334,139.7015625,761,550,431.0,109.0,40.0,18.0,538.0,128.0,301.0,0.0,55.0,483.0,0.0
5339456612,新宿区,35.717708333333334,139.7046875,1091,694,468.0,95.0,71.0,24.0,694.0,312.0,339.0,5.0,45.0,637.0,0.0
5339456613,新宿区,35.719791666666666,139.7015625,1304,626,292.0,64.0,45.0,37.0,620.0,351.0,212.0,0.0,114.0,493.0,0.0
5339456614,新宿区,35.719791666666666,139.7046875,1132,531,230.0,80.0,45.0,51.0,519.0,187.0,208.0,57.0,91.0,423.0,0.0
5339456621,豊島区,35.717708333333334,139.7078125,1029,404,97.0,6.0,40.0,39.0,402.0,279.0,60.0,0.0,0.0,401.0,8.0
5339456623,豊島区,35.719791666666666,139.7078125,146,70,26.0,5.0,8.0,7.0,70.0,1.0,14.0,45.0,0.0,69.0,0.0
5339456624,豊島区,35.719791666666666,139.7109375,434,217,105.0,37.0,15.0,21.0,216.0,73.0,131.0,0.0,66.0,139.0,0.0
5339456631,新宿区,35.721875000000004,139.7015625,1152,662,372.0,69.0,69.0,35.0,662.0,366.0,275.0,0.0,169.0,488.0,0.0
5339456632,新宿区,35.721875000000004,139.7046875,1366,900,629.0,129.0,110.0,39.0,899.0,394.0,465.0,0.0,144.0,748.0,55.0
5339456633,豊島区,35.723958333333336,139.7015625,1095,649,405.0,103.0,55.0,27.0,647.0,262.0,363.0,0.0,192.0,444.0,0.0
5339456634,豊島区,35.723958333333336,139.7046875,997,471,229.0,45.0,48.0,29.0,466.0,177.0,237.0,0.0,186.0,274.0,0.0
5339456641,豊島区,35.721875000000004,139.7078125,552,352,233.0,67.0,42.0,13.0,352.0,135.0,193.0,0.0,88.0,263.0,0.0
5339456642,豊島区,35.721875000000004,139.7109375,1730,991,581.0,161.0,99.0,50.0,990.0,368.0,561.0,0.0,284.0,702.0,50.0
5339456643,豊島区,35.723958333333336,139.7078125,1385,944,684.0,187.0,101.0,36.0,944.0,210.0,590.0,73.0,209.0,733.0,0.0
5339456644,豊島区,35.723958333333336,139.7109375,2091,1222,812.0,220.0,133.0,62.0,1214.0,345.0,784.0,12.0,165.0,1048.0,103.0
5339456711,豊島区,35.717708333333334,139.7140625,1988,1188,728.0,215.0,133.0,80.0,1184.0,458.0,597.0,0.0,72.0,1110.0,123.0
5339456712,豊島区,35.717708333333334,139.71718750000002,1998,1113,611.0,164.0,101.0,66.0,1107.0,491.0,551.0,0.0,254.0,850.0,0.0
5339456713,豊島区,35.719791666666666,139.7140625,1599,1059,749.0,205.0,89.0,47.0,1058.0,314.0,642.0,0.0,139.0,916.0,0.0
5339456714,豊島区,35.719791666666666,139.71718750000002,1499,842,503.0,131.0,95.0,48.0,838.0,343.0,425.0,0.0,332.0,498.0,0.0
5339456721,文京区,35.717708333333334,139.7203125,972,608,399.0,102.0,66.0,26.0,608.0,256.0,316.0,0.0,147.0,457.0,0.0
5339456722,文京区,35.717708333333334,139.72343750000002,1653,903,520.0,103.0,93.0,64.0,902.0,414.0,415.0,0.0,257.0,634.0,0.0
5339456723,豊島区,35.719791666666666,139.7203125,1226,694,417.0,134.0,86.0,40.0,691.0,300.0,356.0,0.0,309.0,360.0,0.0
5339456724,豊島区,35.719791666666666,139.72343750000002,1235,677,400.0,88.0,79.0,61.0,673.0,291.0,316.0,0.0,208.0,453.0,0.0
5339456731,豊島区,35.721875000000004,139.7140625,1540,986,662.0,153.0,134.0,45.0,979.0,333.0,555.0,0.0,226.0,745.0,0.0
5339456732,豊島区,35.721875000000004,139.71718750000002,824,451,256.0,77.0,43.0,40.0,438.0,136.0,219.0,0.0,134.0,302.0,0.0
5339456733,豊島区,35.723958333333336,139.7140625,741,416,228.0,50.0,64.0,21.0,413.0,213.0,156.0,0.0,85.0,322.0,122.0
5339456734,豊島区,35.723958333333336,139.71718750000002,909,596,423.0,145.0,54.0,25.0,595.0,163.0,360.0,0.0,146.0,447.0,0.0
5339456741,豊島区,35.721875000000004,139.7203125,754,419,220.0,67.0,45.0,29.0,413.0,158.0,213.0,0.0,154.0,258.0,0.0
5339456742,豊島区,35.721875000000004,139.72343750000002,819,481,290.0,63.0,35.0,30.0,480.0,190.0,263.0,0.0,58.0,419.0,101.0
5339456743,豊島区,35.723958333333336,139.7203125,897,650,502.0,152.0,69.0,9.0,634.0,151.0,443.0,0.0,146.0,481.0,0.0
5339456744,文京区,35.723958333333336,139.72343750000002,1839,1094,643.0,138.0,145.0,63.0,1092.0,438.0,528.0,62.0,214.0,876.0,0.0
5339456811,文京区,35.717708333333334,139.7265625,540,432,368.0,153.0,10.0,7.0,387.0,53.0,324.0,0.0,2.0,382.0,0.0
5339456812,文京区,35.717708333333334,139.7296875,1528,789,376.0,41.0,74.0,66.0,788.0,513.0,245.0,0.0,46.0,732.0,42.0
5339456813,文京区,35.719791666666666,139.7265625,1575,801,410.0,64.0,59.0,81.0,795.0,312.0,399.0,0.0,46.0,748.0,0.0
5339456814,文京区,35.719791666666666,139.7296875,1116,679,446.0,128.0,45.0,39.0,677.0,207.0,437.0,0.0,166.0,504.0,0.0
5339456821,文京区,35.717708333333334,139.7328125,250,131,72.0,17.0,8.0,23.0,121.0,25.0,42.0,0.0,1.0,119.0,0.0
5339456822,文京区,35.717708333333334,139.7359375,1255,624,296.0,38.0,50.0,61.0,622.0,336.0,258.0,0.0,27.0,590.0,311.0
5339456823,文京区,35.719791666666666,139.7328125,1311,828,574.0,144.0,58.0,56.0,825.0,264.0,534.0,0.0,85.0,739.0,0.0
5339456824,文京区,35.719791666666666,139.7359375,504,255,121.0,21.0,16.0,33.0,255.0,159.0,91.0,0.0,15.0,240.0,91.0
5339456831,文京区,35.721875000000004,139.7265625,15,7,1.0,0.0,1.0,0.0,7.0,6.0,1.0,0.0,7.0,0.0,0.0
5339456832,文京区,35.721875000000004,139.7296875,1237,746,482.0,129.0,61.0,37.0,741.0,287.0,409.0,0.0,118.0,606.0,0.0
5339456833,文京区,35.723958333333336,139.7265625,1151,574,275.0,58.0,48.0,59.0,564.0,337.0,183.0,0.0,211.0,352.0,0.0
5339456834,文京区,35.723958333333336,139.7296875,2392,1351,794.0,204.0,148.0,80.0,1334.0,622.0,636.0,18.0,294.0,1029.0,0.0
5339456841,文京区,35.721875000000004,139.7328125,1884,1064,677.0,204.0,55.0,95.0,1056.0,370.0,614.0,0.0,125.0,927.0,81.0
5339456842,文京区,35.721875000000004,139.7359375,1106,708,491.0,146.0,54.0,52.0,703.0,142.0,498.0,0.0,101.0,597.0,0.0
5339456843,文京区,35.723958333333336,139.7328125,1048,563,300.0,68.0,83.0,29.0,561.0,234.0,241.0,41.0,213.0,338.0,0.0
5339456844,文京区,35.723958333333336,139.7359375,1540,887,584.0,146.0,70.0,61.0,884.0,290.0,537.0,19.0,183.0,690.0,0.0
5339456911,文京区,35.717708333333334,139.73906250000002,1308,654,364.0,63.0,45.0,47.0,635.0,234.0,359.0,0.0,103.0,529.0,23.0
5339456912,文京区,35.717708333333334,139.74218750000003,1898,1067,624.0,125.0,103.0,71.0,1065.0,435.0,569.0,0.0,141.0,921.0,0.0
5339456913,文京区,35.719791666666666,139.73906250000002,1698,958,578.0,165.0,62.0,84.0,953.0,320.0,576.0,0.0,72.0,881.0,0.0
5339456914,文京区,35.719791666666666,139.74218750000003,1400,736,393.0,98.0,60.0,61.0,734.0,358.0,325.0,0.0,188.0,513.0,0.0
5339456921,文京区,35.717708333333334,139.7453125,500,313,211.0,29.0,30.0,12.0,312.0,91.0,186.0,0.0,85.0,227.0,0.0
5339456922,文京区,35.717708333333334,139.74843750000002,1171,568,260.0,57.0,66.0,53.0,562.0,288.0,226.0,13.0,219.0,342.0,0.0
5339456923,文京区,35.719791666666666,139.7453125,312,155,60.0,3.0,30.0,5.0,154.0,87.0,23.0,42.0,89.0,64.0,0.0
5339456924,文京区,35.719791666666666,139.74843750000002,1434,767,415.0,114.0,92.0,56.0,762.0,343.0,348.0,19.0,247.0,501.0,0.0
5339456931,文京区,35.721875000000004,139.73906250000002,1871,991,568.0,138.0,62.0,91.0,978.0,403.0,531.0,0.0,159.0,816.0,0.0
5339456932,文京区,35.721875000000004,139.74218750000003,677,262,65.0,5.0,17.0,62.0,259.0,194.0,55.0,0.0,34.0,223.0,0.0
5339456933,文京区,35.723958333333336,139.73906250000002,2268,1086,472.0,68.0,90.0,111.0,1081.0,619.0,370.0,0.0,218.0,857.0,0.0
5339456934,文京区,35.723958333333336,139.74218750000003,1223,626,325.0,33.0,67.0,51.0,544.0,318.0,180.0,0.0,231.0,303.0,0.0
5339456941,文京区,35.721875000000004,139.7453125,1125,632,390.0,179.0,50.0,27.0,563.0,258.0,168.0,0.0,233.0,326.0,0.0
5339456942,文京区,35.721875000000004,139.74843750000002,1196,624,315.0,75.0,64.0,47.0,623.0,311.0,289.0,0.0,202.0,418.0,0.0
5339456943,文京区,35.723958333333336,139.7453125,1272,596,286.0,43.0,65.0,51.0,593.0,358.0,207.0,0.0,242.0,345.0,0.0
5339456944,文京区,35.723958333333336,139.74843750000002,1449,893,578.0,156.0,74.0,43.0,866.0,296.0,508.0,0.0,206.0,650.0,0.0
5339457011,中野区,35.72604166666667,139.6265625,1263,723,438.0,114.0,61.0,38.0,722.0,251.0,434.0,0.0,223.0,486.0,0.0
5339457012,中野区,35.72604166666667,139.62968750000002,1430,678,288.0,60.0,74.0,47.0,676.0,335.0,294.0,20.0,222.0,444.0,0.0
5339457013,中野区,35.728125,139.6265625,787,422,213.0,52.0,25.0,17.0,422.0,209.0,199.0,0.0,143.0,272.0,0.0
5339457014,中野区,35.728125,139.62968750000002,375,194,104.0,18.0,30.0,11.0,194.0,111.0,78.0,0.0,76.0,116.0,0.0
5339457021,中野区,35.72604166666667,139.6328125,1508,733,340.0,78.0,67.0,49.0,733.0,353.0,352.0,0.0,269.0,449.0,0.0
5339457022,中野区,35.72604166666667,139.6359375,1170,661,403.0,123.0,74.0,37.0,661.0,168.0,422.0,41.0,158.0,501.0,0.0
5339457023,中野区,35.728125,139.6328125,844,411,174.0,50.0,32.0,30.0,411.0,119.0,265.0,0.0,100.0,311.0,0.0
5339457024,中野区,35.728125,139.6359375,1207,597,261.0,48.0,71.0,53.0,596.0,231.0,286.0,48.0,229.0,317.0,0.0
5339457031,中野区,35.73020833333334,139.6265625,969,444,164.0,19.0,54.0,38.0,441.0,309.0,124.0,0.0,314.0,122.0,0.0
5339457032,中野区,35.73020833333334,139.62968750000002,921,413,136.0,20.0,43.0,33.0,412.0,247.0,150.0,0.0,269.0,140.0,0.0
5339457033,中野区,35.73229166666667,139.6265625,1068,437,112.0,11.0,42.0,40.0,436.0,291.0,107.0,27.0,183.0,244.0,0.0
5339457034,中野区,35.73229166666667,139.62968750000002,927,424,172.0,30.0,44.0,31.0,424.0,195.0,209.0,0.0,202.0,209.0,0.0
5339457041,中野区,35.73020833333334,139.6328125,848,351,105.0,21.0,34.0,26.0,351.0,203.0,123.0,0.0,217.0,132.0,0.0
5339457042,中野区,35.73020833333334,139.6359375,1028,464,181.0,66.0,28.0,50.0,464.0,237.0,180.0,0.0,229.0,207.0,0.0
5339457043,中野区,35.73229166666667,139.6328125,1168,478,127.0,19.0,27.0,61.0,473.0,293.0,165.0,0.0,147.0,307.0,0.0
5339457044,練馬区,35.73229166666667,139.6359375,1175,536,232.0,87.0,44.0,37.0,533.0,283.0,178.0,0.0,206.0,327.0,0.0
5339457111,中野区,35.72604166666667,139.6390625,1616,997,635.0,184.0,77.0,60.0,995.0,318.0,643.0,0.0,173.0,819.0,0.0
5339457112,練馬区,35.72604166666667,139.6421875,1545,979,631.0,231.0,59.0,50.0,978.0,227.0,700.0,0.0,182.0,794.0,0.0
5339457113,練馬区,35.728125,139.6390625,1210,605,274.0,58.0,56.0,52.0,602.0,236.0,318.0,0.0,170.0,423.0,0.0
5339457114,練馬区,35.728125,139.6421875,1566,780,384.0,115.0,44.0,61.0,774.0,372.0,381.0,0.0,150.0,621.0,0.0
5339457121,練馬区,35.72604166666667,139.6453125,1402,873,583.0,207.0,69.0,45.0,873.0,272.0,551.0,0.0,208.0,655.0,0.0
5339457122,中野区,35.72604166666667,139.6484375,1193,475,125.0,27.0,25.0,59.0,475.0,100.0,347.0,0.0,111.0,357.0,0.0
5339457123,練馬区,35.728125,139.6453125,1342,566,168.0,31.0,32.0,60.0,566.0,386.0,150.0,0.0,10.0,556.0,0.0
5339457124,練馬区,35.728125,139.6484375,1520,733,348.0,110.0,34.0,59.0,730.0,271.0,430.0,0.0,72.0,656.0,81.0
5339457131,練馬区,35.73020833333334,139.6390625,2022,790,367.0,80.0,64.0,77.0,781.0,334.0,386.0,0.0,126.0,643.0,0.0
5339457132,練馬区,35.73020833333334,139.6421875,1133,556,267.0,48.0,60.0,46.0,554.0,240.0,287.0,0.0,169.0,378.0,0.0
5339457133,練馬区,35.73229166666667,139.6390625,1597,949,583.0,144.0,101.0,64.0,917.0,264.0,616.0,0.0,165.0,752.0,0.0
5339457134,練馬区,35.73229166666667,139.6421875,1312,636,284.0,43.0,46.0,39.0,636.0,289.0,327.0,0.0,225.0,407.0,0.0
5339457141,練馬区,35.73020833333334,139.6453125,844,368,154.0,13.0,41.0,30.0,364.0,169.0,187.0,0.0,114.0,226.0,0.0
5339457142,練馬区,35.73020833333334,139.6484375,903,404,155.0,28.0,49.0,55.0,371.0,257.0,89.0,15.0,119.0,240.0,0.0
5339457143,練馬区,35.73229166666667,139.6453125,1297,614,274.0,67.0,49.0,44.0,613.0,271.0,320.0,0.0,85.0,515.0,0.0
5339457144,練馬区,35.73229166666667,139.6484375,1230,564,232.0,21.0,87.0,36.0,563.0,383.0,152.0,2.0,239.0,316.0,0.0
5339457211,中野区,35.72604166666667,139.6515625,1408,664,294.0,70.0,64.0,59.0,662.0,259.0,333.0,0.0,238.0,408.0,0.0
5339457212,中野区,35.72604166666667,139.65468750000002,1300,709,362.0,74.0,95.0,38.0,707.0,394.0,284.0,0.0,173.0,529.0,0.0
5339457213,練馬区,35.728125,139.6515625,1404,709,362.0,90.0,73.0,65.0,695.0,357.0,235.0,49.0,108.0,584.0,90.0
5339457214,練馬区,35.728125,139.65468750000002,1394,691,340.0,29.0,95.0,75.0,597.0,400.0,162.0,12.0,32.0,565.0,0.0
5339457221,練馬区,35.72604166666667,139.6578125,998,508,252.0,55.0,62.0,41.0,507.0,266.0,218.0,0.0,149.0,356.0,0.0
5339457222,中野区,35.72604166666667,139.66093750000002,1432,878,596.0,193.0,95.0,40.0,872.0,212.0,587.0,12.0,202.0,654.0,0.0
5339457223,練馬区,35.728125,139.6578125,861,373,150.0,32.0,32.0,25.0,373.0,178.0,176.0,0.0,80.0,292.0,0.0
5339457224,練馬区,35.728125,139.66093750000002,1350,735,416.0,96.0,65.0,40.0,730.0,338.0,372.0,0.0,185.0,528.0,0.0
5339457231,練馬区,35.73020833333334,139.6515625,1354,576,170.0,25.0,37.0,96.0,573.0,282.0,220.0,45.0,123.0,432.0,0.0
5339457232,練馬区,35.73020833333334,139.65468750000002,1192,569,253.0,29.0,109.0,40.0,562.0,209.0,177.0,161.0,111.0,445.0,0.0
5339457233,練馬区,35.73229166666667,139.6515625,1089,570,297.0,80.0,55.0,58.0,565.0,225.0,273.0,0.0,107.0,455.0,0.0
5339457234,練馬区,35.73229166666667,139.65468750000002,1576,984,624.0,190.0,96.0,58.0,973.0,196.0,636.0,74.0,160.0,803.0,0.0
5339457241,練馬区,35.73020833333334,139.6578125,1087,622,392.0,124.0,37.0,33.0,603.0,221.0,342.0,0.0,139.0,457.0,0.0
5339457242,練馬区,35.73020833333334,139.66093750000002,1363,747,413.0,117.0,53.0,49.0,747.0,303.0,396.0,8.0,173.0,562.0,0.0
5339457243,練馬区,35.73229166666667,139.6578125,1308,832,575.0,163.0,82.0,38.0,830.0,236.0,520.0,0.0,115.0,713.0,0.0
5339457244,練馬区,35.73229166666667,139.66093750000002,1484,868,511.0,114.0,63.0,56.0,866.0,324.0,484.0,10.0,58.0,794.0,0.0
5339457311,中野区,35.72604166666667,139.6640625,1411,802,486.0,112.0,154.0,36.0,798.0,268.0,424.0,74.0,222.0,569.0,0.0
5339457312,中野区,35.72604166666667,139.6671875,1171,699,420.0,106.0,93.0,33.0,692.0,249.0,411.0,0.0,217.0,469.0,0.0
5339457313,中野区,35.728125,139.6640625,1598,462,115.0,21.0,23.0,139.0,454.0,369.0,79.0,0.0,30.0,423.0,282.0
5339457314,中野区,35.728125,139.6671875,1803,803,307.0,124.0,71.0,179.0,800.0,276.0,364.0,10.0,8.0,790.0,62.0
5339457321,中野区,35.72604166666667,139.6703125,1320,688,330.0,60.0,102.0,41.0,688.0,265.0,324.0,81.0,251.0,421.0,0.0
5339457322,中野区,35.72604166666667,139.6734375,1178,565,271.0,57.0,42.0,34.0,562.0,221.0,309.0,9.0,227.0,333.0,0.0
5339457323,中野区,35.728125,139.6703125,1331,679,333.0,61.0,81.0,55.0,675.0,274.0,292.0,95.0,152.0,519.0,0.0
5339457324,中野区,35.728125,139.6734375,1020,553,307.0,43.0,122.0,18.0,550.0,198.0,132.0,205.0,200.0,349.0,0.0
5339457331,練馬区,35.73020833333334,139.6640625,972,407,198.0,49.0,56.0,12.0,407.0,212.0,135.0,47.0,221.0,185.0,0.0
5339457332,中野区,35.73020833333334,139.6671875,508,307,181.0,33.0,41.0,9.0,304.0,71.0,152.0,61.0,44.0,260.0,0.0
5339457333,練馬区,35.73229166666667,139.6640625,1514,848,468.0,79.0,116.0,53.0,826.0,429.0,283.0,68.0,145.0,668.0,0.0
5339457334,練馬区,35.73229166666667,139.6671875,1308,689,408.0,95.0,100.0,21.0,682.0,235.0,307.0,133.0,97.0,584.0,0.0
5339457341,中野区,35.73020833333334,139.6703125,1207,684,387.0,98.0,69.0,36.0,683.0,175.0,348.0,91.0,163.0,495.0,0.0
5339457342,中野区,35.73020833333334,139.6734375,952,556,322.0,72.0,56.0,30.0,556.0,197.0,284.0,31.0,118.0,436.0,0.0
5339457343,中野区,35.73229166666667,139.6703125,1388,802,436.0,60.0,104.0,47.0,800.0,346.0,433.0,0.0,125.0,670.0,0.0
5339457344,中野区,35.73229166666667,139.6734375,1235,741,439.0,93.0,68.0,34.0,733.0,227.0,455.0,0.0,182.0,537.0,0.0
5339457411,新宿区,35.72604166666667,139.67656250000002,995,512,250.0,49.0,62.0,37.0,508.0,208.0,265.0,0.0,201.0,287.0,0.0
5339457412,新宿区,35.72604166666667,139.67968750000003,800,410,201.0,46.0,40.0,28.0,410.0,217.0,176.0,0.0,213.0,188.0,0.0
5339457413,中野区,35.728125,139.67656250000002,958,465,217.0,61.0,50.0,41.0,464.0,241.0,195.0,0.0,239.0,221.0,0.0
5339457414,豊島区,35.728125,139.67968750000003,1082,738,543.0,237.0,49.0,30.0,661.0,141.0,359.0,0.0,141.0,509.0,24.0
5339457421,豊島区,35.72604166666667,139.6828125,1475,943,613.0,158.0,101.0,52.0,940.0,269.0,613.0,0.0,143.0,790.0,0.0
5339457422,豊島区,35.72604166666667,139.68593750000002,1785,1003,591.0,122.0,121.0,52.0,1002.0,419.0,527.0,0.0,355.0,637.0,0.0
5339457423,豊島区,35.728125,139.6828125,1987,1354,973.0,220.0,219.0,53.0,1351.0,364.0,891.0,9.0,224.0,1104.0,0.0
5339457424,豊島区,35.728125,139.68593750000002,1874,1217,839.0,216.0,156.0,53.0,1215.0,350.0,773.0,0.0,352.0,855.0,0.0
5339457431,中野区,35.73020833333334,139.67656250000002,1234,727,439.0,93.0,90.0,35.0,723.0,298.0,396.0,11.0,198.0,520.0,0.0
5339457432,豊島区,35.73020833333334,139.67968750000003,1935,990,545.0,135.0,75.0,113.0,977.0,346.0,500.0,0.0,247.0,726.0,22.0
5339457433,練馬区,35.73229166666667,139.67656250000002,1514,955,626.0,162.0,89.0,33.0,941.0,330.0,581.0,2.0,242.0,691.0,0.0
5339457434,豊島区,35.73229166666667,139.67968750000003,1735,1075,699.0,167.0,127.0,72.0,1071.0,295.0,717.0,0.0,245.0,821.0,0.0
5339457441,豊島区,35.73020833333334,139.6828125,1476,914,574.0,131.0,129.0,61.0,910.0,288.0,573.0,0.0,173.0,731.0,0.0
5339457442,豊島区,35.73020833333334,139.68593750000002,1846,1034,625.0,138.0,166.0,47.0,1028.0,438.0,541.0,0.0,378.0,643.0,0.0
5339457443,豊島区,35.73229166666667,139.6828125,1535,934,600.0,130.0,126.0,50.0,933.0,342.0,529.0,0.0,291.0,634.0,0.0
5339457444,豊島区,35.73229166666667,139.68593750000002,1516,880,535.0,110.0,137.0,44.0,878.0,339.0,502.0,0.0,354.0,519.0,0.0
5339457511,豊島区,35.72604166666667,139.6890625,1764,1042,655.0,161.0,145.0,55.0,1037.0,393.0,585.0,0.0,382.0,648.0,0.0
5339457512,豊島区,35.72604166666667,139.69218750000002,1743,1077,724.0,148.0,164.0,49.0,1073.0,263.0,675.0,26.0,248.0,816.0,0.0
5339457513,豊島区,35.728125,139.6890625,1568,988,667.0,177.0,109.0,43.0,988.0,333.0,602.0,0.0,279.0,704.0,0.0
5339457514,豊島区,35.728125,139.69218750000002,1806,1113,723.0,150.0,169.0,45.0,1105.0,411.0,651.0,0.0,322.0,775.0,0.0
5339457521,豊島区,35.72604166666667,139.6953125,2028,1319,942.0,213.0,146.0,80.0,1318.0,305.0,910.0,0.0,142.0,1171.0,0.0
5339457522,豊島区,35.72604166666667,139.6984375,1656,1062,693.0,193.0,117.0,38.0,1059.0,301.0,669.0,0.0,227.0,810.0,0.0
5339457523,豊島区,35.728125,139.6953125,1517,970,636.0,169.0,99.0,57.0,969.0,247.0,638.0,0.0,194.0,771.0,28.0
5339457524,豊島区,35.728125,139.6984375,2042,1321,896.0,274.0,116.0,71.0,1318.0,360.0,871.0,0.0,199.0,1118.0,4.0
5339457531,豊島区,35.73020833333334,139.6890625,1547,938,592.0,147.0,141.0,47.0,931.0,369.0,527.0,0.0,337.0,591.0,0.0
5339457532,豊島区,35.73020833333334,139.69218750000002,1725,1060,709.0,154.0,159.0,42.0,1050.0,341.0,577.0,29.0,376.0,662.0,0.0
5339457533,豊島区,35.73229166666667,139.6890625,1339,694,363.0,92.0,86.0,39.0,693.0,342.0,318.0,0.0,308.0,379.0,0.0
5339457534,豊島区,35.73229166666667,139.69218750000002,1624,958,603.0,178.0,128.0,41.0,955.0,335.0,541.0,20.0,319.0,619.0,0.0
5339457541,豊島区,35.73020833333334,139.6953125,1679,1054,695.0,156.0,141.0,54.0,1051.0,303.0,655.0,0.0,249.0,795.0,0.0
5339457542,豊島区,35.73020833333334,139.6984375,1957,1258,833.0,244.0,115.0,59.0,1253.0,261.0,868.0,0.0,119.0,1124.0,0.0
5339457543,豊島区,35.73229166666667,139.6953125,1577,961,600.0,135.0,108.0,49.0,960.0,333.0,580.0,0.0,246.0,709.0,0.0
5339457544,豊島区,35.73229166666667,139.6984375,1811,1265,902.0,223.0,103.0,44.0,1256.0,363.0,808.0,0.0,125.0,1122.0,122.0
5339457611,豊島区,35.72604166666667,139.7015625,1714,1020,641.0,191.0,90.0,48.0,1002.0,376.0,547.0,0.0,292.0,693.0,0.0
5339457612,豊島区,35.72604166666667,139.7046875,1784,1060,686.0,231.0,78.0,70.0,1058.0,392.0,573.0,0.0,192.0,863.0,0.0
5339457613,豊島区,35.728125,139.7015625,1369,880,609.0,193.0,84.0,32.0,878.0,238.0,588.0,12.0,158.0,718.0,0.0
5339457614,豊島区,35.728125,139.7046875,1930,1226,808.0,241.0,99.0,79.0,1218.0,292.0,837.0,0.0,131.0,1081.0,0.0
5339457621,豊島区,35.72604166666667,139.7078125,1332,889,634.0,187.0,92.0,42.0,880.0,189.0,629.0,0.0,154.0,724.0,0.0
5339457622,豊島区,35.72604166666667,139.7109375,1289,827,539.0,145.0,46.0,66.0,822.0,390.0,361.0,7.0,32.0,789.0,382.0
5339457623,豊島区,35.728125,139.7078125,937,667,494.0,149.0,52.0,22.0,667.0,150.0,411.0,0.0,40.0,627.0,124.0
5339457624,豊島区,35.728125,139.7109375,9,7,,,,,,,,,,,
5339457631,豊島区,35.73020833333334,139.7015625,326,190,108.0,18.0,26.0,10.0,190.0,79.0,100.0,0.0,40.0,148.0,0.0
5339457632,豊島区,35.73020833333334,139.7046875,596,449,356.0,90.0,63.0,14.0,445.0,77.0,351.0,0.0,39.0,405.0,0.0
5339457633,豊島区,35.73229166666667,139.7015625,1626,1068,710.0,170.0,104.0,73.0,1066.0,407.0,597.0,0.0,92.0,968.0,40.0
5339457634,豊島区,35.73229166666667,139.7046875,1853,1160,744.0,165.0,116.0,48.0,1156.0,405.0,671.0,0.0,53.0,1085.0,371.0
5339457641,豊島区,35.73020833333334,139.7078125,875,514,297.0,59.0,18.0,44.0,516.0,26.0,440.0,0.0,9.0,501.0,333.0
5339457642,豊島区,35.73020833333334,139.7109375,8,4,,,,,,,,,,,
5339457643,豊島区,35.73229166666667,139.7078125,371,270,208.0,63.0,35.0,5.0,270.0,48.0,176.0,8.0,24.0,234.0,21.0
5339457644,豊島区,35.73229166666667,139.7109375,88,59,42.0,4.0,7.0,1.0,59.0,29.0,26.0,0.0,15.0,38.0,0.0
5339457711,豊島区,35.72604166666667,139.7140625,1209,840,618.0,198.0,72.0,31.0,833.0,171.0,593.0,0.0,61.0,758.0,75.0
5339457712,豊島区,35.72604166666667,139.71718750000002,1668,907,465.0,73.0,102.0,78.0,904.0,519.0,321.0,16.0,73.0,829.0,469.0
5339457713,豊島区,35.728125,139.7140625,114,72,48.0,10.0,7.0,4.0,72.0,17.0,47.0,0.0,6.0,56.0,0.0
5339457714,豊島区,35.728125,139.71718750000002,238,190,158.0,39.0,15.0,3.0,190.0,18.0,149.0,6.0,10.0,177.0,0.0
5339457721,豊島区,35.72604166666667,139.7203125,2113,1250,738.0,167.0,109.0,66.0,1248.0,522.0,608.0,0.0,147.0,1091.0,501.0
5339457722,豊島区,35.72604166666667,139.72343750000002,1998,1144,675.0,151.0,145.0,100.0,1139.0,484.0,578.0,19.0,390.0,743.0,131.0
5339457723,豊島区,35.728125,139.7203125,1676,934,504.0,79.0,78.0,77.0,931.0,526.0,302.0,0.0,13.0,915.0,602.0
5339457724,豊島区,35.728125,139.72343750000002,1024,569,307.0,81.0,64.0,55.0,569.0,299.0,233.0,0.0,158.0,408.0,100.0
5339457731,豊島区,35.73020833333334,139.7140625,32,19,12.0,1.0,6.0,0.0,19.0,13.0,3.0,0.0,8.0,4.0,0.0
5339457732,豊島区,35.73020833333334,139.71718750000002,337,255,196.0,45.0,27.0,9.0,254.0,36.0,198.0,0.0,3.0,248.0,0.0
5339457733,豊島区,35.73229166666667,139.7140625,485,439,404.0,126.0,23.0,1.0,438.0,42.0,352.0,0.0,5.0,429.0,250.0
5339457734,豊島区,35.73229166666667,139.71718750000002,1375,1072,883.0,258.0,80.0,19.0,1068.0,137.0,837.0,0.0,20.0,1045.0,50.0
5339457741,豊島区,35.73020833333334,139.7203125,1193,701,401.0,101.0,39.0,58.0,682.0,246.0,274.0,27.0,4.0,675.0,366.0
5339457742,豊島区,35.73020833333334,139.72343750000002,2549,1707,1184.0,387.0,134.0,87.0,1702.0,450.0,1057.0,5.0,64.0,1632.0,206.0
5339457743,豊島区,35.73229166666667,139.7203125,2356,1605,1146.0,349.0,107.0,77.0,1596.0,286.0,824.0,356.0,109.0,1478.0,603.0
5339457744,豊島区,35.73229166666667,139.72343750000002,1439,989,724.0,218.0,102.0,34.0,985.0,205.0,690.0,0.0,196.0,783.0,0.0
5339457811,文京区,35.72604166666667,139.7265625,2201,1467,1041.0,268.0,163.0,77.0,1463.0,508.0,882.0,0.0,293.0,1163.0,0.0
5339457812,文京区,35.72604166666667,139.7296875,2077,1265,783.0,195.0,161.0,57.0,1263.0,488.0,688.0,0.0,221.0,1034.0,80.0
5339457813,豊島区,35.728125,139.7265625,2415,1616,1131.0,319.0,172.0,66.0,1606.0,438.0,970.0,9.0,140.0,1459.0,87.0
5339457814,豊島区,35.728125,139.7296875,2335,1488,951.0,256.0,229.0,61.0,1478.0,377.0,733.0,243.0,134.0,1331.0,80.0
5339457821,豊島区,35.72604166666667,139.7328125,1486,922,581.0,191.0,104.0,35.0,899.0,295.0,514.0,4.0,286.0,605.0,0.0
5339457822,文京区,35.72604166666667,139.7359375,1459,755,350.0,66.0,88.0,50.0,750.0,386.0,310.0,0.0,193.0,548.0,0.0
5339457823,豊島区,35.728125,139.7328125,2302,1402,912.0,290.0,152.0,99.0,1387.0,415.0,837.0,0.0,245.0,1128.0,0.0
5339457824,豊島区,35.728125,139.7359375,1327,688,352.0,74.0,100.0,53.0,687.0,350.0,232.0,16.0,329.0,353.0,0.0
5339457831,豊島区,35.73020833333334,139.7265625,2171,1445,1004.0,260.0,171.0,74.0,1432.0,353.0,932.0,0.0,79.0,1347.0,0.0
5339457832,豊島区,35.73020833333334,139.7296875,1487,963,635.0,151.0,152.0,29.0,953.0,208.0,493.0,154.0,58.0,887.0,0.0
5339457833,豊島区,35.73229166666667,139.7265625,1454,1112,900.0,279.0,87.0,41.0,1103.0,86.0,904.0,0.0,26.0,1070.0,0.0
5339457834,豊島区,35.73229166666667,139.7296875,1437,1040,768.0,275.0,76.0,34.0,1032.0,141.0,767.0,40.0,19.0,1000.0,181.0
5339457841,豊島区,35.73020833333334,139.7328125,2466,1799,1391.0,516.0,164.0,34.0,1798.0,366.0,1240.0,60.0,196.0,1598.0,0.0
5339457842,豊島区,35.73020833333334,139.7359375,1830,1209,847.0,245.0,135.0,52.0,1208.0,322.0,783.0,0.0,267.0,929.0,0.0
5339457843,豊島区,35.73229166666667,139.7328125,1576,886,493.0,127.0,96.0,70.0,882.0,344.0,463.0,12.0,86.0,792.0,195.0
5339457844,豊島区,35.73229166666667,139.7359375,1915,1218,817.0,239.0,119.0,54.0,1210.0,295.0,822.0,0.0,133.0,1074.0,0.0
5339457911,文京区,35.72604166666667,139.73906250000002,1780,926,461.0,74.0,136.0,84.0,923.0,378.0,285.0,224.0,197.0,722.0,0.0
5339457912,文京区,35.72604166666667,139.74218750000003,2104,1001,492.0,88.0,84.0,96.0,974.0,467.0,371.0,4.0,208.0,749.0,0.0
5339457913,文京区,35.728125,139.73906250000002,1848,1003,551.0,127.0,108.0,66.0,973.0,411.0,491.0,14.0,299.0,661.0,0.0
5339457914,文京区,35.728125,139.74218750000003,2367,1411,860.0,192.0,103.0,97.0,1403.0,536.0,780.0,0.0,293.0,1099.0,80.0
5339457921,文京区,35.72604166666667,139.7453125,1775,923,493.0,99.0,65.0,71.0,915.0,357.0,456.0,0.0,210.0,695.0,0.0
5339457922,文京区,35.72604166666667,139.74843750000002,1675,933,557.0,137.0,89.0,59.0,927.0,333.0,522.0,0.0,237.0,681.0,0.0
5339457923,文京区,35.728125,139.7453125,1278,703,392.0,67.0,55.0,47.0,700.0,342.0,335.0,0.0,142.0,554.0,58.0
5339457924,文京区,35.728125,139.74843750000002,1456,730,364.0,92.0,88.0,86.0,729.0,296.0,343.0,32.0,282.0,438.0,68.0
5339457931,文京区,35.73020833333334,139.73906250000002,1762,1019,622.0,120.0,96.0,60.0,1015.0,349.0,586.0,0.0,207.0,797.0,0.0
5339457932,文京区,35.73020833333334,139.74218750000003,1988,1187,723.0,163.0,93.0,69.0,1182.0,422.0,693.0,0.0,194.0,985.0,0.0
5339457933,豊島区,35.73229166666667,139.73906250000002,1612,1113,809.0,230.0,128.0,42.0,1107.0,245.0,780.0,0.0,78.0,1021.0,0.0
5339457934,豊島区,35.73229166666667,139.74218750000003,1167,611,305.0,64.0,49.0,48.0,607.0,219.0,348.0,0.0,97.0,503.0,0.0
5339457941,文京区,35.73020833333334,139.7453125,1283,603,247.0,21.0,46.0,89.0,602.0,278.0,271.0,0.0,105.0,487.0,0.0
5339457942,文京区,35.73020833333334,139.74843750000002,1075,538,270.0,12.0,60.0,59.0,469.0,109.0,272.0,62.0,87.0,382.0,171.0
5339457943,文京区,35.73229166666667,139.7453125,146,73,33.0,6.0,9.0,4.0,72.0,38.0,23.0,0.0,42.0,28.0,0.0
5339457944,文京区,35.73229166666667,139.74843750000002,1531,814,399.0,76.0,79.0,69.0,795.0,446.0,299.0,0.0,32.0,762.0,0.0
5339458011,練馬区,35.73437500000001,139.6265625,1252,649,296.0,47.0,91.0,38.0,647.0,237.0,315.0,50.0,194.0,447.0,0.0
5339458012,中野区,35.73437500000001,139.62968750000002,1519,868,475.0,118.0,116.0,49.0,867.0,197.0,442.0,185.0,110.0,751.0,0.0
5339458013,練馬区,35.73645833333334,139.6265625,1685,961,551.0,85.0,86.0,44.0,955.0,371.0,555.0,0.0,108.0,841.0,0.0
5339458014,練馬区,35.73645833333334,139.62968750000002,1554,934,568.0,143.0,85.0,65.0,931.0,402.0,457.0,0.0,103.0,821.0,0.0
5339458021,中野区,35.73437500000001,139.6328125,1446,697,313.0,75.0,69.0,58.0,696.0,270.0,320.0,64.0,140.0,538.0,0.0
5339458022,練馬区,35.73437500000001,139.6359375,881,471,250.0,39.0,82.0,42.0,471.0,92.0,305.0,41.0,81.0,380.0,0.0
5339458023,練馬区,35.73645833333334,139.6328125,1710,922,471.0,91.0,88.0,70.0,921.0,466.0,382.0,37.0,116.0,798.0,0.0
5339458024,練馬区,35.73645833333334,139.6359375,1556,887,519.0,103.0,68.0,52.0,886.0,327.0,499.0,26.0,44.0,833.0,0.0
5339458031,練馬区,35.73854166666668,139.6265625,875,471,246.0,56.0,33.0,37.0,460.0,160.0,265.0,0.0,168.0,282.0,0.0
5339458032,練馬区,35.73854166666668,139.62968750000002,1528,945,612.0,156.0,108.0,36.0,945.0,396.0,513.0,6.0,234.0,708.0,0.0
5339458033,練馬区,35.74062500000001,139.6265625,968,474,211.0,45.0,57.0,39.0,474.0,240.0,204.0,11.0,210.0,258.0,0.0
5339458034,練馬区,35.74062500000001,139.62968750000002,1113,565,270.0,41.0,91.0,33.0,563.0,340.0,208.0,0.0,321.0,233.0,0.0
5339458041,練馬区,35.73854166666668,139.6328125,1679,894,483.0,75.0,139.0,69.0,893.0,522.0,332.0,16.0,137.0,752.0,0.0
5339458042,練馬区,35.73854166666668,139.6359375,1358,723,371.0,66.0,77.0,57.0,721.0,320.0,356.0,23.0,118.0,595.0,0.0
5339458043,練馬区,35.74062500000001,139.6328125,1350,776,453.0,94.0,110.0,39.0,767.0,318.0,405.0,19.0,176.0,585.0,0.0
5339458044,練馬区,35.74062500000001,139.6359375,1737,1094,718.0,181.0,106.0,56.0,1093.0,275.0,769.0,0.0,99.0,986.0,0.0
5339458111,練馬区,35.73437500000001,139.6390625,1742,1017,613.0,110.0,123.0,67.0,1017.0,229.0,728.0,10.0,113.0,898.0,0.0
5339458112,練馬区,35.73437500000001,139.6421875,1420,770,425.0,94.0,66.0,57.0,768.0,268.0,461.0,0.0,196.0,566.0,0.0
5339458113,練馬区,35.73645833333334,139.6390625,1821,1120,729.0,141.0,126.0,49.0,1119.0,368.0,694.0,0.0,61.0,1056.0,0.0
5339458114,練馬区,35.73645833333334,139.6421875,1484,898,572.0,153.0,59.0,56.0,897.0,135.0,704.0,0.0,62.0,827.0,0.0
5339458121,練馬区,35.73437500000001,139.6453125,1882,800,272.0,59.0,61.0,112.0,786.0,508.0,190.0,0.0,100.0,682.0,0.0
5339458122,練馬区,35.73437500000001,139.6484375,1394,741,364.0,98.0,56.0,50.0,739.0,328.0,373.0,0.0,137.0,599.0,0.0
5339458123,練馬区,35.73645833333334,139.6453125,1815,1108,700.0,180.0,91.0,76.0,1095.0,318.0,628.0,79.0,70.0,1025.0,0.0
5339458124,練馬区,35.73645833333334,139.6484375,3024,1900,1234.0,268.0,199.0,88.0,1898.0,878.0,942.0,8.0,52.0,1843.0,256.0
5339458131,練馬区,35.73854166666668,139.6390625,1010,605,366.0,84.0,51.0,31.0,605.0,165.0,421.0,0.0,89.0,500.0,0.0
5339458132,練馬区,35.73854166666668,139.6421875,1666,1054,708.0,167.0,104.0,51.0,1052.0,241.0,739.0,0.0,110.0,930.0,0.0
5339458133,練馬区,35.74062500000001,139.6390625,1214,586,258.0,53.0,55.0,54.0,585.0,217.0,332.0,0.0,123.0,457.0,0.0
5339458134,練馬区,35.74062500000001,139.6421875,1088,470,225.0,50.0,33.0,30.0,465.0,197.0,236.0,0.0,206.0,239.0,0.0
5339458141,練馬区,35.73854166666668,139.6453125,953,461,230.0,53.0,32.0,43.0,460.0,163.0,209.0,9.0,109.0,351.0,0.0
5339458142,練馬区,35.73854166666668,139.6484375,1564,1024,702.0,181.0,91.0,61.0,1021.0,184.0,782.0,0.0,159.0,854.0,0.0
5339458143,練馬区,35.74062500000001,139.6453125,732,374,185.0,35.0,47.0,28.0,367.0,215.0,132.0,0.0,215.0,135.0,0.0
5339458144,練馬区,35.74062500000001,139.6484375,1466,949,654.0,189.0,79.0,28.0,945.0,327.0,558.0,0.0,203.0,735.0,0.0
5339458211,練馬区,35.73437500000001,139.6515625,1564,979,653.0,248.0,58.0,75.0,972.0,232.0,552.0,0.0,64.0,903.0,0.0
5339458212,練馬区,35.73437500000001,139.65468750000002,2016,1239,757.0,148.0,119.0,59.0,1230.0,484.0,674.0,0.0,176.0,1049.0,0.0
5339458213,練馬区,35.73645833333334,139.6515625,2807,1688,1015.0,207.0,149.0,88.0,1688.0,653.0,897.0,69.0,19.0,1665.0,276.0
5339458214,練馬区,35.73645833333334,139.65468750000002,1781,1325,1006.0,201.0,79.0,46.0,1325.0,315.0,884.0,0.0,65.0,1249.0,43.0
5339458221,練馬区,35.73437500000001,139.6578125,1635,1036,686.0,173.0,84.0,65.0,1034.0,258.0,676.0,0.0,140.0,883.0,57.0
5339458222,練馬区,35.73437500000001,139.66093750000002,1847,1251,894.0,272.0,98.0,52.0,1249.0,351.0,851.0,0.0,95.0,1152.0,0.0
5339458223,練馬区,35.73645833333334,139.6578125,1985,1321,939.0,280.0,119.0,57.0,1302.0,277.0,888.0,0.0,168.0,1128.0,0.0
5339458224,練馬区,35.73645833333334,139.66093750000002,1699,1121,785.0,196.0,95.0,50.0,1118.0,314.0,722.0,0.0,132.0,978.0,0.0
5339458231,練馬区,35.73854166666668,139.6515625,1344,871,589.0,121.0,87.0,45.0,871.0,236.0,595.0,0.0,144.0,718.0,0.0
5339458232,練馬区,35.73854166666668,139.65468750000002,962,586,380.0,87.0,33.0,34.0,586.0,126.0,427.0,0.0,54.0,532.0,0.0
5339458233,練馬区,35.74062500000001,139.6515625,918,547,332.0,77.0,51.0,23.0,547.0,231.0,291.0,8.0,162.0,370.0,0.0
5339458234,練馬区,35.74062500000001,139.65468750000002,1285,806,526.0,109.0,94.0,36.0,799.0,265.0,472.0,29.0,215.0,578.0,0.0
5339458241,練馬区,35.73854166666668,139.6578125,1885,1319,977.0,258.0,87.0,44.0,1316.0,335.0,876.0,0.0,153.0,1128.0,0.0
5339458242,練馬区,35.73854166666668,139.66093750000002,2634,1749,1191.0,301.0,168.0,65.0,1732.0,694.0,930.0,0.0,114.0,1597.0,0.0
5339458243,練馬区,35.74062500000001,139.6578125,1311,774,463.0,100.0,87.0,41.0,772.0,275.0,462.0,0.0,242.0,499.0,0.0
5339458244,練馬区,35.74062500000001,139.66093750000002,1322,771,482.0,153.0,67.0,51.0,769.0,289.0,437.0,0.0,245.0,516.0,0.0
5339458311,練馬区,35.73437500000001,139.6640625,1237,868,641.0,238.0,33.0,36.0,861.0,92.0,636.0,0.0,45.0,814.0,0.0
5339458312,練馬区,35.73437500000001,139.6671875,1576,1029,707.0,173.0,85.0,43.0,1028.0,424.0,568.0,5.0,94.0,930.0,0.0
5339458313,練馬区,35.73645833333334,139.6640625,1767,1215,834.0,218.0,124.0,36.0,1214.0,439.0,737.0,0.0,72.0,1130.0,0.0
5339458314,練馬区,35.73645833333334,139.6671875,176,111,71.0,18.0,10.0,3.0,110.0,41.0,64.0,0.0,21.0,85.0,0.0
5339458321,練馬区,35.73437500000001,139.6703125,1688,1113,747.0,202.0,74.0,47.0,1110.0,280.0,785.0,0.0,163.0,944.0,0.0
5339458322,練馬区,35.73437500000001,139.6734375,2047,1365,964.0,224.0,123.0,70.0,1363.0,399.0,921.0,0.0,229.0,1130.0,0.0
5339458323,練馬区,35.73645833333334,139.6703125,1795,1290,963.0,238.0,68.0,49.0,1279.0,265.0,933.0,0.0,113.0,1156.0,28.0
5339458324,練馬区,35.73645833333334,139.6734375,1465,994,705.0,132.0,79.0,37.0,994.0,316.0,647.0,0.0,77.0,913.0,0.0
5339458331,練馬区,35.73854166666668,139.6640625,2052,1316,847.0,198.0,120.0,68.0,1315.0,349.0,906.0,0.0,88.0,1222.0,0.0
5339458332,練馬区,35.73854166666668,139.6671875,1219,845,626.0,161.0,94.0,26.0,837.0,268.0,538.0,0.0,95.0,742.0,0.0
5339458333,練馬区,35.74062500000001,139.6640625,1429,866,557.0,155.0,82.0,28.0,863.0,294.0,528.0,0.0,221.0,633.0,0.0
5339458334,練馬区,35.74062500000001,139.6671875,1682,961,595.0,159.0,67.0,65.0,958.0,372.0,550.0,0.0,211.0,743.0,0.0
5339458341,練馬区,35.73854166666668,139.6703125,1715,1106,753.0,145.0,90.0,37.0,1106.0,321.0,740.0,0.0,138.0,956.0,0.0
5339458342,練馬区,35.73854166666668,139.6734375,1286,830,583.0,158.0,68.0,33.0,827.0,264.0,539.0,0.0,135.0,688.0,0.0
5339458343,練馬区,35.74062500000001,139.6703125,1201,818,594.0,147.0,85.0,24.0,817.0,251.0,533.0,0.0,219.0,592.0,0.0
5339458344,練馬区,35.74062500000001,139.6734375,1217,855,645.0,189.0,64.0,19.0,853.0,236.0,594.0,0.0,209.0,628.0,0.0
5339458411,練馬区,35.73437500000001,139.67656250000002,1314,896,641.0,194.0,77.0,36.0,894.0,225.0,632.0,0.0,176.0,709.0,0.0
5339458412,豊島区,35.73437500000001,139.67968750000003,1449,842,508.0,117.0,115.0,32.0,831.0,290.0,466.0,16.0,272.0,542.0,0.0
5339458413,練馬区,35.73645833333334,139.67656250000002,873,543,351.0,68.0,75.0,15.0,541.0,242.0,280.0,0.0,106.0,434.0,0.0
5339458414,練馬区,35.73645833333334,139.67968750000003,1185,779,550.0,134.0,86.0,35.0,778.0,233.0,500.0,0.0,221.0,535.0,0.0
5339458421,豊島区,35.73437500000001,139.6828125,1230,803,566.0,210.0,103.0,28.0,748.0,234.0,388.0,55.0,192.0,553.0,0.0
5339458422,豊島区,35.73437500000001,139.68593750000002,1231,610,285.0,61.0,74.0,51.0,608.0,297.0,281.0,2.0,303.0,277.0,0.0
5339458423,豊島区,35.73645833333334,139.6828125,1651,841,450.0,91.0,112.0,42.0,839.0,397.0,411.0,10.0,321.0,508.0,0.0
5339458424,豊島区,35.73645833333334,139.68593750000002,746,417,213.0,49.0,55.0,24.0,415.0,195.0,190.0,2.0,174.0,232.0,0.0
5339458431,練馬区,35.73854166666668,139.67656250000002,1014,637,424.0,116.0,61.0,16.0,637.0,250.0,352.0,0.0,188.0,438.0,0.0
5339458432,練馬区,35.73854166666668,139.67968750000003,1653,905,490.0,113.0,73.0,74.0,905.0,234.0,431.0,223.0,175.0,718.0,0.0
5339458433,練馬区,35.74062500000001,139.67656250000002,1412,802,443.0,126.0,44.0,53.0,801.0,248.0,519.0,0.0,162.0,629.0,0.0
5339458434,板橋区,35.74062500000001,139.67968750000003,1215,660,366.0,85.0,45.0,66.0,642.0,224.0,354.0,0.0,121.0,521.0,0.0
5339458441,豊島区,35.73854166666668,139.6828125,572,362,249.0,59.0,43.0,12.0,361.0,145.0,214.0,0.0,106.0,249.0,0.0
5339458442,豊島区,35.73854166666668,139.68593750000002,1737,1088,689.0,177.0,123.0,53.0,1085.0,283.0,713.0,24.0,251.0,821.0,0.0
5339458443,板橋区,35.74062500000001,139.6828125,1142,703,440.0,110.0,51.0,49.0,700.0,168.0,483.0,0.0,150.0,545.0,0.0
5339458444,板橋区,35.74062500000001,139.68593750000002,1153,668,372.0,82.0,58.0,39.0,663.0,171.0,446.0,17.0,85.0,574.0,0.0
5339458511,豊島区,35.73437500000001,139.6890625,1261,729,429.0,123.0,99.0,50.0,724.0,250.0,447.0,0.0,222.0,499.0,0.0
5339458512,豊島区,35.73437500000001,139.69218750000002,1700,1010,638.0,177.0,94.0,55.0,1008.0,291.0,627.0,0.0,208.0,798.0,0.0
5339458513,豊島区,35.73645833333334,139.6890625,1491,874,508.0,94.0,119.0,63.0,869.0,354.0,431.0,12.0,236.0,623.0,0.0
5339458514,豊島区,35.73645833333334,139.69218750000002,1111,725,482.0,161.0,78.0,26.0,696.0,205.0,374.0,20.0,148.0,547.0,0.0
5339458521,豊島区,35.73437500000001,139.6953125,1107,665,405.0,122.0,65.0,34.0,661.0,188.0,417.0,0.0,177.0,476.0,0.0
5339458522,豊島区,35.73437500000001,139.6984375,1791,1172,844.0,236.0,127.0,46.0,1163.0,291.0,812.0,0.0,244.0,911.0,4.0
5339458523,豊島区,35.73645833333334,139.6953125,1476,837,484.0,117.0,98.0,56.0,835.0,370.0,432.0,0.0,338.0,489.0,0.0
5339458524,豊島区,35.73645833333334,139.6984375,1592,1022,691.0,166.0,120.0,35.0,1019.0,356.0,618.0,0.0,330.0,672.0,0.0
5339458531,豊島区,35.73854166666668,139.6890625,1005,680,486.0,133.0,100.0,19.0,660.0,149.0,442.0,16.0,128.0,523.0,0.0
5339458532,豊島区,35.73854166666668,139.69218750000002,1217,649,343.0,75.0,76.0,40.0,647.0,259.0,356.0,0.0,257.0,373.0,0.0
5339458533,豊島区,35.74062500000001,139.6890625,1090,534,288.0,51.0,46.0,37.0,532.0,240.0,263.0,0.0,101.0,428.0,0.0
5339458534,豊島区,35.74062500000001,139.69218750000002,1194,714,445.0,102.0,125.0,48.0,709.0,229.0,376.0,65.0,203.0,496.0,0.0
5339458541,豊島区,35.73854166666668,139.6953125,1784,1063,664.0,210.0,114.0,64.0,1051.0,371.0,628.0,0.0,288.0,755.0,0.0
5339458542,豊島区,35.73854166666668,139.6984375,1516,843,483.0,150.0,86.0,63.0,841.0,339.0,461.0,0.0,333.0,506.0,0.0
5339458543,豊島区,35.74062500000001,139.6953125,1418,740,397.0,121.0,76.0,60.0,740.0,296.0,367.0,19.0,262.0,472.0,0.0
5339458544,豊島区,35.74062500000001,139.6984375,1602,892,516.0,99.0,140.0,45.0,892.0,257.0,368.0,223.0,258.0,630.0,0.0
5339458611,豊島区,35.73437500000001,139.7015625,1591,1079,766.0,229.0,121.0,38.0,1074.0,236.0,730.0,0.0,217.0,851.0,6.0
5339458612,豊島区,35.73437500000001,139.7046875,1909,1300,952.0,312.0,156.0,36.0,1298.0,260.0,845.0,16.0,241.0,1036.0,0.0
5339458613,豊島区,35.73645833333334,139.7015625,1916,1198,762.0,205.0,103.0,61.0,1196.0,437.0,709.0,0.0,197.0,995.0,218.0
5339458614,豊島区,35.73645833333334,139.7046875,1896,1260,906.0,267.0,147.0,36.0,1258.0,461.0,708.0,0.0,284.0,951.0,0.0
5339458621,豊島区,35.73437500000001,139.7078125,2191,1520,1079.0,358.0,135.0,48.0,1505.0,271.0,998.0,0.0,108.0,1382.0,33.0
5339458622,豊島区,35.73437500000001,139.7109375,1431,999,712.0,188.0,72.0,45.0,994.0,253.0,603.0,0.0,33.0,951.0,204.0
5339458623,豊島区,35.73645833333334,139.7078125,2552,1849,1414.0,492.0,146.0,53.0,1846.0,301.0,1351.0,0.0,172.0,1663.0,0.0
5339458624,豊島区,35.73645833333334,139.7109375,1972,1449,1115.0,373.0,102.0,26.0,1448.0,177.0,1040.0,0.0,86.0,1355.0,0.0
5339458631,豊島区,35.73854166666668,139.7015625,1349,870,591.0,157.0,105.0,19.0,865.0,272.0,546.0,0.0,280.0,582.0,0.0
5339458632,板橋区,35.73854166666668,139.7046875,1784,1157,796.0,240.0,129.0,43.0,1156.0,401.0,655.0,0.0,213.0,940.0,92.0
5339458633,板橋区,35.74062500000001,139.7015625,1517,848,491.0,120.0,99.0,33.0,843.0,447.0,360.0,0.0,287.0,547.0,0.0
5339458634,板橋区,35.74062500000001,139.7046875,1466,869,533.0,160.0,93.0,49.0,867.0,381.0,451.0,0.0,138.0,726.0,0.0
5339458641,豊島区,35.73854166666668,139.7078125,1912,1308,947.0,298.0,169.0,35.0,1308.0,329.0,852.0,0.0,268.0,1029.0,0.0
5339458642,豊島区,35.73854166666668,139.7109375,1654,1112,824.0,311.0,57.0,35.0,1111.0,222.0,733.0,0.0,81.0,1023.0,57.0
5339458643,豊島区,35.74062500000001,139.7078125,1489,1060,817.0,288.0,89.0,30.0,1060.0,278.0,698.0,0.0,199.0,857.0,106.0
5339458644,豊島区,35.74062500000001,139.7109375,1396,827,517.0,168.0,93.0,40.0,822.0,322.0,453.0,0.0,302.0,513.0,0.0
5339458711,豊島区,35.73437500000001,139.7140625,562,232,180.0,63.0,16.0,9.0,231.0,6.0,191.0,0.0,13.0,218.0,0.0
5339458712,豊島区,35.73437500000001,139.71718750000002,1326,969,750.0,230.0,81.0,31.0,964.0,170.0,721.0,0.0,112.0,852.0,51.0
5339458713,豊島区,35.73645833333334,139.7140625,1350,932,682.0,212.0,120.0,20.0,922.0,208.0,509.0,86.0,161.0,757.0,0.0
5339458714,豊島区,35.73645833333334,139.71718750000002,1605,1060,741.0,201.0,163.0,37.0,1058.0,291.0,621.0,30.0,312.0,738.0,0.0
5339458721,豊島区,35.73437500000001,139.7203125,1900,1214,815.0,232.0,165.0,57.0,1213.0,377.0,692.0,0.0,345.0,856.0,0.0
5339458722,豊島区,35.73437500000001,139.72343750000002,2142,1316,858.0,247.0,188.0,66.0,1311.0,456.0,711.0,0.0,341.0,955.0,0.0
5339458723,豊島区,35.73645833333334,139.7203125,1967,1200,769.0,221.0,147.0,58.0,1188.0,405.0,646.0,0.0,233.0,952.0,127.0
5339458724,豊島区,35.73645833333334,139.72343750000002,2571,1537,946.0,351.0,126.0,125.0,1429.0,325.0,865.0,0.0,117.0,1311.0,351.0
5339458731,豊島区,35.73854166666668,139.7140625,1577,1110,829.0,289.0,137.0,24.0,1110.0,261.0,673.0,14.0,238.0,855.0,0.0
5339458732,豊島区,35.73854166666668,139.71718750000002,1168,725,486.0,165.0,79.0,35.0,714.0,217.0,421.0,0.0,229.0,474.0,0.0
5339458733,豊島区,35.74062500000001,139.7140625,1171,695,471.0,134.0,89.0,32.0,693.0,234.0,403.0,0.0,224.0,466.0,0.0
5339458734,豊島区,35.74062500000001,139.71718750000002,1677,1103,785.0,258.0,128.0,35.0,1101.0,320.0,717.0,0.0,304.0,794.0,0.0
5339458741,豊島区,35.73854166666668,139.7203125,2094,1365,946.0,272.0,184.0,58.0,1362.0,435.0,814.0,0.0,326.0,1029.0,12.0
5339458742,豊島区,35.73854166666668,139.72343750000002,3153,1762,975.0,260.0,170.0,105.0,1746.0,784.0,746.0,41.0,194.0,1550.0,298.0
5339458743,豊島区,35.74062500000001,139.7203125,1736,1074,710.0,183.0,152.0,45.0,1072.0,324.0,687.0,0.0,263.0,804.0,0.0
5339458744,北区,35.74062500000001,139.72343750000002,2423,1394,794.0,196.0,163.0,80.0,1391.0,565.0,658.0,0.0,184.0,1192.0,209.0
5339458811,豊島区,35.73437500000001,139.7265625,3068,2039,1393.0,447.0,179.0,107.0,2016.0,429.0,1388.0,0.0,101.0,1910.0,350.0
5339458812,豊島区,35.73437500000001,139.7296875,2397,1525,985.0,232.0,200.0,74.0,1521.0,443.0,789.0,138.0,189.0,1325.0,147.0
5339458813,豊島区,35.73645833333334,139.7265625,1427,917,610.0,182.0,120.0,32.0,908.0,241.0,590.0,7.0,194.0,713.0,8.0
5339458814,豊島区,35.73645833333334,139.7296875,1431,894,594.0,202.0,99.0,30.0,892.0,250.0,563.0,16.0,235.0,653.0,0.0
5339458821,豊島区,35.73437500000001,139.7328125,1853,979,495.0,127.0,115.0,63.0,978.0,366.0,517.0,0.0,297.0,680.0,0.0
5339458822,豊島区,35.73437500000001,139.7359375,1874,1156,730.0,188.0,114.0,75.0,1152.0,248.0,833.0,0.0,96.0,1050.0,0.0
5339458823,豊島区,35.73645833333334,139.7328125,1677,995,613.0,169.0,108.0,60.0,986.0,219.0,669.0,9.0,167.0,805.0,0.0
5339458824,豊島区,35.73645833333334,139.7359375,1180,701,446.0,140.0,69.0,37.0,700.0,181.0,398.0,0.0,74.0,626.0,0.0
5339458831,豊島区,35.73854166666668,139.7265625,1710,917,494.0,106.0,140.0,55.0,913.0,404.0,427.0,32.0,335.0,576.0,0.0
5339458832,豊島区,35.73854166666668,139.7296875,2220,1093,712.0,183.0,168.0,49.0,1088.0,375.0,587.0,7.0,332.0,754.0,0.0
5339458833,豊島区,35.74062500000001,139.7265625,1287,818,543.0,153.0,112.0,38.0,816.0,267.0,517.0,3.0,208.0,607.0,69.0
5339458834,豊島区,35.74062500000001,139.7296875,2111,1157,622.0,132.0,148.0,56.0,1142.0,520.0,565.0,0.0,230.0,905.0,197.0
5339458841,豊島区,35.73854166666668,139.7328125,2049,1208,738.0,212.0,133.0,64.0,1206.0,394.0,747.0,0.0,177.0,1019.0,74.0
5339458842,豊島区,35.73854166666668,139.7359375,286,154,74.0,12.0,19.0,7.0,154.0,69.0,76.0,0.0,70.0,84.0,0.0
5339458843,豊島区,35.74062500000001,139.7328125,1782,973,535.0,113.0,149.0,62.0,967.0,378.0,543.0,0.0,244.0,718.0,0.0
5339458844,豊島区,35.74062500000001,139.7359375,953,431,222.0,26.0,87.0,22.0,427.0,226.0,180.0,0.0,237.0,178.0,0.0
5339458911,豊島区,35.73437500000001,139.73906250000002,522,361,259.0,55.0,39.0,11.0,360.0,72.0,259.0,0.0,25.0,333.0,0.0
5339458912,豊島区,35.73437500000001,139.74218750000003,1836,909,380.0,53.0,117.0,75.0,907.0,487.0,388.0,0.0,48.0,857.0,0.0
5339458913,豊島区,35.73645833333334,139.73906250000002,1003,462,203.0,37.0,47.0,66.0,462.0,132.0,198.0,0.0,15.0,445.0,0.0
5339458914,豊島区,35.73645833333334,139.74218750000003,1948,921,378.0,91.0,110.0,77.0,917.0,504.0,330.0,0.0,77.0,838.0,0.0
5339458921,文京区,35.73437500000001,139.7453125,280,158,90.0,13.0,9.0,10.0,124.0,68.0,47.0,0.0,66.0,54.0,0.0
5339458922,豊島区,35.73437500000001,139.74843750000002,2239,1399,877.0,189.0,180.0,84.0,1392.0,411.0,823.0,99.0,58.0,1327.0,0.0
5339458923,豊島区,35.73645833333334,139.7453125,1431,863,523.0,136.0,106.0,55.0,860.0,265.0,562.0,1.0,175.0,674.0,0.0
5339458924,豊島区,35.73645833333334,139.74843750000002,1536,962,597.0,118.0,169.0,41.0,961.0,242.0,495.0,188.0,64.0,892.0,0.0
5339458931,豊島区,35.73854166666668,139.73906250000002,908,444,200.0,50.0,43.0,36.0,438.0,195.0,184.0,0.0,95.0,340.0,0.0
5339458932,豊島区,35.73854166666668,139.74218750000003,1679,783,329.0,67.0,92.0,116.0,777.0,347.0,308.0,0.0,274.0,500.0,0.0
5339458933,豊島区,35.74062500000001,139.73906250000002,1170,643,350.0,73.0,113.0,32.0,636.0,332.0,258.0,0.0,332.0,304.0,0.0
5339458934,豊島区,35.74062500000001,139.74218750000003,1885,1111,686.0,167.0,167.0,48.0,1100.0,460.0,597.0,0.0,475.0,623.0,0.0
5339458941,豊島区,35.73854166666668,139.7453125,1610,937,584.0,125.0,158.0,54.0,929.0,333.0,547.0,0.0,234.0,690.0,37.0
5339458942,北区,35.73854166666668,139.74843750000002,1955,1285,864.0,208.0,197.0,50.0,1281.0,286.0,879.0,13.0,166.0,1111.0,0.0
5339458943,北区,35.74062500000001,139.7453125,1604,926,529.0,152.0,115.0,60.0,922.0,385.0,483.0,0.0,304.0,613.0,23.0
5339458944,北区,35.74062500000001,139.74843750000002,1897,1092,589.0,171.0,90.0,82.0,1082.0,385.0,586.0,7.0,151.0,919.0,0.0
5339459011,練馬区,35.74270833333334,139.6265625,768,381,193.0,60.0,49.0,30.0,378.0,217.0,125.0,0.0,228.0,146.0,0.0
5339459012,練馬区,35.74270833333334,139.62968750000002,1105,564,285.0,62.0,60.0,38.0,564.0,281.0,246.0,21.0,237.0,310.0,0.0
5339459013,練馬区,35.74479166666667,139.6265625,834,399,183.0,45.0,40.0,21.0,397.0,185.0,172.0,20.0,164.0,217.0,0.0
5339459014,練馬区,35.74479166666667,139.62968750000002,628,268,102.0,16.0,25.0,17.0,268.0,137.0,109.0,2.0,97.0,160.0,0.0
5339459021,練馬区,35.74270833333334,139.6328125,1119,613,353.0,70.0,72.0,51.0,610.0,260.0,331.0,0.0,161.0,445.0,0.0
5339459022,練馬区,35.74270833333334,139.6359375,1611,813,385.0,83.0,91.0,105.0,813.0,453.0,324.0,0.0,193.0,616.0,0.0
5339459023,練馬区,35.74479166666667,139.6328125,1035,543,273.0,66.0,44.0,46.0,541.0,216.0,298.0,0.0,210.0,329.0,0.0
5339459024,練馬区,35.74479166666667,139.6359375,1094,526,229.0,25.0,73.0,48.0,525.0,285.0,216.0,0.0,290.0,221.0,0.0
5339459031,練馬区,35.74687500000001,139.6265625,1011,353,100.0,11.0,30.0,25.0,353.0,256.0,86.0,2.0,71.0,282.0,0.0
5339459032,練馬区,35.74687500000001,139.62968750000002,1222,401,119.0,12.0,27.0,59.0,399.0,250.0,129.0,2.0,154.0,240.0,0.0
5339459033,練馬区,35.74895833333334,139.6265625,680,257,61.0,11.0,19.0,37.0,256.0,146.0,86.0,0.0,145.0,102.0,0.0
5339459034,練馬区,35.74895833333334,139.62968750000002,853,313,65.0,2.0,30.0,39.0,312.0,181.0,120.0,0.0,186.0,120.0,0.0
5339459041,練馬区,35.74687500000001,139.6328125,859,374,137.0,35.0,21.0,41.0,370.0,183.0,170.0,0.0,122.0,241.0,0.0
5339459042,練馬区,35.74687500000001,139.6359375,737,307,101.0,14.0,26.0,32.0,307.0,152.0,144.0,0.0,152.0,147.0,0.0
5339459043,練馬区,35.74895833333334,139.6328125,590,237,67.0,13.0,12.0,27.0,237.0,88.0,133.0,0.0,93.0,135.0,0.0
5339459044,練馬区,35.74895833333334,139.6359375,969,509,258.0,95.0,20.0,39.0,508.0,180.0,296.0,0.0,134.0,364.0,0.0
5339459111,練馬区,35.74270833333334,139.6390625,1308,638,287.0,76.0,61.0,67.0,638.0,227.0,369.0,0.0,243.0,384.0,0.0
5339459112,練馬区,35.74270833333334,139.6421875,992,521,256.0,60.0,49.0,28.0,520.0,256.0,245.0,0.0,258.0,255.0,0.0
5339459113,練馬区,35.74479166666667,139.6390625,1069,500,201.0,29.0,74.0,31.0,496.0,351.0,125.0,0.0,368.0,116.0,0.0
5339459114,練馬区,35.74479166666667,139.6421875,420,201,89.0,16.0,26.0,18.0,201.0,134.0,62.0,0.0,140.0,59.0,0.0
5339459121,練馬区,35.74270833333334,139.6453125,399,173,54.0,6.0,17.0,10.0,173.0,126.0,42.0,0.0,135.0,36.0,0.0
5339459122,練馬区,35.74270833333334,139.6484375,1511,831,446.0,60.0,97.0,42.0,828.0,487.0,292.0,0.0,66.0,749.0,1.0
5339459124,練馬区,35.74479166666667,139.6484375,897,492,264.0,60.0,46.0,27.0,485.0,238.0,239.0,0.0,141.0,325.0,0.0
5339459131,練馬区,35.74687500000001,139.6390625,760,305,72.0,12.0,16.0,42.0,305.0,94.0,193.0,0.0,96.0,208.0,0.0
5339459132,練馬区,35.74687500000001,139.6421875,759,369,151.0,30.0,40.0,32.0,369.0,188.0,162.0,0.0,191.0,177.0,0.0
5339459133,練馬区,35.74895833333334,139.6390625,974,548,321.0,74.0,54.0,29.0,547.0,192.0,328.0,5.0,197.0,348.0,0.0
5339459134,練馬区,35.74895833333334,139.6421875,975,534,291.0,85.0,47.0,39.0,533.0,157.0,309.0,29.0,160.0,373.0,0.0
5339459141,練馬区,35.74687500000001,139.6453125,585,288,139.0,54.0,19.0,22.0,262.0,134.0,118.0,0.0,140.0,113.0,0.0
5339459142,練馬区,35.74687500000001,139.6484375,1426,779,416.0,129.0,52.0,38.0,766.0,258.0,449.0,0.0,159.0,604.0,0.0
5339459143,練馬区,35.74895833333334,139.6453125,1027,498,224.0,64.0,44.0,39.0,498.0,172.0,266.0,26.0,150.0,335.0,0.0
5339459144,練馬区,35.74895833333334,139.6484375,1477,694,324.0,80.0,49.0,74.0,692.0,286.0,362.0,0.0,198.0,491.0,0.0
5339459211,練馬区,35.74270833333334,139.6515625,476,250,165.0,37.0,24.0,5.0,250.0,64.0,131.0,52.0,54.0,189.0,0.0
5339459212,練馬区,35.74270833333334,139.65468750000002,967,571,344.0,40.0,91.0,18.0,567.0,216.0,304.0,41.0,208.0,347.0,0.0
5339459213,練馬区,35.74479166666667,139.6515625,863,428,195.0,28.0,64.0,33.0,422.0,173.0,134.0,104.0,174.0,244.0,0.0
5339459214,練馬区,35.74479166666667,139.65468750000002,815,457,258.0,49.0,66.0,29.0,457.0,204.0,198.0,48.0,181.0,275.0,0.0
5339459221,練馬区,35.74270833333334,139.6578125,1025,508,258.0,67.0,66.0,19.0,506.0,254.0,234.0,0.0,262.0,239.0,0.0
5339459222,練馬区,35.74270833333334,139.66093750000002,1194,687,405.0,84.0,61.0,51.0,685.0,213.0,456.0,0.0,199.0,464.0,0.0
5339459223,練馬区,35.74479166666667,139.6578125,1202,589,276.0,55.0,44.0,58.0,589.0,236.0,336.0,0.0,235.0,346.0,0.0
5339459224,練馬区,35.74479166666667,139.66093750000002,1054,531,262.0,66.0,60.0,34.0,531.0,233.0,277.0,0.0,242.0,278.0,0.0
5339459231,練馬区,35.74687500000001,139.6515625,1093,458,146.0,17.0,53.0,39.0,457.0,307.0,120.0,0.0,232.0,219.0,0.0
5339459232,練馬区,35.74687500000001,139.65468750000002,599,327,169.0,46.0,37.0,14.0,326.0,156.0,155.0,0.0,138.0,186.0,0.0
5339459233,練馬区,35.74895833333334,139.6515625,1100,515,192.0,18.0,83.0,51.0,515.0,228.0,127.0,147.0,231.0,277.0,0.0
5339459234,練馬区,35.74895833333334,139.65468750000002,1068,518,234.0,44.0,59.0,26.0,517.0,278.0,230.0,0.0,250.0,258.0,0.0
5339459241,練馬区,35.74687500000001,139.6578125,1055,439,131.0,20.0,34.0,50.0,439.0,254.0,149.0,13.0,255.0,166.0,0.0
5339459242,練馬区,35.74687500000001,139.66093750000002,1005,489,206.0,34.0,67.0,39.0,488.0,272.0,181.0,23.0,262.0,215.0,0.0
5339459243,練馬区,35.74895833333334,139.6578125,840,450,235.0,65.0,49.0,30.0,449.0,202.0,209.0,18.0,197.0,240.0,0.0
5339459244,練馬区,35.74895833333334,139.66093750000002,1151,610,313.0,62.0,82.0,28.0,601.0,287.0,298.0,0.0,240.0,343.0,0.0
5339459311,練馬区,35.74270833333334,139.6640625,1344,729,405.0,91.0,77.0,44.0,729.0,296.0,399.0,0.0,265.0,442.0,0.0
5339459312,練馬区,35.74270833333334,139.6671875,1110,566,349.0,99.0,67.0,27.0,560.0,202.0,339.0,0.0,198.0,354.0,0.0
5339459313,練馬区,35.74479166666667,139.6640625,1098,523,257.0,52.0,65.0,35.0,523.0,210.0,280.0,0.0,199.0,302.0,0.0
5339459314,練馬区,35.74479166666667,139.6671875,1281,709,412.0,110.0,53.0,42.0,708.0,308.0,369.0,0.0,257.0,433.0,0.0
5339459321,練馬区,35.74270833333334,139.6703125,1302,849,587.0,165.0,80.0,20.0,844.0,231.0,572.0,0.0,163.0,659.0,0.0
5339459322,練馬区,35.74270833333334,139.6734375,1171,674,407.0,80.0,84.0,32.0,672.0,319.0,333.0,0.0,232.0,430.0,0.0
5339459323,練馬区,35.74479166666667,139.6703125,1397,768,437.0,124.0,51.0,40.0,768.0,277.0,463.0,9.0,233.0,535.0,0.0
5339459324,練馬区,35.74479166666667,139.6734375,1186,740,512.0,198.0,31.0,35.0,719.0,167.0,483.0,0.0,175.0,541.0,0.0
5339459331,練馬区,35.74687500000001,139.6640625,1378,720,363.0,85.0,54.0,59.0,720.0,235.0,393.0,0.0,178.0,524.0,0.0
5339459332,練馬区,35.74687500000001,139.6671875,1322,655,302.0,66.0,64.0,39.0,655.0,339.0,288.0,0.0,179.0,471.0,0.0
5339459333,練馬区,35.74895833333334,139.6640625,1156,618,303.0,50.0,68.0,40.0,618.0,272.0,324.0,0.0,107.0,495.0,0.0
5339459334,練馬区,35.74895833333334,139.6671875,1054,590,324.0,90.0,40.0,31.0,582.0,133.0,424.0,0.0,83.0,496.0,0.0
5339459341,練馬区,35.74687500000001,139.6703125,984,495,220.0,47.0,44.0,36.0,495.0,221.0,208.0,46.0,175.0,315.0,0.0
5339459342,板橋区,35.74687500000001,139.6734375,1059,556,332.0,110.0,36.0,26.0,555.0,216.0,301.0,0.0,144.0,406.0,0.0
5339459343,練馬区,35.74895833333334,139.6703125,1332,718,385.0,93.0,84.0,44.0,717.0,284.0,370.0,42.0,89.0,626.0,0.0
5339459344,練馬区,35.74895833333334,139.6734375,877,433,234.0,68.0,27.0,38.0,432.0,149.0,272.0,0.0,134.0,297.0,0.0
5339459411,練馬区,35.74270833333334,139.67656250000002,1063,537,315.0,84.0,43.0,34.0,534.0,190.0,294.0,15.0,166.0,358.0,0.0
5339459412,練馬区,35.74270833333334,139.67968750000003,1067,633,372.0,95.0,62.0,36.0,631.0,187.0,357.0,54.0,79.0,548.0,0.0
5339459413,練馬区,35.74479166666667,139.67656250000002,1219,825,599.0,178.0,52.0,32.0,823.0,186.0,597.0,0.0,138.0,677.0,0.0
5339459414,板橋区,35.74479166666667,139.67968750000003,1176,756,495.0,131.0,51.0,26.0,754.0,150.0,526.0,50.0,110.0,640.0,0.0
5339459421,板橋区,35.74270833333334,139.6828125,1370,738,367.0,77.0,41.0,77.0,737.0,162.0,450.0,106.0,94.0,639.0,0.0
5339459422,板橋区,35.74270833333334,139.68593750000002,1301,709,383.0,85.0,68.0,49.0,707.0,142.0,492.0,55.0,127.0,574.0,0.0
5339459423,板橋区,35.74479166666667,139.6828125,1516,669,299.0,37.0,66.0,85.0,662.0,214.0,189.0,250.0,39.0,620.0,0.0
5339459424,板橋区,35.74479166666667,139.68593750000002,1254,732,437.0,97.0,78.0,38.0,730.0,259.0,414.0,38.0,216.0,511.0,0.0
5339459431,板橋区,35.74687500000001,139.67656250000002,2012,1189,885.0,308.0,60.0,48.0,1182.0,267.0,817.0,0.0,117.0,1064.0,0.0
5339459432,板橋区,35.74687500000001,139.67968750000003,1244,740,453.0,115.0,63.0,36.0,719.0,273.0,411.0,0.0,165.0,548.0,0.0
5339459433,板橋区,35.74895833333334,139.67656250000002,1309,680,342.0,90.0,45.0,37.0,674.0,251.0,400.0,0.0,167.0,503.0,0.0
5339459434,板橋区,35.74895833333334,139.67968750000003,1414,772,406.0,146.0,47.0,37.0,763.0,267.0,468.0,0.0,177.0,569.0,0.0
5339459441,板橋区,35.74687500000001,139.6828125,792,339,180.0,11.0,85.0,28.0,339.0,55.0,41.0,213.0,15.0,324.0,0.0
5339459442,板橋区,35.74687500000001,139.68593750000002,1946,986,420.0,45.0,145.0,113.0,985.0,259.0,246.0,462.0,185.0,798.0,0.0
5339459443,板橋区,35.74895833333334,139.6828125,1651,856,420.0,90.0,85.0,57.0,854.0,405.0,416.0,0.0,242.0,608.0,0.0
5339459444,板橋区,35.74895833333334,139.68593750000002,1125,614,343.0,88.0,69.0,33.0,608.0,290.0,278.0,0.0,269.0,332.0,0.0
5339459511,板橋区,35.74270833333334,139.6890625,1140,638,368.0,87.0,61.0,34.0,636.0,245.0,354.0,4.0,217.0,419.0,0.0
5339459512,豊島区,35.74270833333334,139.69218750000002,1458,814,443.0,88.0,106.0,50.0,796.0,373.0,384.0,0.0,320.0,470.0,0.0
5339459513,板橋区,35.74479166666667,139.6890625,1278,650,347.0,67.0,100.0,43.0,647.0,322.0,300.0,0.0,328.0,316.0,0.0
5339459514,板橋区,35.74479166666667,139.69218750000002,1470,803,439.0,145.0,93.0,52.0,786.0,321.0,425.0,0.0,314.0,467.0,0.0
5339459521,板橋区,35.74270833333334,139.6953125,1463,803,446.0,96.0,112.0,51.0,796.0,348.0,397.0,0.0,362.0,429.0,0.0
5339459522,板橋区,35.74270833333334,139.6984375,1446,750,372.0,89.0,110.0,41.0,726.0,376.0,316.0,0.0,281.0,442.0,0.0
5339459523,板橋区,35.74479166666667,139.6953125,1693,863,423.0,28.0,235.0,58.0,860.0,116.0,201.0,531.0,69.0,790.0,0.0
5339459524,板橋区,35.74479166666667,139.6984375,1300,742,433.0,76.0,99.0,33.0,740.0,265.0,388.0,50.0,261.0,469.0,0.0
5339459531,板橋区,35.74687500000001,139.6890625,1335,744,419.0,107.0,96.0,39.0,742.0,319.0,366.0,43.0,272.0,461.0,0.0
5339459532,板橋区,35.74687500000001,139.69218750000002,1021,601,358.0,73.0,79.0,31.0,601.0,199.0,346.0,31.0,195.0,390.0,0.0
5339459533,板橋区,35.74895833333334,139.6890625,1088,529,231.0,39.0,76.0,39.0,526.0,289.0,153.0,69.0,232.0,291.0,0.0
5339459534,板橋区,35.74895833333334,139.69218750000002,802,409,219.0,59.0,57.0,23.0,397.0,183.0,194.0,0.0,173.0,221.0,0.0
5339459541,板橋区,35.74687500000001,139.6953125,1437,809,459.0,186.0,77.0,81.0,806.0,323.0,348.0,42.0,161.0,630.0,0.0
5339459542,板橋区,35.74687500000001,139.6984375,1992,1019,492.0,83.0,116.0,85.0,1016.0,527.0,450.0,7.0,222.0,783.0,196.0
5339459543,板橋区,35.74895833333334,139.6953125,1518,951,605.0,186.0,90.0,33.0,951.0,339.0,564.0,0.0,224.0,722.0,0.0
5339459544,板橋区,35.74895833333334,139.6984375,1233,757,478.0,98.0,77.0,39.0,754.0,243.0,474.0,0.0,126.0,625.0,23.0
5339459611,板橋区,35.74270833333334,139.7015625,1823,1028,588.0,145.0,109.0,65.0,1016.0,447.0,526.0,0.0,274.0,740.0,0.0
5339459612,板橋区,35.74270833333334,139.7046875,1797,988,526.0,113.0,79.0,76.0,984.0,428.0,512.0,0.0,118.0,861.0,0.0
5339459613,板橋区,35.74479166666667,139.7015625,2164,1258,713.0,161.0,140.0,62.0,1255.0,505.0,617.0,50.0,109.0,1144.0,76.0
5339459614,板橋区,35.74479166666667,139.7046875,1867,1063,613.0,140.0,125.0,66.0,1022.0,582.0,380.0,0.0,178.0,843.0,0.0
5339459621,板橋区,35.74270833333334,139.7078125,2316,1342,840.0,213.0,119.0,72.0,1341.0,554.0,722.0,0.0,225.0,1109.0,29.0
5339459622,豊島区,35.74270833333334,139.7109375,1448,892,588.0,227.0,100.0,34.0,883.0,287.0,524.0,25.0,250.0,615.0,0.0
5339459623,板橋区,35.74479166666667,139.7078125,2147,1409,976.0,331.0,109.0,48.0,1401.0,457.0,832.0,0.0,211.0,1188.0,0.0
5339459624,豊島区,35.74479166666667,139.7109375,1928,1174,743.0,179.0,175.0,48.0,1164.0,454.0,659.0,0.0,340.0,803.0,0.0
5339459631,板橋区,35.74687500000001,139.7015625,1939,1220,782.0,200.0,138.0,54.0,1215.0,340.0,811.0,0.0,118.0,1092.0,14.0
5339459632,板橋区,35.74687500000001,139.7046875,1934,1169,727.0,130.0,188.0,48.0,1162.0,474.0,654.0,0.0,204.0,955.0,0.0
5339459633,板橋区,35.74895833333334,139.7015625,1931,1177,732.0,114.0,140.0,64.0,1171.0,475.0,637.0,0.0,154.0,1002.0,162.0
5339459634,板橋区,35.74895833333334,139.7046875,1499,981,674.0,171.0,104.0,35.0,976.0,283.0,652.0,0.0,166.0,786.0,0.0
5339459641,板橋区,35.74687500000001,139.7078125,1631,964,584.0,134.0,79.0,41.0,961.0,428.0,462.0,0.0,98.0,860.0,219.0
5339459642,板橋区,35.74687500000001,139.7109375,933,667,499.0,160.0,40.0,22.0,662.0,96.0,514.0,0.0,73.0,586.0,0.0
5339459643,板橋区,35.74895833333334,139.7078125,2429,1547,1039.0,337.0,133.0,70.0,1536.0,451.0,946.0,0.0,137.0,1394.0,87.0
5339459644,板橋区,35.74895833333334,139.7109375,1481,945,620.0,178.0,85.0,46.0,919.0,267.0,595.0,0.0,114.0,803.0,0.0
5339459711,豊島区,35.74270833333334,139.7140625,1465,862,517.0,139.0,142.0,40.0,860.0,310.0,461.0,47.0,297.0,558.0,0.0
5339459712,豊島区,35.74270833333334,139.71718750000002,2626,1350,656.0,146.0,165.0,49.0,1348.0,863.0,430.0,0.0,190.0,1157.0,658.0
5339459713,豊島区,35.74479166666667,139.7140625,1385,822,513.0,134.0,127.0,46.0,818.0,281.0,496.0,0.0,240.0,572.0,0.0
5339459714,豊島区,35.74479166666667,139.71718750000002,3690,1656,626.0,112.0,142.0,191.0,1652.0,1238.0,332.0,0.0,76.0,1565.0,1017.0
5339459721,北区,35.74270833333334,139.7203125,2230,1293,774.0,231.0,161.0,71.0,1284.0,453.0,743.0,0.0,285.0,996.0,0.0
5339459722,北区,35.74270833333334,139.72343750000002,1643,859,512.0,196.0,71.0,52.0,850.0,258.0,540.0,0.0,223.0,624.0,0.0
5339459723,北区,35.74479166666667,139.7203125,1963,1142,667.0,191.0,113.0,77.0,1139.0,424.0,637.0,0.0,63.0,1074.0,27.0
5339459724,北区,35.74479166666667,139.72343750000002,1957,1080,592.0,188.0,117.0,64.0,1056.0,437.0,555.0,0.0,352.0,694.0,0.0
5339459731,板橋区,35.74687500000001,139.7140625,1127,652,400.0,103.0,83.0,33.0,651.0,156.0,342.0,108.0,102.0,546.0,0.0
5339459732,板橋区,35.74687500000001,139.71718750000002,2418,1590,1064.0,235.0,122.0,67.0,1580.0,514.0,970.0,0.0,86.0,1490.0,0.0
5339459733,板橋区,35.74895833333334,139.7140625,1745,1258,940.0,309.0,110.0,42.0,1250.0,263.0,923.0,0.0,82.0,1163.0,161.0
5339459734,板橋区,35.74895833333334,139.71718750000002,2151,1379,916.0,170.0,144.0,57.0,1373.0,590.0,702.0,0.0,83.0,1288.0,121.0
5339459741,板橋区,35.74687500000001,139.7203125,2777,1763,1151.0,188.0,171.0,110.0,1763.0,462.0,846.0,342.0,163.0,1592.0,344.0
5339459742,北区,35.74687500000001,139.72343750000002,2372,1375,828.0,265.0,156.0,59.0,1370.0,634.0,616.0,0.0,419.0,945.0,45.0
5339459743,板橋区,35.74895833333334,139.7203125,2026,1224,759.0,157.0,126.0,82.0,1209.0,523.0,528.0,99.0,145.0,1052.0,197.0
5339459744,北区,35.74895833333334,139.72343750000002,738,423,247.0,113.0,29.0,29.0,417.0,93.0,273.0,0.0,75.0,336.0,0.0
5339459811,豊島区,35.74270833333334,139.7265625,1704,964,532.0,120.0,114.0,67.0,962.0,446.0,455.0,0.0,132.0,826.0,88.0
5339459812,豊島区,35.74270833333334,139.7296875,1221,753,463.0,130.0,88.0,38.0,751.0,273.0,433.0,0.0,84.0,665.0,0.0
5339459813,北区,35.74479166666667,139.7265625,1793,866,352.0,75.0,50.0,123.0,865.0,404.0,387.0,0.0,156.0,707.0,474.0
5339459814,豊島区,35.74479166666667,139.7296875,1660,1064,697.0,190.0,139.0,41.0,1057.0,344.0,661.0,0.0,194.0,858.0,0.0
5339459821,北区,35.74270833333334,139.7328125,1637,935,539.0,137.0,138.0,47.0,926.0,365.0,521.0,0.0,358.0,562.0,0.0
5339459822,北区,35.74270833333334,139.7359375,1204,554,190.0,44.0,42.0,112.0,554.0,160.0,350.0,0.0,135.0,415.0,88.0
5339459823,北区,35.74479166666667,139.7328125,1511,867,535.0,115.0,156.0,52.0,863.0,358.0,453.0,0.0,301.0,557.0,0.0
5339459824,北区,35.74479166666667,139.7359375,1654,839,406.0,94.0,116.0,51.0,836.0,451.0,358.0,0.0,464.0,367.0,0.0
5339459831,北区,35.74687500000001,139.7265625,2152,1174,633.0,177.0,158.0,74.0,1169.0,562.0,541.0,0.0,489.0,664.0,84.0
5339459832,北区,35.74687500000001,139.7296875,1306,768,460.0,151.0,88.0,48.0,767.0,277.0,438.0,0.0,237.0,523.0,57.0
5339459833,北区,35.74895833333334,139.7265625,1894,841,345.0,100.0,87.0,82.0,835.0,376.0,290.0,0.0,316.0,513.0,0.0
5339459834,北区,35.74895833333334,139.7296875,1782,869,369.0,42.0,214.0,94.0,864.0,335.0,109.0,299.0,99.0,763.0,0.0
5339459841,北区,35.74687500000001,139.7328125,1404,805,462.0,148.0,113.0,45.0,803.0,339.0,423.0,0.0,257.0,540.0,0.0
5339459842,北区,35.74687500000001,139.7359375,1275,677,351.0,84.0,99.0,27.0,675.0,361.0,274.0,0.0,326.0,344.0,0.0
5339459843,北区,35.74895833333334,139.7328125,1831,966,497.0,125.0,164.0,55.0,962.0,464.0,344.0,90.0,377.0,580.0,52.0
5339459844,北区,35.74895833333334,139.7359375,1423,690,282.0,59.0,75.0,33.0,689.0,457.0,208.0,0.0,211.0,475.0,96.0
5339459911,北区,35.74270833333334,139.73906250000002,1601,833,416.0,98.0,128.0,48.0,826.0,471.0,323.0,0.0,480.0,343.0,0.0
5339459912,北区,35.74270833333334,139.74218750000003,1503,750,373.0,91.0,130.0,61.0,735.0,334.0,325.0,13.0,333.0,400.0,0.0
5339459913,北区,35.74479166666667,139.73906250000002,1513,686,290.0,67.0,92.0,54.0,686.0,417.0,243.0,0.0,318.0,365.0,0.0
5339459914,北区,35.74479166666667,139.74218750000003,1274,595,269.0,57.0,91.0,56.0,591.0,356.0,214.0,5.0,279.0,292.0,0.0
5339459921,北区,35.74270833333334,139.7453125,966,481,204.0,38.0,76.0,44.0,477.0,275.0,157.0,26.0,98.0,376.0,0.0
5339459922,北区,35.74270833333334,139.74843750000002,1093,625,369.0,123.0,89.0,27.0,610.0,257.0,269.0,25.0,244.0,361.0,0.0
5339459923,北区,35.74479166666667,139.7453125,857,439,202.0,32.0,97.0,29.0,435.0,218.0,186.0,17.0,113.0,322.0,0.0
5339459924,北区,35.74479166666667,139.74843750000002,1121,565,263.0,62.0,92.0,30.0,562.0,312.0,223.0,0.0,324.0,233.0,0.0
5339459931,北区,35.74687500000001,139.73906250000002,1505,775,391.0,105.0,101.0,47.0,755.0,371.0,354.0,0.0,320.0,432.0,0.0
5339459932,北区,35.74687500000001,139.74218750000003,466,239,120.0,32.0,38.0,16.0,234.0,130.0,85.0,0.0,88.0,143.0,0.0
5339459933,北区,35.74895833333334,139.73906250000002,807,442,231.0,68.0,64.0,19.0,411.0,241.0,135.0,0.0,159.0,251.0,0.0
5339459934,北区,35.74895833333334,139.74218750000003,458,258,146.0,43.0,37.0,16.0,257.0,122.0,120.0,2.0,134.0,120.0,0.0
5339459941,北区,35.74687500000001,139.7453125,109,64,40.0,12.0,11.0,2.0,63.0,31.0,31.0,0.0,33.0,30.0,0.0
5339459942,北区,35.74687500000001,139.74843750000002,1053,602,343.0,75.0,108.0,26.0,601.0,293.0,282.0,0.0,209.0,389.0,0.0
5339459943,北区,35.74895833333334,139.7453125,1149,665,396.0,122.0,91.0,26.0,638.0,270.0,311.0,25.0,273.0,363.0,0.0
5339459944,北区,35.74895833333334,139.74843750000002,926,522,303.0,80.0,90.0,33.0,519.0,238.0,260.0,0.0,239.0,275.0,0.0
5339460011,港区,35.66770833333334,139.7515625,386,285,226.0,58.0,27.0,3.0,283.0,84.0,165.0,0.0,55.0,218.0,7.0
5339460012,港区,35.66770833333334,139.75468750000002,116,69,45.0,5.0,19.0,3.0,69.0,42.0,26.0,0.0,28.0,34.0,0.0
5339460013,港区,35.66979166666667,139.7515625,134,103,83.0,20.0,7.0,2.0,103.0,20.0,75.0,0.0,13.0,78.0,0.0
5339460014,中央区,35.66979166666667,139.75468750000002,6,2,,,,,,,,,,,
5339460021,港区,35.66770833333334,139.7578125,20,17,14.0,3.0,5.0,0.0,16.0,5.0,11.0,0.0,3.0,9.0,0.0
5339460022,中央区,35.66770833333334,139.7609375,40,26,15.0,0.0,5.0,2.0,15.0,1.0,11.0,0.0,1.0,11.0,0.0
5339460023,中央区,35.66979166666667,139.7578125,4,4,,,,,,,,,,,
5339460024,中央区,35.66979166666667,139.7609375,37,22,19.0,0.0,7.0,1.0,4.0,2.0,1.0,0.0,0.0,0.0,0.0
5339460034,千代田区,35.67395833333334,139.75468750000002,3,0,,,,,,,,,,,
5339460042,千代田区,35.67187500000001,139.7609375,12,6,,,,,,,,,,,
5339460044,千代田区,35.67395833333334,139.7609375,10,9,11.0,0.0,7.0,1.0,5.0,4.0,1.0,0.0,4.0,0.0,0.0
5339460111,中央区,35.66770833333334,139.7640625,122,88,63.0,11.0,8.0,2.0,83.0,21.0,57.0,0.0,7.0,68.0,0.0
5339460112,中央区,35.66770833333334,139.7671875,159,120,88.0,15.0,12.0,2.0,97.0,33.0,58.0,0.0,1.0,94.0,0.0
5339460113,中央区,35.66979166666667,139.7640625,20,11,5.0,1.0,2.0,0.0,6.0,1.0,3.0,0.0,0.0,3.0,0.0
5339460114,中央区,35.66979166666667,139.7671875,99,61,36.0,2.0,13.0,2.0,61.0,29.0,28.0,0.0,13.0,44.0,0.0
5339460121,中央区,35.66770833333334,139.7703125,629,423,292.0,42.0,42.0,14.0,420.0,126.0,268.0,0.0,5.0,411.0,206.0
5339460122,中央区,35.66770833333334,139.7734375,757,478,312.0,68.0,43.0,29.0,453.0,226.0,173.0,0.0,16.0,412.0,75.0
5339460123,中央区,35.66979166666667,139.7703125,521,343,224.0,30.0,25.0,18.0,343.0,117.0,198.0,0.0,17.0,312.0,0.0
5339460124,中央区,35.66979166666667,139.7734375,1624,1124,799.0,138.0,106.0,51.0,1114.0,452.0,570.0,0.0,39.0,1056.0,52.0
5339460131,中央区,35.67187500000001,139.7640625,2,1,,,,,,,,,,,
5339460132,中央区,35.67187500000001,139.7671875,28,12,3.0,0.0,2.0,1.0,12.0,1.0,1.0,9.0,2.0,10.0,0.0
5339460134,中央区,35.67395833333334,139.7671875,51,24,10.0,0.0,5.0,3.0,15.0,12.0,2.0,0.0,7.0,0.0,0.0
5339460141,中央区,35.67187500000001,139.7703125,1360,1040,801.0,127.0,124.0,27.0,1034.0,321.0,642.0,0.0,43.0,976.0,193.0
5339460142,中央区,35.67187500000001,139.7734375,1593,973,592.0,81.0,68.0,56.0,959.0,486.0,406.0,0.0,74.0,875.0,0.0
5339460143,中央区,35.67395833333334,139.7703125,563,273,110.0,8.0,22.0,13.0,263.0,8.0,73.0,175.0,1.0,260.0,162.0
5339460144,中央区,35.67395833333334,139.7734375,594,365,228.0,63.0,20.0,17.0,364.0,91.0,178.0,54.0,34.0,329.0,42.0
5339460211,中央区,35.66770833333334,139.7765625,712,455,308.0,119.0,57.0,16.0,422.0,170.0,173.0,0.0,7.0,412.0,0.0
5339460212,中央区,35.66770833333334,139.77968750000002,940,508,261.0,113.0,29.0,60.0,447.0,201.0,162.0,0.0,0.0,445.0,168.0
5339460213,中央区,35.66979166666667,139.7765625,2208,1244,713.0,160.0,144.0,129.0,1171.0,389.0,422.0,262.0,54.0,1114.0,202.0
5339460214,中央区,35.66979166666667,139.77968750000002,3026,1690,886.0,117.0,123.0,171.0,1678.0,670.0,850.0,0.0,113.0,1551.0,258.0
5339460221,中央区,35.66770833333334,139.7828125,667,325,135.0,20.0,46.0,11.0,319.0,205.0,91.0,0.0,174.0,139.0,0.0
5339460222,中央区,35.66770833333334,139.78593750000002,4207,1859,598.0,42.0,178.0,224.0,1857.0,545.0,336.0,908.0,3.0,1853.0,1140.0
5339460223,中央区,35.66979166666667,139.7828125,1662,773,281.0,8.0,94.0,86.0,772.0,277.0,449.0,0.0,0.0,772.0,668.0
5339460224,中央区,35.66979166666667,139.78593750000002,3707,1842,717.0,22.0,240.0,175.0,1842.0,774.0,437.0,504.0,3.0,1838.0,1793.0
5339460231,中央区,35.67187500000001,139.7765625,1826,1201,805.0,184.0,55.0,69.0,1197.0,332.0,758.0,0.0,64.0,1121.0,60.0
5339460232,中央区,35.67187500000001,139.77968750000002,3019,1566,721.0,131.0,130.0,221.0,1563.0,969.0,454.0,0.0,130.0,1421.0,586.0
5339460233,中央区,35.67395833333334,139.7765625,855,551,355.0,64.0,40.0,31.0,549.0,174.0,330.0,4.0,35.0,509.0,88.0
5339460234,中央区,35.67395833333334,139.77968750000002,1616,955,557.0,82.0,89.0,80.0,949.0,500.0,363.0,0.0,48.0,897.0,71.0
5339460241,中央区,35.67187500000001,139.7828125,627,320,142.0,19.0,24.0,34.0,318.0,168.0,120.0,17.0,5.0,313.0,36.0
5339460243,中央区,35.67395833333334,139.7828125,2867,1663,973.0,247.0,101.0,148.0,1570.0,508.0,693.0,193.0,44.0,1517.0,529.0
5339460244,中央区,35.67395833333334,139.78593750000002,1,0,0.0,0.0,0.0,0.0,0.0,0.0,0.0,0.0,0.0,0.0,0.0
5339460312,江東区,35.66770833333334,139.7921875,62,14,14.0,8.0,0.0,0.0,14.0,0.0,14.0,0.0,0.0,14.0,0.0
5339460313,江東区,35.66979166666667,139.7890625,1470,618,153.0,3.0,70.0,82.0,611.0,360.0,28.0,0.0,1.0,610.0,0.0
5339460314,江東区,35.66979166666667,139.7921875,1409,850,545.0,181.0,109.0,41.0,841.0,394.0,318.0,0.0,87.0,752.0,0.0
5339460321,江東区,35.66770833333334,139.7953125,1785,860,358.0,54.0,92.0,67.0,848.0,407.0,235.0,104.0,273.0,569.0,0.0
5339460322,江東区,35.66770833333334,139.7984375,2081,1001,415.0,79.0,93.0,82.0,999.0,415.0,353.0,178.0,238.0,757.0,57.0
5339460323,江東区,35.66979166666667,139.7953125,1468,865,512.0,77.0,158.0,52.0,838.0,347.0,320.0,108.0,145.0,690.0,0.0
5339460324,江東区,35.66979166666667,139.7984375,1487,899,551.0,105.0,155.0,47.0,893.0,438.0,379.0,14.0,170.0,721.0,0.0
5339460331,江東区,35.67187500000001,139.7890625,204,133,81.0,16.0,3.0,8.0,132.0,34.0,95.0,0.0,14.0,118.0,0.0
5339460332,江東区,35.67187500000001,139.7921875,1049,684,465.0,93.0,72.0,25.0,671.0,246.0,363.0,0.0,153.0,516.0,0.0
5339460333,江東区,35.67395833333334,139.7890625,774,494,343.0,78.0,57.0,16.0,492.0,190.0,265.0,0.0,162.0,330.0,0.0
5339460334,江東区,35.67395833333334,139.7921875,2021,1368,999.0,376.0,77.0,48.0,1319.0,337.0,832.0,0.0,125.0,1184.0,68.0
5339460341,江東区,35.67187500000001,139.7953125,1120,748,509.0,107.0,53.0,28.0,740.0,190.0,464.0,0.0,118.0,614.0,80.0
5339460342,江東区,35.67187500000001,139.7984375,647,407,261.0,64.0,46.0,10.0,398.0,176.0,192.0,0.0,94.0,300.0,0.0
5339460343,江東区,35.67395833333334,139.7953125,1742,1176,854.0,188.0,92.0,39.0,1163.0,345.0,691.0,0.0,110.0,1049.0,0.0
5339460344,江東区,35.67395833333334,139.7984375,829,552,390.0,101.0,43.0,17.0,542.0,156.0,333.0,0.0,66.0,475.0,0.0
5339460411,江東区,35.66770833333334,139.80156250000002,1691,881,434.0,88.0,79.0,42.0,880.0,486.0,311.0,0.0,122.0,757.0,248.0
5339460412,江東区,35.66770833333334,139.80468750000003,699,411,261.0,75.0,21.0,24.0,405.0,160.0,163.0,0.0,29.0,376.0,0.0
5339460413,江東区,35.66979166666667,139.80156250000002,1491,1011,685.0,123.0,103.0,48.0,1006.0,288.0,485.0,148.0,39.0,965.0,0.0
5339460414,江東区,35.66979166666667,139.80468750000003,1202,692,398.0,69.0,62.0,53.0,690.0,282.0,322.0,0.0,66.0,621.0,0.0
5339460421,江東区,35.66770833333334,139.8078125,1738,1013,626.0,217.0,82.0,72.0,978.0,372.0,408.0,29.0,146.0,829.0,0.0
5339460422,江東区,35.66770833333334,139.81093750000002,1932,1330,960.0,253.0,135.0,63.0,1319.0,273.0,893.0,14.0,146.0,1173.0,1.0
5339460423,江東区,35.66979166666667,139.8078125,1700,1033,634.0,157.0,73.0,61.0,1024.0,392.0,509.0,0.0,101.0,918.0,16.0
5339460424,江東区,35.66979166666667,139.81093750000002,1626,1083,767.0,150.0,119.0,58.0,1077.0,383.0,538.0,0.0,177.0,895.0,44.0
5339460431,江東区,35.67187500000001,139.80156250000002,1468,969,656.0,171.0,97.0,38.0,934.0,231.0,601.0,0.0,9.0,925.0,0.0
5339460432,江東区,35.67187500000001,139.80468750000003,844,537,380.0,178.0,15.0,42.0,344.0,120.0,162.0,0.0,19.0,325.0,0.0
5339460433,江東区,35.67395833333334,139.80156250000002,1966,1078,631.0,187.0,59.0,75.0,1005.0,339.0,549.0,0.0,69.0,936.0,0.0
5339460434,江東区,35.67395833333334,139.80468750000003,1991,1051,548.0,168.0,64.0,97.0,1016.0,256.0,439.0,218.0,113.0,903.0,0.0
5339460441,江東区,35.67187500000001,139.8078125,181,124,90.0,25.0,7.0,3.0,124.0,34.0,57.0,0.0,4.0,120.0,0.0
5339460442,江東区,35.67187500000001,139.81093750000002,1442,844,506.0,100.0,99.0,41.0,836.0,307.0,449.0,0.0,184.0,651.0,0.0
5339460443,江東区,35.67395833333334,139.8078125,707,265,58.0,9.0,7.0,83.0,264.0,232.0,24.0,0.0,1.0,263.0,204.0
5339460444,江東区,35.67395833333334,139.81093750000002,837,464,275.0,74.0,39.0,43.0,464.0,158.0,238.0,23.0,19.0,444.0,0.0
5339460511,江東区,35.66770833333334,139.8140625,1376,706,363.0,109.0,53.0,102.0,688.0,354.0,270.0,0.0,75.0,612.0,208.0
5339460512,江東区,35.66770833333334,139.81718750000002,1503,701,223.0,5.0,123.0,88.0,699.0,594.0,74.0,0.0,0.0,698.0,76.0
5339460513,江東区,35.66979166666667,139.8140625,1454,940,591.0,105.0,195.0,37.0,925.0,193.0,291.0,325.0,71.0,852.0,60.0
5339460514,江東区,35.66979166666667,139.81718750000002,1569,769,297.0,6.0,144.0,62.0,767.0,518.0,132.0,45.0,5.0,761.0,297.0
5339460521,江東区,35.66770833333334,139.8203125,742,387,185.0,29.0,36.0,27.0,386.0,297.0,65.0,0.0,0.0,386.0,23.0
5339460522,江東区,35.66770833333334,139.8234375,91,91,91.0,82.0,0.0,0.0,0.0,0.0,0.0,0.0,0.0,0.0,0.0
5339460523,江東区,35.66979166666667,139.8203125,1358,729,355.0,30.0,149.0,41.0,729.0,385.0,136.0,172.0,7.0,721.0,0.0
5339460524,江東区,35.66979166666667,139.8234375,2633,1274,439.0,6.0,227.0,87.0,1274.0,288.0,31.0,941.0,0.0,1274.0,172.0
5339460531,江東区,35.67187500000001,139.8140625,1693,969,536.0,78.0,153.0,65.0,958.0,433.0,442.0,0.0,95.0,862.0,0.0
5339460532,江東区,35.67187500000001,139.81718750000002,1302,722,366.0,33.0,149.0,45.0,718.0,376.0,220.0,58.0,37.0,678.0,0.0
5339460533,江東区,35.67395833333334,139.8140625,879,442,223.0,19.0,67.0,32.0,441.0,164.0,147.0,29.0,9.0,432.0,0.0
5339460534,江東区,35.67395833333334,139.81718750000002,312,147,55.0,5.0,13.0,15.0,147.0,84.0,55.0,0.0,8.0,139.0,0.0
5339460541,江東区,35.67187500000001,139.8203125,1502,674,197.0,21.0,105.0,37.0,673.0,577.0,74.0,1.0,12.0,660.0,0.0
5339460542,江東区,35.67187500000001,139.8234375,3836,1999,819.0,20.0,442.0,126.0,1998.0,447.0,28.0,1469.0,0.0,1997.0,0.0
5339460543,江東区,35.67395833333334,139.8203125,1550,748,279.0,22.0,150.0,75.0,743.0,622.0,96.0,7.0,33.0,710.0,0.0
5339460544,江東区,35.67395833333334,139.8234375,1849,960,448.0,93.0,184.0,66.0,955.0,431.0,90.0,331.0,174.0,779.0,85.0
5339460612,江東区,35.66770833333334,139.8296875,112,107,104.0,25.0,1.0,0.0,93.0,1.0,12.0,0.0,1.0,92.0,0.0
5339460613,江東区,35.66979166666667,139.8265625,1172,486,132.0,3.0,78.0,38.0,486.0,219.0,13.0,248.0,0.0,486.0,0.0
5339460614,江東区,35.66979166666667,139.8296875,353,232,144.0,1.0,104.0,3.0,232.0,25.0,10.0,195.0,27.0,205.0,0.0
5339460621,江東区,35.66770833333334,139.8328125,2059,816,163.0,14.0,61.0,77.0,815.0,684.0,44.0,68.0,29.0,786.0,401.0
5339460622,江東区,35.66770833333334,139.8359375,920,352,69.0,3.0,24.0,35.0,351.0,272.0,20.0,50.0,23.0,328.0,221.0
5339460623,江東区,35.66979166666667,139.8328125,993,457,166.0,19.0,78.0,43.0,457.0,232.0,52.0,158.0,38.0,419.0,0.0
5339460624,江東区,35.66979166666667,139.8359375,1709,985,594.0,324.0,64.0,46.0,963.0,404.0,288.0,0.0,152.0,802.0,0.0
5339460631,江東区,35.67187500000001,139.8265625,1121,528,209.0,21.0,112.0,36.0,528.0,185.0,84.0,246.0,8.0,519.0,169.0
5339460632,江東区,35.67187500000001,139.8296875,1541,749,297.0,25.0,140.0,39.0,743.0,546.0,147.0,29.0,105.0,638.0,0.0
5339460633,江東区,35.67395833333334,139.8265625,2361,1407,811.0,173.0,177.0,58.0,1397.0,518.0,563.0,157.0,103.0,1292.0,182.0
5339460634,江東区,35.67395833333334,139.8296875,2049,1051,472.0,50.0,236.0,66.0,1051.0,416.0,213.0,393.0,215.0,835.0,0.0
5339460641,江東区,35.67187500000001,139.8328125,1453,767,385.0,65.0,149.0,41.0,750.0,335.0,252.0,140.0,172.0,574.0,157.0
5339460642,江東区,35.67187500000001,139.8359375,885,387,140.0,30.0,34.0,25.0,379.0,288.0,71.0,0.0,23.0,356.0,178.0
5339460643,江東区,35.67395833333334,139.8328125,1894,905,347.0,9.0,203.0,95.0,905.0,598.0,61.0,222.0,70.0,835.0,0.0
5339460644,江東区,35.67395833333334,139.8359375,1425,719,322.0,21.0,223.0,48.0,711.0,246.0,19.0,431.0,0.0,711.0,0.0
5339460711,江東区,35.66770833333334,139.8390625,1143,545,223.0,16.0,130.0,64.0,545.0,242.0,54.0,242.0,143.0,401.0,0.0
5339460712,江東区,35.66770833333334,139.84218750000002,1658,658,160.0,13.0,82.0,148.0,658.0,519.0,45.0,77.0,145.0,508.0,255.0
5339460713,江東区,35.66979166666667,139.8390625,2877,1295,394.0,34.0,157.0,102.0,1292.0,1070.0,177.0,0.0,211.0,1079.0,1.0
5339460714,江東区,35.66979166666667,139.84218750000002,708,336,156.0,23.0,41.0,24.0,334.0,169.0,155.0,0.0,154.0,174.0,0.0
5339460731,江東区,35.67187500000001,139.8390625,1994,1048,502.0,93.0,208.0,55.0,1022.0,593.0,203.0,185.0,88.0,933.0,0.0
5339460732,江東区,35.67187500000001,139.84218750000002,605,317,175.0,48.0,19.0,22.0,310.0,152.0,123.0,0.0,77.0,233.0,0.0
5339460733,江東区,35.67395833333334,139.8390625,1298,657,299.0,9.0,214.0,91.0,657.0,197.0,55.0,396.0,32.0,624.0,0.0
5339460734,江東区,35.67395833333334,139.84218750000002,2018,790,213.0,18.0,90.0,63.0,789.0,615.0,140.0,0.0,151.0,638.0,248.0
5339460811,江戸川区,35.66770833333334,139.8515625,736,308,94.0,3.0,51.0,33.0,308.0,123.0,76.0,93.0,17.0,291.0,0.0
5339460812,江戸川区,35.66770833333334,139.8546875,4694,1841,572.0,200.0,89.0,349.0,1676.0,1158.0,379.0,36.0,44.0,1632.0,524.0
5339460813,江戸川区,35.66979166666667,139.8515625,1038,469,160.0,9.0,90.0,14.0,469.0,207.0,87.0,170.0,19.0,445.0,0.0
5339460814,江戸川区,35.66979166666667,139.8546875,2527,1073,402.0,64.0,50.0,139.0,1072.0,567.0,435.0,2.0,79.0,986.0,209.0
5339460821,江戸川区,35.66770833333334,139.8578125,2543,1178,479.0,84.0,95.0,89.0,1163.0,638.0,467.0,0.0,63.0,1100.0,114.0
5339460822,江戸川区,35.66770833333334,139.8609375,2628,1408,751.0,108.0,228.0,123.0,1408.0,256.0,188.0,887.0,10.0,1398.0,0.0
5339460823,江戸川区,35.66979166666667,139.8578125,2084,928,335.0,72.0,76.0,72.0,927.0,620.0,225.0,0.0,60.0,866.0,290.0
5339460824,江戸川区,35.66979166666667,139.8609375,2060,939,294.0,27.0,141.0,65.0,934.0,582.0,144.0,155.0,33.0,900.0,0.0
5339460831,江戸川区,35.67187500000001,139.8515625,493,245,126.0,29.0,28.0,27.0,243.0,77.0,158.0,0.0,80.0,162.0,0.0
5339460832,江戸川区,35.67187500000001,139.8546875,1382,651,328.0,76.0,55.0,35.0,645.0,290.0,330.0,0.0,190.0,453.0,0.0
5339460833,江戸川区,35.67395833333334,139.8515625,413,193,87.0,15.0,29.0,11.0,192.0,120.0,72.0,0.0,116.0,70.0,0.0
5339460834,江戸川区,35.67395833333334,139.8546875,1017,497,233.0,52.0,50.0,28.0,492.0,243.0,223.0,10.0,256.0,227.0,0.0
5339460841,江戸川区,35.67187500000001,139.8578125,328,162,86.0,20.0,16.0,15.0,162.0,63.0,77.0,0.0,64.0,98.0,0.0
5339460842,江戸川区,35.67187500000001,139.8609375,1133,461,155.0,29.0,40.0,45.0,459.0,259.0,165.0,0.0,32.0,427.0,0.0
5339460843,江戸川区,35.67395833333334,139.8578125,427,204,102.0,30.0,25.0,18.0,204.0,83.0,82.0,27.0,90.0,114.0,0.0
5339460844,江戸川区,35.67395833333334,139.8609375,771,329,89.0,1.0,41.0,40.0,329.0,182.0,124.0,0.0,124.0,204.0,0.0
5339460911,江戸川区,35.66770833333334,139.86406250000002,1820,770,235.0,33.0,67.0,111.0,768.0,511.0,215.0,0.0,28.0,740.0,0.0
5339460912,江戸川区,35.66770833333334,139.86718750000003,2118,1015,387.0,61.0,131.0,100.0,979.0,540.0,219.0,92.0,23.0,956.0,0.0
5339460913,江戸川区,35.66979166666667,139.86406250000002,1947,749,207.0,26.0,38.0,86.0,745.0,400.0,275.0,0.0,49.0,696.0,0.0
5339460914,江戸川区,35.66979166666667,139.86718750000003,1358,629,237.0,30.0,70.0,55.0,628.0,350.0,253.0,0.0,124.0,484.0,0.0
5339460921,江戸川区,35.66770833333334,139.8703125,2181,1270,797.0,156.0,149.0,84.0,1263.0,433.0,760.0,0.0,90.0,1171.0,49.0
5339460922,江戸川区,35.66770833333334,139.87343750000002,1529,861,512.0,153.0,42.0,78.0,855.0,139.0,624.0,0.0,84.0,769.0,0.0
5339460923,江戸川区,35.66979166666667,139.8703125,1673,985,636.0,125.0,134.0,67.0,962.0,347.0,529.0,8.0,97.0,858.0,0.0
5339460924,江戸川区,35.66979166666667,139.87343750000002,1310,756,466.0,142.0,56.0,52.0,754.0,242.0,459.0,0.0,154.0,593.0,38.0
5339460931,江戸川区,35.67187500000001,139.86406250000002,1593,648,211.0,26.0,56.0,62.0,646.0,317.0,301.0,0.0,110.0,536.0,0.0
5339460932,江戸川区,35.67187500000001,139.86718750000003,1411,595,233.0,45.0,42.0,68.0,593.0,208.0,293.0,31.0,129.0,449.0,0.0
5339460933,江戸川区,35.67395833333334,139.86406250000002,1045,453,156.0,27.0,39.0,81.0,434.0,150.0,213.0,15.0,92.0,340.0,0.0
5339460934,江戸川区,35.67395833333334,139.86718750000003,1486,676,240.0,21.0,98.0,96.0,652.0,114.0,122.0,311.0,118.0,534.0,0.0
5339460941,江戸川区,35.67187500000001,139.8703125,1235,609,291.0,65.0,40.0,45.0,603.0,196.0,382.0,0.0,169.0,429.0,0.0
5339460942,江戸川区,35.67187500000001,139.87343750000002,857,483,301.0,66.0,50.0,27.0,483.0,114.0,342.0,0.0,116.0,366.0,0.0
5339460943,江戸川区,35.67395833333334,139.8703125,1210,554,242.0,58.0,49.0,58.0,550.0,158.0,335.0,0.0,125.0,410.0,0.0
5339460944,江戸川区,35.67395833333334,139.87343750000002,987,464,207.0,48.0,55.0,22.0,464.0,241.0,181.0,0.0,220.0,244.0,0.0
5339461011,千代田区,35.67604166666667,139.7515625,5,0,0.0,0.0,0.0,0.0,0.0,0.0,0.0,0.0,0.0,0.0,0.0
5339461111,千代田区,35.67604166666667,139.7640625,1,1,,,,,,,,,,,
5339461112,千代田区,35.67604166666667,139.7671875,10,9,,,,,,,,,,,
5339461114,千代田区,35.678125,139.7671875,20,19,27.0,2.0,11.0,0.0,26.0,5.0,18.0,0.0,1.0,21.0,0.0
5339461121,中央区,35.67604166666667,139.7703125,84,52,37.0,6.0,7.0,2.0,47.0,21.0,24.0,0.0,8.0,30.0,0.0
5339461122,中央区,35.67604166666667,139.7734375,632,415,273.0,70.0,11.0,23.0,393.0,70.0,259.0,0.0,18.0,361.0,0.0
5339461123,中央区,35.678125,139.7703125,33,17,10.0,2.0,2.0,1.0,17.0,13.0,3.0,0.0,1.0,9.0,6.0
5339461124,中央区,35.678125,139.7734375,151,111,81.0,24.0,6.0,5.0,109.0,19.0,76.0,0.0,3.0,97.0,37.0
5339461141,千代田区,35.68020833333334,139.7703125,34,18,8.0,0.0,7.0,0.0,13.0,9.0,1.0,0.0,0.0,2.0,0.0
5339461142,中央区,35.68020833333334,139.7734375,161,102,66.0,10.0,7.0,2.0,98.0,25.0,64.0,0.0,1.0,82.0,0.0
5339461143,千代田区,35.68229166666667,139.7703125,17,13,11.0,0.0,0.0,0.0,3.0,1.0,0.0,0.0,0.0,3.0,0.0
5339461144,中央区,35.68229166666667,139.7734375,18,9,4.0,0.0,0.0,0.0,7.0,2.0,5.0,0.0,1.0,6.0,0.0
5339461211,中央区,35.67604166666667,139.7765625,823,456,231.0,38.0,31.0,41.0,446.0,265.0,146.0,0.0,58.0,377.0,0.0
5339461212,中央区,35.67604166666667,139.77968750000002,2081,1186,637.0,129.0,58.0,127.0,1181.0,562.0,539.0,0.0,35.0,1137.0,343.0
5339461213,中央区,35.678125,139.7765625,632,449,326.0,69.0,23.0,14.0,441.0,87.0,295.0,0.0,39.0,390.0,0.0
5339461214,中央区,35.678125,139.77968750000002,733,481,320.0,73.0,40.0,21.0,473.0,197.0,225.0,0.0,42.0,420.0,79.0
5339461221,中央区,35.67604166666667,139.7828125,2250,1295,752.0,182.0,50.0,114.0,1291.0,519.0,636.0,0.0,29.0,1253.0,39.0
5339461222,中央区,35.67604166666667,139.78593750000002,1009,688,481.0,96.0,96.0,38.0,688.0,193.0,429.0,0.0,1.0,687.0,89.0
5339461223,中央区,35.678125,139.7828125,593,371,230.0,36.0,34.0,15.0,364.0,139.0,188.0,0.0,28.0,326.0,0.0
5339461224,中央区,35.678125,139.78593750000002,652,371,220.0,41.0,27.0,23.0,369.0,38.0,288.0,0.0,9.0,357.0,111.0
5339461231,中央区,35.68020833333334,139.7765625,274,199,152.0,63.0,9.0,10.0,160.0,35.0,100.0,0.0,1.0,158.0,36.0
5339461232,中央区,35.68020833333334,139.77968750000002,157,100,69.0,12.0,13.0,6.0,79.0,24.0,41.0,0.0,19.0,46.0,0.0
5339461233,中央区,35.68229166666667,139.7765625,331,260,212.0,54.0,6.0,10.0,257.0,82.0,155.0,0.0,4.0,251.0,0.0
5339461234,中央区,35.68229166666667,139.77968750000002,385,236,140.0,19.0,18.0,20.0,229.0,123.0,96.0,0.0,1.0,227.0,0.0
5339461241,中央区,35.68020833333334,139.7828125,1053,607,335.0,57.0,41.0,64.0,605.0,203.0,350.0,0.0,15.0,585.0,0.0
5339461242,中央区,35.68020833333334,139.78593750000002,1198,734,454.0,93.0,75.0,50.0,729.0,256.0,397.0,16.0,30.0,697.0,5.0
5339461243,中央区,35.68229166666667,139.7828125,1574,920,549.0,107.0,74.0,77.0,893.0,447.0,388.0,0.0,79.0,800.0,0.0
5339461244,中央区,35.68229166666667,139.78593750000002,2046,1278,819.0,146.0,87.0,95.0,1272.0,413.0,755.0,16.0,65.0,1193.0,216.0
5339461311,江東区,35.67604166666667,139.7890625,1388,881,569.0,184.0,36.0,57.0,875.0,334.0,434.0,0.0,42.0,832.0,135.0
5339461312,江東区,35.67604166666667,139.7921875,930,631,452.0,162.0,48.0,18.0,623.0,174.0,322.0,42.0,133.0,471.0,0.0
5339461313,江東区,35.678125,139.7890625,366,261,192.0,79.0,12.0,7.0,261.0,51.0,160.0,0.0,38.0,220.0,7.0
5339461314,江東区,35.678125,139.7921875,371,290,243.0,100.0,4.0,4.0,253.0,37.0,182.0,0.0,30.0,222.0,0.0
5339461321,江東区,35.67604166666667,139.7953125,1132,762,539.0,117.0,82.0,31.0,758.0,227.0,435.0,21.0,85.0,666.0,0.0
5339461322,江東区,35.67604166666667,139.7984375,1298,717,417.0,121.0,50.0,41.0,708.0,256.0,339.0,0.0,97.0,611.0,0.0
5339461323,江東区,35.678125,139.7953125,1562,821,395.0,77.0,94.0,59.0,820.0,520.0,234.0,0.0,69.0,751.0,0.0
5339461324,江東区,35.678125,139.7984375,1364,810,503.0,116.0,98.0,29.0,805.0,333.0,409.0,0.0,173.0,630.0,0.0
5339461331,中央区,35.68020833333334,139.7890625,926,554,341.0,66.0,43.0,54.0,546.0,156.0,345.0,0.0,1.0,544.0,163.0
5339461332,江東区,35.68020833333334,139.7921875,1113,670,404.0,117.0,5.0,70.0,663.0,133.0,449.0,0.0,35.0,628.0,154.0
5339461333,中央区,35.68229166666667,139.7890625,2302,1279,686.0,86.0,157.0,120.0,1276.0,621.0,583.0,0.0,21.0,1251.0,0.0
5339461334,江東区,35.68229166666667,139.7921875,726,383,185.0,47.0,24.0,52.0,383.0,184.0,171.0,0.0,5.0,378.0,109.0
5339461341,江東区,35.68020833333334,139.7953125,403,226,124.0,14.0,30.0,22.0,226.0,108.0,104.0,0.0,41.0,180.0,0.0
5339461342,江東区,35.68020833333334,139.7984375,506,261,122.0,15.0,30.0,18.0,260.0,117.0,124.0,0.0,64.0,188.0,0.0
5339461343,江東区,35.68229166666667,139.7953125,1878,928,419.0,79.0,85.0,90.0,922.0,436.0,421.0,0.0,179.0,739.0,44.0
5339461344,江東区,35.68229166666667,139.7984375,1828,961,470.0,63.0,124.0,70.0,959.0,436.0,454.0,7.0,176.0,780.0,0.0
5339461411,江東区,35.67604166666667,139.80156250000002,1405,744,412.0,102.0,37.0,78.0,678.0,245.0,376.0,0.0,49.0,628.0,0.0
5339461412,江東区,35.67604166666667,139.80468750000003,2200,888,234.0,40.0,58.0,184.0,882.0,572.0,272.0,0.0,54.0,827.0,85.0
5339461413,江東区,35.678125,139.80156250000002,1550,790,422.0,78.0,50.0,61.0,772.0,344.0,333.0,25.0,181.0,590.0,0.0
5339461414,江東区,35.678125,139.80468750000003,1613,774,345.0,107.0,55.0,87.0,748.0,342.0,205.0,82.0,128.0,619.0,45.0
5339461421,江東区,35.67604166666667,139.8078125,422,179,61.0,15.0,9.0,37.0,176.0,71.0,87.0,0.0,3.0,173.0,41.0
5339461422,江東区,35.67604166666667,139.81093750000002,745,311,98.0,10.0,24.0,34.0,310.0,200.0,53.0,51.0,27.0,282.0,0.0
5339461423,江東区,35.678125,139.8078125,602,279,102.0,28.0,16.0,26.0,279.0,156.0,101.0,0.0,3.0,275.0,0.0
5339461424,江東区,35.678125,139.81093750000002,1308,722,451.0,183.0,47.0,58.0,669.0,283.0,303.0,0.0,58.0,610.0,0.0
5339461431,江東区,35.68020833333334,139.80156250000002,1131,586,305.0,58.0,68.0,24.0,582.0,291.0,259.0,0.0,305.0,270.0,0.0
5339461432,江東区,35.68020833333334,139.80468750000003,1433,781,399.0,96.0,59.0,55.0,774.0,295.0,343.0,72.0,209.0,564.0,0.0
5339461433,江東区,35.68229166666667,139.80156250000002,1986,1066,558.0,147.0,82.0,46.0,1062.0,513.0,477.0,19.0,190.0,871.0,332.0
5339461434,江東区,35.68229166666667,139.80468750000003,2312,1219,636.0,139.0,99.0,76.0,1214.0,571.0,549.0,0.0,227.0,986.0,239.0
5339461441,江東区,35.68020833333334,139.8078125,1730,910,485.0,129.0,61.0,64.0,908.0,475.0,384.0,0.0,98.0,808.0,68.0
5339461442,江東区,35.68020833333334,139.81093750000002,1276,631,281.0,82.0,43.0,62.0,627.0,345.0,226.0,0.0,73.0,553.0,0.0
5339461443,江東区,35.68229166666667,139.8078125,3301,1438,456.0,60.0,131.0,183.0,1435.0,962.0,191.0,219.0,49.0,1386.0,1160.0
5339461444,江東区,35.68229166666667,139.81093750000002,1339,737,425.0,120.0,63.0,67.0,701.0,283.0,328.0,3.0,195.0,505.0,0.0
5339461511,江東区,35.67604166666667,139.8140625,996,434,133.0,19.0,48.0,49.0,433.0,131.0,23.0,218.0,55.0,378.0,0.0
5339461512,江東区,35.67604166666667,139.81718750000002,720,368,183.0,41.0,26.0,38.0,368.0,228.0,106.0,0.0,11.0,357.0,67.0
5339461513,江東区,35.678125,139.8140625,1285,613,250.0,13.0,109.0,35.0,609.0,275.0,158.0,168.0,43.0,562.0,0.0
5339461514,江東区,35.678125,139.81718750000002,2170,944,275.0,31.0,115.0,61.0,912.0,688.0,98.0,95.0,45.0,866.0,615.0
5339461521,江東区,35.67604166666667,139.8203125,1833,775,178.0,10.0,83.0,126.0,769.0,386.0,122.0,134.0,13.0,756.0,60.0
5339461522,江東区,35.67604166666667,139.8234375,3212,1373,422.0,58.0,131.0,146.0,1372.0,1070.0,191.0,0.0,19.0,1351.0,108.0
5339461523,江東区,35.678125,139.8203125,1054,469,146.0,11.0,60.0,37.0,460.0,359.0,59.0,11.0,84.0,376.0,0.0
5339461524,江東区,35.678125,139.8234375,1270,634,335.0,100.0,63.0,41.0,504.0,196.0,189.0,94.0,155.0,346.0,0.0
5339461531,江東区,35.68020833333334,139.8140625,1585,857,469.0,86.0,139.0,38.0,855.0,376.0,373.0,69.0,343.0,506.0,0.0
5339461532,江東区,35.68020833333334,139.81718750000002,1321,712,389.0,60.0,109.0,50.0,706.0,281.0,343.0,33.0,223.0,482.0,0.0
5339461533,江東区,35.68229166666667,139.8140625,1561,895,530.0,105.0,138.0,36.0,894.0,375.0,445.0,0.0,334.0,557.0,28.0
5339461534,江東区,35.68229166666667,139.81718750000002,1835,1197,817.0,258.0,124.0,48.0,1188.0,340.0,676.0,26.0,231.0,954.0,39.0
5339461541,江東区,35.68020833333334,139.8203125,2446,1054,321.0,39.0,147.0,83.0,1048.0,879.0,141.0,0.0,128.0,916.0,0.0
5339461542,江東区,35.68020833333334,139.8234375,1497,877,562.0,234.0,67.0,56.0,672.0,267.0,361.0,0.0,147.0,523.0,0.0
5339461543,江東区,35.68229166666667,139.8203125,1420,837,527.0,114.0,186.0,83.0,832.0,294.0,263.0,227.0,100.0,729.0,0.0
5339461544,江東区,35.68229166666667,139.8234375,1688,691,212.0,24.0,89.0,92.0,691.0,321.0,181.0,106.0,86.0,605.0,0.0
5339461611,江東区,35.67604166666667,139.8265625,1280,580,183.0,18.0,84.0,30.0,572.0,406.0,111.0,38.0,78.0,493.0,0.0
5339461612,江東区,35.67604166666667,139.8296875,1676,771,276.0,25.0,123.0,48.0,770.0,522.0,193.0,12.0,113.0,653.0,238.0
5339461613,江東区,35.678125,139.8265625,919,455,232.0,76.0,52.0,35.0,381.0,235.0,120.0,7.0,138.0,242.0,0.0
5339461614,江東区,35.678125,139.8296875,1953,1001,442.0,41.0,206.0,66.0,1001.0,717.0,229.0,15.0,419.0,582.0,0.0
5339461621,江東区,35.67604166666667,139.8328125,1412,844,524.0,114.0,95.0,42.0,843.0,275.0,495.0,0.0,230.0,603.0,0.0
5339461622,江東区,35.67604166666667,139.8359375,1160,583,255.0,20.0,118.0,39.0,581.0,231.0,150.0,178.0,103.0,476.0,0.0
5339461623,江東区,35.678125,139.8328125,1522,744,341.0,60.0,111.0,69.0,743.0,397.0,307.0,0.0,368.0,374.0,0.0
5339461624,江東区,35.678125,139.8359375,2467,1353,693.0,72.0,286.0,63.0,1347.0,385.0,153.0,771.0,220.0,1124.0,0.0
5339461631,江東区,35.68020833333334,139.8265625,2644,1034,341.0,96.0,81.0,65.0,906.0,715.0,148.0,20.0,175.0,728.0,524.0
5339461632,江東区,35.68020833333334,139.8296875,1808,832,337.0,24.0,149.0,84.0,828.0,465.0,319.0,0.0,469.0,356.0,0.0
5339461633,江東区,35.68229166666667,139.8265625,1351,656,277.0,60.0,64.0,55.0,654.0,327.0,285.0,0.0,58.0,596.0,95.0
5339461634,江東区,35.68229166666667,139.8296875,1424,725,342.0,48.0,135.0,48.0,717.0,395.0,295.0,0.0,414.0,297.0,0.0
5339461641,江東区,35.68020833333334,139.8328125,1239,624,296.0,52.0,108.0,33.0,619.0,318.0,251.0,0.0,349.0,267.0,0.0
5339461642,江東区,35.68020833333334,139.8359375,1360,687,330.0,60.0,115.0,39.0,686.0,390.0,238.0,0.0,371.0,314.0,0.0
5339461643,江東区,35.68229166666667,139.8328125,3172,1762,935.0,72.0,406.0,140.0,1762.0,184.0,66.0,1470.0,94.0,1667.0,0.0
5339461644,江東区,35.68229166666667,139.8359375,1706,971,562.0,103.0,166.0,42.0,970.0,446.0,453.0,0.0,472.0,451.0,0.0
5339461711,江東区,35.67604166666667,139.8390625,1423,675,301.0,55.0,90.0,48.0,669.0,410.0,227.0,7.0,294.0,358.0,5.0
5339461712,江東区,35.67604166666667,139.84218750000002,1701,827,374.0,31.0,168.0,52.0,819.0,552.0,226.0,4.0,367.0,447.0,25.0
5339461713,江東区,35.678125,139.8390625,1194,440,181.0,26.0,80.0,30.0,432.0,299.0,121.0,0.0,301.0,128.0,0.0
5339461714,江東区,35.678125,139.84218750000002,1502,653,230.0,43.0,81.0,62.0,648.0,450.0,150.0,0.0,349.0,299.0,0.0
5339461723,江東区,35.678125,139.8453125,261,136,66.0,20.0,15.0,4.0,135.0,81.0,44.0,0.0,50.0,82.0,0.0
5339461731,江東区,35.68020833333334,139.8390625,3570,1309,230.0,12.0,88.0,88.0,1301.0,1203.0,74.0,0.0,98.0,1199.0,0.0
5339461732,江東区,35.68020833333334,139.84218750000002,1985,886,336.0,46.0,102.0,86.0,874.0,542.0,269.0,0.0,372.0,494.0,87.0
5339461733,江東区,35.68229166666667,139.8390625,1218,572,249.0,8.0,174.0,25.0,572.0,323.0,30.0,210.0,90.0,482.0,0.0
5339461734,江東区,35.68229166666667,139.84218750000002,1631,691,189.0,26.0,84.0,35.0,687.0,529.0,72.0,48.0,176.0,511.0,0.0
5339461741,江東区,35.68020833333334,139.8453125,769,345,120.0,24.0,18.0,60.0,343.0,125.0,203.0,0.0,44.0,299.0,0.0
5339461743,江東区,35.68229166666667,139.8453125,1183,544,237.0,122.0,21.0,59.0,508.0,168.0,241.0,0.0,73.0,435.0,0.0
5339461811,江戸川区,35.67604166666667,139.8515625,253,106,36.0,7.0,13.0,10.0,106.0,90.0,14.0,0.0,91.0,15.0,0.0
5339461812,江戸川区,35.67604166666667,139.8546875,982,438,202.0,53.0,36.0,27.0,437.0,155.0,192.0,73.0,168.0,269.0,0.0
5339461813,江戸川区,35.678125,139.8515625,15,7,3.0,1.0,0.0,0.0,7.0,7.0,0.0,0.0,7.0,0.0,0.0
5339461814,江戸川区,35.678125,139.8546875,1068,552,299.0,58.0,59.0,43.0,552.0,215.0,310.0,0.0,222.0,330.0,0.0
5339461821,江戸川区,35.67604166666667,139.8578125,1616,756,243.0,14.0,127.0,48.0,755.0,99.0,48.0,575.0,96.0,657.0,0.0
5339461822,江戸川区,35.67604166666667,139.8609375,1342,503,132.0,16.0,36.0,51.0,496.0,323.0,110.0,0.0,250.0,243.0,0.0
5339461823,江戸川区,35.678125,139.8578125,1256,599,274.0,37.0,89.0,36.0,595.0,325.0,245.0,0.0,340.0,249.0,0.0
5339461824,江戸川区,35.678125,139.8609375,1282,538,158.0,27.0,32.0,54.0,538.0,363.0,147.0,0.0,172.0,364.0,0.0
5339461832,江戸川区,35.68020833333334,139.8546875,37,31,28.0,10.0,2.0,0.0,31.0,2.0,28.0,0.0,2.0,29.0,0.0
5339461841,江戸川区,35.68020833333334,139.8578125,553,320,185.0,23.0,72.0,11.0,319.0,114.0,122.0,55.0,121.0,195.0,0.0
5339461842,江戸川区,35.68020833333334,139.8609375,1103,533,243.0,51.0,61.0,39.0,527.0,210.0,265.0,0.0,194.0,327.0,0.0
5339461843,江戸川区,35.68229166666667,139.8578125,643,331,163.0,20.0,66.0,14.0,331.0,168.0,146.0,0.0,178.0,153.0,0.0
5339461844,江戸川区,35.68229166666667,139.8609375,1269,659,324.0,52.0,100.0,50.0,658.0,278.0,351.0,0.0,214.0,441.0,0.0
5339461911,江戸川区,35.67604166666667,139.86406250000002,1109,479,173.0,26.0,42.0,52.0,477.0,229.0,221.0,0.0,242.0,233.0,0.0
5339461912,江戸川区,35.67604166666667,139.86718750000003,1116,499,176.0,25.0,49.0,55.0,498.0,239.0,218.0,0.0,207.0,273.0,0.0
5339461913,江戸川区,35.678125,139.86406250000002,1033,521,235.0,37.0,65.0,25.0,517.0,242.0,252.0,0.0,248.0,265.0,0.0
5339461914,江戸川区,35.678125,139.86718750000003,1282,510,154.0,13.0,34.0,61.0,497.0,265.0,206.0,0.0,169.0,328.0,0.0
5339461921,江戸川区,35.67604166666667,139.8703125,1410,619,205.0,17.0,75.0,46.0,617.0,382.0,208.0,0.0,158.0,459.0,0.0
5339461922,江戸川区,35.67604166666667,139.87343750000002,1249,528,179.0,17.0,62.0,55.0,525.0,194.0,294.0,0.0,175.0,332.0,0.0
5339461923,江戸川区,35.678125,139.8703125,1180,581,267.0,49.0,66.0,39.0,569.0,241.0,278.0,20.0,257.0,311.0,0.0
5339461924,江戸川区,35.678125,139.87343750000002,1381,651,262.0,28.0,87.0,54.0,649.0,312.0,297.0,0.0,333.0,282.0,0.0
5339461931,江戸川区,35.68020833333334,139.86406250000002,1766,842,375.0,66.0,105.0,47.0,842.0,367.0,437.0,0.0,159.0,677.0,0.0
5339461932,江戸川区,35.68020833333334,139.86718750000003,2141,966,382.0,96.0,71.0,91.0,925.0,370.0,204.0,292.0,105.0,817.0,0.0
5339461933,江戸川区,35.68229166666667,139.86406250000002,2475,1302,683.0,185.0,72.0,116.0,1301.0,349.0,757.0,0.0,46.0,1255.0,215.0
5339461934,江戸川区,35.68229166666667,139.86718750000003,2190,835,221.0,31.0,55.0,198.0,833.0,458.0,202.0,134.0,22.0,811.0,0.0
5339461941,江戸川区,35.68020833333334,139.8703125,1406,666,278.0,47.0,56.0,51.0,638.0,272.0,331.0,0.0,158.0,479.0,0.0
5339461942,江戸川区,35.68020833333334,139.87343750000002,977,388,123.0,12.0,36.0,21.0,387.0,278.0,89.0,0.0,162.0,223.0,0.0
5339461943,江戸川区,35.68229166666667,139.8703125,1194,563,237.0,53.0,52.0,48.0,522.0,285.0,209.0,0.0,108.0,413.0,0.0
5339461944,江戸川区,35.68229166666667,139.87343750000002,1403,576,167.0,14.0,59.0,24.0,574.0,418.0,140.0,0.0,304.0,270.0,0.0
5339462024,千代田区,35.686458333333334,139.7609375,44,44,44.0,29.0,0.0,0.0,6.0,0.0,0.0,0.0,4.0,0.0,0.0
5339462034,千代田区,35.690625000000004,139.75468750000002,138,133,,,,,,,,,,,
5339462042,千代田区,35.68854166666667,139.7609375,42,42,174.0,154.0,0.0,0.0,4.0,0.0,0.0,0.0,0.0,4.0,0.0
5339462044,千代田区,35.690625000000004,139.7609375,11,5,2.0,0.0,1.0,0.0,4.0,2.0,1.0,0.0,0.0,2.0,0.0
5339462112,千代田区,35.684375,139.7671875,3,0,,,,,,,,,,,
5339462122,中央区,35.684375,139.7734375,27,14,6.0,0.0,3.0,3.0,11.0,6.0,3.0,0.0,1.0,8.0,0.0
5339462123,中央区,35.686458333333334,139.7703125,1,1,,,,,,,,,,,
5339462124,中央区,35.686458333333334,139.7734375,74,42,23.0,2.0,4.0,5.0,42.0,11.0,27.0,0.0,2.0,35.0,22.0
5339462131,千代田区,35.68854166666667,139.7640625,55,36,19.0,5.0,9.0,1.0,36.0,0.0,0.0,25.0,0.0,36.0,0.0
5339462132,千代田区,35.68854166666667,139.7671875,15,6,2.0,1.0,0.0,1.0,6.0,2.0,4.0,0.0,0.0,3.0,0.0
5339462133,千代田区,35.690625000000004,139.7640625,610,430,317.0,83.0,28.0,21.0,423.0,120.0,223.0,49.0,5.0,412.0,0.0
5339462134,千代田区,35.690625000000004,139.7671875,552,358,241.0,65.0,38.0,17.0,308.0,123.0,162.0,0.0,32.0,248.0,0.0
5339462141,中央区,35.68854166666667,139.7703125,153,78,39.0,3.0,13.0,4.0,65.0,36.0,20.0,0.0,22.0,30.0,0.0
5339462142,中央区,35.68854166666667,139.7734375,124,67,30.0,2.0,9.0,7.0,64.0,49.0,10.0,0.0,9.0,49.0,40.0
5339462143,千代田区,35.690625000000004,139.7703125,286,175,110.0,10.0,21.0,12.0,140.0,47.0,78.0,0.0,18.0,106.0,0.0
5339462144,千代田区,35.690625000000004,139.7734375,441,356,294.0,93.0,24.0,6.0,322.0,27.0,245.0,0.0,10.0,300.0,88.0
5339462211,中央区,35.684375,139.7765625,100,65,42.0,7.0,9.0,4.0,65.0,22.0,39.0,0.0,7.0,49.0,0.0
5339462212,中央区,35.684375,139.77968750000002,902,547,348.0,57.0,42.0,51.0,543.0,218.0,277.0,0.0,9.0,530.0,0.0
5339462213,中央区,35.686458333333334,139.7765625,503,322,206.0,37.0,30.0,18.0,309.0,94.0,191.0,0.0,34.0,247.0,7.0
5339462214,中央区,35.686458333333334,139.77968750000002,1501,968,651.0,147.0,86.0,57.0,932.0,347.0,477.0,0.0,51.0,840.0,0.0
5339462221,中央区,35.684375,139.7828125,1716,918,439.0,47.0,86.0,85.0,914.0,394.0,296.0,164.0,84.0,819.0,298.0
5339462222,中央区,35.684375,139.78593750000002,1535,955,620.0,95.0,96.0,51.0,952.0,385.0,489.0,0.0,85.0,859.0,69.0
5339462223,中央区,35.686458333333334,139.7828125,1337,746,413.0,59.0,70.0,65.0,735.0,437.0,229.0,0.0,90.0,626.0,214.0
5339462224,中央区,35.686458333333334,139.78593750000002,1942,958,404.0,41.0,85.0,115.0,950.0,607.0,280.0,0.0,110.0,821.0,13.0
5339462231,中央区,35.68854166666667,139.7765625,853,573,393.0,99.0,21.0,45.0,569.0,123.0,388.0,0.0,11.0,557.0,71.0
5339462232,中央区,35.68854166666667,139.77968750000002,1900,1190,757.0,95.0,89.0,132.0,1177.0,559.0,507.0,29.0,10.0,1164.0,17.0
5339462233,中央区,35.690625000000004,139.7765625,873,512,303.0,66.0,33.0,47.0,503.0,163.0,299.0,0.0,23.0,469.0,51.0
5339462234,中央区,35.690625000000004,139.77968750000002,1468,834,461.0,72.0,57.0,75.0,820.0,426.0,319.0,0.0,25.0,783.0,0.0
5339462241,中央区,35.68854166666667,139.7828125,1831,1091,660.0,141.0,44.0,128.0,1069.0,365.0,594.0,0.0,39.0,1019.0,16.0
5339462242,中央区,35.68854166666667,139.78593750000002,1711,1007,595.0,96.0,95.0,81.0,971.0,468.0,442.0,0.0,39.0,917.0,145.0
5339462243,中央区,35.690625000000004,139.7828125,2663,1555,902.0,165.0,71.0,195.0,1545.0,685.0,734.0,0.0,21.0,1496.0,49.0
5339462244,中央区,35.690625000000004,139.78593750000002,2549,1504,869.0,138.0,71.0,157.0,1494.0,604.0,752.0,0.0,64.0,1412.0,164.0
5339462311,中央区,35.684375,139.7890625,3084,1730,945.0,158.0,131.0,181.0,1727.0,569.0,757.0,249.0,44.0,1681.0,697.0
5339462312,中央区,35.684375,139.7921875,1063,572,298.0,42.0,42.0,63.0,569.0,160.0,358.0,0.0,9.0,559.0,0.0
5339462313,中央区,35.686458333333334,139.7890625,2801,1571,851.0,150.0,134.0,134.0,1550.0,755.0,680.0,0.0,97.0,1442.0,72.0
5339462314,中央区,35.686458333333334,139.7921875,727,384,185.0,27.0,32.0,48.0,383.0,217.0,131.0,0.0,19.0,361.0,0.0
5339462321,江東区,35.684375,139.7953125,876,482,288.0,59.0,49.0,26.0,481.0,197.0,240.0,0.0,185.0,295.0,0.0
5339462322,江東区,35.684375,139.7984375,1723,1051,661.0,165.0,79.0,49.0,1050.0,369.0,606.0,14.0,160.0,885.0,0.0
5339462323,江東区,35.686458333333334,139.7953125,1121,655,395.0,92.0,70.0,28.0,654.0,239.0,359.0,19.0,230.0,423.0,0.0
5339462324,江東区,35.686458333333334,139.7984375,1560,918,538.0,136.0,93.0,43.0,911.0,377.0,461.0,0.0,223.0,684.0,0.0
5339462331,中央区,35.68854166666667,139.7890625,377,195,91.0,3.0,27.0,14.0,195.0,129.0,54.0,0.0,2.0,191.0,0.0
5339462332,江東区,35.68854166666667,139.7921875,1435,815,443.0,64.0,79.0,38.0,814.0,547.0,230.0,0.0,46.0,767.0,331.0
5339462333,中央区,35.690625000000004,139.7890625,1003,463,167.0,24.0,30.0,83.0,461.0,203.0,226.0,0.0,1.0,459.0,0.0
5339462334,墨田区,35.690625000000004,139.7921875,2256,1336,809.0,197.0,95.0,73.0,1329.0,525.0,692.0,0.0,93.0,1232.0,34.0
5339462341,江東区,35.68854166666667,139.7953125,2415,1442,895.0,196.0,82.0,87.0,1437.0,489.0,806.0,0.0,206.0,1226.0,0.0
5339462342,江東区,35.68854166666667,139.7984375,2174,1423,968.0,227.0,104.0,68.0,1423.0,421.0,901.0,0.0,168.0,1251.0,37.0
5339462343,墨田区,35.690625000000004,139.7953125,2390,1358,855.0,238.0,90.0,99.0,1336.0,422.0,792.0,0.0,116.0,1217.0,114.0
5339462344,墨田区,35.690625000000004,139.7984375,1822,1131,701.0,173.0,62.0,61.0,1127.0,326.0,699.0,0.0,161.0,964.0,0.0
5339462411,江東区,35.684375,139.80156250000002,1612,913,495.0,94.0,115.0,41.0,912.0,307.0,391.0,170.0,60.0,851.0,133.0
5339462412,江東区,35.684375,139.80468750000003,1844,909,396.0,69.0,108.0,79.0,908.0,647.0,222.0,0.0,145.0,761.0,146.0
5339462413,江東区,35.686458333333334,139.80156250000002,1950,1145,733.0,173.0,98.0,46.0,1141.0,394.0,653.0,12.0,242.0,893.0,0.0
5339462414,江東区,35.686458333333334,139.80468750000003,2006,1242,809.0,215.0,111.0,52.0,1235.0,402.0,691.0,0.0,214.0,1020.0,0.0
5339462421,江東区,35.684375,139.8078125,1254,587,202.0,36.0,80.0,39.0,584.0,425.0,137.0,0.0,74.0,506.0,382.0
5339462422,江東区,35.684375,139.81093750000002,2684,1059,260.0,61.0,88.0,245.0,1019.0,801.0,88.0,93.0,29.0,990.0,370.0
5339462423,江東区,35.686458333333334,139.8078125,1679,1015,617.0,141.0,70.0,60.0,1011.0,293.0,628.0,0.0,192.0,814.0,0.0
5339462424,江東区,35.686458333333334,139.81093750000002,1573,878,499.0,109.0,94.0,69.0,874.0,283.0,482.0,6.0,136.0,732.0,0.0
5339462431,墨田区,35.68854166666667,139.80156250000002,2092,1404,968.0,312.0,78.0,57.0,1397.0,265.0,958.0,10.0,154.0,1231.0,0.0
5339462432,墨田区,35.68854166666667,139.80468750000003,1995,1283,850.0,241.0,109.0,52.0,1241.0,469.0,627.0,0.0,182.0,1049.0,0.0
5339462433,墨田区,35.690625000000004,139.80156250000002,1714,989,565.0,155.0,90.0,58.0,987.0,340.0,551.0,1.0,151.0,833.0,0.0
5339462434,墨田区,35.690625000000004,139.80468750000003,1811,1076,632.0,160.0,85.0,54.0,1063.0,385.0,600.0,0.0,157.0,904.0,0.0
5339462441,墨田区,35.68854166666667,139.8078125,2349,1266,617.0,123.0,145.0,76.0,1265.0,676.0,504.0,0.0,138.0,1123.0,0.0
5339462442,墨田区,35.68854166666667,139.81093750000002,1859,930,462.0,123.0,70.0,80.0,916.0,358.0,482.0,0.0,131.0,782.0,0.0
5339462443,墨田区,35.690625000000004,139.8078125,1891,1173,745.0,223.0,92.0,89.0,1168.0,379.0,672.0,0.0,113.0,1054.0,0.0
5339462444,墨田区,35.690625000000004,139.81093750000002,1961,1065,620.0,171.0,42.0,62.0,1018.0,234.0,629.0,0.0,74.0,944.0,0.0
5339462511,江東区,35.684375,139.8140625,3516,1517,461.0,114.0,70.0,376.0,1508.0,1070.0,357.0,0.0,72.0,1436.0,628.0
5339462512,江東区,35.684375,139.81718750000002,1451,739,350.0,51.0,102.0,41.0,738.0,449.0,262.0,0.0,120.0,617.0,45.0
5339462513,江東区,35.686458333333334,139.8140625,1357,898,637.0,198.0,88.0,24.0,885.0,245.0,415.0,26.0,205.0,676.0,0.0
5339462514,江東区,35.686458333333334,139.81718750000002,998,479,207.0,54.0,64.0,28.0,475.0,298.0,103.0,0.0,139.0,333.0,179.0
5339462521,江東区,35.684375,139.8203125,1586,732,250.0,24.0,128.0,40.0,728.0,447.0,94.0,165.0,74.0,653.0,123.0
5339462522,江東区,35.684375,139.8234375,1424,663,210.0,10.0,119.0,42.0,663.0,136.0,46.0,469.0,16.0,647.0,0.0
5339462523,江東区,35.686458333333334,139.8203125,602,258,69.0,1.0,21.0,40.0,253.0,76.0,145.0,0.0,3.0,250.0,56.0
5339462524,江東区,35.686458333333334,139.8234375,1824,808,244.0,50.0,52.0,155.0,804.0,376.0,333.0,0.0,158.0,645.0,0.0
5339462531,江東区,35.68854166666667,139.8140625,1989,1229,794.0,225.0,140.0,91.0,1207.0,382.0,671.0,20.0,241.0,956.0,0.0
5339462532,江東区,35.68854166666667,139.81718750000002,460,253,139.0,22.0,49.0,11.0,252.0,130.0,97.0,14.0,126.0,123.0,0.0
5339462533,江東区,35.690625000000004,139.8140625,2296,1361,788.0,175.0,172.0,51.0,1349.0,595.0,641.0,0.0,190.0,1158.0,416.0
5339462534,江東区,35.690625000000004,139.81718750000002,302,172,101.0,18.0,30.0,9.0,171.0,81.0,79.0,2.0,59.0,112.0,0.0
5339462541,江東区,35.68854166666667,139.8203125,979,541,264.0,92.0,57.0,33.0,540.0,313.0,108.0,0.0,21.0,519.0,225.0
5339462542,江東区,35.68854166666667,139.8234375,2358,1287,664.0,188.0,129.0,89.0,1285.0,545.0,637.0,0.0,199.0,1086.0,316.0
5339462543,江東区,35.690625000000004,139.8203125,1,1,,,,,,,,,,,
5339462544,江東区,35.690625000000004,139.8234375,1610,906,514.0,123.0,124.0,43.0,898.0,436.0,409.0,0.0,348.0,550.0,92.0
5339462611,江東区,35.684375,139.8265625,1168,555,250.0,43.0,41.0,27.0,545.0,329.0,149.0,0.0,5.0,540.0,189.0
5339462612,江東区,35.684375,139.8296875,2929,1327,456.0,91.0,159.0,93.0,1295.0,972.0,236.0,0.0,174.0,1117.0,52.0
5339462613,江東区,35.686458333333334,139.8265625,1775,881,373.0,61.0,105.0,58.0,878.0,360.0,178.0,282.0,80.0,796.0,0.0
5339462614,江東区,35.686458333333334,139.8296875,3266,1839,938.0,108.0,414.0,144.0,1837.0,34.0,62.0,1648.0,37.0,1799.0,0.0
5339462621,江東区,35.684375,139.8328125,2771,1410,586.0,65.0,252.0,117.0,1409.0,236.0,10.0,1124.0,1.0,1408.0,243.0
5339462622,江東区,35.684375,139.8359375,2068,928,306.0,35.0,102.0,112.0,927.0,720.0,143.0,43.0,203.0,722.0,199.0
5339462623,江東区,35.686458333333334,139.8328125,1239,680,335.0,8.0,248.0,18.0,680.0,166.0,25.0,483.0,116.0,564.0,0.0
5339462624,江東区,35.686458333333334,139.8359375,1319,724,356.0,49.0,179.0,19.0,724.0,238.0,130.0,303.0,106.0,616.0,41.0
5339462631,江東区,35.68854166666667,139.8265625,2121,1177,617.0,131.0,194.0,71.0,1171.0,362.0,384.0,349.0,180.0,989.0,0.0
5339462632,江東区,35.68854166666667,139.8296875,1750,1007,599.0,209.0,100.0,59.0,1000.0,275.0,269.0,245.0,147.0,851.0,0.0
5339462633,江東区,35.690625000000004,139.8265625,1319,867,614.0,212.0,75.0,27.0,853.0,309.0,436.0,0.0,181.0,671.0,133.0
5339462634,江東区,35.690625000000004,139.8296875,1239,637,303.0,67.0,108.0,37.0,636.0,302.0,296.0,0.0,310.0,325.0,0.0
5339462641,江東区,35.68854166666667,139.8328125,2120,1171,637.0,139.0,186.0,49.0,1167.0,470.0,409.0,199.0,345.0,818.0,58.0
5339462642,江東区,35.68854166666667,139.8359375,2696,1589,953.0,282.0,162.0,74.0,1571.0,600.0,751.0,18.0,176.0,1393.0,264.0
5339462643,江東区,35.690625000000004,139.8328125,2652,1567,864.0,141.0,305.0,93.0,1561.0,134.0,106.0,1172.0,104.0,1457.0,0.0
5339462644,江東区,35.690625000000004,139.8359375,1778,857,352.0,55.0,102.0,104.0,851.0,251.0,306.0,197.0,135.0,714.0,0.0
5339462711,江東区,35.684375,139.8390625,1847,861,326.0,34.0,121.0,50.0,849.0,642.0,175.0,0.0,268.0,579.0,0.0
5339462712,江東区,35.684375,139.84218750000002,1353,843,502.0,42.0,311.0,17.0,843.0,177.0,152.0,485.0,143.0,700.0,0.0
5339462713,江東区,35.686458333333334,139.8390625,1172,645,321.0,36.0,177.0,23.0,643.0,261.0,119.0,241.0,169.0,474.0,0.0
5339462714,江東区,35.686458333333334,139.84218750000002,3183,1399,456.0,15.0,272.0,72.0,1396.0,830.0,73.0,469.0,142.0,1251.0,258.0
5339462721,江東区,35.684375,139.8453125,1684,870,365.0,5.0,265.0,67.0,872.0,481.0,37.0,329.0,4.0,868.0,104.0
5339462722,江戸川区,35.684375,139.84843750000002,4,2,,,,,,,,,,,
5339462723,江東区,35.686458333333334,139.8453125,1788,937,385.0,6.0,278.0,32.0,935.0,516.0,25.0,371.0,16.0,917.0,0.0
5339462724,江戸川区,35.686458333333334,139.84843750000002,82,30,5.0,0.0,1.0,4.0,30.0,0.0,0.0,30.0,0.0,30.0,0.0
5339462731,江東区,35.68854166666667,139.8390625,1927,1090,604.0,141.0,202.0,44.0,1071.0,418.0,312.0,250.0,220.0,849.0,0.0
5339462732,江東区,35.68854166666667,139.84218750000002,1820,1079,654.0,152.0,150.0,48.0,998.0,493.0,400.0,33.0,394.0,596.0,0.0
5339462733,江東区,35.690625000000004,139.8390625,1799,1017,583.0,103.0,163.0,53.0,1014.0,509.0,450.0,0.0,402.0,605.0,0.0
5339462734,江東区,35.690625000000004,139.84218750000002,1622,777,372.0,85.0,111.0,51.0,774.0,240.0,210.0,235.0,91.0,676.0,0.0
5339462741,江東区,35.68854166666667,139.8453125,848,413,155.0,19.0,52.0,22.0,411.0,307.0,88.0,0.0,42.0,369.0,134.0
5339462742,江戸川区,35.68854166666667,139.84843750000002,1720,686,131.0,2.0,53.0,79.0,686.0,2.0,3.0,680.0,0.0,686.0,206.0
5339462743,江東区,35.690625000000004,139.8453125,1870,874,304.0,10.0,159.0,55.0,871.0,666.0,89.0,101.0,4.0,867.0,548.0
5339462744,江戸川区,35.690625000000004,139.84843750000002,1008,461,150.0,0.0,92.0,42.0,457.0,225.0,73.0,139.0,0.0,457.0,0.0
5339462821,江戸川区,35.684375,139.8578125,988,461,191.0,24.0,81.0,26.0,456.0,309.0,123.0,0.0,192.0,261.0,0.0
5339462822,江戸川区,35.684375,139.8609375,1325,609,223.0,38.0,68.0,69.0,604.0,149.0,189.0,244.0,90.0,510.0,0.0
5339462823,江戸川区,35.686458333333334,139.8578125,342,176,90.0,5.0,39.0,6.0,175.0,116.0,53.0,0.0,36.0,139.0,0.0
5339462824,江戸川区,35.686458333333334,139.8609375,1675,853,352.0,59.0,155.0,50.0,848.0,369.0,44.0,400.0,2.0,846.0,0.0
5339462831,江戸川区,35.68854166666667,139.8515625,380,177,70.0,7.0,28.0,9.0,177.0,129.0,22.0,9.0,0.0,177.0,15.0
5339462833,江戸川区,35.690625000000004,139.8515625,1856,974,490.0,99.0,119.0,86.0,963.0,45.0,23.0,817.0,0.0,963.0,677.0
5339462842,江戸川区,35.68854166666667,139.8609375,576,297,160.0,51.0,13.0,28.0,294.0,102.0,170.0,0.0,75.0,213.0,0.0
5339462844,江戸川区,35.690625000000004,139.8609375,543,267,126.0,32.0,34.0,17.0,263.0,133.0,114.0,0.0,143.0,120.0,0.0
5339462911,江戸川区,35.684375,139.86406250000002,778,369,136.0,21.0,47.0,21.0,368.0,198.0,86.0,66.0,2.0,366.0,143.0
5339462912,江戸川区,35.684375,139.86718750000003,2158,928,309.0,56.0,61.0,107.0,927.0,525.0,348.0,0.0,44.0,883.0,0.0
5339462913,江戸川区,35.686458333333334,139.86406250000002,1606,872,446.0,9.0,309.0,34.0,870.0,62.0,106.0,678.0,14.0,853.0,0.0
5339462914,江戸川区,35.686458333333334,139.86718750000003,1515,706,304.0,64.0,31.0,103.0,690.0,241.0,362.0,0.0,59.0,627.0,48.0
5339462921,江戸川区,35.684375,139.8703125,1475,704,324.0,91.0,45.0,62.0,695.0,343.0,295.0,0.0,153.0,535.0,0.0
5339462922,江戸川区,35.684375,139.87343750000002,1637,625,167.0,24.0,43.0,127.0,625.0,432.0,153.0,0.0,192.0,431.0,0.0
5339462923,江戸川区,35.686458333333334,139.8703125,756,402,236.0,63.0,18.0,36.0,374.0,117.0,237.0,0.0,65.0,301.0,0.0
5339462924,江戸川区,35.686458333333334,139.87343750000002,1161,505,182.0,25.0,66.0,23.0,503.0,302.0,162.0,0.0,220.0,277.0,0.0
5339462931,江戸川区,35.68854166666667,139.86406250000002,832,474,291.0,67.0,47.0,28.0,469.0,144.0,304.0,0.0,88.0,371.0,0.0
5339462932,江戸川区,35.68854166666667,139.86718750000003,611,300,144.0,35.0,22.0,29.0,289.0,92.0,155.0,34.0,59.0,229.0,0.0
5339462933,江戸川区,35.690625000000004,139.86406250000002,1046,511,235.0,67.0,39.0,53.0,508.0,215.0,262.0,0.0,198.0,302.0,0.0
5339462934,江戸川区,35.690625000000004,139.86718750000003,1653,755,308.0,63.0,55.0,90.0,752.0,336.0,287.0,23.0,162.0,590.0,69.0
5339462941,江戸川区,35.68854166666667,139.8703125,721,306,91.0,14.0,22.0,28.0,306.0,157.0,102.0,42.0,128.0,176.0,0.0
5339462942,江戸川区,35.68854166666667,139.87343750000002,1116,507,203.0,30.0,53.0,34.0,502.0,294.0,163.0,26.0,309.0,189.0,0.0
5339462943,江戸川区,35.690625000000004,139.8703125,571,242,91.0,17.0,23.0,23.0,234.0,119.0,64.0,43.0,117.0,113.0,0.0
5339462944,江戸川区,35.690625000000004,139.87343750000002,738,269,63.0,8.0,24.0,45.0,267.0,196.0,28.0,30.0,123.0,144.0,0.0
5339463012,千代田区,35.692708333333336,139.75468750000002,581,251,100.0,20.0,0.0,54.0,238.0,0.0,0.0,0.0,0.0,238.0,0.0
5339463013,千代田区,35.69479166666667,139.7515625,272,150,89.0,7.0,11.0,12.0,150.0,7.0,95.0,10.0,1.0,145.0,87.0
5339463014,千代田区,35.69479166666667,139.75468750000002,472,319,225.0,55.0,24.0,16.0,307.0,85.0,191.0,0.0,35.0,253.0,0.0
5339463022,千代田区,35.692708333333336,139.7609375,333,249,200.0,67.0,18.0,15.0,239.0,52.0,172.0,0.0,12.0,222.0,21.0
5339463023,千代田区,35.69479166666667,139.7578125,868,544,344.0,82.0,67.0,22.0,424.0,241.0,162.0,0.0,13.0,388.0,207.0
5339463024,千代田区,35.69479166666667,139.7609375,457,264,148.0,23.0,24.0,17.0,217.0,86.0,123.0,0.0,8.0,192.0,44.0
5339463031,千代田区,35.696875000000006,139.7515625,957,625,437.0,90.0,72.0,28.0,608.0,189.0,340.0,0.0,9.0,575.0,28.0
5339463032,千代田区,35.696875000000006,139.75468750000002,597,384,253.0,39.0,64.0,18.0,367.0,141.0,164.0,31.0,25.0,315.0,0.0
5339463033,千代田区,35.69895833333334,139.7515625,1572,847,438.0,78.0,99.0,53.0,838.0,330.0,345.0,107.0,11.0,803.0,524.0
5339463034,千代田区,35.69895833333334,139.75468750000002,984,538,291.0,45.0,80.0,29.0,519.0,67.0,226.0,189.0,14.0,480.0,260.0
5339463041,千代田区,35.696875000000006,139.7578125,782,515,360.0,109.0,56.0,19.0,452.0,159.0,238.0,0.0,40.0,342.0,0.0
5339463042,千代田区,35.696875000000006,139.7609375,363,169,68.0,13.0,21.0,30.0,154.0,66.0,73.0,0.0,13.0,109.0,0.0
5339463043,千代田区,35.69895833333334,139.7578125,822,473,265.0,75.0,26.0,51.0,451.0,156.0,257.0,0.0,35.0,378.0,0.0
5339463044,千代田区,35.69895833333334,139.7609375,166,108,76.0,15.0,17.0,7.0,104.0,35.0,63.0,0.0,3.0,95.0,0.0
5339463111,千代田区,35.692708333333336,139.7640625,597,353,201.0,56.0,13.0,38.0,329.0,126.0,172.0,0.0,8.0,312.0,0.0
5339463112,千代田区,35.692708333333336,139.7671875,530,315,193.0,44.0,28.0,14.0,288.0,132.0,128.0,0.0,23.0,230.0,0.0
5339463113,千代田区,35.69479166666667,139.7640625,628,408,277.0,89.0,35.0,24.0,377.0,92.0,240.0,8.0,39.0,322.0,0.0
5339463114,千代田区,35.69479166666667,139.7671875,901,618,445.0,102.0,38.0,33.0,581.0,197.0,324.0,17.0,35.0,518.0,72.0
5339463121,千代田区,35.692708333333336,139.7703125,584,369,247.0,66.0,27.0,19.0,330.0,64.0,220.0,0.0,28.0,288.0,0.0
5339463122,千代田区,35.692708333333336,139.7734375,565,376,262.0,63.0,60.0,9.0,317.0,68.0,217.0,0.0,42.0,259.0,0.0
5339463123,千代田区,35.69479166666667,139.7703125,1317,876,605.0,173.0,40.0,72.0,850.0,342.0,420.0,0.0,34.0,790.0,0.0
5339463124,千代田区,35.69479166666667,139.7734375,1268,651,307.0,45.0,77.0,86.0,635.0,241.0,245.0,110.0,15.0,611.0,390.0
5339463131,千代田区,35.696875000000006,139.7640625,166,105,73.0,32.0,2.0,5.0,88.0,20.0,63.0,0.0,13.0,68.0,0.0
5339463132,千代田区,35.696875000000006,139.7671875,1224,649,360.0,116.0,44.0,57.0,623.0,304.0,290.0,0.0,30.0,584.0,312.0
5339463133,千代田区,35.69895833333334,139.7640625,157,104,77.0,14.0,10.0,3.0,97.0,21.0,47.0,0.0,3.0,77.0,0.0
5339463134,千代田区,35.69895833333334,139.7671875,295,193,129.0,35.0,25.0,14.0,182.0,26.0,118.0,25.0,8.0,163.0,10.0
5339463141,千代田区,35.696875000000006,139.7703125,300,191,130.0,35.0,16.0,10.0,182.0,51.0,117.0,0.0,14.0,146.0,26.0
5339463142,千代田区,35.696875000000006,139.7734375,396,284,214.0,60.0,32.0,6.0,250.0,85.0,123.0,0.0,18.0,223.0,0.0
5339463143,千代田区,35.69895833333334,139.7703125,175,108,75.0,16.0,11.0,3.0,94.0,29.0,62.0,0.0,17.0,66.0,0.0
5339463144,千代田区,35.69895833333334,139.7734375,18,7,2.0,0.0,0.0,2.0,6.0,2.0,4.0,0.0,0.0,5.0,4.0
5339463211,千代田区,35.692708333333336,139.7765625,1577,1023,690.0,166.0,57.0,73.0,992.0,390.0,522.0,0.0,34.0,921.0,282.0
5339463212,中央区,35.692708333333336,139.77968750000002,1913,1226,830.0,239.0,60.0,96.0,1212.0,334.0,756.0,0.0,39.0,1144.0,205.0
5339463213,千代田区,35.69479166666667,139.7765625,1117,779,602.0,148.0,34.0,37.0,757.0,127.0,488.0,55.0,21.0,707.0,224.0
5339463214,千代田区,35.69479166666667,139.77968750000002,1280,803,516.0,123.0,48.0,61.0,780.0,215.0,480.0,0.0,44.0,714.0,0.0
5339463221,中央区,35.692708333333336,139.7828125,1300,712,346.0,64.0,29.0,95.0,701.0,239.0,373.0,0.0,22.0,662.0,153.0
5339463222,中央区,35.692708333333336,139.78593750000002,2151,1155,563.0,88.0,70.0,135.0,1136.0,528.0,512.0,0.0,41.0,1070.0,182.0
5339463223,中央区,35.69479166666667,139.7828125,980,695,516.0,129.0,36.0,37.0,682.0,213.0,399.0,0.0,24.0,646.0,0.0
5339463224,中央区,35.69479166666667,139.78593750000002,1266,888,642.0,141.0,37.0,47.0,873.0,242.0,519.0,7.0,21.0,838.0,50.0
5339463231,千代田区,35.696875000000006,139.7765625,397,235,146.0,19.0,17.0,21.0,215.0,55.0,137.0,0.0,24.0,178.0,0.0
5339463232,千代田区,35.696875000000006,139.77968750000002,1707,1126,807.0,268.0,56.0,92.0,1083.0,233.0,679.0,0.0,50.0,1014.0,0.0
5339463233,千代田区,35.69895833333334,139.7765625,774,452,283.0,55.0,35.0,19.0,426.0,142.0,243.0,0.0,72.0,306.0,0.0
5339463234,千代田区,35.69895833333334,139.77968750000002,1026,652,441.0,110.0,37.0,53.0,631.0,224.0,356.0,0.0,69.0,544.0,48.0
5339463241,台東区,35.696875000000006,139.7828125,1571,949,571.0,133.0,45.0,79.0,935.0,292.0,559.0,0.0,65.0,847.0,0.0
5339463242,台東区,35.696875000000006,139.78593750000002,607,387,259.0,56.0,55.0,15.0,383.0,192.0,155.0,0.0,125.0,252.0,7.0
5339463243,台東区,35.69895833333334,139.7828125,1624,1029,679.0,181.0,65.0,49.0,1026.0,381.0,575.0,0.0,196.0,821.0,18.0
5339463244,台東区,35.69895833333334,139.78593750000002,1430,855,523.0,139.0,88.0,53.0,850.0,371.0,400.0,0.0,237.0,601.0,95.0
5339463311,墨田区,35.692708333333336,139.7890625,387,225,131.0,47.0,21.0,16.0,216.0,87.0,111.0,0.0,21.0,194.0,0.0
5339463312,墨田区,35.692708333333336,139.7921875,1932,1185,767.0,227.0,87.0,65.0,1176.0,313.0,704.0,36.0,96.0,1080.0,0.0
5339463313,墨田区,35.69479166666667,139.7890625,549,320,174.0,37.0,37.0,22.0,319.0,153.0,127.0,0.0,16.0,301.0,0.0
5339463314,墨田区,35.69479166666667,139.7921875,1507,961,633.0,200.0,76.0,45.0,957.0,276.0,539.0,18.0,96.0,855.0,0.0
5339463321,墨田区,35.692708333333336,139.7953125,1658,1055,702.0,215.0,51.0,64.0,1054.0,198.0,761.0,0.0,98.0,956.0,0.0
5339463322,墨田区,35.692708333333336,139.7984375,2124,1258,747.0,242.0,82.0,109.0,1255.0,357.0,764.0,0.0,117.0,1133.0,44.0
5339463323,墨田区,35.69479166666667,139.7953125,1301,846,551.0,119.0,105.0,31.0,838.0,289.0,477.0,0.0,64.0,770.0,41.0
5339463324,墨田区,35.69479166666667,139.7984375,1849,1100,683.0,200.0,67.0,74.0,1097.0,364.0,620.0,0.0,84.0,1011.0,0.0
5339463331,台東区,35.696875000000006,139.7890625,951,594,376.0,113.0,44.0,30.0,580.0,289.0,206.0,0.0,67.0,507.0,86.0
5339463332,墨田区,35.696875000000006,139.7921875,101,43,21.0,5.0,5.0,4.0,43.0,28.0,10.0,0.0,9.0,34.0,0.0
5339463333,台東区,35.69895833333334,139.7890625,1921,1252,862.0,217.0,57.0,69.0,1244.0,232.0,832.0,0.0,89.0,1150.0,3.0
5339463334,墨田区,35.69895833333334,139.7921875,456,254,130.0,35.0,11.0,23.0,254.0,66.0,157.0,0.0,7.0,247.0,39.0
5339463341,墨田区,35.696875000000006,139.7953125,53,33,24.0,7.0,5.0,3.0,33.0,14.0,16.0,0.0,5.0,28.0,0.0
5339463342,墨田区,35.696875000000006,139.7984375,1228,722,436.0,130.0,44.0,51.0,716.0,174.0,475.0,0.0,88.0,626.0,0.0
5339463343,墨田区,35.69895833333334,139.7953125,239,103,33.0,8.0,10.0,18.0,101.0,55.0,32.0,0.0,7.0,93.0,0.0
5339463344,墨田区,35.69895833333334,139.7984375,1807,1067,639.0,187.0,82.0,54.0,1057.0,310.0,619.0,0.0,152.0,901.0,0.0
5339463411,墨田区,35.692708333333336,139.80156250000002,1699,999,579.0,193.0,56.0,75.0,994.0,253.0,626.0,0.0,96.0,895.0,0.0
5339463412,墨田区,35.692708333333336,139.80468750000003,1691,991,571.0,201.0,31.0,73.0,989.0,280.0,595.0,0.0,64.0,924.0,0.0
5339463413,墨田区,35.69479166666667,139.80156250000002,2487,1243,583.0,149.0,96.0,119.0,1243.0,513.0,547.0,0.0,110.0,1128.0,54.0
5339463414,墨田区,35.69479166666667,139.80468750000003,2287,1347,792.0,255.0,92.0,87.0,1347.0,547.0,694.0,0.0,111.0,1233.0,59.0
5339463421,墨田区,35.692708333333336,139.8078125,1279,822,537.0,146.0,47.0,58.0,811.0,159.0,567.0,0.0,30.0,776.0,0.0
5339463422,墨田区,35.692708333333336,139.81093750000002,1816,1061,630.0,226.0,79.0,62.0,1052.0,277.0,586.0,0.0,52.0,997.0,0.0
5339463423,墨田区,35.69479166666667,139.8078125,2509,1519,949.0,301.0,122.0,102.0,1516.0,476.0,823.0,20.0,83.0,1429.0,42.0
5339463424,墨田区,35.69479166666667,139.81093750000002,1677,1142,790.0,263.0,46.0,42.0,1140.0,338.0,644.0,0.0,34.0,1102.0,274.0
5339463431,墨田区,35.696875000000006,139.80156250000002,1598,807,353.0,63.0,93.0,82.0,807.0,398.0,359.0,0.0,63.0,739.0,0.0
5339463432,墨田区,35.696875000000006,139.80468750000003,2360,1100,446.0,88.0,68.0,167.0,1100.0,502.0,528.0,0.0,80.0,1019.0,0.0
5339463433,墨田区,35.69895833333334,139.80156250000002,1781,1118,744.0,256.0,107.0,67.0,1105.0,329.0,640.0,0.0,123.0,981.0,0.0
5339463434,墨田区,35.69895833333334,139.80468750000003,2027,1082,569.0,173.0,76.0,87.0,1082.0,370.0,599.0,0.0,165.0,908.0,0.0
5339463441,墨田区,35.696875000000006,139.8078125,1949,1060,607.0,163.0,41.0,98.0,1056.0,338.0,553.0,94.0,30.0,1025.0,0.0
5339463442,墨田区,35.696875000000006,139.81093750000002,1261,681,328.0,73.0,66.0,59.0,681.0,356.0,209.0,77.0,5.0,674.0,269.0
5339463443,墨田区,35.69895833333334,139.8078125,1724,1015,604.0,166.0,66.0,75.0,1014.0,234.0,670.0,0.0,119.0,892.0,0.0
5339463444,墨田区,35.69895833333334,139.81093750000002,2322,1452,921.0,191.0,122.0,84.0,1449.0,328.0,979.0,0.0,95.0,1352.0,31.0
5339463511,江東区,35.692708333333336,139.8140625,1297,874,615.0,196.0,64.0,53.0,867.0,200.0,539.0,14.0,57.0,809.0,0.0
5339463512,江東区,35.692708333333336,139.81718750000002,1016,637,425.0,127.0,71.0,31.0,636.0,134.0,348.0,104.0,19.0,616.0,0.0
5339463513,墨田区,35.69479166666667,139.8140625,634,487,374.0,131.0,17.0,9.0,486.0,47.0,378.0,0.0,21.0,465.0,254.0
5339463514,墨田区,35.69479166666667,139.81718750000002,1321,891,606.0,173.0,111.0,31.0,889.0,195.0,539.0,0.0,37.0,848.0,0.0
5339463521,江東区,35.692708333333336,139.8203125,1052,575,318.0,98.0,50.0,37.0,575.0,231.0,287.0,0.0,139.0,433.0,0.0
5339463522,江東区,35.692708333333336,139.8234375,1416,775,414.0,90.0,95.0,37.0,773.0,394.0,340.0,0.0,181.0,591.0,0.0
5339463523,江東区,35.69479166666667,139.8203125,1232,687,403.0,113.0,50.0,36.0,672.0,325.0,266.0,0.0,27.0,643.0,0.0
5339463524,江東区,35.69479166666667,139.8234375,1509,831,442.0,86.0,88.0,55.0,787.0,347.0,380.0,0.0,84.0,702.0,0.0
5339463531,墨田区,35.696875000000006,139.8140625,95,64,44.0,11.0,6.0,2.0,63.0,9.0,46.0,0.0,3.0,60.0,3.0
5339463532,墨田区,35.696875000000006,139.81718750000002,1246,722,401.0,80.0,96.0,49.0,721.0,271.0,321.0,102.0,42.0,678.0,137.0
5339463533,墨田区,35.69895833333334,139.8140625,1225,813,538.0,111.0,83.0,40.0,813.0,135.0,584.0,0.0,63.0,739.0,0.0
5339463534,墨田区,35.69895833333334,139.81718750000002,154,88,51.0,14.0,7.0,12.0,87.0,35.0,41.0,0.0,2.0,85.0,28.0
5339463541,江東区,35.696875000000006,139.8203125,2466,1276,582.0,76.0,150.0,104.0,1267.0,590.0,373.0,240.0,5.0,1261.0,101.0
5339463542,江東区,35.696875000000006,139.8234375,1378,821,483.0,132.0,68.0,59.0,816.0,261.0,402.0,76.0,9.0,806.0,100.0
5339463543,江東区,35.69895833333334,139.8203125,1691,898,417.0,49.0,199.0,72.0,898.0,636.0,129.0,78.0,5.0,893.0,0.0
5339463544,江東区,35.69895833333334,139.8234375,1440,929,604.0,160.0,138.0,25.0,923.0,247.0,384.0,201.0,109.0,810.0,0.0
5339463611,江東区,35.692708333333336,139.8265625,2249,948,325.0,57.0,57.0,159.0,945.0,637.0,272.0,0.0,103.0,835.0,124.0
5339463612,江東区,35.692708333333336,139.8296875,1165,498,175.0,21.0,69.0,50.0,496.0,393.0,80.0,0.0,97.0,399.0,0.0
5339463613,江東区,35.69479166666667,139.8265625,1974,1345,967.0,278.0,109.0,55.0,1321.0,332.0,804.0,0.0,60.0,1254.0,0.0
5339463614,江東区,35.69479166666667,139.8296875,744,454,299.0,100.0,39.0,25.0,450.0,139.0,260.0,0.0,75.0,374.0,0.0
5339463621,江東区,35.692708333333336,139.8328125,3948,1988,815.0,99.0,399.0,160.0,1987.0,168.0,29.0,1746.0,17.0,1969.0,0.0
5339463622,江東区,35.692708333333336,139.8359375,2367,1074,396.0,63.0,165.0,130.0,1065.0,556.0,153.0,203.0,120.0,936.0,282.0
5339463623,江東区,35.69479166666667,139.8328125,1265,735,449.0,126.0,74.0,38.0,723.0,259.0,402.0,0.0,160.0,562.0,0.0
5339463624,江東区,35.69479166666667,139.8359375,1418,736,375.0,98.0,87.0,46.0,735.0,294.0,307.0,113.0,165.0,570.0,0.0
5339463631,江東区,35.696875000000006,139.8265625,1078,741,533.0,182.0,63.0,17.0,738.0,272.0,346.0,0.0,39.0,697.0,0.0
5339463632,江東区,35.696875000000006,139.8296875,1210,675,373.0,89.0,41.0,30.0,672.0,356.0,286.0,0.0,9.0,662.0,251.0
5339463633,江東区,35.69895833333334,139.8265625,1417,926,629.0,158.0,111.0,45.0,925.0,317.0,544.0,0.0,163.0,758.0,0.0
5339463634,江東区,35.69895833333334,139.8296875,2175,1291,799.0,171.0,171.0,76.0,1278.0,555.0,625.0,0.0,273.0,1002.0,0.0
5339463641,江東区,35.696875000000006,139.8328125,1367,759,440.0,97.0,86.0,55.0,755.0,338.0,268.0,49.0,54.0,696.0,39.0
5339463642,江東区,35.696875000000006,139.8359375,2392,1393,779.0,172.0,251.0,91.0,1389.0,271.0,500.0,533.0,136.0,1253.0,200.0
5339463643,江東区,35.69895833333334,139.8328125,1321,777,491.0,138.0,105.0,42.0,723.0,314.0,336.0,0.0,246.0,476.0,0.0
5339463644,江東区,35.69895833333334,139.8359375,896,512,316.0,80.0,87.0,26.0,507.0,213.0,263.0,0.0,226.0,279.0,0.0
5339463711,江東区,35.692708333333336,139.8390625,2435,1335,691.0,57.0,292.0,56.0,1332.0,577.0,263.0,455.0,264.0,1068.0,0.0
5339463712,江東区,35.692708333333336,139.84218750000002,1833,988,539.0,116.0,120.0,56.0,967.0,530.0,358.0,23.0,417.0,548.0,0.0
5339463713,江東区,35.69479166666667,139.8390625,2234,970,344.0,119.0,73.0,151.0,961.0,499.0,96.0,241.0,73.0,887.0,0.0
5339463714,江東区,35.69479166666667,139.84218750000002,1170,537,258.0,90.0,47.0,40.0,478.0,329.0,118.0,0.0,52.0,426.0,0.0
5339463721,江東区,35.692708333333336,139.8453125,800,346,164.0,8.0,115.0,12.0,346.0,102.0,24.0,209.0,0.0,346.0,41.0
5339463722,江戸川区,35.692708333333336,139.84843750000002,199,91,28.0,0.0,20.0,2.0,91.0,0.0,0.0,90.0,0.0,91.0,0.0
5339463723,江東区,35.69479166666667,139.8453125,1828,674,158.0,1.0,95.0,78.0,674.0,344.0,8.0,313.0,2.0,671.0,0.0
5339463724,江戸川区,35.69479166666667,139.84843750000002,1402,570,144.0,1.0,95.0,41.0,570.0,254.0,8.0,302.0,0.0,570.0,228.0
5339463731,江東区,35.696875000000006,139.8390625,2635,1392,726.0,167.0,178.0,167.0,1371.0,801.0,421.0,48.0,96.0,1270.0,27.0
5339463732,江東区,35.696875000000006,139.84218750000002,1786,896,433.0,97.0,71.0,90.0,893.0,378.0,462.0,0.0,91.0,799.0,0.0
5339463733,江東区,35.69895833333334,139.8390625,1556,640,227.0,33.0,78.0,78.0,638.0,438.0,168.0,0.0,281.0,356.0,180.0
5339463734,江東区,35.69895833333334,139.84218750000002,1968,838,221.0,22.0,115.0,69.0,837.0,241.0,53.0,524.0,95.0,740.0,85.0
5339463741,江東区,35.696875000000006,139.8453125,1944,696,121.0,0.0,51.0,49.0,696.0,663.0,19.0,0.0,0.0,696.0,421.0
5339463742,江戸川区,35.696875000000006,139.84843750000002,847,383,109.0,3.0,65.0,8.0,383.0,60.0,3.0,314.0,0.0,380.0,0.0
5339463743,江戸川区,35.69895833333334,139.8453125,1238,542,154.0,9.0,84.0,36.0,541.0,441.0,75.0,3.0,113.0,427.0,0.0
5339463744,江戸川区,35.69895833333334,139.84843750000002,1883,715,168.0,28.0,39.0,60.0,712.0,573.0,123.0,0.0,88.0,621.0,51.0
5339463813,江戸川区,35.69479166666667,139.8515625,1008,400,92.0,0.0,54.0,24.0,400.0,325.0,35.0,9.0,2.0,377.0,0.0
5339463814,江戸川区,35.69479166666667,139.8546875,276,134,45.0,0.0,31.0,8.0,133.0,39.0,7.0,85.0,0.0,133.0,0.0
5339463822,江戸川区,35.692708333333336,139.8609375,145,72,36.0,4.0,13.0,2.0,72.0,57.0,14.0,0.0,57.0,14.0,0.0
5339463824,江戸川区,35.69479166666667,139.8609375,125,51,17.0,4.0,1.0,5.0,51.0,30.0,17.0,0.0,32.0,14.0,0.0
5339463831,江戸川区,35.696875000000006,139.8515625,1194,582,224.0,5.0,164.0,40.0,582.0,118.0,32.0,426.0,0.0,581.0,0.0
5339463832,江戸川区,35.696875000000006,139.8546875,468,187,43.0,0.0,21.0,9.0,187.0,170.0,10.0,0.0,0.0,187.0,0.0
5339463833,江戸川区,35.69895833333334,139.8515625,2248,778,140.0,8.0,70.0,61.0,778.0,612.0,63.0,84.0,18.0,760.0,259.0
5339463834,江戸川区,35.69895833333334,139.8546875,470,261,133.0,0.0,106.0,21.0,261.0,0.0,0.0,261.0,0.0,261.0,0.0
5339463842,江戸川区,35.696875000000006,139.8609375,226,97,36.0,2.0,17.0,4.0,96.0,63.0,25.0,0.0,72.0,19.0,0.0
5339463844,江戸川区,35.69895833333334,139.8609375,272,106,29.0,2.0,17.0,9.0,106.0,87.0,19.0,0.0,92.0,14.0,0.0
5339463911,江戸川区,35.692708333333336,139.86406250000002,1171,523,210.0,30.0,53.0,58.0,523.0,227.0,241.0,13.0,198.0,315.0,0.0
5339463912,江戸川区,35.692708333333336,139.86718750000003,1673,699,261.0,45.0,39.0,90.0,696.0,361.0,272.0,13.0,129.0,558.0,42.0
5339463913,江戸川区,35.69479166666667,139.86406250000002,881,385,169.0,25.0,56.0,25.0,383.0,248.0,80.0,28.0,261.0,110.0,0.0
5339463914,江戸川区,35.69479166666667,139.86718750000003,1679,816,365.0,47.0,117.0,62.0,815.0,384.0,385.0,0.0,253.0,558.0,0.0
5339463921,江戸川区,35.692708333333336,139.8703125,1408,487,87.0,15.0,21.0,86.0,480.0,382.0,83.0,0.0,224.0,237.0,0.0
5339463922,江戸川区,35.692708333333336,139.87343750000002,973,381,105.0,16.0,35.0,32.0,380.0,285.0,70.0,0.0,191.0,186.0,0.0
5339463923,江戸川区,35.69479166666667,139.8703125,1163,512,184.0,28.0,66.0,54.0,512.0,254.0,195.0,0.0,277.0,232.0,0.0
5339463924,江戸川区,35.69479166666667,139.87343750000002,1207,439,131.0,12.0,70.0,36.0,437.0,291.0,134.0,0.0,248.0,182.0,0.0
5339463931,江戸川区,35.696875000000006,139.86406250000002,1077,458,159.0,7.0,70.0,32.0,452.0,344.0,95.0,0.0,310.0,140.0,0.0
5339463932,江戸川区,35.696875000000006,139.86718750000003,1031,446,145.0,26.0,44.0,33.0,438.0,247.0,166.0,0.0,192.0,246.0,0.0
5339463933,江戸川区,35.69895833333334,139.86406250000002,666,273,128.0,19.0,45.0,11.0,272.0,166.0,87.0,0.0,175.0,97.0,0.0
5339463934,江戸川区,35.69895833333334,139.86718750000003,683,323,154.0,23.0,48.0,11.0,321.0,182.0,129.0,0.0,197.0,121.0,0.0
5339463941,江戸川区,35.696875000000006,139.8703125,804,356,139.0,15.0,70.0,31.0,352.0,211.0,128.0,0.0,217.0,132.0,0.0
5339463942,江戸川区,35.696875000000006,139.87343750000002,1150,441,117.0,9.0,49.0,27.0,438.0,340.0,87.0,0.0,280.0,158.0,0.0
5339463943,江戸川区,35.69895833333334,139.8703125,719,311,110.0,14.0,44.0,29.0,306.0,198.0,101.0,0.0,209.0,96.0,0.0
5339463944,江戸川区,35.69895833333334,139.87343750000002,816,376,157.0,17.0,68.0,22.0,375.0,219.0,130.0,0.0,232.0,140.0,0.0
5339464011,千代田区,35.70104166666667,139.7515625,367,231,143.0,37.0,13.0,14.0,204.0,78.0,101.0,14.0,9.0,178.0,14.0
5339464012,千代田区,35.70104166666667,139.75468750000002,238,119,53.0,16.0,18.0,9.0,108.0,40.0,49.0,1.0,17.0,66.0,0.0
5339464013,文京区,35.703125,139.7515625,271,155,86.0,7.0,19.0,10.0,155.0,87.0,46.0,11.0,0.0,155.0,121.0
5339464014,文京区,35.703125,139.75468750000002,265,179,129.0,18.0,27.0,7.0,179.0,63.0,89.0,21.0,2.0,176.0,0.0
5339464021,千代田区,35.70104166666667,139.7578125,728,493,358.0,150.0,28.0,31.0,384.0,103.0,233.0,0.0,13.0,360.0,49.0
5339464022,千代田区,35.70104166666667,139.7609375,189,174,173.0,164.0,1.0,0.0,173.0,0.0,4.0,0.0,1.0,170.0,0.0
5339464023,文京区,35.703125,139.7578125,1036,695,495.0,105.0,46.0,38.0,686.0,207.0,424.0,0.0,65.0,609.0,0.0
5339464024,文京区,35.703125,139.7609375,306,168,108.0,27.0,16.0,12.0,167.0,61.0,96.0,0.0,22.0,140.0,0.0
5339464032,文京区,35.70520833333334,139.75468750000002,876,578,409.0,73.0,21.0,37.0,574.0,143.0,401.0,0.0,24.0,547.0,0.0
5339464033,文京区,35.70729166666667,139.7515625,30,26,22.0,0.0,22.0,0.0,26.0,0.0,0.0,26.0,0.0,26.0,0.0
5339464034,文京区,35.70729166666667,139.75468750000002,2168,1096,533.0,89.0,107.0,110.0,1093.0,591.0,372.0,90.0,51.0,1038.0,294.0
5339464041,文京区,35.70520833333334,139.7578125,2449,1296,659.0,150.0,110.0,123.0,1275.0,633.0,594.0,0.0,76.0,1192.0,121.0
5339464042,文京区,35.70520833333334,139.7609375,1733,1255,967.0,322.0,61.0,52.0,1248.0,387.0,794.0,0.0,120.0,1119.0,29.0
5339464043,文京区,35.70729166666667,139.7578125,1611,856,434.0,79.0,78.0,62.0,852.0,388.0,425.0,0.0,84.0,764.0,28.0
5339464044,文京区,35.70729166666667,139.7609375,702,509,376.0,92.0,34.0,12.0,506.0,138.0,337.0,0.0,61.0,438.0,21.0
5339464111,文京区,35.70104166666667,139.7640625,14,1,,,,,,,,,,,
5339464112,文京区,35.70104166666667,139.7671875,1032,638,400.0,78.0,39.0,52.0,626.0,208.0,389.0,0.0,34.0,576.0,231.0
5339464113,文京区,35.703125,139.7640625,1348,920,701.0,210.0,44.0,44.0,912.0,341.0,444.0,0.0,54.0,849.0,0.0
5339464114,文京区,35.703125,139.7671875,1991,1414,1043.0,216.0,87.0,78.0,1405.0,376.0,919.0,36.0,79.0,1314.0,381.0
5339464121,千代田区,35.70104166666667,139.7703125,554,305,171.0,35.0,32.0,20.0,290.0,88.0,165.0,0.0,34.0,225.0,0.0
5339464122,千代田区,35.70104166666667,139.7734375,1017,572,302.0,51.0,55.0,48.0,546.0,318.0,176.0,0.0,9.0,529.0,516.0
5339464123,千代田区,35.703125,139.7703125,879,568,384.0,99.0,69.0,30.0,544.0,191.0,283.0,0.0,62.0,450.0,0.0
5339464124,台東区,35.703125,139.7734375,801,545,380.0,44.0,48.0,22.0,523.0,196.0,284.0,0.0,86.0,417.0,31.0
5339464131,文京区,35.70520833333334,139.7640625,1733,1106,735.0,190.0,73.0,55.0,1094.0,463.0,577.0,0.0,119.0,964.0,0.0
5339464132,文京区,35.70520833333334,139.7671875,1992,1305,904.0,274.0,75.0,79.0,1300.0,533.0,575.0,0.0,93.0,1192.0,18.0
5339464133,文京区,35.70729166666667,139.7640625,1502,977,659.0,146.0,71.0,67.0,973.0,517.0,418.0,0.0,63.0,893.0,283.0
5339464134,文京区,35.70729166666667,139.7671875,1452,866,582.0,103.0,61.0,45.0,863.0,355.0,463.0,0.0,115.0,740.0,86.0
5339464141,千代田区,35.70520833333334,139.7703125,1605,1071,734.0,144.0,85.0,52.0,1044.0,395.0,569.0,0.0,105.0,924.0,144.0
5339464142,台東区,35.70520833333334,139.7734375,792,501,314.0,84.0,41.0,19.0,499.0,152.0,295.0,0.0,100.0,378.0,0.0
5339464143,台東区,35.70729166666667,139.7703125,1262,870,635.0,122.0,66.0,37.0,869.0,400.0,405.0,0.0,117.0,748.0,73.0
5339464144,台東区,35.70729166666667,139.7734375,52,27,15.0,1.0,5.0,0.0,27.0,20.0,2.0,0.0,19.0,2.0,0.0
5339464211,台東区,35.70104166666667,139.7765625,980,616,417.0,149.0,36.0,33.0,588.0,166.0,306.0,42.0,50.0,523.0,3.0
5339464212,台東区,35.70104166666667,139.77968750000002,1675,985,565.0,119.0,91.0,55.0,975.0,499.0,355.0,51.0,107.0,851.0,249.0
5339464213,台東区,35.703125,139.7765625,1082,789,596.0,169.0,43.0,17.0,784.0,173.0,476.0,0.0,96.0,673.0,0.0
5339464214,台東区,35.703125,139.77968750000002,2035,1217,721.0,132.0,96.0,91.0,1214.0,457.0,609.0,0.0,160.0,1037.0,0.0
5339464221,台東区,35.70104166666667,139.7828125,1716,1038,631.0,146.0,115.0,71.0,1024.0,503.0,428.0,0.0,239.0,775.0,0.0
5339464222,台東区,35.70104166666667,139.78593750000002,1962,1182,731.0,193.0,118.0,69.0,1172.0,601.0,483.0,0.0,208.0,952.0,49.0
5339464223,台東区,35.703125,139.7828125,2737,1689,1059.0,239.0,206.0,88.0,1680.0,696.0,745.0,96.0,447.0,1225.0,0.0
5339464224,台東区,35.703125,139.78593750000002,2743,1535,843.0,169.0,121.0,130.0,1530.0,721.0,672.0,0.0,222.0,1302.0,44.0
5339464231,台東区,35.70520833333334,139.7765625,1262,835,568.0,91.0,89.0,24.0,821.0,330.0,391.0,0.0,140.0,656.0,88.0
5339464232,台東区,35.70520833333334,139.77968750000002,2029,1189,698.0,119.0,155.0,55.0,1172.0,680.0,400.0,0.0,351.0,797.0,38.0
5339464233,台東区,35.70729166666667,139.7765625,368,249,171.0,54.0,32.0,3.0,241.0,122.0,84.0,0.0,41.0,174.0,0.0
5339464234,台東区,35.70729166666667,139.77968750000002,1310,829,532.0,120.0,70.0,41.0,823.0,336.0,402.0,0.0,60.0,723.0,0.0
5339464241,台東区,35.70520833333334,139.7828125,2123,1254,741.0,138.0,153.0,49.0,1251.0,573.0,556.0,35.0,330.0,913.0,0.0
5339464242,台東区,35.70520833333334,139.78593750000002,2628,1603,988.0,244.0,132.0,105.0,1603.0,545.0,876.0,3.0,261.0,1333.0,0.0
5339464243,台東区,35.70729166666667,139.7828125,1368,774,424.0,90.0,75.0,42.0,770.0,327.0,377.0,0.0,133.0,632.0,0.0
5339464244,台東区,35.70729166666667,139.78593750000002,2701,1546,864.0,137.0,147.0,122.0,1543.0,633.0,741.0,10.0,122.0,1420.0,229.0
5339464311,台東区,35.70104166666667,139.7890625,1042,665,430.0,122.0,34.0,35.0,661.0,194.0,378.0,0.0,80.0,571.0,102.0
5339464312,台東区,35.70104166666667,139.7921875,294,175,101.0,73.0,2.0,29.0,174.0,2.0,94.0,0.0,1.0,173.0,0.0
5339464313,台東区,35.703125,139.7890625,1538,928,577.0,107.0,104.0,59.0,921.0,357.0,435.0,16.0,122.0,797.0,0.0
5339464314,台東区,35.703125,139.7921875,1225,713,429.0,99.0,43.0,45.0,712.0,286.0,346.0,0.0,61.0,651.0,127.0
5339464321,墨田区,35.70104166666667,139.7953125,1374,652,361.0,101.0,45.0,51.0,649.0,286.0,306.0,0.0,94.0,549.0,27.0
5339464322,墨田区,35.70104166666667,139.7984375,1817,1100,684.0,225.0,103.0,54.0,1083.0,371.0,616.0,0.0,149.0,931.0,6.0
5339464323,墨田区,35.703125,139.7953125,658,329,146.0,13.0,49.0,22.0,329.0,208.0,85.0,16.0,38.0,291.0,0.0
5339464324,墨田区,35.703125,139.7984375,1432,840,479.0,138.0,66.0,42.0,839.0,267.0,457.0,0.0,148.0,689.0,0.0
5339464331,台東区,35.70520833333334,139.7890625,2401,1404,830.0,190.0,84.0,120.0,1398.0,610.0,661.0,0.0,150.0,1246.0,117.0
5339464332,台東区,35.70520833333334,139.7921875,2485,1446,808.0,146.0,143.0,113.0,1435.0,681.0,598.0,21.0,103.0,1327.0,182.0
5339464333,台東区,35.70729166666667,139.7890625,1853,1008,547.0,91.0,100.0,70.0,1006.0,482.0,452.0,0.0,149.0,850.0,56.0
5339464334,台東区,35.70729166666667,139.7921875,2609,1501,833.0,146.0,161.0,106.0,1493.0,647.0,671.0,1.0,188.0,1299.0,240.0
5339464341,台東区,35.70520833333334,139.7953125,681,392,223.0,30.0,50.0,24.0,392.0,189.0,175.0,0.0,16.0,376.0,0.0
5339464342,墨田区,35.70520833333334,139.7984375,1301,706,372.0,95.0,79.0,53.0,702.0,342.0,321.0,0.0,156.0,546.0,0.0
5339464343,台東区,35.70729166666667,139.7953125,1101,671,418.0,75.0,59.0,49.0,671.0,242.0,303.0,0.0,77.0,590.0,40.0
5339464344,墨田区,35.70729166666667,139.7984375,974,682,476.0,155.0,58.0,26.0,672.0,154.0,454.0,0.0,57.0,614.0,0.0
5339464411,墨田区,35.70104166666667,139.80156250000002,2175,1069,495.0,108.0,91.0,88.0,1069.0,518.0,446.0,0.0,212.0,841.0,0.0
5339464412,墨田区,35.70104166666667,139.80468750000003,2212,1312,785.0,185.0,108.0,101.0,1308.0,442.0,777.0,0.0,136.0,1164.0,0.0
5339464413,墨田区,35.703125,139.80156250000002,1590,884,479.0,120.0,88.0,58.0,881.0,403.0,398.0,0.0,190.0,686.0,0.0
5339464414,墨田区,35.703125,139.80468750000003,1602,840,459.0,124.0,73.0,48.0,833.0,317.0,405.0,0.0,187.0,646.0,0.0
5339464421,墨田区,35.70104166666667,139.8078125,2025,1052,499.0,134.0,75.0,105.0,1048.0,416.0,504.0,31.0,73.0,972.0,0.0
5339464422,墨田区,35.70104166666667,139.81093750000002,1825,1013,547.0,107.0,105.0,68.0,1012.0,420.0,514.0,0.0,123.0,880.0,147.0
5339464423,墨田区,35.703125,139.8078125,1000,600,375.0,89.0,70.0,32.0,598.0,197.0,341.0,13.0,67.0,530.0,0.0
5339464424,墨田区,35.703125,139.81093750000002,1745,1092,698.0,177.0,119.0,58.0,1077.0,280.0,691.0,0.0,243.0,833.0,0.0
5339464431,墨田区,35.70520833333334,139.80156250000002,1391,735,383.0,91.0,82.0,38.0,717.0,294.0,346.0,0.0,256.0,461.0,0.0
5339464432,墨田区,35.70520833333334,139.80468750000003,1725,979,534.0,122.0,108.0,62.0,973.0,431.0,466.0,0.0,208.0,760.0,0.0
5339464433,墨田区,35.70729166666667,139.80156250000002,1515,838,461.0,109.0,97.0,34.0,837.0,410.0,366.0,0.0,235.0,595.0,0.0
5339464434,墨田区,35.70729166666667,139.80468750000003,1881,1097,653.0,170.0,115.0,66.0,1091.0,408.0,605.0,0.0,145.0,942.0,0.0
5339464441,墨田区,35.70520833333334,139.8078125,1806,895,423.0,112.0,58.0,68.0,890.0,180.0,406.0,251.0,73.0,813.0,0.0
5339464442,墨田区,35.70520833333334,139.81093750000002,791,482,305.0,85.0,44.0,28.0,474.0,135.0,297.0,0.0,62.0,412.0,0.0
5339464443,墨田区,35.70729166666667,139.8078125,1639,864,421.0,64.0,126.0,75.0,856.0,398.0,399.0,0.0,33.0,822.0,0.0
5339464444,墨田区,35.70729166666667,139.81093750000002,1454,721,318.0,57.0,72.0,45.0,719.0,408.0,263.0,0.0,165.0,550.0,0.0
5339464511,墨田区,35.70104166666667,139.8140625,1856,1200,794.0,191.0,102.0,69.0,1196.0,345.0,771.0,0.0,91.0,1104.0,38.0
5339464512,墨田区,35.70104166666667,139.81718750000002,2965,1557,694.0,109.0,186.0,109.0,1554.0,790.0,540.0,154.0,55.0,1497.0,596.0
5339464513,墨田区,35.703125,139.8140625,1909,1088,632.0,133.0,123.0,55.0,1082.0,356.0,620.0,0.0,196.0,881.0,0.0
5339464514,墨田区,35.703125,139.81718750000002,2186,1158,543.0,92.0,174.0,67.0,1156.0,386.0,439.0,256.0,88.0,1063.0,114.0
5339464521,江東区,35.70104166666667,139.8203125,1638,927,509.0,88.0,138.0,57.0,922.0,385.0,257.0,209.0,71.0,850.0,11.0
5339464522,江東区,35.70104166666667,139.8234375,2805,1720,1076.0,251.0,181.0,94.0,1715.0,518.0,742.0,299.0,100.0,1612.0,42.0
5339464523,江東区,35.703125,139.8203125,1189,702,411.0,99.0,74.0,31.0,686.0,252.0,383.0,0.0,193.0,489.0,0.0
5339464524,江東区,35.703125,139.8234375,1335,792,480.0,104.0,106.0,31.0,790.0,316.0,427.0,0.0,283.0,500.0,0.0
5339464531,墨田区,35.70520833333334,139.8140625,1803,1032,577.0,206.0,107.0,61.0,997.0,326.0,525.0,0.0,189.0,803.0,0.0
5339464532,墨田区,35.70520833333334,139.81718750000002,2170,1048,418.0,21.0,268.0,83.0,1046.0,304.0,156.0,519.0,63.0,982.0,352.0
5339464533,墨田区,35.70729166666667,139.8140625,2081,1275,795.0,216.0,117.0,67.0,1269.0,427.0,714.0,1.0,154.0,1111.0,62.0
5339464534,墨田区,35.70729166666667,139.81718750000002,2554,1258,625.0,156.0,100.0,111.0,1247.0,545.0,609.0,0.0,133.0,1112.0,0.0
5339464541,江東区,35.70520833333334,139.8203125,2011,1051,539.0,117.0,96.0,83.0,1048.0,538.0,442.0,0.0,316.0,728.0,0.0
5339464542,江東区,35.70520833333334,139.8234375,1602,881,475.0,111.0,112.0,49.0,873.0,432.0,383.0,0.0,295.0,574.0,0.0
5339464543,江東区,35.70729166666667,139.8203125,1137,495,224.0,17.0,147.0,25.0,493.0,56.0,80.0,354.0,61.0,430.0,0.0
5339464544,墨田区,35.70729166666667,139.8234375,1731,756,231.0,2.0,153.0,28.0,756.0,269.0,9.0,475.0,0.0,756.0,217.0
5339464611,江東区,35.70104166666667,139.8265625,1590,1116,826.0,250.0,93.0,35.0,1115.0,233.0,744.0,0.0,162.0,948.0,0.0
5339464612,江東区,35.70104166666667,139.8296875,1720,1016,615.0,188.0,114.0,43.0,1015.0,403.0,541.0,0.0,223.0,785.0,41.0
5339464613,江東区,35.703125,139.8265625,1190,752,509.0,175.0,57.0,25.0,748.0,251.0,430.0,0.0,219.0,528.0,0.0
5339464614,江東区,35.703125,139.8296875,1111,627,370.0,95.0,90.0,31.0,623.0,254.0,235.0,89.0,186.0,436.0,0.0
5339464621,江東区,35.70104166666667,139.8328125,1627,968,597.0,220.0,119.0,44.0,964.0,381.0,471.0,0.0,206.0,755.0,0.0
5339464622,江東区,35.70104166666667,139.8359375,454,231,90.0,6.0,26.0,15.0,231.0,148.0,75.0,0.0,11.0,220.0,0.0
5339464623,墨田区,35.703125,139.8328125,1537,709,312.0,112.0,71.0,82.0,707.0,302.0,351.0,0.0,201.0,502.0,0.0
5339464624,江戸川区,35.703125,139.8359375,102,47,16.0,2.0,6.0,2.0,47.0,36.0,3.0,0.0,13.0,34.0,0.0
5339464631,墨田区,35.70520833333334,139.8265625,1383,635,273.0,91.0,39.0,45.0,631.0,384.0,197.0,0.0,106.0,524.0,0.0
5339464632,墨田区,35.70520833333334,139.8296875,3062,1731,959.0,87.0,500.0,85.0,1731.0,48.0,27.0,1583.0,39.0,1692.0,0.0
5339464633,墨田区,35.70729166666667,139.8265625,928,521,298.0,83.0,37.0,24.0,520.0,181.0,303.0,0.0,104.0,410.0,0.0
5339464634,墨田区,35.70729166666667,139.8296875,1147,605,294.0,52.0,106.0,30.0,601.0,340.0,225.0,0.0,266.0,334.0,0.0
5339464641,墨田区,35.70520833333334,139.8328125,1574,731,304.0,39.0,140.0,47.0,727.0,366.0,148.0,181.0,147.0,580.0,1.0
5339464642,江戸川区,35.70520833333334,139.8359375,718,350,140.0,12.0,64.0,22.0,350.0,116.0,64.0,168.0,70.0,280.0,0.0
5339464643,墨田区,35.70729166666667,139.8328125,1415,778,423.0,89.0,118.0,22.0,768.0,413.0,314.0,0.0,199.0,563.0,0.0
5339464644,墨田区,35.70729166666667,139.8359375,638,337,176.0,60.0,35.0,27.0,336.0,129.0,163.0,26.0,136.0,200.0,0.0
5339464711,江東区,35.70104166666667,139.8390625,801,321,82.0,0.0,53.0,27.0,320.0,198.0,10.0,109.0,35.0,285.0,174.0
5339464712,江戸川区,35.70104166666667,139.84218750000002,1332,511,153.0,17.0,41.0,66.0,507.0,368.0,120.0,0.0,73.0,433.0,270.0
5339464713,江戸川区,35.703125,139.8390625,1544,927,471.0,6.0,381.0,20.0,927.0,121.0,23.0,776.0,12.0,915.0,0.0
5339464714,江戸川区,35.703125,139.84218750000002,1439,854,534.0,84.0,174.0,31.0,853.0,244.0,404.0,171.0,155.0,689.0,0.0
5339464721,江戸川区,35.70104166666667,139.8453125,1383,731,379.0,90.0,112.0,33.0,652.0,373.0,243.0,0.0,368.0,284.0,0.0
5339464722,江戸川区,35.70104166666667,139.84843750000002,1294,693,388.0,80.0,102.0,41.0,681.0,320.0,326.0,0.0,265.0,414.0,0.0
5339464723,江戸川区,35.703125,139.8453125,1219,713,425.0,94.0,99.0,31.0,698.0,295.0,357.0,0.0,226.0,462.0,0.0
5339464724,江戸川区,35.703125,139.84843750000002,956,578,363.0,78.0,101.0,15.0,565.0,234.0,261.0,28.0,212.0,349.0,0.0
5339464731,江戸川区,35.70520833333334,139.8390625,923,595,402.0,105.0,75.0,17.0,577.0,179.0,366.0,3.0,130.0,447.0,0.0
5339464732,江戸川区,35.70520833333334,139.84218750000002,1929,1111,663.0,157.0,133.0,46.0,1098.0,378.0,660.0,0.0,126.0,971.0,165.0
5339464733,江戸川区,35.70729166666667,139.8390625,1150,730,482.0,145.0,104.0,20.0,730.0,226.0,451.0,0.0,210.0,517.0,0.0
5339464734,江戸川区,35.70729166666667,139.84218750000002,1263,777,488.0,113.0,92.0,38.0,773.0,155.0,554.0,0.0,64.0,703.0,0.0
5339464741,江戸川区,35.70520833333334,139.8453125,1270,695,376.0,69.0,85.0,43.0,693.0,285.0,341.0,0.0,137.0,550.0,0.0
5339464742,江戸川区,35.70520833333334,139.84843750000002,1330,792,509.0,91.0,125.0,29.0,786.0,268.0,469.0,2.0,235.0,547.0,0.0
5339464743,江戸川区,35.70729166666667,139.8453125,1677,1075,736.0,216.0,151.0,52.0,1073.0,363.0,583.0,12.0,295.0,777.0,32.0
5339464744,江戸川区,35.70729166666667,139.84843750000002,2533,1017,272.0,38.0,63.0,233.0,1017.0,704.0,262.0,10.0,81.0,934.0,0.0
5339464811,江戸川区,35.70104166666667,139.8515625,1276,590,276.0,57.0,88.0,48.0,588.0,295.0,242.0,0.0,304.0,275.0,0.0
5339464812,江戸川区,35.70104166666667,139.8546875,17,8,2.0,0.0,2.0,0.0,8.0,8.0,0.0,0.0,7.0,1.0,0.0
5339464813,江戸川区,35.703125,139.8515625,439,208,85.0,12.0,29.0,12.0,205.0,123.0,67.0,0.0,133.0,66.0,0.0
5339464822,江戸川区,35.70104166666667,139.8609375,474,235,127.0,59.0,24.0,10.0,235.0,110.0,50.0,0.0,63.0,172.0,0.0
5339464824,江戸川区,35.703125,139.8609375,704,298,103.0,5.0,47.0,24.0,298.0,215.0,82.0,0.0,196.0,101.0,0.0
5339464831,江戸川区,35.70520833333334,139.8515625,639,347,191.0,44.0,55.0,12.0,345.0,176.0,142.0,0.0,192.0,151.0,0.0
5339464833,江戸川区,35.70729166666667,139.8515625,31,19,12.0,2.0,1.0,0.0,19.0,7.0,12.0,0.0,8.0,8.0,0.0
5339464842,江戸川区,35.70520833333334,139.8609375,726,312,105.0,5.0,44.0,20.0,307.0,213.0,81.0,0.0,217.0,80.0,0.0
5339464843,江戸川区,35.70729166666667,139.8578125,159,90,47.0,7.0,11.0,3.0,89.0,52.0,32.0,0.0,57.0,32.0,0.0
5339464844,江戸川区,35.70729166666667,139.8609375,898,394,143.0,23.0,47.0,27.0,389.0,253.0,116.0,0.0,266.0,123.0,0.0
5339464911,江戸川区,35.70104166666667,139.86406250000002,1271,549,242.0,25.0,101.0,23.0,549.0,334.0,174.0,0.0,276.0,272.0,0.0
5339464912,江戸川区,35.70104166666667,139.86718750000003,1163,538,217.0,23.0,85.0,48.0,534.0,309.0,194.0,0.0,308.0,225.0,0.0
5339464913,江戸川区,35.703125,139.86406250000002,788,350,123.0,11.0,43.0,39.0,331.0,195.0,123.0,0.0,142.0,187.0,0.0
5339464914,江戸川区,35.703125,139.86718750000003,1063,537,247.0,17.0,110.0,28.0,537.0,361.0,150.0,0.0,138.0,399.0,0.0
5339464921,江戸川区,35.70104166666667,139.8703125,949,381,132.0,6.0,65.0,50.0,379.0,274.0,102.0,0.0,163.0,216.0,0.0
5339464922,江戸川区,35.70104166666667,139.87343750000002,1343,562,205.0,20.0,61.0,29.0,552.0,406.0,121.0,0.0,292.0,258.0,0.0
5339464923,江戸川区,35.703125,139.8703125,891,382,140.0,11.0,50.0,33.0,379.0,237.0,111.0,20.0,140.0,236.0,0.0
5339464924,江戸川区,35.703125,139.87343750000002,1340,565,166.0,3.0,78.0,38.0,561.0,435.0,67.0,48.0,265.0,291.0,0.0
5339464931,江戸川区,35.70520833333334,139.86406250000002,1106,474,148.0,10.0,57.0,56.0,472.0,338.0,95.0,0.0,190.0,282.0,0.0
5339464932,江戸川区,35.70520833333334,139.86718750000003,1051,479,234.0,37.0,72.0,32.0,478.0,261.0,175.0,11.0,139.0,334.0,0.0
5339464933,江戸川区,35.70729166666667,139.86406250000002,1249,563,215.0,43.0,76.0,65.0,562.0,252.0,234.0,0.0,237.0,320.0,0.0
5339464934,江戸川区,35.70729166666667,139.86718750000003,645,332,144.0,22.0,43.0,19.0,330.0,171.0,141.0,0.0,90.0,238.0,0.0
5339464941,江戸川区,35.70520833333334,139.8703125,1255,562,222.0,14.0,116.0,36.0,562.0,325.0,101.0,122.0,159.0,400.0,0.0
5339464942,江戸川区,35.70520833333334,139.87343750000002,1022,479,205.0,46.0,72.0,28.0,454.0,285.0,149.0,0.0,234.0,217.0,0.0
5339464943,江戸川区,35.70729166666667,139.8703125,803,418,188.0,6.0,127.0,13.0,417.0,189.0,83.0,130.0,121.0,293.0,0.0
5339464944,江戸川区,35.70729166666667,139.87343750000002,1206,577,233.0,31.0,107.0,39.0,561.0,435.0,87.0,3.0,220.0,340.0,0.0
5339465011,文京区,35.709375,139.7515625,1410,825,518.0,94.0,59.0,61.0,816.0,448.0,345.0,0.0,85.0,730.0,137.0
5339465012,文京区,35.709375,139.75468750000002,1616,916,527.0,93.0,154.0,58.0,915.0,434.0,307.0,115.0,191.0,701.0,0.0
5339465013,文京区,35.71145833333333,139.7515625,2951,1641,894.0,105.0,175.0,115.0,1630.0,977.0,586.0,0.0,82.0,1548.0,554.0
5339465014,文京区,35.71145833333333,139.75468750000002,2143,1211,725.0,157.0,98.0,86.0,1210.0,556.0,574.0,0.0,193.0,998.0,55.0
5339465021,文京区,35.709375,139.7578125,2281,1290,777.0,196.0,113.0,74.0,1285.0,508.0,599.0,129.0,222.0,1052.0,0.0
5339465022,文京区,35.709375,139.7609375,646,387,239.0,54.0,29.0,23.0,380.0,176.0,182.0,0.0,62.0,314.0,72.0
5339465023,文京区,35.71145833333333,139.7578125,1704,974,579.0,164.0,77.0,68.0,964.0,409.0,500.0,0.0,250.0,705.0,0.0
5339465024,文京区,35.71145833333333,139.7609375,296,188,121.0,20.0,24.0,10.0,185.0,72.0,102.0,0.0,14.0,171.0,0.0
5339465031,文京区,35.71354166666667,139.7515625,3279,1670,774.0,95.0,160.0,180.0,1667.0,787.0,593.0,243.0,61.0,1604.0,734.0
5339465032,文京区,35.71354166666667,139.75468750000002,1087,539,278.0,50.0,53.0,43.0,538.0,262.0,217.0,0.0,190.0,341.0,0.0
5339465033,文京区,35.715625,139.7515625,2021,1256,829.0,190.0,100.0,61.0,1249.0,454.0,736.0,0.0,227.0,1004.0,27.0
5339465034,文京区,35.715625,139.75468750000002,1271,620,295.0,72.0,66.0,59.0,616.0,369.0,217.0,0.0,319.0,251.0,0.0
5339465041,文京区,35.71354166666667,139.7578125,1825,1096,736.0,244.0,63.0,68.0,1080.0,355.0,667.0,0.0,213.0,863.0,0.0
5339465043,文京区,35.715625,139.7578125,1440,833,515.0,165.0,59.0,42.0,833.0,326.0,479.0,0.0,212.0,599.0,0.0
5339465044,文京区,35.715625,139.7609375,116,94,78.0,42.0,4.0,1.0,94.0,14.0,80.0,0.0,10.0,82.0,0.0
5339465111,文京区,35.709375,139.7640625,780,351,159.0,20.0,36.0,31.0,346.0,227.0,101.0,0.0,34.0,311.0,0.0
5339465112,台東区,35.709375,139.7671875,890,492,258.0,23.0,78.0,27.0,485.0,297.0,154.0,0.0,24.0,459.0,287.0
5339465114,文京区,35.71145833333333,139.7671875,1786,996,544.0,215.0,60.0,112.0,777.0,397.0,304.0,0.0,18.0,759.0,299.0
5339465121,台東区,35.709375,139.7703125,255,148,95.0,5.0,31.0,3.0,143.0,81.0,50.0,0.0,21.0,120.0,52.0
5339465122,台東区,35.709375,139.7734375,94,56,37.0,3.0,16.0,2.0,55.0,42.0,12.0,0.0,36.0,8.0,0.0
5339465124,台東区,35.71145833333333,139.7734375,31,22,19.0,5.0,5.0,0.0,22.0,18.0,3.0,0.0,3.0,19.0,0.0
5339465131,文京区,35.71354166666667,139.7640625,181,107,66.0,18.0,8.0,5.0,104.0,39.0,61.0,0.0,39.0,65.0,0.0
5339465132,台東区,35.71354166666667,139.7671875,1787,1069,624.0,212.0,99.0,78.0,896.0,635.0,225.0,0.0,43.0,851.0,546.0
5339465133,文京区,35.715625,139.7640625,654,363,217.0,84.0,33.0,22.0,361.0,174.0,176.0,0.0,111.0,250.0,0.0
5339465134,台東区,35.715625,139.7671875,1653,904,484.0,91.0,120.0,81.0,901.0,542.0,313.0,0.0,145.0,751.0,201.0
5339465142,台東区,35.71354166666667,139.7734375,12,3,,,,,,,,,,,
5339465143,台東区,35.715625,139.7703125,292,166,96.0,20.0,24.0,16.0,169.0,86.0,73.0,0.0,56.0,111.0,0.0
5339465144,台東区,35.715625,139.7734375,11,0,,,,,,,,,,,
5339465211,台東区,35.709375,139.7765625,442,293,201.0,39.0,47.0,9.0,288.0,132.0,125.0,0.0,67.0,198.0,61.0
5339465212,台東区,35.709375,139.77968750000002,1096,700,465.0,119.0,76.0,36.0,693.0,208.0,375.0,11.0,105.0,549.0,0.0
5339465213,台東区,35.71145833333333,139.7765625,128,76,44.0,3.0,14.0,1.0,76.0,40.0,33.0,0.0,26.0,48.0,0.0
5339465214,台東区,35.71145833333333,139.77968750000002,956,530,316.0,87.0,77.0,39.0,522.0,290.0,168.0,0.0,120.0,384.0,50.0
5339465221,台東区,35.709375,139.7828125,1544,981,644.0,111.0,133.0,46.0,969.0,354.0,509.0,0.0,196.0,766.0,62.0
5339465222,台東区,35.709375,139.78593750000002,1986,1169,693.0,126.0,130.0,74.0,1162.0,529.0,512.0,0.0,243.0,918.0,42.0
5339465223,台東区,35.71145833333333,139.7828125,1215,726,427.0,63.0,86.0,54.0,725.0,296.0,321.0,0.0,182.0,534.0,111.0
5339465224,台東区,35.71145833333333,139.78593750000002,1227,695,397.0,61.0,100.0,45.0,690.0,245.0,360.0,0.0,129.0,556.0,8.0
5339465231,台東区,35.71354166666667,139.7765625,79,69,63.0,8.0,24.0,0.0,69.0,7.0,59.0,0.0,6.0,63.0,0.0
5339465232,台東区,35.71354166666667,139.77968750000002,1005,654,430.0,99.0,79.0,30.0,649.0,301.0,292.0,0.0,109.0,538.0,19.0
5339465233,台東区,35.715625,139.7765625,11,0,0.0,0.0,0.0,0.0,0.0,0.0,0.0,0.0,0.0,0.0,0.0
5339465234,台東区,35.715625,139.77968750000002,972,585,351.0,86.0,37.0,34.0,581.0,290.0,235.0,0.0,58.0,521.0,0.0
5339465241,台東区,35.71354166666667,139.7828125,1960,1076,569.0,90.0,133.0,67.0,1072.0,721.0,282.0,0.0,192.0,876.0,372.0
5339465242,台東区,35.71354166666667,139.78593750000002,1640,901,484.0,87.0,92.0,64.0,895.0,421.0,406.0,0.0,258.0,634.0,0.0
5339465243,台東区,35.715625,139.7828125,1981,1174,700.0,180.0,115.0,76.0,1170.0,497.0,566.0,0.0,185.0,982.0,56.0
5339465244,台東区,35.715625,139.78593750000002,2571,1476,858.0,178.0,186.0,92.0,1447.0,571.0,734.0,0.0,246.0,1193.0,0.0
5339465311,台東区,35.709375,139.7890625,1613,886,478.0,76.0,143.0,67.0,880.0,466.0,331.0,0.0,173.0,693.0,74.0
5339465312,台東区,35.709375,139.7921875,1549,876,514.0,69.0,130.0,45.0,867.0,389.0,390.0,0.0,155.0,700.0,16.0
5339465313,台東区,35.71145833333333,139.7890625,1345,816,497.0,64.0,107.0,48.0,803.0,420.0,304.0,0.0,113.0,683.0,37.0
5339465314,台東区,35.71145833333333,139.7921875,1315,817,512.0,41.0,146.0,27.0,809.0,465.0,273.0,0.0,179.0,602.0,127.0
5339465321,台東区,35.709375,139.7953125,2001,1228,743.0,84.0,169.0,50.0,1225.0,571.0,504.0,0.0,109.0,1096.0,179.0
5339465322,墨田区,35.709375,139.7984375,344,217,140.0,17.0,31.0,7.0,211.0,74.0,95.0,0.0,64.0,145.0,0.0
5339465323,台東区,35.71145833333333,139.7953125,1042,585,309.0,25.0,106.0,26.0,584.0,403.0,108.0,0.0,198.0,351.0,24.0
5339465324,台東区,35.71145833333333,139.7984375,446,274,182.0,24.0,43.0,10.0,272.0,115.0,144.0,0.0,70.0,199.0,0.0
5339465331,台東区,35.71354166666667,139.7890625,1627,1028,669.0,147.0,114.0,38.0,1024.0,307.0,619.0,5.0,289.0,732.0,0.0
5339465332,台東区,35.71354166666667,139.7921875,1168,726,450.0,58.0,115.0,31.0,703.0,293.0,337.0,3.0,140.0,557.0,0.0
5339465333,台東区,35.715625,139.7890625,3074,1538,695.0,59.0,218.0,149.0,1522.0,1067.0,387.0,0.0,255.0,1262.0,734.0
5339465334,台東区,35.715625,139.7921875,1357,835,529.0,92.0,103.0,45.0,828.0,371.0,376.0,0.0,148.0,674.0,55.0
5339465341,台東区,35.71354166666667,139.7953125,363,222,144.0,12.0,57.0,5.0,221.0,135.0,71.0,0.0,110.0,98.0,0.0
5339465342,台東区,35.71354166666667,139.7984375,1003,535,259.0,43.0,55.0,46.0,530.0,286.0,195.0,0.0,111.0,417.0,0.0
5339465343,台東区,35.715625,139.7953125,1097,640,403.0,43.0,114.0,43.0,634.0,343.0,266.0,0.0,78.0,508.0,0.0
5339465344,台東区,35.715625,139.7984375,1393,807,448.0,41.0,187.0,30.0,786.0,381.0,356.0,0.0,203.0,571.0,0.0
5339465411,墨田区,35.709375,139.80156250000002,2011,1233,728.0,147.0,114.0,67.0,1229.0,245.0,506.0,384.0,117.0,1110.0,408.0
5339465412,墨田区,35.709375,139.80468750000003,1183,678,383.0,86.0,108.0,46.0,673.0,304.0,303.0,0.0,53.0,620.0,0.0
5339465413,墨田区,35.71145833333333,139.80156250000002,183,87,30.0,1.0,10.0,6.0,87.0,63.0,20.0,0.0,4.0,83.0,0.0
5339465414,墨田区,35.71145833333333,139.80468750000003,1170,700,400.0,82.0,105.0,44.0,699.0,321.0,324.0,0.0,164.0,527.0,0.0
5339465421,墨田区,35.709375,139.8078125,1037,524,241.0,41.0,57.0,29.0,523.0,237.0,252.0,0.0,55.0,467.0,0.0
5339465422,墨田区,35.709375,139.81093750000002,1095,642,379.0,104.0,61.0,36.0,642.0,204.0,394.0,0.0,55.0,579.0,0.0
5339465423,墨田区,35.71145833333333,139.8078125,1694,1028,621.0,134.0,135.0,66.0,1021.0,229.0,622.0,87.0,134.0,881.0,0.0
5339465424,墨田区,35.71145833333333,139.81093750000002,1307,700,341.0,49.0,120.0,51.0,700.0,295.0,290.0,68.0,151.0,548.0,0.0
5339465431,台東区,35.71354166666667,139.80156250000002,543,300,158.0,15.0,44.0,12.0,300.0,160.0,117.0,0.0,46.0,250.0,0.0
5339465432,墨田区,35.71354166666667,139.80468750000003,472,232,97.0,14.0,30.0,19.0,232.0,125.0,95.0,0.0,40.0,192.0,0.0
5339465433,台東区,35.715625,139.80156250000002,1478,843,480.0,85.0,91.0,50.0,840.0,337.0,430.0,0.0,100.0,736.0,0.0
5339465441,墨田区,35.71354166666667,139.8078125,2259,1090,486.0,78.0,125.0,91.0,1090.0,569.0,426.0,0.0,176.0,911.0,120.0
5339465442,墨田区,35.71354166666667,139.81093750000002,1941,1060,569.0,148.0,81.0,122.0,1056.0,414.0,519.0,37.0,116.0,938.0,0.0
5339465443,墨田区,35.715625,139.8078125,1705,1035,646.0,180.0,97.0,71.0,1029.0,424.0,517.0,0.0,130.0,895.0,0.0
5339465444,墨田区,35.715625,139.81093750000002,2012,1188,715.0,205.0,132.0,52.0,1180.0,495.0,599.0,0.0,207.0,972.0,0.0
5339465511,墨田区,35.709375,139.8140625,965,642,449.0,108.0,38.0,26.0,630.0,214.0,363.0,0.0,90.0,538.0,4.0
5339465512,墨田区,35.709375,139.81718750000002,1251,753,461.0,103.0,87.0,34.0,750.0,256.0,446.0,0.0,207.0,541.0,0.0
5339465513,墨田区,35.71145833333333,139.8140625,786,426,207.0,39.0,34.0,23.0,420.0,214.0,173.0,0.0,47.0,371.0,0.0
5339465514,墨田区,35.71145833333333,139.81718750000002,1436,759,371.0,81.0,105.0,47.0,755.0,335.0,381.0,0.0,308.0,447.0,0.0
5339465521,墨田区,35.709375,139.8203125,1561,895,495.0,106.0,188.0,28.0,889.0,224.0,323.0,306.0,223.0,662.0,0.0
5339465522,墨田区,35.709375,139.8234375,1260,670,286.0,37.0,176.0,25.0,657.0,84.0,65.0,502.0,85.0,572.0,0.0
5339465523,墨田区,35.71145833333333,139.8203125,1368,622,234.0,41.0,69.0,70.0,613.0,334.0,246.0,0.0,331.0,280.0,0.0
5339465524,墨田区,35.71145833333333,139.8234375,687,372,228.0,53.0,79.0,17.0,357.0,152.0,191.0,0.0,178.0,163.0,0.0
5339465531,墨田区,35.71354166666667,139.8140625,1285,627,296.0,68.0,84.0,39.0,626.0,337.0,242.0,0.0,222.0,404.0,0.0
5339465532,墨田区,35.71354166666667,139.81718750000002,1608,818,389.0,82.0,116.0,74.0,814.0,434.0,346.0,0.0,312.0,500.0,50.0
5339465533,墨田区,35.715625,139.8140625,1591,731,335.0,50.0,111.0,44.0,729.0,425.0,277.0,0.0,328.0,401.0,13.0
5339465534,墨田区,35.715625,139.81718750000002,2904,1481,634.0,96.0,141.0,190.0,1480.0,518.0,433.0,453.0,180.0,1299.0,900.0
5339465541,墨田区,35.71354166666667,139.8203125,1380,682,298.0,35.0,130.0,47.0,678.0,438.0,209.0,10.0,460.0,203.0,0.0
5339465542,墨田区,35.71354166666667,139.8234375,1416,706,323.0,36.0,160.0,45.0,700.0,413.0,252.0,5.0,483.0,204.0,0.0
5339465543,墨田区,35.715625,139.8203125,1705,807,332.0,53.0,125.0,81.0,794.0,508.0,232.0,34.0,211.0,580.0,41.0
5339465544,墨田区,35.715625,139.8234375,1712,899,434.0,75.0,177.0,58.0,898.0,467.0,400.0,1.0,400.0,485.0,0.0
5339465611,墨田区,35.709375,139.8265625,1565,781,329.0,66.0,115.0,59.0,781.0,394.0,250.0,80.0,200.0,580.0,0.0
5339465612,墨田区,35.709375,139.8296875,1253,605,274.0,46.0,108.0,57.0,604.0,339.0,247.0,0.0,260.0,342.0,0.0
5339465613,墨田区,35.71145833333333,139.8265625,2582,1039,355.0,67.0,79.0,71.0,1034.0,758.0,249.0,0.0,148.0,886.0,0.0
5339465614,墨田区,35.71145833333333,139.8296875,1529,767,365.0,81.0,89.0,70.0,746.0,296.0,370.0,11.0,133.0,611.0,0.0
5339465621,墨田区,35.709375,139.8328125,1109,484,165.0,31.0,53.0,35.0,484.0,317.0,136.0,0.0,127.0,357.0,0.0
5339465622,墨田区,35.709375,139.8359375,1442,690,269.0,32.0,106.0,50.0,690.0,348.0,184.0,123.0,196.0,493.0,0.0
5339465623,墨田区,35.71145833333333,139.8328125,1244,552,196.0,41.0,45.0,51.0,552.0,286.0,230.0,0.0,251.0,299.0,0.0
5339465624,墨田区,35.71145833333333,139.8359375,868,404,149.0,6.0,108.0,22.0,399.0,62.0,16.0,311.0,75.0,323.0,0.0
5339465631,墨田区,35.71354166666667,139.8265625,1349,627,250.0,38.0,87.0,57.0,623.0,347.0,250.0,5.0,194.0,424.0,83.0
5339465632,墨田区,35.71354166666667,139.8296875,1228,551,237.0,47.0,56.0,37.0,549.0,309.0,204.0,9.0,165.0,383.0,0.0
5339465633,墨田区,35.715625,139.8265625,1327,621,255.0,57.0,92.0,50.0,616.0,330.0,252.0,9.0,291.0,324.0,0.0
5339465634,墨田区,35.715625,139.8296875,710,386,213.0,69.0,45.0,28.0,372.0,147.0,193.0,0.0,85.0,287.0,0.0
5339465641,墨田区,35.71354166666667,139.8328125,1400,495,81.0,8.0,25.0,155.0,495.0,364.0,38.0,89.0,34.0,461.0,0.0
5339465642,江戸川区,35.71354166666667,139.8359375,894,339,73.0,2.0,41.0,44.0,339.0,74.0,10.0,254.0,5.0,334.0,0.0
5339465643,墨田区,35.715625,139.8328125,885,289,32.0,0.0,9.0,63.0,289.0,247.0,1.0,39.0,2.0,287.0,0.0
5339465644,江戸川区,35.715625,139.8359375,1666,628,155.0,1.0,81.0,88.0,625.0,477.0,13.0,123.0,86.0,539.0,0.0
5339465711,墨田区,35.709375,139.8390625,705,347,159.0,38.0,36.0,35.0,347.0,186.0,149.0,0.0,160.0,187.0,0.0
5339465712,江戸川区,35.709375,139.84218750000002,1549,929,557.0,128.0,111.0,83.0,925.0,272.0,591.0,0.0,154.0,770.0,0.0
5339465713,江戸川区,35.71145833333333,139.8390625,625,298,127.0,22.0,42.0,30.0,296.0,161.0,110.0,0.0,149.0,128.0,0.0
5339465714,江戸川区,35.71145833333333,139.84218750000002,1323,750,454.0,124.0,118.0,39.0,740.0,295.0,394.0,0.0,240.0,493.0,0.0
5339465721,江戸川区,35.709375,139.8453125,1678,918,507.0,122.0,156.0,54.0,909.0,441.0,423.0,0.0,341.0,560.0,10.0
5339465722,江戸川区,35.709375,139.84843750000002,547,259,108.0,21.0,28.0,24.0,259.0,157.0,74.0,11.0,91.0,168.0,0.0
5339465723,江戸川区,35.71145833333333,139.8453125,1070,588,318.0,67.0,95.0,15.0,586.0,274.0,265.0,0.0,280.0,303.0,0.0
5339465724,江戸川区,35.71145833333333,139.84843750000002,15,9,5.0,3.0,1.0,1.0,9.0,3.0,4.0,0.0,6.0,3.0,0.0
5339465731,江戸川区,35.71354166666667,139.8390625,1285,624,263.0,33.0,102.0,28.0,623.0,344.0,180.0,81.0,218.0,405.0,0.0
5339465732,江戸川区,35.71354166666667,139.84218750000002,1228,592,260.0,34.0,71.0,49.0,589.0,288.0,256.0,23.0,304.0,283.0,0.0
5339465733,江戸川区,35.715625,139.8390625,1129,485,170.0,13.0,64.0,55.0,484.0,228.0,171.0,9.0,219.0,256.0,0.0
5339465734,江戸川区,35.715625,139.84218750000002,885,355,98.0,7.0,12.0,59.0,355.0,148.0,55.0,0.0,77.0,273.0,0.0
5339465741,江戸川区,35.71354166666667,139.8453125,190,114,67.0,22.0,14.0,2.0,110.0,46.0,59.0,0.0,51.0,59.0,0.0
5339465744,葛飾区,35.715625,139.84843750000002,8,0,0.0,0.0,0.0,0.0,0.0,0.0,0.0,0.0,0.0,0.0,0.0
5339465814,江戸川区,35.71145833333333,139.8546875,203,123,78.0,17.0,15.0,8.0,123.0,27.0,89.0,0.0,23.0,100.0,0.0
5339465821,江戸川区,35.709375,139.8578125,1079,547,278.0,29.0,85.0,39.0,547.0,264.0,221.0,0.0,218.0,329.0,0.0
5339465822,江戸川区,35.709375,139.8609375,1503,694,293.0,35.0,132.0,56.0,694.0,411.0,251.0,0.0,338.0,353.0,0.0
5339465823,江戸川区,35.71145833333333,139.8578125,1310,687,356.0,93.0,105.0,26.0,682.0,350.0,300.0,0.0,341.0,339.0,0.0
5339465824,江戸川区,35.71145833333333,139.8609375,1389,795,463.0,129.0,120.0,28.0,793.0,344.0,401.0,0.0,307.0,479.0,0.0
5339465832,葛飾区,35.71354166666667,139.8546875,1076,607,348.0,73.0,90.0,29.0,602.0,269.0,317.0,0.0,276.0,314.0,0.0
5339465833,葛飾区,35.715625,139.8515625,372,169,54.0,13.0,13.0,9.0,169.0,0.0,0.0,157.0,0.0,169.0,0.0
5339465834,葛飾区,35.715625,139.8546875,739,395,186.0,14.0,115.0,16.0,394.0,54.0,60.0,276.0,53.0,338.0,0.0
5339465841,江戸川区,35.71354166666667,139.8578125,1508,932,590.0,131.0,151.0,27.0,924.0,329.0,543.0,0.0,293.0,618.0,0.0
5339465842,江戸川区,35.71354166666667,139.8609375,1681,1036,643.0,129.0,171.0,52.0,1033.0,370.0,594.0,0.0,192.0,827.0,0.0
5339465843,葛飾区,35.715625,139.8578125,1052,593,335.0,82.0,75.0,38.0,589.0,236.0,328.0,0.0,126.0,453.0,54.0
5339465844,葛飾区,35.715625,139.8609375,1203,734,451.0,118.0,91.0,36.0,732.0,236.0,466.0,0.0,115.0,610.0,0.0
5339465911,江戸川区,35.709375,139.86406250000002,1304,629,269.0,47.0,97.0,40.0,623.0,357.0,237.0,0.0,377.0,243.0,0.0
5339465912,江戸川区,35.709375,139.86718750000003,972,475,219.0,33.0,56.0,34.0,470.0,227.0,214.0,0.0,68.0,400.0,120.0
5339465913,江戸川区,35.71145833333333,139.86406250000002,1145,660,378.0,107.0,71.0,51.0,659.0,200.0,394.0,0.0,115.0,538.0,0.0
5339465914,江戸川区,35.71145833333333,139.86718750000003,1252,660,320.0,57.0,57.0,65.0,660.0,297.0,324.0,19.0,76.0,579.0,0.0
5339465921,江戸川区,35.709375,139.8703125,1293,482,117.0,9.0,49.0,60.0,481.0,368.0,89.0,0.0,70.0,406.0,0.0
5339465922,江戸川区,35.709375,139.87343750000002,893,384,158.0,9.0,52.0,22.0,346.0,262.0,69.0,0.0,218.0,126.0,0.0
5339465923,江戸川区,35.71145833333333,139.8703125,779,313,99.0,20.0,24.0,26.0,312.0,177.0,75.0,0.0,76.0,234.0,0.0
5339465924,江戸川区,35.71145833333333,139.87343750000002,500,238,109.0,17.0,15.0,24.0,233.0,101.0,123.0,0.0,105.0,128.0,0.0
5339465931,葛飾区,35.71354166666667,139.86406250000002,1646,950,541.0,146.0,119.0,74.0,947.0,327.0,555.0,0.0,181.0,753.0,0.0
5339465932,葛飾区,35.71354166666667,139.86718750000003,1050,500,223.0,28.0,76.0,41.0,499.0,296.0,175.0,0.0,295.0,177.0,0.0
5339465933,葛飾区,35.715625,139.86406250000002,1565,905,559.0,168.0,100.0,38.0,904.0,300.0,564.0,0.0,233.0,634.0,0.0
5339465934,葛飾区,35.715625,139.86718750000003,1288,666,349.0,105.0,66.0,47.0,602.0,277.0,269.0,0.0,270.0,310.0,0.0
5339465941,江戸川区,35.71354166666667,139.8703125,838,378,174.0,52.0,43.0,22.0,356.0,216.0,106.0,0.0,113.0,242.0,0.0
5339465942,江戸川区,35.71354166666667,139.87343750000002,904,440,190.0,11.0,101.0,21.0,439.0,265.0,43.0,118.0,216.0,222.0,0.0
5339465943,江戸川区,35.715625,139.8703125,1205,578,261.0,24.0,99.0,31.0,575.0,327.0,223.0,0.0,240.0,333.0,0.0
5339465944,江戸川区,35.715625,139.87343750000002,1524,637,188.0,26.0,71.0,106.0,637.0,490.0,129.0,0.0,166.0,470.0,0.0
5339466011,文京区,35.717708333333334,139.7515625,1937,1156,709.0,164.0,86.0,75.0,1154.0,408.0,702.0,0.0,203.0,938.0,40.0
5339466012,文京区,35.717708333333334,139.75468750000002,1439,779,468.0,152.0,64.0,51.0,776.0,291.0,426.0,0.0,266.0,506.0,0.0
5339466013,文京区,35.719791666666666,139.7515625,2213,1341,831.0,217.0,155.0,77.0,1333.0,511.0,758.0,0.0,187.0,1141.0,0.0
5339466014,文京区,35.719791666666666,139.75468750000002,2255,1279,794.0,227.0,80.0,108.0,1278.0,355.0,855.0,0.0,195.0,1049.0,0.0
5339466021,文京区,35.717708333333334,139.7578125,1262,547,261.0,89.0,38.0,46.0,531.0,290.0,171.0,0.0,88.0,443.0,0.0
5339466022,文京区,35.717708333333334,139.7609375,111,54,22.0,5.0,3.0,3.0,54.0,33.0,19.0,0.0,30.0,24.0,0.0
5339466023,文京区,35.719791666666666,139.7578125,1704,993,634.0,253.0,63.0,70.0,991.0,397.0,525.0,0.0,221.0,754.0,41.0
5339466024,文京区,35.719791666666666,139.7609375,808,470,287.0,67.0,64.0,40.0,468.0,228.0,220.0,0.0,133.0,320.0,0.0
5339466031,文京区,35.721875000000004,139.7515625,1634,938,553.0,110.0,83.0,60.0,928.0,487.0,400.0,0.0,157.0,761.0,0.0
5339466032,文京区,35.721875000000004,139.75468750000002,1213,728,455.0,114.0,67.0,48.0,724.0,294.0,394.0,0.0,85.0,631.0,46.0
5339466033,文京区,35.723958333333336,139.7515625,1046,583,326.0,78.0,55.0,45.0,579.0,273.0,281.0,0.0,141.0,438.0,0.0
5339466034,文京区,35.723958333333336,139.75468750000002,1670,1062,721.0,166.0,76.0,55.0,1057.0,441.0,538.0,0.0,96.0,952.0,364.0
5339466041,文京区,35.721875000000004,139.7578125,776,409,209.0,60.0,46.0,19.0,408.0,228.0,163.0,0.0,196.0,210.0,0.0
5339466042,文京区,35.721875000000004,139.7609375,2241,1250,713.0,167.0,120.0,96.0,1219.0,627.0,562.0,0.0,227.0,981.0,0.0
5339466043,文京区,35.723958333333336,139.7578125,1312,676,335.0,75.0,77.0,43.0,668.0,372.0,242.0,14.0,311.0,351.0,0.0
5339466044,文京区,35.723958333333336,139.7609375,1598,880,494.0,105.0,90.0,69.0,872.0,367.0,415.0,0.0,222.0,649.0,0.0
5339466111,文京区,35.717708333333334,139.7640625,1923,1121,672.0,153.0,113.0,77.0,1119.0,527.0,510.0,37.0,112.0,994.0,0.0
5339466112,文京区,35.717708333333334,139.7671875,2126,1250,753.0,146.0,122.0,64.0,1240.0,603.0,595.0,0.0,308.0,917.0,18.0
5339466113,文京区,35.719791666666666,139.7640625,2560,1505,915.0,144.0,219.0,87.0,1498.0,770.0,687.0,2.0,384.0,1074.0,0.0
5339466114,台東区,35.719791666666666,139.7671875,1046,564,297.0,58.0,63.0,31.0,557.0,285.0,234.0,0.0,215.0,332.0,0.0
5339466121,台東区,35.717708333333334,139.7703125,713,409,239.0,37.0,55.0,21.0,409.0,210.0,177.0,0.0,102.0,307.0,0.0
5339466122,台東区,35.717708333333334,139.7734375,10,0,,,,,,,,,,,
5339466123,台東区,35.719791666666666,139.7703125,1065,581,306.0,40.0,71.0,28.0,575.0,342.0,208.0,0.0,143.0,430.0,0.0
5339466124,台東区,35.719791666666666,139.7734375,11,7,3.0,1.0,1.0,0.0,7.0,5.0,2.0,0.0,5.0,2.0,0.0
5339466131,台東区,35.721875000000004,139.7640625,1876,1042,598.0,123.0,121.0,61.0,1038.0,415.0,580.0,0.0,358.0,663.0,0.0
5339466132,台東区,35.721875000000004,139.7671875,560,311,173.0,27.0,51.0,13.0,307.0,146.0,146.0,0.0,146.0,157.0,0.0
5339466133,文京区,35.723958333333336,139.7640625,1843,1169,795.0,142.0,140.0,62.0,1157.0,444.0,676.0,0.0,267.0,884.0,0.0
5339466134,台東区,35.723958333333336,139.7671875,490,240,109.0,13.0,38.0,15.0,234.0,151.0,69.0,0.0,109.0,123.0,0.0
5339466141,台東区,35.721875000000004,139.7703125,693,373,202.0,38.0,66.0,14.0,367.0,234.0,101.0,0.0,201.0,157.0,0.0
5339466142,台東区,35.721875000000004,139.7734375,761,366,181.0,44.0,45.0,24.0,362.0,187.0,155.0,0.0,173.0,187.0,0.0
5339466143,台東区,35.723958333333336,139.7703125,430,235,129.0,17.0,52.0,7.0,234.0,136.0,90.0,0.0,118.0,114.0,0.0
5339466144,台東区,35.723958333333336,139.7734375,391,192,90.0,27.0,20.0,18.0,190.0,116.0,63.0,0.0,117.0,72.0,0.0
5339466211,台東区,35.717708333333334,139.7765625,20,5,0.0,0.0,0.0,1.0,3.0,3.0,0.0,0.0,3.0,0.0,0.0
5339466212,台東区,35.717708333333334,139.77968750000002,1131,476,184.0,15.0,46.0,33.0,471.0,379.0,63.0,0.0,35.0,436.0,122.0
5339466213,台東区,35.719791666666666,139.7765625,2,2,,,,,,,,,,,
5339466214,台東区,35.719791666666666,139.77968750000002,679,408,254.0,30.0,60.0,22.0,406.0,241.0,134.0,0.0,25.0,378.0,80.0
5339466221,台東区,35.717708333333334,139.7828125,1870,1220,793.0,191.0,94.0,58.0,1212.0,259.0,683.0,103.0,76.0,1131.0,63.0
5339466222,台東区,35.717708333333334,139.78593750000002,2478,1461,875.0,182.0,180.0,83.0,1449.0,581.0,734.0,12.0,216.0,1225.0,0.0
5339466223,台東区,35.719791666666666,139.7828125,1663,954,538.0,112.0,103.0,56.0,954.0,504.0,369.0,0.0,116.0,823.0,64.0
5339466224,台東区,35.719791666666666,139.78593750000002,2690,1650,1032.0,195.0,208.0,73.0,1639.0,574.0,861.0,60.0,225.0,1406.0,34.0
5339466231,台東区,35.721875000000004,139.7765625,99,54,29.0,1.0,13.0,2.0,52.0,24.0,25.0,0.0,12.0,39.0,0.0
5339466232,台東区,35.721875000000004,139.77968750000002,823,530,355.0,61.0,102.0,16.0,527.0,224.0,252.0,3.0,101.0,416.0,0.0
5339466233,台東区,35.723958333333336,139.7765625,1029,694,486.0,123.0,92.0,21.0,692.0,196.0,422.0,0.0,125.0,563.0,0.0
5339466234,台東区,35.723958333333336,139.77968750000002,1512,939,607.0,136.0,130.0,35.0,935.0,403.0,458.0,29.0,228.0,705.0,0.0
5339466241,台東区,35.721875000000004,139.7828125,2536,1377,735.0,112.0,192.0,86.0,1377.0,868.0,373.0,17.0,224.0,1145.0,168.0
5339466242,台東区,35.721875000000004,139.78593750000002,2569,1525,884.0,149.0,240.0,77.0,1520.0,896.0,505.0,33.0,309.0,1206.0,9.0
5339466243,台東区,35.723958333333336,139.7828125,1723,975,546.0,120.0,132.0,69.0,968.0,533.0,379.0,0.0,272.0,692.0,23.0
5339466244,台東区,35.723958333333336,139.78593750000002,1965,1159,683.0,131.0,138.0,64.0,1150.0,566.0,483.0,0.0,199.0,950.0,149.0
5339466311,台東区,35.717708333333334,139.7890625,1929,1149,730.0,144.0,123.0,58.0,1133.0,302.0,719.0,5.0,118.0,1014.0,6.0
5339466312,台東区,35.717708333333334,139.7921875,2351,1396,824.0,142.0,174.0,76.0,1389.0,772.0,517.0,0.0,165.0,1218.0,113.0
5339466313,台東区,35.719791666666666,139.7890625,2129,1196,662.0,130.0,168.0,55.0,1192.0,463.0,616.0,38.0,336.0,853.0,0.0
5339466314,台東区,35.719791666666666,139.7921875,2897,1642,966.0,152.0,224.0,89.0,1639.0,623.0,879.0,0.0,205.0,1430.0,104.0
5339466321,台東区,35.717708333333334,139.7953125,2315,1331,751.0,64.0,247.0,62.0,1323.0,724.0,536.0,0.0,287.0,1033.0,0.0
5339466322,台東区,35.717708333333334,139.7984375,1751,1052,642.0,149.0,156.0,38.0,1038.0,373.0,479.0,16.0,298.0,735.0,0.0
5339466323,台東区,35.719791666666666,139.7953125,1594,976,619.0,101.0,182.0,36.0,956.0,423.0,466.0,0.0,365.0,587.0,0.0
5339466324,台東区,35.719791666666666,139.7984375,1880,1025,567.0,140.0,139.0,74.0,1023.0,520.0,427.0,0.0,292.0,728.0,0.0
5339466331,台東区,35.721875000000004,139.7890625,2387,1393,831.0,160.0,171.0,75.0,1391.0,421.0,836.0,0.0,254.0,1137.0,0.0
5339466332,台東区,35.721875000000004,139.7921875,1998,1083,658.0,84.0,201.0,67.0,1079.0,451.0,515.0,51.0,200.0,871.0,0.0
5339466333,台東区,35.723958333333336,139.7890625,2226,1253,692.0,121.0,184.0,68.0,1238.0,605.0,530.0,0.0,239.0,995.0,36.0
5339466334,台東区,35.723958333333336,139.7921875,2087,1285,842.0,170.0,190.0,72.0,1275.0,477.0,710.0,0.0,238.0,1032.0,0.0
5339466341,台東区,35.721875000000004,139.7953125,1696,1108,814.0,186.0,192.0,19.0,1086.0,345.0,681.0,0.0,286.0,798.0,0.0
5339466342,台東区,35.721875000000004,139.7984375,2072,1159,655.0,114.0,168.0,73.0,1147.0,419.0,636.0,0.0,304.0,833.0,0.0
5339466343,台東区,35.723958333333336,139.7953125,1687,1069,734.0,68.0,200.0,51.0,1051.0,474.0,490.0,0.0,175.0,865.0,0.0
5339466344,台東区,35.723958333333336,139.7984375,1280,716,407.0,68.0,118.0,35.0,711.0,314.0,353.0,0.0,326.0,376.0,0.0
5339466411,台東区,35.717708333333334,139.80156250000002,1541,888,516.0,133.0,80.0,39.0,883.0,303.0,457.0,0.0,195.0,687.0,0.0
5339466412,台東区,35.717708333333334,139.80468750000003,201,111,55.0,7.0,11.0,7.0,111.0,37.0,66.0,0.0,26.0,84.0,0.0
5339466413,台東区,35.719791666666666,139.80156250000002,1516,871,494.0,106.0,72.0,52.0,867.0,443.0,368.0,0.0,165.0,702.0,0.0
5339466414,台東区,35.719791666666666,139.80468750000003,970,555,321.0,85.0,79.0,35.0,549.0,199.0,252.0,0.0,197.0,345.0,0.0
5339466421,墨田区,35.717708333333334,139.8078125,176,112,74.0,0.0,30.0,3.0,109.0,51.0,45.0,0.0,35.0,71.0,0.0
5339466422,墨田区,35.717708333333334,139.81093750000002,1827,1075,656.0,165.0,146.0,66.0,1063.0,409.0,573.0,0.0,248.0,811.0,0.0
5339466423,台東区,35.719791666666666,139.8078125,11,9,7.0,1.0,0.0,0.0,9.0,0.0,8.0,0.0,0.0,9.0,0.0
5339466424,墨田区,35.719791666666666,139.81093750000002,1535,790,408.0,79.0,90.0,52.0,789.0,374.0,372.0,0.0,258.0,522.0,0.0
5339466431,台東区,35.721875000000004,139.80156250000002,1830,1019,565.0,73.0,139.0,65.0,1016.0,467.0,476.0,4.0,255.0,753.0,0.0
5339466432,台東区,35.721875000000004,139.80468750000003,1615,920,522.0,74.0,185.0,45.0,920.0,448.0,378.0,20.0,301.0,617.0,55.0
5339466433,台東区,35.723958333333336,139.80156250000002,1312,705,375.0,66.0,145.0,27.0,686.0,441.0,184.0,23.0,286.0,398.0,0.0
5339466434,台東区,35.723958333333336,139.80468750000003,1551,851,473.0,69.0,156.0,65.0,846.0,309.0,491.0,0.0,332.0,512.0,0.0
5339466441,台東区,35.721875000000004,139.8078125,626,334,165.0,21.0,67.0,12.0,321.0,216.0,87.0,0.0,90.0,230.0,0.0
5339466442,墨田区,35.721875000000004,139.81093750000002,913,438,198.0,58.0,55.0,21.0,437.0,267.0,155.0,0.0,100.0,333.0,0.0
5339466443,台東区,35.723958333333336,139.8078125,1482,620,230.0,15.0,85.0,47.0,615.0,413.0,176.0,0.0,190.0,424.0,121.0
5339466444,墨田区,35.723958333333336,139.81093750000002,624,251,111.0,21.0,42.0,10.0,251.0,175.0,61.0,0.0,117.0,133.0,0.0
5339466511,墨田区,35.717708333333334,139.8140625,1899,974,467.0,92.0,139.0,65.0,972.0,492.0,416.0,0.0,329.0,638.0,0.0
5339466512,墨田区,35.717708333333334,139.81718750000002,1136,583,262.0,24.0,95.0,62.0,582.0,196.0,164.0,202.0,108.0,472.0,74.0
5339466513,墨田区,35.719791666666666,139.8140625,1697,899,460.0,65.0,169.0,59.0,894.0,548.0,310.0,0.0,371.0,522.0,36.0
5339466514,墨田区,35.719791666666666,139.81718750000002,1788,942,484.0,86.0,166.0,66.0,940.0,458.0,454.0,0.0,191.0,747.0,0.0
5339466521,墨田区,35.717708333333334,139.8203125,1988,980,437.0,82.0,156.0,76.0,966.0,586.0,248.0,80.0,134.0,831.0,195.0
5339466522,墨田区,35.717708333333334,139.8234375,1575,796,387.0,93.0,95.0,63.0,793.0,327.0,406.0,0.0,277.0,512.0,0.0
5339466523,墨田区,35.719791666666666,139.8203125,1412,756,389.0,63.0,125.0,43.0,753.0,363.0,356.0,0.0,239.0,513.0,0.0
5339466524,墨田区,35.719791666666666,139.8234375,747,361,161.0,45.0,50.0,20.0,360.0,202.0,144.0,0.0,207.0,153.0,0.0
5339466531,墨田区,35.721875000000004,139.8140625,1064,528,231.0,24.0,103.0,29.0,524.0,340.0,159.0,0.0,324.0,198.0,0.0
5339466532,墨田区,35.721875000000004,139.81718750000002,1532,761,385.0,97.0,74.0,45.0,757.0,409.0,325.0,0.0,98.0,658.0,0.0
5339466533,墨田区,35.723958333333336,139.8140625,1332,633,281.0,54.0,99.0,47.0,632.0,374.0,225.0,1.0,305.0,316.0,0.0
5339466534,墨田区,35.723958333333336,139.81718750000002,1315,661,329.0,60.0,73.0,44.0,661.0,281.0,354.0,0.0,166.0,495.0,78.0
5339466541,墨田区,35.721875000000004,139.8203125,1389,746,385.0,72.0,100.0,66.0,745.0,364.0,334.0,8.0,269.0,469.0,0.0
5339466542,墨田区,35.721875000000004,139.8234375,1499,791,413.0,92.0,139.0,37.0,783.0,424.0,283.0,0.0,370.0,411.0,0.0
5339466543,墨田区,35.723958333333336,139.8203125,1360,732,378.0,90.0,102.0,58.0,727.0,330.0,342.0,0.0,217.0,509.0,0.0
5339466544,墨田区,35.723958333333336,139.8234375,1659,828,376.0,77.0,115.0,70.0,825.0,394.0,265.0,132.0,310.0,514.0,0.0
5339466611,墨田区,35.717708333333334,139.8265625,1435,660,270.0,37.0,119.0,47.0,657.0,401.0,218.0,25.0,416.0,226.0,0.0
5339466612,墨田区,35.717708333333334,139.8296875,614,290,106.0,11.0,48.0,18.0,286.0,149.0,109.0,15.0,132.0,154.0,0.0
5339466613,墨田区,35.719791666666666,139.8265625,1333,699,382.0,99.0,100.0,40.0,693.0,345.0,305.0,12.0,355.0,336.0,50.0
5339466614,墨田区,35.719791666666666,139.8296875,1546,685,234.0,21.0,79.0,67.0,665.0,427.0,147.0,39.0,151.0,511.0,0.0
5339466621,墨田区,35.717708333333334,139.8328125,356,79,16.0,0.0,4.0,13.0,79.0,41.0,36.0,0.0,41.0,38.0,0.0
5339466622,江戸川区,35.717708333333334,139.8359375,1070,445,122.0,0.0,73.0,55.0,445.0,280.0,5.0,158.0,66.0,379.0,0.0
5339466623,墨田区,35.719791666666666,139.8328125,190,102,53.0,18.0,8.0,6.0,102.0,29.0,32.0,25.0,35.0,67.0,0.0
5339466624,墨田区,35.719791666666666,139.8359375,239,82,29.0,3.0,20.0,16.0,81.0,70.0,2.0,0.0,75.0,6.0,0.0
5339466631,墨田区,35.721875000000004,139.8265625,1298,592,246.0,60.0,91.0,50.0,589.0,348.0,228.0,0.0,318.0,269.0,0.0
5339466632,墨田区,35.721875000000004,139.8296875,1404,738,391.0,106.0,81.0,60.0,731.0,306.0,387.0,0.0,256.0,471.0,0.0
5339466633,墨田区,35.723958333333336,139.8265625,1463,783,386.0,85.0,137.0,40.0,783.0,325.0,278.0,143.0,248.0,530.0,0.0
5339466634,墨田区,35.723958333333336,139.8296875,1455,676,304.0,57.0,110.0,54.0,675.0,321.0,339.0,0.0,268.0,407.0,0.0
5339466641,墨田区,35.721875000000004,139.8328125,339,116,67.0,16.0,19.0,5.0,116.0,61.0,49.0,0.0,54.0,58.0,0.0
5339466642,墨田区,35.721875000000004,139.8359375,89,42,23.0,3.0,8.0,2.0,38.0,29.0,0.0,0.0,30.0,8.0,0.0
5339466643,墨田区,35.723958333333336,139.8328125,433,247,153.0,21.0,42.0,13.0,247.0,105.0,120.0,0.0,121.0,123.0,0.0
5339466711,墨田区,35.717708333333334,139.8390625,251,111,42.0,13.0,7.0,8.0,115.0,81.0,27.0,0.0,26.0,89.0,0.0
5339466712,江戸川区,35.717708333333334,139.84218750000002,14,4,,,,,,,,,,,
5339466713,墨田区,35.719791666666666,139.8390625,30,19,14.0,3.0,4.0,1.0,19.0,7.0,7.0,0.0,10.0,8.0,0.0
5339466722,葛飾区,35.717708333333334,139.84843750000002,122,49,12.0,0.0,6.0,1.0,49.0,46.0,2.0,0.0,42.0,2.0,0.0
5339466723,葛飾区,35.719791666666666,139.8453125,7,0,0.0,0.0,0.0,0.0,0.0,0.0,0.0,0.0,0.0,0.0,0.0
5339466724,葛飾区,35.719791666666666,139.84843750000002,910,471,217.0,27.0,95.0,34.0,466.0,225.0,158.0,73.0,182.0,254.0,0.0
5339466733,葛飾区,35.723958333333336,139.8390625,1,0,,,,,,,,,,,
5339466734,葛飾区,35.723958333333336,139.84218750000002,33,13,4.0,0.0,1.0,0.0,13.0,7.0,6.0,0.0,7.0,6.0,0.0
5339466741,葛飾区,35.721875000000004,139.8453125,724,202,57.0,6.0,18.0,14.0,201.0,139.0,58.0,0.0,64.0,124.0,0.0
5339466742,葛飾区,35.721875000000004,139.84843750000002,1047,525,222.0,19.0,93.0,17.0,523.0,269.0,101.0,120.0,215.0,273.0,0.0
5339466743,葛飾区,35.723958333333336,139.8453125,1060,432,168.0,19.0,62.0,35.0,431.0,263.0,145.0,0.0,271.0,152.0,0.0
5339466744,葛飾区,35.723958333333336,139.84843750000002,1219,573,237.0,42.0,71.0,33.0,570.0,336.0,201.0,9.0,288.0,266.0,0.0
5339466811,葛飾区,35.717708333333334,139.8515625,529,253,120.0,27.0,27.0,16.0,253.0,93.0,76.0,70.0,96.0,152.0,0.0
5339466812,葛飾区,35.717708333333334,139.8546875,1698,827,273.0,11.0,173.0,39.0,827.0,237.0,61.0,526.0,21.0,804.0,221.0
5339466813,葛飾区,35.719791666666666,139.8515625,1299,764,471.0,117.0,123.0,27.0,763.0,317.0,417.0,0.0,264.0,478.0,0.0
5339466814,葛飾区,35.719791666666666,139.8546875,1462,714,338.0,87.0,72.0,53.0,688.0,224.0,420.0,0.0,154.0,507.0,0.0
5339466821,葛飾区,35.717708333333334,139.8578125,897,531,301.0,66.0,54.0,34.0,531.0,173.0,277.0,50.0,21.0,507.0,92.0
5339466822,葛飾区,35.717708333333334,139.8609375,1659,990,581.0,198.0,81.0,58.0,989.0,343.0,584.0,0.0,122.0,852.0,93.0
5339466823,葛飾区,35.719791666666666,139.8578125,2427,1198,522.0,120.0,113.0,127.0,1197.0,676.0,459.0,0.0,101.0,1094.0,146.0
5339466824,葛飾区,35.719791666666666,139.8609375,955,513,252.0,45.0,64.0,23.0,513.0,283.0,186.0,6.0,113.0,388.0,117.0
5339466831,葛飾区,35.721875000000004,139.8515625,1475,673,253.0,45.0,81.0,37.0,672.0,379.0,270.0,0.0,149.0,505.0,0.0
5339466832,葛飾区,35.721875000000004,139.8546875,1484,724,342.0,109.0,71.0,63.0,700.0,263.0,406.0,0.0,115.0,577.0,0.0
5339466833,葛飾区,35.723958333333336,139.8515625,1015,568,307.0,54.0,65.0,30.0,564.0,253.0,282.0,0.0,195.0,357.0,0.0
5339466834,葛飾区,35.723958333333336,139.8546875,1276,609,264.0,55.0,83.0,43.0,606.0,336.0,258.0,0.0,212.0,384.0,0.0
5339466841,葛飾区,35.721875000000004,139.8578125,1558,865,467.0,119.0,111.0,58.0,864.0,303.0,453.0,70.0,191.0,663.0,0.0
5339466842,葛飾区,35.721875000000004,139.8609375,1446,762,383.0,97.0,92.0,75.0,762.0,175.0,229.0,289.0,66.0,696.0,58.0
5339466843,葛飾区,35.723958333333336,139.8578125,1868,855,329.0,70.0,86.0,74.0,852.0,261.0,316.0,251.0,232.0,602.0,0.0
5339466844,葛飾区,35.723958333333336,139.8609375,1187,645,334.0,57.0,113.0,50.0,643.0,213.0,286.0,128.0,159.0,480.0,0.0
5339466911,葛飾区,35.717708333333334,139.86406250000002,1528,900,524.0,164.0,124.0,44.0,883.0,332.0,503.0,0.0,316.0,541.0,0.0
5339466912,江戸川区,35.717708333333334,139.86718750000003,1432,716,329.0,63.0,110.0,55.0,716.0,347.0,326.0,0.0,211.0,502.0,0.0
5339466913,葛飾区,35.719791666666666,139.86406250000002,1029,639,419.0,132.0,72.0,30.0,638.0,191.0,416.0,0.0,167.0,460.0,0.0
5339466914,江戸川区,35.719791666666666,139.86718750000003,1308,676,328.0,73.0,89.0,42.0,675.0,350.0,292.0,0.0,238.0,426.0,0.0
5339466921,江戸川区,35.717708333333334,139.8703125,1222,609,278.0,40.0,62.0,43.0,608.0,272.0,267.0,17.0,157.0,439.0,0.0
5339466922,江戸川区,35.717708333333334,139.87343750000002,1050,439,118.0,4.0,65.0,49.0,437.0,257.0,159.0,0.0,275.0,162.0,0.0
5339466923,江戸川区,35.719791666666666,139.8703125,1097,515,215.0,26.0,59.0,31.0,514.0,253.0,238.0,0.0,261.0,251.0,0.0
5339466924,江戸川区,35.719791666666666,139.87343750000002,953,376,145.0,22.0,31.0,19.0,376.0,229.0,129.0,0.0,238.0,127.0,0.0
5339466931,葛飾区,35.721875000000004,139.86406250000002,581,167,36.0,6.0,11.0,24.0,166.0,125.0,41.0,0.0,19.0,145.0,105.0
5339466932,葛飾区,35.721875000000004,139.86718750000003,960,497,251.0,53.0,56.0,26.0,494.0,251.0,224.0,0.0,190.0,276.0,0.0
5339466933,葛飾区,35.723958333333336,139.86406250000002,1428,615,186.0,56.0,25.0,84.0,614.0,347.0,257.0,0.0,89.0,519.0,138.0
5339466934,葛飾区,35.723958333333336,139.86718750000003,1474,627,196.0,83.0,32.0,50.0,585.0,311.0,69.0,181.0,79.0,494.0,0.0
5339466941,江戸川区,35.721875000000004,139.8703125,466,233,106.0,7.0,52.0,16.0,230.0,137.0,84.0,0.0,141.0,80.0,0.0
5339466942,江戸川区,35.721875000000004,139.87343750000002,865,345,103.0,10.0,42.0,27.0,344.0,211.0,84.0,38.0,217.0,110.0,0.0
5339466943,江戸川区,35.723958333333336,139.8703125,1131,532,247.0,34.0,70.0,44.0,516.0,287.0,191.0,0.0,258.0,248.0,0.0
5339466944,江戸川区,35.723958333333336,139.87343750000002,952,458,208.0,14.0,68.0,24.0,434.0,282.0,135.0,0.0,281.0,148.0,0.0
5339467011,文京区,35.72604166666667,139.7515625,1686,776,315.0,47.0,67.0,60.0,774.0,438.0,286.0,0.0,267.0,501.0,96.0
5339467012,文京区,35.72604166666667,139.75468750000002,1289,689,369.0,82.0,60.0,54.0,686.0,317.0,339.0,0.0,211.0,468.0,40.0
5339467013,文京区,35.728125,139.7515625,2060,1140,642.0,159.0,107.0,90.0,1114.0,561.0,504.0,0.0,193.0,917.0,195.0
5339467014,文京区,35.728125,139.75468750000002,738,410,229.0,48.0,65.0,23.0,407.0,222.0,175.0,0.0,194.0,203.0,0.0
5339467021,文京区,35.72604166666667,139.7578125,1537,800,410.0,86.0,98.0,43.0,799.0,486.0,292.0,0.0,428.0,362.0,0.0
5339467022,文京区,35.72604166666667,139.7609375,1555,710,336.0,62.0,54.0,83.0,706.0,384.0,275.0,0.0,210.0,494.0,0.0
5339467023,文京区,35.728125,139.7578125,1598,840,443.0,102.0,102.0,63.0,830.0,390.0,396.0,0.0,366.0,454.0,0.0
5339467024,文京区,35.728125,139.7609375,1562,737,371.0,58.0,54.0,66.0,714.0,357.0,223.0,0.0,295.0,416.0,0.0
5339467031,文京区,35.73020833333334,139.7515625,1667,840,419.0,61.0,116.0,62.0,835.0,476.0,325.0,0.0,181.0,649.0,30.0
5339467032,文京区,35.73020833333334,139.75468750000002,855,438,216.0,53.0,39.0,18.0,435.0,202.0,213.0,0.0,172.0,261.0,0.0
5339467033,文京区,35.73229166666667,139.7515625,2082,1081,557.0,131.0,99.0,88.0,1079.0,482.0,555.0,0.0,247.0,822.0,0.0
5339467034,文京区,35.73229166666667,139.75468750000002,2159,1130,560.0,106.0,164.0,72.0,1127.0,445.0,476.0,172.0,292.0,820.0,0.0
5339467041,文京区,35.73020833333334,139.7578125,1296,650,301.0,51.0,74.0,49.0,648.0,357.0,262.0,0.0,257.0,385.0,0.0
5339467042,文京区,35.73020833333334,139.7609375,2127,1241,762.0,104.0,156.0,68.0,1230.0,612.0,573.0,0.0,293.0,927.0,86.0
5339467043,文京区,35.73229166666667,139.7578125,3162,1737,970.0,246.0,138.0,138.0,1727.0,740.0,902.0,0.0,233.0,1483.0,41.0
5339467044,北区,35.73229166666667,139.7609375,2340,1342,779.0,197.0,161.0,82.0,1328.0,594.0,672.0,0.0,401.0,909.0,2.0
5339467111,文京区,35.72604166666667,139.7640625,2211,1370,876.0,164.0,144.0,61.0,1364.0,568.0,730.0,0.0,309.0,1042.0,0.0
5339467112,台東区,35.72604166666667,139.7671875,906,541,330.0,58.0,73.0,28.0,541.0,233.0,278.0,0.0,245.0,288.0,0.0
5339467113,文京区,35.728125,139.7640625,2355,1324,728.0,109.0,174.0,85.0,1320.0,626.0,640.0,0.0,418.0,886.0,0.0
5339467114,荒川区,35.728125,139.7671875,963,575,354.0,56.0,90.0,24.0,573.0,239.0,295.0,0.0,228.0,336.0,0.0
5339467121,台東区,35.72604166666667,139.7703125,239,123,61.0,7.0,24.0,5.0,122.0,63.0,46.0,0.0,63.0,57.0,0.0
5339467122,台東区,35.72604166666667,139.7734375,1052,637,402.0,117.0,74.0,48.0,624.0,215.0,332.0,0.0,52.0,571.0,4.0
5339467123,荒川区,35.728125,139.7703125,508,278,139.0,33.0,32.0,20.0,264.0,88.0,83.0,78.0,60.0,198.0,99.0
5339467124,荒川区,35.728125,139.7734375,2043,1188,689.0,127.0,131.0,92.0,1175.0,640.0,469.0,0.0,55.0,1110.0,199.0
5339467131,台東区,35.73020833333334,139.7640625,2321,1391,855.0,220.0,154.0,83.0,1382.0,564.0,720.0,0.0,290.0,1089.0,81.0
5339467132,荒川区,35.73020833333334,139.7671875,433,223,101.0,15.0,37.0,20.0,222.0,83.0,129.0,0.0,69.0,150.0,0.0
5339467133,荒川区,35.73229166666667,139.7640625,1057,583,314.0,48.0,73.0,47.0,583.0,268.0,295.0,0.0,141.0,437.0,0.0
5339467134,荒川区,35.73229166666667,139.7671875,379,234,147.0,23.0,39.0,9.0,234.0,100.0,111.0,0.0,32.0,191.0,0.0
5339467141,荒川区,35.73020833333334,139.7703125,2422,1400,770.0,149.0,119.0,85.0,1396.0,727.0,549.0,30.0,68.0,1319.0,611.0
5339467142,荒川区,35.73020833333334,139.7734375,2051,1253,784.0,222.0,110.0,76.0,1249.0,482.0,636.0,0.0,154.0,1089.0,0.0
5339467143,荒川区,35.73229166666667,139.7703125,1899,1089,591.0,175.0,85.0,104.0,1084.0,466.0,505.0,0.0,101.0,974.0,55.0
5339467144,荒川区,35.73229166666667,139.7734375,1995,1057,557.0,135.0,84.0,109.0,1044.0,446.0,519.0,0.0,107.0,935.0,0.0
5339467211,荒川区,35.72604166666667,139.7765625,1827,1030,554.0,135.0,110.0,86.0,1024.0,560.0,400.0,0.0,67.0,952.0,311.0
5339467212,荒川区,35.72604166666667,139.77968750000002,1475,938,606.0,172.0,108.0,50.0,933.0,286.0,575.0,0.0,187.0,738.0,0.0
5339467213,荒川区,35.728125,139.7765625,1895,1171,709.0,187.0,120.0,53.0,1171.0,389.0,667.0,0.0,237.0,929.0,0.0
5339467214,荒川区,35.728125,139.77968750000002,1653,1021,654.0,185.0,99.0,36.0,1003.0,405.0,498.0,0.0,221.0,776.0,0.0
5339467221,台東区,35.72604166666667,139.7828125,1939,946,428.0,89.0,135.0,67.0,943.0,626.0,283.0,0.0,366.0,573.0,0.0
5339467222,台東区,35.72604166666667,139.78593750000002,2078,1025,468.0,90.0,134.0,63.0,1020.0,575.0,344.0,42.0,314.0,702.0,124.0
5339467223,荒川区,35.728125,139.7828125,1877,999,557.0,146.0,112.0,68.0,985.0,448.0,462.0,0.0,166.0,812.0,0.0
5339467224,荒川区,35.728125,139.78593750000002,2108,1099,577.0,127.0,103.0,91.0,1089.0,334.0,662.0,0.0,211.0,867.0,0.0
5339467231,荒川区,35.73020833333334,139.7765625,1969,1061,565.0,155.0,103.0,75.0,1059.0,462.0,485.0,0.0,244.0,808.0,0.0
5339467232,荒川区,35.73020833333334,139.77968750000002,1736,1055,667.0,197.0,129.0,53.0,1048.0,371.0,547.0,0.0,259.0,774.0,0.0
5339467233,荒川区,35.73229166666667,139.7765625,1808,1014,562.0,157.0,137.0,73.0,1009.0,431.0,505.0,0.0,339.0,663.0,53.0
5339467234,荒川区,35.73229166666667,139.77968750000002,2425,1284,626.0,145.0,164.0,86.0,1276.0,773.0,432.0,0.0,371.0,872.0,259.0
5339467241,荒川区,35.73020833333334,139.7828125,1373,713,378.0,105.0,79.0,41.0,712.0,326.0,332.0,0.0,241.0,469.0,0.0
5339467242,荒川区,35.73020833333334,139.78593750000002,1704,943,516.0,134.0,118.0,61.0,940.0,441.0,415.0,0.0,223.0,689.0,0.0
5339467243,荒川区,35.73229166666667,139.7828125,1954,977,476.0,115.0,142.0,60.0,971.0,528.0,390.0,0.0,293.0,677.0,0.0
5339467244,荒川区,35.73229166666667,139.78593750000002,1763,938,488.0,91.0,156.0,77.0,938.0,526.0,351.0,18.0,226.0,708.0,29.0
5339467311,台東区,35.72604166666667,139.7890625,2721,1517,858.0,223.0,169.0,92.0,1487.0,856.0,506.0,18.0,142.0,1342.0,276.0
5339467312,台東区,35.72604166666667,139.7921875,2224,1314,778.0,159.0,157.0,63.0,1309.0,651.0,558.0,0.0,322.0,981.0,0.0
5339467313,台東区,35.728125,139.7890625,2265,1323,771.0,218.0,120.0,81.0,1303.0,468.0,727.0,20.0,140.0,1158.0,20.0
5339467314,台東区,35.728125,139.7921875,1543,939,572.0,84.0,145.0,40.0,937.0,433.0,434.0,8.0,230.0,700.0,73.0
5339467321,台東区,35.72604166666667,139.7953125,1933,1117,669.0,108.0,223.0,46.0,1112.0,507.0,510.0,0.0,363.0,740.0,0.0
5339467322,台東区,35.72604166666667,139.7984375,2080,947,614.0,72.0,244.0,28.0,933.0,435.0,435.0,0.0,445.0,480.0,0.0
5339467323,台東区,35.728125,139.7953125,2183,1355,869.0,203.0,136.0,59.0,1346.0,554.0,657.0,0.0,342.0,1003.0,0.0
5339467324,台東区,35.728125,139.7984375,1925,1028,753.0,184.0,193.0,19.0,1000.0,275.0,614.0,0.0,212.0,782.0,0.0
5339467331,荒川区,35.73020833333334,139.7890625,1911,1184,708.0,113.0,270.0,48.0,1181.0,279.0,508.0,331.0,164.0,983.0,0.0
5339467332,台東区,35.73020833333334,139.7921875,1972,1169,725.0,144.0,141.0,56.0,1162.0,423.0,625.0,27.0,167.0,993.0,138.0
5339467333,荒川区,35.73229166666667,139.7890625,1754,916,449.0,90.0,116.0,68.0,913.0,566.0,289.0,0.0,226.0,668.0,225.0
5339467334,荒川区,35.73229166666667,139.7921875,1398,788,430.0,68.0,124.0,55.0,754.0,434.0,277.0,0.0,185.0,553.0,50.0
5339467341,荒川区,35.73020833333334,139.7953125,1491,891,558.0,124.0,177.0,42.0,773.0,376.0,336.0,0.0,308.0,456.0,0.0
5339467342,荒川区,35.73020833333334,139.7984375,1491,942,609.0,134.0,201.0,41.0,865.0,284.0,332.0,174.0,147.0,714.0,101.0
5339467343,荒川区,35.73229166666667,139.7953125,1633,939,544.0,115.0,159.0,42.0,938.0,387.0,489.0,0.0,383.0,542.0,0.0
5339467344,荒川区,35.73229166666667,139.7984375,967,490,233.0,52.0,68.0,35.0,460.0,279.0,161.0,0.0,92.0,367.0,174.0
5339467411,台東区,35.72604166666667,139.80156250000002,1659,694,453.0,76.0,179.0,22.0,676.0,326.0,279.0,20.0,241.0,434.0,0.0
5339467412,台東区,35.72604166666667,139.80468750000003,1492,809,440.0,79.0,175.0,34.0,806.0,455.0,301.0,0.0,436.0,366.0,0.0
5339467413,台東区,35.728125,139.80156250000002,2639,803,564.0,145.0,146.0,26.0,777.0,290.0,436.0,0.0,169.0,606.0,0.0
5339467414,台東区,35.728125,139.80468750000003,482,311,189.0,27.0,100.0,5.0,311.0,141.0,37.0,130.0,116.0,191.0,0.0
5339467421,台東区,35.72604166666667,139.8078125,1790,804,330.0,14.0,149.0,42.0,793.0,625.0,123.0,0.0,260.0,523.0,133.0
5339467422,墨田区,35.72604166666667,139.81093750000002,848,408,200.0,101.0,18.0,38.0,408.0,100.0,183.0,20.0,54.0,354.0,70.0
5339467423,台東区,35.728125,139.8078125,808,431,189.0,9.0,125.0,18.0,431.0,27.0,50.0,337.0,35.0,390.0,0.0
5339467424,墨田区,35.728125,139.81093750000002,319,120,23.0,1.0,7.0,28.0,120.0,28.0,65.0,0.0,0.0,120.0,88.0
5339467431,荒川区,35.73020833333334,139.80156250000002,955,428,295.0,66.0,58.0,19.0,366.0,108.0,219.0,0.0,39.0,321.0,0.0
5339467432,荒川区,35.73020833333334,139.80468750000003,321,122,50.0,15.0,14.0,10.0,122.0,88.0,27.0,0.0,84.0,29.0,0.0
5339467434,荒川区,35.73229166666667,139.80468750000003,121,60,31.0,5.0,10.0,5.0,59.0,21.0,33.0,0.0,24.0,34.0,0.0
5339467441,荒川区,35.73020833333334,139.8078125,208,112,62.0,8.0,15.0,6.0,112.0,43.0,66.0,0.0,46.0,65.0,0.0
5339467443,荒川区,35.73229166666667,139.8078125,2737,1074,305.0,38.0,82.0,186.0,1067.0,442.0,126.0,472.0,114.0,919.0,244.0
5339467444,荒川区,35.73229166666667,139.81093750000002,196,62,5.0,1.0,0.0,11.0,62.0,61.0,0.0,0.0,0.0,62.0,62.0
5339467511,墨田区,35.72604166666667,139.8140625,1060,595,327.0,86.0,70.0,40.0,592.0,246.0,266.0,0.0,175.0,416.0,0.0
5339467512,墨田区,35.72604166666667,139.81718750000002,1333,755,419.0,109.0,88.0,38.0,755.0,339.0,378.0,0.0,308.0,445.0,0.0
5339467513,墨田区,35.728125,139.8140625,1793,737,204.0,7.0,125.0,62.0,736.0,192.0,57.0,481.0,66.0,670.0,71.0
5339467514,墨田区,35.728125,139.81718750000002,1120,611,323.0,78.0,93.0,33.0,602.0,243.0,220.0,82.0,203.0,397.0,0.0
5339467521,墨田区,35.72604166666667,139.8203125,1843,967,496.0,112.0,138.0,63.0,959.0,423.0,452.0,32.0,275.0,678.0,0.0
5339467522,墨田区,35.72604166666667,139.8234375,1636,849,436.0,99.0,89.0,60.0,843.0,436.0,363.0,0.0,266.0,573.0,0.0
5339467523,墨田区,35.728125,139.8203125,2099,1078,533.0,153.0,114.0,95.0,1077.0,534.0,488.0,0.0,291.0,782.0,0.0
5339467524,墨田区,35.728125,139.8234375,1733,843,360.0,73.0,96.0,62.0,833.0,476.0,323.0,0.0,288.0,543.0,0.0
5339467531,墨田区,35.73020833333334,139.8140625,1382,659,263.0,30.0,150.0,37.0,659.0,79.0,92.0,477.0,75.0,584.0,0.0
5339467532,墨田区,35.73020833333334,139.81718750000002,1461,680,266.0,38.0,111.0,45.0,677.0,448.0,200.0,2.0,360.0,307.0,0.0
5339467533,墨田区,35.73229166666667,139.8140625,944,453,160.0,4.0,119.0,18.0,452.0,29.0,20.0,399.0,22.0,430.0,0.0
5339467534,墨田区,35.73229166666667,139.81718750000002,1216,564,243.0,35.0,91.0,38.0,561.0,296.0,210.0,30.0,249.0,312.0,0.0
5339467541,墨田区,35.73020833333334,139.8203125,1485,725,343.0,58.0,126.0,53.0,717.0,408.0,283.0,7.0,403.0,311.0,0.0
5339467542,墨田区,35.73020833333334,139.8234375,1707,810,352.0,65.0,124.0,61.0,808.0,489.0,287.0,0.0,298.0,497.0,58.0
5339467543,墨田区,35.73229166666667,139.8203125,1358,674,317.0,35.0,132.0,33.0,671.0,389.0,256.0,0.0,282.0,385.0,0.0
5339467544,墨田区,35.73229166666667,139.8234375,1442,730,344.0,39.0,181.0,50.0,729.0,407.0,185.0,123.0,332.0,396.0,0.0
5339467611,墨田区,35.72604166666667,139.8265625,1046,533,237.0,49.0,83.0,40.0,532.0,251.0,167.0,89.0,183.0,348.0,0.0
5339467612,墨田区,35.72604166666667,139.8296875,1314,627,272.0,84.0,64.0,66.0,623.0,276.0,317.0,0.0,189.0,433.0,0.0
5339467613,墨田区,35.728125,139.8265625,995,512,248.0,22.0,101.0,27.0,511.0,327.0,166.0,0.0,252.0,257.0,0.0
5339467614,墨田区,35.728125,139.8296875,391,204,101.0,25.0,28.0,16.0,204.0,84.0,114.0,0.0,83.0,119.0,0.0
5339467621,墨田区,35.72604166666667,139.8328125,166,96,51.0,15.0,7.0,3.0,96.0,27.0,66.0,0.0,27.0,69.0,0.0
5339467624,葛飾区,35.728125,139.8359375,32,17,11.0,6.0,2.0,0.0,17.0,8.0,9.0,0.0,10.0,7.0,0.0
5339467631,墨田区,35.73020833333334,139.8265625,1546,675,222.0,15.0,92.0,59.0,672.0,530.0,113.0,15.0,185.0,487.0,222.0
5339467633,墨田区,35.73229166666667,139.8265625,98,48,22.0,2.0,10.0,2.0,48.0,39.0,9.0,0.0,38.0,10.0,0.0
5339467642,葛飾区,35.73020833333334,139.8359375,635,335,179.0,38.0,54.0,15.0,334.0,205.0,126.0,0.0,213.0,113.0,0.0
5339467643,葛飾区,35.73229166666667,139.8328125,175,93,47.0,4.0,23.0,6.0,93.0,55.0,38.0,0.0,46.0,39.0,0.0
5339467644,葛飾区,35.73229166666667,139.8359375,1009,545,287.0,73.0,90.0,13.0,544.0,306.0,225.0,0.0,280.0,223.0,0.0
5339467711,葛飾区,35.72604166666667,139.8390625,150,83,46.0,14.0,14.0,3.0,83.0,35.0,44.0,0.0,34.0,47.0,0.0
5339467712,葛飾区,35.72604166666667,139.84218750000002,34,18,11.0,0.0,7.0,0.0,18.0,14.0,4.0,0.0,14.0,4.0,0.0
5339467713,葛飾区,35.728125,139.8390625,779,359,165.0,47.0,50.0,12.0,359.0,230.0,120.0,0.0,181.0,156.0,0.0
5339467714,葛飾区,35.728125,139.84218750000002,1316,635,262.0,48.0,88.0,46.0,634.0,375.0,242.0,0.0,151.0,453.0,0.0
5339467721,葛飾区,35.72604166666667,139.8453125,661,316,128.0,24.0,41.0,17.0,316.0,222.0,86.0,0.0,220.0,89.0,0.0
5339467722,葛飾区,35.72604166666667,139.84843750000002,927,425,155.0,23.0,43.0,28.0,423.0,270.0,138.0,0.0,164.0,251.0,0.0
5339467723,葛飾区,35.728125,139.8453125,622,260,71.0,15.0,19.0,17.0,260.0,164.0,43.0,38.0,91.0,161.0,0.0
5339467724,葛飾区,35.728125,139.84843750000002,863,346,87.0,11.0,21.0,66.0,346.0,267.0,73.0,0.0,69.0,271.0,0.0
5339467731,葛飾区,35.73020833333334,139.8390625,1318,607,256.0,50.0,80.0,26.0,606.0,410.0,180.0,0.0,312.0,262.0,0.0
5339467732,葛飾区,35.73020833333334,139.84218750000002,976,468,200.0,25.0,73.0,30.0,456.0,330.0,90.0,0.0,236.0,194.0,0.0
5339467733,葛飾区,35.73229166666667,139.8390625,1347,675,317.0,85.0,78.0,39.0,674.0,376.0,276.0,0.0,346.0,311.0,0.0
5339467734,葛飾区,35.73229166666667,139.84218750000002,1165,545,273.0,58.0,81.0,27.0,541.0,230.0,242.0,48.0,232.0,302.0,0.0
5339467741,葛飾区,35.73020833333334,139.8453125,2108,978,376.0,76.0,125.0,105.0,911.0,504.0,209.0,140.0,42.0,863.0,0.0
5339467742,葛飾区,35.73020833333334,139.84843750000002,832,368,140.0,28.0,29.0,33.0,366.0,227.0,135.0,0.0,105.0,259.0,0.0
5339467743,葛飾区,35.73229166666667,139.8453125,929,509,266.0,25.0,65.0,31.0,509.0,151.0,166.0,176.0,132.0,374.0,0.0
5339467744,葛飾区,35.73229166666667,139.84843750000002,693,322,140.0,36.0,50.0,13.0,320.0,227.0,80.0,0.0,220.0,90.0,0.0
5339467811,葛飾区,35.72604166666667,139.8515625,1131,504,187.0,19.0,62.0,51.0,503.0,302.0,182.0,0.0,244.0,246.0,0.0
5339467812,葛飾区,35.72604166666667,139.8546875,1618,726,277.0,49.0,69.0,56.0,722.0,378.0,326.0,0.0,270.0,445.0,0.0
5339467813,葛飾区,35.728125,139.8515625,908,397,125.0,11.0,44.0,40.0,396.0,182.0,195.0,0.0,139.0,243.0,0.0
5339467814,葛飾区,35.728125,139.8546875,1310,553,192.0,24.0,66.0,44.0,552.0,274.0,198.0,65.0,221.0,307.0,0.0
5339467821,葛飾区,35.72604166666667,139.8578125,1098,555,261.0,61.0,75.0,33.0,555.0,235.0,301.0,0.0,240.0,311.0,0.0
5339467822,葛飾区,35.72604166666667,139.8609375,915,450,202.0,25.0,90.0,31.0,447.0,253.0,180.0,0.0,233.0,209.0,0.0
5339467823,葛飾区,35.728125,139.8578125,1183,568,242.0,44.0,86.0,44.0,565.0,296.0,248.0,0.0,271.0,277.0,0.0
5339467824,葛飾区,35.728125,139.8609375,1169,543,213.0,27.0,82.0,27.0,541.0,355.0,175.0,0.0,334.0,186.0,0.0
5339467831,葛飾区,35.73020833333334,139.8515625,363,166,54.0,1.0,23.0,17.0,166.0,112.0,30.0,20.0,54.0,111.0,0.0
5339467832,葛飾区,35.73020833333334,139.8546875,220,100,36.0,1.0,18.0,7.0,98.0,68.0,27.0,0.0,65.0,25.0,0.0
5339467833,葛飾区,35.73229166666667,139.8515625,1347,625,243.0,25.0,94.0,36.0,622.0,408.0,138.0,64.0,223.0,382.0,0.0
5339467834,葛飾区,35.73229166666667,139.8546875,120,58,25.0,2.0,13.0,2.0,58.0,45.0,11.0,0.0,37.0,13.0,0.0
5339467841,葛飾区,35.73020833333334,139.8578125,901,376,116.0,20.0,34.0,19.0,370.0,269.0,90.0,0.0,152.0,198.0,0.0
5339467842,葛飾区,35.73020833333334,139.8609375,1145,518,191.0,26.0,68.0,34.0,509.0,284.0,193.0,20.0,235.0,252.0,0.0
5339467843,葛飾区,35.73229166666667,139.8578125,262,115,41.0,2.0,21.0,5.0,115.0,67.0,7.0,41.0,53.0,48.0,0.0
5339467844,葛飾区,35.73229166666667,139.8609375,996,443,147.0,7.0,63.0,21.0,431.0,284.0,98.0,46.0,274.0,131.0,0.0
5339467911,葛飾区,35.72604166666667,139.86406250000002,824,383,157.0,27.0,53.0,24.0,378.0,211.0,161.0,0.0,211.0,163.0,0.0
5339467912,葛飾区,35.72604166666667,139.86718750000003,1174,498,179.0,32.0,31.0,98.0,494.0,239.0,214.0,25.0,53.0,439.0,0.0
5339467913,葛飾区,35.728125,139.86406250000002,385,177,73.0,10.0,24.0,16.0,170.0,95.0,67.0,0.0,83.0,82.0,0.0
5339467914,葛飾区,35.728125,139.86718750000003,817,369,142.0,15.0,49.0,37.0,369.0,182.0,163.0,0.0,175.0,172.0,0.0
5339467921,葛飾区,35.72604166666667,139.8703125,820,345,147.0,31.0,26.0,27.0,340.0,219.0,104.0,0.0,191.0,149.0,0.0
5339467922,江戸川区,35.72604166666667,139.87343750000002,1122,578,282.0,54.0,86.0,33.0,578.0,297.0,251.0,0.0,269.0,297.0,0.0
5339467923,江戸川区,35.728125,139.8703125,733,303,95.0,22.0,24.0,30.0,300.0,200.0,91.0,0.0,105.0,195.0,0.0
5339467924,江戸川区,35.728125,139.87343750000002,750,429,258.0,52.0,77.0,14.0,426.0,171.0,240.0,0.0,191.0,230.0,0.0
5339467931,葛飾区,35.73020833333334,139.86406250000002,463,212,95.0,3.0,60.0,16.0,212.0,97.0,52.0,58.0,89.0,113.0,0.0
5339467932,葛飾区,35.73020833333334,139.86718750000003,1046,472,167.0,15.0,86.0,38.0,472.0,183.0,224.0,55.0,176.0,282.0,0.0
5339467933,葛飾区,35.73229166666667,139.86406250000002,984,305,106.0,9.0,46.0,40.0,303.0,173.0,94.0,29.0,163.0,130.0,0.0
5339467934,葛飾区,35.73229166666667,139.86718750000003,573,277,122.0,14.0,62.0,22.0,276.0,90.0,96.0,84.0,53.0,207.0,0.0
5339467941,葛飾区,35.73020833333334,139.8703125,713,309,109.0,24.0,33.0,30.0,307.0,176.0,112.0,0.0,172.0,122.0,0.0
5339467942,江戸川区,35.73020833333334,139.87343750000002,333,149,56.0,6.0,24.0,15.0,147.0,98.0,40.0,0.0,100.0,47.0,0.0
5339467943,葛飾区,35.73229166666667,139.8703125,749,319,104.0,13.0,35.0,46.0,315.0,160.0,142.0,0.0,159.0,147.0,0.0
5339467944,江戸川区,35.73229166666667,139.87343750000002,513,247,91.0,26.0,28.0,17.0,245.0,140.0,99.0,0.0,140.0,105.0,0.0
5339468011,文京区,35.73437500000001,139.7515625,2342,1276,688.0,128.0,170.0,87.0,1271.0,577.0,622.0,0.0,200.0,1071.0,0.0
5339468012,文京区,35.73437500000001,139.75468750000002,2596,1468,829.0,178.0,182.0,100.0,1466.0,634.0,724.0,31.0,272.0,1189.0,41.0
5339468013,北区,35.73645833333334,139.7515625,2063,1326,860.0,221.0,163.0,48.0,1321.0,377.0,842.0,0.0,210.0,1105.0,0.0
5339468014,北区,35.73645833333334,139.75468750000002,1293,729,415.0,102.0,111.0,44.0,714.0,263.0,399.0,0.0,203.0,505.0,0.0
5339468021,北区,35.73437500000001,139.7578125,1635,975,588.0,141.0,105.0,68.0,973.0,249.0,658.0,0.0,230.0,739.0,0.0
5339468022,北区,35.73437500000001,139.7609375,1644,978,595.0,203.0,109.0,60.0,977.0,264.0,614.0,0.0,266.0,701.0,0.0
5339468023,北区,35.73645833333334,139.7578125,1119,617,362.0,100.0,51.0,40.0,610.0,182.0,375.0,0.0,162.0,435.0,0.0
5339468024,北区,35.73645833333334,139.7609375,1441,823,458.0,128.0,77.0,57.0,818.0,255.0,497.0,0.0,176.0,628.0,0.0
5339468031,北区,35.73854166666668,139.7515625,1414,838,512.0,130.0,109.0,34.0,838.0,299.0,506.0,0.0,231.0,606.0,0.0
5339468032,北区,35.73854166666668,139.75468750000002,1107,638,367.0,102.0,89.0,49.0,638.0,217.0,378.0,22.0,160.0,477.0,0.0
5339468033,北区,35.74062500000001,139.7515625,771,429,241.0,57.0,54.0,24.0,428.0,202.0,191.0,0.0,183.0,242.0,0.0
5339468034,北区,35.74062500000001,139.75468750000002,1320,679,355.0,80.0,89.0,50.0,678.0,239.0,364.0,44.0,187.0,459.0,0.0
5339468041,北区,35.73854166666668,139.7578125,1354,770,438.0,97.0,94.0,37.0,767.0,271.0,444.0,0.0,253.0,511.0,0.0
5339468042,北区,35.73854166666668,139.7609375,187,114,74.0,33.0,7.0,6.0,113.0,14.0,76.0,0.0,4.0,108.0,0.0
5339468043,北区,35.74062500000001,139.7578125,413,260,164.0,40.0,27.0,13.0,260.0,89.0,149.0,0.0,88.0,168.0,0.0
5339468044,北区,35.74062500000001,139.7609375,1352,864,572.0,185.0,73.0,39.0,859.0,276.0,497.0,13.0,54.0,802.0,31.0
5339468111,北区,35.73437500000001,139.7640625,1199,527,194.0,36.0,41.0,81.0,518.0,218.0,187.0,0.0,63.0,455.0,0.0
5339468112,荒川区,35.73437500000001,139.7671875,995,630,421.0,115.0,64.0,24.0,626.0,246.0,346.0,0.0,70.0,554.0,0.0
5339468113,北区,35.73645833333334,139.7640625,669,343,166.0,22.0,23.0,20.0,286.0,154.0,85.0,0.0,24.0,260.0,0.0
5339468114,荒川区,35.73645833333334,139.7671875,1885,1115,677.0,180.0,106.0,67.0,1111.0,479.0,524.0,0.0,264.0,841.0,0.0
5339468121,荒川区,35.73437500000001,139.7703125,1514,913,550.0,187.0,93.0,42.0,904.0,389.0,427.0,0.0,211.0,686.0,0.0
5339468122,荒川区,35.73437500000001,139.7734375,2045,1182,710.0,229.0,110.0,69.0,1174.0,494.0,583.0,0.0,252.0,908.0,0.0
5339468123,荒川区,35.73645833333334,139.7703125,1710,1102,730.0,229.0,135.0,31.0,1101.0,357.0,621.0,0.0,259.0,837.0,0.0
5339468124,荒川区,35.73645833333334,139.7734375,1904,1091,639.0,192.0,135.0,60.0,1087.0,520.0,510.0,0.0,233.0,843.0,0.0
5339468131,北区,35.73854166666668,139.7640625,1162,712,462.0,132.0,64.0,52.0,688.0,251.0,402.0,0.0,81.0,604.0,0.0
5339468132,北区,35.73854166666668,139.7671875,1229,769,493.0,218.0,87.0,30.0,765.0,204.0,380.0,64.0,92.0,671.0,0.0
5339468133,北区,35.74062500000001,139.7640625,1365,809,502.0,183.0,59.0,42.0,806.0,280.0,398.0,0.0,169.0,631.0,42.0
5339468134,北区,35.74062500000001,139.7671875,2004,1108,630.0,210.0,84.0,91.0,1098.0,378.0,621.0,0.0,167.0,930.0,92.0
5339468141,荒川区,35.73854166666668,139.7703125,2464,1242,560.0,127.0,115.0,154.0,1238.0,689.0,481.0,0.0,158.0,1072.0,134.0
5339468142,荒川区,35.73854166666668,139.7734375,1454,807,464.0,111.0,110.0,54.0,805.0,295.0,441.0,0.0,250.0,550.0,0.0
5339468143,荒川区,35.74062500000001,139.7703125,2162,1136,569.0,146.0,137.0,65.0,1095.0,534.0,486.0,0.0,329.0,754.0,55.0
5339468144,荒川区,35.74062500000001,139.7734375,1461,764,388.0,90.0,120.0,48.0,763.0,366.0,352.0,0.0,367.0,391.0,0.0
5339468211,荒川区,35.73437500000001,139.7765625,1894,892,455.0,112.0,118.0,63.0,888.0,524.0,335.0,0.0,280.0,578.0,0.0
5339468212,荒川区,35.73437500000001,139.77968750000002,1672,927,506.0,111.0,155.0,38.0,924.0,446.0,446.0,0.0,408.0,486.0,0.0
5339468213,荒川区,35.73645833333334,139.7765625,2008,1123,608.0,181.0,93.0,86.0,1096.0,434.0,551.0,35.0,96.0,986.0,129.0
5339468214,荒川区,35.73645833333334,139.77968750000002,1623,864,433.0,84.0,116.0,54.0,861.0,405.0,372.0,0.0,182.0,672.0,49.0
5339468221,荒川区,35.73437500000001,139.7828125,2179,1087,482.0,87.0,154.0,65.0,1083.0,680.0,353.0,0.0,316.0,745.0,62.0
5339468222,荒川区,35.73437500000001,139.78593750000002,1562,806,365.0,67.0,65.0,113.0,805.0,441.0,313.0,2.0,88.0,714.0,324.0
5339468223,荒川区,35.73645833333334,139.7828125,887,449,229.0,31.0,71.0,26.0,446.0,238.0,188.0,0.0,243.0,200.0,6.0
5339468224,荒川区,35.73645833333334,139.78593750000002,888,445,214.0,29.0,87.0,38.0,436.0,263.0,142.0,0.0,273.0,163.0,0.0
5339468231,荒川区,35.73854166666668,139.7765625,1978,1146,688.0,228.0,104.0,59.0,1142.0,400.0,682.0,0.0,150.0,988.0,66.0
5339468232,荒川区,35.73854166666668,139.77968750000002,2282,1238,649.0,183.0,180.0,74.0,1230.0,662.0,467.0,0.0,301.0,911.0,0.0
5339468233,荒川区,35.74062500000001,139.7765625,1600,841,448.0,132.0,120.0,32.0,839.0,405.0,375.0,0.0,381.0,452.0,0.0
5339468234,荒川区,35.74062500000001,139.77968750000002,2095,1085,509.0,115.0,137.0,81.0,1084.0,493.0,527.0,0.0,321.0,745.0,16.0
5339468241,荒川区,35.73854166666668,139.7828125,1336,694,358.0,90.0,118.0,37.0,693.0,349.0,321.0,0.0,307.0,377.0,0.0
5339468242,荒川区,35.73854166666668,139.78593750000002,371,159,60.0,7.0,14.0,20.0,159.0,57.0,90.0,0.0,59.0,97.0,0.0
5339468243,荒川区,35.74062500000001,139.7828125,1059,582,302.0,66.0,109.0,40.0,579.0,214.0,192.0,118.0,209.0,362.0,0.0
5339468244,荒川区,35.74062500000001,139.78593750000002,229,76,19.0,6.0,6.0,15.0,76.0,58.0,11.0,5.0,61.0,15.0,0.0
5339468311,荒川区,35.73437500000001,139.7890625,1437,700,321.0,42.0,128.0,55.0,697.0,464.0,214.0,0.0,393.0,283.0,0.0
5339468312,荒川区,35.73437500000001,139.7921875,1404,763,403.0,77.0,136.0,46.0,748.0,349.0,308.0,52.0,318.0,399.0,0.0
5339468313,荒川区,35.73645833333334,139.7890625,1829,862,385.0,85.0,146.0,70.0,855.0,553.0,259.0,0.0,516.0,330.0,0.0
5339468314,荒川区,35.73645833333334,139.7921875,1112,433,119.0,51.0,31.0,71.0,396.0,322.0,55.0,0.0,95.0,301.0,165.0
5339468321,荒川区,35.73437500000001,139.7953125,1380,773,421.0,84.0,120.0,38.0,772.0,279.0,440.0,16.0,193.0,572.0,0.0
5339468322,荒川区,35.73437500000001,139.7984375,1072,618,350.0,65.0,138.0,24.0,618.0,251.0,333.0,0.0,194.0,414.0,30.0
5339468323,荒川区,35.73645833333334,139.7953125,1681,853,392.0,84.0,123.0,109.0,837.0,475.0,271.0,0.0,250.0,583.0,58.0
5339468324,荒川区,35.73645833333334,139.7984375,2189,1100,467.0,54.0,208.0,82.0,1045.0,720.0,294.0,0.0,139.0,900.0,180.0
5339468331,荒川区,35.73854166666668,139.7890625,1236,528,187.0,29.0,84.0,61.0,522.0,354.0,136.0,0.0,308.0,210.0,13.0
5339468332,荒川区,35.73854166666668,139.7921875,1526,516,86.0,2.0,38.0,70.0,515.0,423.0,28.0,53.0,45.0,464.0,172.0
5339468333,荒川区,35.74062500000001,139.7890625,1370,571,160.0,9.0,78.0,33.0,569.0,444.0,57.0,56.0,41.0,528.0,178.0
5339468334,荒川区,35.74062500000001,139.7921875,960,408,91.0,1.0,44.0,24.0,407.0,385.0,15.0,0.0,0.0,407.0,232.0
5339468341,荒川区,35.73854166666668,139.7953125,1224,568,271.0,55.0,80.0,75.0,566.0,322.0,185.0,11.0,162.0,400.0,79.0
5339468342,荒川区,35.73854166666668,139.7984375,1854,828,328.0,90.0,93.0,138.0,768.0,535.0,202.0,0.0,32.0,735.0,0.0
5339468343,足立区,35.74062500000001,139.7953125,1530,601,154.0,30.0,19.0,148.0,600.0,462.0,99.0,0.0,69.0,531.0,361.0
5339468344,足立区,35.74062500000001,139.7984375,1042,592,327.0,75.0,52.0,53.0,592.0,236.0,329.0,0.0,88.0,492.0,100.0
5339468412,荒川区,35.73437500000001,139.80468750000003,948,301,26.0,1.0,11.0,31.0,301.0,293.0,4.0,0.0,0.0,301.0,301.0
5339468413,荒川区,35.73645833333334,139.80156250000002,2106,1060,468.0,79.0,66.0,156.0,1058.0,2.0,419.0,538.0,0.0,1058.0,750.0
5339468414,荒川区,35.73645833333334,139.80468750000003,2838,1226,390.0,9.0,199.0,164.0,1225.0,75.0,28.0,1094.0,0.0,1225.0,901.0
5339468421,荒川区,35.73437500000001,139.8078125,1646,646,144.0,16.0,20.0,112.0,646.0,320.0,251.0,28.0,1.0,645.0,333.0
5339468423,荒川区,35.73645833333334,139.8078125,1113,481,149.0,5.0,84.0,61.0,480.0,257.0,68.0,116.0,1.0,477.0,0.0
5339468424,荒川区,35.73645833333334,139.81093750000002,432,177,47.0,0.0,27.0,17.0,177.0,131.0,35.0,0.0,1.0,176.0,0.0
5339468431,荒川区,35.73854166666668,139.80156250000002,302,126,28.0,0.0,14.0,16.0,125.0,116.0,6.0,0.0,0.0,125.0,0.0
5339468432,荒川区,35.73854166666668,139.80468750000003,511,252,84.0,0.0,74.0,6.0,252.0,9.0,0.0,243.0,0.0,252.0,0.0
5339468433,足立区,35.74062500000001,139.80156250000002,907,411,146.0,14.0,45.0,31.0,410.0,328.0,75.0,0.0,50.0,360.0,0.0
5339468434,足立区,35.74062500000001,139.80468750000003,721,284,67.0,4.0,16.0,39.0,269.0,214.0,37.0,0.0,5.0,264.0,0.0
5339468441,荒川区,35.73854166666668,139.8078125,3167,1153,212.0,4.0,121.0,110.0,1153.0,767.0,45.0,321.0,1.0,1150.0,613.0
5339468442,荒川区,35.73854166666668,139.81093750000002,2525,920,187.0,6.0,95.0,95.0,919.0,633.0,31.0,245.0,1.0,918.0,526.0
5339468443,足立区,35.74062500000001,139.8078125,530,210,57.0,1.0,34.0,23.0,210.0,62.0,0.0,136.0,0.0,210.0,74.0
5339468444,荒川区,35.74062500000001,139.81093750000002,1143,383,56.0,1.0,14.0,47.0,381.0,366.0,9.0,0.0,0.0,381.0,381.0
5339468511,墨田区,35.73437500000001,139.8140625,22,2,,,,,,,,,,,
5339468512,墨田区,35.73437500000001,139.81718750000002,1119,556,232.0,18.0,109.0,34.0,551.0,208.0,129.0,178.0,61.0,485.0,0.0
5339468513,荒川区,35.73645833333334,139.8140625,4,1,,,,,,,,,,,
5339468514,墨田区,35.73645833333334,139.81718750000002,1676,799,281.0,24.0,172.0,38.0,800.0,99.0,24.0,643.0,46.0,754.0,0.0
5339468521,墨田区,35.73437500000001,139.8203125,861,457,228.0,31.0,100.0,18.0,454.0,246.0,191.0,0.0,230.0,220.0,0.0
5339468522,墨田区,35.73437500000001,139.8234375,454,203,77.0,5.0,43.0,15.0,203.0,144.0,51.0,0.0,118.0,78.0,0.0
5339468523,墨田区,35.73645833333334,139.8203125,918,489,253.0,47.0,114.0,29.0,486.0,294.0,173.0,0.0,307.0,178.0,0.0
5339468532,墨田区,35.73854166666668,139.81718750000002,12,5,1.0,0.0,1.0,0.0,5.0,4.0,0.0,0.0,5.0,0.0,0.0
5339468533,足立区,35.74062500000001,139.8140625,1321,487,96.0,2.0,7.0,77.0,487.0,469.0,12.0,0.0,3.0,484.0,438.0
5339468534,墨田区,35.74062500000001,139.81718750000002,280,144,64.0,10.0,29.0,12.0,144.0,90.0,47.0,0.0,86.0,58.0,0.0
5339468541,墨田区,35.73854166666668,139.8203125,452,204,66.0,6.0,38.0,16.0,203.0,156.0,39.0,0.0,139.0,61.0,0.0
5339468543,墨田区,35.74062500000001,139.8203125,95,48,21.0,2.0,10.0,1.0,48.0,30.0,16.0,0.0,32.0,14.0,0.0
5339468612,葛飾区,35.73437500000001,139.8296875,56,27,13.0,4.0,3.0,2.0,27.0,12.0,11.0,0.0,11.0,16.0,0.0
5339468614,葛飾区,35.73645833333334,139.8296875,680,340,160.0,66.0,51.0,29.0,290.0,193.0,81.0,6.0,194.0,92.0,0.0
5339468621,葛飾区,35.73437500000001,139.8328125,922,446,201.0,62.0,54.0,21.0,445.0,240.0,197.0,0.0,158.0,267.0,0.0
5339468622,葛飾区,35.73437500000001,139.8359375,1039,561,285.0,73.0,88.0,19.0,560.0,344.0,205.0,0.0,305.0,232.0,0.0
5339468623,葛飾区,35.73645833333334,139.8328125,1043,498,223.0,41.0,57.0,32.0,496.0,303.0,179.0,0.0,268.0,203.0,0.0
5339468624,葛飾区,35.73645833333334,139.8359375,1787,867,374.0,154.0,56.0,48.0,864.0,463.0,365.0,0.0,165.0,683.0,0.0
5339468631,葛飾区,35.73854166666668,139.8265625,162,74,32.0,3.0,9.0,7.0,74.0,58.0,15.0,0.0,50.0,24.0,0.0
5339468632,葛飾区,35.73854166666668,139.8296875,907,384,135.0,19.0,39.0,47.0,379.0,268.0,101.0,0.0,196.0,177.0,0.0
5339468633,葛飾区,35.74062500000001,139.8265625,747,364,161.0,29.0,72.0,26.0,363.0,223.0,127.0,0.0,221.0,122.0,0.0
5339468634,葛飾区,35.74062500000001,139.8296875,1157,520,203.0,22.0,62.0,52.0,514.0,304.0,200.0,0.0,152.0,347.0,0.0
5339468641,葛飾区,35.73854166666668,139.8328125,1152,523,200.0,31.0,77.0,38.0,521.0,366.0,142.0,0.0,332.0,146.0,0.0
5339468642,葛飾区,35.73854166666668,139.8359375,1067,482,178.0,19.0,66.0,32.0,479.0,280.0,185.0,0.0,147.0,298.0,0.0
5339468643,葛飾区,35.74062500000001,139.8328125,1111,486,181.0,21.0,74.0,56.0,470.0,336.0,123.0,0.0,278.0,183.0,0.0
5339468644,葛飾区,35.74062500000001,139.8359375,862,359,146.0,25.0,45.0,28.0,354.0,185.0,159.0,0.0,178.0,159.0,0.0
5339468711,葛飾区,35.73437500000001,139.8390625,1016,546,289.0,105.0,62.0,16.0,543.0,274.0,242.0,13.0,221.0,301.0,0.0
5339468712,葛飾区,35.73437500000001,139.84218750000002,1313,612,275.0,42.0,111.0,32.0,610.0,206.0,188.0,200.0,118.0,486.0,201.0
5339468713,葛飾区,35.73645833333334,139.8390625,931,468,202.0,41.0,66.0,28.0,467.0,292.0,160.0,0.0,199.0,266.0,0.0
5339468714,葛飾区,35.73645833333334,139.84218750000002,1025,517,251.0,32.0,74.0,37.0,515.0,281.0,214.0,7.0,150.0,344.0,7.0
5339468721,葛飾区,35.73437500000001,139.8453125,1230,604,253.0,47.0,82.0,33.0,603.0,389.0,196.0,0.0,317.0,279.0,0.0
5339468722,葛飾区,35.73437500000001,139.84843750000002,1098,558,269.0,34.0,127.0,37.0,558.0,319.0,215.0,0.0,275.0,248.0,0.0
5339468723,葛飾区,35.73645833333334,139.8453125,1193,546,230.0,70.0,60.0,36.0,539.0,318.0,210.0,0.0,197.0,326.0,0.0
5339468724,葛飾区,35.73645833333334,139.84843750000002,1205,625,321.0,46.0,122.0,37.0,622.0,310.0,298.0,0.0,279.0,300.0,0.0
5339468731,葛飾区,35.73854166666668,139.8390625,1201,526,183.0,28.0,52.0,52.0,525.0,310.0,199.0,0.0,88.0,428.0,53.0
5339468732,葛飾区,35.73854166666668,139.84218750000002,1036,552,287.0,38.0,83.0,21.0,552.0,296.0,243.0,0.0,253.0,267.0,0.0
5339468733,葛飾区,35.74062500000001,139.8390625,624,342,194.0,30.0,93.0,14.0,340.0,151.0,168.0,0.0,91.0,240.0,0.0
5339468734,葛飾区,35.74062500000001,139.84218750000002,1049,479,221.0,59.0,70.0,38.0,471.0,235.0,206.0,0.0,66.0,401.0,0.0
5339468741,葛飾区,35.73854166666668,139.8453125,1186,657,373.0,96.0,92.0,31.0,651.0,294.0,318.0,0.0,226.0,389.0,0.0
5339468742,葛飾区,35.73854166666668,139.84843750000002,939,515,275.0,38.0,94.0,16.0,514.0,298.0,197.0,0.0,184.0,291.0,0.0
5339468743,葛飾区,35.74062500000001,139.8453125,1391,630,246.0,38.0,74.0,51.0,630.0,411.0,207.0,0.0,258.0,360.0,0.0
5339468744,葛飾区,35.74062500000001,139.84843750000002,1321,650,300.0,40.0,78.0,48.0,650.0,327.0,297.0,0.0,252.0,376.0,0.0
5339468811,葛飾区,35.73437500000001,139.8515625,1484,646,224.0,22.0,77.0,47.0,645.0,451.0,183.0,0.0,237.0,388.0,0.0
5339468812,葛飾区,35.73437500000001,139.8546875,622,284,108.0,15.0,40.0,27.0,283.0,174.0,104.0,0.0,167.0,112.0,0.0
5339468813,葛飾区,35.73645833333334,139.8515625,894,454,209.0,29.0,66.0,30.0,451.0,276.0,166.0,0.0,149.0,287.0,0.0
5339468814,葛飾区,35.73645833333334,139.8546875,957,485,214.0,47.0,82.0,25.0,483.0,320.0,150.0,0.0,165.0,314.0,0.0
5339468821,葛飾区,35.73437500000001,139.8578125,1189,526,171.0,11.0,62.0,31.0,526.0,386.0,133.0,0.0,250.0,246.0,0.0
5339468822,葛飾区,35.73437500000001,139.8609375,575,284,148.0,21.0,49.0,15.0,283.0,144.0,123.0,0.0,130.0,141.0,0.0
5339468823,葛飾区,35.73645833333334,139.8578125,939,378,109.0,9.0,37.0,20.0,377.0,294.0,72.0,0.0,103.0,273.0,0.0
5339468824,葛飾区,35.73645833333334,139.8609375,30,13,3.0,0.0,1.0,1.0,13.0,9.0,3.0,0.0,9.0,4.0,0.0
5339468831,葛飾区,35.73854166666668,139.8515625,1033,552,290.0,87.0,68.0,30.0,551.0,281.0,217.0,0.0,196.0,339.0,0.0
5339468832,葛飾区,35.73854166666668,139.8546875,496,274,161.0,34.0,36.0,16.0,265.0,122.0,141.0,0.0,68.0,193.0,0.0
5339468833,葛飾区,35.74062500000001,139.8515625,1210,619,273.0,38.0,96.0,30.0,615.0,344.0,250.0,0.0,320.0,267.0,0.0
5339468834,葛飾区,35.74062500000001,139.8546875,1221,659,348.0,70.0,104.0,47.0,657.0,299.0,308.0,0.0,215.0,428.0,0.0
5339468841,葛飾区,35.73854166666668,139.8578125,837,404,154.0,11.0,72.0,36.0,403.0,285.0,114.0,0.0,134.0,258.0,0.0
5339468842,葛飾区,35.73854166666668,139.8609375,398,152,34.0,7.0,6.0,15.0,154.0,122.0,31.0,0.0,23.0,130.0,0.0
5339468843,葛飾区,35.74062500000001,139.8578125,1106,531,232.0,48.0,93.0,43.0,519.0,280.0,209.0,0.0,207.0,297.0,0.0
5339468844,葛飾区,35.74062500000001,139.8609375,15,2,,,,,,,,,,,
5339468911,葛飾区,35.73437500000001,139.86406250000002,749,317,101.0,13.0,28.0,27.0,315.0,172.0,132.0,0.0,136.0,160.0,0.0
5339468912,葛飾区,35.73437500000001,139.86718750000003,701,381,210.0,52.0,47.0,28.0,380.0,130.0,237.0,0.0,92.0,280.0,0.0
5339468913,葛飾区,35.73645833333334,139.86406250000002,763,318,106.0,7.0,42.0,31.0,316.0,188.0,115.0,0.0,138.0,178.0,0.0
5339468914,葛飾区,35.73645833333334,139.86718750000003,816,318,96.0,16.0,25.0,22.0,316.0,219.0,87.0,0.0,100.0,212.0,0.0
5339468921,葛飾区,35.73437500000001,139.8703125,391,209,106.0,7.0,35.0,12.0,208.0,136.0,65.0,0.0,57.0,134.0,0.0
5339468922,江戸川区,35.73437500000001,139.87343750000002,1183,683,384.0,91.0,84.0,40.0,674.0,272.0,358.0,0.0,187.0,479.0,0.0
5339468923,葛飾区,35.73645833333334,139.8703125,217,87,25.0,3.0,15.0,9.0,87.0,62.0,23.0,0.0,63.0,24.0,0.0
5339468924,葛飾区,35.73645833333334,139.87343750000002,894,424,160.0,19.0,47.0,22.0,424.0,261.0,136.0,0.0,243.0,173.0,0.0
5339468931,葛飾区,35.73854166666668,139.86406250000002,547,199,39.0,0.0,7.0,25.0,194.0,157.0,35.0,0.0,65.0,128.0,0.0
5339468932,葛飾区,35.73854166666668,139.86718750000003,174,72,24.0,2.0,5.0,7.0,72.0,46.0,25.0,0.0,47.0,25.0,0.0
5339468933,葛飾区,35.74062500000001,139.86406250000002,283,115,34.0,0.0,19.0,9.0,115.0,57.0,15.0,43.0,59.0,49.0,0.0
5339468934,葛飾区,35.74062500000001,139.86718750000003,284,108,30.0,7.0,13.0,13.0,108.0,75.0,28.0,1.0,78.0,30.0,0.0
5339468941,葛飾区,35.73854166666668,139.8703125,985,374,101.0,8.0,33.0,47.0,374.0,248.0,111.0,0.0,260.0,111.0,0.0
5339468942,葛飾区,35.73854166666668,139.87343750000002,1018,503,225.0,38.0,68.0,34.0,503.0,228.0,249.0,0.0,216.0,275.0,0.0
5339468943,葛飾区,35.74062500000001,139.8703125,781,344,118.0,20.0,38.0,38.0,344.0,157.0,178.0,0.0,159.0,173.0,0.0
5339468944,葛飾区,35.74062500000001,139.87343750000002,958,453,212.0,35.0,54.0,23.0,450.0,213.0,223.0,0.0,211.0,228.0,0.0
5339469011,北区,35.74270833333334,139.7515625,1474,742,329.0,90.0,96.0,75.0,740.0,386.0,307.0,0.0,298.0,431.0,0.0
5339469012,北区,35.74270833333334,139.75468750000002,542,277,141.0,36.0,35.0,27.0,275.0,119.0,129.0,0.0,92.0,157.0,0.0
5339469013,北区,35.74479166666667,139.7515625,645,344,180.0,37.0,70.0,13.0,338.0,184.0,109.0,27.0,199.0,138.0,0.0
5339469014,北区,35.74479166666667,139.75468750000002,440,189,117.0,34.0,20.0,13.0,186.0,73.0,106.0,0.0,76.0,110.0,0.0
5339469021,北区,35.74270833333334,139.7578125,15,10,6.0,0.0,1.0,0.0,10.0,2.0,1.0,0.0,5.0,5.0,0.0
5339469022,北区,35.74270833333334,139.7609375,1647,837,404.0,111.0,45.0,113.0,833.0,333.0,381.0,67.0,91.0,741.0,55.0
5339469023,北区,35.74479166666667,139.7578125,1272,709,364.0,113.0,41.0,72.0,707.0,352.0,301.0,0.0,49.0,656.0,93.0
5339469024,荒川区,35.74479166666667,139.7609375,1912,1061,538.0,126.0,178.0,46.0,1056.0,535.0,310.0,144.0,237.0,818.0,0.0
5339469031,北区,35.74687500000001,139.7515625,458,244,123.0,24.0,27.0,11.0,243.0,128.0,105.0,0.0,62.0,180.0,0.0
5339469032,北区,35.74687500000001,139.75468750000002,1307,768,447.0,110.0,83.0,59.0,764.0,301.0,426.0,0.0,67.0,695.0,0.0
5339469033,北区,35.74895833333334,139.7515625,958,497,226.0,53.0,66.0,33.0,494.0,285.0,178.0,0.0,114.0,379.0,0.0
5339469034,北区,35.74895833333334,139.75468750000002,1895,966,453.0,104.0,130.0,71.0,960.0,588.0,317.0,0.0,161.0,795.0,0.0
5339469041,荒川区,35.74687500000001,139.7578125,1473,770,380.0,80.0,91.0,44.0,770.0,354.0,352.0,0.0,244.0,525.0,0.0
5339469042,荒川区,35.74687500000001,139.7609375,2140,1081,477.0,74.0,198.0,69.0,1076.0,745.0,302.0,0.0,344.0,723.0,0.0
5339469043,荒川区,35.74895833333334,139.7578125,1311,661,303.0,41.0,111.0,58.0,658.0,371.0,244.0,0.0,303.0,352.0,0.0
5339469044,荒川区,35.74895833333334,139.7609375,1561,818,421.0,92.0,151.0,58.0,817.0,411.0,359.0,0.0,425.0,388.0,0.0
5339469111,北区,35.74270833333334,139.7640625,2078,1270,804.0,238.0,109.0,96.0,1266.0,451.0,745.0,0.0,237.0,1027.0,0.0
5339469112,荒川区,35.74270833333334,139.7671875,1642,884,448.0,117.0,133.0,46.0,879.0,408.0,403.0,0.0,385.0,473.0,0.0
5339469113,荒川区,35.74479166666667,139.7640625,1667,913,507.0,141.0,106.0,57.0,912.0,326.0,538.0,0.0,293.0,615.0,0.0
5339469114,荒川区,35.74479166666667,139.7671875,1554,863,484.0,119.0,114.0,57.0,858.0,390.0,416.0,0.0,335.0,512.0,0.0
5339469121,荒川区,35.74270833333334,139.7703125,1624,816,409.0,87.0,106.0,55.0,811.0,401.0,352.0,0.0,350.0,456.0,0.0
5339469122,荒川区,35.74270833333334,139.7734375,1219,619,286.0,48.0,113.0,40.0,619.0,327.0,267.0,0.0,334.0,282.0,0.0
5339469123,荒川区,35.74479166666667,139.7703125,2303,1165,574.0,148.0,123.0,108.0,1152.0,575.0,473.0,0.0,294.0,846.0,0.0
5339469124,荒川区,35.74479166666667,139.7734375,1358,757,420.0,102.0,94.0,40.0,748.0,377.0,342.0,0.0,293.0,453.0,48.0
5339469131,荒川区,35.74687500000001,139.7640625,1391,740,388.0,92.0,121.0,52.0,729.0,367.0,323.0,0.0,323.0,402.0,0.0
5339469132,荒川区,35.74687500000001,139.7671875,885,444,199.0,43.0,62.0,29.0,435.0,257.0,166.0,0.0,212.0,219.0,0.0
5339469133,荒川区,35.74895833333334,139.7640625,1398,717,357.0,68.0,129.0,32.0,709.0,396.0,277.0,0.0,404.0,295.0,0.0
5339469134,荒川区,35.74895833333334,139.7671875,1083,553,297.0,57.0,91.0,42.0,541.0,273.0,242.0,0.0,263.0,268.0,0.0
5339469141,荒川区,35.74687500000001,139.7703125,1862,1000,530.0,157.0,111.0,67.0,984.0,469.0,454.0,0.0,244.0,731.0,43.0
5339469142,荒川区,35.74687500000001,139.7734375,1508,802,411.0,92.0,136.0,64.0,799.0,462.0,303.0,0.0,357.0,437.0,10.0
5339469143,荒川区,35.74895833333334,139.7703125,1133,512,213.0,41.0,75.0,73.0,510.0,300.0,187.0,0.0,168.0,330.0,72.0
5339469144,荒川区,35.74895833333334,139.7734375,1334,662,302.0,61.0,103.0,62.0,660.0,468.0,178.0,0.0,223.0,426.0,0.0
5339469211,荒川区,35.74270833333334,139.7765625,1753,993,553.0,99.0,192.0,37.0,990.0,508.0,434.0,0.0,496.0,484.0,0.0
5339469212,荒川区,35.74270833333334,139.77968750000002,2076,1062,501.0,89.0,179.0,69.0,1061.0,611.0,310.0,88.0,222.0,824.0,395.0
5339469213,荒川区,35.74479166666667,139.7765625,1454,826,475.0,123.0,128.0,44.0,776.0,346.0,369.0,0.0,294.0,471.0,0.0
5339469214,荒川区,35.74479166666667,139.77968750000002,1328,746,423.0,104.0,129.0,37.0,735.0,331.0,345.0,0.0,314.0,414.0,0.0
5339469221,荒川区,35.74270833333334,139.7828125,1775,1050,595.0,123.0,169.0,53.0,1046.0,482.0,499.0,0.0,173.0,871.0,0.0
5339469222,荒川区,35.74270833333334,139.78593750000002,165,112,81.0,39.0,6.0,7.0,112.0,15.0,88.0,0.0,20.0,92.0,0.0
5339469223,荒川区,35.74479166666667,139.7828125,1744,977,563.0,111.0,131.0,75.0,975.0,395.0,527.0,0.0,241.0,727.0,55.0
5339469224,荒川区,35.74479166666667,139.78593750000002,1084,521,230.0,36.0,72.0,42.0,521.0,281.0,212.0,0.0,237.0,277.0,0.0
5339469231,荒川区,35.74687500000001,139.7765625,1474,807,455.0,108.0,130.0,42.0,800.0,391.0,383.0,0.0,378.0,395.0,0.0
5339469232,荒川区,35.74687500000001,139.77968750000002,1845,961,516.0,91.0,175.0,57.0,959.0,495.0,416.0,0.0,454.0,498.0,0.0
5339469233,荒川区,35.74895833333334,139.7765625,1625,813,357.0,40.0,166.0,38.0,813.0,510.0,179.0,94.0,308.0,500.0,1.0
5339469234,荒川区,35.74895833333334,139.77968750000002,1791,925,467.0,87.0,167.0,61.0,924.0,524.0,341.0,0.0,472.0,434.0,0.0
5339469241,荒川区,35.74687500000001,139.7828125,2194,1185,634.0,144.0,150.0,81.0,1184.0,537.0,584.0,0.0,258.0,922.0,106.0
5339469242,荒川区,35.74687500000001,139.78593750000002,1506,830,454.0,69.0,175.0,40.0,830.0,321.0,242.0,219.0,219.0,601.0,0.0
5339469243,荒川区,35.74895833333334,139.7828125,1498,800,401.0,81.0,112.0,55.0,791.0,340.0,413.0,0.0,228.0,556.0,5.0
5339469244,荒川区,35.74895833333334,139.78593750000002,1967,946,456.0,135.0,109.0,69.0,930.0,388.0,425.0,37.0,185.0,736.0,31.0
5339469311,荒川区,35.74270833333334,139.7890625,17,14,,,,,,,,,,,
5339469312,足立区,35.74270833333334,139.7921875,603,236,85.0,12.0,11.0,65.0,248.0,182.0,59.0,0.0,1.0,247.0,119.0
5339469313,足立区,35.74479166666667,139.7890625,640,328,174.0,51.0,34.0,25.0,327.0,140.0,174.0,0.0,108.0,219.0,0.0
5339469314,足立区,35.74479166666667,139.7921875,921,494,259.0,50.0,77.0,19.0,494.0,240.0,238.0,0.0,236.0,255.0,0.0
5339469321,足立区,35.74270833333334,139.7953125,1409,550,171.0,22.0,19.0,141.0,550.0,427.0,108.0,0.0,32.0,518.0,367.0
5339469322,足立区,35.74270833333334,139.7984375,1420,838,511.0,147.0,65.0,45.0,837.0,316.0,473.0,0.0,189.0,648.0,0.0
5339469323,足立区,35.74479166666667,139.7953125,1082,566,293.0,80.0,60.0,38.0,566.0,293.0,231.0,0.0,189.0,374.0,0.0
5339469324,足立区,35.74479166666667,139.7984375,1450,863,517.0,168.0,58.0,34.0,817.0,356.0,399.0,0.0,171.0,645.0,53.0
5339469331,足立区,35.74687500000001,139.7890625,703,364,195.0,52.0,31.0,20.0,363.0,166.0,175.0,0.0,146.0,217.0,0.0
5339469332,足立区,35.74687500000001,139.7921875,1472,799,431.0,99.0,85.0,42.0,799.0,347.0,420.0,0.0,318.0,479.0,0.0
5339469333,荒川区,35.74895833333334,139.7890625,1429,510,127.0,15.0,64.0,39.0,510.0,451.0,50.0,0.0,128.0,382.0,0.0
5339469334,足立区,35.74895833333334,139.7921875,894,414,161.0,14.0,103.0,39.0,414.0,127.0,45.0,237.0,57.0,357.0,0.0
5339469341,足立区,35.74687500000001,139.7953125,1393,730,369.0,77.0,88.0,60.0,729.0,446.0,245.0,0.0,272.0,454.0,52.0
5339469342,足立区,35.74687500000001,139.7984375,1603,1077,755.0,227.0,76.0,29.0,1077.0,420.0,577.0,0.0,225.0,850.0,0.0
5339469343,足立区,35.74895833333334,139.7953125,860,516,326.0,74.0,36.0,23.0,507.0,184.0,289.0,0.0,151.0,349.0,0.0
5339469344,足立区,35.74895833333334,139.7984375,1266,754,489.0,116.0,58.0,33.0,745.0,306.0,339.0,0.0,207.0,537.0,0.0
5339469411,足立区,35.74270833333334,139.80156250000002,1631,971,583.0,128.0,106.0,36.0,970.0,447.0,489.0,0.0,211.0,759.0,0.0
5339469412,足立区,35.74270833333334,139.80468750000003,1062,465,151.0,15.0,49.0,77.0,452.0,357.0,69.0,0.0,96.0,355.0,100.0
5339469413,足立区,35.74479166666667,139.80156250000002,1854,1069,624.0,136.0,113.0,73.0,1066.0,554.0,457.0,0.0,327.0,739.0,0.0
5339469414,足立区,35.74479166666667,139.80468750000003,1436,787,496.0,150.0,102.0,26.0,777.0,375.0,333.0,0.0,285.0,489.0,17.0
5339469421,足立区,35.74270833333334,139.8078125,1852,773,177.0,8.0,94.0,42.0,769.0,701.0,52.0,10.0,4.0,764.0,58.0
5339469422,足立区,35.74270833333334,139.81093750000002,744,325,84.0,0.0,42.0,20.0,325.0,276.0,41.0,0.0,0.0,325.0,203.0
5339469423,足立区,35.74479166666667,139.8078125,1570,816,391.0,100.0,105.0,40.0,811.0,465.0,275.0,36.0,149.0,653.0,0.0
5339469424,足立区,35.74479166666667,139.81093750000002,1630,771,294.0,40.0,91.0,57.0,770.0,475.0,151.0,119.0,100.0,669.0,0.0
5339469431,足立区,35.74687500000001,139.80156250000002,1628,1105,778.0,170.0,66.0,35.0,1073.0,327.0,702.0,0.0,141.0,927.0,52.0
5339469432,足立区,35.74687500000001,139.80468750000003,718,486,343.0,85.0,51.0,6.0,480.0,146.0,298.0,0.0,144.0,334.0,0.0
5339469433,足立区,35.74895833333334,139.80156250000002,1067,603,337.0,58.0,66.0,18.0,601.0,320.0,256.0,0.0,187.0,410.0,0.0
5339469434,足立区,35.74895833333334,139.80468750000003,440,260,146.0,15.0,37.0,8.0,258.0,126.0,125.0,0.0,81.0,176.0,0.0
5339469441,足立区,35.74687500000001,139.8078125,870,532,342.0,47.0,70.0,13.0,528.0,236.0,268.0,0.0,191.0,332.0,0.0
5339469442,足立区,35.74687500000001,139.81093750000002,1716,956,517.0,86.0,144.0,38.0,953.0,358.0,341.0,215.0,343.0,605.0,0.0
5339469443,足立区,35.74895833333334,139.8078125,891,544,332.0,68.0,60.0,17.0,543.0,243.0,285.0,0.0,213.0,325.0,0.0
5339469444,足立区,35.74895833333334,139.81093750000002,1595,908,530.0,128.0,126.0,35.0,903.0,482.0,368.0,0.0,426.0,477.0,0.0
5339469511,足立区,35.74270833333334,139.8140625,1452,702,288.0,46.0,72.0,63.0,702.0,369.0,290.0,0.0,125.0,577.0,80.0
5339469512,足立区,35.74270833333334,139.81718750000002,489,243,122.0,13.0,22.0,9.0,203.0,139.0,60.0,0.0,49.0,154.0,0.0
5339469513,足立区,35.74479166666667,139.8140625,906,464,221.0,29.0,78.0,31.0,463.0,279.0,164.0,0.0,190.0,272.0,0.0
5339469514,足立区,35.74479166666667,139.81718750000002,256,150,88.0,17.0,27.0,5.0,150.0,85.0,57.0,0.0,93.0,57.0,0.0
5339469522,葛飾区,35.74270833333334,139.8234375,78,30,6.0,0.0,5.0,0.0,30.0,26.0,2.0,0.0,26.0,1.0,0.0
5339469524,葛飾区,35.74479166666667,139.8234375,631,328,158.0,37.0,55.0,10.0,326.0,181.0,137.0,0.0,161.0,137.0,0.0
5339469531,足立区,35.74687500000001,139.8140625,1246,765,488.0,137.0,122.0,31.0,765.0,350.0,337.0,0.0,363.0,394.0,0.0
5339469532,足立区,35.74687500000001,139.81718750000002,20,19,18.0,9.0,0.0,0.0,19.0,0.0,15.0,0.0,0.0,19.0,0.0
5339469533,足立区,35.74895833333334,139.8140625,649,376,237.0,66.0,68.0,12.0,374.0,183.0,166.0,0.0,204.0,169.0,0.0
5339469541,葛飾区,35.74687500000001,139.8203125,2,0,,,,,,,,,,,
5339469542,葛飾区,35.74687500000001,139.8234375,959,505,245.0,60.0,79.0,42.0,505.0,244.0,251.0,0.0,192.0,294.0,0.0
5339469543,葛飾区,35.74895833333334,139.8203125,26,16,9.0,3.0,1.0,2.0,16.0,3.0,13.0,0.0,3.0,13.0,0.0
5339469544,葛飾区,35.74895833333334,139.8234375,979,513,254.0,47.0,80.0,25.0,512.0,283.0,211.0,0.0,260.0,228.0,0.0
5339469611,葛飾区,35.74270833333334,139.8265625,1080,564,271.0,58.0,85.0,21.0,563.0,368.0,189.0,0.0,269.0,245.0,0.0
5339469612,葛飾区,35.74270833333334,139.8296875,1029,521,253.0,48.0,87.0,29.0,521.0,289.0,220.0,0.0,269.0,224.0,0.0
5339469613,葛飾区,35.74479166666667,139.8265625,1425,724,349.0,78.0,115.0,44.0,721.0,409.0,283.0,0.0,310.0,372.0,0.0
5339469614,葛飾区,35.74479166666667,139.8296875,1151,577,248.0,55.0,89.0,35.0,567.0,377.0,165.0,0.0,272.0,250.0,0.0
5339469621,葛飾区,35.74270833333334,139.8328125,1503,791,424.0,190.0,62.0,50.0,790.0,298.0,443.0,0.0,149.0,633.0,0.0
5339469622,葛飾区,35.74270833333334,139.8359375,1353,625,235.0,38.0,95.0,52.0,624.0,264.0,317.0,33.0,166.0,423.0,0.0
5339469623,葛飾区,35.74479166666667,139.8328125,1101,491,244.0,55.0,72.0,30.0,490.0,249.0,217.0,0.0,144.0,333.0,0.0
5339469624,葛飾区,35.74479166666667,139.8359375,946,432,170.0,45.0,42.0,39.0,429.0,258.0,144.0,0.0,237.0,171.0,0.0
5339469631,葛飾区,35.74687500000001,139.8265625,1104,656,402.0,105.0,107.0,18.0,650.0,249.0,379.0,0.0,201.0,422.0,0.0
5339469632,葛飾区,35.74687500000001,139.8296875,1307,665,310.0,89.0,82.0,24.0,664.0,363.0,262.0,0.0,208.0,415.0,0.0
5339469633,葛飾区,35.74895833333334,139.8265625,1102,578,296.0,65.0,84.0,24.0,576.0,294.0,268.0,0.0,207.0,356.0,0.0
5339469634,葛飾区,35.74895833333334,139.8296875,1300,731,433.0,114.0,121.0,31.0,728.0,329.0,371.0,0.0,292.0,414.0,0.0
5339469641,葛飾区,35.74687500000001,139.8328125,883,464,221.0,35.0,84.0,22.0,463.0,286.0,157.0,0.0,211.0,242.0,0.0
5339469642,葛飾区,35.74687500000001,139.8359375,1011,499,228.0,49.0,67.0,32.0,497.0,288.0,189.0,0.0,191.0,285.0,0.0
5339469643,葛飾区,35.74895833333334,139.8328125,1256,622,265.0,56.0,98.0,31.0,622.0,362.0,205.0,27.0,335.0,266.0,0.0
5339469644,葛飾区,35.74895833333334,139.8359375,1178,583,271.0,87.0,76.0,38.0,582.0,253.0,263.0,55.0,242.0,337.0,0.0
5339469711,葛飾区,35.74270833333334,139.8390625,806,376,168.0,27.0,50.0,20.0,374.0,195.0,169.0,0.0,186.0,172.0,0.0
5339469712,葛飾区,35.74270833333334,139.84218750000002,1210,555,220.0,28.0,48.0,49.0,553.0,320.0,155.0,0.0,78.0,472.0,0.0
5339469713,葛飾区,35.74479166666667,139.8390625,1079,490,183.0,46.0,52.0,44.0,489.0,277.0,190.0,0.0,200.0,280.0,0.0
5339469714,葛飾区,35.74479166666667,139.84218750000002,1307,483,132.0,7.0,60.0,44.0,483.0,268.0,109.0,100.0,114.0,356.0,0.0
5339469721,葛飾区,35.74270833333334,139.8453125,813,518,355.0,168.0,94.0,22.0,516.0,119.0,295.0,0.0,100.0,408.0,0.0
5339469722,葛飾区,35.74270833333334,139.84843750000002,394,251,165.0,45.0,13.0,12.0,246.0,58.0,182.0,0.0,35.0,205.0,0.0
5339469723,葛飾区,35.74479166666667,139.8453125,1343,640,285.0,58.0,88.0,47.0,629.0,334.0,269.0,0.0,164.0,463.0,0.0
5339469724,葛飾区,35.74479166666667,139.84843750000002,692,325,133.0,21.0,58.0,20.0,318.0,131.0,85.0,87.0,97.0,221.0,0.0
5339469731,葛飾区,35.74687500000001,139.8390625,1211,704,369.0,35.0,159.0,29.0,701.0,366.0,319.0,0.0,106.0,595.0,29.0
5339469732,葛飾区,35.74687500000001,139.84218750000002,1023,434,145.0,31.0,42.0,49.0,434.0,233.0,171.0,22.0,109.0,324.0,1.0
5339469733,葛飾区,35.74895833333334,139.8390625,1170,706,430.0,104.0,94.0,21.0,705.0,274.0,407.0,0.0,186.0,507.0,50.0
5339469734,葛飾区,35.74895833333334,139.84218750000002,1196,570,270.0,57.0,75.0,30.0,570.0,297.0,264.0,0.0,133.0,433.0,7.0
5339469741,葛飾区,35.74687500000001,139.8453125,1560,722,270.0,46.0,67.0,59.0,720.0,481.0,187.0,26.0,134.0,585.0,45.0
5339469742,葛飾区,35.74687500000001,139.84843750000002,1774,907,351.0,33.0,202.0,64.0,907.0,110.0,77.0,704.0,97.0,808.0,0.0
5339469743,葛飾区,35.74895833333334,139.8453125,1236,568,234.0,35.0,73.0,29.0,566.0,377.0,170.0,0.0,209.0,353.0,0.0
5339469744,葛飾区,35.74895833333334,139.84843750000002,1446,626,205.0,19.0,69.0,86.0,626.0,413.0,192.0,8.0,190.0,435.0,0.0
5339469811,葛飾区,35.74270833333334,139.8515625,1278,520,142.0,22.0,45.0,78.0,516.0,269.0,231.0,0.0,155.0,353.0,0.0
5339469812,葛飾区,35.74270833333334,139.8546875,915,499,276.0,57.0,79.0,27.0,495.0,204.0,274.0,0.0,148.0,334.0,0.0
5339469813,葛飾区,35.74479166666667,139.8515625,1315,691,350.0,79.0,107.0,29.0,688.0,357.0,276.0,23.0,357.0,315.0,0.0
5339469814,葛飾区,35.74479166666667,139.8546875,958,567,331.0,65.0,51.0,23.0,562.0,209.0,316.0,0.0,157.0,398.0,0.0
5339469821,葛飾区,35.74270833333334,139.8578125,426,260,162.0,38.0,28.0,8.0,260.0,73.0,169.0,7.0,69.0,187.0,0.0
5339469822,葛飾区,35.74270833333334,139.8609375,904,477,252.0,62.0,87.0,42.0,463.0,191.0,141.0,112.0,95.0,362.0,44.0
5339469823,葛飾区,35.74479166666667,139.8578125,354,203,115.0,25.0,26.0,15.0,203.0,85.0,114.0,0.0,72.0,107.0,0.0
5339469824,葛飾区,35.74479166666667,139.8609375,1273,595,236.0,79.0,38.0,86.0,592.0,342.0,228.0,0.0,80.0,505.0,190.0
5339469831,葛飾区,35.74687500000001,139.8515625,2279,1098,396.0,33.0,158.0,128.0,1098.0,144.0,60.0,817.0,16.0,1082.0,0.0
5339469832,葛飾区,35.74687500000001,139.8546875,1359,710,355.0,55.0,101.0,51.0,708.0,343.0,300.0,41.0,188.0,488.0,0.0
5339469833,葛飾区,35.74895833333334,139.8515625,944,453,192.0,30.0,62.0,36.0,453.0,201.0,139.0,77.0,93.0,352.0,0.0
5339469834,葛飾区,35.74895833333334,139.8546875,1244,590,240.0,30.0,86.0,47.0,587.0,328.0,236.0,0.0,195.0,363.0,0.0
5339469841,葛飾区,35.74687500000001,139.8578125,1022,642,415.0,196.0,59.0,27.0,627.0,191.0,341.0,0.0,172.0,451.0,63.0
5339469842,葛飾区,35.74687500000001,139.8609375,268,120,40.0,3.0,20.0,10.0,120.0,87.0,31.0,0.0,85.0,32.0,0.0
5339469843,葛飾区,35.74895833333334,139.8578125,1134,641,361.0,94.0,64.0,35.0,638.0,222.0,393.0,0.0,178.0,442.0,0.0
5339469844,葛飾区,35.74895833333334,139.8609375,564,300,163.0,23.0,49.0,24.0,291.0,139.0,144.0,0.0,139.0,148.0,0.0
5339469911,葛飾区,35.74270833333334,139.86406250000002,402,176,70.0,29.0,7.0,14.0,176.0,68.0,96.0,0.0,60.0,100.0,0.0
5339469912,葛飾区,35.74270833333334,139.86718750000003,1201,441,81.0,2.0,25.0,105.0,441.0,360.0,77.0,0.0,140.0,290.0,0.0
5339469913,葛飾区,35.74479166666667,139.86406250000002,463,190,65.0,10.0,12.0,22.0,189.0,107.0,71.0,0.0,37.0,150.0,0.0
5339469914,葛飾区,35.74479166666667,139.86718750000003,740,359,156.0,17.0,47.0,30.0,356.0,225.0,123.0,0.0,150.0,202.0,0.0
5339469921,葛飾区,35.74270833333334,139.8703125,836,376,138.0,19.0,33.0,37.0,374.0,136.0,228.0,0.0,135.0,230.0,0.0
5339469922,葛飾区,35.74270833333334,139.87343750000002,979,429,190.0,34.0,54.0,25.0,429.0,210.0,199.0,0.0,209.0,207.0,0.0
5339469923,葛飾区,35.74479166666667,139.8703125,1167,550,215.0,13.0,130.0,47.0,549.0,160.0,131.0,251.0,157.0,385.0,0.0
5339469924,葛飾区,35.74479166666667,139.87343750000002,1029,457,164.0,18.0,80.0,43.0,455.0,220.0,106.0,123.0,225.0,211.0,0.0
5339469931,葛飾区,35.74687500000001,139.86406250000002,393,188,76.0,15.0,33.0,15.0,188.0,87.0,82.0,7.0,77.0,103.0,0.0
5339469932,葛飾区,35.74687500000001,139.86718750000003,1062,532,248.0,54.0,54.0,51.0,528.0,226.0,292.0,0.0,166.0,356.0,0.0
5339469933,葛飾区,35.74895833333334,139.86406250000002,658,336,162.0,33.0,34.0,23.0,336.0,141.0,181.0,0.0,116.0,208.0,0.0
5339469934,葛飾区,35.74895833333334,139.86718750000003,1546,788,385.0,64.0,100.0,48.0,785.0,352.0,418.0,0.0,243.0,522.0,0.0
5339469941,葛飾区,35.74687500000001,139.8703125,846,472,259.0,20.0,142.0,21.0,469.0,144.0,140.0,173.0,101.0,365.0,0.0
5339469942,葛飾区,35.74687500000001,139.87343750000002,658,336,152.0,6.0,123.0,15.0,336.0,32.0,22.0,282.0,35.0,300.0,0.0
5339469943,葛飾区,35.74895833333334,139.8703125,1042,570,295.0,69.0,68.0,25.0,568.0,270.0,274.0,0.0,240.0,317.0,0.0
5339469944,葛飾区,35.74895833333334,139.87343750000002,196,89,30.0,0.0,9.0,2.0,89.0,59.0,25.0,0.0,61.0,28.0,0.0
5339470011,江戸川区,35.66770833333334,139.8765625,1287,853,626.0,210.0,44.0,35.0,853.0,159.0,636.0,0.0,119.0,731.0,0.0
5339470012,江戸川区,35.66770833333334,139.87968750000002,936,496,264.0,71.0,52.0,37.0,495.0,185.0,270.0,0.0,185.0,298.0,0.0
5339470013,江戸川区,35.66979166666667,139.8765625,1403,888,606.0,152.0,75.0,39.0,888.0,222.0,630.0,0.0,225.0,656.0,0.0
5339470014,江戸川区,35.66979166666667,139.87968750000002,1233,611,310.0,78.0,43.0,40.0,610.0,249.0,335.0,0.0,258.0,335.0,0.0
5339470021,江戸川区,35.66770833333334,139.8828125,724,343,232.0,38.0,41.0,20.0,344.0,158.0,166.0,0.0,168.0,169.0,0.0
5339470022,江戸川区,35.66770833333334,139.8859375,7,6,,,,,,,,,,,
5339470023,江戸川区,35.66979166666667,139.8828125,614,270,112.0,13.0,29.0,23.0,257.0,181.0,69.0,0.0,183.0,70.0,0.0
5339470024,江戸川区,35.66979166666667,139.8859375,56,56,,,,,,,,,,,
5339470031,江戸川区,35.67187500000001,139.8765625,1807,942,462.0,106.0,90.0,69.0,936.0,438.0,460.0,0.0,125.0,809.0,0.0
5339470032,江戸川区,35.67187500000001,139.87968750000002,1126,609,338.0,117.0,55.0,32.0,589.0,238.0,275.0,0.0,228.0,361.0,0.0
5339470033,江戸川区,35.67395833333334,139.8765625,967,441,196.0,34.0,44.0,29.0,441.0,232.0,186.0,0.0,143.0,287.0,0.0
5339470034,江戸川区,35.67395833333334,139.87968750000002,829,362,127.0,15.0,39.0,29.0,358.0,144.0,207.0,0.0,153.0,173.0,0.0
5339470041,江戸川区,35.67187500000001,139.8828125,918,386,122.0,13.0,51.0,35.0,386.0,221.0,62.0,95.0,236.0,148.0,0.0
5339470043,江戸川区,35.67395833333334,139.8828125,953,399,129.0,14.0,54.0,33.0,397.0,270.0,117.0,0.0,283.0,98.0,0.0
5339471011,江戸川区,35.67604166666667,139.8765625,648,295,119.0,8.0,45.0,19.0,295.0,165.0,118.0,0.0,165.0,110.0,0.0
5339471012,江戸川区,35.67604166666667,139.87968750000002,624,280,112.0,26.0,38.0,30.0,280.0,130.0,127.0,0.0,140.0,137.0,0.0
5339471013,江戸川区,35.678125,139.8765625,1099,468,141.0,10.0,81.0,23.0,468.0,376.0,68.0,0.0,406.0,52.0,0.0
5339471014,江戸川区,35.678125,139.87968750000002,559,262,118.0,28.0,18.0,7.0,262.0,152.0,90.0,0.0,160.0,102.0,0.0
5339471021,江戸川区,35.67604166666667,139.8828125,1133,476,153.0,18.0,64.0,38.0,471.0,331.0,129.0,0.0,342.0,116.0,0.0
5339471023,江戸川区,35.678125,139.8828125,1129,433,191.0,27.0,71.0,43.0,429.0,191.0,189.0,38.0,163.0,260.0,0.0
5339471024,江戸川区,35.678125,139.8859375,464,253,120.0,6.0,80.0,11.0,253.0,56.0,53.0,141.0,62.0,188.0,0.0
5339471031,江戸川区,35.68020833333334,139.8765625,1593,593,126.0,16.0,44.0,84.0,592.0,287.0,110.0,179.0,222.0,370.0,0.0
5339471032,江戸川区,35.68020833333334,139.87968750000002,1254,564,218.0,48.0,43.0,57.0,564.0,209.0,313.0,0.0,189.0,369.0,0.0
5339471033,江戸川区,35.68229166666667,139.8765625,908,312,79.0,13.0,16.0,47.0,310.0,158.0,129.0,0.0,69.0,241.0,0.0
5339471034,江戸川区,35.68229166666667,139.87968750000002,1136,520,230.0,48.0,38.0,37.0,519.0,167.0,330.0,0.0,44.0,468.0,0.0
5339471041,江戸川区,35.68020833333334,139.8828125,1489,653,221.0,31.0,82.0,77.0,644.0,330.0,192.0,77.0,128.0,482.0,0.0
5339471042,江戸川区,35.68020833333334,139.8859375,300,124,42.0,8.0,5.0,18.0,124.0,49.0,70.0,0.0,12.0,112.0,0.0
5339471043,江戸川区,35.68229166666667,139.8828125,1012,529,277.0,74.0,88.0,33.0,473.0,134.0,152.0,165.0,137.0,334.0,0.0
5339471044,江戸川区,35.68229166666667,139.8859375,508,230,80.0,12.0,31.0,14.0,229.0,76.0,72.0,74.0,75.0,153.0,0.0
5339471133,江戸川区,35.68229166666667,139.8890625,1008,487,212.0,78.0,48.0,47.0,484.0,257.0,187.0,0.0,229.0,255.0,0.0
5339471134,江戸川区,35.68229166666667,139.8921875,213,99,44.0,6.0,21.0,3.0,99.0,66.0,31.0,0.0,70.0,29.0,0.0
5339472011,江戸川区,35.684375,139.8765625,1092,505,203.0,54.0,32.0,52.0,505.0,207.0,250.0,0.0,160.0,342.0,0.0
5339472012,江戸川区,35.684375,139.87968750000002,810,447,264.0,71.0,33.0,17.0,445.0,155.0,258.0,0.0,154.0,291.0,0.0
5339472013,江戸川区,35.686458333333334,139.8765625,1333,536,176.0,24.0,34.0,57.0,533.0,249.0,254.0,0.0,166.0,363.0,0.0
5339472014,江戸川区,35.686458333333334,139.87968750000002,879,384,127.0,20.0,29.0,72.0,384.0,124.0,235.0,0.0,96.0,288.0,0.0
5339472021,江戸川区,35.684375,139.8828125,1817,871,372.0,66.0,106.0,89.0,867.0,372.0,291.0,171.0,149.0,714.0,0.0
5339472022,江戸川区,35.684375,139.8859375,723,324,106.0,14.0,38.0,33.0,323.0,124.0,126.0,57.0,106.0,216.0,0.0
5339472023,江戸川区,35.686458333333334,139.8828125,1159,695,435.0,100.0,69.0,62.0,685.0,127.0,509.0,0.0,62.0,623.0,0.0
5339472024,江戸川区,35.686458333333334,139.8859375,508,307,186.0,42.0,52.0,7.0,307.0,103.0,176.0,0.0,110.0,196.0,0.0
5339472031,江戸川区,35.68854166666667,139.8765625,859,345,125.0,17.0,47.0,17.0,337.0,194.0,125.0,0.0,174.0,148.0,0.0
5339472032,江戸川区,35.68854166666667,139.87968750000002,1089,557,261.0,73.0,75.0,44.0,542.0,233.0,276.0,0.0,241.0,300.0,0.0
5339472033,江戸川区,35.690625000000004,139.8765625,635,346,182.0,41.0,48.0,29.0,341.0,110.0,126.0,76.0,114.0,217.0,0.0
5339472034,江戸川区,35.690625000000004,139.87968750000002,943,477,221.0,48.0,59.0,28.0,477.0,217.0,236.0,0.0,224.0,236.0,0.0
5339472041,江戸川区,35.68854166666667,139.8828125,1114,619,344.0,79.0,76.0,27.0,619.0,266.0,310.0,0.0,243.0,374.0,0.0
5339472042,江戸川区,35.68854166666667,139.8859375,604,313,160.0,46.0,24.0,32.0,312.0,99.0,190.0,0.0,80.0,229.0,0.0
5339472043,江戸川区,35.690625000000004,139.8828125,1407,744,397.0,92.0,64.0,39.0,742.0,257.0,439.0,0.0,171.0,569.0,0.0
5339472044,江戸川区,35.690625000000004,139.8859375,802,385,163.0,19.0,37.0,32.0,384.0,214.0,153.0,0.0,167.0,217.0,0.0
5339472111,江戸川区,35.684375,139.8890625,1161,580,289.0,67.0,55.0,59.0,578.0,249.0,277.0,20.0,230.0,346.0,0.0
5339472112,江戸川区,35.684375,139.8921875,903,403,146.0,15.0,52.0,26.0,403.0,239.0,136.0,16.0,178.0,225.0,0.0
5339472113,江戸川区,35.686458333333334,139.8890625,1469,722,332.0,68.0,73.0,49.0,719.0,329.0,368.0,0.0,348.0,363.0,0.0
5339472114,江戸川区,35.686458333333334,139.8921875,1414,682,309.0,65.0,85.0,73.0,680.0,234.0,382.0,42.0,244.0,430.0,0.0
5339472121,江戸川区,35.684375,139.8953125,745,317,102.0,9.0,40.0,34.0,314.0,147.0,95.0,57.0,158.0,153.0,0.0
5339472122,江戸川区,35.684375,139.8984375,1127,492,184.0,27.0,59.0,48.0,476.0,325.0,111.0,26.0,308.0,166.0,0.0
5339472123,江戸川区,35.686458333333334,139.8953125,974,470,209.0,34.0,68.0,39.0,470.0,111.0,206.0,120.0,108.0,360.0,0.0
5339472124,江戸川区,35.686458333333334,139.8984375,1238,573,228.0,43.0,78.0,44.0,570.0,308.0,190.0,39.0,265.0,304.0,0.0
5339472131,江戸川区,35.68854166666667,139.8890625,1490,672,252.0,26.0,73.0,41.0,672.0,443.0,206.0,0.0,456.0,216.0,0.0
5339472132,江戸川区,35.68854166666667,139.8921875,1579,758,343.0,49.0,80.0,65.0,753.0,383.0,335.0,0.0,408.0,334.0,0.0
5339472133,江戸川区,35.690625000000004,139.8890625,1245,586,252.0,33.0,84.0,32.0,581.0,379.0,166.0,0.0,403.0,169.0,0.0
5339472134,江戸川区,35.690625000000004,139.8921875,1354,707,372.0,86.0,88.0,31.0,707.0,295.0,355.0,0.0,308.0,374.0,0.0
5339472141,江戸川区,35.68854166666667,139.8953125,1194,540,220.0,54.0,42.0,56.0,539.0,275.0,224.0,0.0,227.0,300.0,0.0
5339472142,江戸川区,35.68854166666667,139.8984375,855,419,186.0,26.0,48.0,37.0,416.0,192.0,200.0,0.0,188.0,222.0,0.0
5339472143,江戸川区,35.690625000000004,139.8953125,1360,650,276.0,53.0,52.0,97.0,646.0,271.0,322.0,0.0,247.0,389.0,0.0
5339472144,江戸川区,35.690625000000004,139.8984375,808,403,192.0,43.0,22.0,50.0,403.0,126.0,243.0,0.0,93.0,307.0,0.0
5339472211,江戸川区,35.684375,139.9015625,1793,758,257.0,3.0,161.0,43.0,758.0,367.0,8.0,377.0,51.0,707.0,0.0
5339472212,江戸川区,35.684375,139.90468750000002,159,38,9.0,2.0,5.0,5.0,38.0,29.0,9.0,0.0,28.0,10.0,0.0
5339472213,江戸川区,35.686458333333334,139.9015625,1279,557,198.0,14.0,79.0,34.0,556.0,349.0,191.0,0.0,278.0,268.0,0.0
5339472214,江戸川区,35.686458333333334,139.90468750000002,1188,529,195.0,18.0,98.0,22.0,521.0,384.0,112.0,0.0,408.0,98.0,0.0
5339472223,江戸川区,35.686458333333334,139.9078125,479,213,79.0,15.0,20.0,11.0,213.0,115.0,73.0,0.0,123.0,73.0,0.0
5339472231,江戸川区,35.68854166666667,139.9015625,1342,582,247.0,54.0,50.0,54.0,581.0,259.0,287.0,0.0,198.0,380.0,0.0
5339472232,江戸川区,35.68854166666667,139.90468750000002,1450,668,237.0,32.0,96.0,27.0,667.0,465.0,167.0,0.0,500.0,151.0,0.0
5339472233,江戸川区,35.690625000000004,139.9015625,934,416,170.0,42.0,24.0,39.0,416.0,212.0,151.0,0.0,182.0,234.0,0.0
5339472234,江戸川区,35.690625000000004,139.90468750000002,1181,527,185.0,19.0,44.0,54.0,524.0,262.0,208.0,0.0,270.0,248.0,0.0
5339472241,江戸川区,35.68854166666667,139.9078125,1014,453,163.0,22.0,54.0,45.0,451.0,250.0,173.0,0.0,281.0,168.0,0.0
5339472242,江戸川区,35.68854166666667,139.91093750000002,19,8,3.0,1.0,2.0,1.0,8.0,7.0,1.0,0.0,8.0,0.0,0.0
5339472243,江戸川区,35.690625000000004,139.9078125,1361,636,252.0,16.0,156.0,36.0,635.0,207.0,102.0,301.0,225.0,405.0,0.0
5339472244,江戸川区,35.690625000000004,139.91093750000002,682,237,34.0,5.0,13.0,56.0,237.0,0.0,0.0,62.0,2.0,235.0,0.0
5339473011,江戸川区,35.692708333333336,139.8765625,1075,463,161.0,20.0,60.0,25.0,462.0,316.0,124.0,0.0,237.0,221.0,0.0
5339473012,江戸川区,35.692708333333336,139.87968750000002,1177,463,119.0,23.0,42.0,66.0,462.0,264.0,173.0,0.0,158.0,298.0,0.0
5339473013,江戸川区,35.69479166666667,139.8765625,1349,557,189.0,11.0,78.0,43.0,535.0,386.0,127.0,0.0,249.0,274.0,0.0
5339473014,江戸川区,35.69479166666667,139.87968750000002,594,270,108.0,18.0,30.0,14.0,257.0,156.0,85.0,0.0,164.0,85.0,0.0
5339473021,江戸川区,35.692708333333336,139.8828125,1134,502,188.0,43.0,35.0,61.0,501.0,240.0,234.0,0.0,153.0,346.0,0.0
5339473022,江戸川区,35.692708333333336,139.8859375,549,278,130.0,9.0,43.0,7.0,277.0,171.0,101.0,0.0,178.0,97.0,0.0
5339473023,江戸川区,35.69479166666667,139.8828125,1199,501,158.0,26.0,48.0,33.0,500.0,347.0,135.0,0.0,285.0,209.0,0.0
5339473024,江戸川区,35.69479166666667,139.8859375,581,251,83.0,7.0,32.0,16.0,249.0,171.0,65.0,0.0,187.0,59.0,0.0
5339473031,江戸川区,35.696875000000006,139.8765625,685,311,140.0,16.0,29.0,20.0,247.0,176.0,62.0,0.0,171.0,70.0,0.0
5339473032,江戸川区,35.696875000000006,139.87968750000002,453,191,63.0,9.0,17.0,9.0,190.0,140.0,38.0,0.0,146.0,44.0,0.0
5339473033,江戸川区,35.69895833333334,139.8765625,844,343,111.0,15.0,45.0,23.0,343.0,211.0,113.0,0.0,224.0,115.0,0.0
5339473034,江戸川区,35.69895833333334,139.87968750000002,926,350,89.0,7.0,30.0,33.0,350.0,247.0,89.0,0.0,258.0,84.0,0.0
5339473041,江戸川区,35.696875000000006,139.8828125,532,208,50.0,13.0,8.0,21.0,201.0,117.0,71.0,0.0,123.0,58.0,0.0
5339473042,江戸川区,35.696875000000006,139.8859375,407,155,34.0,0.0,17.0,12.0,154.0,75.0,25.0,46.0,79.0,75.0,0.0
5339473043,江戸川区,35.69895833333334,139.8828125,664,273,88.0,8.0,30.0,28.0,273.0,198.0,64.0,0.0,214.0,58.0,0.0
5339473044,江戸川区,35.69895833333334,139.8859375,722,333,111.0,2.0,69.0,27.0,333.0,80.0,34.0,212.0,90.0,243.0,0.0
5339473111,江戸川区,35.692708333333336,139.8890625,1233,551,224.0,48.0,72.0,28.0,544.0,380.0,139.0,0.0,400.0,137.0,0.0
5339473112,江戸川区,35.692708333333336,139.8921875,874,395,155.0,34.0,37.0,28.0,394.0,237.0,128.0,0.0,250.0,139.0,0.0
5339473113,江戸川区,35.69479166666667,139.8890625,703,316,128.0,14.0,50.0,15.0,313.0,216.0,86.0,0.0,228.0,85.0,0.0
5339473114,江戸川区,35.69479166666667,139.8921875,1029,486,203.0,52.0,51.0,26.0,486.0,285.0,168.0,0.0,299.0,187.0,0.0
5339473121,江戸川区,35.692708333333336,139.8953125,959,511,284.0,66.0,25.0,45.0,511.0,179.0,284.0,0.0,172.0,333.0,0.0
5339473122,江戸川区,35.692708333333336,139.8984375,1127,707,457.0,81.0,47.0,40.0,682.0,125.0,520.0,0.0,110.0,571.0,0.0
5339473123,江戸川区,35.69479166666667,139.8953125,1036,482,193.0,45.0,25.0,46.0,482.0,152.0,298.0,0.0,108.0,372.0,0.0
5339473124,江戸川区,35.69479166666667,139.8984375,1639,864,459.0,102.0,54.0,65.0,860.0,176.0,599.0,0.0,108.0,749.0,0.0
5339473131,江戸川区,35.696875000000006,139.8890625,562,242,96.0,16.0,30.0,21.0,239.0,164.0,67.0,0.0,165.0,74.0,0.0
5339473132,江戸川区,35.696875000000006,139.8921875,1159,525,225.0,50.0,51.0,33.0,520.0,310.0,197.0,0.0,239.0,281.0,0.0
5339473133,江戸川区,35.69895833333334,139.8890625,830,369,171.0,41.0,29.0,35.0,367.0,180.0,168.0,0.0,146.0,217.0,0.0
5339473134,江戸川区,35.69895833333334,139.8921875,775,385,180.0,57.0,30.0,35.0,385.0,168.0,188.0,0.0,111.0,271.0,0.0
5339473141,江戸川区,35.696875000000006,139.8953125,1033,482,205.0,51.0,30.0,42.0,481.0,228.0,213.0,0.0,159.0,319.0,0.0
5339473142,江戸川区,35.696875000000006,139.8984375,1735,1001,614.0,217.0,60.0,61.0,990.0,228.0,646.0,0.0,167.0,819.0,0.0
5339473143,江戸川区,35.69895833333334,139.8953125,1303,594,314.0,98.0,43.0,32.0,590.0,308.0,231.0,0.0,290.0,299.0,0.0
5339473144,江戸川区,35.69895833333334,139.8984375,1516,659,216.0,31.0,41.0,59.0,656.0,359.0,262.0,0.0,174.0,479.0,0.0
5339473211,江戸川区,35.692708333333336,139.9015625,1537,677,260.0,41.0,41.0,65.0,676.0,303.0,311.0,0.0,187.0,480.0,0.0
5339473212,江戸川区,35.692708333333336,139.90468750000002,1201,452,114.0,17.0,22.0,69.0,452.0,155.0,238.0,0.0,139.0,308.0,0.0
5339473213,江戸川区,35.69479166666667,139.9015625,1449,678,300.0,89.0,37.0,60.0,673.0,225.0,401.0,0.0,105.0,567.0,0.0
5339473214,江戸川区,35.69479166666667,139.90468750000002,1049,417,116.0,17.0,31.0,49.0,416.0,228.0,149.0,0.0,168.0,248.0,0.0
5339473221,江戸川区,35.692708333333336,139.9078125,1376,535,115.0,6.0,59.0,40.0,532.0,334.0,44.0,143.0,149.0,375.0,0.0
5339473222,江戸川区,35.692708333333336,139.91093750000002,1005,435,114.0,2.0,70.0,29.0,435.0,345.0,5.0,76.0,0.0,435.0,0.0
5339473223,江戸川区,35.69479166666667,139.9078125,1321,531,173.0,24.0,65.0,61.0,525.0,323.0,183.0,0.0,338.0,178.0,0.0
5339473224,江戸川区,35.69479166666667,139.91093750000002,1081,418,96.0,12.0,24.0,38.0,389.0,71.0,37.0,270.0,72.0,316.0,0.0
5339473231,江戸川区,35.696875000000006,139.9015625,1585,686,256.0,51.0,41.0,70.0,681.0,394.0,236.0,0.0,175.0,506.0,0.0
5339473232,江戸川区,35.696875000000006,139.90468750000002,1265,513,144.0,17.0,44.0,57.0,511.0,285.0,192.0,0.0,258.0,246.0,0.0
5339473233,江戸川区,35.69895833333334,139.9015625,899,353,116.0,29.0,17.0,41.0,353.0,205.0,128.0,0.0,209.0,138.0,0.0
5339473234,江戸川区,35.69895833333334,139.90468750000002,1090,451,156.0,30.0,35.0,46.0,451.0,247.0,168.0,0.0,256.0,185.0,0.0
5339473241,江戸川区,35.696875000000006,139.9078125,1319,496,154.0,26.0,43.0,36.0,494.0,298.0,169.0,0.0,238.0,255.0,0.0
5339473242,江戸川区,35.696875000000006,139.91093750000002,1155,562,251.0,22.0,113.0,31.0,503.0,220.0,95.0,169.0,210.0,286.0,0.0
5339473243,江戸川区,35.69895833333334,139.9078125,1218,524,193.0,35.0,57.0,48.0,524.0,278.0,218.0,0.0,292.0,227.0,0.0
5339473244,江戸川区,35.69895833333334,139.91093750000002,1194,539,216.0,26.0,71.0,52.0,537.0,261.0,242.0,0.0,261.0,273.0,0.0
5339473313,江戸川区,35.69479166666667,139.9140625,107,42,10.0,1.0,7.0,7.0,42.0,41.0,0.0,0.0,42.0,0.0,0.0
5339473331,江戸川区,35.696875000000006,139.9140625,1274,575,202.0,0.0,150.0,33.0,574.0,161.0,20.0,390.0,154.0,419.0,0.0
5339473332,江戸川区,35.696875000000006,139.9171875,415,208,94.0,0.0,79.0,4.0,208.0,24.0,2.0,182.0,25.0,183.0,0.0
5339473333,江戸川区,35.69895833333334,139.9140625,1073,490,177.0,9.0,101.0,25.0,488.0,205.0,79.0,199.0,155.0,332.0,0.0
5339473334,江戸川区,35.69895833333334,139.9171875,103,54,22.0,0.0,15.0,0.0,54.0,2.0,0.0,50.0,3.0,51.0,0.0
5339474011,江戸川区,35.70104166666667,139.8765625,1119,480,148.0,11.0,57.0,31.0,472.0,356.0,93.0,0.0,273.0,197.0,0.0
5339474012,江戸川区,35.70104166666667,139.87968750000002,670,273,91.0,7.0,29.0,36.0,272.0,127.0,140.0,0.0,131.0,131.0,0.0
5339474013,江戸川区,35.703125,139.8765625,890,422,195.0,10.0,43.0,20.0,355.0,246.0,95.0,0.0,217.0,136.0,40.0
5339474014,江戸川区,35.703125,139.87968750000002,604,235,59.0,4.0,21.0,21.0,234.0,153.0,74.0,0.0,152.0,73.0,0.0
5339474021,江戸川区,35.70104166666667,139.8828125,804,315,83.0,8.0,24.0,47.0,313.0,197.0,111.0,0.0,207.0,106.0,0.0
5339474022,江戸川区,35.70104166666667,139.8859375,519,201,49.0,4.0,12.0,16.0,201.0,149.0,35.0,7.0,131.0,70.0,0.0
5339474023,江戸川区,35.703125,139.8828125,533,223,79.0,10.0,29.0,22.0,222.0,139.0,72.0,0.0,147.0,69.0,0.0
5339474024,江戸川区,35.703125,139.8859375,727,241,48.0,1.0,13.0,33.0,241.0,179.0,59.0,0.0,81.0,158.0,0.0
5339474031,江戸川区,35.70520833333334,139.8765625,1200,509,194.0,17.0,78.0,36.0,505.0,292.0,191.0,0.0,303.0,199.0,0.0
5339474032,江戸川区,35.70520833333334,139.87968750000002,1061,447,156.0,28.0,28.0,49.0,446.0,227.0,191.0,0.0,216.0,230.0,0.0
5339474033,江戸川区,35.70729166666667,139.8765625,1088,404,98.0,4.0,44.0,43.0,401.0,317.0,76.0,0.0,258.0,143.0,0.0
5339474034,江戸川区,35.70729166666667,139.87968750000002,756,265,77.0,10.0,29.0,26.0,264.0,191.0,65.0,0.0,165.0,98.0,0.0
5339474041,江戸川区,35.70520833333334,139.8828125,734,268,65.0,7.0,22.0,28.0,268.0,199.0,53.0,0.0,195.0,73.0,0.0
5339474042,江戸川区,35.70520833333334,139.8859375,579,202,44.0,8.0,17.0,26.0,196.0,146.0,42.0,0.0,139.0,57.0,0.0
5339474043,江戸川区,35.70729166666667,139.8828125,281,113,32.0,3.0,9.0,12.0,113.0,76.0,32.0,0.0,78.0,33.0,0.0
5339474044,江戸川区,35.70729166666667,139.8859375,559,264,147.0,25.0,22.0,14.0,259.0,113.0,121.0,0.0,122.0,136.0,0.0
5339474111,江戸川区,35.70104166666667,139.8890625,1011,407,130.0,27.0,27.0,39.0,407.0,187.0,201.0,0.0,143.0,264.0,34.0
5339474112,江戸川区,35.70104166666667,139.8921875,1060,467,192.0,65.0,11.0,44.0,467.0,236.0,203.0,0.0,74.0,393.0,0.0
5339474113,江戸川区,35.703125,139.8890625,983,385,120.0,11.0,33.0,36.0,381.0,234.0,132.0,0.0,151.0,228.0,0.0
5339474114,江戸川区,35.703125,139.8921875,1304,739,390.0,80.0,130.0,26.0,734.0,127.0,177.0,395.0,109.0,624.0,0.0
5339474121,江戸川区,35.70104166666667,139.8953125,676,267,71.0,11.0,18.0,31.0,267.0,160.0,83.0,0.0,110.0,155.0,0.0
5339474122,江戸川区,35.70104166666667,139.8984375,1013,470,216.0,57.0,24.0,46.0,449.0,225.0,187.0,0.0,27.0,422.0,0.0
5339474123,江戸川区,35.703125,139.8953125,815,338,111.0,18.0,27.0,34.0,336.0,185.0,141.0,0.0,193.0,132.0,0.0
5339474124,江戸川区,35.703125,139.8984375,304,143,60.0,17.0,8.0,20.0,142.0,52.0,78.0,0.0,60.0,81.0,0.0
5339474131,江戸川区,35.70520833333334,139.8890625,798,341,122.0,9.0,38.0,25.0,340.0,185.0,146.0,0.0,151.0,189.0,0.0
5339474132,江戸川区,35.70520833333334,139.8921875,1172,521,214.0,44.0,41.0,38.0,516.0,295.0,200.0,0.0,246.0,268.0,0.0
5339474133,江戸川区,35.70729166666667,139.8890625,781,361,161.0,41.0,32.0,24.0,345.0,157.0,183.0,0.0,86.0,252.0,0.0
5339474134,江戸川区,35.70729166666667,139.8921875,777,391,182.0,25.0,77.0,16.0,389.0,187.0,192.0,0.0,192.0,194.0,0.0
5339474141,江戸川区,35.70520833333334,139.8953125,1098,456,149.0,30.0,23.0,50.0,455.0,265.0,177.0,0.0,199.0,256.0,0.0
5339474142,江戸川区,35.70520833333334,139.8984375,600,292,142.0,44.0,43.0,15.0,290.0,141.0,142.0,0.0,147.0,141.0,0.0
5339474143,江戸川区,35.70729166666667,139.8953125,625,274,102.0,14.0,23.0,35.0,273.0,121.0,135.0,0.0,127.0,146.0,0.0
5339474144,江戸川区,35.70729166666667,139.8984375,825,388,160.0,35.0,40.0,22.0,388.0,213.0,161.0,0.0,233.0,147.0,0.0
5339474211,江戸川区,35.70104166666667,139.9015625,939,439,213.0,52.0,37.0,24.0,436.0,235.0,174.0,0.0,247.0,184.0,0.0
5339474212,江戸川区,35.70104166666667,139.90468750000002,716,301,90.0,14.0,29.0,20.0,300.0,188.0,96.0,0.0,201.0,99.0,0.0
5339474213,江戸川区,35.703125,139.9015625,485,260,134.0,24.0,23.0,22.0,260.0,81.0,156.0,0.0,93.0,157.0,0.0
5339474214,江戸川区,35.703125,139.90468750000002,588,286,141.0,41.0,17.0,20.0,285.0,141.0,121.0,0.0,141.0,142.0,0.0
5339474221,江戸川区,35.70104166666667,139.9078125,1302,580,230.0,38.0,55.0,44.0,573.0,286.0,247.0,0.0,230.0,340.0,0.0
5339474222,江戸川区,35.70104166666667,139.91093750000002,1513,639,226.0,32.0,61.0,64.0,638.0,298.0,287.0,0.0,299.0,327.0,0.0
5339474223,江戸川区,35.703125,139.9078125,861,362,167.0,36.0,40.0,42.0,355.0,192.0,151.0,0.0,152.0,194.0,0.0
5339474224,江戸川区,35.703125,139.91093750000002,962,453,189.0,25.0,41.0,56.0,452.0,195.0,230.0,0.0,211.0,218.0,0.0
5339474231,江戸川区,35.70520833333334,139.9015625,1164,552,238.0,77.0,36.0,40.0,549.0,237.0,248.0,0.0,162.0,371.0,116.0
5339474232,江戸川区,35.70520833333334,139.90468750000002,2244,1072,450.0,122.0,35.0,130.0,1068.0,364.0,560.0,0.0,14.0,1052.0,15.0
5339474233,江戸川区,35.70729166666667,139.9015625,1463,793,422.0,98.0,69.0,37.0,789.0,256.0,465.0,0.0,244.0,544.0,0.0
5339474234,江戸川区,35.70729166666667,139.90468750000002,1986,941,401.0,75.0,59.0,77.0,940.0,297.0,531.0,0.0,120.0,808.0,88.0
5339474241,江戸川区,35.70520833333334,139.9078125,989,444,163.0,46.0,29.0,78.0,442.0,194.0,198.0,0.0,48.0,393.0,0.0
5339474242,江戸川区,35.70520833333334,139.91093750000002,1225,463,112.0,23.0,22.0,66.0,452.0,399.0,30.0,0.0,136.0,314.0,0.0
5339474243,江戸川区,35.70729166666667,139.9078125,1356,664,296.0,46.0,65.0,89.0,663.0,248.0,347.0,0.0,229.0,424.0,0.0
5339474244,江戸川区,35.70729166666667,139.91093750000002,725,299,129.0,33.0,21.0,32.0,284.0,120.0,125.0,0.0,112.0,160.0,0.0
5339474311,江戸川区,35.70104166666667,139.9140625,1392,637,250.0,52.0,76.0,32.0,621.0,294.0,164.0,130.0,283.0,333.0,0.0
5339474312,江戸川区,35.70104166666667,139.9171875,216,26,18.0,3.0,8.0,0.0,26.0,7.0,18.0,0.0,9.0,17.0,0.0
5339474313,江戸川区,35.703125,139.9140625,1052,416,117.0,14.0,20.0,51.0,413.0,179.0,208.0,0.0,172.0,230.0,0.0
5339474331,江戸川区,35.70520833333334,139.9140625,241,105,28.0,4.0,6.0,15.0,107.0,46.0,54.0,0.0,46.0,61.0,0.0
5339474333,江戸川区,35.70729166666667,139.9140625,3,2,,,,,,,,,,,
5339475011,江戸川区,35.709375,139.8765625,1223,516,175.0,17.0,65.0,47.0,515.0,313.0,182.0,0.0,319.0,194.0,0.0
5339475012,江戸川区,35.709375,139.87968750000002,1023,398,104.0,11.0,30.0,48.0,394.0,214.0,166.0,0.0,225.0,167.0,0.0
5339475013,江戸川区,35.71145833333333,139.8765625,1028,401,123.0,10.0,57.0,25.0,398.0,301.0,81.0,0.0,324.0,73.0,0.0
5339475014,江戸川区,35.71145833333333,139.87968750000002,1020,436,152.0,24.0,48.0,22.0,429.0,251.0,161.0,0.0,268.0,161.0,0.0
5339475021,江戸川区,35.709375,139.8828125,558,233,84.0,13.0,28.0,26.0,231.0,152.0,67.0,0.0,163.0,66.0,0.0
5339475022,江戸川区,35.709375,139.8859375,493,209,73.0,21.0,11.0,25.0,209.0,115.0,90.0,0.0,123.0,85.0,0.0
5339475023,江戸川区,35.71145833333333,139.8828125,290,118,32.0,6.0,18.0,12.0,117.0,78.0,36.0,0.0,83.0,28.0,0.0
5339475024,江戸川区,35.71145833333333,139.8859375,694,283,99.0,15.0,25.0,26.0,282.0,142.0,117.0,0.0,156.0,121.0,0.0
5339475031,江戸川区,35.71354166666667,139.8765625,1100,478,160.0,16.0,62.0,36.0,478.0,374.0,83.0,0.0,387.0,90.0,0.0
5339475032,江戸川区,35.71354166666667,139.87968750000002,553,249,90.0,9.0,34.0,14.0,237.0,140.0,84.0,0.0,146.0,82.0,0.0
5339475033,江戸川区,35.715625,139.8765625,974,439,167.0,20.0,58.0,32.0,436.0,218.0,190.0,0.0,239.0,197.0,0.0
5339475034,江戸川区,35.715625,139.87968750000002,467,184,64.0,15.0,19.0,14.0,183.0,118.0,58.0,0.0,114.0,66.0,0.0
5339475041,江戸川区,35.71354166666667,139.8828125,328,132,34.0,2.0,19.0,13.0,132.0,109.0,17.0,0.0,117.0,15.0,0.0
5339475042,江戸川区,35.71354166666667,139.8859375,769,383,201.0,40.0,52.0,28.0,376.0,187.0,177.0,0.0,195.0,180.0,0.0
5339475043,江戸川区,35.715625,139.8828125,362,167,72.0,19.0,28.0,7.0,167.0,101.0,33.0,0.0,112.0,54.0,0.0
5339475044,江戸川区,35.715625,139.8859375,1073,470,169.0,26.0,51.0,28.0,465.0,258.0,174.0,0.0,277.0,181.0,0.0
5339475111,江戸川区,35.709375,139.8890625,620,307,153.0,44.0,25.0,21.0,307.0,110.0,184.0,0.0,111.0,195.0,0.0
5339475112,江戸川区,35.709375,139.8921875,858,411,198.0,33.0,62.0,34.0,401.0,128.0,260.0,0.0,132.0,263.0,0.0
5339475113,江戸川区,35.71145833333333,139.8890625,730,347,147.0,31.0,35.0,20.0,345.0,155.0,171.0,0.0,159.0,182.0,0.0
5339475114,江戸川区,35.71145833333333,139.8921875,909,385,147.0,28.0,30.0,37.0,384.0,173.0,187.0,0.0,143.0,231.0,0.0
5339475121,江戸川区,35.709375,139.8953125,264,119,44.0,10.0,15.0,16.0,118.0,61.0,47.0,0.0,67.0,51.0,0.0
5339475122,江戸川区,35.709375,139.8984375,1010,471,212.0,27.0,67.0,32.0,469.0,254.0,195.0,0.0,264.0,198.0,0.0
5339475123,江戸川区,35.71145833333333,139.8953125,1102,500,178.0,17.0,68.0,36.0,499.0,331.0,140.0,0.0,365.0,121.0,0.0
5339475124,江戸川区,35.71145833333333,139.8984375,1191,572,245.0,69.0,81.0,36.0,514.0,351.0,135.0,0.0,360.0,137.0,0.0
5339475131,江戸川区,35.71354166666667,139.8890625,872,374,160.0,42.0,28.0,38.0,366.0,152.0,191.0,0.0,174.0,192.0,0.0
5339475132,江戸川区,35.71354166666667,139.8921875,946,404,138.0,21.0,60.0,37.0,403.0,231.0,141.0,0.0,222.0,181.0,0.0
5339475133,江戸川区,35.715625,139.8890625,900,402,150.0,31.0,50.0,20.0,402.0,266.0,117.0,0.0,283.0,116.0,0.0
5339475134,江戸川区,35.715625,139.8921875,1130,411,200.0,27.0,54.0,26.0,411.0,192.0,208.0,0.0,204.0,207.0,0.0
5339475141,江戸川区,35.71354166666667,139.8953125,1015,490,202.0,33.0,71.0,15.0,487.0,331.0,145.0,0.0,346.0,136.0,0.0
5339475142,江戸川区,35.71354166666667,139.8984375,932,425,143.0,19.0,50.0,21.0,430.0,282.0,123.0,0.0,308.0,118.0,0.0
5339475143,江戸川区,35.715625,139.8953125,300,126,46.0,3.0,19.0,8.0,126.0,74.0,46.0,0.0,49.0,75.0,0.0
5339475144,江戸川区,35.715625,139.8984375,13,6,,,,,,,,,,,
5339475211,江戸川区,35.709375,139.9015625,1707,767,280.0,47.0,56.0,69.0,763.0,347.0,373.0,0.0,182.0,575.0,0.0
5339475212,江戸川区,35.709375,139.90468750000002,1346,642,275.0,71.0,46.0,54.0,640.0,252.0,340.0,0.0,225.0,410.0,0.0
5339475213,江戸川区,35.71145833333333,139.9015625,1332,595,202.0,32.0,51.0,58.0,594.0,276.0,284.0,0.0,258.0,335.0,0.0
5339475214,江戸川区,35.71145833333333,139.90468750000002,1045,517,241.0,46.0,63.0,23.0,516.0,257.0,240.0,0.0,265.0,242.0,0.0
5339475221,江戸川区,35.709375,139.9078125,941,472,231.0,65.0,38.0,48.0,467.0,147.0,286.0,0.0,149.0,306.0,0.0
5339475222,江戸川区,35.709375,139.91093750000002,256,122,51.0,14.0,8.0,10.0,122.0,64.0,52.0,0.0,67.0,52.0,0.0
5339475223,江戸川区,35.71145833333333,139.9078125,472,240,119.0,30.0,33.0,23.0,239.0,89.0,129.0,0.0,90.0,144.0,0.0
5339475231,江戸川区,35.71354166666667,139.9015625,535,250,91.0,23.0,24.0,11.0,249.0,136.0,88.0,0.0,141.0,89.0,0.0
5339475232,江戸川区,35.71354166666667,139.90468750000002,845,441,256.0,92.0,63.0,32.0,364.0,191.0,149.0,0.0,195.0,162.0,0.0
5339475233,江戸川区,35.715625,139.9015625,198,90,39.0,4.0,14.0,9.0,88.0,39.0,40.0,0.0,43.0,41.0,0.0
5339475234,江戸川区,35.715625,139.90468750000002,12,6,,,,,,,,,,,
5339475241,江戸川区,35.71354166666667,139.9078125,9,5,2.0,0.0,1.0,0.0,5.0,1.0,4.0,0.0,1.0,4.0,0.0
5339476011,江戸川区,35.717708333333334,139.8765625,215,94,38.0,2.0,23.0,5.0,93.0,66.0,26.0,0.0,66.0,27.0,0.0
5339476012,江戸川区,35.717708333333334,139.87968750000002,482,194,54.0,2.0,30.0,15.0,191.0,150.0,33.0,0.0,161.0,24.0,0.0
5339476013,江戸川区,35.719791666666666,139.8765625,728,324,102.0,11.0,37.0,21.0,323.0,181.0,137.0,0.0,191.0,130.0,0.0
5339476014,江戸川区,35.719791666666666,139.87968750000002,316,135,50.0,8.0,20.0,15.0,133.0,87.0,42.0,0.0,91.0,39.0,0.0
5339476021,江戸川区,35.717708333333334,139.8828125,802,348,115.0,11.0,42.0,40.0,348.0,185.0,148.0,0.0,190.0,156.0,0.0
5339476022,江戸川区,35.717708333333334,139.8859375,883,369,115.0,22.0,31.0,42.0,369.0,200.0,139.0,0.0,206.0,161.0,0.0
5339476023,江戸川区,35.719791666666666,139.8828125,831,355,117.0,2.0,51.0,31.0,345.0,237.0,97.0,0.0,246.0,92.0,0.0
5339476024,江戸川区,35.719791666666666,139.8859375,1490,654,225.0,14.0,102.0,54.0,653.0,375.0,254.0,0.0,394.0,251.0,0.0
5339476031,江戸川区,35.721875000000004,139.8765625,1077,471,174.0,27.0,65.0,32.0,470.0,319.0,145.0,0.0,328.0,139.0,0.0
5339476032,江戸川区,35.721875000000004,139.87968750000002,487,214,80.0,6.0,42.0,22.0,214.0,119.0,87.0,0.0,123.0,88.0,0.0
5339476033,江戸川区,35.723958333333336,139.8765625,616,282,115.0,15.0,35.0,21.0,282.0,173.0,99.0,0.0,178.0,103.0,0.0
5339476034,江戸川区,35.723958333333336,139.87968750000002,739,304,112.0,13.0,28.0,49.0,303.0,115.0,83.0,0.0,114.0,182.0,0.0
5339476041,江戸川区,35.721875000000004,139.8828125,1404,648,270.0,26.0,127.0,37.0,634.0,338.0,271.0,1.0,349.0,285.0,0.0
5339476042,江戸川区,35.721875000000004,139.8859375,1469,608,190.0,36.0,69.0,56.0,591.0,385.0,185.0,0.0,402.0,189.0,0.0
5339476043,江戸川区,35.723958333333336,139.8828125,1503,716,317.0,46.0,93.0,48.0,713.0,341.0,287.0,10.0,237.0,467.0,0.0
5339476044,江戸川区,35.723958333333336,139.8859375,1219,547,203.0,31.0,74.0,43.0,545.0,336.0,186.0,0.0,334.0,208.0,0.0
5339476111,江戸川区,35.717708333333334,139.8890625,1308,540,179.0,13.0,80.0,30.0,539.0,378.0,138.0,0.0,402.0,124.0,0.0
5339476112,江戸川区,35.717708333333334,139.8921875,916,388,134.0,13.0,60.0,38.0,385.0,267.0,104.0,0.0,278.0,106.0,0.0
5339476113,江戸川区,35.719791666666666,139.8890625,1268,565,217.0,23.0,112.0,18.0,562.0,251.0,137.0,163.0,267.0,287.0,0.0
5339476114,江戸川区,35.719791666666666,139.8921875,1288,573,201.0,29.0,70.0,42.0,570.0,380.0,176.0,0.0,337.0,228.0,0.0
5339476121,江戸川区,35.717708333333334,139.8953125,1224,441,98.0,4.0,44.0,36.0,441.0,280.0,153.0,0.0,280.0,154.0,0.0
5339476122,江戸川区,35.717708333333334,139.8984375,675,259,75.0,8.0,26.0,23.0,258.0,182.0,70.0,0.0,186.0,67.0,0.0
5339476123,江戸川区,35.719791666666666,139.8953125,1063,413,118.0,11.0,57.0,37.0,407.0,232.0,151.0,0.0,249.0,154.0,0.0
5339476124,江戸川区,35.719791666666666,139.8984375,270,110,35.0,11.0,8.0,11.0,110.0,71.0,35.0,0.0,75.0,35.0,0.0
5339476131,江戸川区,35.721875000000004,139.8890625,981,444,164.0,19.0,81.0,31.0,437.0,273.0,122.0,31.0,286.0,151.0,0.0
5339476132,江戸川区,35.721875000000004,139.8921875,1216,533,205.0,31.0,56.0,50.0,533.0,245.0,276.0,0.0,263.0,258.0,0.0
5339476133,江戸川区,35.723958333333336,139.8890625,947,475,237.0,41.0,72.0,23.0,475.0,194.0,212.0,45.0,189.0,284.0,0.0
5339476134,江戸川区,35.723958333333336,139.8921875,1139,501,187.0,23.0,67.0,50.0,499.0,301.0,151.0,0.0,317.0,172.0,0.0
5339476141,江戸川区,35.721875000000004,139.8953125,811,334,106.0,12.0,38.0,25.0,331.0,212.0,115.0,0.0,216.0,105.0,0.0
5339476143,江戸川区,35.723958333333336,139.8953125,562,232,69.0,11.0,19.0,19.0,228.0,147.0,74.0,0.0,149.0,78.0,0.0
5339477011,江戸川区,35.72604166666667,139.8765625,447,205,82.0,7.0,39.0,16.0,203.0,133.0,63.0,0.0,143.0,60.0,0.0
5339477012,江戸川区,35.72604166666667,139.87968750000002,1173,562,237.0,34.0,91.0,33.0,557.0,348.0,188.0,0.0,323.0,229.0,0.0
5339477013,江戸川区,35.728125,139.8765625,657,381,234.0,47.0,65.0,14.0,380.0,144.0,223.0,0.0,155.0,225.0,0.0
5339477014,江戸川区,35.728125,139.87968750000002,1412,796,445.0,81.0,139.0,29.0,794.0,333.0,428.0,0.0,316.0,455.0,0.0
5339477021,江戸川区,35.72604166666667,139.8828125,1727,1015,624.0,131.0,122.0,37.0,1010.0,337.0,617.0,0.0,249.0,752.0,0.0
5339477022,江戸川区,35.72604166666667,139.8859375,1623,764,336.0,54.0,107.0,64.0,760.0,379.0,341.0,0.0,301.0,454.0,0.0
5339477023,江戸川区,35.728125,139.8828125,1373,807,487.0,99.0,111.0,42.0,800.0,278.0,472.0,0.0,215.0,569.0,0.0
5339477024,江戸川区,35.728125,139.8859375,1484,807,435.0,109.0,107.0,47.0,806.0,341.0,408.0,0.0,299.0,500.0,0.0
5339477031,江戸川区,35.73020833333334,139.8765625,1048,591,319.0,73.0,92.0,25.0,585.0,259.0,308.0,0.0,223.0,354.0,0.0
5339477032,江戸川区,35.73020833333334,139.87968750000002,1050,656,426.0,98.0,102.0,21.0,653.0,212.0,408.0,0.0,223.0,424.0,0.0
5339477033,江戸川区,35.73229166666667,139.8765625,1427,856,559.0,132.0,123.0,43.0,848.0,269.0,530.0,0.0,221.0,619.0,0.0
5339477034,江戸川区,35.73229166666667,139.87968750000002,949,583,369.0,112.0,82.0,23.0,540.0,195.0,311.0,0.0,156.0,383.0,0.0
5339477041,江戸川区,35.73020833333334,139.8828125,1475,921,592.0,144.0,114.0,37.0,917.0,292.0,558.0,0.0,249.0,665.0,19.0
5339477042,江戸川区,35.73020833333334,139.8859375,1436,842,510.0,103.0,146.0,36.0,840.0,305.0,501.0,0.0,230.0,603.0,0.0
5339477043,江戸川区,35.73229166666667,139.8828125,1354,699,326.0,41.0,86.0,82.0,696.0,386.0,267.0,0.0,109.0,585.0,199.0
5339477044,江戸川区,35.73229166666667,139.8859375,1405,846,528.0,152.0,109.0,48.0,844.0,266.0,510.0,0.0,230.0,610.0,0.0
5339477111,江戸川区,35.72604166666667,139.8890625,1228,598,272.0,33.0,105.0,31.0,597.0,381.0,194.0,0.0,347.0,249.0,0.0
5339477112,江戸川区,35.72604166666667,139.8921875,888,407,168.0,30.0,62.0,33.0,399.0,238.0,146.0,0.0,238.0,158.0,0.0
5339477113,江戸川区,35.728125,139.8890625,967,489,250.0,60.0,78.0,26.0,478.0,243.0,208.0,0.0,244.0,231.0,0.0
5339477114,江戸川区,35.728125,139.8921875,474,245,113.0,20.0,47.0,15.0,245.0,110.0,128.0,0.0,118.0,126.0,0.0
5339477121,江戸川区,35.72604166666667,139.8953125,253,113,51.0,4.0,15.0,9.0,113.0,57.0,53.0,0.0,61.0,46.0,0.0
5339477123,江戸川区,35.728125,139.8953125,13,6,3.0,0.0,1.0,0.0,6.0,4.0,2.0,0.0,5.0,1.0,0.0
5339477131,江戸川区,35.73020833333334,139.8890625,1451,695,299.0,60.0,74.0,72.0,691.0,416.0,207.0,0.0,237.0,426.0,0.0
5339477132,江戸川区,35.73020833333334,139.8921875,995,466,191.0,40.0,65.0,38.0,466.0,263.0,157.0,0.0,268.0,190.0,0.0
5339477133,江戸川区,35.73229166666667,139.8890625,1149,627,317.0,58.0,79.0,36.0,622.0,297.0,295.0,0.0,259.0,361.0,0.0
5339477134,江戸川区,35.73229166666667,139.8921875,1111,549,265.0,36.0,86.0,31.0,549.0,297.0,232.0,0.0,243.0,295.0,0.0
5339477141,江戸川区,35.73020833333334,139.8953125,3,1,,,,,,,,,,,
5339477143,江戸川区,35.73229166666667,139.8953125,226,106,41.0,13.0,12.0,5.0,107.0,64.0,36.0,0.0,68.0,37.0,0.0
5339478011,江戸川区,35.73437500000001,139.8765625,1661,952,545.0,117.0,108.0,48.0,947.0,360.0,530.0,0.0,233.0,703.0,0.0
5339478012,江戸川区,35.73437500000001,139.87968750000002,1891,1051,578.0,99.0,144.0,58.0,1050.0,461.0,526.0,0.0,150.0,888.0,129.0
5339478013,江戸川区,35.73645833333334,139.8765625,1052,549,273.0,63.0,73.0,25.0,548.0,250.0,272.0,0.0,233.0,304.0,0.0
5339478014,江戸川区,35.73645833333334,139.87968750000002,1468,833,474.0,109.0,134.0,43.0,832.0,239.0,483.0,45.0,171.0,660.0,0.0
5339478021,江戸川区,35.73437500000001,139.8828125,1560,828,401.0,53.0,88.0,68.0,825.0,425.0,343.0,0.0,42.0,780.0,299.0
5339478022,江戸川区,35.73437500000001,139.8859375,1611,970,626.0,131.0,103.0,44.0,962.0,393.0,498.0,0.0,198.0,760.0,0.0
5339478023,江戸川区,35.73645833333334,139.8828125,1603,893,508.0,79.0,108.0,45.0,892.0,364.0,479.0,0.0,177.0,710.0,0.0
5339478024,江戸川区,35.73645833333334,139.8859375,1338,802,498.0,97.0,105.0,33.0,798.0,354.0,392.0,0.0,172.0,625.0,0.0
5339478031,葛飾区,35.73854166666668,139.8765625,1227,621,297.0,55.0,96.0,53.0,621.0,301.0,303.0,0.0,241.0,364.0,0.0
5339478032,江戸川区,35.73854166666668,139.87968750000002,1780,853,397.0,87.0,99.0,38.0,851.0,468.0,327.0,0.0,294.0,537.0,0.0
5339478033,葛飾区,35.74062500000001,139.8765625,1214,552,202.0,32.0,60.0,35.0,551.0,366.0,171.0,1.0,202.0,344.0,0.0
5339478034,葛飾区,35.74062500000001,139.87968750000002,1398,753,399.0,76.0,108.0,49.0,750.0,239.0,380.0,87.0,152.0,593.0,0.0
5339478041,江戸川区,35.73854166666668,139.8828125,2180,1139,592.0,131.0,114.0,79.0,1138.0,576.0,520.0,0.0,168.0,968.0,81.0
5339478042,江戸川区,35.73854166666668,139.8859375,1321,695,349.0,91.0,90.0,41.0,691.0,335.0,312.0,0.0,311.0,377.0,0.0
5339478043,江戸川区,35.74062500000001,139.8828125,1527,834,426.0,62.0,131.0,56.0,833.0,328.0,467.0,0.0,123.0,705.0,0.0
5339478044,江戸川区,35.74062500000001,139.8859375,1102,570,296.0,60.0,85.0,34.0,567.0,274.0,256.0,0.0,203.0,363.0,0.0
5339478111,江戸川区,35.73437500000001,139.8890625,1158,647,358.0,89.0,100.0,33.0,640.0,300.0,305.0,0.0,257.0,378.0,0.0
5339478112,江戸川区,35.73437500000001,139.8921875,1639,885,470.0,88.0,119.0,43.0,883.0,467.0,383.0,0.0,259.0,624.0,0.0
5339478113,江戸川区,35.73645833333334,139.8890625,1031,551,290.0,53.0,63.0,31.0,546.0,233.0,284.0,0.0,209.0,332.0,0.0
5339478114,江戸川区,35.73645833333334,139.8921875,1169,572,277.0,72.0,63.0,59.0,571.0,252.0,250.0,38.0,106.0,464.0,0.0
5339478121,江戸川区,35.73437500000001,139.8953125,609,286,119.0,30.0,32.0,37.0,286.0,178.0,78.0,0.0,135.0,148.0,0.0
5339478123,江戸川区,35.73645833333334,139.8953125,941,452,194.0,53.0,45.0,27.0,429.0,230.0,168.0,0.0,196.0,233.0,0.0
5339478131,江戸川区,35.73854166666668,139.8890625,1244,645,326.0,66.0,79.0,57.0,644.0,291.0,327.0,0.0,228.0,406.0,0.0
5339478132,江戸川区,35.73854166666668,139.8921875,1175,597,299.0,63.0,64.0,38.0,595.0,282.0,281.0,0.0,303.0,276.0,0.0
5339478133,江戸川区,35.74062500000001,139.8890625,1234,675,394.0,81.0,91.0,31.0,673.0,255.0,386.0,0.0,263.0,406.0,0.0
5339478134,江戸川区,35.74062500000001,139.8921875,1287,680,409.0,88.0,80.0,40.0,679.0,259.0,389.0,0.0,257.0,417.0,0.0
5339478141,江戸川区,35.73854166666668,139.8953125,1318,691,368.0,81.0,84.0,50.0,687.0,309.0,349.0,0.0,289.0,395.0,0.0
5339478143,江戸川区,35.74062500000001,139.8953125,1287,606,271.0,64.0,60.0,66.0,603.0,321.0,250.0,0.0,282.0,318.0,0.0
5339479011,葛飾区,35.74270833333334,139.8765625,1200,528,180.0,30.0,60.0,49.0,528.0,253.0,268.0,0.0,207.0,284.0,0.0
5339479012,葛飾区,35.74270833333334,139.87968750000002,1166,595,288.0,55.0,75.0,36.0,594.0,258.0,297.0,14.0,245.0,345.0,0.0
5339479013,葛飾区,35.74479166666667,139.8765625,1255,618,273.0,47.0,107.0,45.0,618.0,277.0,255.0,74.0,235.0,381.0,0.0
5339479014,葛飾区,35.74479166666667,139.87968750000002,995,528,267.0,71.0,78.0,24.0,526.0,267.0,221.0,24.0,275.0,245.0,0.0
5339479021,江戸川区,35.74270833333334,139.8828125,1802,969,528.0,67.0,136.0,58.0,968.0,398.0,501.0,0.0,115.0,850.0,0.0
5339479022,江戸川区,35.74270833333334,139.8859375,942,499,256.0,39.0,78.0,26.0,497.0,257.0,224.0,0.0,184.0,313.0,0.0
5339479023,江戸川区,35.74479166666667,139.8828125,1327,698,365.0,118.0,93.0,49.0,681.0,360.0,296.0,0.0,304.0,348.0,0.0
5339479024,江戸川区,35.74479166666667,139.8859375,1188,600,294.0,76.0,84.0,32.0,600.0,292.0,285.0,0.0,303.0,296.0,0.0
5339479031,葛飾区,35.74687500000001,139.8765625,976,461,197.0,35.0,73.0,36.0,459.0,226.0,195.0,23.0,218.0,234.0,0.0
5339479032,葛飾区,35.74687500000001,139.87968750000002,1123,534,214.0,35.0,75.0,32.0,530.0,327.0,185.0,6.0,314.0,188.0,0.0
5339479033,葛飾区,35.74895833333334,139.8765625,947,420,137.0,18.0,47.0,46.0,419.0,244.0,156.0,0.0,197.0,221.0,0.0
5339479034,葛飾区,35.74895833333334,139.87968750000002,1353,587,185.0,27.0,59.0,48.0,586.0,387.0,170.0,14.0,228.0,348.0,0.0
5339479041,葛飾区,35.74687500000001,139.8828125,1116,522,209.0,33.0,79.0,35.0,519.0,349.0,156.0,0.0,338.0,151.0,0.0
5339479042,江戸川区,35.74687500000001,139.8859375,722,338,155.0,26.0,52.0,19.0,337.0,150.0,175.0,0.0,156.0,174.0,0.0
5339479043,江戸川区,35.74895833333334,139.8828125,1542,693,266.0,59.0,69.0,56.0,693.0,421.0,244.0,0.0,321.0,368.0,0.0
5339479044,江戸川区,35.74895833333334,139.8859375,994,392,96.0,13.0,46.0,32.0,391.0,244.0,129.0,0.0,260.0,131.0,0.0
5339479111,江戸川区,35.74270833333334,139.8890625,955,448,205.0,35.0,57.0,51.0,448.0,226.0,212.0,0.0,216.0,226.0,0.0
5339479112,江戸川区,35.74270833333334,139.8921875,1101,463,142.0,12.0,52.0,50.0,461.0,286.0,159.0,0.0,251.0,208.0,0.0
5339479113,江戸川区,35.74479166666667,139.8890625,1220,570,245.0,50.0,89.0,41.0,570.0,305.0,231.0,11.0,317.0,248.0,0.0
5339479114,江戸川区,35.74479166666667,139.8921875,943,438,192.0,49.0,60.0,34.0,437.0,229.0,172.0,0.0,236.0,198.0,0.0
5339479121,江戸川区,35.74270833333334,139.8953125,793,385,187.0,26.0,66.0,28.0,384.0,201.0,172.0,0.0,212.0,171.0,0.0
5339479123,江戸川区,35.74479166666667,139.8953125,158,55,24.0,3.0,4.0,5.0,55.0,26.0,29.0,0.0,27.0,28.0,0.0
5339479131,江戸川区,35.74687500000001,139.8890625,838,347,117.0,11.0,52.0,39.0,344.0,229.0,89.0,0.0,233.0,110.0,0.0
5339479132,江戸川区,35.74687500000001,139.8921875,43,19,6.0,0.0,4.0,0.0,18.0,18.0,0.0,0.0,17.0,1.0,0.0
5339479133,江戸川区,35.74895833333334,139.8890625,49,20,7.0,0.0,2.0,3.0,20.0,7.0,13.0,0.0,7.0,13.0,0.0
5339540521,練馬区,35.751041666666666,139.5703125,842,399,155.0,31.0,30.0,31.0,399.0,175.0,209.0,0.0,154.0,221.0,0.0
5339540522,練馬区,35.751041666666666,139.5734375,960,418,142.0,26.0,31.0,46.0,417.0,128.0,266.0,0.0,134.0,281.0,0.0
5339540523,練馬区,35.753125,139.5703125,825,407,179.0,34.0,23.0,20.0,390.0,152.0,220.0,0.0,128.0,245.0,0.0
5339540524,練馬区,35.753125,139.5734375,915,383,114.0,9.0,45.0,44.0,383.0,237.0,124.0,0.0,255.0,107.0,0.0
5339540532,練馬区,35.755208333333336,139.56718750000002,621,308,137.0,30.0,31.0,37.0,305.0,163.0,131.0,0.0,172.0,130.0,0.0
5339540534,練馬区,35.75729166666667,139.56718750000002,725,290,90.0,13.0,28.0,17.0,280.0,177.0,99.0,0.0,187.0,93.0,0.0
5339540541,練馬区,35.755208333333336,139.5703125,856,412,198.0,15.0,57.0,26.0,409.0,236.0,162.0,0.0,227.0,173.0,0.0
5339540542,練馬区,35.755208333333336,139.5734375,877,303,51.0,4.0,26.0,40.0,303.0,187.0,103.0,0.0,169.0,113.0,0.0
5339540543,練馬区,35.75729166666667,139.5703125,789,318,101.0,9.0,38.0,18.0,315.0,229.0,75.0,0.0,252.0,55.0,0.0
5339540544,練馬区,35.75729166666667,139.5734375,692,267,52.0,4.0,26.0,26.0,266.0,204.0,46.0,0.0,222.0,36.0,0.0
5339540611,練馬区,35.751041666666666,139.5765625,722,312,89.0,12.0,26.0,29.0,312.0,158.0,127.0,0.0,141.0,152.0,0.0
5339540612,練馬区,35.751041666666666,139.5796875,584,281,119.0,24.0,32.0,19.0,281.0,136.0,122.0,0.0,152.0,119.0,0.0
5339540613,練馬区,35.753125,139.5765625,948,393,120.0,23.0,37.0,33.0,393.0,267.0,109.0,0.0,296.0,75.0,0.0
5339540614,練馬区,35.753125,139.5796875,1156,559,255.0,51.0,72.0,42.0,558.0,280.0,237.0,0.0,274.0,275.0,0.0
5339540621,練馬区,35.751041666666666,139.5828125,1154,619,371.0,107.0,64.0,43.0,619.0,232.0,349.0,0.0,220.0,390.0,0.0
5339540622,練馬区,35.751041666666666,139.5859375,1250,749,473.0,74.0,77.0,35.0,745.0,338.0,384.0,0.0,57.0,679.0,166.0
5339540623,練馬区,35.753125,139.5828125,980,550,326.0,52.0,73.0,26.0,550.0,239.0,286.0,3.0,192.0,343.0,0.0
5339540624,練馬区,35.753125,139.5859375,846,522,333.0,80.0,57.0,21.0,517.0,176.0,312.0,0.0,120.0,394.0,0.0
5339540631,練馬区,35.755208333333336,139.5765625,816,343,103.0,10.0,42.0,34.0,336.0,208.0,123.0,0.0,188.0,113.0,0.0
5339540632,練馬区,35.755208333333336,139.5796875,588,295,132.0,17.0,41.0,12.0,295.0,172.0,110.0,0.0,178.0,110.0,0.0
5339540633,練馬区,35.75729166666667,139.5765625,495,191,58.0,7.0,20.0,7.0,191.0,128.0,57.0,0.0,129.0,54.0,0.0
5339540634,練馬区,35.75729166666667,139.5796875,608,254,79.0,21.0,21.0,22.0,254.0,151.0,99.0,0.0,151.0,96.0,0.0
5339540641,練馬区,35.755208333333336,139.5828125,964,453,195.0,35.0,59.0,32.0,451.0,245.0,147.0,47.0,248.0,195.0,0.0
5339540642,練馬区,35.755208333333336,139.5859375,1130,557,283.0,68.0,50.0,56.0,557.0,190.0,300.0,37.0,150.0,406.0,0.0
5339540643,練馬区,35.75729166666667,139.5828125,619,293,116.0,13.0,38.0,24.0,292.0,172.0,111.0,0.0,172.0,112.0,0.0
5339540644,練馬区,35.75729166666667,139.5859375,736,341,146.0,22.0,35.0,22.0,340.0,151.0,175.0,0.0,149.0,191.0,0.0
5339540711,練馬区,35.751041666666666,139.5890625,987,592,371.0,54.0,63.0,23.0,591.0,185.0,382.0,0.0,109.0,477.0,0.0
5339540712,練馬区,35.751041666666666,139.59218750000002,1233,684,367.0,60.0,78.0,41.0,684.0,147.0,506.0,0.0,130.0,541.0,0.0
5339540713,練馬区,35.753125,139.5890625,780,377,158.0,21.0,63.0,28.0,374.0,261.0,93.0,11.0,245.0,124.0,0.0
5339540714,練馬区,35.753125,139.59218750000002,906,433,184.0,25.0,68.0,29.0,431.0,288.0,119.0,17.0,272.0,141.0,0.0
5339540721,練馬区,35.751041666666666,139.5953125,1416,611,267.0,38.0,69.0,52.0,610.0,278.0,258.0,57.0,65.0,545.0,0.0
5339540722,練馬区,35.751041666666666,139.59843750000002,851,450,252.0,47.0,23.0,28.0,411.0,169.0,224.0,0.0,94.0,309.0,0.0
5339540723,練馬区,35.753125,139.5953125,294,159,78.0,7.0,25.0,5.0,159.0,47.0,52.0,53.0,52.0,107.0,0.0
5339540724,練馬区,35.753125,139.59843750000002,524,228,68.0,7.0,26.0,18.0,227.0,117.0,99.0,1.0,124.0,92.0,0.0
5339540731,練馬区,35.755208333333336,139.5890625,897,445,193.0,23.0,82.0,36.0,444.0,178.0,124.0,131.0,175.0,267.0,0.0
5339540732,練馬区,35.755208333333336,139.59218750000002,1353,587,212.0,18.0,123.0,25.0,587.0,385.0,65.0,131.0,170.0,414.0,0.0
5339540733,練馬区,35.75729166666667,139.5890625,1048,495,222.0,47.0,44.0,26.0,495.0,158.0,313.0,0.0,95.0,399.0,0.0
5339540734,練馬区,35.75729166666667,139.59218750000002,1277,574,206.0,28.0,63.0,47.0,573.0,335.0,226.0,0.0,269.0,293.0,0.0
5339540741,練馬区,35.755208333333336,139.5953125,1133,499,162.0,12.0,59.0,36.0,498.0,380.0,107.0,0.0,226.0,271.0,0.0
5339540742,練馬区,35.755208333333336,139.59843750000002,416,208,92.0,18.0,24.0,15.0,207.0,114.0,82.0,0.0,124.0,83.0,0.0
5339540743,練馬区,35.75729166666667,139.5953125,960,463,222.0,35.0,49.0,49.0,463.0,193.0,252.0,0.0,197.0,261.0,0.0
5339540744,練馬区,35.75729166666667,139.59843750000002,140,59,29.0,1.0,8.0,1.0,59.0,39.0,11.0,0.0,16.0,40.0,0.0
5339540811,練馬区,35.751041666666666,139.6015625,975,426,150.0,20.0,51.0,59.0,424.0,256.0,156.0,0.0,254.0,154.0,0.0
5339540812,練馬区,35.751041666666666,139.6046875,1149,525,207.0,37.0,54.0,40.0,523.0,275.0,239.0,0.0,263.0,250.0,0.0
5339540813,練馬区,35.753125,139.6015625,1144,495,156.0,15.0,58.0,32.0,488.0,352.0,109.0,0.0,372.0,108.0,0.0
5339540814,練馬区,35.753125,139.6046875,1123,498,175.0,27.0,51.0,55.0,495.0,320.0,152.0,0.0,337.0,146.0,0.0
5339540821,練馬区,35.751041666666666,139.6078125,1140,548,227.0,39.0,56.0,43.0,542.0,300.0,220.0,0.0,271.0,261.0,0.0
5339540822,練馬区,35.751041666666666,139.6109375,896,385,124.0,23.0,21.0,73.0,384.0,239.0,128.0,0.0,75.0,308.0,0.0
5339540823,練馬区,35.753125,139.6078125,877,394,145.0,15.0,39.0,25.0,392.0,272.0,105.0,0.0,145.0,233.0,0.0
5339540824,練馬区,35.753125,139.6109375,877,332,84.0,4.0,37.0,34.0,330.0,253.0,61.0,0.0,119.0,211.0,0.0
5339540831,練馬区,35.755208333333336,139.6015625,865,380,121.0,7.0,53.0,25.0,380.0,206.0,163.0,0.0,134.0,241.0,0.0
5339540832,練馬区,35.755208333333336,139.6046875,935,408,151.0,26.0,29.0,30.0,408.0,207.0,192.0,0.0,119.0,278.0,0.0
5339540833,練馬区,35.75729166666667,139.6015625,710,285,85.0,8.0,31.0,23.0,282.0,227.0,46.0,0.0,222.0,58.0,0.0
5339540834,練馬区,35.75729166666667,139.6046875,846,339,94.0,5.0,30.0,20.0,334.0,255.0,72.0,0.0,220.0,109.0,0.0
5339540841,練馬区,35.755208333333336,139.6078125,826,414,206.0,35.0,47.0,34.0,414.0,160.0,246.0,0.0,144.0,267.0,0.0
5339540842,練馬区,35.755208333333336,139.6109375,975,360,82.0,11.0,27.0,50.0,360.0,287.0,66.0,0.0,276.0,83.0,0.0
5339540843,練馬区,35.75729166666667,139.6078125,630,253,80.0,12.0,36.0,21.0,252.0,200.0,47.0,0.0,189.0,63.0,0.0
5339540844,練馬区,35.75729166666667,139.6109375,985,420,134.0,10.0,50.0,26.0,420.0,326.0,82.0,0.0,344.0,61.0,0.0
5339540911,練馬区,35.751041666666666,139.61406250000002,674,316,131.0,18.0,38.0,22.0,314.0,211.0,90.0,0.0,210.0,103.0,0.0
5339540912,練馬区,35.751041666666666,139.61718750000003,817,337,124.0,13.0,42.0,37.0,334.0,225.0,94.0,0.0,182.0,147.0,0.0
5339540913,練馬区,35.753125,139.61406250000002,956,351,113.0,9.0,35.0,24.0,346.0,217.0,113.0,0.0,196.0,150.0,0.0
5339540914,練馬区,35.753125,139.61718750000003,569,227,66.0,11.0,20.0,13.0,224.0,158.0,49.0,0.0,159.0,65.0,0.0
5339540921,練馬区,35.751041666666666,139.6203125,779,346,134.0,28.0,20.0,33.0,334.0,182.0,147.0,0.0,156.0,178.0,0.0
5339540922,練馬区,35.751041666666666,139.62343750000002,834,264,18.0,0.0,11.0,64.0,264.0,227.0,20.0,13.0,135.0,127.0,0.0
5339540923,練馬区,35.753125,139.6203125,883,401,165.0,33.0,18.0,38.0,395.0,234.0,145.0,0.0,110.0,282.0,0.0
5339540924,練馬区,35.753125,139.62343750000002,999,493,228.0,93.0,21.0,34.0,487.0,234.0,218.0,0.0,76.0,411.0,0.0
5339540931,練馬区,35.755208333333336,139.61406250000002,551,209,53.0,6.0,11.0,27.0,204.0,138.0,61.0,0.0,145.0,59.0,0.0
5339540932,練馬区,35.755208333333336,139.61718750000003,920,387,141.0,12.0,68.0,49.0,376.0,235.0,75.0,56.0,234.0,131.0,0.0
5339540933,練馬区,35.75729166666667,139.61406250000002,681,241,43.0,0.0,20.0,19.0,239.0,203.0,29.0,0.0,171.0,65.0,0.0
5339540934,練馬区,35.75729166666667,139.61718750000003,920,388,135.0,21.0,24.0,41.0,388.0,195.0,157.0,0.0,185.0,174.0,0.0
5339540941,練馬区,35.755208333333336,139.6203125,784,334,118.0,37.0,14.0,40.0,333.0,192.0,110.0,0.0,83.0,240.0,0.0
5339540942,練馬区,35.755208333333336,139.62343750000002,1999,843,201.0,3.0,128.0,60.0,841.0,664.0,19.0,138.0,0.0,841.0,0.0
5339540943,練馬区,35.75729166666667,139.6203125,691,318,129.0,34.0,23.0,46.0,318.0,153.0,119.0,21.0,68.0,249.0,0.0
5339540944,練馬区,35.75729166666667,139.62343750000002,2721,1193,342.0,16.0,169.0,145.0,1192.0,246.0,23.0,892.0,0.0,1192.0,271.0
5339541512,練馬区,35.759375,139.56718750000002,851,358,105.0,8.0,35.0,28.0,355.0,261.0,89.0,1.0,272.0,81.0,0.0
5339541513,練馬区,35.76145833333333,139.5640625,796,352,115.0,4.0,57.0,21.0,352.0,314.0,30.0,0.0,311.0,24.0,0.0
5339541514,練馬区,35.76145833333333,139.56718750000002,969,366,80.0,6.0,27.0,58.0,366.0,220.0,134.0,5.0,227.0,135.0,0.0
5339541521,練馬区,35.759375,139.5703125,1000,422,113.0,4.0,53.0,22.0,421.0,359.0,56.0,0.0,373.0,45.0,0.0
5339541522,練馬区,35.759375,139.5734375,537,220,56.0,2.0,26.0,12.0,220.0,160.0,50.0,0.0,170.0,49.0,0.0
5339541523,練馬区,35.76145833333333,139.5703125,854,371,116.0,13.0,41.0,32.0,370.0,255.0,95.0,0.0,250.0,109.0,0.0
5339541524,練馬区,35.76145833333333,139.5734375,736,310,105.0,6.0,26.0,31.0,310.0,177.0,117.0,0.0,139.0,162.0,0.0
5339541542,練馬区,35.76354166666667,139.5734375,583,196,32.0,3.0,10.0,29.0,196.0,138.0,54.0,0.0,138.0,58.0,0.0
5339541543,練馬区,35.765625,139.5703125,125,49,9.0,0.0,6.0,5.0,49.0,44.0,5.0,0.0,47.0,2.0,0.0
5339541544,練馬区,35.765625,139.5734375,263,74,12.0,1.0,4.0,5.0,74.0,54.0,16.0,0.0,58.0,16.0,0.0
5339541611,練馬区,35.759375,139.5765625,629,241,80.0,9.0,25.0,22.0,240.0,174.0,62.0,0.0,176.0,58.0,0.0
5339541612,練馬区,35.759375,139.5796875,683,295,89.0,5.0,37.0,23.0,294.0,205.0,80.0,0.0,220.0,63.0,0.0
5339541613,練馬区,35.76145833333333,139.5765625,1053,440,163.0,19.0,60.0,33.0,439.0,256.0,167.0,0.0,263.0,166.0,0.0
5339541614,練馬区,35.76145833333333,139.5796875,825,323,87.0,7.0,33.0,26.0,322.0,157.0,153.0,0.0,161.0,144.0,0.0
5339541621,練馬区,35.759375,139.5828125,640,265,81.0,9.0,33.0,24.0,265.0,156.0,94.0,0.0,174.0,85.0,0.0
5339541622,練馬区,35.759375,139.5859375,690,268,97.0,23.0,24.0,24.0,264.0,124.0,120.0,0.0,135.0,111.0,0.0
5339541623,練馬区,35.76145833333333,139.5828125,676,252,54.0,0.0,36.0,31.0,252.0,192.0,51.0,0.0,201.0,50.0,0.0
5339541624,練馬区,35.76145833333333,139.5859375,650,262,63.0,4.0,23.0,29.0,262.0,137.0,113.0,0.0,143.0,109.0,0.0
5339541631,練馬区,35.76354166666667,139.5765625,895,362,106.0,3.0,49.0,37.0,361.0,292.0,66.0,0.0,295.0,64.0,0.0
5339541632,練馬区,35.76354166666667,139.5796875,746,298,79.0,3.0,31.0,19.0,297.0,195.0,91.0,0.0,202.0,77.0,0.0
5339541633,練馬区,35.765625,139.5765625,522,206,48.0,4.0,22.0,16.0,198.0,173.0,20.0,0.0,180.0,10.0,0.0
5339541634,練馬区,35.765625,139.5796875,853,304,82.0,3.0,39.0,26.0,300.0,252.0,42.0,0.0,265.0,34.0,0.0
5339541641,練馬区,35.76354166666667,139.5828125,608,231,47.0,2.0,17.0,19.0,230.0,152.0,71.0,0.0,158.0,70.0,0.0
5339541642,練馬区,35.76354166666667,139.5859375,322,128,32.0,2.0,12.0,18.0,125.0,59.0,55.0,0.0,56.0,62.0,0.0
5339541643,練馬区,35.765625,139.5828125,840,284,55.0,3.0,20.0,29.0,283.0,224.0,51.0,0.0,230.0,53.0,0.0
5339541644,練馬区,35.765625,139.5859375,546,259,123.0,12.0,34.0,19.0,257.0,144.0,105.0,0.0,149.0,95.0,0.0
5339541711,練馬区,35.759375,139.5890625,687,356,179.0,42.0,34.0,24.0,355.0,168.0,166.0,0.0,146.0,208.0,0.0
5339541712,練馬区,35.759375,139.59218750000002,873,369,124.0,19.0,41.0,36.0,365.0,246.0,108.0,0.0,254.0,104.0,0.0
5339541713,練馬区,35.76145833333333,139.5890625,1061,459,129.0,5.0,47.0,38.0,457.0,331.0,114.0,0.0,233.0,224.0,0.0
5339541714,練馬区,35.76145833333333,139.59218750000002,798,347,110.0,11.0,45.0,25.0,346.0,251.0,88.0,0.0,262.0,81.0,0.0
5339541721,練馬区,35.759375,139.5953125,776,341,108.0,7.0,52.0,29.0,340.0,254.0,74.0,0.0,262.0,58.0,0.0
5339541722,練馬区,35.759375,139.59843750000002,112,44,14.0,1.0,2.0,5.0,44.0,28.0,16.0,0.0,29.0,15.0,0.0
5339541723,練馬区,35.76145833333333,139.5953125,536,228,71.0,3.0,31.0,22.0,227.0,162.0,54.0,0.0,114.0,113.0,0.0
5339541724,練馬区,35.76145833333333,139.59843750000002,746,272,58.0,1.0,19.0,25.0,270.0,189.0,78.0,0.0,110.0,159.0,0.0
5339541731,練馬区,35.76354166666667,139.5890625,538,246,109.0,9.0,43.0,15.0,244.0,151.0,82.0,0.0,132.0,108.0,0.0
5339541732,練馬区,35.76354166666667,139.59218750000002,680,285,85.0,4.0,39.0,25.0,285.0,163.0,115.0,0.0,172.0,113.0,0.0
5339541733,練馬区,35.765625,139.5890625,744,303,92.0,7.0,41.0,13.0,303.0,219.0,72.0,0.0,185.0,113.0,0.0
5339541734,練馬区,35.765625,139.59218750000002,690,252,59.0,3.0,27.0,24.0,250.0,170.0,76.0,0.0,172.0,78.0,0.0
5339541741,練馬区,35.76354166666667,139.5953125,757,363,143.0,14.0,46.0,25.0,361.0,203.0,147.0,0.0,195.0,148.0,0.0
5339541742,練馬区,35.76354166666667,139.59843750000002,484,166,44.0,3.0,20.0,12.0,162.0,118.0,36.0,0.0,117.0,44.0,0.0
5339541743,練馬区,35.765625,139.5953125,938,360,97.0,6.0,44.0,32.0,359.0,319.0,32.0,0.0,327.0,25.0,0.0
5339541744,練馬区,35.765625,139.59843750000002,610,252,65.0,3.0,33.0,16.0,251.0,207.0,36.0,0.0,203.0,46.0,0.0
5339541811,練馬区,35.759375,139.6015625,534,222,72.0,2.0,34.0,10.0,222.0,159.0,57.0,0.0,170.0,48.0,0.0
5339541812,練馬区,35.759375,139.6046875,868,358,104.0,4.0,43.0,24.0,355.0,246.0,99.0,0.0,250.0,105.0,0.0
5339541813,練馬区,35.76145833333333,139.6015625,758,253,64.0,3.0,40.0,16.0,250.0,227.0,18.0,0.0,237.0,12.0,0.0
5339541814,練馬区,35.76145833333333,139.6046875,676,283,77.0,1.0,35.0,23.0,282.0,209.0,62.0,0.0,218.0,57.0,0.0
5339541821,練馬区,35.759375,139.6078125,906,337,82.0,0.0,43.0,43.0,334.0,268.0,51.0,0.0,282.0,51.0,0.0
5339541822,練馬区,35.759375,139.6109375,816,286,93.0,8.0,28.0,50.0,272.0,181.0,78.0,0.0,178.0,86.0,0.0
5339541823,練馬区,35.76145833333333,139.6078125,1009,403,126.0,5.0,53.0,35.0,401.0,264.0,114.0,0.0,281.0,101.0,0.0
5339541824,練馬区,35.76145833333333,139.6109375,747,315,90.0,9.0,31.0,41.0,315.0,193.0,101.0,0.0,205.0,106.0,0.0
5339541831,練馬区,35.76354166666667,139.6015625,867,358,99.0,5.0,55.0,15.0,358.0,288.0,61.0,0.0,306.0,50.0,0.0
5339541832,練馬区,35.76354166666667,139.6046875,592,260,85.0,6.0,29.0,19.0,256.0,209.0,40.0,0.0,224.0,31.0,0.0
5339541833,練馬区,35.765625,139.6015625,744,295,69.0,0.0,43.0,20.0,295.0,265.0,21.0,0.0,278.0,17.0,0.0
5339541834,練馬区,35.765625,139.6046875,678,268,77.0,5.0,40.0,15.0,268.0,197.0,62.0,0.0,208.0,44.0,0.0
5339541841,練馬区,35.76354166666667,139.6078125,907,433,171.0,9.0,78.0,25.0,430.0,267.0,149.0,0.0,268.0,161.0,0.0
5339541842,練馬区,35.76354166666667,139.6109375,532,252,112.0,8.0,59.0,18.0,251.0,110.0,90.0,44.0,104.0,141.0,0.0
5339541843,練馬区,35.765625,139.6078125,751,340,130.0,6.0,47.0,25.0,333.0,215.0,107.0,0.0,232.0,86.0,0.0
5339541844,練馬区,35.765625,139.6109375,554,257,99.0,3.0,34.0,13.0,256.0,166.0,77.0,0.0,174.0,77.0,0.0
5339541911,練馬区,35.759375,139.61406250000002,623,266,95.0,12.0,24.0,29.0,266.0,143.0,116.0,0.0,145.0,112.0,0.0
5339541912,練馬区,35.759375,139.61718750000003,982,427,153.0,29.0,25.0,61.0,421.0,252.0,156.0,0.0,181.0,228.0,0.0
5339541913,練馬区,35.76145833333333,139.61406250000002,760,260,115.0,2.0,51.0,47.0,260.0,120.0,134.0,0.0,70.0,182.0,0.0
5339541914,練馬区,35.76145833333333,139.61718750000003,934,417,153.0,28.0,34.0,38.0,413.0,251.0,151.0,0.0,206.0,202.0,0.0
5339541921,練馬区,35.759375,139.6203125,762,401,211.0,67.0,15.0,33.0,400.0,81.0,295.0,0.0,71.0,326.0,0.0
5339541922,練馬区,35.759375,139.62343750000002,930,418,118.0,3.0,69.0,31.0,418.0,370.0,35.0,0.0,1.0,417.0,0.0
5339541923,練馬区,35.76145833333333,139.6203125,786,396,190.0,60.0,11.0,46.0,395.0,98.0,248.0,0.0,100.0,283.0,0.0
5339541924,練馬区,35.76145833333333,139.62343750000002,552,203,37.0,8.0,7.0,37.0,202.0,93.0,90.0,0.0,70.0,124.0,0.0
5339541931,練馬区,35.76354166666667,139.61406250000002,638,265,77.0,5.0,30.0,39.0,265.0,155.0,103.0,0.0,157.0,99.0,0.0
5339541932,練馬区,35.76354166666667,139.61718750000003,835,398,185.0,49.0,36.0,32.0,398.0,188.0,179.0,0.0,173.0,215.0,0.0
5339541933,練馬区,35.765625,139.61406250000002,697,267,67.0,4.0,22.0,38.0,267.0,150.0,85.0,0.0,157.0,90.0,0.0
5339541934,練馬区,35.765625,139.61718750000003,968,342,85.0,5.0,30.0,46.0,341.0,147.0,180.0,0.0,102.0,232.0,0.0
5339541941,練馬区,35.76354166666667,139.6203125,961,409,151.0,17.0,37.0,27.0,403.0,239.0,148.0,0.0,212.0,176.0,0.0
5339541942,練馬区,35.76354166666667,139.62343750000002,954,377,90.0,15.0,31.0,41.0,376.0,261.0,106.0,0.0,266.0,101.0,0.0
5339541943,練馬区,35.765625,139.6203125,1069,454,150.0,13.0,43.0,35.0,454.0,290.0,148.0,0.0,192.0,256.0,0.0
5339541944,練馬区,35.765625,139.62343750000002,1380,629,223.0,33.0,98.0,41.0,627.0,241.0,136.0,235.0,251.0,375.0,0.0
5339542611,練馬区,35.76770833333333,139.5765625,821,326,82.0,1.0,46.0,27.0,326.0,292.0,28.0,0.0,300.0,21.0,0.0
5339542612,練馬区,35.76770833333333,139.5796875,904,366,100.0,5.0,49.0,23.0,366.0,287.0,70.0,0.0,303.0,53.0,0.0
5339542614,練馬区,35.76979166666666,139.5796875,931,352,115.0,3.0,50.0,36.0,352.0,251.0,87.0,0.0,268.0,65.0,0.0
5339542621,練馬区,35.76770833333333,139.5828125,728,280,81.0,3.0,35.0,18.0,279.0,212.0,61.0,0.0,217.0,49.0,0.0
5339542622,練馬区,35.76770833333333,139.5859375,730,338,137.0,13.0,50.0,27.0,338.0,139.0,185.0,0.0,146.0,173.0,0.0
5339542623,練馬区,35.76979166666666,139.5828125,732,301,84.0,6.0,41.0,28.0,299.0,226.0,55.0,0.0,243.0,35.0,0.0
5339542624,練馬区,35.76979166666666,139.5859375,732,319,103.0,0.0,57.0,17.0,317.0,253.0,53.0,0.0,238.0,73.0,0.0
5339542641,練馬区,35.771875,139.5828125,394,153,35.0,1.0,22.0,7.0,153.0,123.0,27.0,0.0,129.0,14.0,0.0
5339542642,練馬区,35.771875,139.5859375,758,328,118.0,11.0,47.0,16.0,326.0,206.0,113.0,0.0,189.0,92.0,0.0
5339542644,練馬区,35.77395833333333,139.5859375,747,338,114.0,5.0,57.0,13.0,338.0,231.0,86.0,0.0,217.0,115.0,0.0
5339542711,練馬区,35.76770833333333,139.5890625,720,306,101.0,3.0,41.0,25.0,305.0,216.0,83.0,0.0,216.0,81.0,0.0
5339542712,練馬区,35.76770833333333,139.59218750000002,1006,406,125.0,12.0,45.0,23.0,406.0,299.0,99.0,0.0,285.0,105.0,0.0
5339542713,練馬区,35.76979166666666,139.5890625,678,281,117.0,11.0,34.0,16.0,280.0,183.0,89.0,0.0,183.0,88.0,0.0
5339542714,練馬区,35.76979166666666,139.59218750000002,1019,415,113.0,1.0,50.0,41.0,415.0,257.0,143.0,0.0,268.0,112.0,0.0
5339542721,練馬区,35.76770833333333,139.5953125,702,305,99.0,10.0,39.0,14.0,304.0,226.0,70.0,0.0,212.0,87.0,0.0
5339542722,練馬区,35.76770833333333,139.59843750000002,499,207,70.0,5.0,21.0,21.0,206.0,109.0,89.0,0.0,115.0,69.0,0.0
5339542723,練馬区,35.76979166666666,139.5953125,956,407,138.0,2.0,66.0,21.0,407.0,300.0,95.0,0.0,289.0,107.0,0.0
5339542731,練馬区,35.771875,139.5890625,935,440,183.0,13.0,58.0,34.0,440.0,237.0,193.0,0.0,246.0,176.0,0.0
5339542732,練馬区,35.771875,139.59218750000002,894,385,139.0,9.0,56.0,41.0,384.0,284.0,89.0,0.0,295.0,86.0,0.0
5339542733,練馬区,35.77395833333333,139.5890625,831,373,129.0,7.0,52.0,26.0,373.0,206.0,140.0,0.0,186.0,168.0,0.0
5339542734,練馬区,35.77395833333333,139.59218750000002,764,282,120.0,6.0,47.0,18.0,281.0,152.0,119.0,0.0,140.0,134.0,0.0
5339542741,練馬区,35.771875,139.5953125,819,383,169.0,6.0,77.0,20.0,381.0,218.0,148.0,0.0,227.0,146.0,0.0
5339542743,練馬区,35.77395833333333,139.5953125,637,295,114.0,8.0,35.0,25.0,295.0,99.0,181.0,0.0,92.0,196.0,0.0
5339542744,練馬区,35.77395833333333,139.59843750000002,262,83,25.0,1.0,7.0,3.0,83.0,54.0,29.0,0.0,56.0,27.0,0.0
5339542811,練馬区,35.76770833333333,139.6015625,277,117,27.0,1.0,15.0,4.0,117.0,105.0,11.0,0.0,110.0,7.0,0.0
5339542812,練馬区,35.76770833333333,139.6046875,411,158,34.0,0.0,18.0,15.0,157.0,125.0,27.0,0.0,132.0,15.0,0.0
5339542813,練馬区,35.76979166666666,139.6015625,207,86,28.0,7.0,7.0,3.0,86.0,61.0,22.0,0.0,64.0,21.0,0.0
5339542814,練馬区,35.76979166666666,139.6046875,523,208,67.0,2.0,36.0,32.0,208.0,139.0,66.0,0.0,141.0,66.0,0.0
5339542821,練馬区,35.76770833333333,139.6078125,1016,372,91.0,9.0,37.0,24.0,372.0,270.0,90.0,0.0,285.0,79.0,0.0
5339542822,練馬区,35.76770833333333,139.6109375,886,359,102.0,7.0,40.0,42.0,359.0,233.0,109.0,0.0,240.0,117.0,0.0
5339542824,練馬区,35.76979166666666,139.6109375,277,115,41.0,4.0,3.0,7.0,115.0,44.0,56.0,0.0,45.0,69.0,0.0
5339542911,練馬区,35.76770833333333,139.61406250000002,607,237,65.0,3.0,32.0,17.0,235.0,180.0,47.0,0.0,201.0,25.0,0.0
5339542912,練馬区,35.76770833333333,139.61718750000003,515,208,55.0,2.0,34.0,22.0,207.0,149.0,50.0,0.0,161.0,38.0,0.0
5339542913,練馬区,35.76979166666666,139.61406250000002,394,152,39.0,2.0,21.0,6.0,149.0,132.0,13.0,0.0,138.0,11.0,0.0
5339542922,練馬区,35.76770833333333,139.62343750000002,264,109,31.0,1.0,11.0,9.0,108.0,77.0,22.0,0.0,80.0,28.0,0.0
5339543711,練馬区,35.776041666666664,139.5890625,809,353,113.0,7.0,44.0,31.0,353.0,236.0,102.0,0.0,213.0,137.0,0.0
5339543712,練馬区,35.776041666666664,139.59218750000002,641,248,69.0,3.0,22.0,19.0,248.0,181.0,60.0,0.0,62.0,186.0,0.0
5339543713,練馬区,35.778124999999996,139.5890625,21,9,3.0,0.0,2.0,0.0,9.0,8.0,0.0,0.0,9.0,0.0,0.0
5339543721,練馬区,35.776041666666664,139.5953125,104,21,9.0,1.0,2.0,0.0,21.0,12.0,6.0,0.0,15.0,6.0,0.0
5339550011,練馬区,35.751041666666666,139.6265625,744,293,68.0,3.0,28.0,37.0,292.0,87.0,135.0,54.0,84.0,208.0,0.0
5339550012,練馬区,35.751041666666666,139.62968750000002,787,332,117.0,26.0,23.0,46.0,330.0,139.0,154.0,0.0,150.0,180.0,0.0
5339550013,練馬区,35.753125,139.6265625,975,399,122.0,19.0,41.0,58.0,398.0,202.0,146.0,38.0,165.0,233.0,0.0
5339550014,練馬区,35.753125,139.62968750000002,1127,512,200.0,34.0,50.0,32.0,511.0,290.0,189.0,0.0,194.0,297.0,0.0
5339550021,練馬区,35.751041666666666,139.6328125,1200,527,180.0,27.0,36.0,61.0,520.0,188.0,307.0,0.0,174.0,339.0,0.0
5339550022,練馬区,35.751041666666666,139.6359375,1203,560,218.0,52.0,27.0,62.0,559.0,189.0,340.0,0.0,129.0,420.0,0.0
5339550023,練馬区,35.753125,139.6328125,1368,589,182.0,38.0,39.0,85.0,589.0,297.0,263.0,0.0,193.0,392.0,0.0
5339550024,練馬区,35.753125,139.6359375,867,455,245.0,86.0,28.0,32.0,455.0,139.0,269.0,0.0,147.0,305.0,0.0
5339550031,練馬区,35.755208333333336,139.6265625,1350,550,106.0,0.0,57.0,55.0,550.0,102.0,6.0,442.0,0.0,550.0,0.0
5339550032,練馬区,35.755208333333336,139.62968750000002,2007,831,165.0,1.0,100.0,56.0,829.0,213.0,9.0,600.0,0.0,829.0,0.0
5339550033,練馬区,35.75729166666667,139.6265625,2805,1169,277.0,5.0,162.0,113.0,1168.0,464.0,24.0,629.0,0.0,1168.0,251.0
5339550034,練馬区,35.75729166666667,139.62968750000002,2940,1297,359.0,15.0,203.0,96.0,1297.0,697.0,32.0,530.0,0.0,1296.0,510.0
5339550041,練馬区,35.755208333333336,139.6328125,854,384,150.0,36.0,31.0,35.0,381.0,214.0,132.0,2.0,158.0,217.0,0.0
5339550042,練馬区,35.755208333333336,139.6359375,792,337,108.0,18.0,26.0,37.0,336.0,198.0,117.0,0.0,200.0,124.0,0.0
5339550043,練馬区,35.75729166666667,139.6328125,931,413,165.0,34.0,24.0,39.0,412.0,155.0,208.0,0.0,88.0,323.0,0.0
5339550044,練馬区,35.75729166666667,139.6359375,843,344,94.0,28.0,16.0,39.0,341.0,143.0,167.0,0.0,124.0,211.0,0.0
5339550111,練馬区,35.751041666666666,139.6390625,1621,853,406.0,73.0,104.0,55.0,851.0,374.0,279.0,152.0,52.0,798.0,163.0
5339550112,練馬区,35.751041666666666,139.6421875,1227,653,316.0,81.0,91.0,33.0,652.0,272.0,247.0,103.0,169.0,477.0,0.0
5339550113,練馬区,35.753125,139.6390625,649,332,138.0,37.0,29.0,12.0,332.0,136.0,120.0,57.0,85.0,246.0,0.0
5339550114,練馬区,35.753125,139.6421875,1182,671,369.0,91.0,64.0,35.0,670.0,167.0,398.0,87.0,113.0,549.0,0.0
5339550121,練馬区,35.751041666666666,139.6453125,1063,502,203.0,38.0,57.0,32.0,501.0,295.0,177.0,0.0,300.0,184.0,0.0
5339550122,練馬区,35.751041666666666,139.6484375,1140,483,167.0,40.0,40.0,45.0,482.0,302.0,157.0,0.0,239.0,242.0,0.0
5339550123,練馬区,35.753125,139.6453125,879,448,217.0,51.0,53.0,21.0,443.0,223.0,191.0,0.0,235.0,205.0,0.0
5339550124,練馬区,35.753125,139.6484375,833,359,120.0,28.0,29.0,44.0,359.0,165.0,177.0,0.0,175.0,180.0,0.0
5339550131,練馬区,35.755208333333336,139.6390625,932,468,214.0,40.0,63.0,23.0,467.0,279.0,171.0,0.0,287.0,166.0,0.0
5339550132,練馬区,35.755208333333336,139.6421875,1242,576,220.0,57.0,75.0,49.0,573.0,362.0,181.0,0.0,379.0,185.0,0.0
5339550133,練馬区,35.75729166666667,139.6390625,1471,562,192.0,19.0,27.0,98.0,554.0,111.0,99.0,0.0,110.0,440.0,0.0
5339550134,練馬区,35.75729166666667,139.6421875,693,275,86.0,16.0,22.0,34.0,275.0,166.0,79.0,0.0,165.0,103.0,0.0
5339550141,練馬区,35.755208333333336,139.6453125,868,433,200.0,31.0,27.0,49.0,431.0,134.0,275.0,0.0,130.0,300.0,0.0
5339550142,練馬区,35.755208333333336,139.6484375,1072,557,270.0,85.0,51.0,27.0,554.0,293.0,234.0,0.0,192.0,357.0,0.0
5339550143,練馬区,35.75729166666667,139.6453125,979,425,140.0,24.0,53.0,18.0,424.0,297.0,120.0,0.0,290.0,127.0,0.0
5339550144,練馬区,35.75729166666667,139.6484375,750,404,212.0,36.0,52.0,32.0,402.0,191.0,202.0,0.0,179.0,221.0,0.0
5339550211,練馬区,35.751041666666666,139.6515625,850,358,137.0,25.0,39.0,24.0,356.0,225.0,123.0,0.0,177.0,173.0,0.0
5339550212,練馬区,35.751041666666666,139.65468750000002,1091,542,254.0,43.0,65.0,32.0,540.0,329.0,186.0,0.0,279.0,237.0,0.0
5339550213,練馬区,35.753125,139.6515625,1015,508,239.0,70.0,45.0,38.0,508.0,206.0,281.0,0.0,181.0,301.0,0.0
5339550214,練馬区,35.753125,139.65468750000002,1098,527,234.0,53.0,46.0,30.0,523.0,315.0,189.0,0.0,183.0,335.0,0.0
5339550221,練馬区,35.751041666666666,139.6578125,1075,549,270.0,60.0,61.0,22.0,537.0,322.0,159.0,19.0,289.0,242.0,0.0
5339550222,練馬区,35.751041666666666,139.66093750000002,937,452,195.0,47.0,34.0,29.0,441.0,218.0,173.0,1.0,173.0,257.0,0.0
5339550223,練馬区,35.753125,139.6578125,1164,565,229.0,55.0,46.0,26.0,565.0,293.0,247.0,0.0,203.0,354.0,0.0
5339550224,練馬区,35.753125,139.66093750000002,1088,486,175.0,40.0,27.0,25.0,485.0,239.0,190.0,26.0,107.0,374.0,0.0
5339550231,練馬区,35.755208333333336,139.6515625,950,502,273.0,45.0,55.0,24.0,499.0,181.0,276.0,0.0,200.0,286.0,0.0
5339550232,練馬区,35.755208333333336,139.65468750000002,559,230,93.0,14.0,20.0,22.0,229.0,134.0,83.0,0.0,136.0,92.0,0.0
5339550233,練馬区,35.75729166666667,139.6515625,698,366,169.0,38.0,18.0,34.0,364.0,59.0,275.0,0.0,60.0,303.0,0.0
5339550234,練馬区,35.75729166666667,139.65468750000002,1061,544,255.0,59.0,28.0,68.0,542.0,85.0,400.0,0.0,46.0,494.0,0.0
5339550241,練馬区,35.755208333333336,139.6578125,869,393,147.0,39.0,19.0,50.0,393.0,101.0,242.0,0.0,63.0,326.0,0.0
5339550242,練馬区,35.755208333333336,139.66093750000002,1528,711,311.0,62.0,35.0,86.0,702.0,229.0,286.0,44.0,104.0,592.0,0.0
5339550243,練馬区,35.75729166666667,139.6578125,920,457,207.0,37.0,68.0,26.0,455.0,185.0,247.0,0.0,69.0,380.0,0.0
5339550244,練馬区,35.75729166666667,139.66093750000002,1432,627,192.0,46.0,37.0,53.0,626.0,253.0,329.0,0.0,108.0,518.0,0.0
5339550311,練馬区,35.751041666666666,139.6640625,1138,701,455.0,139.0,49.0,40.0,700.0,183.0,483.0,0.0,130.0,559.0,0.0
5339550312,練馬区,35.751041666666666,139.6671875,1828,968,486.0,111.0,47.0,77.0,965.0,193.0,660.0,68.0,61.0,903.0,0.0
5339550313,練馬区,35.753125,139.6640625,1372,675,311.0,69.0,44.0,31.0,668.0,360.0,288.0,0.0,124.0,541.0,0.0
5339550314,練馬区,35.753125,139.6671875,1518,757,355.0,87.0,52.0,45.0,755.0,393.0,339.0,0.0,244.0,508.0,0.0
5339550321,練馬区,35.751041666666666,139.6703125,1528,877,530.0,145.0,60.0,60.0,874.0,214.0,594.0,0.0,129.0,745.0,0.0
5339550322,練馬区,35.751041666666666,139.6734375,694,308,119.0,24.0,22.0,43.0,308.0,137.0,166.0,0.0,74.0,231.0,0.0
5339550323,練馬区,35.753125,139.6703125,756,467,288.0,91.0,14.0,24.0,459.0,107.0,314.0,0.0,80.0,375.0,0.0
5339550324,練馬区,35.753125,139.6734375,35,13,3.0,1.0,2.0,0.0,13.0,12.0,0.0,0.0,12.0,1.0,0.0
5339550331,練馬区,35.755208333333336,139.6640625,2019,1031,535.0,158.0,63.0,82.0,1022.0,428.0,483.0,55.0,149.0,871.0,0.0
5339550332,練馬区,35.755208333333336,139.6671875,1672,795,357.0,131.0,54.0,90.0,795.0,319.0,304.0,19.0,183.0,603.0,0.0
5339550333,練馬区,35.75729166666667,139.6640625,1197,590,271.0,82.0,43.0,51.0,589.0,263.0,304.0,0.0,173.0,398.0,0.0
5339550334,練馬区,35.75729166666667,139.6671875,896,432,195.0,43.0,49.0,42.0,430.0,252.0,159.0,0.0,196.0,229.0,0.0
5339550341,練馬区,35.755208333333336,139.6703125,404,189,79.0,20.0,15.0,14.0,190.0,118.0,65.0,0.0,64.0,126.0,0.0
5339550342,板橋区,35.755208333333336,139.6734375,3,1,,,,,,,,,,,
5339550343,練馬区,35.75729166666667,139.6703125,1250,621,278.0,82.0,60.0,45.0,602.0,286.0,275.0,0.0,212.0,373.0,0.0
5339550344,練馬区,35.75729166666667,139.6734375,144,65,18.0,2.0,5.0,10.0,65.0,18.0,47.0,0.0,17.0,48.0,0.0
5339550411,板橋区,35.751041666666666,139.67656250000002,572,258,81.0,23.0,17.0,35.0,258.0,119.0,128.0,0.0,110.0,145.0,0.0
5339550412,板橋区,35.751041666666666,139.67968750000003,1823,818,292.0,49.0,90.0,63.0,818.0,519.0,280.0,0.0,128.0,690.0,0.0
5339550413,板橋区,35.753125,139.67656250000002,234,117,57.0,7.0,12.0,0.0,115.0,61.0,50.0,0.0,61.0,51.0,0.0
5339550414,板橋区,35.753125,139.67968750000003,976,474,211.0,44.0,49.0,22.0,473.0,224.0,237.0,0.0,176.0,293.0,0.0
5339550421,板橋区,35.751041666666666,139.6828125,1557,779,372.0,75.0,82.0,72.0,774.0,444.0,295.0,0.0,207.0,566.0,0.0
5339550422,板橋区,35.751041666666666,139.68593750000002,1461,660,255.0,38.0,68.0,50.0,660.0,383.0,253.0,0.0,250.0,410.0,0.0
5339550423,板橋区,35.753125,139.6828125,1543,744,327.0,40.0,97.0,39.0,743.0,489.0,234.0,0.0,314.0,425.0,0.0
5339550424,板橋区,35.753125,139.68593750000002,1316,730,415.0,98.0,76.0,41.0,729.0,334.0,357.0,0.0,300.0,428.0,0.0
5339550431,板橋区,35.755208333333336,139.67656250000002,21,7,0.0,0.0,0.0,0.0,7.0,6.0,0.0,0.0,7.0,0.0,0.0
5339550432,板橋区,35.755208333333336,139.67968750000003,587,254,101.0,10.0,38.0,25.0,253.0,112.0,133.0,0.0,113.0,127.0,0.0
5339550433,板橋区,35.75729166666667,139.67656250000002,961,443,189.0,34.0,27.0,53.0,442.0,171.0,238.0,0.0,76.0,366.0,0.0
5339550434,板橋区,35.75729166666667,139.67968750000003,990,482,221.0,30.0,54.0,46.0,482.0,181.0,271.0,0.0,182.0,298.0,0.0
5339550441,板橋区,35.755208333333336,139.6828125,1447,666,273.0,41.0,74.0,38.0,661.0,385.0,260.0,0.0,294.0,366.0,0.0
5339550442,板橋区,35.755208333333336,139.68593750000002,1275,687,363.0,79.0,68.0,51.0,684.0,319.0,333.0,0.0,237.0,444.0,0.0
5339550443,板橋区,35.75729166666667,139.6828125,1690,971,595.0,186.0,99.0,60.0,967.0,318.0,585.0,0.0,151.0,815.0,0.0
5339550444,板橋区,35.75729166666667,139.68593750000002,1547,919,550.0,154.0,118.0,38.0,865.0,411.0,369.0,46.0,159.0,701.0,0.0
5339550511,板橋区,35.751041666666666,139.6890625,1282,698,389.0,101.0,93.0,37.0,693.0,351.0,308.0,13.0,211.0,479.0,0.0
5339550512,板橋区,35.751041666666666,139.69218750000002,1584,867,459.0,99.0,110.0,42.0,852.0,439.0,376.0,0.0,271.0,561.0,0.0
5339550513,板橋区,35.753125,139.6890625,1465,855,509.0,116.0,112.0,29.0,854.0,384.0,447.0,0.0,209.0,637.0,0.0
5339550514,板橋区,35.753125,139.69218750000002,2081,1138,657.0,205.0,99.0,66.0,1124.0,585.0,495.0,0.0,265.0,848.0,0.0
5339550521,板橋区,35.751041666666666,139.6953125,1719,1086,720.0,190.0,128.0,49.0,1083.0,340.0,631.0,0.0,264.0,814.0,0.0
5339550522,板橋区,35.751041666666666,139.6984375,1654,630,389.0,83.0,107.0,31.0,623.0,260.0,346.0,0.0,199.0,423.0,0.0
5339550523,板橋区,35.753125,139.6953125,1297,767,474.0,86.0,84.0,46.0,764.0,246.0,476.0,8.0,169.0,595.0,0.0
5339550524,板橋区,35.753125,139.6984375,1793,1006,552.0,78.0,178.0,61.0,1002.0,443.0,509.0,0.0,271.0,725.0,0.0
5339550531,板橋区,35.755208333333336,139.6890625,1830,1078,663.0,166.0,85.0,49.0,1069.0,451.0,577.0,0.0,95.0,971.0,0.0
5339550532,板橋区,35.755208333333336,139.69218750000002,1735,1034,660.0,167.0,124.0,61.0,1026.0,377.0,618.0,0.0,260.0,756.0,0.0
5339550533,板橋区,35.75729166666667,139.6890625,2086,1437,1044.0,278.0,111.0,63.0,1432.0,316.0,1017.0,0.0,114.0,1313.0,0.0
5339550534,板橋区,35.75729166666667,139.69218750000002,899,544,357.0,68.0,75.0,18.0,542.0,223.0,301.0,0.0,151.0,379.0,0.0
5339550541,板橋区,35.755208333333336,139.6953125,1918,1170,746.0,176.0,157.0,63.0,1165.0,357.0,776.0,0.0,198.0,959.0,0.0
5339550542,板橋区,35.755208333333336,139.6984375,1871,1232,854.0,287.0,172.0,57.0,1160.0,316.0,785.0,0.0,190.0,948.0,0.0
5339550543,板橋区,35.75729166666667,139.6953125,1943,1151,704.0,141.0,154.0,65.0,1142.0,405.0,677.0,0.0,233.0,906.0,0.0
5339550544,板橋区,35.75729166666667,139.6984375,1276,764,477.0,118.0,98.0,33.0,749.0,234.0,380.0,68.0,191.0,554.0,0.0
5339550611,板橋区,35.751041666666666,139.7015625,505,312,199.0,56.0,35.0,6.0,306.0,115.0,173.0,0.0,86.0,215.0,0.0
5339550612,板橋区,35.751041666666666,139.7046875,466,266,142.0,21.0,34.0,11.0,265.0,96.0,151.0,0.0,65.0,198.0,0.0
5339550613,板橋区,35.753125,139.7015625,1111,603,333.0,62.0,108.0,36.0,583.0,301.0,228.0,0.0,197.0,377.0,0.0
5339550614,板橋区,35.753125,139.7046875,1646,917,550.0,184.0,124.0,40.0,903.0,433.0,369.0,0.0,290.0,610.0,0.0
5339550621,板橋区,35.751041666666666,139.7078125,1563,1105,808.0,212.0,96.0,36.0,1102.0,265.0,769.0,0.0,105.0,994.0,41.0
5339550622,板橋区,35.751041666666666,139.7109375,2252,1314,788.0,195.0,137.0,111.0,1253.0,562.0,629.0,0.0,111.0,1139.0,135.0
5339550623,板橋区,35.753125,139.7078125,1877,1112,698.0,220.0,75.0,109.0,1109.0,281.0,736.0,0.0,138.0,967.0,73.0
5339550624,板橋区,35.753125,139.7109375,1775,1059,643.0,148.0,137.0,34.0,1053.0,406.0,615.0,0.0,298.0,744.0,0.0
5339550631,板橋区,35.755208333333336,139.7015625,1613,920,511.0,117.0,139.0,54.0,919.0,337.0,419.0,94.0,229.0,684.0,0.0
5339550632,板橋区,35.755208333333336,139.7046875,1304,680,348.0,61.0,89.0,67.0,671.0,225.0,211.0,92.0,178.0,493.0,0.0
5339550633,板橋区,35.75729166666667,139.7015625,1718,962,541.0,92.0,126.0,51.0,960.0,345.0,575.0,13.0,235.0,714.0,0.0
5339550634,板橋区,35.75729166666667,139.7046875,1463,860,527.0,131.0,109.0,34.0,858.0,366.0,447.0,0.0,311.0,545.0,0.0
5339550641,板橋区,35.755208333333336,139.7078125,2835,1574,879.0,309.0,124.0,115.0,1573.0,814.0,612.0,0.0,126.0,1438.0,448.0
5339550642,板橋区,35.755208333333336,139.7109375,1412,835,486.0,89.0,132.0,33.0,834.0,459.0,356.0,0.0,370.0,454.0,0.0
5339550643,板橋区,35.75729166666667,139.7078125,1957,1158,704.0,153.0,173.0,47.0,1154.0,478.0,630.0,6.0,86.0,1061.0,0.0
5339550644,板橋区,35.75729166666667,139.7109375,1603,864,482.0,121.0,115.0,46.0,862.0,430.0,357.0,20.0,336.0,521.0,0.0
5339550711,板橋区,35.751041666666666,139.7140625,1623,1004,658.0,142.0,122.0,49.0,1002.0,400.0,551.0,0.0,240.0,752.0,0.0
5339550712,板橋区,35.751041666666666,139.71718750000002,1128,657,400.0,106.0,67.0,35.0,637.0,209.0,386.0,0.0,180.0,456.0,0.0
5339550713,板橋区,35.753125,139.7140625,1451,829,482.0,95.0,85.0,50.0,810.0,297.0,443.0,0.0,307.0,501.0,0.0
5339550714,板橋区,35.753125,139.71718750000002,2335,1031,411.0,79.0,71.0,234.0,1019.0,578.0,330.0,85.0,104.0,914.0,419.0
5339550721,板橋区,35.751041666666666,139.7203125,1356,849,567.0,168.0,87.0,40.0,833.0,257.0,544.0,0.0,204.0,628.0,0.0
5339550722,北区,35.751041666666666,139.72343750000002,677,403,247.0,78.0,59.0,17.0,399.0,163.0,221.0,0.0,165.0,222.0,0.0
5339550723,板橋区,35.753125,139.7203125,771,186,143.0,30.0,20.0,5.0,174.0,54.0,119.0,0.0,30.0,144.0,0.0
5339550724,北区,35.753125,139.72343750000002,186,84,47.0,8.0,21.0,4.0,84.0,34.0,31.0,18.0,34.0,50.0,0.0
5339550731,板橋区,35.755208333333336,139.7140625,1315,554,207.0,52.0,74.0,45.0,544.0,391.0,110.0,20.0,50.0,490.0,0.0
5339550732,板橋区,35.755208333333336,139.71718750000002,2296,857,146.0,11.0,61.0,108.0,855.0,753.0,47.0,47.0,1.0,854.0,173.0
5339550733,板橋区,35.75729166666667,139.7140625,2029,1106,662.0,236.0,57.0,45.0,1058.0,483.0,510.0,0.0,100.0,957.0,322.0
5339550734,板橋区,35.75729166666667,139.71718750000002,2117,746,159.0,15.0,34.0,156.0,704.0,577.0,27.0,73.0,1.0,703.0,237.0
5339550741,板橋区,35.755208333333336,139.7203125,309,166,81.0,2.0,34.0,5.0,146.0,124.0,18.0,0.0,17.0,125.0,0.0
5339550742,北区,35.755208333333336,139.72343750000002,182,42,1.0,0.0,1.0,20.0,42.0,42.0,0.0,0.0,42.0,0.0,0.0
5339550743,北区,35.75729166666667,139.7203125,568,285,145.0,39.0,22.0,26.0,281.0,84.0,95.0,0.0,87.0,190.0,0.0
5339550744,北区,35.75729166666667,139.72343750000002,437,242,122.0,11.0,53.0,8.0,241.0,70.0,110.0,51.0,68.0,172.0,0.0
5339550811,北区,35.751041666666666,139.7265625,1133,632,376.0,122.0,79.0,30.0,632.0,303.0,210.0,4.0,296.0,336.0,0.0
5339550812,北区,35.751041666666666,139.7296875,1504,806,349.0,9.0,267.0,24.0,806.0,194.0,43.0,558.0,75.0,727.0,0.0
5339550813,北区,35.753125,139.7265625,470,284,175.0,32.0,81.0,5.0,271.0,86.0,67.0,117.0,68.0,202.0,0.0
5339550814,北区,35.753125,139.7296875,1021,593,305.0,40.0,146.0,22.0,593.0,143.0,180.0,244.0,72.0,521.0,0.0
5339550821,北区,35.751041666666666,139.7328125,1129,537,247.0,51.0,77.0,38.0,524.0,285.0,190.0,13.0,213.0,309.0,0.0
5339550822,北区,35.751041666666666,139.7359375,1087,608,366.0,99.0,65.0,40.0,567.0,277.0,211.0,20.0,123.0,440.0,0.0
5339550823,北区,35.753125,139.7328125,1467,827,462.0,117.0,60.0,53.0,803.0,290.0,465.0,0.0,105.0,696.0,0.0
5339550824,北区,35.753125,139.7359375,677,359,195.0,52.0,29.0,35.0,355.0,142.0,195.0,0.0,25.0,330.0,0.0
5339550831,北区,35.755208333333336,139.7265625,322,6,3.0,0.0,3.0,1.0,6.0,0.0,0.0,6.0,0.0,6.0,0.0
5339550832,北区,35.755208333333336,139.7296875,1295,693,381.0,51.0,201.0,35.0,681.0,227.0,164.0,249.0,149.0,531.0,0.0
5339550833,北区,35.75729166666667,139.7265625,330,167,75.0,3.0,52.0,8.0,167.0,65.0,19.0,81.0,14.0,153.0,0.0
5339550834,北区,35.75729166666667,139.7296875,1037,582,336.0,62.0,96.0,19.0,578.0,197.0,258.0,91.0,144.0,432.0,0.0
5339550841,北区,35.755208333333336,139.7328125,1164,687,420.0,134.0,71.0,37.0,667.0,291.0,340.0,0.0,219.0,447.0,0.0
5339550842,北区,35.755208333333336,139.7359375,730,440,288.0,72.0,42.0,29.0,440.0,112.0,285.0,0.0,67.0,369.0,0.0
5339550843,北区,35.75729166666667,139.7328125,756,415,217.0,43.0,77.0,27.0,414.0,235.0,162.0,0.0,182.0,230.0,0.0
5339550844,北区,35.75729166666667,139.7359375,1317,767,469.0,195.0,72.0,47.0,708.0,298.0,318.0,0.0,204.0,501.0,80.0
5339550911,北区,35.751041666666666,139.73906250000002,765,343,111.0,24.0,22.0,64.0,341.0,264.0,64.0,0.0,17.0,324.0,242.0
5339550912,北区,35.751041666666666,139.74218750000003,864,500,309.0,72.0,72.0,32.0,497.0,217.0,259.0,0.0,197.0,297.0,0.0
5339550913,北区,35.753125,139.73906250000002,103,62,39.0,13.0,4.0,3.0,62.0,24.0,35.0,0.0,20.0,42.0,0.0
5339550914,北区,35.753125,139.74218750000003,1079,600,357.0,71.0,86.0,31.0,590.0,283.0,291.0,0.0,230.0,357.0,0.0
5339550921,北区,35.751041666666666,139.7453125,1202,655,344.0,88.0,99.0,36.0,625.0,297.0,277.0,22.0,281.0,343.0,0.0
5339550922,北区,35.751041666666666,139.74843750000002,1145,628,342.0,78.0,102.0,36.0,619.0,295.0,299.0,0.0,257.0,359.0,0.0
5339550923,北区,35.753125,139.7453125,1252,720,396.0,89.0,121.0,43.0,708.0,382.0,281.0,0.0,183.0,523.0,65.0
5339550924,北区,35.753125,139.74843750000002,1507,756,371.0,54.0,142.0,65.0,752.0,502.0,235.0,0.0,477.0,269.0,0.0
5339550931,北区,35.755208333333336,139.73906250000002,1907,1063,556.0,157.0,118.0,66.0,1047.0,495.0,485.0,0.0,31.0,1011.0,37.0
5339550932,北区,35.755208333333336,139.74218750000003,826,468,271.0,95.0,35.0,32.0,438.0,151.0,261.0,0.0,15.0,423.0,2.0
5339550933,北区,35.75729166666667,139.73906250000002,2463,1426,834.0,208.0,135.0,90.0,1425.0,683.0,648.0,0.0,145.0,1273.0,139.0
5339550934,北区,35.75729166666667,139.74218750000003,1726,1007,592.0,177.0,143.0,44.0,1007.0,339.0,580.0,20.0,156.0,846.0,0.0
5339550941,北区,35.755208333333336,139.7453125,1327,636,261.0,46.0,78.0,51.0,635.0,108.0,84.0,351.0,57.0,578.0,0.0
5339550942,北区,35.755208333333336,139.74843750000002,1389,757,367.0,47.0,232.0,42.0,745.0,222.0,103.0,415.0,101.0,644.0,0.0
5339550943,北区,35.75729166666667,139.7453125,952,551,296.0,41.0,123.0,23.0,551.0,70.0,102.0,372.0,73.0,477.0,0.0
5339550944,北区,35.75729166666667,139.74843750000002,378,191,78.0,0.0,72.0,8.0,191.0,49.0,1.0,138.0,26.0,165.0,0.0
5339551011,練馬区,35.759375,139.6265625,1310,589,170.0,5.0,104.0,58.0,588.0,249.0,11.0,318.0,0.0,588.0,0.0
5339551012,練馬区,35.759375,139.62968750000002,1455,626,201.0,37.0,89.0,79.0,597.0,0.0,16.0,494.0,1.0,593.0,261.0
5339551013,練馬区,35.76145833333333,139.6265625,1436,656,190.0,6.0,121.0,41.0,655.0,237.0,14.0,396.0,1.0,654.0,0.0
5339551014,練馬区,35.76145833333333,139.62968750000002,1316,565,144.0,4.0,99.0,28.0,565.0,0.0,3.0,537.0,0.0,564.0,0.0
5339551021,練馬区,35.759375,139.6328125,888,469,240.0,54.0,33.0,45.0,469.0,154.0,278.0,0.0,118.0,346.0,0.0
5339551022,練馬区,35.759375,139.6359375,1174,498,154.0,24.0,32.0,53.0,497.0,297.0,155.0,0.0,188.0,309.0,0.0
5339551023,練馬区,35.76145833333333,139.6328125,1053,510,185.0,7.0,131.0,24.0,510.0,44.0,36.0,421.0,48.0,462.0,0.0
5339551024,練馬区,35.76145833333333,139.6359375,914,413,163.0,22.0,31.0,24.0,412.0,275.0,128.0,0.0,152.0,252.0,0.0
5339551031,練馬区,35.76354166666667,139.6265625,657,318,117.0,3.0,88.0,11.0,318.0,11.0,14.0,293.0,5.0,313.0,0.0
5339551032,練馬区,35.76354166666667,139.62968750000002,71,30,8.0,0.0,6.0,1.0,30.0,0.0,1.0,29.0,0.0,29.0,0.0
5339551033,練馬区,35.765625,139.6265625,41,22,11.0,3.0,2.0,1.0,22.0,11.0,11.0,0.0,9.0,13.0,0.0
5339551041,練馬区,35.76354166666667,139.6328125,1527,735,257.0,0.0,190.0,18.0,735.0,0.0,0.0,733.0,0.0,734.0,0.0
5339551042,練馬区,35.76354166666667,139.6359375,688,235,59.0,9.0,14.0,37.0,235.0,129.0,91.0,0.0,90.0,136.0,0.0
5339551043,練馬区,35.765625,139.6328125,621,246,72.0,19.0,16.0,32.0,246.0,114.0,127.0,0.0,116.0,126.0,0.0
5339551044,練馬区,35.765625,139.6359375,1094,426,110.0,22.0,6.0,68.0,422.0,216.0,180.0,0.0,66.0,345.0,0.0
5339551111,練馬区,35.759375,139.6390625,1284,538,175.0,26.0,28.0,73.0,533.0,241.0,113.0,0.0,158.0,370.0,0.0
5339551112,練馬区,35.759375,139.6421875,646,279,94.0,18.0,22.0,35.0,279.0,137.0,126.0,0.0,139.0,130.0,0.0
5339551113,練馬区,35.76145833333333,139.6390625,1294,605,255.0,70.0,61.0,24.0,604.0,380.0,197.0,0.0,379.0,221.0,0.0
5339551114,練馬区,35.76145833333333,139.6421875,1177,485,150.0,24.0,54.0,29.0,484.0,316.0,156.0,0.0,283.0,199.0,0.0
5339551121,練馬区,35.759375,139.6453125,1062,524,232.0,62.0,45.0,42.0,523.0,245.0,250.0,0.0,214.0,298.0,0.0
5339551122,練馬区,35.759375,139.6484375,1377,678,295.0,77.0,61.0,42.0,677.0,286.0,361.0,0.0,282.0,382.0,0.0
5339551123,練馬区,35.76145833333333,139.6453125,1323,626,266.0,59.0,65.0,54.0,626.0,279.0,285.0,0.0,274.0,349.0,0.0
5339551124,練馬区,35.76145833333333,139.6484375,1463,716,288.0,51.0,75.0,35.0,704.0,424.0,256.0,0.0,334.0,357.0,0.0
5339551131,練馬区,35.76354166666667,139.6390625,1208,484,125.0,23.0,37.0,73.0,484.0,259.0,201.0,0.0,271.0,186.0,0.0
5339551132,練馬区,35.76354166666667,139.6421875,1178,471,105.0,10.0,50.0,32.0,465.0,308.0,150.0,0.0,321.0,140.0,0.0
5339551133,練馬区,35.765625,139.6390625,1027,447,168.0,38.0,35.0,57.0,445.0,193.0,227.0,0.0,192.0,233.0,0.0
5339551134,練馬区,35.765625,139.6421875,1027,505,226.0,39.0,71.0,30.0,505.0,215.0,269.0,0.0,227.0,268.0,0.0
5339551141,練馬区,35.76354166666667,139.6453125,1049,526,257.0,50.0,68.0,24.0,525.0,277.0,229.0,0.0,256.0,266.0,0.0
5339551142,練馬区,35.76354166666667,139.6484375,1332,695,341.0,75.0,91.0,43.0,694.0,362.0,308.0,0.0,346.0,341.0,0.0
5339551143,練馬区,35.765625,139.6453125,701,358,163.0,47.0,31.0,30.0,357.0,161.0,178.0,0.0,164.0,187.0,0.0
5339551144,練馬区,35.765625,139.6484375,1175,655,378.0,81.0,88.0,45.0,654.0,256.0,366.0,0.0,238.0,409.0,0.0
5339551211,練馬区,35.759375,139.6515625,1074,681,441.0,158.0,60.0,30.0,671.0,153.0,406.0,57.0,87.0,581.0,0.0
5339551212,練馬区,35.759375,139.65468750000002,1187,619,262.0,38.0,109.0,50.0,618.0,39.0,274.0,285.0,15.0,603.0,0.0
5339551213,練馬区,35.76145833333333,139.6515625,882,523,306.0,96.0,56.0,25.0,523.0,161.0,334.0,0.0,155.0,368.0,0.0
5339551214,練馬区,35.76145833333333,139.65468750000002,733,384,192.0,46.0,38.0,29.0,384.0,78.0,202.0,68.0,80.0,302.0,0.0
5339551221,練馬区,35.759375,139.6578125,1525,791,414.0,104.0,61.0,67.0,790.0,173.0,520.0,63.0,84.0,689.0,0.0
5339551222,練馬区,35.759375,139.66093750000002,1127,542,231.0,61.0,47.0,43.0,541.0,223.0,264.0,24.0,146.0,389.0,0.0
5339551223,練馬区,35.76145833333333,139.6578125,348,159,84.0,13.0,25.0,5.0,158.0,16.0,60.0,74.0,8.0,150.0,0.0
5339551224,練馬区,35.76145833333333,139.66093750000002,1548,522,252.0,50.0,111.0,34.0,522.0,187.0,150.0,172.0,165.0,356.0,0.0
5339551231,練馬区,35.76354166666667,139.6515625,955,494,244.0,51.0,75.0,33.0,494.0,251.0,214.0,0.0,253.0,235.0,0.0
5339551232,練馬区,35.76354166666667,139.65468750000002,937,419,165.0,27.0,47.0,44.0,418.0,134.0,201.0,32.0,138.0,261.0,0.0
5339551233,練馬区,35.765625,139.6515625,1030,502,229.0,42.0,44.0,35.0,502.0,246.0,246.0,0.0,249.0,247.0,0.0
5339551234,練馬区,35.765625,139.65468750000002,1184,684,406.0,126.0,96.0,28.0,682.0,308.0,347.0,0.0,183.0,493.0,0.0
5339551241,練馬区,35.76354166666667,139.6578125,275,8,2.0,1.0,0.0,1.0,8.0,0.0,7.0,0.0,1.0,7.0,0.0
5339551243,練馬区,35.765625,139.6578125,820,334,188.0,55.0,9.0,36.0,323.0,21.0,137.0,0.0,24.0,298.0,0.0
5339551244,練馬区,35.765625,139.66093750000002,1634,718,296.0,13.0,102.0,136.0,713.0,27.0,86.0,151.0,18.0,693.0,0.0
5339551311,練馬区,35.759375,139.6640625,1631,636,221.0,38.0,71.0,79.0,636.0,355.0,272.0,0.0,159.0,473.0,0.0
5339551312,練馬区,35.759375,139.6671875,1161,518,209.0,29.0,72.0,50.0,516.0,314.0,181.0,0.0,314.0,198.0,0.0
5339551313,練馬区,35.76145833333333,139.6640625,1403,634,233.0,42.0,69.0,60.0,615.0,240.0,133.0,225.0,173.0,439.0,0.0
5339551314,練馬区,35.76145833333333,139.6671875,978,478,233.0,36.0,67.0,34.0,477.0,165.0,203.0,93.0,162.0,312.0,0.0
5339551321,練馬区,35.759375,139.6703125,1218,608,314.0,77.0,76.0,44.0,607.0,293.0,283.0,1.0,211.0,396.0,0.0
5339551322,板橋区,35.759375,139.6734375,1227,657,340.0,74.0,97.0,42.0,655.0,312.0,260.0,24.0,254.0,389.0,0.0
5339551323,練馬区,35.76145833333333,139.6703125,1520,794,396.0,110.0,75.0,50.0,789.0,350.0,346.0,23.0,173.0,611.0,0.0
5339551324,板橋区,35.76145833333333,139.6734375,1220,724,442.0,80.0,69.0,27.0,722.0,277.0,392.0,0.0,98.0,609.0,0.0
5339551331,練馬区,35.76354166666667,139.6640625,499,221,88.0,21.0,4.0,32.0,221.0,96.0,121.0,0.0,32.0,189.0,0.0
5339551332,練馬区,35.76354166666667,139.6671875,1315,738,407.0,84.0,114.0,53.0,733.0,204.0,315.0,188.0,135.0,591.0,0.0
5339551333,練馬区,35.765625,139.6640625,893,481,267.0,51.0,41.0,32.0,480.0,131.0,233.0,0.0,126.0,352.0,0.0
5339551334,練馬区,35.765625,139.6671875,1340,767,444.0,125.0,68.0,51.0,767.0,308.0,417.0,0.0,134.0,630.0,0.0
5339551341,板橋区,35.76354166666667,139.6703125,1491,949,641.0,202.0,70.0,31.0,946.0,313.0,589.0,0.0,195.0,745.0,0.0
5339551342,板橋区,35.76354166666667,139.6734375,1559,977,635.0,126.0,129.0,37.0,975.0,280.0,652.0,0.0,111.0,861.0,0.0
5339551343,板橋区,35.765625,139.6703125,1715,934,501.0,89.0,101.0,55.0,920.0,382.0,489.0,0.0,175.0,735.0,0.0
5339551344,板橋区,35.765625,139.6734375,1792,1214,858.0,193.0,171.0,32.0,1203.0,374.0,738.0,0.0,156.0,1046.0,0.0
5339551411,板橋区,35.759375,139.67656250000002,1630,821,442.0,137.0,101.0,55.0,817.0,304.0,430.0,0.0,250.0,555.0,0.0
5339551412,板橋区,35.759375,139.67968750000003,1560,895,572.0,193.0,59.0,50.0,889.0,233.0,549.0,0.0,180.0,706.0,0.0
5339551413,板橋区,35.76145833333333,139.67656250000002,1529,1013,679.0,158.0,121.0,40.0,1013.0,221.0,740.0,0.0,155.0,855.0,0.0
5339551414,板橋区,35.76145833333333,139.67968750000003,1129,666,395.0,88.0,87.0,31.0,661.0,246.0,336.0,0.0,161.0,495.0,0.0
5339551421,板橋区,35.759375,139.6828125,1905,1082,641.0,234.0,97.0,67.0,1063.0,333.0,576.0,0.0,155.0,902.0,0.0
5339551422,板橋区,35.759375,139.68593750000002,1464,933,628.0,171.0,103.0,39.0,925.0,283.0,615.0,0.0,194.0,725.0,0.0
5339551423,板橋区,35.76145833333333,139.6828125,1344,704,398.0,108.0,105.0,45.0,694.0,276.0,358.0,0.0,144.0,538.0,0.0
5339551424,板橋区,35.76145833333333,139.68593750000002,1225,633,320.0,65.0,86.0,41.0,625.0,328.0,274.0,0.0,326.0,294.0,0.0
5339551431,板橋区,35.76354166666667,139.67656250000002,1006,644,415.0,84.0,103.0,28.0,642.0,237.0,375.0,0.0,70.0,570.0,0.0
5339551432,板橋区,35.76354166666667,139.67968750000003,895,503,277.0,64.0,81.0,17.0,503.0,169.0,279.0,30.0,121.0,373.0,0.0
5339551433,板橋区,35.765625,139.67656250000002,1620,925,547.0,126.0,128.0,33.0,917.0,403.0,481.0,0.0,297.0,614.0,0.0
5339551434,板橋区,35.765625,139.67968750000003,1607,827,402.0,74.0,85.0,39.0,824.0,373.0,420.0,12.0,182.0,639.0,0.0
5339551441,板橋区,35.76354166666667,139.6828125,1194,693,401.0,100.0,103.0,25.0,680.0,316.0,319.0,18.0,139.0,536.0,0.0
5339551442,板橋区,35.76354166666667,139.68593750000002,1616,604,272.0,53.0,79.0,46.0,603.0,359.0,218.0,0.0,167.0,434.0,0.0
5339551443,板橋区,35.765625,139.6828125,1533,785,361.0,63.0,118.0,33.0,782.0,430.0,280.0,52.0,194.0,584.0,0.0
5339551444,板橋区,35.765625,139.68593750000002,1322,727,400.0,85.0,89.0,37.0,725.0,374.0,279.0,36.0,100.0,622.0,0.0
5339551511,板橋区,35.759375,139.6890625,873,494,279.0,37.0,45.0,23.0,494.0,217.0,253.0,0.0,106.0,385.0,0.0
5339551512,板橋区,35.759375,139.69218750000002,734,408,230.0,46.0,36.0,14.0,404.0,181.0,208.0,0.0,151.0,251.0,0.0
5339551513,板橋区,35.76145833333333,139.6890625,702,345,162.0,28.0,45.0,17.0,342.0,180.0,149.0,0.0,184.0,157.0,0.0
5339551514,板橋区,35.76145833333333,139.69218750000002,776,401,199.0,41.0,50.0,18.0,400.0,196.0,170.0,0.0,192.0,201.0,0.0
5339551521,板橋区,35.759375,139.6953125,1259,825,540.0,102.0,160.0,26.0,820.0,248.0,345.0,192.0,174.0,642.0,0.0
5339551522,板橋区,35.759375,139.6984375,1440,834,498.0,99.0,195.0,55.0,834.0,135.0,321.0,325.0,125.0,707.0,0.0
5339551523,板橋区,35.76145833333333,139.6953125,1534,862,525.0,123.0,105.0,39.0,848.0,327.0,494.0,0.0,301.0,520.0,0.0
5339551524,板橋区,35.76145833333333,139.6984375,1250,708,394.0,82.0,98.0,34.0,707.0,335.0,326.0,24.0,286.0,418.0,0.0
5339551531,板橋区,35.76354166666667,139.6890625,2668,1306,610.0,114.0,140.0,106.0,1300.0,827.0,419.0,0.0,205.0,1083.0,431.0
5339551532,板橋区,35.76354166666667,139.69218750000002,1485,855,508.0,113.0,92.0,57.0,849.0,305.0,397.0,101.0,169.0,679.0,0.0
5339551533,板橋区,35.765625,139.6890625,1584,861,487.0,103.0,161.0,29.0,824.0,491.0,296.0,8.0,205.0,618.0,0.0
5339551534,板橋区,35.765625,139.69218750000002,2670,1192,445.0,71.0,104.0,142.0,1185.0,861.0,290.0,16.0,91.0,1088.0,329.0
5339551541,板橋区,35.76354166666667,139.6953125,1432,653,266.0,37.0,79.0,88.0,635.0,351.0,133.0,54.0,186.0,448.0,0.0
5339551542,板橋区,35.76354166666667,139.6984375,1282,719,423.0,128.0,50.0,29.0,712.0,318.0,356.0,0.0,147.0,563.0,0.0
5339551543,板橋区,35.765625,139.6953125,1492,760,331.0,29.0,168.0,30.0,760.0,335.0,91.0,316.0,80.0,679.0,0.0
5339551544,板橋区,35.765625,139.6984375,1912,878,434.0,111.0,131.0,56.0,876.0,422.0,274.0,120.0,310.0,563.0,0.0
5339551611,板橋区,35.759375,139.7015625,1266,780,514.0,125.0,109.0,34.0,776.0,238.0,477.0,19.0,231.0,540.0,0.0
5339551612,板橋区,35.759375,139.7046875,1775,1100,727.0,200.0,127.0,46.0,1095.0,413.0,643.0,0.0,262.0,827.0,0.0
5339551613,板橋区,35.76145833333333,139.7015625,1384,784,447.0,140.0,84.0,37.0,780.0,325.0,405.0,2.0,169.0,610.0,0.0
5339551614,板橋区,35.76145833333333,139.7046875,1978,1271,906.0,280.0,104.0,53.0,1262.0,351.0,815.0,0.0,182.0,1078.0,84.0
5339551621,板橋区,35.759375,139.7078125,2323,1333,791.0,316.0,96.0,100.0,1302.0,452.0,706.0,0.0,203.0,1097.0,48.0
5339551622,板橋区,35.759375,139.7109375,1478,693,311.0,73.0,93.0,59.0,691.0,308.0,266.0,0.0,216.0,475.0,0.0
5339551623,板橋区,35.76145833333333,139.7078125,1797,1140,750.0,190.0,122.0,50.0,1138.0,339.0,708.0,35.0,172.0,950.0,12.0
5339551624,板橋区,35.76145833333333,139.7109375,1110,636,388.0,110.0,84.0,22.0,634.0,242.0,375.0,0.0,186.0,434.0,0.0
5339551631,板橋区,35.76354166666667,139.7015625,1634,845,487.0,108.0,86.0,44.0,838.0,338.0,465.0,0.0,317.0,512.0,0.0
5339551632,板橋区,35.76354166666667,139.7046875,2958,1866,1282.0,503.0,121.0,123.0,1845.0,609.0,1114.0,0.0,173.0,1662.0,326.0
5339551633,板橋区,35.765625,139.7015625,1509,867,587.0,224.0,126.0,30.0,862.0,305.0,368.0,55.0,197.0,661.0,0.0
5339551634,板橋区,35.765625,139.7046875,1776,1128,759.0,241.0,90.0,57.0,1105.0,419.0,592.0,0.0,228.0,871.0,0.0
5339551641,板橋区,35.76354166666667,139.7078125,1476,899,570.0,149.0,107.0,39.0,895.0,365.0,473.0,0.0,345.0,547.0,30.0
5339551642,板橋区,35.76354166666667,139.7109375,2301,1060,543.0,141.0,99.0,133.0,1053.0,79.0,220.0,151.0,61.0,987.0,97.0
5339551643,板橋区,35.765625,139.7078125,1223,668,365.0,54.0,142.0,36.0,666.0,237.0,229.0,184.0,148.0,514.0,0.0
5339551644,北区,35.765625,139.7109375,1586,738,307.0,16.0,212.0,103.0,737.0,22.0,52.0,451.0,21.0,716.0,119.0
5339551711,板橋区,35.759375,139.7140625,396,151,56.0,11.0,14.0,21.0,146.0,42.0,28.0,0.0,16.0,130.0,0.0
5339551712,北区,35.759375,139.71718750000002,725,382,206.0,32.0,47.0,18.0,292.0,206.0,75.0,0.0,55.0,237.0,0.0
5339551713,板橋区,35.76145833333333,139.7140625,1474,875,552.0,206.0,126.0,60.0,833.0,320.0,425.0,18.0,286.0,539.0,0.0
5339551714,北区,35.76145833333333,139.71718750000002,1468,943,636.0,201.0,133.0,31.0,941.0,261.0,644.0,6.0,213.0,722.0,0.0
5339551721,北区,35.759375,139.7203125,1080,656,412.0,128.0,99.0,24.0,654.0,258.0,369.0,0.0,276.0,376.0,0.0
5339551722,北区,35.759375,139.72343750000002,1569,947,578.0,138.0,157.0,44.0,944.0,333.0,565.0,0.0,276.0,653.0,0.0
5339551723,北区,35.76145833333333,139.7203125,1294,805,526.0,143.0,145.0,25.0,799.0,295.0,455.0,0.0,284.0,498.0,0.0
5339551724,北区,35.76145833333333,139.72343750000002,1513,881,521.0,115.0,148.0,30.0,869.0,384.0,446.0,0.0,378.0,481.0,0.0
5339551731,北区,35.76354166666667,139.7140625,1466,882,544.0,147.0,111.0,51.0,880.0,336.0,466.0,40.0,227.0,649.0,0.0
5339551732,北区,35.76354166666667,139.71718750000002,1612,941,563.0,154.0,103.0,47.0,939.0,326.0,551.0,0.0,299.0,634.0,0.0
5339551733,北区,35.765625,139.7140625,1361,660,279.0,55.0,97.0,51.0,659.0,417.0,192.0,36.0,425.0,232.0,0.0
5339551734,北区,35.765625,139.71718750000002,1209,625,303.0,80.0,94.0,31.0,619.0,373.0,226.0,0.0,385.0,233.0,0.0
5339551741,北区,35.76354166666667,139.7203125,1381,782,435.0,85.0,144.0,24.0,779.0,351.0,397.0,0.0,273.0,496.0,0.0
5339551742,北区,35.76354166666667,139.72343750000002,1473,922,573.0,149.0,134.0,32.0,916.0,353.0,498.0,0.0,357.0,547.0,0.0
5339551743,北区,35.765625,139.7203125,1315,759,434.0,117.0,104.0,33.0,757.0,304.0,416.0,0.0,295.0,457.0,0.0
5339551744,北区,35.765625,139.72343750000002,1411,889,609.0,162.0,140.0,32.0,888.0,322.0,513.0,0.0,260.0,601.0,0.0
5339551811,北区,35.759375,139.7265625,1307,828,546.0,152.0,122.0,26.0,823.0,302.0,483.0,0.0,310.0,509.0,0.0
5339551812,北区,35.759375,139.7296875,1009,608,375.0,81.0,105.0,22.0,607.0,291.0,294.0,0.0,250.0,354.0,0.0
5339551813,北区,35.76145833333333,139.7265625,1203,758,493.0,130.0,110.0,32.0,753.0,226.0,493.0,0.0,222.0,518.0,0.0
5339551814,北区,35.76145833333333,139.7296875,1510,895,575.0,130.0,162.0,33.0,888.0,341.0,493.0,0.0,215.0,672.0,0.0
5339551821,北区,35.759375,139.7328125,1236,630,351.0,81.0,85.0,42.0,629.0,272.0,338.0,0.0,223.0,400.0,0.0
5339551822,北区,35.759375,139.7359375,1196,706,438.0,122.0,100.0,44.0,705.0,262.0,398.0,0.0,238.0,464.0,0.0
5339551823,北区,35.76145833333333,139.7328125,1945,956,450.0,102.0,123.0,139.0,954.0,479.0,435.0,0.0,274.0,675.0,66.0
5339551824,北区,35.76145833333333,139.7359375,1905,1112,663.0,168.0,116.0,58.0,1109.0,447.0,595.0,0.0,273.0,829.0,0.0
5339551831,北区,35.76354166666667,139.7265625,518,304,180.0,36.0,39.0,18.0,300.0,114.0,173.0,0.0,82.0,216.0,0.0
5339551832,北区,35.76354166666667,139.7296875,2400,1510,959.0,273.0,161.0,89.0,1507.0,470.0,958.0,0.0,156.0,1338.0,84.0
5339551833,北区,35.765625,139.7265625,1253,800,536.0,125.0,112.0,29.0,799.0,260.0,492.0,0.0,111.0,684.0,66.0
5339551834,北区,35.765625,139.7296875,1568,926,563.0,165.0,136.0,48.0,922.0,273.0,574.0,0.0,190.0,718.0,0.0
5339551841,北区,35.76354166666667,139.7328125,4364,1814,493.0,70.0,135.0,475.0,1810.0,884.0,207.0,679.0,72.0,1726.0,645.0
5339551842,北区,35.76354166666667,139.7359375,1728,1162,808.0,119.0,310.0,33.0,1162.0,238.0,322.0,565.0,100.0,1057.0,0.0
5339551843,北区,35.765625,139.7328125,1284,612,265.0,48.0,81.0,57.0,609.0,150.0,171.0,260.0,27.0,582.0,0.0
5339551844,北区,35.765625,139.7359375,2830,1532,733.0,133.0,265.0,104.0,1530.0,331.0,356.0,737.0,136.0,1392.0,142.0
5339551911,北区,35.759375,139.73906250000002,1208,727,440.0,101.0,114.0,52.0,726.0,87.0,308.0,178.0,68.0,658.0,0.0
5339551912,北区,35.759375,139.74218750000003,1008,571,321.0,72.0,121.0,26.0,566.0,213.0,213.0,103.0,197.0,369.0,0.0
5339551913,北区,35.76145833333333,139.73906250000002,1330,615,280.0,53.0,102.0,59.0,612.0,66.0,173.0,228.0,15.0,593.0,0.0
5339551914,北区,35.76145833333333,139.74218750000003,1035,441,138.0,16.0,63.0,56.0,440.0,183.0,76.0,44.0,102.0,338.0,0.0
5339551921,北区,35.759375,139.7453125,1132,654,383.0,94.0,100.0,27.0,653.0,210.0,364.0,44.0,219.0,433.0,0.0
5339551922,北区,35.759375,139.74843750000002,573,242,72.0,1.0,39.0,23.0,242.0,170.0,67.0,3.0,86.0,156.0,0.0
5339551923,北区,35.76145833333333,139.7453125,1440,661,271.0,55.0,100.0,60.0,659.0,394.0,247.0,0.0,335.0,316.0,0.0
5339551924,北区,35.76145833333333,139.74843750000002,1421,654,235.0,33.0,94.0,36.0,639.0,430.0,187.0,0.0,269.0,369.0,0.0
5339551931,北区,35.76354166666667,139.73906250000002,764,333,136.0,20.0,51.0,38.0,332.0,134.0,116.0,72.0,95.0,237.0,0.0
5339551932,北区,35.76354166666667,139.74218750000003,988,431,159.0,16.0,72.0,25.0,430.0,325.0,80.0,0.0,232.0,194.0,0.0
5339551933,北区,35.765625,139.73906250000002,1598,820,397.0,87.0,134.0,62.0,816.0,389.0,340.0,46.0,353.0,462.0,0.0
5339551934,北区,35.765625,139.74218750000003,2091,1000,432.0,103.0,114.0,63.0,997.0,553.0,383.0,38.0,246.0,743.0,0.0
5339551941,北区,35.76354166666667,139.7453125,1371,667,288.0,32.0,117.0,38.0,663.0,428.0,203.0,0.0,409.0,248.0,0.0
5339551942,北区,35.76354166666667,139.74843750000002,1000,532,268.0,55.0,95.0,24.0,488.0,290.0,172.0,0.0,302.0,180.0,0.0
5339551943,北区,35.765625,139.7453125,1126,510,197.0,33.0,92.0,31.0,501.0,324.0,136.0,24.0,336.0,160.0,0.0
5339551944,北区,35.765625,139.74843750000002,2105,753,125.0,8.0,51.0,108.0,753.0,653.0,44.0,44.0,9.0,744.0,353.0
5339552011,練馬区,35.76770833333333,139.6265625,13,5,1.0,1.0,0.0,2.0,5.0,0.0,0.0,0.0,0.0,5.0,0.0
5339552013,練馬区,35.76979166666666,139.6265625,339,150,47.0,4.0,27.0,10.0,150.0,124.0,19.0,0.0,127.0,22.0,0.0
5339552014,練馬区,35.76979166666666,139.62968750000002,586,284,135.0,21.0,48.0,23.0,276.0,38.0,77.0,157.0,38.0,238.0,0.0
5339552022,練馬区,35.76770833333333,139.6359375,894,383,92.0,3.0,49.0,39.0,381.0,289.0,79.0,0.0,39.0,342.0,0.0
5339552023,練馬区,35.76979166666666,139.6328125,507,258,128.0,28.0,32.0,24.0,258.0,55.0,112.0,73.0,28.0,227.0,0.0
5339552024,板橋区,35.76979166666666,139.6359375,1050,457,109.0,6.0,64.0,32.0,457.0,323.0,34.0,92.0,45.0,410.0,0.0
5339552031,練馬区,35.771875,139.6265625,947,522,306.0,54.0,60.0,21.0,514.0,217.0,278.0,0.0,218.0,282.0,0.0
5339552032,練馬区,35.771875,139.62968750000002,1315,788,495.0,139.0,109.0,41.0,787.0,257.0,395.0,106.0,151.0,634.0,0.0
5339552033,練馬区,35.77395833333333,139.6265625,760,458,289.0,69.0,51.0,22.0,458.0,163.0,237.0,0.0,141.0,303.0,0.0
5339552034,板橋区,35.77395833333333,139.62968750000002,1573,855,479.0,118.0,66.0,52.0,851.0,311.0,503.0,0.0,202.0,640.0,0.0
5339552041,板橋区,35.771875,139.6328125,1790,967,505.0,112.0,75.0,88.0,965.0,420.0,514.0,0.0,227.0,725.0,0.0
5339552042,板橋区,35.771875,139.6359375,1357,746,415.0,101.0,46.0,66.0,746.0,249.0,449.0,0.0,162.0,573.0,0.0
5339552043,板橋区,35.77395833333333,139.6328125,1129,645,362.0,116.0,55.0,42.0,644.0,173.0,404.0,20.0,123.0,504.0,0.0
5339552044,板橋区,35.77395833333333,139.6359375,1519,969,636.0,165.0,69.0,60.0,968.0,218.0,702.0,0.0,148.0,807.0,0.0
5339552111,練馬区,35.76770833333333,139.6390625,2284,1300,640.0,56.0,331.0,68.0,1296.0,85.0,127.0,1068.0,87.0,1208.0,0.0
5339552112,練馬区,35.76770833333333,139.6421875,1616,732,276.0,54.0,78.0,73.0,731.0,258.0,281.0,82.0,121.0,610.0,0.0
5339552113,板橋区,35.76979166666666,139.6390625,1459,633,214.0,24.0,85.0,61.0,633.0,180.0,57.0,335.0,22.0,611.0,0.0
5339552114,練馬区,35.76979166666666,139.6421875,1514,834,438.0,90.0,126.0,44.0,832.0,152.0,377.0,271.0,79.0,752.0,0.0
5339552121,練馬区,35.76770833333333,139.6453125,1445,794,451.0,136.0,61.0,53.0,794.0,216.0,535.0,0.0,186.0,604.0,0.0
5339552122,練馬区,35.76770833333333,139.6484375,1215,745,460.0,124.0,107.0,30.0,743.0,189.0,384.0,141.0,110.0,631.0,0.0
5339552123,板橋区,35.76979166666666,139.6453125,1204,744,475.0,155.0,43.0,57.0,744.0,162.0,517.0,0.0,72.0,662.0,0.0
5339552124,板橋区,35.76979166666666,139.6484375,1078,620,350.0,83.0,70.0,34.0,615.0,196.0,404.0,0.0,182.0,424.0,0.0
5339552131,板橋区,35.771875,139.6390625,1404,768,442.0,81.0,86.0,47.0,768.0,260.0,469.0,0.0,181.0,587.0,0.0
5339552132,板橋区,35.771875,139.6421875,1474,899,552.0,150.0,91.0,41.0,896.0,272.0,595.0,0.0,201.0,678.0,0.0
5339552133,板橋区,35.77395833333333,139.6390625,1725,915,501.0,140.0,81.0,59.0,915.0,376.0,502.0,0.0,301.0,609.0,0.0
5339552134,板橋区,35.77395833333333,139.6421875,1170,598,284.0,60.0,53.0,51.0,596.0,248.0,314.0,0.0,227.0,359.0,0.0
5339552141,板橋区,35.771875,139.6453125,1413,964,702.0,203.0,92.0,24.0,960.0,232.0,673.0,0.0,162.0,792.0,0.0
5339552142,板橋区,35.771875,139.6484375,1257,682,367.0,95.0,81.0,50.0,682.0,283.0,362.0,0.0,255.0,425.0,0.0
5339552143,板橋区,35.77395833333333,139.6453125,1054,635,405.0,96.0,59.0,31.0,633.0,162.0,432.0,0.0,158.0,473.0,0.0
5339552144,板橋区,35.77395833333333,139.6484375,1252,692,400.0,89.0,90.0,33.0,691.0,297.0,367.0,0.0,290.0,379.0,0.0
5339552211,練馬区,35.76770833333333,139.6515625,1031,590,317.0,91.0,39.0,49.0,589.0,195.0,354.0,0.0,88.0,501.0,0.0
5339552212,練馬区,35.76770833333333,139.65468750000002,1629,789,405.0,103.0,53.0,50.0,788.0,441.0,292.0,19.0,53.0,735.0,0.0
5339552213,板橋区,35.76979166666666,139.6515625,1222,632,309.0,59.0,69.0,48.0,629.0,234.0,380.0,0.0,222.0,407.0,0.0
5339552214,板橋区,35.76979166666666,139.65468750000002,1458,818,473.0,125.0,88.0,40.0,816.0,299.0,494.0,0.0,218.0,593.0,0.0
5339552221,練馬区,35.76770833333333,139.6578125,1712,871,422.0,87.0,77.0,53.0,870.0,304.0,514.0,22.0,143.0,724.0,0.0
5339552222,練馬区,35.76770833333333,139.66093750000002,1656,1014,638.0,135.0,103.0,54.0,1013.0,320.0,629.0,12.0,91.0,913.0,0.0
5339552223,板橋区,35.76979166666666,139.6578125,1514,909,560.0,115.0,110.0,45.0,905.0,341.0,518.0,0.0,145.0,757.0,0.0
5339552224,板橋区,35.76979166666666,139.66093750000002,727,452,275.0,52.0,49.0,13.0,452.0,137.0,281.0,0.0,70.0,380.0,0.0
5339552231,板橋区,35.771875,139.6515625,1203,575,248.0,36.0,62.0,45.0,574.0,344.0,223.0,0.0,200.0,373.0,0.0
5339552232,板橋区,35.771875,139.65468750000002,2084,877,281.0,43.0,88.0,56.0,872.0,587.0,259.0,0.0,100.0,762.0,0.0
5339552233,板橋区,35.77395833333333,139.6515625,1566,670,227.0,56.0,45.0,91.0,668.0,470.0,177.0,0.0,233.0,435.0,0.0
5339552234,板橋区,35.77395833333333,139.65468750000002,1246,560,235.0,45.0,71.0,68.0,560.0,309.0,229.0,0.0,249.0,308.0,0.0
5339552241,板橋区,35.771875,139.6578125,1436,692,302.0,40.0,82.0,26.0,689.0,405.0,257.0,0.0,163.0,521.0,0.0
5339552242,板橋区,35.771875,139.66093750000002,920,521,299.0,69.0,78.0,33.0,521.0,155.0,309.0,26.0,118.0,403.0,0.0
5339552243,板橋区,35.77395833333333,139.6578125,1514,773,352.0,73.0,82.0,45.0,767.0,363.0,366.0,0.0,278.0,482.0,0.0
5339552244,板橋区,35.77395833333333,139.66093750000002,997,579,346.0,94.0,55.0,25.0,576.0,226.0,313.0,20.0,165.0,410.0,0.0
5339552311,練馬区,35.76770833333333,139.6640625,1617,1034,710.0,192.0,107.0,45.0,1031.0,342.0,635.0,0.0,157.0,865.0,0.0
5339552312,板橋区,35.76770833333333,139.6671875,1575,822,415.0,120.0,90.0,36.0,818.0,418.0,333.0,31.0,147.0,668.0,0.0
5339552313,板橋区,35.76979166666666,139.6640625,1636,1069,763.0,217.0,110.0,30.0,1066.0,386.0,640.0,0.0,269.0,793.0,0.0
5339552314,板橋区,35.76979166666666,139.6671875,1944,978,438.0,89.0,116.0,57.0,976.0,488.0,367.0,91.0,120.0,853.0,166.0
5339552321,板橋区,35.76770833333333,139.6703125,1900,856,328.0,77.0,85.0,67.0,852.0,595.0,197.0,0.0,183.0,660.0,0.0
5339552322,板橋区,35.76770833333333,139.6734375,1467,696,355.0,66.0,76.0,51.0,694.0,353.0,317.0,5.0,345.0,349.0,0.0
5339552323,板橋区,35.76979166666666,139.6703125,883,478,266.0,53.0,83.0,17.0,477.0,319.0,144.0,0.0,179.0,297.0,0.0
5339552324,板橋区,35.76979166666666,139.6734375,1379,763,416.0,74.0,118.0,38.0,757.0,305.0,267.0,150.0,274.0,472.0,0.0
5339552331,板橋区,35.771875,139.6640625,1464,895,568.0,134.0,127.0,41.0,891.0,423.0,445.0,0.0,300.0,586.0,0.0
5339552332,板橋区,35.771875,139.6671875,839,470,271.0,66.0,38.0,30.0,468.0,142.0,295.0,0.0,109.0,357.0,0.0
5339552333,板橋区,35.77395833333333,139.6640625,1724,875,430.0,109.0,79.0,55.0,871.0,444.0,393.0,0.0,207.0,662.0,0.0
5339552334,板橋区,35.77395833333333,139.6671875,1482,603,310.0,71.0,55.0,38.0,599.0,305.0,266.0,14.0,195.0,404.0,0.0
5339552341,板橋区,35.771875,139.6703125,1113,552,261.0,57.0,83.0,33.0,546.0,238.0,147.0,144.0,214.0,326.0,0.0
5339552342,板橋区,35.771875,139.6734375,1021,528,296.0,29.0,111.0,26.0,525.0,176.0,102.0,229.0,131.0,389.0,0.0
5339552343,板橋区,35.77395833333333,139.6703125,716,373,206.0,40.0,86.0,20.0,371.0,79.0,163.0,123.0,90.0,278.0,0.0
5339552344,板橋区,35.77395833333333,139.6734375,825,396,194.0,32.0,63.0,30.0,394.0,187.0,119.0,78.0,125.0,266.0,0.0
5339552411,板橋区,35.76770833333333,139.67656250000002,1345,757,422.0,73.0,117.0,41.0,755.0,287.0,423.0,20.0,220.0,523.0,0.0
5339552412,板橋区,35.76770833333333,139.67968750000003,1642,792,392.0,68.0,110.0,33.0,789.0,466.0,283.0,0.0,309.0,468.0,0.0
5339552413,板橋区,35.76979166666666,139.67656250000002,1557,760,343.0,76.0,65.0,42.0,758.0,426.0,306.0,0.0,191.0,557.0,0.0
5339552414,板橋区,35.76979166666666,139.67968750000003,1212,579,234.0,22.0,96.0,46.0,577.0,371.0,150.0,24.0,126.0,448.0,0.0
5339552421,板橋区,35.76770833333333,139.6828125,1381,718,390.0,64.0,111.0,36.0,716.0,439.0,240.0,27.0,236.0,479.0,0.0
5339552422,板橋区,35.76770833333333,139.68593750000002,937,553,338.0,73.0,65.0,28.0,549.0,185.0,306.0,45.0,165.0,379.0,0.0
5339552423,板橋区,35.76979166666666,139.6828125,1340,648,265.0,30.0,80.0,55.0,645.0,400.0,203.0,30.0,184.0,461.0,0.0
5339552424,板橋区,35.76979166666666,139.68593750000002,648,299,147.0,26.0,45.0,22.0,297.0,148.0,111.0,35.0,131.0,165.0,0.0
5339552431,板橋区,35.771875,139.67656250000002,932,381,144.0,17.0,46.0,35.0,379.0,247.0,117.0,0.0,197.0,178.0,0.0
5339552432,板橋区,35.771875,139.67968750000003,1093,525,208.0,15.0,83.0,28.0,522.0,435.0,76.0,0.0,126.0,389.0,141.0
5339552433,板橋区,35.77395833333333,139.67656250000002,1384,649,291.0,43.0,78.0,55.0,646.0,420.0,187.0,10.0,215.0,431.0,10.0
5339552434,板橋区,35.77395833333333,139.67968750000003,2450,1185,407.0,30.0,206.0,55.0,1180.0,1007.0,150.0,0.0,25.0,1153.0,1073.0
5339552441,板橋区,35.771875,139.6828125,1184,603,317.0,94.0,58.0,41.0,603.0,310.0,282.0,0.0,272.0,328.0,0.0
5339552442,板橋区,35.771875,139.68593750000002,1727,690,256.0,47.0,61.0,63.0,685.0,429.0,178.0,53.0,132.0,549.0,0.0
5339552443,板橋区,35.77395833333333,139.6828125,1494,902,588.0,213.0,42.0,52.0,838.0,343.0,70.0,0.0,116.0,720.0,0.0
5339552444,板橋区,35.77395833333333,139.68593750000002,627,363,201.0,70.0,51.0,16.0,362.0,157.0,109.0,59.0,71.0,291.0,0.0
5339552511,板橋区,35.76770833333333,139.6890625,1318,530,176.0,17.0,72.0,81.0,528.0,263.0,137.0,11.0,160.0,363.0,0.0
5339552512,板橋区,35.76770833333333,139.69218750000002,1328,643,333.0,77.0,80.0,53.0,573.0,286.0,201.0,42.0,230.0,332.0,0.0
5339552513,板橋区,35.76979166666666,139.6890625,1263,532,204.0,36.0,53.0,55.0,525.0,304.0,178.0,15.0,204.0,321.0,0.0
5339552514,板橋区,35.76979166666666,139.69218750000002,1044,569,320.0,64.0,101.0,16.0,565.0,213.0,249.0,76.0,132.0,429.0,71.0
5339552521,板橋区,35.76770833333333,139.6953125,1813,945,522.0,157.0,88.0,59.0,942.0,447.0,436.0,22.0,208.0,733.0,0.0
5339552522,板橋区,35.76770833333333,139.6984375,875,507,307.0,86.0,62.0,25.0,502.0,265.0,223.0,0.0,243.0,250.0,0.0
5339552523,板橋区,35.76979166666666,139.6953125,1414,580,174.0,23.0,43.0,41.0,579.0,414.0,111.0,28.0,37.0,542.0,303.0
5339552524,板橋区,35.76979166666666,139.6984375,2451,1121,472.0,95.0,107.0,66.0,1103.0,658.0,414.0,11.0,127.0,974.0,0.0
5339552531,板橋区,35.771875,139.6890625,1189,632,343.0,76.0,128.0,46.0,631.0,144.0,244.0,213.0,87.0,544.0,0.0
5339552532,板橋区,35.771875,139.69218750000002,753,335,128.0,26.0,44.0,37.0,335.0,125.0,131.0,63.0,88.0,246.0,0.0
5339552533,板橋区,35.77395833333333,139.6890625,1555,855,463.0,101.0,137.0,32.0,854.0,402.0,327.0,87.0,199.0,654.0,0.0
5339552534,板橋区,35.77395833333333,139.69218750000002,1385,691,347.0,59.0,91.0,62.0,691.0,382.0,298.0,0.0,265.0,423.0,0.0
5339552541,板橋区,35.771875,139.6953125,1004,468,268.0,93.0,31.0,44.0,460.0,183.0,226.0,0.0,99.0,360.0,0.0
5339552542,板橋区,35.771875,139.6984375,1386,759,418.0,128.0,60.0,38.0,751.0,347.0,278.0,62.0,49.0,700.0,0.0
5339552543,板橋区,35.77395833333333,139.6953125,582,404,286.0,103.0,56.0,8.0,401.0,171.0,191.0,0.0,37.0,361.0,0.0
5339552544,板橋区,35.77395833333333,139.6984375,1194,701,442.0,141.0,86.0,37.0,651.0,280.0,330.0,0.0,80.0,564.0,0.0
5339552611,板橋区,35.76770833333333,139.7015625,1518,897,553.0,167.0,87.0,52.0,885.0,301.0,498.0,0.0,142.0,743.0,0.0
5339552612,板橋区,35.76770833333333,139.7046875,1664,1034,671.0,218.0,96.0,32.0,1024.0,391.0,578.0,0.0,261.0,759.0,73.0
5339552613,板橋区,35.76979166666666,139.7015625,1382,806,528.0,177.0,67.0,40.0,793.0,205.0,529.0,0.0,150.0,641.0,0.0
5339552614,板橋区,35.76979166666666,139.7046875,1321,780,484.0,139.0,112.0,37.0,777.0,329.0,415.0,0.0,228.0,547.0,0.0
5339552621,北区,35.76770833333333,139.7078125,384,164,106.0,29.0,24.0,16.0,164.0,51.0,73.0,0.0,34.0,130.0,0.0
5339552622,北区,35.76770833333333,139.7109375,381,177,69.0,8.0,29.0,8.0,176.0,106.0,41.0,26.0,105.0,68.0,0.0
5339552623,北区,35.76979166666666,139.7078125,318,168,68.0,7.0,36.0,9.0,168.0,64.0,33.0,68.0,17.0,151.0,0.0
5339552624,北区,35.76979166666666,139.7109375,842,376,127.0,19.0,55.0,26.0,369.0,260.0,72.0,20.0,172.0,195.0,0.0
5339552631,板橋区,35.771875,139.7015625,1165,712,445.0,103.0,99.0,32.0,692.0,328.0,328.0,0.0,171.0,513.0,0.0
5339552632,板橋区,35.771875,139.7046875,1546,855,474.0,120.0,96.0,51.0,849.0,397.0,413.0,0.0,261.0,585.0,0.0
5339552633,板橋区,35.77395833333333,139.7015625,2503,1028,289.0,48.0,103.0,243.0,1026.0,693.0,190.0,86.0,35.0,991.0,444.0
5339552634,北区,35.77395833333333,139.7046875,1575,773,369.0,98.0,76.0,96.0,767.0,456.0,284.0,0.0,233.0,530.0,6.0
5339552641,北区,35.771875,139.7078125,1656,922,532.0,261.0,90.0,89.0,830.0,322.0,79.0,156.0,128.0,702.0,0.0
5339552642,北区,35.771875,139.7109375,606,326,184.0,48.0,38.0,30.0,314.0,78.0,165.0,0.0,68.0,244.0,0.0
5339552643,北区,35.77395833333333,139.7078125,831,377,180.0,29.0,55.0,28.0,377.0,214.0,134.0,11.0,141.0,235.0,0.0
5339552644,北区,35.77395833333333,139.7109375,1395,461,37.0,0.0,10.0,102.0,461.0,17.0,0.0,16.0,8.0,453.0,0.0
5339552711,北区,35.76770833333333,139.7140625,811,387,166.0,14.0,60.0,28.0,381.0,274.0,94.0,0.0,286.0,94.0,0.0
5339552712,北区,35.76770833333333,139.71718750000002,1309,688,345.0,90.0,95.0,51.0,687.0,360.0,302.0,0.0,387.0,287.0,0.0
5339552713,北区,35.76979166666666,139.7140625,982,450,203.0,35.0,61.0,24.0,449.0,258.0,181.0,0.0,262.0,180.0,0.0
5339552714,北区,35.76979166666666,139.71718750000002,963,495,243.0,53.0,80.0,34.0,494.0,275.0,206.0,0.0,273.0,218.0,0.0
5339552721,北区,35.76770833333333,139.7203125,1317,641,301.0,65.0,94.0,35.0,641.0,411.0,211.0,0.0,346.0,289.0,0.0
5339552722,北区,35.76770833333333,139.72343750000002,1178,630,326.0,102.0,83.0,50.0,600.0,249.0,307.0,0.0,180.0,416.0,1.0
5339552723,北区,35.76979166666666,139.7203125,983,519,267.0,57.0,82.0,26.0,518.0,251.0,253.0,0.0,265.0,252.0,0.0
5339552724,北区,35.76979166666666,139.72343750000002,749,363,229.0,53.0,40.0,23.0,362.0,127.0,224.0,0.0,96.0,266.0,0.0
5339552731,北区,35.771875,139.7140625,1151,553,286.0,86.0,63.0,34.0,550.0,256.0,260.0,0.0,264.0,285.0,0.0
5339552732,北区,35.771875,139.71718750000002,1276,667,327.0,75.0,109.0,41.0,665.0,373.0,259.0,0.0,367.0,296.0,0.0
5339552733,北区,35.77395833333333,139.7140625,968,539,304.0,80.0,74.0,18.0,534.0,218.0,271.0,0.0,226.0,300.0,0.0
5339552734,北区,35.77395833333333,139.71718750000002,1475,811,421.0,95.0,117.0,42.0,810.0,433.0,342.0,0.0,396.0,410.0,0.0
5339552741,北区,35.771875,139.7203125,1048,541,258.0,65.0,75.0,53.0,537.0,267.0,238.0,0.0,222.0,314.0,0.0
5339552742,北区,35.771875,139.72343750000002,646,351,187.0,46.0,45.0,41.0,350.0,130.0,162.0,37.0,78.0,272.0,0.0
5339552743,北区,35.77395833333333,139.7203125,1371,769,436.0,111.0,85.0,58.0,768.0,300.0,444.0,0.0,213.0,552.0,0.0
5339552744,北区,35.77395833333333,139.72343750000002,758,394,190.0,43.0,49.0,18.0,383.0,263.0,90.0,10.0,50.0,331.0,0.0
5339552811,北区,35.76770833333333,139.7265625,1631,1037,695.0,196.0,158.0,38.0,1029.0,323.0,607.0,0.0,277.0,750.0,0.0
5339552812,北区,35.76770833333333,139.7296875,2046,1234,777.0,206.0,151.0,68.0,1230.0,422.0,694.0,10.0,165.0,1065.0,0.0
5339552813,北区,35.76979166666666,139.7265625,1794,954,577.0,157.0,137.0,52.0,948.0,366.0,506.0,0.0,384.0,557.0,0.0
5339552814,北区,35.76979166666666,139.7296875,1526,812,430.0,111.0,120.0,66.0,810.0,354.0,411.0,0.0,369.0,436.0,0.0
5339552821,北区,35.76770833333333,139.7328125,1799,1007,540.0,174.0,158.0,47.0,939.0,453.0,397.0,0.0,217.0,719.0,0.0
5339552822,北区,35.76770833333333,139.7359375,2539,1275,540.0,86.0,129.0,137.0,1268.0,501.0,425.0,284.0,71.0,1197.0,146.0
5339552823,北区,35.76979166666666,139.7328125,1363,773,457.0,173.0,79.0,38.0,765.0,293.0,425.0,0.0,273.0,492.0,0.0
5339552824,北区,35.76979166666666,139.7359375,1521,775,352.0,108.0,71.0,57.0,766.0,152.0,280.0,298.0,143.0,621.0,244.0
5339552831,北区,35.771875,139.7265625,1289,693,379.0,107.0,80.0,44.0,682.0,305.0,308.0,0.0,240.0,439.0,0.0
5339552832,北区,35.771875,139.7296875,1390,686,322.0,58.0,101.0,59.0,668.0,343.0,277.0,10.0,252.0,413.0,0.0
5339552833,北区,35.77395833333333,139.7265625,976,564,301.0,30.0,164.0,17.0,562.0,102.0,130.0,327.0,35.0,527.0,0.0
5339552834,北区,35.77395833333333,139.7296875,1189,661,331.0,3.0,257.0,36.0,660.0,128.0,2.0,525.0,1.0,659.0,0.0
5339552841,北区,35.771875,139.7328125,1040,512,230.0,58.0,64.0,30.0,511.0,312.0,174.0,0.0,272.0,239.0,0.0
5339552842,足立区,35.771875,139.7359375,209,126,81.0,23.0,28.0,4.0,124.0,35.0,84.0,0.0,37.0,86.0,0.0
5339552843,北区,35.77395833333333,139.7328125,910,505,251.0,46.0,139.0,30.0,479.0,61.0,39.0,364.0,13.0,466.0,0.0
5339552844,北区,35.77395833333333,139.7359375,769,359,144.0,35.0,18.0,77.0,351.0,229.0,42.0,0.0,70.0,280.0,168.0
5339552911,北区,35.76770833333333,139.73906250000002,2450,1008,277.0,37.0,63.0,145.0,1008.0,327.0,107.0,418.0,51.0,957.0,254.0
5339552912,北区,35.76770833333333,139.74218750000003,739,406,218.0,51.0,66.0,19.0,405.0,198.0,190.0,8.0,193.0,206.0,0.0
5339552913,足立区,35.76979166666666,139.73906250000002,699,263,49.0,3.0,9.0,29.0,262.0,130.0,8.0,62.0,20.0,241.0,0.0
5339552914,足立区,35.76979166666666,139.74218750000003,512,261,127.0,21.0,37.0,6.0,260.0,161.0,94.0,0.0,126.0,132.0,0.0
5339552921,足立区,35.76770833333333,139.7453125,321,193,109.0,13.0,48.0,7.0,193.0,22.0,39.0,127.0,23.0,170.0,0.0
5339552922,足立区,35.76770833333333,139.74843750000002,1451,470,52.0,0.0,10.0,71.0,470.0,419.0,43.0,0.0,1.0,469.0,148.0
5339552923,足立区,35.76979166666666,139.7453125,873,472,264.0,67.0,47.0,25.0,471.0,245.0,211.0,0.0,196.0,275.0,0.0
5339552924,足立区,35.76979166666666,139.74843750000002,2147,996,366.0,31.0,44.0,147.0,996.0,0.0,257.0,683.0,0.0,996.0,10.0
5339552931,足立区,35.771875,139.73906250000002,1168,584,265.0,67.0,82.0,32.0,583.0,165.0,183.0,218.0,125.0,458.0,0.0
5339552932,足立区,35.771875,139.74218750000003,723,361,178.0,47.0,42.0,15.0,352.0,155.0,133.0,30.0,144.0,201.0,0.0
5339552933,足立区,35.77395833333333,139.73906250000002,1811,707,211.0,51.0,38.0,119.0,707.0,564.0,122.0,0.0,140.0,562.0,429.0
5339552934,足立区,35.77395833333333,139.74218750000003,704,305,101.0,7.0,44.0,26.0,303.0,208.0,82.0,3.0,209.0,94.0,0.0
5339552941,足立区,35.771875,139.7453125,1530,591,148.0,9.0,58.0,44.0,588.0,491.0,59.0,19.0,188.0,400.0,0.0
5339552942,足立区,35.771875,139.74843750000002,686,327,121.0,3.0,18.0,33.0,327.0,0.0,9.0,312.0,0.0,327.0,96.0
5339552943,足立区,35.77395833333333,139.7453125,124,48,12.0,1.0,5.0,3.0,48.0,38.0,4.0,0.0,42.0,6.0,0.0
5339553011,練馬区,35.776041666666664,139.6265625,1585,822,410.0,101.0,71.0,49.0,803.0,407.0,361.0,0.0,141.0,659.0,0.0
5339553012,板橋区,35.776041666666664,139.62968750000002,2042,1194,692.0,177.0,94.0,84.0,1192.0,334.0,790.0,0.0,123.0,1065.0,0.0
5339553013,板橋区,35.778124999999996,139.6265625,2059,988,419.0,65.0,91.0,58.0,986.0,646.0,317.0,0.0,69.0,917.0,0.0
5339553014,板橋区,35.778124999999996,139.62968750000002,1105,647,382.0,109.0,47.0,36.0,645.0,174.0,421.0,0.0,73.0,569.0,0.0
5339553021,板橋区,35.776041666666664,139.6328125,1883,1107,636.0,109.0,102.0,58.0,1105.0,417.0,531.0,95.0,59.0,1045.0,99.0
5339553022,板橋区,35.776041666666664,139.6359375,1650,1153,838.0,214.0,100.0,34.0,1147.0,290.0,801.0,0.0,161.0,982.0,0.0
5339553023,板橋区,35.778124999999996,139.6328125,672,433,276.0,60.0,37.0,18.0,430.0,107.0,254.0,42.0,38.0,389.0,0.0
5339553024,板橋区,35.778124999999996,139.6359375,1516,970,684.0,154.0,75.0,31.0,969.0,302.0,617.0,19.0,135.0,833.0,0.0
5339553031,板橋区,35.780208333333334,139.6265625,1649,850,415.0,100.0,71.0,48.0,847.0,537.0,286.0,0.0,97.0,749.0,0.0
5339553032,板橋区,35.780208333333334,139.62968750000002,1785,881,405.0,62.0,83.0,76.0,881.0,444.0,411.0,0.0,103.0,776.0,0.0
5339553033,板橋区,35.782291666666666,139.6265625,600,244,126.0,30.0,6.0,22.0,244.0,50.0,167.0,0.0,32.0,212.0,0.0
5339553034,板橋区,35.782291666666666,139.62968750000002,2249,1079,491.0,106.0,76.0,137.0,1078.0,579.0,459.0,17.0,174.0,892.0,0.0
5339553041,板橋区,35.780208333333334,139.6328125,1159,685,415.0,84.0,56.0,28.0,682.0,247.0,397.0,0.0,91.0,569.0,0.0
5339553042,板橋区,35.780208333333334,139.6359375,1273,861,605.0,168.0,64.0,31.0,861.0,161.0,655.0,0.0,96.0,757.0,0.0
5339553043,板橋区,35.782291666666666,139.6328125,1103,580,281.0,71.0,40.0,42.0,580.0,230.0,322.0,0.0,137.0,441.0,0.0
5339553044,板橋区,35.782291666666666,139.6359375,928,545,386.0,109.0,28.0,20.0,543.0,112.0,422.0,0.0,104.0,438.0,0.0
5339553111,板橋区,35.776041666666664,139.6390625,1438,889,573.0,161.0,72.0,57.0,887.0,252.0,585.0,0.0,233.0,646.0,0.0
5339553112,板橋区,35.776041666666664,139.6421875,1164,671,385.0,87.0,80.0,39.0,669.0,216.0,421.0,0.0,196.0,435.0,0.0
5339553113,板橋区,35.778124999999996,139.6390625,1198,678,441.0,120.0,51.0,39.0,677.0,188.0,460.0,0.0,158.0,515.0,0.0
5339553114,板橋区,35.778124999999996,139.6421875,843,486,271.0,48.0,61.0,20.0,484.0,203.0,258.0,0.0,207.0,257.0,0.0
5339553121,板橋区,35.776041666666664,139.6453125,934,493,265.0,73.0,39.0,34.0,492.0,143.0,296.0,38.0,141.0,341.0,0.0
5339553122,板橋区,35.776041666666664,139.6484375,1013,527,275.0,46.0,64.0,30.0,527.0,180.0,335.0,0.0,174.0,342.0,0.0
5339553123,板橋区,35.778124999999996,139.6453125,1101,517,238.0,25.0,81.0,25.0,515.0,246.0,193.0,61.0,228.0,266.0,0.0
5339553124,板橋区,35.778124999999996,139.6484375,1250,614,289.0,47.0,83.0,42.0,604.0,286.0,304.0,0.0,276.0,326.0,0.0
5339553131,板橋区,35.780208333333334,139.6390625,1319,732,423.0,121.0,45.0,40.0,730.0,256.0,444.0,0.0,119.0,607.0,0.0
5339553132,板橋区,35.780208333333334,139.6421875,995,488,248.0,64.0,42.0,26.0,486.0,253.0,218.0,0.0,270.0,211.0,0.0
5339553133,板橋区,35.782291666666666,139.6390625,1518,821,435.0,131.0,46.0,60.0,817.0,210.0,564.0,0.0,159.0,654.0,0.0
5339553134,板橋区,35.782291666666666,139.6421875,850,390,172.0,29.0,44.0,42.0,389.0,191.0,190.0,0.0,195.0,182.0,0.0
5339553141,板橋区,35.780208333333334,139.6453125,825,368,160.0,29.0,41.0,38.0,367.0,204.0,150.0,0.0,208.0,159.0,0.0
5339553142,板橋区,35.780208333333334,139.6484375,405,204,103.0,23.0,13.0,16.0,201.0,80.0,115.0,0.0,82.0,119.0,0.0
5339553143,板橋区,35.782291666666666,139.6453125,533,201,51.0,12.0,8.0,28.0,201.0,103.0,88.0,0.0,93.0,107.0,0.0
5339553144,板橋区,35.782291666666666,139.6484375,638,232,47.0,8.0,13.0,24.0,227.0,180.0,36.0,0.0,126.0,98.0,0.0
5339553211,板橋区,35.776041666666664,139.6515625,1235,642,349.0,59.0,98.0,35.0,640.0,298.0,225.0,36.0,236.0,404.0,0.0
5339553212,板橋区,35.776041666666664,139.65468750000002,1127,526,221.0,33.0,60.0,41.0,520.0,301.0,196.0,1.0,183.0,336.0,0.0
5339553213,板橋区,35.778124999999996,139.6515625,1077,516,223.0,50.0,51.0,57.0,513.0,215.0,275.0,0.0,183.0,330.0,0.0
5339553214,板橋区,35.778124999999996,139.65468750000002,947,356,98.0,11.0,18.0,53.0,355.0,131.0,214.0,0.0,133.0,220.0,0.0
5339553221,板橋区,35.776041666666664,139.6578125,1040,460,201.0,28.0,64.0,32.0,460.0,240.0,201.0,0.0,171.0,288.0,0.0
5339553222,板橋区,35.776041666666664,139.66093750000002,1210,632,315.0,75.0,65.0,37.0,631.0,301.0,298.0,0.0,256.0,375.0,0.0
5339553223,板橋区,35.778124999999996,139.6578125,1019,457,177.0,30.0,40.0,36.0,456.0,226.0,209.0,0.0,184.0,272.0,0.0
5339553224,板橋区,35.778124999999996,139.66093750000002,1128,485,177.0,31.0,41.0,50.0,485.0,249.0,214.0,0.0,187.0,289.0,0.0
5339553231,板橋区,35.780208333333334,139.6515625,832,321,81.0,13.0,23.0,35.0,320.0,109.0,202.0,0.0,111.0,209.0,0.0
5339553232,板橋区,35.780208333333334,139.65468750000002,811,340,125.0,35.0,23.0,42.0,335.0,138.0,179.0,0.0,94.0,241.0,0.0
5339553233,板橋区,35.782291666666666,139.6515625,1026,355,116.0,40.0,17.0,32.0,355.0,237.0,91.0,0.0,145.0,206.0,0.0
5339553234,板橋区,35.782291666666666,139.65468750000002,690,273,73.0,4.0,26.0,34.0,272.0,155.0,104.0,0.0,116.0,156.0,0.0
5339553241,板橋区,35.780208333333334,139.6578125,783,347,138.0,24.0,27.0,47.0,346.0,158.0,170.0,0.0,124.0,222.0,0.0
5339553242,板橋区,35.780208333333334,139.66093750000002,1205,481,120.0,12.0,28.0,32.0,469.0,295.0,158.0,0.0,134.0,330.0,0.0
5339553243,板橋区,35.782291666666666,139.6578125,745,317,103.0,14.0,21.0,26.0,316.0,189.0,120.0,0.0,56.0,260.0,0.0
5339553244,板橋区,35.782291666666666,139.66093750000002,1166,476,149.0,18.0,39.0,42.0,470.0,256.0,200.0,0.0,166.0,303.0,0.0
5339553311,板橋区,35.776041666666664,139.6640625,1379,666,337.0,79.0,73.0,38.0,665.0,295.0,356.0,0.0,246.0,419.0,0.0
5339553312,板橋区,35.776041666666664,139.6671875,898,385,142.0,26.0,43.0,43.0,383.0,254.0,113.0,0.0,225.0,158.0,0.0
5339553313,板橋区,35.778124999999996,139.6640625,1325,598,214.0,31.0,56.0,52.0,597.0,366.0,217.0,0.0,141.0,453.0,0.0
5339553314,板橋区,35.778124999999996,139.6671875,943,405,132.0,12.0,60.0,21.0,401.0,332.0,60.0,0.0,334.0,65.0,0.0
5339553321,板橋区,35.776041666666664,139.6703125,853,357,156.0,38.0,30.0,25.0,356.0,184.0,165.0,0.0,178.0,178.0,0.0
5339553322,板橋区,35.776041666666664,139.6734375,579,270,121.0,27.0,34.0,25.0,270.0,166.0,98.0,0.0,170.0,100.0,0.0
5339553323,板橋区,35.778124999999996,139.6703125,898,453,229.0,47.0,53.0,33.0,452.0,249.0,182.0,3.0,256.0,196.0,0.0
5339553324,板橋区,35.778124999999996,139.6734375,939,478,249.0,49.0,54.0,29.0,478.0,246.0,218.0,0.0,194.0,283.0,0.0
5339553331,板橋区,35.780208333333334,139.6640625,1435,614,225.0,43.0,44.0,76.0,609.0,205.0,357.0,0.0,118.0,490.0,0.0
5339553332,板橋区,35.780208333333334,139.6671875,1240,592,272.0,29.0,85.0,54.0,591.0,285.0,280.0,0.0,190.0,400.0,0.0
5339553333,板橋区,35.782291666666666,139.6640625,1287,620,303.0,41.0,67.0,51.0,618.0,222.0,344.0,26.0,144.0,473.0,0.0
5339553334,板橋区,35.782291666666666,139.6671875,560,271,119.0,27.0,20.0,19.0,271.0,78.0,189.0,0.0,43.0,228.0,0.0
5339553341,板橋区,35.780208333333334,139.6703125,935,489,251.0,52.0,64.0,29.0,489.0,189.0,210.0,78.0,146.0,341.0,0.0
5339553342,板橋区,35.780208333333334,139.6734375,853,439,219.0,62.0,42.0,29.0,439.0,182.0,228.0,0.0,159.0,272.0,0.0
5339553343,板橋区,35.782291666666666,139.6703125,1112,680,456.0,128.0,78.0,24.0,678.0,126.0,519.0,0.0,119.0,557.0,0.0
5339553344,板橋区,35.782291666666666,139.6734375,1339,703,379.0,71.0,83.0,34.0,703.0,254.0,420.0,0.0,110.0,593.0,0.0
5339553411,板橋区,35.776041666666664,139.67656250000002,1061,501,201.0,41.0,56.0,28.0,497.0,367.0,106.0,0.0,96.0,400.0,173.0
5339553412,板橋区,35.776041666666664,139.67968750000003,2063,865,234.0,7.0,94.0,113.0,862.0,754.0,93.0,0.0,24.0,837.0,311.0
5339553413,板橋区,35.778124999999996,139.67656250000002,1262,610,276.0,56.0,72.0,38.0,598.0,218.0,247.0,100.0,160.0,436.0,0.0
5339553414,板橋区,35.778124999999996,139.67968750000003,1547,755,366.0,58.0,144.0,36.0,746.0,413.0,176.0,135.0,133.0,612.0,0.0
5339553421,板橋区,35.776041666666664,139.6828125,1507,779,383.0,96.0,72.0,60.0,778.0,286.0,419.0,29.0,59.0,716.0,0.0
5339553422,板橋区,35.776041666666664,139.68593750000002,1612,764,287.0,12.0,180.0,35.0,764.0,439.0,51.0,264.0,16.0,748.0,410.0
5339553423,板橋区,35.778124999999996,139.6828125,1223,679,325.0,44.0,153.0,33.0,679.0,158.0,239.0,268.0,87.0,590.0,0.0
5339553424,板橋区,35.778124999999996,139.68593750000002,1020,605,347.0,76.0,73.0,27.0,527.0,180.0,154.0,122.0,39.0,487.0,0.0
5339553431,板橋区,35.780208333333334,139.67656250000002,1405,766,428.0,98.0,82.0,62.0,762.0,335.0,403.0,0.0,163.0,599.0,0.0
5339553432,板橋区,35.780208333333334,139.67968750000003,1907,954,489.0,158.0,104.0,56.0,904.0,445.0,418.0,0.0,137.0,766.0,0.0
5339553433,板橋区,35.782291666666666,139.67656250000002,1765,924,485.0,105.0,116.0,54.0,920.0,425.0,432.0,0.0,268.0,646.0,0.0
5339553434,板橋区,35.782291666666666,139.67968750000003,1353,666,323.0,60.0,86.0,60.0,660.0,332.0,297.0,0.0,146.0,510.0,0.0
5339553441,板橋区,35.780208333333334,139.6828125,1602,848,453.0,114.0,120.0,40.0,843.0,339.0,356.0,95.0,169.0,673.0,0.0
5339553442,板橋区,35.780208333333334,139.68593750000002,1314,688,334.0,79.0,68.0,47.0,687.0,349.0,260.0,46.0,69.0,615.0,0.0
5339553443,板橋区,35.782291666666666,139.6828125,1422,692,302.0,38.0,153.0,29.0,691.0,267.0,206.0,197.0,43.0,646.0,0.0
5339553444,板橋区,35.782291666666666,139.68593750000002,1329,668,314.0,38.0,37.0,55.0,666.0,426.0,29.0,192.0,38.0,621.0,0.0
5339553511,板橋区,35.776041666666664,139.6890625,996,500,231.0,45.0,66.0,39.0,493.0,250.0,157.0,77.0,99.0,394.0,0.0
5339553512,板橋区,35.776041666666664,139.69218750000002,1706,1021,592.0,120.0,156.0,47.0,1016.0,497.0,458.0,0.0,93.0,922.0,0.0
5339553513,板橋区,35.778124999999996,139.6890625,1132,566,286.0,43.0,57.0,50.0,541.0,298.0,210.0,17.0,105.0,433.0,0.0
5339553514,板橋区,35.778124999999996,139.69218750000002,1196,658,367.0,82.0,56.0,46.0,658.0,263.0,347.0,7.0,84.0,573.0,0.0
5339553521,板橋区,35.776041666666664,139.6953125,929,579,359.0,85.0,78.0,22.0,577.0,250.0,280.0,0.0,63.0,512.0,0.0
5339553522,板橋区,35.776041666666664,139.6984375,1080,602,345.0,108.0,39.0,38.0,602.0,248.0,306.0,0.0,66.0,532.0,0.0
5339553523,板橋区,35.778124999999996,139.6953125,242,182,135.0,34.0,22.0,5.0,182.0,29.0,133.0,14.0,11.0,171.0,0.0
5339553524,板橋区,35.778124999999996,139.6984375,944,573,367.0,95.0,56.0,34.0,568.0,198.0,333.0,0.0,125.0,442.0,0.0
5339553531,板橋区,35.780208333333334,139.6890625,1125,675,416.0,119.0,63.0,29.0,673.0,239.0,363.0,0.0,96.0,572.0,0.0
5339553532,板橋区,35.780208333333334,139.69218750000002,1026,557,282.0,61.0,55.0,29.0,550.0,296.0,233.0,0.0,83.0,467.0,0.0
5339553533,板橋区,35.782291666666666,139.6890625,1632,809,404.0,79.0,120.0,53.0,806.0,369.0,293.0,110.0,90.0,712.0,0.0
5339553534,板橋区,35.782291666666666,139.69218750000002,1000,393,113.0,13.0,24.0,74.0,393.0,239.0,129.0,0.0,82.0,311.0,0.0
5339553541,板橋区,35.780208333333334,139.6953125,772,357,109.0,5.0,58.0,22.0,350.0,311.0,30.0,0.0,2.0,348.0,0.0
5339553542,板橋区,35.780208333333334,139.6984375,986,553,308.0,73.0,78.0,46.0,550.0,269.0,228.0,31.0,154.0,396.0,0.0
5339553543,板橋区,35.782291666666666,139.6953125,120,53,17.0,0.0,12.0,6.0,49.0,27.0,18.0,0.0,0.0,49.0,0.0
5339553544,北区,35.782291666666666,139.6984375,1440,597,193.0,75.0,19.0,154.0,589.0,377.0,188.0,0.0,23.0,565.0,240.0
5339553611,板橋区,35.776041666666664,139.7015625,1477,675,226.0,22.0,132.0,41.0,673.0,394.0,108.0,143.0,55.0,618.0,0.0
5339553612,北区,35.776041666666664,139.7046875,1694,747,345.0,18.0,167.0,64.0,745.0,222.0,140.0,366.0,56.0,686.0,0.0
5339553613,板橋区,35.778124999999996,139.7015625,2140,1026,426.0,73.0,129.0,93.0,1023.0,447.0,315.0,207.0,145.0,875.0,0.0
5339553614,北区,35.778124999999996,139.7046875,1283,713,350.0,5.0,272.0,28.0,713.0,109.0,46.0,554.0,68.0,645.0,0.0
5339553621,北区,35.776041666666664,139.7078125,680,433,241.0,12.0,164.0,4.0,433.0,47.0,40.0,343.0,24.0,392.0,0.0
5339553622,北区,35.776041666666664,139.7109375,635,352,150.0,0.0,116.0,6.0,352.0,25.0,1.0,326.0,22.0,330.0,0.0
5339553623,北区,35.778124999999996,139.7078125,653,308,145.0,0.0,123.0,8.0,308.0,0.0,1.0,307.0,1.0,307.0,185.0
5339553624,北区,35.778124999999996,139.7109375,1300,795,478.0,7.0,370.0,16.0,795.0,59.0,45.0,687.0,67.0,727.0,200.0
5339553631,板橋区,35.780208333333334,139.7015625,1879,848,382.0,118.0,51.0,49.0,847.0,449.0,347.0,0.0,92.0,753.0,173.0
5339553632,北区,35.780208333333334,139.7046875,2848,1150,287.0,34.0,146.0,53.0,1145.0,773.0,141.0,206.0,95.0,1050.0,440.0
5339553633,板橋区,35.782291666666666,139.7015625,1051,571,313.0,114.0,49.0,33.0,564.0,291.0,240.0,0.0,109.0,454.0,34.0
5339553634,北区,35.782291666666666,139.7046875,1256,626,274.0,76.0,89.0,26.0,613.0,160.0,128.0,286.0,100.0,513.0,17.0
5339553641,北区,35.780208333333334,139.7078125,383,252,159.0,0.0,134.0,4.0,252.0,0.0,0.0,252.0,1.0,251.0,0.0
5339553642,北区,35.780208333333334,139.7109375,477,293,158.0,4.0,109.0,3.0,293.0,0.0,13.0,267.0,0.0,293.0,0.0
5339553643,北区,35.782291666666666,139.7078125,614,288,184.0,29.0,102.0,9.0,288.0,87.0,73.0,106.0,88.0,200.0,0.0
5339553644,北区,35.782291666666666,139.7109375,444,241,127.0,11.0,70.0,10.0,241.0,16.0,89.0,134.0,12.0,229.0,0.0
5339553711,北区,35.776041666666664,139.7140625,1601,921,483.0,11.0,311.0,79.0,921.0,3.0,17.0,889.0,3.0,918.0,0.0
5339553712,北区,35.776041666666664,139.71718750000002,1288,686,372.0,71.0,69.0,38.0,685.0,289.0,349.0,0.0,148.0,533.0,1.0
5339553713,北区,35.778124999999996,139.7140625,1195,645,305.0,28.0,149.0,62.0,645.0,65.0,66.0,490.0,68.0,574.0,0.0
5339553714,北区,35.778124999999996,139.71718750000002,1694,950,492.0,63.0,197.0,76.0,947.0,199.0,207.0,506.0,29.0,914.0,199.0
5339553721,北区,35.776041666666664,139.7203125,958,593,359.0,68.0,55.0,34.0,592.0,178.0,381.0,0.0,109.0,481.0,0.0
5339553722,北区,35.776041666666664,139.72343750000002,1925,1128,664.0,133.0,134.0,59.0,1123.0,570.0,472.0,0.0,142.0,980.0,123.0
5339553723,北区,35.778124999999996,139.7203125,713,381,181.0,13.0,68.0,17.0,380.0,207.0,116.0,47.0,8.0,372.0,233.0
5339553724,北区,35.778124999999996,139.72343750000002,1628,809,339.0,82.0,83.0,65.0,758.0,608.0,90.0,0.0,8.0,748.0,279.0
5339553731,北区,35.780208333333334,139.7140625,861,449,205.0,35.0,71.0,37.0,446.0,164.0,99.0,170.0,148.0,297.0,0.0
5339553732,北区,35.780208333333334,139.71718750000002,240,172,127.0,40.0,13.0,6.0,171.0,35.0,121.0,0.0,36.0,135.0,0.0
5339553733,北区,35.782291666666666,139.7140625,1186,607,291.0,42.0,127.0,39.0,604.0,257.0,182.0,129.0,278.0,326.0,0.0
5339553734,北区,35.782291666666666,139.71718750000002,621,353,199.0,45.0,49.0,12.0,352.0,167.0,174.0,0.0,169.0,182.0,0.0
5339553741,北区,35.780208333333334,139.7203125,556,382,269.0,66.0,58.0,8.0,380.0,96.0,241.0,0.0,61.0,311.0,0.0
5339553742,北区,35.780208333333334,139.72343750000002,1765,1087,679.0,165.0,97.0,64.0,1073.0,311.0,680.0,0.0,109.0,943.0,41.0
5339553743,北区,35.782291666666666,139.7203125,2127,1356,870.0,184.0,140.0,51.0,1352.0,464.0,786.0,0.0,167.0,1169.0,0.0
5339553744,北区,35.782291666666666,139.72343750000002,1828,1060,602.0,133.0,105.0,69.0,1055.0,382.0,624.0,0.0,136.0,905.0,38.0
5339553811,北区,35.776041666666664,139.7265625,1665,969,564.0,139.0,156.0,50.0,938.0,299.0,344.0,238.0,272.0,663.0,0.0
5339553812,北区,35.776041666666664,139.7296875,1259,672,337.0,64.0,106.0,50.0,656.0,306.0,332.0,0.0,314.0,339.0,0.0
5339553813,北区,35.778124999999996,139.7265625,1455,796,448.0,116.0,100.0,37.0,743.0,387.0,323.0,0.0,192.0,545.0,0.0
5339553814,北区,35.778124999999996,139.7296875,1593,818,382.0,71.0,127.0,56.0,815.0,412.0,376.0,0.0,331.0,484.0,0.0
5339553821,北区,35.776041666666664,139.7328125,913,444,205.0,57.0,58.0,35.0,424.0,237.0,129.0,36.0,111.0,313.0,0.0
5339553822,北区,35.776041666666664,139.7359375,687,294,144.0,26.0,43.0,18.0,294.0,167.0,85.0,0.0,110.0,174.0,0.0
5339553823,北区,35.778124999999996,139.7328125,1575,894,506.0,123.0,104.0,34.0,877.0,421.0,410.0,0.0,316.0,558.0,0.0
5339553824,北区,35.778124999999996,139.7359375,678,325,136.0,39.0,39.0,34.0,324.0,189.0,110.0,0.0,160.0,153.0,0.0
5339553831,北区,35.780208333333334,139.7265625,1545,895,500.0,95.0,117.0,46.0,872.0,371.0,476.0,0.0,238.0,623.0,0.0
5339553832,北区,35.780208333333334,139.7296875,1810,1099,686.0,181.0,100.0,57.0,1084.0,329.0,688.0,0.0,216.0,866.0,0.0
5339553833,北区,35.782291666666666,139.7265625,1831,1018,552.0,140.0,99.0,70.0,997.0,400.0,547.0,0.0,254.0,739.0,41.0
5339553834,北区,35.782291666666666,139.7296875,1613,915,524.0,125.0,138.0,44.0,909.0,405.0,434.0,7.0,324.0,567.0,0.0
5339553841,北区,35.780208333333334,139.7328125,1355,746,405.0,75.0,116.0,44.0,744.0,344.0,347.0,9.0,339.0,402.0,0.0
5339553842,北区,35.780208333333334,139.7359375,1918,798,244.0,58.0,67.0,225.0,795.0,550.0,186.0,15.0,212.0,582.0,300.0
5339553843,北区,35.782291666666666,139.7328125,1153,643,366.0,89.0,100.0,30.0,638.0,311.0,303.0,0.0,318.0,320.0,0.0
5339553844,北区,35.782291666666666,139.7359375,883,404,156.0,54.0,24.0,42.0,403.0,251.0,139.0,0.0,99.0,303.0,0.0
5339553911,足立区,35.776041666666664,139.73906250000002,762,354,155.0,26.0,59.0,34.0,353.0,190.0,93.0,62.0,74.0,279.0,0.0
5339553912,足立区,35.776041666666664,139.74218750000003,428,266,152.0,0.0,111.0,3.0,266.0,4.0,19.0,243.0,0.0,266.0,0.0
5339553913,足立区,35.778124999999996,139.73906250000002,37,13,3.0,0.0,1.0,0.0,13.0,13.0,0.0,0.0,12.0,0.0,0.0
5339553914,足立区,35.778124999999996,139.74218750000003,1,0,,,,,,,,,,,
5339553923,足立区,35.778124999999996,139.7453125,22,9,2.0,0.0,1.0,0.0,9.0,8.0,0.0,0.0,9.0,0.0,0.0
5339553924,足立区,35.778124999999996,139.74843750000002,549,236,70.0,4.0,21.0,12.0,236.0,197.0,32.0,0.0,97.0,139.0,90.0
5339553931,足立区,35.780208333333334,139.73906250000002,27,13,4.0,1.0,2.0,1.0,13.0,6.0,7.0,0.0,7.0,6.0,0.0
5339553941,足立区,35.780208333333334,139.7453125,255,105,35.0,2.0,12.0,8.0,105.0,79.0,24.0,0.0,79.0,26.0,0.0
5339553942,足立区,35.780208333333334,139.74843750000002,619,276,99.0,15.0,46.0,12.0,270.0,189.0,60.0,14.0,166.0,104.0,0.0
5339553943,足立区,35.782291666666666,139.7453125,177,72,20.0,1.0,10.0,8.0,72.0,46.0,5.0,18.0,48.0,24.0,0.0
5339553944,足立区,35.782291666666666,139.74843750000002,769,335,117.0,9.0,65.0,28.0,334.0,140.0,57.0,122.0,148.0,186.0,0.0
5339554012,板橋区,35.784375,139.62968750000002,1246,660,374.0,90.0,75.0,43.0,660.0,345.0,283.0,8.0,206.0,449.0,0.0
5339554021,板橋区,35.784375,139.6328125,1370,746,403.0,111.0,60.0,49.0,745.0,277.0,403.0,41.0,157.0,586.0,0.0
5339554022,板橋区,35.784375,139.6359375,1077,487,251.0,57.0,37.0,21.0,487.0,229.0,248.0,0.0,225.0,261.0,0.0
5339554023,板橋区,35.78645833333333,139.6328125,800,415,206.0,31.0,52.0,19.0,412.0,144.0,250.0,0.0,139.0,273.0,0.0
5339554024,板橋区,35.78645833333333,139.6359375,899,383,177.0,28.0,49.0,16.0,382.0,184.0,167.0,23.0,195.0,186.0,0.0
5339554041,板橋区,35.78854166666667,139.6328125,1177,619,280.0,5.0,208.0,34.0,619.0,40.0,22.0,554.0,41.0,578.0,0.0
5339554042,板橋区,35.78854166666667,139.6359375,703,371,175.0,10.0,103.0,26.0,355.0,93.0,35.0,219.0,58.0,297.0,0.0
5339554111,板橋区,35.784375,139.6390625,1136,605,321.0,67.0,51.0,47.0,605.0,216.0,372.0,0.0,226.0,378.0,0.0
5339554112,板橋区,35.784375,139.6421875,407,216,110.0,16.0,34.0,11.0,212.0,105.0,104.0,0.0,115.0,94.0,0.0
5339554113,板橋区,35.78645833333333,139.6390625,1189,602,279.0,37.0,79.0,31.0,595.0,317.0,259.0,1.0,329.0,264.0,0.0
5339554114,板橋区,35.78645833333333,139.6421875,797,406,209.0,35.0,48.0,31.0,406.0,188.0,196.0,0.0,195.0,197.0,0.0
5339554121,板橋区,35.784375,139.6453125,586,266,104.0,45.0,13.0,26.0,259.0,173.0,53.0,0.0,102.0,157.0,0.0
5339554122,板橋区,35.784375,139.6484375,663,226,51.0,2.0,16.0,33.0,226.0,165.0,55.0,0.0,87.0,139.0,0.0
5339554123,板橋区,35.78645833333333,139.6453125,563,361,256.0,67.0,37.0,11.0,357.0,109.0,233.0,0.0,106.0,240.0,0.0
5339554124,板橋区,35.78645833333333,139.6484375,997,466,211.0,36.0,41.0,31.0,458.0,254.0,198.0,0.0,250.0,208.0,0.0
5339554131,板橋区,35.78854166666667,139.6390625,1326,460,191.0,29.0,41.0,26.0,459.0,236.0,212.0,0.0,153.0,303.0,0.0
5339554132,板橋区,35.78854166666667,139.6421875,662,332,163.0,38.0,44.0,12.0,328.0,196.0,115.0,0.0,194.0,134.0,0.0
5339554133,板橋区,35.790625,139.6390625,1343,595,239.0,47.0,42.0,49.0,591.0,287.0,296.0,0.0,158.0,429.0,0.0
5339554134,板橋区,35.790625,139.6421875,1292,702,428.0,75.0,69.0,23.0,701.0,224.0,455.0,0.0,167.0,531.0,0.0
5339554141,板橋区,35.78854166666667,139.6453125,889,431,199.0,50.0,54.0,25.0,430.0,262.0,153.0,0.0,257.0,167.0,0.0
5339554142,板橋区,35.78854166666667,139.6484375,673,306,130.0,23.0,32.0,27.0,305.0,183.0,116.0,0.0,183.0,121.0,0.0
5339554143,板橋区,35.790625,139.6453125,793,465,291.0,85.0,57.0,28.0,464.0,133.0,303.0,0.0,131.0,332.0,0.0
5339554144,板橋区,35.790625,139.6484375,397,198,95.0,9.0,40.0,14.0,190.0,119.0,58.0,0.0,130.0,58.0,0.0
5339554211,板橋区,35.784375,139.6515625,754,264,124.0,19.0,35.0,14.0,262.0,140.0,108.0,0.0,66.0,192.0,0.0
5339554212,板橋区,35.784375,139.65468750000002,182,74,22.0,6.0,7.0,1.0,74.0,35.0,34.0,0.0,38.0,36.0,0.0
5339554213,板橋区,35.78645833333333,139.6515625,725,368,184.0,41.0,61.0,24.0,367.0,175.0,174.0,0.0,114.0,250.0,0.0
5339554214,板橋区,35.78645833333333,139.65468750000002,605,298,117.0,1.0,76.0,8.0,298.0,271.0,24.0,0.0,1.0,297.0,0.0
5339554221,板橋区,35.784375,139.6578125,413,201,91.0,12.0,33.0,15.0,200.0,76.0,99.0,18.0,34.0,166.0,0.0
5339554222,板橋区,35.784375,139.66093750000002,475,247,130.0,36.0,30.0,15.0,240.0,80.0,102.0,44.0,40.0,200.0,0.0
5339554223,板橋区,35.78645833333333,139.6578125,657,343,162.0,52.0,60.0,20.0,285.0,176.0,14.0,33.0,0.0,285.0,0.0
5339554224,板橋区,35.78645833333333,139.66093750000002,2776,1838,1161.0,63.0,686.0,47.0,1838.0,0.0,18.0,1791.0,0.0,1837.0,0.0
5339554231,板橋区,35.78854166666667,139.6515625,567,255,93.0,8.0,31.0,22.0,255.0,174.0,65.0,15.0,55.0,200.0,0.0
5339554232,板橋区,35.78854166666667,139.65468750000002,2004,1072,465.0,33.0,247.0,34.0,1072.0,536.0,20.0,495.0,0.0,1072.0,0.0
5339554233,板橋区,35.790625,139.6515625,238,142,88.0,17.0,18.0,5.0,140.0,44.0,69.0,10.0,54.0,86.0,0.0
5339554234,板橋区,35.790625,139.65468750000002,1098,632,390.0,76.0,79.0,33.0,632.0,182.0,413.0,0.0,52.0,579.0,0.0
5339554241,板橋区,35.78854166666667,139.6578125,1291,696,288.0,7.0,177.0,22.0,692.0,642.0,38.0,0.0,2.0,690.0,0.0
5339554242,板橋区,35.78854166666667,139.66093750000002,1149,673,358.0,33.0,162.0,23.0,672.0,0.0,192.0,469.0,0.0,672.0,0.0
5339554243,板橋区,35.790625,139.6578125,1612,1009,678.0,218.0,49.0,40.0,1004.0,191.0,680.0,0.0,114.0,883.0,0.0
5339554244,板橋区,35.790625,139.66093750000002,1391,754,401.0,69.0,52.0,69.0,754.0,153.0,535.0,0.0,27.0,727.0,0.0
5339554311,板橋区,35.784375,139.6640625,3102,1953,1136.0,70.0,639.0,80.0,1953.0,9.0,4.0,1929.0,9.0,1944.0,0.0
5339554312,板橋区,35.784375,139.6671875,1562,947,624.0,103.0,189.0,61.0,944.0,101.0,443.0,348.0,82.0,860.0,0.0
5339554313,板橋区,35.78645833333333,139.6640625,2607,1935,1425.0,94.0,734.0,44.0,1935.0,0.0,7.0,1906.0,0.0,1935.0,0.0
5339554314,板橋区,35.78645833333333,139.6671875,1414,996,709.0,133.0,260.0,29.0,995.0,75.0,287.0,609.0,71.0,923.0,0.0
5339554321,板橋区,35.784375,139.6703125,1178,661,381.0,85.0,62.0,46.0,658.0,169.0,456.0,0.0,109.0,545.0,0.0
5339554322,板橋区,35.784375,139.6734375,1714,921,477.0,127.0,121.0,52.0,912.0,369.0,371.0,84.0,76.0,836.0,0.0
5339554323,板橋区,35.78645833333333,139.6703125,1425,801,442.0,69.0,116.0,52.0,797.0,210.0,485.0,58.0,106.0,691.0,0.0
5339554324,板橋区,35.78645833333333,139.6734375,2030,1177,636.0,128.0,190.0,72.0,1133.0,166.0,508.0,387.0,12.0,1121.0,0.0
5339554331,板橋区,35.78854166666667,139.6640625,1627,920,488.0,56.0,123.0,55.0,920.0,208.0,533.0,156.0,14.0,905.0,0.0
5339554332,板橋区,35.78854166666667,139.6671875,1030,543,278.0,62.0,59.0,34.0,542.0,205.0,313.0,0.0,41.0,501.0,0.0
5339554333,板橋区,35.790625,139.6640625,924,557,329.0,39.0,80.0,39.0,557.0,159.0,376.0,0.0,21.0,536.0,0.0
5339554334,板橋区,35.790625,139.6671875,726,393,237.0,90.0,21.0,21.0,393.0,139.0,194.0,0.0,6.0,386.0,0.0
5339554341,板橋区,35.78854166666667,139.6703125,584,350,184.0,6.0,142.0,12.0,349.0,104.0,22.0,223.0,9.0,340.0,0.0
5339554342,板橋区,35.78854166666667,139.6734375,2353,1300,609.0,51.0,320.0,65.0,1276.0,253.0,152.0,774.0,21.0,1253.0,0.0
5339554343,板橋区,35.790625,139.6703125,2605,1338,691.0,286.0,68.0,121.0,1315.0,498.0,723.0,0.0,70.0,1242.0,0.0
5339554344,板橋区,35.790625,139.6734375,1133,632,361.0,69.0,97.0,38.0,623.0,366.0,217.0,0.0,66.0,555.0,0.0
5339554411,板橋区,35.784375,139.67656250000002,2275,1182,550.0,63.0,194.0,36.0,1181.0,306.0,256.0,575.0,98.0,1082.0,0.0
5339554412,板橋区,35.784375,139.67968750000003,1153,632,325.0,88.0,95.0,42.0,632.0,120.0,298.0,200.0,87.0,541.0,0.0
5339554413,板橋区,35.78645833333333,139.67656250000002,1158,639,342.0,84.0,102.0,23.0,598.0,261.0,227.0,78.0,61.0,536.0,0.0
5339554414,板橋区,35.78645833333333,139.67968750000003,1759,877,371.0,70.0,118.0,74.0,875.0,208.0,308.0,320.0,73.0,800.0,0.0
5339554421,板橋区,35.784375,139.6828125,1403,593,177.0,30.0,64.0,86.0,570.0,428.0,81.0,47.0,34.0,536.0,0.0
5339554422,板橋区,35.784375,139.68593750000002,1610,838,422.0,67.0,128.0,50.0,832.0,643.0,123.0,11.0,97.0,733.0,0.0
5339554423,板橋区,35.78645833333333,139.6828125,2523,1165,404.0,35.0,236.0,103.0,1165.0,549.0,101.0,505.0,14.0,1151.0,0.0
5339554424,板橋区,35.78645833333333,139.68593750000002,841,450,231.0,75.0,64.0,23.0,447.0,276.0,153.0,0.0,66.0,378.0,0.0
5339554431,板橋区,35.78854166666667,139.67656250000002,1641,874,330.0,11.0,229.0,28.0,874.0,43.0,45.0,775.0,19.0,854.0,0.0
5339554432,板橋区,35.78854166666667,139.67968750000003,1758,837,399.0,117.0,63.0,62.0,835.0,342.0,434.0,2.0,107.0,727.0,0.0
5339554433,板橋区,35.790625,139.67656250000002,1917,608,85.0,11.0,22.0,190.0,608.0,565.0,28.0,0.0,23.0,584.0,0.0
5339554434,板橋区,35.790625,139.67968750000003,933,465,226.0,70.0,21.0,25.0,457.0,271.0,157.0,0.0,131.0,325.0,0.0
5339554441,板橋区,35.78854166666667,139.6828125,1104,507,204.0,38.0,69.0,27.0,507.0,294.0,165.0,23.0,143.0,364.0,0.0
5339554442,板橋区,35.78854166666667,139.68593750000002,378,199,103.0,26.0,10.0,22.0,197.0,75.0,93.0,0.0,52.0,145.0,0.0
5339554443,板橋区,35.790625,139.6828125,366,158,63.0,11.0,20.0,4.0,158.0,121.0,31.0,0.0,49.0,108.0,0.0
5339554444,板橋区,35.790625,139.68593750000002,472,195,58.0,12.0,2.0,66.0,195.0,150.0,32.0,0.0,4.0,190.0,0.0
5339554511,板橋区,35.784375,139.6890625,291,159,79.0,35.0,5.0,4.0,159.0,53.0,78.0,28.0,15.0,143.0,0.0
5339554512,北区,35.784375,139.69218750000002,681,202,25.0,0.0,10.0,14.0,202.0,196.0,6.0,0.0,1.0,201.0,102.0
5339554513,板橋区,35.78645833333333,139.6890625,15,6,0.0,0.0,0.0,0.0,6.0,6.0,0.0,0.0,1.0,5.0,0.0
5339554514,北区,35.78645833333333,139.69218750000002,950,436,180.0,46.0,15.0,47.0,435.0,259.0,124.0,0.0,28.0,407.0,0.0
5339554521,北区,35.784375,139.6953125,151,49,4.0,1.0,2.0,5.0,49.0,44.0,4.0,0.0,0.0,49.0,46.0
5339554522,北区,35.784375,139.6984375,1184,443,107.0,22.0,20.0,65.0,442.0,325.0,79.0,30.0,17.0,424.0,277.0
5339554523,北区,35.78645833333333,139.6953125,513,237,103.0,41.0,11.0,36.0,234.0,41.0,172.0,0.0,40.0,194.0,0.0
5339554524,北区,35.78645833333333,139.6984375,1135,540,250.0,52.0,66.0,59.0,538.0,211.0,286.0,3.0,128.0,409.0,0.0
5339554531,板橋区,35.78854166666667,139.6890625,210,73,12.0,3.0,0.0,14.0,73.0,19.0,1.0,0.0,0.0,73.0,0.0
5339554532,北区,35.78854166666667,139.69218750000002,253,98,28.0,6.0,1.0,19.0,98.0,0.0,6.0,0.0,0.0,98.0,0.0
5339554533,板橋区,35.790625,139.6890625,915,451,203.0,45.0,45.0,28.0,446.0,280.0,133.0,22.0,41.0,402.0,0.0
5339554534,北区,35.790625,139.69218750000002,364,239,160.0,58.0,10.0,8.0,235.0,9.0,209.0,0.0,7.0,227.0,0.0
5339554541,北区,35.78854166666667,139.6953125,1031,506,247.0,87.0,37.0,76.0,503.0,228.0,258.0,0.0,72.0,430.0,0.0
5339554542,北区,35.78854166666667,139.6984375,1425,696,312.0,54.0,107.0,50.0,690.0,311.0,276.0,82.0,199.0,485.0,0.0
5339554543,北区,35.790625,139.6953125,931,532,333.0,123.0,36.0,41.0,494.0,154.0,314.0,0.0,69.0,423.0,0.0
5339554544,北区,35.790625,139.6984375,1135,521,258.0,89.0,71.0,37.0,520.0,186.0,232.0,59.0,146.0,374.0,0.0
5339554611,北区,35.784375,139.7015625,862,418,170.0,19.0,93.0,17.0,417.0,187.0,45.0,182.0,24.0,393.0,31.0
5339554612,北区,35.784375,139.7046875,1438,782,359.0,101.0,119.0,48.0,782.0,49.0,46.0,652.0,50.0,732.0,0.0
5339554613,北区,35.78645833333333,139.7015625,1561,842,414.0,75.0,234.0,55.0,842.0,147.0,109.0,524.0,72.0,768.0,0.0
5339554614,北区,35.78645833333333,139.7046875,1376,620,213.0,31.0,105.0,63.0,609.0,46.0,136.0,412.0,43.0,563.0,210.0
5339554621,北区,35.784375,139.7078125,1582,760,334.0,80.0,99.0,43.0,759.0,463.0,267.0,1.0,161.0,598.0,177.0
5339554622,北区,35.784375,139.7109375,866,450,253.0,106.0,68.0,27.0,394.0,265.0,104.0,0.0,55.0,339.0,0.0
5339554623,北区,35.78645833333333,139.7078125,1384,667,289.0,67.0,93.0,26.0,665.0,440.0,195.0,10.0,131.0,533.0,14.0
5339554624,北区,35.78645833333333,139.7109375,1813,816,302.0,86.0,79.0,75.0,813.0,435.0,234.0,118.0,135.0,678.0,0.0
5339554631,北区,35.78854166666667,139.7015625,1468,764,371.0,107.0,94.0,57.0,762.0,267.0,440.0,21.0,139.0,619.0,0.0
5339554632,北区,35.78854166666667,139.7046875,1414,716,349.0,93.0,74.0,42.0,683.0,323.0,239.0,74.0,118.0,558.0,0.0
5339554633,北区,35.790625,139.7015625,1308,613,249.0,25.0,103.0,101.0,613.0,237.0,122.0,233.0,85.0,526.0,19.0
5339554634,北区,35.790625,139.7046875,621,321,134.0,15.0,77.0,22.0,321.0,84.0,44.0,180.0,47.0,274.0,0.0
5339554641,北区,35.78854166666667,139.7078125,292,161,92.0,25.0,24.0,4.0,167.0,84.0,60.0,11.0,18.0,149.0,0.0
5339554642,北区,35.78854166666667,139.7109375,515,293,146.0,3.0,104.0,8.0,293.0,105.0,4.0,179.0,0.0,293.0,0.0
5339554643,北区,35.790625,139.7078125,7,6,,,,,,,,,,,
5339554711,北区,35.784375,139.7140625,793,345,169.0,33.0,65.0,21.0,323.0,227.0,89.0,0.0,195.0,128.0,0.0
5339554712,北区,35.784375,139.71718750000002,717,353,160.0,35.0,34.0,17.0,353.0,138.0,148.0,0.0,134.0,219.0,0.0
5339554713,北区,35.78645833333333,139.7140625,1315,646,282.0,55.0,82.0,48.0,641.0,434.0,196.0,0.0,192.0,443.0,0.0
5339554714,北区,35.78645833333333,139.71718750000002,797,429,238.0,75.0,48.0,24.0,429.0,164.0,236.0,0.0,162.0,259.0,0.0
5339554721,北区,35.784375,139.7203125,1465,831,477.0,81.0,62.0,78.0,829.0,348.0,415.0,29.0,116.0,711.0,262.0
5339554722,北区,35.784375,139.72343750000002,1228,700,411.0,91.0,111.0,30.0,699.0,305.0,359.0,0.0,302.0,390.0,7.0
5339554723,北区,35.78645833333333,139.7203125,1307,656,274.0,60.0,74.0,39.0,654.0,383.0,236.0,0.0,169.0,485.0,0.0
5339554724,北区,35.78645833333333,139.72343750000002,996,549,279.0,92.0,50.0,61.0,548.0,170.0,333.0,0.0,101.0,446.0,30.0
5339554731,北区,35.78854166666667,139.7140625,179,105,66.0,12.0,18.0,2.0,106.0,64.0,37.0,0.0,52.0,54.0,0.0
5339554732,北区,35.78854166666667,139.71718750000002,1,1,,,,,,,,,,,
5339554811,北区,35.784375,139.7265625,1409,754,403.0,100.0,102.0,48.0,746.0,339.0,365.0,0.0,341.0,379.0,0.0
5339554812,北区,35.784375,139.7296875,957,568,340.0,119.0,108.0,30.0,561.0,234.0,253.0,30.0,246.0,306.0,0.0
5339554813,北区,35.78645833333333,139.7265625,261,134,64.0,20.0,18.0,6.0,131.0,72.0,38.0,0.0,48.0,81.0,0.0
5339554814,北区,35.78645833333333,139.7296875,79,36,18.0,7.0,0.0,6.0,33.0,0.0,0.0,0.0,0.0,33.0,0.0
5339554821,北区,35.784375,139.7328125,179,85,52.0,16.0,11.0,4.0,85.0,26.0,53.0,0.0,33.0,52.0,0.0
5339554922,足立区,35.784375,139.74843750000002,449,201,68.0,2.0,29.0,9.0,200.0,130.0,33.0,33.0,100.0,100.0,0.0
5339555112,板橋区,35.79270833333333,139.6421875,422,262,172.0,41.0,21.0,14.0,262.0,45.0,205.0,0.0,14.0,248.0,0.0
5339555114,板橋区,35.79479166666666,139.6421875,1,1,,,,,,,,,,,
5339555121,板橋区,35.79270833333333,139.6453125,25,25,,,,,,,,,,,
5339555122,板橋区,35.79270833333333,139.6484375,20,20,20.0,2.0,1.0,0.0,4.0,0.0,0.0,0.0,0.0,4.0,0.0
5339555123,板橋区,35.79479166666666,139.6453125,38,22,36.0,4.0,2.0,0.0,24.0,11.0,10.0,0.0,12.0,12.0,0.0
5339555124,板橋区,35.79479166666666,139.6484375,47,31,20.0,2.0,5.0,0.0,23.0,15.0,8.0,0.0,14.0,9.0,0.0
5339555132,板橋区,35.796875,139.6421875,674,264,123.0,30.0,23.0,24.0,261.0,151.0,95.0,0.0,111.0,149.0,0.0
5339555141,板橋区,35.796875,139.6453125,232,115,45.0,4.0,19.0,4.0,115.0,83.0,29.0,0.0,27.0,88.0,0.0
5339555142,板橋区,35.796875,139.6484375,170,114,78.0,23.0,9.0,1.0,114.0,48.0,64.0,0.0,32.0,82.0,0.0
5339555211,板橋区,35.79270833333333,139.6515625,2,2,,,,,,,,,,,
5339555212,板橋区,35.79270833333333,139.65468750000002,886,509,301.0,42.0,98.0,29.0,504.0,157.0,319.0,0.0,75.0,429.0,0.0
5339555213,板橋区,35.79479166666666,139.6515625,390,174,96.0,19.0,12.0,8.0,163.0,96.0,21.0,0.0,63.0,100.0,0.0
5339555221,板橋区,35.79270833333333,139.6578125,1145,644,330.0,72.0,98.0,25.0,636.0,230.0,296.0,84.0,145.0,490.0,0.0
5339555222,板橋区,35.79270833333333,139.66093750000002,549,334,208.0,94.0,23.0,17.0,322.0,83.0,197.0,0.0,17.0,299.0,0.0
5339555224,板橋区,35.79479166666666,139.66093750000002,252,168,105.0,0.0,91.0,1.0,167.0,15.0,0.0,151.0,14.0,152.0,0.0
5339555231,板橋区,35.796875,139.6515625,187,99,58.0,10.0,10.0,6.0,93.0,38.0,49.0,0.0,4.0,89.0,0.0
5339555241,板橋区,35.796875,139.6578125,1,0,,,,,,,,,,,
5339555242,板橋区,35.796875,139.66093750000002,248,146,78.0,0.0,49.0,2.0,146.0,43.0,16.0,86.0,38.0,103.0,0.0
5339555311,板橋区,35.79270833333333,139.6640625,446,313,219.0,78.0,23.0,6.0,283.0,3.0,52.0,96.0,3.0,280.0,0.0
5339555312,板橋区,35.79270833333333,139.6671875,134,67,27.0,4.0,9.0,4.0,67.0,44.0,22.0,0.0,3.0,64.0,0.0
5339555313,板橋区,35.79479166666666,139.6640625,2289,1041,376.0,3.0,296.0,37.0,1041.0,383.0,24.0,611.0,27.0,1014.0,0.0
5339555314,板橋区,35.79479166666666,139.6671875,279,158,91.0,5.0,53.0,4.0,155.0,18.0,80.0,55.0,18.0,137.0,0.0
5339555321,板橋区,35.79270833333333,139.6703125,19,10,7.0,4.0,1.0,0.0,12.0,6.0,6.0,0.0,3.0,9.0,0.0
5339555322,板橋区,35.79270833333333,139.6734375,4,4,4.0,1.0,0.0,0.0,2.0,0.0,0.0,0.0,0.0,2.0,0.0
5339555323,板橋区,35.79479166666666,139.6703125,3,2,,,,,,,,,,,
5339555324,板橋区,35.79479166666666,139.6734375,8,8,8.0,6.0,0.0,0.0,6.0,0.0,0.0,0.0,0.0,6.0,0.0
5339555331,板橋区,35.796875,139.6640625,882,511,259.0,10.0,181.0,13.0,510.0,83.0,45.0,378.0,78.0,429.0,0.0
5339555332,板橋区,35.796875,139.6671875,213,103,52.0,19.0,12.0,9.0,102.0,55.0,45.0,0.0,60.0,42.0,0.0
5339555341,板橋区,35.796875,139.6703125,226,114,32.0,2.0,6.0,14.0,111.0,28.0,2.0,0.0,29.0,82.0,0.0
5339555342,板橋区,35.796875,139.6734375,143,62,5.0,1.0,0.0,23.0,62.0,0.0,1.0,0.0,0.0,62.0,0.0
5339555412,板橋区,35.79270833333333,139.67968750000003,305,87,29.0,1.0,18.0,4.0,87.0,0.0,0.0,86.0,0.0,87.0,0.0
5339555413,板橋区,35.79479166666666,139.67656250000002,9,7,7.0,1.0,3.0,0.0,9.0,0.0,9.0,0.0,0.0,9.0,0.0
5339555414,板橋区,35.79479166666666,139.67968750000003,109,56,28.0,0.0,14.0,3.0,55.0,43.0,11.0,0.0,14.0,41.0,0.0
5339555421,板橋区,35.79270833333333,139.6828125,179,81,30.0,2.0,9.0,6.0,80.0,68.0,6.0,0.0,43.0,36.0,0.0
5339555422,板橋区,35.79270833333333,139.68593750000002,1693,575,252.0,81.0,30.0,84.0,566.0,356.0,179.0,0.0,46.0,516.0,0.0
5339555423,板橋区,35.79479166666666,139.6828125,283,135,65.0,21.0,18.0,9.0,128.0,79.0,36.0,9.0,76.0,52.0,0.0
5339555424,板橋区,35.79479166666666,139.68593750000002,901,445,208.0,46.0,28.0,43.0,444.0,185.0,184.0,33.0,53.0,391.0,0.0
5339555431,板橋区,35.796875,139.67656250000002,3,2,,,,,,,,,,,
5339555442,板橋区,35.796875,139.68593750000002,130,49,12.0,1.0,2.0,4.0,49.0,34.0,13.0,0.0,36.0,13.0,0.0
5339555511,板橋区,35.79270833333333,139.6890625,1107,654,436.0,181.0,38.0,25.0,598.0,205.0,281.0,61.0,44.0,553.0,0.0
5339555512,板橋区,35.79270833333333,139.69218750000002,442,212,83.0,9.0,21.0,9.0,212.0,134.0,69.0,3.0,5.0,205.0,143.0
5339555513,板橋区,35.79479166666666,139.6890625,1204,629,310.0,86.0,59.0,63.0,608.0,295.0,270.0,0.0,136.0,470.0,0.0
5339555514,板橋区,35.79479166666666,139.69218750000002,663,350,161.0,27.0,75.0,15.0,350.0,90.0,79.0,167.0,47.0,303.0,0.0
5339555521,北区,35.79270833333333,139.6953125,1492,614,163.0,30.0,57.0,78.0,611.0,232.0,185.0,162.0,71.0,530.0,0.0
5339555522,北区,35.79270833333333,139.6984375,1544,713,293.0,72.0,87.0,60.0,710.0,294.0,297.0,90.0,55.0,649.0,0.0
5339555523,北区,35.79479166666666,139.6953125,424,195,62.0,5.0,22.0,17.0,193.0,133.0,55.0,0.0,72.0,121.0,0.0
5339555524,北区,35.79479166666666,139.6984375,301,132,42.0,12.0,8.0,12.0,131.0,68.0,56.0,0.0,12.0,119.0,0.0
5339555531,板橋区,35.796875,139.6890625,772,332,85.0,15.0,28.0,40.0,331.0,77.0,33.0,209.0,76.0,255.0,0.0
5339555532,板橋区,35.796875,139.69218750000002,432,209,80.0,8.0,20.0,40.0,209.0,110.0,50.0,9.0,5.0,204.0,0.0
5339555611,北区,35.79270833333333,139.7015625,946,404,154.0,35.0,55.0,23.0,404.0,95.0,112.0,186.0,91.0,313.0,186.0
5339560011,荒川区,35.751041666666666,139.7515625,977,449,175.0,48.0,49.0,49.0,449.0,233.0,176.0,0.0,131.0,310.0,0.0
5339560012,荒川区,35.751041666666666,139.75468750000002,995,531,273.0,40.0,131.0,24.0,530.0,228.0,187.0,76.0,217.0,306.0,0.0
5339560013,荒川区,35.753125,139.7515625,2118,848,220.0,23.0,86.0,57.0,848.0,736.0,102.0,0.0,181.0,666.0,337.0
5339560014,荒川区,35.753125,139.75468750000002,1953,861,284.0,20.0,139.0,57.0,857.0,661.0,152.0,15.0,312.0,544.0,80.0
5339560021,荒川区,35.751041666666666,139.7578125,1269,665,342.0,45.0,164.0,31.0,664.0,285.0,209.0,149.0,204.0,449.0,69.0
5339560022,荒川区,35.751041666666666,139.7609375,1821,936,472.0,90.0,164.0,57.0,933.0,431.0,425.0,41.0,312.0,618.0,0.0
5339560023,荒川区,35.753125,139.7578125,919,443,182.0,13.0,88.0,16.0,440.0,210.0,88.0,138.0,215.0,224.0,0.0
5339560024,荒川区,35.753125,139.7609375,1009,511,245.0,51.0,68.0,41.0,510.0,271.0,226.0,0.0,237.0,259.0,0.0
5339560031,北区,35.755208333333336,139.7515625,23,9,4.0,0.0,2.0,1.0,9.0,6.0,2.0,0.0,7.0,2.0,0.0
5339560032,北区,35.755208333333336,139.75468750000002,597,309,151.0,6.0,109.0,19.0,309.0,102.0,35.0,171.0,30.0,279.0,59.0
5339560033,足立区,35.75729166666667,139.7515625,559,386,243.0,0.0,213.0,1.0,386.0,14.0,0.0,372.0,14.0,372.0,0.0
5339560034,足立区,35.75729166666667,139.75468750000002,736,341,152.0,9.0,105.0,28.0,333.0,197.0,17.0,106.0,108.0,225.0,78.0
5339560041,足立区,35.755208333333336,139.7578125,864,344,72.0,4.0,22.0,18.0,344.0,321.0,20.0,0.0,26.0,318.0,0.0
5339560042,足立区,35.755208333333336,139.7609375,257,130,49.0,1.0,28.0,4.0,129.0,115.0,9.0,0.0,10.0,119.0,0.0
5339560043,足立区,35.75729166666667,139.7578125,1374,586,197.0,13.0,68.0,41.0,585.0,440.0,105.0,0.0,312.0,271.0,82.0
5339560044,足立区,35.75729166666667,139.7609375,1033,539,272.0,47.0,86.0,18.0,535.0,335.0,182.0,0.0,343.0,185.0,0.0
5339560111,荒川区,35.751041666666666,139.7640625,869,436,214.0,61.0,64.0,36.0,434.0,218.0,162.0,0.0,204.0,223.0,0.0
5339560112,荒川区,35.751041666666666,139.7671875,1166,607,351.0,89.0,91.0,38.0,593.0,271.0,262.0,0.0,308.0,284.0,0.0
5339560113,荒川区,35.753125,139.7640625,340,117,46.0,3.0,19.0,7.0,117.0,65.0,45.0,0.0,70.0,43.0,0.0
5339560114,荒川区,35.753125,139.7671875,503,227,89.0,16.0,32.0,11.0,207.0,157.0,45.0,0.0,94.0,110.0,0.0
5339560121,荒川区,35.751041666666666,139.7703125,1320,651,308.0,85.0,60.0,48.0,627.0,347.0,243.0,0.0,158.0,460.0,99.0
5339560123,荒川区,35.753125,139.7703125,133,66,26.0,1.0,11.0,6.0,66.0,40.0,22.0,0.0,37.0,29.0,0.0
5339560131,足立区,35.755208333333336,139.7640625,51,27,13.0,1.0,4.0,1.0,27.0,10.0,15.0,0.0,10.0,16.0,0.0
5339560132,足立区,35.755208333333336,139.7671875,669,248,39.0,1.0,2.0,50.0,248.0,238.0,6.0,0.0,0.0,247.0,0.0
5339560133,足立区,35.75729166666667,139.7640625,576,281,103.0,18.0,41.0,11.0,278.0,231.0,33.0,0.0,73.0,205.0,0.0
5339560141,足立区,35.755208333333336,139.7703125,700,278,60.0,1.0,8.0,33.0,278.0,264.0,6.0,0.0,0.0,278.0,131.0
5339560142,足立区,35.755208333333336,139.7734375,827,368,109.0,4.0,45.0,43.0,368.0,319.0,40.0,0.0,0.0,368.0,0.0
5339560211,荒川区,35.751041666666666,139.7765625,637,250,65.0,5.0,48.0,30.0,250.0,12.0,1.0,235.0,9.0,241.0,237.0
5339560212,荒川区,35.751041666666666,139.77968750000002,1359,703,325.0,65.0,100.0,56.0,703.0,299.0,247.0,105.0,300.0,399.0,0.0
5339560213,荒川区,35.753125,139.7765625,139,47,6.0,0.0,3.0,3.0,47.0,47.0,0.0,0.0,0.0,47.0,0.0
5339560214,荒川区,35.753125,139.77968750000002,1217,425,91.0,1.0,36.0,60.0,424.0,380.0,23.0,6.0,44.0,377.0,0.0
5339560221,荒川区,35.751041666666666,139.7828125,1894,941,442.0,45.0,222.0,58.0,939.0,447.0,212.0,248.0,332.0,599.0,0.0
5339560222,荒川区,35.751041666666666,139.78593750000002,1713,871,393.0,71.0,100.0,54.0,858.0,501.0,290.0,22.0,236.0,605.0,20.0
5339560223,荒川区,35.753125,139.7828125,919,462,216.0,9.0,149.0,32.0,443.0,127.0,39.0,262.0,25.0,410.0,0.0
5339560224,荒川区,35.753125,139.78593750000002,596,257,88.0,6.0,26.0,10.0,255.0,220.0,24.0,0.0,23.0,230.0,114.0
5339560231,足立区,35.755208333333336,139.7765625,128,70,33.0,0.0,4.0,5.0,70.0,54.0,14.0,0.0,0.0,70.0,0.0
5339560241,足立区,35.755208333333336,139.7828125,12,3,,,,,,,,,,,
5339560242,足立区,35.755208333333336,139.78593750000002,888,554,326.0,7.0,233.0,8.0,557.0,29.0,4.0,511.0,33.0,524.0,0.0
5339560311,荒川区,35.751041666666666,139.7890625,1168,497,153.0,24.0,57.0,39.0,488.0,387.0,57.0,0.0,185.0,303.0,0.0
5339560312,足立区,35.751041666666666,139.7921875,762,329,107.0,14.0,17.0,46.0,329.0,250.0,77.0,0.0,19.0,310.0,0.0
5339560313,足立区,35.753125,139.7890625,311,125,34.0,4.0,8.0,13.0,125.0,115.0,8.0,0.0,0.0,125.0,0.0
5339560314,足立区,35.753125,139.7921875,909,398,174.0,29.0,45.0,27.0,398.0,250.0,140.0,0.0,178.0,217.0,0.0
5339560321,足立区,35.751041666666666,139.7953125,1206,694,421.0,95.0,70.0,33.0,691.0,318.0,347.0,0.0,229.0,459.0,0.0
5339560322,足立区,35.751041666666666,139.7984375,1454,884,597.0,122.0,98.0,27.0,877.0,276.0,532.0,0.0,230.0,647.0,0.0
5339560323,足立区,35.753125,139.7953125,1562,895,524.0,109.0,127.0,49.0,891.0,429.0,422.0,0.0,436.0,445.0,0.0
5339560324,足立区,35.753125,139.7984375,1659,938,537.0,114.0,137.0,35.0,923.0,509.0,384.0,0.0,452.0,467.0,13.0
5339560331,足立区,35.755208333333336,139.7890625,1781,730,355.0,16.0,155.0,36.0,701.0,515.0,122.0,54.0,170.0,531.0,0.0
5339560332,足立区,35.755208333333336,139.7921875,1542,683,279.0,18.0,135.0,67.0,680.0,411.0,140.0,120.0,250.0,429.0,0.0
5339560333,足立区,35.75729166666667,139.7890625,14,5,,,,,,,,,,,
5339560334,足立区,35.75729166666667,139.7921875,657,395,225.0,0.0,171.0,14.0,399.0,94.0,21.0,281.0,95.0,304.0,0.0
5339560341,足立区,35.755208333333336,139.7953125,1680,854,441.0,80.0,133.0,47.0,844.0,536.0,276.0,0.0,549.0,292.0,0.0
5339560342,足立区,35.755208333333336,139.7984375,1226,761,490.0,125.0,123.0,25.0,759.0,322.0,407.0,0.0,304.0,449.0,0.0
5339560343,足立区,35.75729166666667,139.7953125,605,289,137.0,14.0,69.0,18.0,286.0,186.0,84.0,0.0,171.0,109.0,0.0
5339560344,足立区,35.75729166666667,139.7984375,702,334,144.0,21.0,48.0,32.0,334.0,210.0,114.0,0.0,221.0,113.0,0.0
5339560411,足立区,35.751041666666666,139.80156250000002,1409,775,426.0,113.0,74.0,51.0,670.0,420.0,214.0,0.0,132.0,534.0,0.0
5339560412,足立区,35.751041666666666,139.80468750000003,585,326,183.0,18.0,39.0,15.0,325.0,199.0,119.0,0.0,107.0,215.0,111.0
5339560413,足立区,35.753125,139.80156250000002,1679,1026,639.0,137.0,114.0,29.0,1020.0,487.0,483.0,0.0,267.0,750.0,52.0
5339560414,足立区,35.753125,139.80468750000003,1174,634,351.0,61.0,88.0,25.0,632.0,328.0,284.0,0.0,298.0,328.0,36.0
5339560421,足立区,35.751041666666666,139.8078125,1744,1063,614.0,57.0,213.0,57.0,1060.0,202.0,232.0,597.0,126.0,929.0,0.0
5339560422,足立区,35.751041666666666,139.81093750000002,1259,745,445.0,119.0,80.0,30.0,727.0,349.0,347.0,0.0,367.0,358.0,0.0
5339560423,足立区,35.753125,139.8078125,1783,1014,552.0,87.0,179.0,48.0,1011.0,359.0,267.0,306.0,178.0,831.0,101.0
5339560424,足立区,35.753125,139.81093750000002,590,281,124.0,41.0,19.0,38.0,281.0,82.0,189.0,0.0,79.0,202.0,0.0
5339560431,足立区,35.755208333333336,139.80156250000002,2502,1316,650.0,104.0,152.0,104.0,1307.0,915.0,337.0,2.0,335.0,969.0,160.0
5339560432,足立区,35.755208333333336,139.80468750000003,1246,785,505.0,117.0,80.0,32.0,783.0,283.0,455.0,0.0,262.0,514.0,0.0
5339560433,足立区,35.75729166666667,139.80156250000002,718,362,179.0,37.0,44.0,37.0,361.0,112.0,131.0,106.0,117.0,244.0,108.0
5339560434,足立区,35.75729166666667,139.80468750000003,119,55,24.0,4.0,6.0,8.0,55.0,34.0,19.0,0.0,35.0,16.0,0.0
5339560441,足立区,35.755208333333336,139.8078125,181,113,72.0,21.0,3.0,2.0,113.0,17.0,93.0,0.0,16.0,97.0,0.0
5339560444,足立区,35.75729166666667,139.81093750000002,8,3,,,,,,,,,,,
5339560511,足立区,35.751041666666666,139.8140625,17,11,8.0,1.0,0.0,1.0,11.0,5.0,6.0,0.0,5.0,6.0,0.0
5339560521,葛飾区,35.751041666666666,139.8203125,28,12,1.0,0.0,1.0,0.0,13.0,13.0,0.0,0.0,13.0,0.0,0.0
5339560522,葛飾区,35.751041666666666,139.8234375,710,328,147.0,42.0,49.0,17.0,320.0,185.0,109.0,0.0,154.0,164.0,0.0
5339560523,葛飾区,35.753125,139.8203125,4,1,,,,,,,,,,,
5339560524,葛飾区,35.753125,139.8234375,271,128,59.0,8.0,15.0,10.0,128.0,53.0,68.0,0.0,56.0,71.0,0.0
5339560531,葛飾区,35.755208333333336,139.8140625,103,57,31.0,9.0,7.0,1.0,57.0,33.0,24.0,0.0,32.0,22.0,0.0
5339560532,葛飾区,35.755208333333336,139.81718750000002,841,426,207.0,44.0,60.0,22.0,423.0,259.0,158.0,0.0,264.0,141.0,0.0
5339560533,葛飾区,35.75729166666667,139.8140625,464,222,156.0,42.0,31.0,12.0,212.0,63.0,88.0,0.0,49.0,150.0,0.0
5339560534,葛飾区,35.75729166666667,139.81718750000002,363,168,62.0,17.0,12.0,30.0,167.0,97.0,45.0,20.0,61.0,106.0,0.0
5339560541,葛飾区,35.755208333333336,139.8203125,690,375,189.0,44.0,61.0,17.0,373.0,203.0,159.0,0.0,198.0,159.0,0.0
5339560542,葛飾区,35.755208333333336,139.8234375,663,349,179.0,50.0,60.0,17.0,345.0,159.0,116.0,55.0,121.0,214.0,0.0
5339560543,足立区,35.75729166666667,139.8203125,1785,878,440.0,91.0,19.0,130.0,872.0,259.0,134.0,0.0,88.0,782.0,0.0
5339560544,足立区,35.75729166666667,139.8234375,1142,561,261.0,64.0,40.0,40.0,559.0,327.0,202.0,0.0,124.0,434.0,0.0
5339560611,葛飾区,35.751041666666666,139.8265625,1149,588,275.0,70.0,66.0,43.0,583.0,257.0,300.0,0.0,198.0,362.0,0.0
5339560612,葛飾区,35.751041666666666,139.8296875,1025,543,261.0,51.0,85.0,26.0,543.0,283.0,247.0,0.0,293.0,243.0,0.0
5339560613,葛飾区,35.753125,139.8265625,1466,706,406.0,161.0,81.0,23.0,575.0,250.0,307.0,0.0,240.0,314.0,0.0
5339560614,葛飾区,35.753125,139.8296875,1073,564,297.0,58.0,102.0,20.0,563.0,332.0,211.0,0.0,314.0,232.0,0.0
5339560621,葛飾区,35.751041666666666,139.8328125,1189,549,232.0,47.0,78.0,34.0,546.0,300.0,228.0,0.0,317.0,217.0,0.0
5339560622,葛飾区,35.751041666666666,139.8359375,1533,746,353.0,67.0,147.0,81.0,745.0,257.0,255.0,214.0,239.0,500.0,0.0
5339560623,葛飾区,35.753125,139.8328125,964,422,148.0,23.0,44.0,30.0,420.0,269.0,145.0,0.0,249.0,159.0,0.0
5339560624,葛飾区,35.753125,139.8359375,1182,514,173.0,38.0,64.0,65.0,513.0,275.0,137.0,87.0,148.0,364.0,0.0
5339560631,葛飾区,35.755208333333336,139.8265625,965,489,227.0,54.0,66.0,34.0,487.0,268.0,203.0,0.0,205.0,260.0,0.0
5339560632,葛飾区,35.755208333333336,139.8296875,1032,473,182.0,32.0,68.0,20.0,471.0,270.0,163.0,0.0,267.0,176.0,0.0
5339560633,葛飾区,35.75729166666667,139.8265625,1575,879,506.0,144.0,77.0,69.0,875.0,254.0,547.0,47.0,140.0,735.0,0.0
5339560634,葛飾区,35.75729166666667,139.8296875,1044,586,341.0,102.0,68.0,12.0,586.0,137.0,252.0,150.0,134.0,445.0,0.0
5339560641,葛飾区,35.755208333333336,139.8328125,1280,557,211.0,33.0,86.0,38.0,557.0,244.0,210.0,81.0,228.0,298.0,0.0
5339560642,葛飾区,35.755208333333336,139.8359375,696,287,91.0,9.0,48.0,32.0,286.0,167.0,104.0,0.0,158.0,124.0,0.0
5339560643,葛飾区,35.75729166666667,139.8328125,1184,577,234.0,31.0,103.0,20.0,574.0,325.0,148.0,95.0,190.0,384.0,0.0
5339560644,葛飾区,35.75729166666667,139.8359375,986,437,165.0,21.0,60.0,49.0,419.0,172.0,127.0,106.0,94.0,320.0,0.0
5339560711,葛飾区,35.751041666666666,139.8390625,1198,604,277.0,43.0,96.0,38.0,603.0,187.0,319.0,79.0,182.0,414.0,0.0
5339560712,葛飾区,35.751041666666666,139.84218750000002,1146,562,264.0,58.0,89.0,32.0,561.0,330.0,209.0,12.0,197.0,363.0,0.0
5339560713,葛飾区,35.753125,139.8390625,1020,472,206.0,43.0,58.0,45.0,471.0,231.0,228.0,1.0,162.0,306.0,0.0
5339560714,葛飾区,35.753125,139.84218750000002,1424,640,234.0,33.0,81.0,35.0,639.0,324.0,202.0,100.0,221.0,412.0,0.0
5339560721,葛飾区,35.751041666666666,139.8453125,1287,577,220.0,45.0,78.0,36.0,575.0,310.0,191.0,39.0,217.0,345.0,0.0
5339560722,葛飾区,35.751041666666666,139.84843750000002,1710,761,259.0,32.0,89.0,68.0,761.0,608.0,140.0,1.0,104.0,655.0,0.0
5339560723,葛飾区,35.753125,139.8453125,908,376,114.0,11.0,58.0,32.0,361.0,126.0,92.0,134.0,109.0,244.0,0.0
5339560724,葛飾区,35.753125,139.84843750000002,1075,531,215.0,21.0,102.0,27.0,531.0,278.0,150.0,93.0,53.0,474.0,0.0
5339560731,葛飾区,35.755208333333336,139.8390625,1057,481,177.0,9.0,92.0,34.0,472.0,231.0,110.0,128.0,169.0,291.0,0.0
5339560732,葛飾区,35.755208333333336,139.84218750000002,1419,620,227.0,29.0,82.0,58.0,620.0,271.0,221.0,112.0,211.0,408.0,0.0
5339560733,葛飾区,35.75729166666667,139.8390625,1100,448,139.0,22.0,42.0,56.0,447.0,229.0,212.0,0.0,165.0,273.0,0.0
5339560734,葛飾区,35.75729166666667,139.84218750000002,762,324,111.0,10.0,43.0,24.0,324.0,201.0,104.0,0.0,141.0,178.0,0.0
5339560741,葛飾区,35.755208333333336,139.8453125,418,219,96.0,12.0,38.0,15.0,214.0,44.0,59.0,99.0,40.0,174.0,0.0
5339560742,葛飾区,35.755208333333336,139.84843750000002,1175,499,173.0,46.0,67.0,49.0,498.0,186.0,150.0,123.0,78.0,411.0,0.0
5339560743,葛飾区,35.75729166666667,139.8453125,1132,481,143.0,7.0,82.0,37.0,480.0,276.0,70.0,125.0,114.0,365.0,0.0
5339560744,葛飾区,35.75729166666667,139.84843750000002,1590,678,260.0,27.0,109.0,66.0,676.0,62.0,78.0,515.0,50.0,620.0,0.0
5339560811,葛飾区,35.751041666666666,139.8515625,877,354,166.0,16.0,61.0,28.0,354.0,88.0,85.0,175.0,70.0,284.0,0.0
5339560812,葛飾区,35.751041666666666,139.8546875,1014,470,185.0,28.0,52.0,39.0,467.0,222.0,227.0,0.0,184.0,278.0,0.0
5339560813,葛飾区,35.753125,139.8515625,920,481,216.0,19.0,87.0,37.0,481.0,129.0,160.0,172.0,74.0,405.0,0.0
5339560814,葛飾区,35.753125,139.8546875,1403,682,275.0,55.0,97.0,35.0,662.0,431.0,201.0,12.0,216.0,443.0,108.0
5339560821,葛飾区,35.751041666666666,139.8578125,764,383,182.0,45.0,51.0,17.0,380.0,236.0,131.0,0.0,198.0,173.0,0.0
5339560822,葛飾区,35.751041666666666,139.8609375,251,134,60.0,15.0,21.0,9.0,134.0,80.0,48.0,0.0,73.0,52.0,0.0
5339560823,葛飾区,35.753125,139.8578125,610,294,137.0,69.0,17.0,42.0,279.0,161.0,107.0,0.0,74.0,204.0,91.0
5339560824,葛飾区,35.753125,139.8609375,685,334,137.0,26.0,43.0,28.0,333.0,176.0,143.0,0.0,143.0,165.0,0.0
5339560831,葛飾区,35.755208333333336,139.8515625,1149,546,209.0,33.0,78.0,62.0,546.0,304.0,190.0,28.0,208.0,326.0,0.0
5339560832,葛飾区,35.755208333333336,139.8546875,1579,648,204.0,45.0,49.0,64.0,647.0,404.0,213.0,10.0,185.0,457.0,1.0
5339560833,葛飾区,35.75729166666667,139.8515625,850,431,194.0,30.0,73.0,16.0,419.0,168.0,145.0,76.0,99.0,317.0,0.0
5339560834,葛飾区,35.75729166666667,139.8546875,1115,504,189.0,31.0,63.0,56.0,503.0,322.0,149.0,0.0,112.0,388.0,44.0
5339560841,葛飾区,35.755208333333336,139.8578125,1687,512,52.0,6.0,8.0,163.0,512.0,494.0,12.0,0.0,28.0,484.0,456.0
5339560842,葛飾区,35.755208333333336,139.8609375,765,373,166.0,34.0,45.0,32.0,373.0,231.0,132.0,0.0,231.0,138.0,0.0
5339560843,葛飾区,35.75729166666667,139.8578125,311,175,81.0,0.0,61.0,4.0,174.0,29.0,14.0,129.0,30.0,144.0,0.0
5339560844,葛飾区,35.75729166666667,139.8609375,1047,457,167.0,32.0,49.0,33.0,455.0,297.0,148.0,0.0,266.0,171.0,0.0
5339560911,葛飾区,35.751041666666666,139.86406250000002,872,496,292.0,68.0,99.0,23.0,495.0,185.0,284.0,0.0,177.0,306.0,0.0
5339560912,葛飾区,35.751041666666666,139.86718750000003,1091,602,317.0,70.0,87.0,26.0,596.0,286.0,288.0,0.0,182.0,403.0,0.0
5339560913,葛飾区,35.753125,139.86406250000002,962,517,258.0,58.0,58.0,37.0,516.0,256.0,243.0,0.0,188.0,317.0,0.0
5339560914,葛飾区,35.753125,139.86718750000003,1257,695,369.0,97.0,92.0,26.0,694.0,356.0,315.0,0.0,328.0,347.0,0.0
5339560921,葛飾区,35.751041666666666,139.8703125,809,466,262.0,71.0,46.0,19.0,466.0,162.0,280.0,0.0,147.0,311.0,0.0
5339560922,葛飾区,35.751041666666666,139.87343750000002,499,234,95.0,21.0,32.0,10.0,233.0,162.0,66.0,0.0,130.0,100.0,0.0
5339560923,葛飾区,35.753125,139.8703125,1375,691,322.0,74.0,87.0,31.0,690.0,375.0,295.0,0.0,256.0,421.0,45.0
5339560924,葛飾区,35.753125,139.87343750000002,1097,511,225.0,41.0,81.0,44.0,509.0,225.0,169.0,77.0,233.0,265.0,0.0
5339560931,葛飾区,35.755208333333336,139.86406250000002,981,428,147.0,37.0,32.0,62.0,427.0,208.0,186.0,0.0,207.0,213.0,0.0
5339560932,葛飾区,35.755208333333336,139.86718750000003,802,399,178.0,27.0,66.0,26.0,399.0,239.0,155.0,0.0,208.0,149.0,0.0
5339560933,葛飾区,35.75729166666667,139.86406250000002,657,310,123.0,19.0,40.0,20.0,308.0,173.0,126.0,0.0,141.0,162.0,0.0
5339560934,葛飾区,35.75729166666667,139.86718750000003,875,394,143.0,25.0,51.0,40.0,392.0,253.0,129.0,0.0,234.0,153.0,0.0
5339560941,葛飾区,35.755208333333336,139.8703125,1303,680,345.0,73.0,111.0,36.0,679.0,309.0,299.0,61.0,235.0,427.0,0.0
5339560942,葛飾区,35.755208333333336,139.87343750000002,1121,596,294.0,45.0,121.0,16.0,595.0,313.0,230.0,43.0,210.0,377.0,0.0
5339560943,葛飾区,35.75729166666667,139.8703125,1028,499,216.0,52.0,68.0,42.0,498.0,268.0,164.0,57.0,256.0,237.0,0.0
5339560944,葛飾区,35.75729166666667,139.87343750000002,998,537,285.0,68.0,86.0,34.0,537.0,264.0,259.0,0.0,242.0,289.0,0.0
5339561011,足立区,35.759375,139.7515625,109,45,11.0,0.0,3.0,6.0,45.0,36.0,2.0,1.0,27.0,18.0,0.0
5339561012,足立区,35.759375,139.75468750000002,877,446,222.0,14.0,87.0,28.0,423.0,234.0,51.0,134.0,149.0,273.0,0.0
5339561013,北区,35.76145833333333,139.7515625,735,289,62.0,1.0,34.0,52.0,289.0,269.0,19.0,0.0,14.0,275.0,109.0
5339561014,足立区,35.76145833333333,139.75468750000002,114,51,19.0,1.0,7.0,2.0,51.0,32.0,15.0,0.0,37.0,14.0,0.0
5339561021,足立区,35.759375,139.7578125,727,336,142.0,25.0,55.0,21.0,309.0,225.0,73.0,0.0,233.0,74.0,0.0
5339561022,足立区,35.759375,139.7609375,361,172,87.0,16.0,28.0,11.0,168.0,92.0,67.0,0.0,97.0,71.0,0.0
5339561023,足立区,35.76145833333333,139.7578125,509,246,126.0,32.0,33.0,14.0,224.0,126.0,71.0,0.0,133.0,91.0,0.0
5339561024,足立区,35.76145833333333,139.7609375,25,7,0.0,0.0,0.0,4.0,7.0,6.0,1.0,0.0,7.0,0.0,0.0
5339561031,北区,35.76354166666667,139.7515625,598,290,90.0,9.0,41.0,40.0,290.0,70.0,12.0,207.0,6.0,284.0,73.0
5339561032,北区,35.76354166666667,139.75468750000002,583,323,142.0,11.0,74.0,16.0,323.0,9.0,14.0,300.0,4.0,318.0,0.0
5339561033,北区,35.765625,139.7515625,3855,2430,1454.0,65.0,754.0,98.0,2430.0,0.0,0.0,2405.0,0.0,2430.0,0.0
5339561034,北区,35.765625,139.75468750000002,2596,1423,644.0,60.0,365.0,65.0,1423.0,0.0,9.0,1396.0,0.0,1422.0,1.0
5339561041,足立区,35.76354166666667,139.7578125,322,158,77.0,2.0,26.0,11.0,157.0,75.0,80.0,0.0,79.0,78.0,0.0
5339561114,足立区,35.76145833333333,139.7671875,428,215,106.0,20.0,18.0,17.0,212.0,98.0,102.0,0.0,63.0,148.0,0.0
5339561121,足立区,35.759375,139.7703125,22,9,3.0,0.0,1.0,0.0,9.0,9.0,0.0,0.0,9.0,0.0,0.0
5339561122,足立区,35.759375,139.7734375,213,107,54.0,15.0,11.0,11.0,107.0,65.0,40.0,0.0,48.0,59.0,0.0
5339561123,足立区,35.76145833333333,139.7703125,867,488,277.0,63.0,56.0,34.0,488.0,153.0,297.0,0.0,115.0,369.0,0.0
5339561124,足立区,35.76145833333333,139.7734375,1402,632,262.0,48.0,65.0,81.0,611.0,312.0,138.0,156.0,159.0,452.0,0.0
5339561131,足立区,35.76354166666667,139.7640625,199,88,33.0,10.0,3.0,10.0,88.0,52.0,35.0,0.0,24.0,64.0,0.0
5339561132,足立区,35.76354166666667,139.7671875,1064,508,192.0,25.0,59.0,30.0,506.0,367.0,124.0,0.0,120.0,382.0,0.0
5339561133,足立区,35.765625,139.7640625,334,142,46.0,4.0,4.0,21.0,141.0,46.0,48.0,0.0,48.0,93.0,0.0
5339561134,足立区,35.765625,139.7671875,830,424,184.0,13.0,91.0,31.0,422.0,138.0,114.0,162.0,129.0,288.0,0.0
5339561141,足立区,35.76354166666667,139.7703125,988,508,256.0,41.0,31.0,55.0,508.0,190.0,292.0,0.0,152.0,356.0,0.0
5339561142,足立区,35.76354166666667,139.7734375,854,423,192.0,29.0,53.0,30.0,422.0,217.0,184.0,0.0,180.0,242.0,0.0
5339561143,足立区,35.765625,139.7703125,955,509,300.0,32.0,128.0,26.0,508.0,93.0,167.0,229.0,51.0,457.0,0.0
5339561144,足立区,35.765625,139.7734375,713,343,142.0,28.0,48.0,13.0,338.0,178.0,79.0,61.0,147.0,190.0,0.0
5339561211,足立区,35.759375,139.7765625,278,98,54.0,13.0,14.0,5.0,98.0,55.0,42.0,0.0,56.0,42.0,0.0
5339561212,足立区,35.759375,139.77968750000002,178,121,86.0,29.0,10.0,3.0,121.0,42.0,73.0,0.0,43.0,78.0,0.0
5339561213,足立区,35.76145833333333,139.7765625,919,403,143.0,11.0,86.0,51.0,402.0,192.0,100.0,92.0,203.0,199.0,0.0
5339561214,足立区,35.76145833333333,139.77968750000002,786,380,175.0,37.0,46.0,18.0,377.0,210.0,126.0,0.0,238.0,139.0,0.0
5339561221,足立区,35.759375,139.7828125,86,55,33.0,3.0,13.0,1.0,55.0,37.0,17.0,0.0,39.0,16.0,0.0
5339561223,足立区,35.76145833333333,139.7828125,1088,474,175.0,22.0,54.0,28.0,472.0,342.0,118.0,0.0,358.0,112.0,0.0
5339561224,足立区,35.76145833333333,139.78593750000002,578,276,131.0,26.0,24.0,21.0,272.0,177.0,89.0,0.0,186.0,84.0,0.0
5339561231,足立区,35.76354166666667,139.7765625,1049,464,182.0,36.0,35.0,51.0,462.0,252.0,170.0,20.0,257.0,192.0,0.0
5339561232,足立区,35.76354166666667,139.77968750000002,667,288,110.0,16.0,37.0,18.0,286.0,209.0,61.0,0.0,223.0,61.0,0.0
5339561233,足立区,35.765625,139.7765625,1160,523,208.0,28.0,70.0,26.0,521.0,324.0,98.0,90.0,268.0,249.0,0.0
5339561234,足立区,35.765625,139.77968750000002,958,415,157.0,17.0,53.0,27.0,413.0,290.0,113.0,0.0,293.0,108.0,0.0
5339561241,足立区,35.76354166666667,139.7828125,811,413,205.0,32.0,61.0,19.0,407.0,239.0,157.0,0.0,231.0,171.0,0.0
5339561242,足立区,35.76354166666667,139.78593750000002,780,403,193.0,36.0,52.0,27.0,400.0,228.0,167.0,0.0,232.0,168.0,0.0
5339561243,足立区,35.765625,139.7828125,933,466,220.0,34.0,82.0,35.0,464.0,271.0,173.0,0.0,279.0,175.0,0.0
5339561244,足立区,35.765625,139.78593750000002,938,459,188.0,12.0,69.0,28.0,458.0,312.0,134.0,0.0,312.0,145.0,0.0
5339561313,足立区,35.76145833333333,139.7890625,515,238,120.0,13.0,46.0,19.0,234.0,97.0,79.0,50.0,100.0,133.0,0.0
5339561314,足立区,35.76145833333333,139.7921875,157,79,37.0,6.0,11.0,6.0,79.0,37.0,31.0,0.0,40.0,39.0,0.0
5339561323,足立区,35.76145833333333,139.7953125,120,59,29.0,4.0,6.0,4.0,56.0,32.0,23.0,0.0,31.0,25.0,0.0
5339561324,足立区,35.76145833333333,139.7984375,12,5,2.0,0.0,0.0,0.0,5.0,4.0,0.0,0.0,5.0,0.0,0.0
5339561331,足立区,35.76354166666667,139.7890625,1023,466,180.0,24.0,51.0,49.0,464.0,335.0,111.0,6.0,287.0,176.0,0.0
5339561332,足立区,35.76354166666667,139.7921875,790,379,180.0,18.0,50.0,25.0,377.0,230.0,143.0,0.0,227.0,149.0,0.0
5339561333,足立区,35.765625,139.7890625,1278,611,265.0,33.0,98.0,34.0,600.0,401.0,181.0,0.0,418.0,168.0,0.0
5339561334,足立区,35.765625,139.7921875,1113,583,305.0,62.0,74.0,34.0,582.0,312.0,255.0,0.0,303.0,273.0,0.0
5339561341,足立区,35.76354166666667,139.7953125,1010,501,232.0,37.0,66.0,26.0,499.0,293.0,185.0,0.0,274.0,225.0,0.0
5339561342,足立区,35.76354166666667,139.7984375,1052,516,220.0,23.0,91.0,22.0,513.0,260.0,157.0,84.0,267.0,245.0,0.0
5339561343,足立区,35.765625,139.7953125,976,504,254.0,33.0,76.0,18.0,504.0,284.0,208.0,0.0,310.0,193.0,0.0
5339561344,足立区,35.765625,139.7984375,1210,599,281.0,55.0,81.0,37.0,596.0,389.0,189.0,0.0,296.0,297.0,0.0
5339561413,足立区,35.76145833333333,139.80156250000002,131,67,38.0,9.0,8.0,5.0,67.0,26.0,38.0,0.0,28.0,39.0,0.0
5339561414,足立区,35.76145833333333,139.80468750000003,551,298,151.0,27.0,45.0,11.0,296.0,172.0,118.0,0.0,128.0,168.0,0.0
5339561421,足立区,35.759375,139.8078125,42,25,16.0,9.0,2.0,0.0,25.0,11.0,14.0,0.0,7.0,18.0,0.0
5339561422,足立区,35.759375,139.81093750000002,966,552,315.0,70.0,77.0,22.0,551.0,212.0,279.0,46.0,128.0,420.0,0.0
5339561423,足立区,35.76145833333333,139.8078125,1154,652,352.0,90.0,108.0,21.0,652.0,347.0,287.0,0.0,349.0,301.0,0.0
5339561424,足立区,35.76145833333333,139.81093750000002,1394,734,372.0,107.0,84.0,41.0,732.0,317.0,380.0,0.0,284.0,444.0,0.0
5339561431,足立区,35.76354166666667,139.80156250000002,1160,594,297.0,65.0,74.0,33.0,594.0,357.0,219.0,0.0,295.0,294.0,0.0
5339561432,足立区,35.76354166666667,139.80468750000003,1097,680,439.0,100.0,61.0,21.0,679.0,305.0,294.0,0.0,162.0,515.0,0.0
5339561433,足立区,35.765625,139.80156250000002,1235,721,429.0,107.0,92.0,33.0,704.0,368.0,274.0,0.0,274.0,430.0,0.0
5339561434,足立区,35.765625,139.80468750000003,1751,1004,581.0,131.0,127.0,28.0,1000.0,541.0,437.0,0.0,286.0,711.0,0.0
5339561441,足立区,35.76354166666667,139.8078125,1528,848,471.0,98.0,102.0,30.0,845.0,339.0,358.0,111.0,255.0,590.0,0.0
5339561442,足立区,35.76354166666667,139.81093750000002,1698,771,296.0,39.0,79.0,57.0,770.0,453.0,287.0,0.0,100.0,669.0,0.0
5339561443,足立区,35.765625,139.8078125,1491,829,465.0,103.0,112.0,59.0,824.0,361.0,439.0,0.0,210.0,611.0,0.0
5339561444,足立区,35.765625,139.81093750000002,1253,745,456.0,101.0,86.0,41.0,741.0,219.0,470.0,0.0,195.0,545.0,0.0
5339561511,葛飾区,35.759375,139.8140625,1008,503,236.0,71.0,26.0,58.0,490.0,180.0,136.0,4.0,81.0,408.0,0.0
5339561512,葛飾区,35.759375,139.81718750000002,1957,51,39.0,14.0,0.0,2.0,51.0,11.0,9.0,0.0,13.0,38.0,0.0
5339561513,足立区,35.76145833333333,139.8140625,709,413,248.0,54.0,64.0,15.0,412.0,170.0,202.0,23.0,110.0,299.0,0.0
5339561514,足立区,35.76145833333333,139.81718750000002,1497,812,441.0,122.0,100.0,41.0,812.0,212.0,421.0,143.0,113.0,690.0,0.0
5339561521,足立区,35.759375,139.8203125,1780,1030,676.0,193.0,41.0,67.0,1027.0,204.0,175.0,0.0,201.0,824.0,0.0
5339561522,足立区,35.759375,139.8234375,1266,875,647.0,200.0,73.0,23.0,873.0,206.0,595.0,11.0,168.0,699.0,0.0
5339561523,足立区,35.76145833333333,139.8203125,1267,585,215.0,33.0,62.0,85.0,584.0,375.0,128.0,0.0,140.0,444.0,0.0
5339561524,足立区,35.76145833333333,139.8234375,1104,624,350.0,66.0,34.0,44.0,623.0,141.0,451.0,0.0,94.0,527.0,0.0
5339561531,足立区,35.76354166666667,139.8140625,1218,652,342.0,84.0,68.0,34.0,650.0,244.0,368.0,0.0,178.0,470.0,0.0
5339561532,足立区,35.76354166666667,139.81718750000002,912,484,221.0,53.0,31.0,40.0,484.0,141.0,327.0,0.0,150.0,333.0,0.0
5339561533,足立区,35.765625,139.8140625,1578,835,407.0,79.0,87.0,45.0,828.0,342.0,394.0,46.0,242.0,585.0,0.0
5339561534,足立区,35.765625,139.81718750000002,1285,679,340.0,78.0,102.0,41.0,676.0,219.0,271.0,153.0,208.0,466.0,0.0
5339561541,足立区,35.76354166666667,139.8203125,879,515,323.0,103.0,35.0,25.0,514.0,179.0,316.0,0.0,179.0,335.0,0.0
5339561542,足立区,35.76354166666667,139.8234375,1847,1153,728.0,226.0,64.0,62.0,1147.0,341.0,660.0,0.0,48.0,1099.0,129.0
5339561543,足立区,35.765625,139.8203125,671,349,177.0,33.0,51.0,24.0,348.0,85.0,115.0,126.0,89.0,259.0,0.0
5339561544,足立区,35.765625,139.8234375,1744,1132,772.0,216.0,84.0,41.0,1081.0,313.0,613.0,0.0,121.0,959.0,0.0
5339561611,足立区,35.759375,139.8265625,1142,677,410.0,112.0,73.0,29.0,674.0,242.0,409.0,0.0,210.0,460.0,0.0
5339561612,足立区,35.759375,139.8296875,1267,658,342.0,71.0,71.0,38.0,652.0,241.0,351.0,34.0,148.0,500.0,0.0
5339561613,足立区,35.76145833333333,139.8265625,1408,901,597.0,142.0,69.0,43.0,888.0,191.0,609.0,0.0,34.0,854.0,0.0
5339561614,足立区,35.76145833333333,139.8296875,1535,925,563.0,171.0,100.0,32.0,889.0,316.0,493.0,6.0,139.0,747.0,0.0
5339561621,葛飾区,35.759375,139.8328125,1381,637,234.0,42.0,80.0,41.0,637.0,222.0,219.0,177.0,195.0,427.0,0.0
5339561622,葛飾区,35.759375,139.8359375,1142,504,191.0,57.0,42.0,55.0,490.0,199.0,243.0,28.0,182.0,304.0,0.0
5339561623,葛飾区,35.76145833333333,139.8328125,1248,647,322.0,112.0,49.0,63.0,622.0,158.0,328.0,108.0,115.0,504.0,0.0
5339561624,葛飾区,35.76145833333333,139.8359375,1110,556,268.0,53.0,71.0,41.0,556.0,224.0,250.0,67.0,212.0,334.0,0.0
5339561631,足立区,35.76354166666667,139.8265625,1301,758,440.0,77.0,52.0,64.0,757.0,246.0,457.0,0.0,49.0,706.0,89.0
5339561632,足立区,35.76354166666667,139.8296875,1055,573,316.0,68.0,37.0,52.0,572.0,169.0,345.0,13.0,30.0,539.0,0.0
5339561633,足立区,35.765625,139.8265625,886,545,352.0,82.0,46.0,26.0,542.0,130.0,377.0,0.0,78.0,462.0,0.0
5339561634,足立区,35.765625,139.8296875,1572,880,468.0,80.0,68.0,47.0,878.0,253.0,562.0,27.0,141.0,733.0,0.0
5339561641,葛飾区,35.76354166666667,139.8328125,932,539,310.0,54.0,96.0,26.0,539.0,65.0,322.0,121.0,63.0,472.0,0.0
5339561642,足立区,35.76354166666667,139.8359375,996,496,214.0,42.0,55.0,31.0,496.0,115.0,240.0,123.0,102.0,391.0,0.0
5339561643,足立区,35.765625,139.8328125,1654,937,544.0,148.0,70.0,65.0,937.0,202.0,626.0,79.0,108.0,827.0,0.0
5339561644,足立区,35.765625,139.8359375,1526,760,376.0,69.0,63.0,55.0,760.0,284.0,441.0,0.0,181.0,577.0,0.0
5339561711,葛飾区,35.759375,139.8390625,1266,597,249.0,9.0,161.0,60.0,597.0,188.0,138.0,260.0,197.0,400.0,0.0
5339561712,葛飾区,35.759375,139.84218750000002,871,379,155.0,45.0,34.0,41.0,378.0,154.0,202.0,0.0,143.0,235.0,0.0
5339561713,葛飾区,35.76145833333333,139.8390625,1113,507,216.0,38.0,73.0,43.0,504.0,269.0,213.0,9.0,262.0,229.0,0.0
5339561714,葛飾区,35.76145833333333,139.84218750000002,1266,637,293.0,29.0,166.0,57.0,635.0,162.0,159.0,306.0,130.0,503.0,0.0
5339561721,葛飾区,35.759375,139.8453125,894,452,193.0,29.0,82.0,32.0,451.0,92.0,123.0,205.0,58.0,392.0,0.0
5339561722,葛飾区,35.759375,139.84843750000002,1449,691,299.0,46.0,104.0,53.0,689.0,287.0,274.0,107.0,152.0,531.0,0.0
5339561723,葛飾区,35.76145833333333,139.8453125,870,443,221.0,35.0,67.0,16.0,441.0,190.0,239.0,0.0,134.0,299.0,0.0
5339561724,葛飾区,35.76145833333333,139.84843750000002,1206,711,441.0,123.0,123.0,34.0,708.0,307.0,387.0,0.0,257.0,439.0,0.0
5339561731,葛飾区,35.76354166666667,139.8390625,659,321,148.0,17.0,47.0,17.0,320.0,147.0,130.0,40.0,146.0,169.0,0.0
5339561732,葛飾区,35.76354166666667,139.84218750000002,1377,663,299.0,50.0,73.0,55.0,663.0,250.0,378.0,22.0,164.0,496.0,0.0
5339561733,葛飾区,35.765625,139.8390625,1183,540,244.0,53.0,72.0,49.0,538.0,261.0,257.0,0.0,251.0,278.0,0.0
5339561734,葛飾区,35.765625,139.84218750000002,1087,519,211.0,30.0,77.0,39.0,517.0,248.0,217.0,35.0,189.0,324.0,0.0
5339561741,葛飾区,35.76354166666667,139.8453125,1600,799,353.0,69.0,71.0,88.0,794.0,296.0,453.0,12.0,134.0,655.0,63.0
5339561742,葛飾区,35.76354166666667,139.84843750000002,2452,1221,595.0,134.0,117.0,136.0,1215.0,430.0,730.0,0.0,127.0,1084.0,221.0
5339561743,葛飾区,35.765625,139.8453125,537,325,203.0,51.0,42.0,12.0,323.0,117.0,176.0,4.0,81.0,238.0,0.0
5339561744,葛飾区,35.765625,139.84843750000002,1441,735,328.0,57.0,98.0,62.0,719.0,390.0,303.0,0.0,61.0,655.0,88.0
5339561811,葛飾区,35.759375,139.8515625,963,459,188.0,35.0,64.0,34.0,451.0,229.0,157.0,58.0,177.0,259.0,0.0
5339561812,葛飾区,35.759375,139.8546875,602,256,112.0,24.0,38.0,24.0,255.0,134.0,99.0,18.0,56.0,196.0,0.0
5339561813,葛飾区,35.76145833333333,139.8515625,1462,716,321.0,68.0,99.0,51.0,710.0,342.0,320.0,27.0,218.0,480.0,0.0
5339561814,葛飾区,35.76145833333333,139.8546875,340,182,97.0,24.0,22.0,9.0,181.0,86.0,87.0,0.0,69.0,106.0,0.0
5339561821,葛飾区,35.759375,139.8578125,694,306,116.0,27.0,28.0,38.0,306.0,172.0,107.0,14.0,104.0,200.0,0.0
5339561822,葛飾区,35.759375,139.8609375,1269,530,174.0,30.0,43.0,95.0,528.0,377.0,144.0,0.0,190.0,329.0,0.0
5339561823,葛飾区,35.76145833333333,139.8578125,840,371,171.0,57.0,55.0,15.0,370.0,223.0,137.0,0.0,210.0,143.0,0.0
5339561824,葛飾区,35.76145833333333,139.8609375,515,257,115.0,47.0,22.0,22.0,216.0,125.0,71.0,0.0,75.0,141.0,0.0
5339561831,葛飾区,35.76354166666667,139.8515625,1269,678,359.0,111.0,65.0,38.0,676.0,350.0,286.0,0.0,137.0,528.0,135.0
5339561832,葛飾区,35.76354166666667,139.8546875,378,201,101.0,15.0,37.0,10.0,201.0,113.0,83.0,0.0,61.0,134.0,0.0
5339561833,葛飾区,35.765625,139.8515625,858,413,189.0,46.0,37.0,32.0,412.0,185.0,215.0,0.0,71.0,338.0,14.0
5339561834,足立区,35.765625,139.8546875,2300,903,239.0,33.0,67.0,82.0,903.0,743.0,144.0,0.0,154.0,738.0,455.0
5339561841,葛飾区,35.76354166666667,139.8578125,664,304,107.0,11.0,31.0,15.0,303.0,227.0,71.0,0.0,231.0,69.0,0.0
5339561842,葛飾区,35.76354166666667,139.8609375,1243,554,224.0,48.0,85.0,98.0,553.0,274.0,163.0,113.0,120.0,422.0,0.0
5339561843,足立区,35.765625,139.8578125,581,281,111.0,13.0,37.0,13.0,280.0,177.0,92.0,0.0,149.0,131.0,0.0
5339561844,葛飾区,35.765625,139.8609375,733,358,134.0,9.0,69.0,30.0,357.0,223.0,86.0,42.0,122.0,233.0,0.0
5339561911,葛飾区,35.759375,139.86406250000002,522,219,98.0,20.0,30.0,19.0,217.0,132.0,83.0,0.0,132.0,70.0,0.0
5339561912,葛飾区,35.759375,139.86718750000003,1180,483,141.0,30.0,45.0,47.0,483.0,295.0,175.0,0.0,136.0,327.0,0.0
5339561913,葛飾区,35.76145833333333,139.86406250000002,970,475,181.0,14.0,96.0,20.0,474.0,401.0,71.0,0.0,41.0,431.0,0.0
5339561914,葛飾区,35.76145833333333,139.86718750000003,969,445,195.0,50.0,52.0,26.0,436.0,212.0,129.0,69.0,106.0,329.0,0.0
5339561921,葛飾区,35.759375,139.8703125,1497,618,179.0,21.0,71.0,54.0,618.0,411.0,187.0,0.0,173.0,434.0,0.0
5339561922,葛飾区,35.759375,139.87343750000002,1040,477,176.0,20.0,70.0,28.0,476.0,225.0,168.0,69.0,189.0,278.0,0.0
5339561923,葛飾区,35.76145833333333,139.8703125,1350,542,156.0,38.0,57.0,49.0,540.0,341.0,189.0,0.0,199.0,336.0,0.0
5339561924,葛飾区,35.76145833333333,139.87343750000002,770,363,137.0,33.0,47.0,51.0,362.0,167.0,120.0,71.0,64.0,297.0,0.0
5339561931,葛飾区,35.76354166666667,139.86406250000002,678,322,129.0,22.0,52.0,30.0,305.0,135.0,73.0,81.0,98.0,206.0,31.0
5339561932,葛飾区,35.76354166666667,139.86718750000003,996,505,229.0,38.0,86.0,25.0,503.0,294.0,160.0,41.0,105.0,397.0,12.0
5339561933,葛飾区,35.765625,139.86406250000002,984,520,278.0,99.0,63.0,40.0,435.0,185.0,116.0,98.0,143.0,287.0,0.0
5339561934,葛飾区,35.765625,139.86718750000003,1343,761,450.0,173.0,74.0,44.0,759.0,208.0,385.0,129.0,158.0,598.0,0.0
5339561941,葛飾区,35.76354166666667,139.8703125,1104,578,297.0,59.0,78.0,37.0,577.0,325.0,249.0,0.0,83.0,492.0,0.0
5339561942,葛飾区,35.76354166666667,139.87343750000002,545,256,110.0,33.0,17.0,26.0,256.0,119.0,134.0,0.0,86.0,165.0,0.0
5339561943,葛飾区,35.765625,139.8703125,1063,610,361.0,55.0,124.0,21.0,608.0,282.0,313.0,0.0,212.0,391.0,0.0
5339561944,葛飾区,35.765625,139.87343750000002,1014,548,287.0,58.0,80.0,22.0,547.0,264.0,275.0,0.0,235.0,310.0,0.0
5339562011,足立区,35.76770833333333,139.7515625,1334,435,60.0,4.0,16.0,68.0,435.0,388.0,4.0,32.0,0.0,435.0,398.0
5339562012,北区,35.76770833333333,139.75468750000002,428,256,139.0,14.0,75.0,12.0,256.0,0.0,1.0,246.0,0.0,256.0,0.0
5339562013,足立区,35.76979166666666,139.7515625,979,341,62.0,5.0,6.0,67.0,341.0,244.0,88.0,0.0,0.0,341.0,250.0
5339562022,足立区,35.76770833333333,139.7609375,24,11,4.0,0.0,1.0,0.0,11.0,11.0,0.0,0.0,11.0,0.0,0.0
5339562024,足立区,35.76979166666666,139.7609375,238,116,58.0,4.0,25.0,5.0,115.0,60.0,52.0,0.0,65.0,48.0,0.0
5339562034,足立区,35.77395833333333,139.75468750000002,34,14,4.0,0.0,2.0,0.0,14.0,9.0,4.0,0.0,9.0,3.0,0.0
5339562041,足立区,35.771875,139.7578125,144,61,19.0,0.0,7.0,4.0,61.0,31.0,30.0,0.0,32.0,29.0,0.0
5339562042,足立区,35.771875,139.7609375,648,329,153.0,21.0,40.0,13.0,319.0,206.0,101.0,0.0,212.0,105.0,0.0
5339562043,足立区,35.77395833333333,139.7578125,257,134,64.0,22.0,17.0,13.0,117.0,53.0,48.0,0.0,61.0,56.0,0.0
5339562044,足立区,35.77395833333333,139.7609375,692,328,143.0,27.0,47.0,20.0,322.0,156.0,115.0,39.0,162.0,158.0,0.0
5339562111,足立区,35.76770833333333,139.7640625,600,274,112.0,31.0,26.0,18.0,274.0,169.0,97.0,0.0,172.0,100.0,0.0
5339562112,足立区,35.76770833333333,139.7671875,1125,576,255.0,8.0,153.0,36.0,576.0,64.0,102.0,406.0,65.0,510.0,0.0
5339562113,足立区,35.76979166666666,139.7640625,832,431,214.0,36.0,63.0,14.0,428.0,261.0,146.0,0.0,271.0,142.0,0.0
5339562114,足立区,35.76979166666666,139.7671875,856,425,199.0,30.0,81.0,30.0,420.0,94.0,113.0,201.0,96.0,320.0,0.0
5339562121,足立区,35.76770833333333,139.7703125,791,345,115.0,9.0,55.0,58.0,345.0,123.0,94.0,123.0,23.0,322.0,100.0
5339562122,足立区,35.76770833333333,139.7734375,947,451,218.0,42.0,58.0,24.0,443.0,183.0,201.0,33.0,182.0,258.0,0.0
5339562123,足立区,35.76979166666666,139.7703125,492,240,120.0,27.0,12.0,16.0,240.0,99.0,107.0,0.0,56.0,184.0,0.0
5339562124,足立区,35.76979166666666,139.7734375,925,435,182.0,29.0,64.0,33.0,432.0,226.0,95.0,102.0,230.0,199.0,0.0
5339562131,足立区,35.771875,139.7640625,1465,817,425.0,4.0,291.0,51.0,815.0,194.0,34.0,577.0,122.0,689.0,0.0
5339562132,足立区,35.771875,139.7671875,962,451,187.0,50.0,39.0,29.0,451.0,270.0,154.0,4.0,214.0,229.0,0.0
5339562133,足立区,35.77395833333333,139.7640625,1038,537,300.0,3.0,227.0,6.0,535.0,49.0,41.0,443.0,52.0,483.0,0.0
5339562134,足立区,35.77395833333333,139.7671875,500,260,116.0,35.0,27.0,17.0,252.0,162.0,51.0,0.0,88.0,164.0,0.0
5339562141,足立区,35.771875,139.7703125,1259,643,266.0,37.0,66.0,46.0,642.0,361.0,249.0,0.0,75.0,566.0,2.0
5339562142,足立区,35.771875,139.7734375,700,303,97.0,7.0,40.0,24.0,302.0,190.0,106.0,0.0,148.0,146.0,0.0
5339562143,足立区,35.77395833333333,139.7703125,1065,511,195.0,21.0,61.0,23.0,511.0,386.0,118.0,0.0,75.0,436.0,69.0
5339562144,足立区,35.77395833333333,139.7734375,1063,454,190.0,8.0,107.0,13.0,454.0,134.0,85.0,229.0,66.0,387.0,0.0
5339562211,足立区,35.76770833333333,139.7765625,934,395,138.0,19.0,57.0,28.0,394.0,291.0,96.0,0.0,225.0,168.0,0.0
5339562212,足立区,35.76770833333333,139.77968750000002,1007,452,186.0,46.0,46.0,26.0,450.0,298.0,125.0,0.0,230.0,215.0,0.0
5339562213,足立区,35.76979166666666,139.7765625,719,325,138.0,11.0,31.0,18.0,325.0,202.0,119.0,0.0,203.0,122.0,0.0
5339562214,足立区,35.76979166666666,139.77968750000002,1021,495,237.0,30.0,70.0,24.0,491.0,308.0,170.0,0.0,315.0,176.0,0.0
5339562221,足立区,35.76770833333333,139.7828125,938,406,150.0,8.0,47.0,31.0,403.0,276.0,116.0,0.0,304.0,95.0,0.0
5339562222,足立区,35.76770833333333,139.78593750000002,1086,526,229.0,14.0,96.0,23.0,526.0,271.0,225.0,0.0,282.0,238.0,0.0
5339562223,足立区,35.76979166666666,139.7828125,1048,517,225.0,29.0,96.0,37.0,510.0,342.0,162.0,0.0,344.0,165.0,0.0
5339562224,足立区,35.76979166666666,139.78593750000002,891,426,181.0,20.0,58.0,29.0,421.0,239.0,173.0,0.0,243.0,175.0,0.0
5339562231,足立区,35.771875,139.7765625,1255,654,307.0,33.0,137.0,49.0,652.0,194.0,151.0,295.0,194.0,457.0,0.0
5339562232,足立区,35.771875,139.77968750000002,1119,607,336.0,50.0,135.0,20.0,603.0,236.0,161.0,192.0,238.0,363.0,0.0
5339562233,足立区,35.77395833333333,139.7765625,920,452,195.0,18.0,85.0,33.0,450.0,251.0,121.0,67.0,255.0,183.0,0.0
5339562234,足立区,35.77395833333333,139.77968750000002,1414,647,313.0,42.0,96.0,27.0,639.0,393.0,222.0,6.0,311.0,320.0,0.0
5339562241,足立区,35.771875,139.7828125,1416,640,210.0,19.0,72.0,37.0,637.0,508.0,120.0,0.0,201.0,435.0,0.0
5339562242,足立区,35.771875,139.78593750000002,1200,569,222.0,22.0,72.0,38.0,566.0,337.0,214.0,0.0,264.0,300.0,0.0
5339562243,足立区,35.77395833333333,139.7828125,1265,612,276.0,50.0,64.0,39.0,598.0,265.0,194.0,77.0,193.0,399.0,0.0
5339562244,足立区,35.77395833333333,139.78593750000002,1080,495,184.0,17.0,54.0,31.0,495.0,276.0,102.0,103.0,41.0,454.0,241.0
5339562311,足立区,35.76770833333333,139.7890625,1032,495,225.0,22.0,89.0,39.0,495.0,299.0,187.0,0.0,301.0,190.0,0.0
5339562312,足立区,35.76770833333333,139.7921875,1098,557,265.0,65.0,74.0,18.0,556.0,314.0,227.0,0.0,256.0,293.0,0.0
5339562313,足立区,35.76979166666666,139.7890625,1111,603,337.0,61.0,101.0,15.0,602.0,288.0,292.0,0.0,288.0,300.0,0.0
5339562314,足立区,35.76979166666666,139.7921875,1029,534,278.0,62.0,81.0,30.0,526.0,282.0,205.0,26.0,219.0,305.0,0.0
5339562321,足立区,35.76770833333333,139.7953125,1328,718,373.0,87.0,96.0,41.0,718.0,385.0,302.0,0.0,251.0,466.0,0.0
5339562322,足立区,35.76770833333333,139.7984375,1566,739,309.0,72.0,83.0,49.0,739.0,488.0,236.0,0.0,160.0,579.0,0.0
5339562323,足立区,35.76979166666666,139.7953125,1721,842,409.0,81.0,84.0,76.0,841.0,509.0,307.0,0.0,192.0,649.0,0.0
5339562324,足立区,35.76979166666666,139.7984375,1918,920,419.0,95.0,69.0,58.0,918.0,567.0,300.0,0.0,127.0,784.0,237.0
5339562331,足立区,35.771875,139.7890625,1356,721,376.0,80.0,80.0,46.0,720.0,263.0,421.0,0.0,255.0,460.0,0.0
5339562332,足立区,35.771875,139.7921875,1294,650,318.0,71.0,92.0,45.0,649.0,350.0,258.0,8.0,223.0,426.0,0.0
5339562333,足立区,35.77395833333333,139.7890625,2973,1369,471.0,80.0,41.0,221.0,1321.0,303.0,884.0,0.0,57.0,1264.0,42.0
5339562334,足立区,35.77395833333333,139.7921875,1322,728,402.0,66.0,132.0,38.0,726.0,312.0,325.0,62.0,206.0,518.0,0.0
5339562341,足立区,35.771875,139.7953125,2456,1167,459.0,33.0,218.0,95.0,1164.0,733.0,244.0,156.0,148.0,1014.0,242.0
5339562342,足立区,35.771875,139.7984375,886,556,359.0,69.0,78.0,22.0,555.0,192.0,319.0,0.0,138.0,416.0,0.0
5339562343,足立区,35.77395833333333,139.7953125,1933,844,311.0,53.0,87.0,93.0,844.0,561.0,235.0,30.0,79.0,765.0,500.0
5339562344,足立区,35.77395833333333,139.7984375,1416,799,443.0,99.0,80.0,54.0,796.0,320.0,379.0,0.0,165.0,627.0,64.0
5339562411,足立区,35.76770833333333,139.80156250000002,1357,705,373.0,68.0,94.0,55.0,702.0,395.0,292.0,0.0,312.0,385.0,0.0
5339562412,足立区,35.76770833333333,139.80468750000003,1421,786,452.0,108.0,103.0,27.0,785.0,422.0,345.0,0.0,133.0,650.0,0.0
5339562413,足立区,35.76979166666666,139.80156250000002,1994,956,374.0,59.0,110.0,46.0,954.0,676.0,248.0,0.0,87.0,865.0,106.0
5339562414,足立区,35.76979166666666,139.80468750000003,580,341,221.0,76.0,24.0,17.0,341.0,100.0,223.0,0.0,84.0,257.0,0.0
5339562421,足立区,35.76770833333333,139.8078125,937,566,336.0,48.0,94.0,15.0,562.0,295.0,251.0,0.0,105.0,454.0,0.0
5339562422,足立区,35.76770833333333,139.81093750000002,1215,671,355.0,66.0,105.0,25.0,667.0,124.0,340.0,180.0,123.0,543.0,0.0
5339562423,足立区,35.76979166666666,139.8078125,1772,837,345.0,78.0,122.0,49.0,836.0,392.0,207.0,200.0,142.0,694.0,0.0
5339562424,足立区,35.76979166666666,139.81093750000002,1193,735,476.0,101.0,113.0,35.0,735.0,145.0,484.0,82.0,112.0,620.0,0.0
5339562431,足立区,35.771875,139.80156250000002,1274,780,529.0,163.0,105.0,34.0,774.0,232.0,466.0,25.0,193.0,567.0,0.0
5339562432,足立区,35.771875,139.80468750000003,1226,572,246.0,26.0,98.0,43.0,571.0,223.0,134.0,202.0,37.0,530.0,0.0
5339562433,足立区,35.77395833333333,139.80156250000002,1033,529,282.0,84.0,50.0,41.0,527.0,266.0,217.0,0.0,195.0,332.0,0.0
5339562434,足立区,35.77395833333333,139.80468750000003,747,369,165.0,20.0,42.0,20.0,361.0,273.0,78.0,0.0,52.0,308.0,0.0
5339562441,足立区,35.771875,139.8078125,1593,776,305.0,29.0,98.0,56.0,772.0,468.0,287.0,0.0,90.0,677.0,0.0
5339562442,足立区,35.771875,139.81093750000002,1476,706,296.0,67.0,82.0,45.0,674.0,400.0,246.0,0.0,126.0,541.0,0.0
5339562443,足立区,35.77395833333333,139.8078125,966,502,263.0,25.0,100.0,25.0,494.0,248.0,158.0,66.0,145.0,348.0,0.0
5339562444,足立区,35.77395833333333,139.81093750000002,1113,669,413.0,59.0,148.0,18.0,615.0,166.0,175.0,265.0,153.0,462.0,0.0
5339562511,足立区,35.76770833333333,139.8140625,1048,585,318.0,110.0,66.0,49.0,519.0,115.0,192.0,166.0,107.0,412.0,0.0
5339562512,足立区,35.76770833333333,139.81718750000002,1327,757,434.0,124.0,134.0,25.0,659.0,206.0,158.0,273.0,97.0,560.0,0.0
5339562513,足立区,35.76979166666666,139.8140625,1144,649,375.0,101.0,56.0,39.0,624.0,229.0,341.0,19.0,162.0,459.0,0.0
5339562514,足立区,35.76979166666666,139.81718750000002,1670,899,450.0,76.0,145.0,38.0,880.0,476.0,294.0,63.0,120.0,753.0,0.0
5339562521,足立区,35.76770833333333,139.8203125,516,273,151.0,14.0,65.0,19.0,273.0,50.0,78.0,143.0,41.0,232.0,0.0
5339562522,足立区,35.76770833333333,139.8234375,883,533,330.0,94.0,47.0,14.0,531.0,135.0,361.0,0.0,110.0,421.0,0.0
5339562523,足立区,35.76979166666666,139.8203125,756,405,218.0,46.0,51.0,23.0,402.0,182.0,163.0,43.0,138.0,261.0,0.0
5339562524,足立区,35.76979166666666,139.8234375,1095,584,312.0,55.0,45.0,32.0,584.0,250.0,309.0,11.0,144.0,439.0,0.0
5339562531,足立区,35.771875,139.8140625,949,568,347.0,72.0,67.0,24.0,568.0,191.0,358.0,0.0,194.0,368.0,0.0
5339562532,足立区,35.771875,139.81718750000002,1152,619,328.0,68.0,77.0,29.0,613.0,253.0,293.0,47.0,257.0,353.0,0.0
5339562533,足立区,35.77395833333333,139.8140625,1069,523,234.0,53.0,62.0,33.0,522.0,263.0,220.0,23.0,244.0,275.0,0.0
5339562534,足立区,35.77395833333333,139.81718750000002,1049,552,281.0,62.0,61.0,32.0,551.0,220.0,224.0,83.0,156.0,387.0,0.0
5339562541,足立区,35.771875,139.8203125,1268,621,232.0,4.0,141.0,26.0,621.0,135.0,25.0,459.0,81.0,540.0,0.0
5339562542,足立区,35.771875,139.8234375,517,209,53.0,2.0,19.0,12.0,208.0,157.0,10.0,39.0,15.0,193.0,0.0
5339562543,足立区,35.77395833333333,139.8203125,1136,564,248.0,50.0,71.0,24.0,562.0,142.0,190.0,217.0,136.0,424.0,0.0
5339562544,足立区,35.77395833333333,139.8234375,687,340,135.0,17.0,43.0,17.0,339.0,99.0,55.0,169.0,43.0,294.0,0.0
5339562611,足立区,35.76770833333333,139.8265625,1531,880,522.0,137.0,73.0,35.0,875.0,342.0,503.0,0.0,181.0,692.0,0.0
5339562612,足立区,35.76770833333333,139.8296875,1775,953,511.0,88.0,100.0,57.0,953.0,380.0,439.0,112.0,145.0,805.0,0.0
5339562613,足立区,35.76979166666666,139.8265625,874,555,357.0,64.0,73.0,10.0,555.0,200.0,336.0,0.0,144.0,396.0,0.0
5339562614,足立区,35.76979166666666,139.8296875,1271,597,249.0,35.0,49.0,47.0,597.0,373.0,213.0,0.0,107.0,484.0,80.0
5339562621,足立区,35.76770833333333,139.8328125,1392,765,355.0,34.0,149.0,61.0,764.0,38.0,87.0,622.0,32.0,732.0,0.0
5339562622,足立区,35.76770833333333,139.8359375,1202,616,315.0,68.0,45.0,49.0,615.0,145.0,367.0,84.0,118.0,496.0,0.0
5339562623,足立区,35.76979166666666,139.8328125,544,287,142.0,31.0,27.0,21.0,286.0,126.0,152.0,0.0,24.0,259.0,0.0
5339562624,足立区,35.76979166666666,139.8359375,1554,689,338.0,47.0,59.0,60.0,688.0,355.0,311.0,0.0,139.0,547.0,0.0
5339562631,足立区,35.771875,139.8265625,996,550,294.0,43.0,112.0,32.0,550.0,140.0,227.0,165.0,132.0,406.0,0.0
5339562632,足立区,35.771875,139.8296875,745,459,280.0,80.0,45.0,25.0,459.0,133.0,247.0,68.0,46.0,413.0,0.0
5339562633,足立区,35.77395833333333,139.8265625,1150,587,269.0,40.0,61.0,41.0,587.0,339.0,191.0,38.0,121.0,458.0,0.0
5339562634,足立区,35.77395833333333,139.8296875,1641,827,397.0,130.0,29.0,123.0,826.0,411.0,341.0,0.0,89.0,737.0,120.0
5339562641,足立区,35.771875,139.8328125,1307,685,365.0,51.0,84.0,48.0,684.0,325.0,351.0,0.0,111.0,572.0,0.0
5339562642,足立区,35.771875,139.8359375,1444,675,287.0,67.0,42.0,55.0,670.0,371.0,284.0,0.0,161.0,506.0,0.0
5339562643,足立区,35.77395833333333,139.8328125,775,451,256.0,59.0,45.0,28.0,449.0,125.0,308.0,0.0,102.0,346.0,0.0
5339562644,足立区,35.77395833333333,139.8359375,1517,753,339.0,80.0,61.0,59.0,688.0,350.0,311.0,0.0,203.0,478.0,0.0
5339562711,足立区,35.76770833333333,139.8390625,1151,594,285.0,23.0,124.0,35.0,593.0,236.0,292.0,40.0,156.0,436.0,0.0
5339562712,足立区,35.76770833333333,139.84218750000002,1409,771,414.0,62.0,138.0,29.0,769.0,387.0,328.0,29.0,254.0,510.0,0.0
5339562713,足立区,35.76979166666666,139.8390625,1102,555,264.0,34.0,78.0,28.0,552.0,292.0,248.0,0.0,207.0,344.0,0.0
5339562714,足立区,35.76979166666666,139.84218750000002,1289,722,408.0,76.0,69.0,46.0,711.0,188.0,481.0,0.0,132.0,577.0,0.0
5339562721,葛飾区,35.76770833333333,139.8453125,1046,625,389.0,148.0,80.0,31.0,623.0,223.0,337.0,0.0,218.0,400.0,0.0
5339562722,葛飾区,35.76770833333333,139.84843750000002,1653,842,388.0,62.0,78.0,112.0,840.0,299.0,502.0,0.0,57.0,781.0,144.0
5339562723,足立区,35.76979166666666,139.8453125,1204,733,443.0,90.0,145.0,30.0,732.0,261.0,321.0,111.0,224.0,505.0,0.0
5339562724,足立区,35.76979166666666,139.84843750000002,2628,1320,624.0,145.0,117.0,155.0,1297.0,738.0,488.0,0.0,155.0,1140.0,0.0
5339562731,足立区,35.771875,139.8390625,2502,1079,445.0,150.0,59.0,67.0,1079.0,679.0,382.0,0.0,175.0,903.0,430.0
5339562732,足立区,35.771875,139.84218750000002,1567,659,333.0,63.0,73.0,39.0,648.0,326.0,289.0,0.0,194.0,454.0,0.0
5339562733,足立区,35.77395833333333,139.8390625,1247,578,240.0,53.0,54.0,38.0,576.0,304.0,192.0,64.0,139.0,435.0,117.0
5339562734,足立区,35.77395833333333,139.84218750000002,1684,875,416.0,55.0,145.0,59.0,850.0,309.0,394.0,133.0,195.0,652.0,0.0
5339562741,足立区,35.771875,139.8453125,1159,568,319.0,170.0,58.0,23.0,565.0,271.0,155.0,0.0,190.0,375.0,0.0
5339562742,足立区,35.771875,139.84843750000002,365,176,69.0,8.0,23.0,18.0,176.0,81.0,83.0,0.0,28.0,145.0,0.0
5339562743,足立区,35.77395833333333,139.8453125,343,166,70.0,7.0,30.0,6.0,164.0,107.0,56.0,0.0,81.0,83.0,0.0
5339562811,葛飾区,35.76770833333333,139.8515625,1193,688,422.0,123.0,73.0,23.0,684.0,262.0,389.0,0.0,258.0,419.0,0.0
5339562812,足立区,35.76770833333333,139.8546875,1187,598,285.0,70.0,63.0,29.0,598.0,340.0,207.0,0.0,221.0,371.0,0.0
5339562813,足立区,35.76979166666666,139.8515625,1341,710,366.0,67.0,79.0,42.0,710.0,326.0,373.0,0.0,277.0,430.0,0.0
5339562814,足立区,35.76979166666666,139.8546875,1372,745,407.0,63.0,124.0,39.0,742.0,387.0,328.0,0.0,374.0,363.0,0.0
5339562821,足立区,35.76770833333333,139.8578125,687,360,160.0,25.0,48.0,18.0,360.0,215.0,111.0,24.0,89.0,271.0,0.0
5339562822,葛飾区,35.76770833333333,139.8609375,879,458,232.0,81.0,55.0,19.0,456.0,265.0,163.0,0.0,156.0,298.0,0.0
5339562823,足立区,35.76979166666666,139.8578125,247,151,94.0,15.0,24.0,1.0,151.0,66.0,78.0,0.0,67.0,83.0,0.0
5339562824,葛飾区,35.76979166666666,139.8609375,2273,818,101.0,4.0,8.0,343.0,817.0,795.0,14.0,0.0,0.0,817.0,680.0
5339562831,足立区,35.771875,139.8515625,739,439,274.0,32.0,49.0,21.0,437.0,183.0,131.0,0.0,126.0,299.0,0.0
5339562832,足立区,35.771875,139.8546875,843,423,210.0,44.0,52.0,20.0,420.0,255.0,151.0,0.0,262.0,158.0,0.0
5339562833,足立区,35.77395833333333,139.8515625,247,107,36.0,4.0,12.0,11.0,107.0,64.0,40.0,0.0,64.0,40.0,0.0
5339562834,足立区,35.77395833333333,139.8546875,216,85,21.0,0.0,9.0,6.0,84.0,79.0,5.0,0.0,12.0,72.0,0.0
5339562841,葛飾区,35.771875,139.8578125,1,1,,,,,,,,,,,
5339562843,葛飾区,35.77395833333333,139.8578125,833,365,130.0,7.0,62.0,8.0,365.0,113.0,52.0,196.0,65.0,300.0,0.0
5339562844,葛飾区,35.77395833333333,139.8609375,1585,762,312.0,6.0,258.0,85.0,762.0,178.0,12.0,570.0,51.0,711.0,0.0
5339562911,葛飾区,35.76770833333333,139.86406250000002,1097,577,289.0,78.0,92.0,33.0,575.0,313.0,246.0,0.0,263.0,299.0,0.0
5339562912,葛飾区,35.76770833333333,139.86718750000003,1099,585,312.0,100.0,74.0,20.0,584.0,278.0,290.0,0.0,236.0,343.0,0.0
5339562913,葛飾区,35.76979166666666,139.86406250000002,2160,642,53.0,0.0,23.0,133.0,641.0,618.0,17.0,0.0,0.0,641.0,641.0
5339562914,葛飾区,35.76979166666666,139.86718750000003,435,198,74.0,15.0,24.0,29.0,198.0,87.0,106.0,0.0,38.0,160.0,51.0
5339562921,葛飾区,35.76770833333333,139.8703125,1983,1019,481.0,83.0,129.0,81.0,1017.0,605.0,390.0,0.0,161.0,850.0,437.0
5339562922,葛飾区,35.76770833333333,139.87343750000002,1723,909,449.0,90.0,145.0,59.0,909.0,564.0,329.0,0.0,209.0,696.0,41.0
5339562923,葛飾区,35.76979166666666,139.8703125,914,605,386.0,63.0,138.0,30.0,601.0,39.0,69.0,462.0,18.0,578.0,0.0
5339562924,葛飾区,35.76979166666666,139.87343750000002,1040,518,230.0,30.0,82.0,43.0,513.0,317.0,184.0,0.0,127.0,385.0,0.0
5339562931,葛飾区,35.771875,139.86406250000002,55,20,3.0,0.0,1.0,3.0,20.0,20.0,0.0,0.0,0.0,20.0,20.0
5339562932,葛飾区,35.771875,139.86718750000003,1312,738,415.0,137.0,95.0,43.0,736.0,152.0,468.0,82.0,103.0,632.0,0.0
5339562933,葛飾区,35.77395833333333,139.86406250000002,1608,663,187.0,14.0,114.0,39.0,662.0,355.0,73.0,230.0,0.0,662.0,262.0
5339562934,葛飾区,35.77395833333333,139.86718750000003,1090,531,286.0,66.0,83.0,29.0,530.0,72.0,254.0,192.0,53.0,476.0,0.0
5339562941,葛飾区,35.771875,139.8703125,1765,1064,620.0,115.0,232.0,33.0,1064.0,155.0,267.0,624.0,64.0,1000.0,249.0
5339562942,葛飾区,35.771875,139.87343750000002,1361,777,429.0,86.0,150.0,40.0,757.0,266.0,282.0,179.0,204.0,537.0,0.0
5339562943,葛飾区,35.77395833333333,139.8703125,912,460,196.0,25.0,87.0,35.0,460.0,89.0,166.0,199.0,87.0,373.0,0.0
5339562944,葛飾区,35.77395833333333,139.87343750000002,991,535,279.0,80.0,76.0,29.0,532.0,221.0,297.0,0.0,212.0,319.0,0.0
5339563011,足立区,35.776041666666664,139.7515625,70,37,20.0,1.0,6.0,0.0,36.0,22.0,14.0,0.0,26.0,9.0,0.0
5339563012,足立区,35.776041666666664,139.75468750000002,202,101,54.0,6.0,16.0,6.0,101.0,52.0,46.0,0.0,51.0,49.0,0.0
5339563013,足立区,35.778124999999996,139.7515625,362,189,103.0,17.0,34.0,3.0,184.0,116.0,61.0,0.0,85.0,99.0,0.0
5339563014,足立区,35.778124999999996,139.75468750000002,524,194,98.0,8.0,30.0,16.0,194.0,90.0,95.0,0.0,74.0,117.0,0.0
5339563021,足立区,35.776041666666664,139.7578125,561,225,79.0,10.0,17.0,26.0,225.0,137.0,78.0,0.0,139.0,86.0,0.0
5339563022,足立区,35.776041666666664,139.7609375,911,440,196.0,29.0,68.0,33.0,437.0,226.0,192.0,0.0,205.0,201.0,0.0
5339563023,足立区,35.778124999999996,139.7578125,462,134,52.0,3.0,21.0,16.0,134.0,82.0,48.0,0.0,79.0,55.0,0.0
5339563024,足立区,35.778124999999996,139.7609375,601,284,121.0,16.0,31.0,31.0,284.0,155.0,114.0,0.0,135.0,147.0,0.0
5339563031,足立区,35.780208333333334,139.7515625,725,301,113.0,8.0,38.0,26.0,299.0,169.0,106.0,9.0,165.0,134.0,0.0
5339563032,足立区,35.780208333333334,139.75468750000002,943,399,157.0,12.0,50.0,36.0,399.0,237.0,155.0,0.0,222.0,176.0,0.0
5339563033,足立区,35.782291666666666,139.7515625,549,260,124.0,16.0,36.0,14.0,259.0,137.0,104.0,0.0,119.0,140.0,0.0
5339563034,足立区,35.782291666666666,139.75468750000002,386,167,60.0,1.0,23.0,7.0,166.0,100.0,63.0,0.0,100.0,66.0,0.0
5339563041,足立区,35.780208333333334,139.7578125,980,436,170.0,20.0,38.0,47.0,434.0,220.0,188.0,0.0,225.0,206.0,0.0
5339563042,足立区,35.780208333333334,139.7609375,977,440,159.0,29.0,43.0,30.0,438.0,285.0,131.0,0.0,273.0,163.0,0.0
5339563043,足立区,35.782291666666666,139.7578125,741,339,137.0,5.0,53.0,22.0,337.0,216.0,112.0,0.0,196.0,141.0,0.0
5339563044,足立区,35.782291666666666,139.7609375,860,374,144.0,25.0,31.0,33.0,374.0,205.0,154.0,0.0,188.0,174.0,0.0
5339563111,足立区,35.776041666666664,139.7640625,897,504,279.0,29.0,146.0,17.0,501.0,160.0,142.0,192.0,168.0,333.0,0.0
5339563112,足立区,35.776041666666664,139.7671875,508,207,60.0,10.0,13.0,27.0,206.0,140.0,51.0,0.0,153.0,52.0,0.0
5339563113,足立区,35.778124999999996,139.7640625,439,221,111.0,12.0,18.0,17.0,219.0,86.0,112.0,13.0,81.0,130.0,0.0
5339563114,足立区,35.778124999999996,139.7671875,375,202,105.0,25.0,9.0,24.0,201.0,47.0,143.0,0.0,47.0,151.0,0.0
5339563121,足立区,35.776041666666664,139.7703125,1078,553,237.0,39.0,83.0,20.0,553.0,133.0,139.0,274.0,57.0,496.0,0.0
5339563122,足立区,35.776041666666664,139.7734375,1644,810,404.0,40.0,186.0,72.0,805.0,278.0,247.0,273.0,135.0,668.0,0.0
5339563123,足立区,35.778124999999996,139.7703125,602,337,180.0,27.0,60.0,14.0,333.0,168.0,148.0,0.0,27.0,306.0,0.0
5339563124,足立区,35.778124999999996,139.7734375,1197,671,382.0,76.0,50.0,52.0,663.0,261.0,343.0,21.0,115.0,547.0,0.0
5339563131,足立区,35.780208333333334,139.7640625,693,404,210.0,16.0,126.0,10.0,401.0,74.0,43.0,272.0,72.0,329.0,0.0
5339563132,足立区,35.780208333333334,139.7671875,822,430,208.0,22.0,99.0,22.0,428.0,114.0,103.0,199.0,54.0,370.0,0.0
5339563133,足立区,35.782291666666666,139.7640625,735,400,196.0,19.0,76.0,6.0,399.0,131.0,146.0,113.0,67.0,332.0,0.0
5339563134,足立区,35.782291666666666,139.7671875,895,490,243.0,18.0,89.0,16.0,490.0,116.0,84.0,285.0,66.0,424.0,0.0
5339563141,足立区,35.780208333333334,139.7703125,773,437,227.0,40.0,49.0,29.0,437.0,83.0,205.0,125.0,44.0,393.0,0.0
5339563142,足立区,35.780208333333334,139.7734375,1022,489,230.0,39.0,48.0,24.0,488.0,225.0,226.0,16.0,162.0,325.0,0.0
5339563143,足立区,35.782291666666666,139.7703125,653,379,200.0,14.0,87.0,12.0,379.0,23.0,27.0,308.0,27.0,351.0,0.0
5339563144,足立区,35.782291666666666,139.7734375,954,493,256.0,55.0,54.0,14.0,492.0,233.0,239.0,2.0,137.0,343.0,0.0
5339563211,足立区,35.776041666666664,139.7765625,1329,682,335.0,41.0,85.0,57.0,678.0,412.0,247.0,0.0,239.0,439.0,0.0
5339563212,足立区,35.776041666666664,139.77968750000002,1276,638,321.0,47.0,122.0,31.0,636.0,323.0,173.0,120.0,256.0,380.0,0.0
5339563213,足立区,35.778124999999996,139.7765625,926,525,321.0,61.0,66.0,30.0,524.0,205.0,269.0,0.0,171.0,353.0,0.0
5339563214,足立区,35.778124999999996,139.77968750000002,898,528,326.0,118.0,45.0,22.0,526.0,211.0,180.0,0.0,97.0,428.0,0.0
5339563221,足立区,35.776041666666664,139.7828125,981,526,294.0,53.0,93.0,19.0,525.0,304.0,179.0,0.0,284.0,237.0,0.0
5339563222,足立区,35.776041666666664,139.78593750000002,1265,621,301.0,65.0,55.0,28.0,612.0,340.0,252.0,0.0,142.0,460.0,176.0
5339563223,足立区,35.778124999999996,139.7828125,1513,793,372.0,72.0,86.0,49.0,791.0,512.0,261.0,0.0,99.0,691.0,0.0
5339563224,足立区,35.778124999999996,139.78593750000002,801,454,264.0,58.0,47.0,26.0,452.0,166.0,261.0,0.0,114.0,335.0,0.0
5339563231,足立区,35.780208333333334,139.7765625,1035,559,285.0,33.0,119.0,25.0,559.0,172.0,199.0,159.0,189.0,366.0,0.0
5339563232,足立区,35.780208333333334,139.77968750000002,657,363,205.0,21.0,63.0,13.0,362.0,145.0,208.0,0.0,153.0,207.0,0.0
5339563233,足立区,35.782291666666666,139.7765625,814,368,211.0,20.0,81.0,11.0,367.0,148.0,209.0,0.0,157.0,205.0,0.0
5339563234,足立区,35.782291666666666,139.77968750000002,1224,692,375.0,43.0,106.0,45.0,673.0,180.0,272.0,203.0,140.0,526.0,0.0
5339563241,足立区,35.780208333333334,139.7828125,1292,671,337.0,33.0,96.0,45.0,670.0,256.0,250.0,141.0,225.0,443.0,0.0
5339563242,足立区,35.780208333333334,139.78593750000002,1354,687,349.0,53.0,70.0,45.0,686.0,354.0,316.0,0.0,180.0,505.0,0.0
5339563243,足立区,35.782291666666666,139.7828125,1438,712,363.0,70.0,85.0,29.0,710.0,227.0,303.0,134.0,162.0,548.0,0.0
5339563244,足立区,35.782291666666666,139.78593750000002,1045,518,239.0,40.0,59.0,22.0,518.0,218.0,231.0,55.0,89.0,427.0,0.0
5339563311,足立区,35.776041666666664,139.7890625,1339,528,143.0,22.0,38.0,49.0,526.0,435.0,79.0,0.0,77.0,449.0,39.0
5339563312,足立区,35.776041666666664,139.7921875,1015,636,419.0,71.0,82.0,30.0,635.0,266.0,349.0,0.0,111.0,524.0,0.0
5339563313,足立区,35.778124999999996,139.7890625,836,545,370.0,93.0,57.0,19.0,545.0,153.0,316.0,45.0,108.0,432.0,0.0
5339563314,足立区,35.778124999999996,139.7921875,935,543,318.0,52.0,71.0,26.0,543.0,207.0,204.0,100.0,142.0,400.0,0.0
5339563321,足立区,35.776041666666664,139.7953125,1152,619,333.0,81.0,85.0,32.0,618.0,318.0,266.0,0.0,279.0,337.0,0.0
5339563322,足立区,35.776041666666664,139.7984375,1378,746,392.0,68.0,99.0,54.0,745.0,383.0,309.0,0.0,214.0,521.0,0.0
5339563323,足立区,35.778124999999996,139.7953125,1056,578,344.0,66.0,87.0,38.0,577.0,266.0,272.0,0.0,175.0,402.0,0.0
5339563324,足立区,35.778124999999996,139.7984375,1162,659,375.0,94.0,57.0,33.0,659.0,235.0,389.0,0.0,184.0,474.0,0.0
5339563331,足立区,35.780208333333334,139.7890625,1055,610,369.0,66.0,71.0,28.0,607.0,214.0,334.0,35.0,204.0,397.0,0.0
5339563332,足立区,35.780208333333334,139.7921875,1388,744,408.0,82.0,79.0,29.0,740.0,202.0,415.0,102.0,111.0,622.0,0.0
5339563333,足立区,35.782291666666666,139.7890625,1157,677,390.0,64.0,112.0,23.0,677.0,122.0,305.0,226.0,129.0,547.0,0.0
5339563334,足立区,35.782291666666666,139.7921875,1346,620,259.0,64.0,32.0,78.0,598.0,286.0,235.0,0.0,153.0,445.0,0.0
5339563341,足立区,35.780208333333334,139.7953125,1172,626,349.0,77.0,59.0,53.0,624.0,228.0,346.0,0.0,201.0,402.0,0.0
5339563342,足立区,35.780208333333334,139.7984375,1066,574,316.0,38.0,72.0,30.0,574.0,254.0,284.0,0.0,218.0,353.0,0.0
5339563343,足立区,35.782291666666666,139.7953125,637,326,149.0,24.0,48.0,21.0,325.0,91.0,133.0,96.0,72.0,253.0,0.0
5339563344,足立区,35.782291666666666,139.7984375,695,350,151.0,27.0,40.0,29.0,348.0,190.0,149.0,0.0,168.0,179.0,0.0
5339563411,足立区,35.776041666666664,139.80156250000002,1186,616,315.0,78.0,63.0,43.0,612.0,228.0,304.0,60.0,228.0,383.0,0.0
5339563412,足立区,35.776041666666664,139.80468750000003,1111,486,186.0,22.0,66.0,38.0,486.0,283.0,68.0,115.0,121.0,363.0,0.0
5339563413,足立区,35.778124999999996,139.80156250000002,952,467,267.0,26.0,106.0,15.0,463.0,254.0,194.0,0.0,146.0,316.0,0.0
5339563414,足立区,35.778124999999996,139.80468750000003,1164,484,138.0,17.0,26.0,40.0,484.0,339.0,122.0,5.0,163.0,318.0,0.0
5339563421,足立区,35.776041666666664,139.8078125,1537,688,244.0,13.0,89.0,33.0,686.0,537.0,128.0,0.0,220.0,462.0,0.0
5339563422,足立区,35.776041666666664,139.81093750000002,1236,489,126.0,4.0,51.0,38.0,486.0,397.0,35.0,46.0,95.0,391.0,0.0
5339563423,足立区,35.778124999999996,139.8078125,997,529,254.0,18.0,97.0,34.0,528.0,204.0,149.0,142.0,185.0,331.0,0.0
5339563424,足立区,35.778124999999996,139.81093750000002,417,214,90.0,6.0,43.0,5.0,213.0,75.0,45.0,89.0,74.0,139.0,0.0
5339563431,足立区,35.780208333333334,139.80156250000002,1557,757,321.0,70.0,71.0,49.0,753.0,437.0,297.0,2.0,238.0,503.0,13.0
5339563432,足立区,35.780208333333334,139.80468750000003,771,360,155.0,9.0,82.0,41.0,359.0,142.0,102.0,110.0,149.0,196.0,0.0
5339563433,足立区,35.782291666666666,139.80156250000002,1169,528,193.0,8.0,67.0,40.0,526.0,329.0,113.0,72.0,144.0,380.0,30.0
5339563434,足立区,35.782291666666666,139.80468750000003,669,284,103.0,16.0,14.0,21.0,283.0,171.0,102.0,4.0,137.0,146.0,0.0
5339563441,足立区,35.780208333333334,139.8078125,686,284,90.0,11.0,27.0,9.0,284.0,192.0,85.0,0.0,197.0,79.0,0.0
5339563442,足立区,35.780208333333334,139.81093750000002,974,440,173.0,29.0,41.0,37.0,439.0,246.0,182.0,0.0,174.0,265.0,42.0
5339563443,足立区,35.782291666666666,139.8078125,649,282,116.0,9.0,35.0,16.0,282.0,208.0,68.0,0.0,214.0,68.0,0.0
5339563444,足立区,35.782291666666666,139.81093750000002,1588,688,255.0,30.0,46.0,58.0,681.0,473.0,179.0,0.0,142.0,536.0,0.0
5339563511,足立区,35.776041666666664,139.8140625,1164,578,267.0,27.0,94.0,32.0,576.0,341.0,171.0,54.0,315.0,259.0,0.0
5339563512,足立区,35.776041666666664,139.81718750000002,847,464,250.0,48.0,61.0,24.0,464.0,200.0,251.0,0.0,214.0,250.0,0.0
5339563513,足立区,35.778124999999996,139.8140625,926,388,134.0,13.0,36.0,36.0,386.0,226.0,151.0,0.0,106.0,277.0,0.0
5339563514,足立区,35.778124999999996,139.81718750000002,675,316,134.0,35.0,18.0,36.0,315.0,148.0,158.0,0.0,109.0,206.0,0.0
5339563521,足立区,35.776041666666664,139.8203125,1523,647,240.0,31.0,68.0,53.0,645.0,387.0,131.0,123.0,64.0,579.0,0.0
5339563522,足立区,35.776041666666664,139.8234375,965,431,154.0,21.0,39.0,28.0,425.0,309.0,94.0,13.0,153.0,272.0,0.0
5339563523,足立区,35.778124999999996,139.8203125,676,392,216.0,60.0,51.0,28.0,378.0,122.0,118.0,106.0,23.0,354.0,0.0
5339563524,足立区,35.778124999999996,139.8234375,212,122,71.0,15.0,8.0,12.0,122.0,11.0,97.0,0.0,11.0,111.0,0.0
5339563531,足立区,35.780208333333334,139.8140625,770,336,125.0,20.0,32.0,33.0,334.0,137.0,185.0,0.0,138.0,196.0,0.0
5339563532,足立区,35.780208333333334,139.81718750000002,330,129,45.0,10.0,14.0,12.0,129.0,83.0,43.0,0.0,83.0,44.0,0.0
5339563533,足立区,35.782291666666666,139.8140625,1000,460,193.0,46.0,38.0,33.0,457.0,236.0,205.0,1.0,197.0,260.0,0.0
5339563534,足立区,35.782291666666666,139.81718750000002,475,183,44.0,4.0,14.0,18.0,183.0,128.0,53.0,0.0,96.0,78.0,0.0
5339563541,足立区,35.780208333333334,139.8203125,346,174,76.0,17.0,16.0,15.0,173.0,78.0,89.0,0.0,78.0,94.0,0.0
5339563542,足立区,35.780208333333334,139.8234375,708,337,152.0,72.0,12.0,58.0,337.0,129.0,171.0,0.0,129.0,206.0,0.0
5339563543,足立区,35.782291666666666,139.8203125,575,311,172.0,52.0,16.0,25.0,310.0,146.0,151.0,0.0,96.0,212.0,0.0
5339563544,足立区,35.782291666666666,139.8234375,609,306,122.0,32.0,10.0,36.0,306.0,95.0,174.0,0.0,92.0,206.0,0.0
5339563611,足立区,35.776041666666664,139.8265625,1028,517,252.0,61.0,58.0,38.0,490.0,276.0,195.0,0.0,111.0,378.0,0.0
5339563612,足立区,35.776041666666664,139.8296875,940,575,366.0,84.0,66.0,23.0,574.0,180.0,365.0,0.0,55.0,518.0,0.0
5339563613,足立区,35.778124999999996,139.8265625,421,259,162.0,57.0,13.0,14.0,259.0,40.0,211.0,0.0,39.0,219.0,0.0
5339563614,足立区,35.778124999999996,139.8296875,1204,692,399.0,77.0,59.0,30.0,686.0,293.0,370.0,0.0,30.0,656.0,0.0
5339563621,足立区,35.776041666666664,139.8328125,801,434,239.0,61.0,26.0,30.0,429.0,113.0,290.0,0.0,66.0,362.0,0.0
5339563622,足立区,35.776041666666664,139.8359375,1412,751,365.0,91.0,70.0,55.0,705.0,352.0,328.0,0.0,68.0,637.0,0.0
5339563623,足立区,35.778124999999996,139.8328125,754,396,186.0,33.0,38.0,14.0,390.0,129.0,250.0,0.0,55.0,328.0,0.0
5339563624,足立区,35.778124999999996,139.8359375,949,521,291.0,98.0,32.0,32.0,521.0,146.0,360.0,0.0,94.0,425.0,0.0
5339563631,足立区,35.780208333333334,139.8265625,852,584,436.0,157.0,30.0,11.0,581.0,130.0,428.0,0.0,98.0,482.0,0.0
5339563632,足立区,35.780208333333334,139.8296875,882,442,190.0,43.0,36.0,30.0,442.0,246.0,175.0,0.0,65.0,377.0,0.0
5339563633,足立区,35.782291666666666,139.8265625,855,389,164.0,29.0,45.0,84.0,389.0,192.0,161.0,0.0,49.0,334.0,0.0
5339563634,足立区,35.782291666666666,139.8296875,890,496,296.0,79.0,47.0,20.0,491.0,166.0,301.0,0.0,105.0,385.0,0.0
5339563641,足立区,35.780208333333334,139.8328125,890,478,269.0,84.0,33.0,27.0,476.0,183.0,280.0,0.0,49.0,427.0,0.0
5339563642,足立区,35.780208333333334,139.8359375,973,521,274.0,56.0,42.0,24.0,513.0,222.0,281.0,0.0,111.0,401.0,0.0
5339563643,足立区,35.782291666666666,139.8328125,893,431,203.0,93.0,15.0,36.0,365.0,209.0,113.0,0.0,49.0,315.0,0.0
5339563644,足立区,35.782291666666666,139.8359375,1465,785,436.0,105.0,77.0,32.0,779.0,265.0,493.0,0.0,188.0,590.0,0.0
5339563711,足立区,35.776041666666664,139.8390625,1716,851,347.0,40.0,93.0,63.0,849.0,626.0,174.0,0.0,145.0,704.0,0.0
5339563712,足立区,35.776041666666664,139.84218750000002,2002,1094,599.0,68.0,189.0,44.0,1090.0,721.0,338.0,0.0,156.0,931.0,0.0
5339563713,足立区,35.778124999999996,139.8390625,909,458,237.0,66.0,38.0,17.0,457.0,245.0,199.0,0.0,172.0,283.0,0.0
5339563714,足立区,35.778124999999996,139.84218750000002,1445,704,295.0,36.0,107.0,49.0,702.0,293.0,192.0,208.0,158.0,540.0,0.0
5339563721,足立区,35.776041666666664,139.8453125,360,174,68.0,3.0,36.0,20.0,173.0,59.0,25.0,85.0,38.0,135.0,0.0
5339563722,足立区,35.776041666666664,139.84843750000002,39,10,0.0,0.0,0.0,7.0,10.0,10.0,0.0,0.0,10.0,0.0,0.0
5339563723,足立区,35.778124999999996,139.8453125,1507,790,371.0,35.0,157.0,52.0,788.0,178.0,95.0,503.0,181.0,607.0,0.0
5339563724,足立区,35.778124999999996,139.84843750000002,828,416,199.0,26.0,102.0,20.0,415.0,197.0,90.0,114.0,205.0,200.0,0.0
5339563731,足立区,35.780208333333334,139.8390625,1190,604,304.0,55.0,55.0,34.0,599.0,282.0,286.0,0.0,225.0,373.0,0.0
5339563732,足立区,35.780208333333334,139.84218750000002,1603,814,351.0,31.0,143.0,48.0,813.0,349.0,96.0,351.0,67.0,746.0,0.0
5339563733,足立区,35.782291666666666,139.8390625,1273,701,404.0,66.0,82.0,42.0,694.0,229.0,443.0,0.0,144.0,541.0,0.0
5339563734,足立区,35.782291666666666,139.84218750000002,983,469,206.0,24.0,62.0,21.0,467.0,306.0,132.0,18.0,144.0,320.0,0.0
5339563741,足立区,35.780208333333334,139.8453125,1247,624,254.0,14.0,98.0,34.0,623.0,321.0,72.0,221.0,42.0,579.0,0.0
5339563742,足立区,35.780208333333334,139.84843750000002,515,246,84.0,3.0,40.0,19.0,245.0,206.0,13.0,13.0,53.0,192.0,0.0
5339563743,足立区,35.782291666666666,139.8453125,862,391,134.0,4.0,68.0,22.0,391.0,286.0,66.0,35.0,127.0,263.0,0.0
5339563744,葛飾区,35.782291666666666,139.84843750000002,285,117,28.0,1.0,15.0,4.0,117.0,101.0,16.0,0.0,61.0,55.0,0.0
5339563811,足立区,35.776041666666664,139.8515625,587,304,154.0,38.0,22.0,22.0,302.0,160.0,133.0,0.0,136.0,164.0,0.0
5339563812,葛飾区,35.776041666666664,139.8546875,353,144,45.0,10.0,16.0,15.0,143.0,115.0,26.0,0.0,111.0,32.0,0.0
5339563813,葛飾区,35.778124999999996,139.8515625,225,115,48.0,7.0,12.0,7.0,115.0,52.0,60.0,0.0,22.0,87.0,0.0
5339563814,葛飾区,35.778124999999996,139.8546875,849,338,118.0,24.0,44.0,26.0,334.0,205.0,124.0,0.0,211.0,122.0,0.0
5339563821,葛飾区,35.776041666666664,139.8578125,631,272,96.0,10.0,37.0,22.0,270.0,157.0,100.0,9.0,156.0,112.0,0.0
5339563822,葛飾区,35.776041666666664,139.8609375,1201,608,254.0,25.0,144.0,25.0,608.0,129.0,96.0,376.0,134.0,472.0,0.0
5339563823,葛飾区,35.778124999999996,139.8578125,1164,503,167.0,36.0,57.0,33.0,502.0,353.0,141.0,0.0,345.0,149.0,0.0
5339563824,葛飾区,35.778124999999996,139.8609375,1051,488,196.0,23.0,82.0,26.0,488.0,330.0,119.0,35.0,303.0,183.0,0.0
5339563831,葛飾区,35.780208333333334,139.8515625,481,184,51.0,3.0,24.0,14.0,183.0,129.0,54.0,0.0,132.0,41.0,0.0
5339563832,葛飾区,35.780208333333334,139.8546875,403,158,42.0,0.0,19.0,9.0,158.0,119.0,39.0,0.0,118.0,39.0,0.0
5339563833,葛飾区,35.782291666666666,139.8515625,653,290,102.0,9.0,30.0,18.0,288.0,197.0,85.0,0.0,198.0,87.0,0.0
5339563834,葛飾区,35.782291666666666,139.8546875,856,323,79.0,4.0,40.0,23.0,321.0,285.0,34.0,0.0,256.0,60.0,0.0
5339563841,葛飾区,35.780208333333334,139.8578125,279,111,28.0,3.0,17.0,12.0,111.0,97.0,12.0,0.0,97.0,12.0,0.0
5339563842,葛飾区,35.780208333333334,139.8609375,829,376,132.0,19.0,53.0,27.0,376.0,300.0,70.0,0.0,197.0,176.0,0.0
5339563843,葛飾区,35.782291666666666,139.8578125,315,143,51.0,12.0,13.0,5.0,143.0,102.0,35.0,5.0,53.0,83.0,0.0
5339563844,葛飾区,35.782291666666666,139.8609375,785,319,88.0,26.0,28.0,18.0,316.0,226.0,84.0,0.0,148.0,166.0,0.0
5339563911,葛飾区,35.776041666666664,139.86406250000002,2019,823,218.0,14.0,127.0,39.0,823.0,408.0,87.0,324.0,9.0,813.0,361.0
5339563912,葛飾区,35.776041666666664,139.86718750000003,1882,937,385.0,68.0,159.0,80.0,935.0,183.0,105.0,576.0,148.0,787.0,0.0
5339563913,葛飾区,35.778124999999996,139.86406250000002,667,304,107.0,14.0,41.0,24.0,304.0,201.0,98.0,0.0,197.0,98.0,0.0
5339563914,葛飾区,35.778124999999996,139.86718750000003,807,357,117.0,10.0,56.0,18.0,356.0,255.0,98.0,0.0,223.0,124.0,0.0
5339563921,葛飾区,35.776041666666664,139.8703125,976,479,195.0,41.0,75.0,21.0,479.0,196.0,186.0,80.0,206.0,271.0,0.0
5339563922,葛飾区,35.776041666666664,139.87343750000002,1110,519,210.0,42.0,67.0,47.0,519.0,215.0,178.0,118.0,179.0,333.0,0.0
5339563923,葛飾区,35.778124999999996,139.8703125,891,394,155.0,28.0,63.0,29.0,394.0,211.0,168.0,0.0,178.0,206.0,0.0
5339563924,葛飾区,35.778124999999996,139.87343750000002,850,380,148.0,27.0,43.0,32.0,380.0,168.0,203.0,0.0,169.0,198.0,0.0
5339563931,葛飾区,35.780208333333334,139.86406250000002,1022,437,126.0,14.0,45.0,48.0,434.0,289.0,133.0,0.0,260.0,152.0,0.0
5339563932,葛飾区,35.780208333333334,139.86718750000003,626,291,115.0,20.0,45.0,24.0,289.0,130.0,149.0,0.0,139.0,145.0,0.0
5339563933,葛飾区,35.782291666666666,139.86406250000002,906,311,92.0,6.0,45.0,23.0,311.0,234.0,71.0,0.0,200.0,96.0,0.0
5339563934,葛飾区,35.782291666666666,139.86718750000003,522,238,100.0,15.0,34.0,11.0,233.0,138.0,87.0,0.0,137.0,86.0,0.0
5339563941,葛飾区,35.780208333333334,139.8703125,346,136,30.0,2.0,8.0,21.0,135.0,70.0,61.0,0.0,73.0,52.0,0.0
5339563942,葛飾区,35.780208333333334,139.87343750000002,212,115,63.0,15.0,17.0,8.0,115.0,35.0,75.0,0.0,24.0,91.0,0.0
5339563943,葛飾区,35.782291666666666,139.8703125,88,34,6.0,0.0,6.0,6.0,34.0,32.0,2.0,0.0,32.0,1.0,0.0
5339564011,足立区,35.784375,139.7515625,406,168,57.0,8.0,13.0,13.0,163.0,105.0,58.0,0.0,105.0,57.0,0.0
5339564012,足立区,35.784375,139.75468750000002,429,178,57.0,5.0,19.0,13.0,178.0,84.0,88.0,0.0,83.0,94.0,0.0
5339564014,足立区,35.78645833333333,139.75468750000002,979,583,291.0,1.0,223.0,10.0,583.0,25.0,9.0,547.0,14.0,569.0,0.0
5339564021,足立区,35.784375,139.7578125,841,488,274.0,10.0,172.0,11.0,486.0,170.0,86.0,223.0,126.0,360.0,0.0
5339564022,足立区,35.784375,139.7609375,777,322,93.0,4.0,31.0,22.0,321.0,250.0,65.0,0.0,114.0,205.0,0.0
5339564023,足立区,35.78645833333333,139.7578125,855,385,158.0,13.0,56.0,26.0,384.0,258.0,104.0,0.0,191.0,192.0,0.0
5339564024,足立区,35.78645833333333,139.7609375,974,401,120.0,8.0,33.0,28.0,400.0,234.0,157.0,0.0,183.0,217.0,0.0
5339564041,足立区,35.78854166666667,139.7578125,835,354,127.0,10.0,48.0,25.0,353.0,214.0,129.0,0.0,218.0,125.0,0.0
5339564042,足立区,35.78854166666667,139.7609375,669,289,117.0,16.0,30.0,24.0,286.0,172.0,106.0,0.0,142.0,143.0,0.0
5339564043,足立区,35.790625,139.7578125,601,262,103.0,10.0,22.0,29.0,259.0,153.0,105.0,0.0,154.0,95.0,0.0
5339564044,足立区,35.790625,139.7609375,736,322,122.0,7.0,45.0,27.0,322.0,178.0,121.0,0.0,139.0,178.0,0.0
5339564111,足立区,35.784375,139.7640625,1100,469,170.0,14.0,52.0,28.0,469.0,284.0,177.0,0.0,148.0,320.0,0.0
5339564112,足立区,35.784375,139.7671875,871,431,211.0,50.0,47.0,25.0,429.0,186.0,209.0,0.0,79.0,345.0,0.0
5339564113,足立区,35.78645833333333,139.7640625,1162,526,214.0,46.0,56.0,36.0,511.0,280.0,212.0,0.0,175.0,335.0,0.0
5339564114,足立区,35.78645833333333,139.7671875,661,276,89.0,13.0,38.0,28.0,276.0,161.0,111.0,0.0,140.0,136.0,0.0
5339564121,足立区,35.784375,139.7703125,634,279,102.0,23.0,21.0,29.0,279.0,109.0,144.0,0.0,100.0,179.0,0.0
5339564122,足立区,35.784375,139.7734375,792,333,140.0,14.0,30.0,41.0,333.0,129.0,188.0,0.0,122.0,211.0,0.0
5339564123,足立区,35.78645833333333,139.7703125,1277,604,282.0,84.0,31.0,39.0,602.0,296.0,252.0,0.0,125.0,474.0,0.0
5339564124,足立区,35.78645833333333,139.7734375,760,364,163.0,28.0,28.0,27.0,359.0,197.0,144.0,0.0,97.0,262.0,0.0
5339564131,足立区,35.78854166666667,139.7640625,683,385,230.0,100.0,40.0,9.0,277.0,147.0,119.0,0.0,147.0,130.0,0.0
5339564132,足立区,35.78854166666667,139.7671875,878,490,247.0,28.0,107.0,17.0,488.0,83.0,164.0,235.0,82.0,406.0,0.0
5339564133,足立区,35.790625,139.7640625,761,321,119.0,13.0,30.0,33.0,319.0,190.0,111.0,0.0,182.0,124.0,0.0
5339564134,足立区,35.790625,139.7671875,1021,551,317.0,61.0,101.0,24.0,547.0,134.0,237.0,159.0,147.0,399.0,0.0
5339564141,足立区,35.78854166666667,139.7703125,930,508,274.0,35.0,72.0,28.0,508.0,139.0,244.0,105.0,137.0,369.0,0.0
5339564142,足立区,35.78854166666667,139.7734375,1057,496,215.0,29.0,57.0,31.0,494.0,277.0,202.0,0.0,274.0,218.0,0.0
5339564143,足立区,35.790625,139.7703125,787,420,237.0,40.0,31.0,25.0,419.0,240.0,133.0,8.0,232.0,187.0,0.0
5339564144,足立区,35.790625,139.7734375,826,366,140.0,18.0,31.0,42.0,365.0,234.0,103.0,0.0,248.0,117.0,0.0
5339564211,足立区,35.784375,139.7765625,791,379,162.0,16.0,54.0,35.0,379.0,174.0,189.0,0.0,165.0,211.0,0.0
5339564212,足立区,35.784375,139.77968750000002,1262,552,245.0,20.0,92.0,27.0,544.0,228.0,141.0,165.0,132.0,411.0,0.0
5339564213,足立区,35.78645833333333,139.7765625,699,273,100.0,6.0,31.0,16.0,265.0,191.0,59.0,0.0,160.0,102.0,0.0
5339564214,足立区,35.78645833333333,139.77968750000002,1780,737,266.0,23.0,70.0,78.0,728.0,472.0,221.0,21.0,139.0,588.0,0.0
5339564221,足立区,35.784375,139.7828125,949,473,219.0,14.0,92.0,28.0,471.0,248.0,206.0,4.0,151.0,317.0,0.0
5339564222,足立区,35.784375,139.78593750000002,804,426,217.0,48.0,29.0,32.0,424.0,99.0,259.0,50.0,69.0,354.0,0.0
5339564223,足立区,35.78645833333333,139.7828125,1026,457,166.0,16.0,53.0,37.0,454.0,301.0,143.0,0.0,290.0,163.0,0.0
5339564224,足立区,35.78645833333333,139.78593750000002,1481,574,125.0,3.0,43.0,32.0,574.0,467.0,98.0,0.0,57.0,517.0,96.0
5339564231,足立区,35.78854166666667,139.7765625,448,195,71.0,8.0,20.0,19.0,195.0,134.0,53.0,0.0,140.0,55.0,0.0
5339564232,足立区,35.78854166666667,139.77968750000002,1571,702,232.0,14.0,93.0,123.0,702.0,283.0,71.0,341.0,24.0,678.0,0.0
5339564233,足立区,35.790625,139.7765625,865,383,150.0,21.0,43.0,31.0,383.0,219.0,148.0,0.0,225.0,146.0,0.0
5339564234,足立区,35.790625,139.77968750000002,601,272,110.0,19.0,23.0,17.0,271.0,130.0,126.0,2.0,133.0,138.0,0.0
5339564241,足立区,35.78854166666667,139.7828125,1432,684,342.0,43.0,115.0,37.0,683.0,306.0,213.0,143.0,136.0,546.0,0.0
5339564242,足立区,35.78854166666667,139.78593750000002,1004,471,219.0,19.0,111.0,24.0,469.0,237.0,143.0,77.0,200.0,269.0,0.0
5339564243,足立区,35.790625,139.7828125,1080,482,183.0,8.0,56.0,33.0,482.0,308.0,162.0,0.0,238.0,244.0,0.0
5339564244,足立区,35.790625,139.78593750000002,835,458,260.0,59.0,53.0,27.0,440.0,166.0,237.0,1.0,175.0,262.0,0.0
5339564311,足立区,35.784375,139.7890625,1298,685,342.0,45.0,105.0,44.0,682.0,163.0,171.0,334.0,163.0,519.0,0.0
5339564312,足立区,35.784375,139.7921875,1266,585,255.0,56.0,70.0,30.0,584.0,205.0,241.0,123.0,82.0,495.0,0.0
5339564313,足立区,35.78645833333333,139.7890625,932,515,290.0,72.0,54.0,17.0,515.0,204.0,275.0,0.0,160.0,354.0,0.0
5339564314,足立区,35.78645833333333,139.7921875,1056,508,240.0,44.0,51.0,35.0,490.0,207.0,267.0,0.0,151.0,338.0,0.0
5339564321,足立区,35.784375,139.7953125,969,466,167.0,10.0,71.0,20.0,465.0,216.0,76.0,161.0,153.0,312.0,0.0
5339564322,足立区,35.784375,139.7984375,1170,490,180.0,17.0,57.0,36.0,488.0,270.0,115.0,96.0,223.0,265.0,0.0
5339564323,足立区,35.78645833333333,139.7953125,1095,512,198.0,21.0,62.0,40.0,509.0,217.0,179.0,90.0,166.0,343.0,0.0
5339564324,足立区,35.78645833333333,139.7984375,1108,485,177.0,21.0,59.0,44.0,485.0,265.0,199.0,4.0,177.0,308.0,0.0
5339564331,足立区,35.78854166666667,139.7890625,754,436,226.0,37.0,86.0,20.0,435.0,15.0,21.0,386.0,14.0,420.0,0.0
5339564332,足立区,35.78854166666667,139.7921875,880,442,200.0,40.0,50.0,33.0,440.0,162.0,121.0,122.0,122.0,303.0,0.0
5339564333,足立区,35.790625,139.7890625,807,448,223.0,20.0,93.0,12.0,448.0,41.0,48.0,351.0,42.0,406.0,0.0
5339564334,足立区,35.790625,139.7921875,984,593,370.0,92.0,39.0,21.0,576.0,155.0,392.0,0.0,145.0,424.0,0.0
5339564341,足立区,35.78854166666667,139.7953125,1006,444,181.0,35.0,43.0,44.0,437.0,126.0,151.0,102.0,101.0,336.0,0.0
5339564342,足立区,35.78854166666667,139.7984375,834,473,266.0,31.0,135.0,13.0,473.0,181.0,175.0,98.0,138.0,325.0,0.0
5339564343,足立区,35.790625,139.7953125,1186,642,353.0,88.0,53.0,44.0,632.0,150.0,426.0,0.0,129.0,492.0,0.0
5339564344,足立区,35.790625,139.7984375,948,465,207.0,35.0,64.0,22.0,463.0,214.0,175.0,51.0,178.0,285.0,0.0
5339564411,足立区,35.784375,139.80156250000002,1305,540,187.0,3.0,101.0,27.0,537.0,278.0,69.0,186.0,88.0,449.0,0.0
5339564412,足立区,35.784375,139.80468750000003,490,219,68.0,1.0,46.0,17.0,219.0,105.0,27.0,83.0,110.0,108.0,0.0
5339564413,足立区,35.78645833333333,139.80156250000002,889,440,192.0,15.0,80.0,17.0,440.0,87.0,107.0,230.0,111.0,315.0,0.0
5339564414,足立区,35.78645833333333,139.80468750000003,520,268,119.0,6.0,66.0,20.0,268.0,92.0,97.0,72.0,92.0,173.0,0.0
5339564421,足立区,35.784375,139.8078125,960,444,161.0,15.0,78.0,40.0,442.0,183.0,100.0,152.0,185.0,255.0,0.0
5339564422,足立区,35.784375,139.81093750000002,711,393,213.0,10.0,130.0,13.0,393.0,162.0,78.0,149.0,152.0,241.0,0.0
5339564423,足立区,35.78645833333333,139.8078125,1197,509,165.0,2.0,115.0,53.0,507.0,262.0,17.0,222.0,273.0,233.0,0.0
5339564424,足立区,35.78645833333333,139.81093750000002,978,468,205.0,24.0,53.0,27.0,465.0,272.0,171.0,0.0,290.0,171.0,0.0
5339564431,足立区,35.78854166666667,139.80156250000002,1130,504,183.0,12.0,63.0,30.0,504.0,261.0,98.0,128.0,86.0,418.0,0.0
5339564432,足立区,35.78854166666667,139.80468750000003,804,351,126.0,6.0,46.0,25.0,351.0,278.0,63.0,0.0,216.0,135.0,0.0
5339564433,足立区,35.790625,139.80156250000002,1187,677,328.0,47.0,123.0,26.0,654.0,195.0,14.0,426.0,0.0,654.0,0.0
5339564434,足立区,35.790625,139.80468750000003,1031,469,170.0,9.0,48.0,19.0,469.0,354.0,109.0,0.0,104.0,363.0,0.0
5339564441,足立区,35.78854166666667,139.8078125,1075,373,73.0,4.0,21.0,66.0,372.0,325.0,30.0,16.0,229.0,143.0,0.0
5339564442,足立区,35.78854166666667,139.81093750000002,1132,498,183.0,29.0,58.0,28.0,498.0,323.0,132.0,0.0,205.0,290.0,0.0
5339564443,足立区,35.790625,139.8078125,920,480,210.0,10.0,94.0,26.0,471.0,178.0,117.0,166.0,87.0,384.0,0.0
5339564444,足立区,35.790625,139.81093750000002,1032,521,263.0,7.0,134.0,20.0,521.0,88.0,175.0,251.0,81.0,440.0,0.0
5339564511,足立区,35.784375,139.8140625,1251,584,256.0,12.0,171.0,47.0,583.0,222.0,94.0,255.0,206.0,369.0,0.0
5339564512,足立区,35.784375,139.81718750000002,523,268,129.0,25.0,14.0,33.0,268.0,91.0,158.0,0.0,94.0,167.0,0.0
5339564513,足立区,35.78645833333333,139.8140625,1182,550,227.0,56.0,64.0,66.0,547.0,308.0,231.0,0.0,316.0,229.0,0.0
5339564514,足立区,35.78645833333333,139.81718750000002,821,374,148.0,40.0,25.0,43.0,374.0,179.0,175.0,0.0,187.0,186.0,0.0
5339564521,足立区,35.784375,139.8203125,872,483,273.0,86.0,16.0,52.0,480.0,124.0,310.0,0.0,80.0,400.0,0.0
5339564522,足立区,35.784375,139.8234375,804,479,273.0,79.0,15.0,39.0,477.0,139.0,271.0,0.0,86.0,390.0,0.0
5339564523,足立区,35.78645833333333,139.8203125,745,435,252.0,57.0,14.0,28.0,429.0,111.0,262.0,0.0,123.0,297.0,0.0
5339564524,足立区,35.78645833333333,139.8234375,723,406,224.0,49.0,24.0,34.0,405.0,119.0,248.0,0.0,104.0,293.0,0.0
5339564531,足立区,35.78854166666667,139.8140625,1365,657,299.0,48.0,98.0,37.0,653.0,321.0,217.0,83.0,212.0,441.0,0.0
5339564532,足立区,35.78854166666667,139.81718750000002,1019,474,219.0,33.0,47.0,41.0,471.0,273.0,170.0,0.0,87.0,378.0,0.0
5339564533,足立区,35.790625,139.8140625,722,467,274.0,0.0,232.0,6.0,467.0,25.0,0.0,437.0,17.0,449.0,0.0
5339564534,足立区,35.790625,139.81718750000002,813,303,78.0,6.0,31.0,39.0,301.0,182.0,48.0,28.0,153.0,148.0,0.0
5339564541,足立区,35.78854166666667,139.8203125,1130,495,227.0,29.0,44.0,43.0,495.0,237.0,232.0,0.0,177.0,318.0,0.0
5339564542,足立区,35.78854166666667,139.8234375,1059,488,196.0,45.0,37.0,48.0,486.0,286.0,164.0,0.0,262.0,224.0,0.0
5339564543,足立区,35.790625,139.8203125,1131,533,236.0,35.0,66.0,37.0,532.0,295.0,223.0,0.0,294.0,237.0,0.0
5339564544,足立区,35.790625,139.8234375,954,492,250.0,67.0,47.0,35.0,477.0,218.0,246.0,0.0,229.0,246.0,0.0
5339564611,足立区,35.784375,139.8265625,642,295,124.0,19.0,17.0,31.0,295.0,167.0,109.0,0.0,127.0,165.0,0.0
5339564612,足立区,35.784375,139.8296875,935,490,268.0,101.0,27.0,39.0,487.0,211.0,251.0,0.0,219.0,268.0,0.0
5339564613,足立区,35.78645833333333,139.8265625,255,113,39.0,4.0,16.0,5.0,112.0,89.0,19.0,0.0,78.0,34.0,0.0
5339564614,足立区,35.78645833333333,139.8296875,1000,417,127.0,22.0,36.0,38.0,414.0,324.0,83.0,0.0,327.0,85.0,0.0
5339564621,足立区,35.784375,139.8328125,517,293,137.0,24.0,73.0,3.0,293.0,16.0,42.0,234.0,16.0,277.0,0.0
5339564622,足立区,35.784375,139.8359375,1255,661,312.0,31.0,157.0,16.0,661.0,182.0,152.0,318.0,37.0,624.0,0.0
5339564623,足立区,35.78645833333333,139.8328125,733,330,130.0,21.0,33.0,22.0,330.0,180.0,139.0,0.0,187.0,138.0,0.0
5339564624,足立区,35.78645833333333,139.8359375,1130,577,271.0,44.0,85.0,23.0,575.0,261.0,214.0,74.0,195.0,377.0,0.0
5339564631,足立区,35.78854166666667,139.8265625,682,302,106.0,32.0,29.0,18.0,300.0,216.0,73.0,0.0,228.0,69.0,0.0
5339564632,足立区,35.78854166666667,139.8296875,932,419,157.0,23.0,39.0,32.0,411.0,257.0,144.0,0.0,262.0,137.0,0.0
5339564633,足立区,35.790625,139.8265625,764,351,146.0,35.0,27.0,30.0,348.0,191.0,141.0,0.0,199.0,149.0,0.0
5339564634,足立区,35.790625,139.8296875,394,168,55.0,1.0,25.0,17.0,167.0,111.0,55.0,0.0,111.0,52.0,0.0
5339564641,足立区,35.78854166666667,139.8328125,815,353,132.0,14.0,56.0,22.0,352.0,271.0,70.0,0.0,274.0,78.0,0.0
5339564642,足立区,35.78854166666667,139.8359375,820,354,149.0,30.0,44.0,30.0,352.0,204.0,143.0,0.0,206.0,145.0,0.0
5339564643,足立区,35.790625,139.8328125,570,257,97.0,9.0,38.0,17.0,255.0,165.0,81.0,0.0,131.0,124.0,0.0
5339564644,足立区,35.790625,139.8359375,924,454,186.0,8.0,102.0,29.0,454.0,177.0,93.0,179.0,157.0,286.0,0.0
5339564711,足立区,35.784375,139.8390625,1328,631,278.0,39.0,74.0,30.0,630.0,365.0,227.0,0.0,241.0,387.0,0.0
5339564712,足立区,35.784375,139.84218750000002,1096,430,149.0,17.0,51.0,23.0,429.0,262.0,152.0,0.0,210.0,217.0,0.0
5339564713,足立区,35.78645833333333,139.8390625,1168,590,329.0,50.0,75.0,42.0,587.0,246.0,333.0,0.0,235.0,351.0,0.0
5339564714,足立区,35.78645833333333,139.84218750000002,745,342,142.0,35.0,28.0,33.0,342.0,211.0,125.0,0.0,194.0,147.0,0.0
5339564721,足立区,35.784375,139.8453125,805,347,124.0,7.0,43.0,19.0,346.0,194.0,135.0,0.0,205.0,141.0,0.0
5339564722,葛飾区,35.784375,139.84843750000002,406,132,43.0,5.0,14.0,9.0,132.0,99.0,33.0,0.0,103.0,29.0,0.0
5339564723,足立区,35.78645833333333,139.8453125,319,136,49.0,14.0,9.0,26.0,136.0,61.0,69.0,0.0,64.0,72.0,0.0
5339564724,葛飾区,35.78645833333333,139.84843750000002,823,337,105.0,15.0,29.0,19.0,336.0,258.0,74.0,0.0,264.0,71.0,0.0
5339564731,足立区,35.78854166666667,139.8390625,862,444,247.0,34.0,48.0,34.0,444.0,192.0,236.0,0.0,199.0,244.0,0.0
5339564732,足立区,35.78854166666667,139.84218750000002,673,232,64.0,8.0,14.0,29.0,232.0,167.0,60.0,0.0,128.0,104.0,0.0
5339564733,足立区,35.790625,139.8390625,1236,705,355.0,4.0,263.0,24.0,705.0,76.0,62.0,566.0,76.0,628.0,0.0
5339564734,足立区,35.790625,139.84218750000002,509,197,57.0,6.0,14.0,39.0,197.0,142.0,48.0,0.0,152.0,45.0,0.0
5339564741,葛飾区,35.78854166666667,139.8453125,207,80,28.0,12.0,6.0,12.0,80.0,54.0,21.0,0.0,56.0,16.0,0.0
5339564742,葛飾区,35.78854166666667,139.84843750000002,591,235,74.0,5.0,41.0,20.0,229.0,179.0,43.0,0.0,185.0,42.0,0.0
5339564743,葛飾区,35.790625,139.8453125,365,135,38.0,5.0,12.0,11.0,135.0,93.0,39.0,0.0,97.0,36.0,0.0
5339564744,葛飾区,35.790625,139.84843750000002,520,207,64.0,9.0,23.0,12.0,207.0,141.0,61.0,0.0,143.0,63.0,0.0
5339564811,葛飾区,35.784375,139.8515625,834,343,102.0,7.0,44.0,26.0,340.0,234.0,98.0,0.0,244.0,87.0,0.0
5339564812,葛飾区,35.784375,139.8546875,1196,493,134.0,10.0,47.0,29.0,488.0,326.0,107.0,46.0,182.0,303.0,0.0
5339564813,葛飾区,35.78645833333333,139.8515625,995,358,74.0,5.0,29.0,29.0,355.0,267.0,58.0,28.0,273.0,82.0,0.0
5339564814,葛飾区,35.78645833333333,139.8546875,1071,480,164.0,9.0,104.0,32.0,478.0,169.0,82.0,222.0,144.0,333.0,0.0
5339564821,葛飾区,35.784375,139.8578125,947,401,108.0,7.0,44.0,40.0,398.0,272.0,104.0,17.0,170.0,226.0,0.0
5339564822,葛飾区,35.784375,139.8609375,1184,439,129.0,18.0,50.0,45.0,439.0,280.0,142.0,0.0,257.0,174.0,0.0
5339564823,葛飾区,35.78645833333333,139.8578125,912,381,125.0,15.0,41.0,33.0,380.0,255.0,122.0,0.0,262.0,111.0,0.0
5339564824,葛飾区,35.78645833333333,139.8609375,1035,407,113.0,4.0,71.0,32.0,407.0,237.0,165.0,0.0,240.0,153.0,0.0
5339564831,葛飾区,35.78854166666667,139.8515625,764,331,117.0,23.0,24.0,29.0,327.0,191.0,130.0,0.0,192.0,124.0,0.0
5339564832,葛飾区,35.78854166666667,139.8546875,858,347,100.0,13.0,33.0,33.0,345.0,273.0,61.0,0.0,261.0,81.0,0.0
5339564833,葛飾区,35.790625,139.8515625,619,246,55.0,0.0,27.0,13.0,244.0,189.0,55.0,0.0,189.0,48.0,0.0
5339564834,葛飾区,35.790625,139.8546875,386,108,16.0,0.0,7.0,4.0,107.0,102.0,4.0,0.0,103.0,4.0,0.0
5339564841,葛飾区,35.78854166666667,139.8578125,797,316,88.0,3.0,35.0,21.0,316.0,240.0,69.0,0.0,240.0,72.0,0.0
5339564842,葛飾区,35.78854166666667,139.8609375,922,397,147.0,18.0,46.0,44.0,397.0,216.0,177.0,0.0,220.0,165.0,0.0
5339564843,葛飾区,35.790625,139.8578125,376,163,62.0,1.0,28.0,9.0,163.0,109.0,52.0,0.0,112.0,50.0,0.0
5339564844,葛飾区,35.790625,139.8609375,677,271,74.0,0.0,27.0,24.0,270.0,180.0,83.0,0.0,183.0,84.0,0.0
5339564911,葛飾区,35.784375,139.86406250000002,924,391,111.0,17.0,40.0,43.0,388.0,223.0,144.0,0.0,217.0,147.0,0.0
5339564912,葛飾区,35.784375,139.86718750000003,619,266,83.0,12.0,27.0,7.0,265.0,176.0,82.0,0.0,169.0,87.0,0.0
5339564913,葛飾区,35.78645833333333,139.86406250000002,852,321,88.0,5.0,30.0,51.0,321.0,134.0,179.0,0.0,142.0,166.0,0.0
5339564914,葛飾区,35.78645833333333,139.86718750000003,348,126,25.0,3.0,12.0,12.0,125.0,87.0,36.0,0.0,88.0,19.0,0.0
5339564921,葛飾区,35.784375,139.8703125,66,25,2.0,0.0,1.0,1.0,25.0,24.0,0.0,0.0,6.0,19.0,0.0
5339564931,葛飾区,35.78854166666667,139.86406250000002,673,258,62.0,2.0,30.0,28.0,258.0,190.0,64.0,0.0,195.0,59.0,0.0
5339564932,葛飾区,35.78854166666667,139.86718750000003,460,178,49.0,3.0,25.0,29.0,178.0,122.0,54.0,0.0,124.0,43.0,0.0
5339564933,葛飾区,35.790625,139.86406250000002,890,336,61.0,1.0,24.0,37.0,335.0,224.0,106.0,0.0,165.0,165.0,0.0
5339564934,葛飾区,35.790625,139.86718750000003,376,145,39.0,7.0,7.0,8.0,143.0,84.0,56.0,0.0,86.0,54.0,0.0
5339565022,足立区,35.79270833333333,139.7609375,712,295,98.0,10.0,27.0,23.0,291.0,149.0,81.0,57.0,148.0,126.0,0.0
5339565024,足立区,35.79479166666666,139.7609375,927,440,132.0,9.0,77.0,13.0,438.0,73.0,35.0,329.0,73.0,364.0,0.0
5339565042,足立区,35.796875,139.7609375,108,47,22.0,5.0,6.0,3.0,44.0,34.0,9.0,0.0,26.0,17.0,0.0
5339565044,足立区,35.79895833333333,139.7609375,192,106,62.0,25.0,4.0,7.0,106.0,36.0,41.0,0.0,35.0,70.0,0.0
5339565111,足立区,35.79270833333333,139.7640625,853,429,220.0,33.0,36.0,24.0,428.0,210.0,201.0,0.0,174.0,254.0,0.0
5339565112,足立区,35.79270833333333,139.7671875,559,268,134.0,27.0,19.0,20.0,267.0,134.0,117.0,0.0,125.0,132.0,0.0
5339565113,足立区,35.79479166666666,139.7640625,385,162,51.0,15.0,8.0,16.0,162.0,109.0,47.0,0.0,114.0,48.0,0.0
5339565114,足立区,35.79479166666666,139.7671875,287,119,45.0,9.0,8.0,10.0,119.0,87.0,31.0,0.0,80.0,39.0,0.0
5339565121,足立区,35.79270833333333,139.7703125,574,219,61.0,7.0,5.0,49.0,220.0,155.0,61.0,0.0,128.0,91.0,0.0
5339565122,足立区,35.79270833333333,139.7734375,464,192,66.0,11.0,16.0,22.0,192.0,151.0,39.0,0.0,158.0,34.0,0.0
5339565123,足立区,35.79479166666666,139.7703125,2,1,,,,,,,,,,,
5339565124,足立区,35.79479166666666,139.7734375,88,25,3.0,0.0,1.0,2.0,25.0,22.0,2.0,0.0,23.0,2.0,0.0
5339565131,足立区,35.796875,139.7640625,51,23,8.0,0.0,3.0,2.0,23.0,18.0,3.0,0.0,17.0,5.0,0.0
5339565133,足立区,35.79895833333333,139.7640625,14,5,1.0,0.0,1.0,2.0,5.0,0.0,5.0,0.0,0.0,5.0,0.0
5339565134,足立区,35.79895833333333,139.7671875,34,34,34.0,5.0,2.0,0.0,3.0,0.0,0.0,0.0,0.0,3.0,0.0
5339565211,足立区,35.79270833333333,139.7765625,973,429,159.0,19.0,68.0,33.0,428.0,278.0,124.0,0.0,296.0,121.0,0.0
5339565212,足立区,35.79270833333333,139.77968750000002,841,359,124.0,18.0,33.0,40.0,359.0,193.0,149.0,0.0,164.0,195.0,0.0
5339565213,足立区,35.79479166666666,139.7765625,633,286,107.0,14.0,40.0,13.0,286.0,223.0,55.0,0.0,233.0,52.0,0.0
5339565214,足立区,35.79479166666666,139.77968750000002,975,378,95.0,10.0,34.0,30.0,377.0,281.0,63.0,16.0,187.0,186.0,0.0
5339565221,足立区,35.79270833333333,139.7828125,1171,478,189.0,17.0,56.0,36.0,478.0,288.0,179.0,1.0,149.0,318.0,0.0
5339565222,足立区,35.79270833333333,139.78593750000002,878,454,236.0,49.0,71.0,19.0,451.0,154.0,209.0,66.0,141.0,306.0,0.0
5339565223,足立区,35.79479166666666,139.7828125,775,365,144.0,28.0,36.0,36.0,364.0,165.0,138.0,36.0,95.0,269.0,0.0
5339565224,足立区,35.79479166666666,139.78593750000002,1076,591,323.0,52.0,93.0,25.0,589.0,154.0,300.0,108.0,161.0,425.0,0.0
5339565231,足立区,35.796875,139.7765625,712,300,97.0,2.0,35.0,16.0,291.0,243.0,40.0,0.0,248.0,38.0,0.0
5339565232,足立区,35.796875,139.77968750000002,863,347,124.0,26.0,44.0,43.0,344.0,244.0,68.0,4.0,232.0,103.0,0.0
5339565233,足立区,35.79895833333333,139.7765625,448,238,129.0,23.0,28.0,8.0,236.0,122.0,105.0,0.0,123.0,113.0,0.0
5339565234,足立区,35.79895833333333,139.77968750000002,715,313,140.0,14.0,38.0,20.0,310.0,195.0,101.0,3.0,184.0,125.0,0.0
5339565241,足立区,35.796875,139.7828125,1230,582,223.0,42.0,71.0,30.0,576.0,285.0,146.0,122.0,143.0,430.0,0.0
5339565242,足立区,35.796875,139.78593750000002,1067,570,294.0,64.0,59.0,25.0,568.0,245.0,271.0,22.0,209.0,357.0,0.0
5339565243,足立区,35.79895833333333,139.7828125,724,329,135.0,14.0,40.0,25.0,328.0,146.0,143.0,24.0,147.0,178.0,0.0
5339565244,足立区,35.79895833333333,139.78593750000002,939,430,173.0,35.0,38.0,59.0,429.0,200.0,185.0,14.0,154.0,267.0,0.0
5339565311,足立区,35.79270833333333,139.7890625,1060,561,261.0,30.0,76.0,47.0,560.0,66.0,162.0,315.0,33.0,525.0,249.0
5339565312,足立区,35.79270833333333,139.7921875,1304,753,403.0,51.0,128.0,20.0,750.0,186.0,167.0,369.0,27.0,719.0,0.0
5339565313,足立区,35.79479166666666,139.7890625,832,567,410.0,69.0,66.0,15.0,564.0,136.0,416.0,0.0,117.0,444.0,0.0
5339565314,足立区,35.79479166666666,139.7921875,1232,736,427.0,52.0,124.0,20.0,736.0,109.0,335.0,274.0,42.0,693.0,0.0
5339565321,足立区,35.79270833333333,139.7953125,669,402,254.0,58.0,53.0,23.0,402.0,49.0,300.0,30.0,38.0,363.0,0.0
5339565322,足立区,35.79270833333333,139.7984375,1012,597,359.0,121.0,77.0,26.0,535.0,157.0,269.0,81.0,99.0,433.0,0.0
5339565323,足立区,35.79479166666666,139.7953125,948,563,340.0,56.0,59.0,15.0,563.0,250.0,280.0,8.0,86.0,477.0,0.0
5339565324,足立区,35.79479166666666,139.7984375,823,475,282.0,47.0,62.0,30.0,457.0,90.0,302.0,51.0,85.0,372.0,0.0
5339565331,足立区,35.796875,139.7890625,1018,567,317.0,44.0,70.0,27.0,567.0,250.0,300.0,3.0,158.0,404.0,0.0
5339565332,足立区,35.796875,139.7921875,950,547,292.0,10.0,202.0,12.0,547.0,93.0,42.0,407.0,80.0,467.0,0.0
5339565333,足立区,35.79895833333333,139.7890625,872,456,245.0,17.0,107.0,50.0,456.0,167.0,262.0,19.0,171.0,281.0,0.0
5339565334,足立区,35.79895833333333,139.7921875,613,324,173.0,24.0,37.0,26.0,317.0,174.0,125.0,12.0,158.0,157.0,0.0
5339565341,足立区,35.796875,139.7953125,1230,644,333.0,69.0,64.0,43.0,644.0,195.0,411.0,0.0,104.0,537.0,0.0
5339565342,足立区,35.796875,139.7984375,898,488,270.0,56.0,77.0,29.0,488.0,174.0,199.0,93.0,182.0,296.0,0.0
5339565343,足立区,35.79895833333333,139.7953125,1196,589,257.0,44.0,102.0,23.0,580.0,218.0,168.0,181.0,160.0,419.0,0.0
5339565344,足立区,35.79895833333333,139.7984375,1453,664,243.0,23.0,80.0,31.0,664.0,411.0,193.0,47.0,93.0,561.0,0.0
5339565411,足立区,35.79270833333333,139.80156250000002,1423,772,379.0,14.0,165.0,39.0,770.0,102.0,79.0,577.0,13.0,757.0,0.0
5339565412,足立区,35.79270833333333,139.80468750000003,617,320,167.0,17.0,85.0,18.0,319.0,162.0,145.0,0.0,110.0,208.0,0.0
5339565413,足立区,35.79479166666666,139.80156250000002,1081,633,345.0,23.0,136.0,28.0,632.0,206.0,80.0,338.0,42.0,590.0,0.0
5339565414,足立区,35.79479166666666,139.80468750000003,896,408,175.0,18.0,43.0,31.0,402.0,227.0,135.0,0.0,130.0,271.0,0.0
5339565421,足立区,35.79270833333333,139.8078125,616,265,87.0,5.0,38.0,13.0,263.0,165.0,35.0,59.0,110.0,153.0,0.0
5339565422,足立区,35.79270833333333,139.81093750000002,476,208,87.0,6.0,21.0,15.0,201.0,89.0,92.0,10.0,79.0,121.0,0.0
5339565423,足立区,35.79479166666666,139.8078125,950,423,161.0,10.0,61.0,29.0,421.0,284.0,128.0,0.0,235.0,183.0,0.0
5339565424,足立区,35.79479166666666,139.81093750000002,1384,635,255.0,10.0,87.0,52.0,635.0,352.0,178.0,94.0,128.0,507.0,0.0
5339565431,足立区,35.796875,139.80156250000002,829,449,237.0,13.0,117.0,17.0,448.0,247.0,189.0,0.0,125.0,323.0,0.0
5339565432,足立区,35.796875,139.80468750000003,629,258,92.0,8.0,35.0,19.0,257.0,171.0,84.0,0.0,171.0,85.0,0.0
5339565433,足立区,35.79895833333333,139.80156250000002,1136,386,163.0,27.0,39.0,19.0,386.0,247.0,104.0,21.0,106.0,279.0,0.0
5339565434,足立区,35.79895833333333,139.80468750000003,816,348,122.0,16.0,37.0,37.0,344.0,128.0,148.0,58.0,133.0,209.0,0.0
5339565441,足立区,35.796875,139.8078125,819,377,164.0,6.0,56.0,26.0,377.0,240.0,131.0,0.0,164.0,213.0,0.0
5339565442,足立区,35.796875,139.81093750000002,1089,640,368.0,17.0,189.0,21.0,638.0,55.0,266.0,308.0,51.0,587.0,0.0
5339565443,足立区,35.79895833333333,139.8078125,947,342,159.0,17.0,38.0,25.0,335.0,149.0,169.0,0.0,152.0,182.0,0.0
5339565444,足立区,35.79895833333333,139.81093750000002,877,381,164.0,10.0,53.0,35.0,380.0,177.0,192.0,0.0,165.0,213.0,0.0
5339565511,足立区,35.79270833333333,139.8140625,465,222,102.0,13.0,22.0,16.0,222.0,128.0,79.0,0.0,133.0,89.0,0.0
5339565512,足立区,35.79270833333333,139.81718750000002,574,231,81.0,12.0,21.0,30.0,225.0,159.0,41.0,0.0,159.0,66.0,0.0
5339565513,足立区,35.79479166666666,139.8140625,760,376,165.0,15.0,58.0,19.0,375.0,165.0,115.0,83.0,141.0,232.0,0.0
5339565514,足立区,35.79479166666666,139.81718750000002,830,433,200.0,8.0,97.0,28.0,433.0,72.0,142.0,214.0,70.0,363.0,0.0
5339565521,足立区,35.79270833333333,139.8203125,826,429,215.0,48.0,37.0,15.0,412.0,190.0,203.0,0.0,194.0,217.0,0.0
5339565522,足立区,35.79270833333333,139.8234375,816,436,241.0,60.0,40.0,37.0,430.0,191.0,217.0,0.0,169.0,254.0,0.0
5339565523,足立区,35.79479166666666,139.8203125,739,440,231.0,24.0,147.0,12.0,438.0,57.0,53.0,321.0,52.0,386.0,0.0
5339565524,足立区,35.79479166666666,139.8234375,592,239,102.0,18.0,20.0,14.0,237.0,126.0,102.0,0.0,82.0,152.0,0.0
5339565531,足立区,35.796875,139.8140625,787,393,134.0,2.0,90.0,20.0,393.0,39.0,36.0,317.0,37.0,353.0,0.0
5339565532,足立区,35.796875,139.81718750000002,528,242,93.0,6.0,32.0,17.0,239.0,107.0,86.0,44.0,91.0,146.0,0.0
5339565533,足立区,35.79895833333333,139.8140625,832,390,176.0,8.0,85.0,30.0,388.0,200.0,176.0,0.0,204.0,179.0,0.0
5339565534,足立区,35.79895833333333,139.81718750000002,627,289,114.0,8.0,29.0,25.0,286.0,115.0,158.0,0.0,112.0,171.0,0.0
5339565541,足立区,35.796875,139.8203125,594,184,93.0,12.0,23.0,17.0,184.0,94.0,85.0,0.0,89.0,95.0,0.0
5339565611,足立区,35.79270833333333,139.8265625,354,151,59.0,23.0,4.0,16.0,155.0,70.0,74.0,0.0,70.0,85.0,0.0
5339565612,足立区,35.79270833333333,139.8296875,697,316,120.0,7.0,43.0,18.0,316.0,196.0,80.0,30.0,135.0,181.0,0.0
5339565621,足立区,35.79270833333333,139.8328125,809,363,120.0,9.0,52.0,26.0,363.0,264.0,90.0,0.0,101.0,261.0,0.0
5339565622,足立区,35.79270833333333,139.8359375,791,353,110.0,9.0,27.0,17.0,353.0,275.0,68.0,0.0,82.0,270.0,0.0
5339565623,足立区,35.79479166666666,139.8328125,814,341,121.0,3.0,41.0,25.0,340.0,205.0,67.0,60.0,176.0,160.0,0.0
5339565624,足立区,35.79479166666666,139.8359375,830,372,139.0,19.0,42.0,22.0,372.0,237.0,106.0,10.0,250.0,119.0,0.0
5339565642,足立区,35.796875,139.8359375,681,285,100.0,7.0,25.0,19.0,285.0,187.0,85.0,0.0,199.0,83.0,0.0
5339565644,足立区,35.79895833333333,139.8359375,483,173,43.0,6.0,11.0,23.0,173.0,135.0,34.0,0.0,140.0,32.0,0.0
5339565711,足立区,35.79270833333333,139.8390625,1219,513,199.0,15.0,60.0,26.0,513.0,321.0,111.0,71.0,134.0,378.0,0.0
5339565712,足立区,35.79270833333333,139.84218750000002,707,258,57.0,4.0,17.0,45.0,258.0,211.0,44.0,0.0,215.0,43.0,0.0
5339565713,足立区,35.79479166666666,139.8390625,777,338,101.0,4.0,43.0,26.0,338.0,246.0,81.0,0.0,261.0,74.0,0.0
5339565714,足立区,35.79479166666666,139.84218750000002,734,278,69.0,13.0,21.0,24.0,278.0,198.0,68.0,0.0,181.0,97.0,0.0
5339565721,葛飾区,35.79270833333333,139.8453125,253,97,18.0,1.0,5.0,8.0,97.0,66.0,29.0,0.0,69.0,28.0,0.0
5339565722,葛飾区,35.79270833333333,139.84843750000002,586,259,100.0,16.0,19.0,29.0,259.0,148.0,104.0,0.0,154.0,104.0,0.0
5339565723,葛飾区,35.79479166666666,139.8453125,445,60,21.0,1.0,4.0,2.0,60.0,43.0,15.0,0.0,42.0,16.0,0.0
5339565724,葛飾区,35.79479166666666,139.84843750000002,315,131,34.0,5.0,14.0,19.0,129.0,112.0,12.0,0.0,117.0,11.0,0.0
5339565731,足立区,35.796875,139.8390625,707,282,112.0,17.0,27.0,15.0,282.0,160.0,87.0,0.0,173.0,108.0,0.0
5339565732,足立区,35.796875,139.84218750000002,549,201,51.0,14.0,15.0,22.0,200.0,119.0,68.0,0.0,125.0,75.0,0.0
5339565733,足立区,35.79895833333333,139.8390625,1060,486,200.0,35.0,53.0,41.0,485.0,196.0,162.0,112.0,202.0,283.0,0.0
5339565734,足立区,35.79895833333333,139.84218750000002,801,311,97.0,3.0,41.0,24.0,308.0,167.0,55.0,80.0,170.0,138.0,0.0
5339565741,足立区,35.796875,139.8453125,325,118,28.0,5.0,9.0,18.0,118.0,84.0,32.0,0.0,90.0,27.0,0.0
5339565811,葛飾区,35.79270833333333,139.8515625,293,109,24.0,0.0,7.0,6.0,109.0,97.0,7.0,0.0,98.0,7.0,0.0
5339565822,葛飾区,35.79270833333333,139.8609375,412,168,40.0,3.0,20.0,20.0,169.0,105.0,60.0,0.0,106.0,63.0,0.0
5339565824,葛飾区,35.79479166666666,139.8609375,2,1,,,,,,,,,,,
5339565911,葛飾区,35.79270833333333,139.86406250000002,678,247,43.0,5.0,12.0,36.0,247.0,175.0,64.0,0.0,109.0,138.0,0.0
5339565912,葛飾区,35.79270833333333,139.86718750000003,305,112,28.0,2.0,12.0,15.0,112.0,99.0,11.0,0.0,77.0,30.0,0.0
5339565913,葛飾区,35.79479166666666,139.86406250000002,74,25,4.0,0.0,0.0,2.0,25.0,19.0,3.0,0.0,2.0,23.0,0.0
5339566021,足立区,35.80104166666666,139.7578125,102,44,20.0,2.0,6.0,3.0,44.0,30.0,6.0,0.0,32.0,12.0,0.0
5339566022,足立区,35.80104166666666,139.7609375,106,49,23.0,11.0,3.0,1.0,49.0,28.0,20.0,0.0,29.0,20.0,0.0
5339566023,足立区,35.803124999999994,139.7578125,630,289,83.0,0.0,49.0,12.0,291.0,54.0,9.0,228.0,50.0,240.0,0.0
5339566024,足立区,35.803124999999994,139.7609375,160,89,41.0,9.0,7.0,4.0,89.0,36.0,52.0,0.0,35.0,54.0,0.0
5339566032,足立区,35.80520833333333,139.75468750000002,70,46,31.0,9.0,5.0,1.0,46.0,20.0,26.0,0.0,17.0,28.0,0.0
5339566033,足立区,35.807291666666664,139.7515625,2,2,,,,,,,,,,,
5339566034,足立区,35.807291666666664,139.75468750000002,243,29,13.0,3.0,4.0,0.0,31.0,20.0,7.0,0.0,24.0,7.0,0.0
5339566041,足立区,35.80520833333333,139.7578125,287,86,39.0,4.0,15.0,2.0,86.0,53.0,12.0,20.0,53.0,33.0,0.0
5339566042,足立区,35.80520833333333,139.7609375,281,108,30.0,6.0,6.0,6.0,108.0,79.0,28.0,0.0,81.0,25.0,0.0
5339566043,足立区,35.807291666666664,139.7578125,172,83,35.0,5.0,9.0,3.0,82.0,36.0,42.0,0.0,38.0,44.0,0.0
5339566044,足立区,35.807291666666664,139.7609375,520,220,69.0,7.0,20.0,18.0,220.0,122.0,85.0,0.0,124.0,96.0,0.0
5339566112,足立区,35.80104166666666,139.7671875,19,19,19.0,3.0,0.0,0.0,1.0,0.0,0.0,0.0,0.0,1.0,0.0
5339566113,足立区,35.803124999999994,139.7640625,231,110,53.0,15.0,2.0,8.0,110.0,44.0,64.0,0.0,44.0,66.0,0.0
5339566114,足立区,35.803124999999994,139.7671875,435,238,135.0,42.0,28.0,20.0,238.0,72.0,139.0,10.0,77.0,161.0,0.0
5339566121,足立区,35.80104166666666,139.7703125,28,14,9.0,6.0,0.0,2.0,14.0,3.0,7.0,0.0,3.0,11.0,0.0
5339566122,足立区,35.80104166666666,139.7734375,138,47,7.0,0.0,3.0,2.0,47.0,40.0,6.0,0.0,42.0,5.0,0.0
5339566123,足立区,35.803124999999994,139.7703125,708,310,132.0,30.0,25.0,37.0,309.0,149.0,142.0,9.0,111.0,198.0,0.0
5339566124,足立区,35.803124999999994,139.7734375,647,281,99.0,13.0,37.0,18.0,281.0,196.0,80.0,0.0,204.0,77.0,0.0
5339566131,足立区,35.80520833333333,139.7640625,261,111,41.0,6.0,10.0,8.0,111.0,51.0,58.0,0.0,53.0,58.0,0.0
5339566132,足立区,35.80520833333333,139.7671875,610,257,89.0,20.0,14.0,23.0,250.0,150.0,93.0,0.0,126.0,124.0,0.0
5339566133,足立区,35.807291666666664,139.7640625,457,187,48.0,5.0,13.0,22.0,187.0,88.0,98.0,0.0,65.0,120.0,0.0
5339566134,足立区,35.807291666666664,139.7671875,581,235,78.0,14.0,15.0,15.0,235.0,120.0,102.0,0.0,127.0,106.0,0.0
5339566141,足立区,35.80520833333333,139.7703125,741,364,164.0,52.0,19.0,20.0,363.0,68.0,177.0,94.0,70.0,291.0,0.0
5339566142,足立区,35.80520833333333,139.7734375,809,314,89.0,10.0,26.0,31.0,314.0,216.0,75.0,17.0,215.0,92.0,0.0
5339566143,足立区,35.807291666666664,139.7703125,723,372,196.0,57.0,34.0,28.0,372.0,154.0,188.0,0.0,137.0,219.0,0.0
5339566144,足立区,35.807291666666664,139.7734375,819,327,99.0,17.0,35.0,20.0,324.0,223.0,95.0,0.0,223.0,99.0,0.0
5339566211,足立区,35.80104166666666,139.7765625,482,191,55.0,11.0,11.0,11.0,190.0,135.0,47.0,0.0,142.0,46.0,0.0
5339566212,足立区,35.80104166666666,139.77968750000002,689,296,110.0,11.0,26.0,23.0,296.0,194.0,97.0,0.0,193.0,103.0,0.0
5339566213,足立区,35.803124999999994,139.7765625,892,349,135.0,19.0,46.0,21.0,346.0,225.0,108.0,0.0,236.0,110.0,0.0
5339566214,足立区,35.803124999999994,139.77968750000002,768,304,83.0,6.0,29.0,20.0,302.0,223.0,68.0,0.0,235.0,67.0,0.0
5339566221,足立区,35.80104166666666,139.7828125,609,277,126.0,15.0,25.0,16.0,274.0,138.0,126.0,0.0,131.0,129.0,0.0
5339566222,足立区,35.80104166666666,139.78593750000002,808,359,122.0,30.0,22.0,59.0,356.0,151.0,198.0,0.0,150.0,194.0,0.0
5339566223,足立区,35.803124999999994,139.7828125,705,336,153.0,18.0,53.0,27.0,336.0,199.0,133.0,0.0,198.0,135.0,0.0
5339566224,足立区,35.803124999999994,139.78593750000002,716,347,167.0,38.0,34.0,17.0,336.0,188.0,136.0,0.0,194.0,137.0,0.0
5339566231,足立区,35.80520833333333,139.7765625,996,422,145.0,29.0,27.0,61.0,418.0,211.0,187.0,0.0,218.0,195.0,0.0
5339566232,足立区,35.80520833333333,139.77968750000002,771,360,156.0,22.0,40.0,29.0,358.0,209.0,133.0,0.0,185.0,168.0,0.0
5339566233,足立区,35.807291666666664,139.7765625,724,308,104.0,34.0,21.0,41.0,306.0,197.0,94.0,0.0,204.0,96.0,0.0
5339566234,足立区,35.807291666666664,139.77968750000002,638,247,67.0,2.0,25.0,29.0,247.0,199.0,45.0,0.0,203.0,44.0,0.0
5339566241,足立区,35.80520833333333,139.7828125,777,324,111.0,6.0,37.0,26.0,320.0,221.0,96.0,0.0,228.0,88.0,0.0
5339566242,足立区,35.80520833333333,139.78593750000002,910,372,123.0,19.0,46.0,26.0,367.0,288.0,69.0,0.0,293.0,74.0,0.0
5339566311,足立区,35.80104166666666,139.7890625,729,326,129.0,19.0,32.0,30.0,326.0,171.0,140.0,0.0,131.0,194.0,0.0
5339566312,足立区,35.80104166666666,139.7921875,897,470,232.0,30.0,97.0,33.0,459.0,149.0,155.0,101.0,121.0,336.0,0.0
5339566313,足立区,35.803124999999994,139.7890625,424,190,82.0,7.0,23.0,12.0,187.0,116.0,65.0,0.0,124.0,62.0,0.0
5339566314,足立区,35.803124999999994,139.7921875,746,373,191.0,27.0,68.0,17.0,368.0,210.0,140.0,0.0,211.0,152.0,0.0
5339566321,足立区,35.80104166666666,139.7953125,1017,542,312.0,5.0,245.0,4.0,542.0,10.0,11.0,521.0,10.0,532.0,0.0
5339566322,足立区,35.80104166666666,139.7984375,1130,502,208.0,25.0,76.0,57.0,502.0,271.0,113.0,116.0,65.0,433.0,0.0
5339566323,足立区,35.803124999999994,139.7953125,154,99,58.0,0.0,51.0,1.0,99.0,1.0,0.0,98.0,2.0,97.0,0.0
5339566324,足立区,35.803124999999994,139.7984375,1145,745,470.0,27.0,328.0,9.0,743.0,60.0,78.0,599.0,48.0,693.0,0.0
5339566331,足立区,35.80520833333333,139.7890625,754,360,178.0,31.0,33.0,27.0,360.0,197.0,150.0,0.0,200.0,158.0,0.0
5339566332,足立区,35.80520833333333,139.7921875,439,203,86.0,12.0,26.0,15.0,202.0,137.0,59.0,0.0,96.0,103.0,0.0
5339566341,足立区,35.80520833333333,139.7953125,454,256,138.0,3.0,66.0,8.0,256.0,230.0,21.0,0.0,19.0,236.0,0.0
5339566342,足立区,35.80520833333333,139.7984375,1276,575,187.0,8.0,84.0,35.0,572.0,225.0,18.0,325.0,32.0,539.0,177.0
5339566411,足立区,35.80104166666666,139.80156250000002,527,230,110.0,29.0,20.0,30.0,229.0,125.0,92.0,0.0,101.0,128.0,0.0
5339566412,足立区,35.80104166666666,139.80468750000003,748,257,76.0,7.0,24.0,24.0,256.0,198.0,55.0,0.0,194.0,61.0,0.0
5339566413,足立区,35.803124999999994,139.80156250000002,961,478,205.0,2.0,126.0,17.0,478.0,211.0,35.0,225.0,110.0,368.0,0.0
5339566414,足立区,35.803124999999994,139.80468750000003,908,287,92.0,1.0,28.0,19.0,287.0,232.0,53.0,0.0,135.0,152.0,0.0
5339566421,足立区,35.80104166666666,139.8078125,664,292,116.0,2.0,54.0,12.0,291.0,167.0,122.0,0.0,169.0,120.0,0.0
5339566422,足立区,35.80104166666666,139.81093750000002,532,256,121.0,11.0,29.0,19.0,256.0,147.0,98.0,0.0,147.0,108.0,0.0
5339566423,足立区,35.803124999999994,139.8078125,762,364,215.0,16.0,110.0,11.0,364.0,126.0,107.0,125.0,113.0,251.0,0.0
5339566424,足立区,35.803124999999994,139.81093750000002,765,379,187.0,19.0,34.0,30.0,378.0,166.0,199.0,0.0,110.0,264.0,0.0
5339566431,足立区,35.80520833333333,139.80156250000002,1291,595,224.0,11.0,63.0,44.0,584.0,362.0,83.0,118.0,66.0,518.0,0.0
5339566432,足立区,35.80520833333333,139.80468750000003,711,362,214.0,14.0,91.0,10.0,360.0,114.0,109.0,129.0,123.0,236.0,0.0
5339566433,足立区,35.807291666666664,139.80156250000002,971,381,167.0,15.0,47.0,18.0,378.0,195.0,109.0,72.0,116.0,262.0,0.0
5339566434,足立区,35.807291666666664,139.80468750000003,521,290,159.0,14.0,49.0,12.0,290.0,158.0,60.0,63.0,47.0,239.0,0.0
5339566441,足立区,35.80520833333333,139.8078125,556,256,93.0,3.0,44.0,12.0,254.0,135.0,77.0,39.0,135.0,119.0,0.0
5339566442,足立区,35.80520833333333,139.81093750000002,812,431,213.0,10.0,63.0,18.0,429.0,174.0,170.0,73.0,111.0,318.0,0.0
5339566443,足立区,35.807291666666664,139.8078125,780,446,213.0,6.0,122.0,7.0,446.0,3.0,1.0,440.0,3.0,443.0,0.0
5339566444,足立区,35.807291666666664,139.81093750000002,548,254,111.0,3.0,54.0,10.0,254.0,1.0,18.0,235.0,1.0,253.0,0.0
5339566511,足立区,35.80104166666666,139.8140625,719,330,141.0,11.0,39.0,29.0,328.0,162.0,156.0,0.0,152.0,169.0,0.0
5339566512,足立区,35.80104166666666,139.81718750000002,804,349,135.0,3.0,49.0,22.0,349.0,143.0,128.0,69.0,151.0,197.0,0.0
5339566513,足立区,35.803124999999994,139.8140625,658,278,103.0,7.0,25.0,15.0,278.0,192.0,82.0,0.0,193.0,85.0,0.0
5339566514,足立区,35.803124999999994,139.81718750000002,658,268,88.0,6.0,44.0,23.0,268.0,140.0,78.0,44.0,145.0,122.0,0.0
5339566521,足立区,35.80104166666666,139.8203125,267,101,25.0,4.0,7.0,16.0,101.0,60.0,27.0,10.0,61.0,40.0,0.0
5339566531,足立区,35.80520833333333,139.8140625,687,320,129.0,15.0,50.0,21.0,320.0,104.0,92.0,115.0,106.0,208.0,0.0
5339566532,足立区,35.80520833333333,139.81718750000002,617,211,71.0,4.0,18.0,29.0,211.0,139.0,57.0,0.0,152.0,57.0,0.0
5339566533,足立区,35.807291666666664,139.8140625,1006,624,385.0,7.0,212.0,9.0,623.0,119.0,1.0,495.0,1.0,622.0,0.0
5339566534,足立区,35.807291666666664,139.81718750000002,485,218,93.0,4.0,30.0,23.0,217.0,115.0,95.0,0.0,119.0,98.0,0.0
5339566541,足立区,35.80520833333333,139.8203125,577,195,41.0,5.0,8.0,34.0,193.0,150.0,40.0,0.0,153.0,40.0,0.0
5339566543,足立区,35.807291666666664,139.8203125,662,267,74.0,4.0,17.0,38.0,267.0,187.0,69.0,0.0,196.0,62.0,0.0
5339567012,足立区,35.809374999999996,139.75468750000002,91,44,21.0,0.0,12.0,2.0,44.0,30.0,11.0,0.0,30.0,14.0,0.0
5339567021,足立区,35.809374999999996,139.7578125,313,153,68.0,3.0,13.0,7.0,151.0,73.0,74.0,0.0,69.0,82.0,0.0
5339567022,足立区,35.809374999999996,139.7609375,364,167,64.0,7.0,12.0,11.0,165.0,102.0,55.0,0.0,63.0,102.0,0.0
5339567023,足立区,35.81145833333333,139.7578125,102,57,34.0,7.0,4.0,2.0,57.0,20.0,32.0,0.0,25.0,32.0,0.0
5339567024,足立区,35.81145833333333,139.7609375,757,273,87.0,6.0,41.0,22.0,273.0,110.0,47.0,107.0,113.0,158.0,0.0
5339567111,足立区,35.809374999999996,139.7640625,404,172,70.0,18.0,9.0,26.0,172.0,98.0,52.0,0.0,78.0,90.0,0.0
5339567112,足立区,35.809374999999996,139.7671875,1015,462,199.0,40.0,44.0,25.0,460.0,279.0,165.0,0.0,285.0,174.0,0.0
5339567113,足立区,35.81145833333333,139.7640625,1048,511,183.0,9.0,103.0,21.0,510.0,142.0,45.0,304.0,104.0,405.0,0.0
5339567114,足立区,35.81145833333333,139.7671875,751,311,105.0,13.0,28.0,35.0,306.0,233.0,49.0,0.0,236.0,70.0,0.0
5339567121,足立区,35.809374999999996,139.7703125,926,469,228.0,39.0,32.0,42.0,465.0,177.0,267.0,0.0,135.0,330.0,0.0
5339567122,足立区,35.809374999999996,139.7734375,918,403,149.0,22.0,30.0,37.0,403.0,181.0,191.0,0.0,192.0,210.0,0.0
5339567123,足立区,35.81145833333333,139.7703125,1123,496,194.0,47.0,32.0,43.0,468.0,317.0,135.0,0.0,175.0,289.0,25.0
5339567124,足立区,35.81145833333333,139.7734375,962,419,135.0,24.0,37.0,32.0,411.0,303.0,101.0,0.0,316.0,94.0,0.0
5339567131,足立区,35.813541666666666,139.7640625,930,459,149.0,0.0,102.0,22.0,459.0,30.0,49.0,376.0,14.0,445.0,0.0
5339567132,足立区,35.813541666666666,139.7671875,900,346,121.0,8.0,42.0,27.0,343.0,249.0,83.0,0.0,264.0,79.0,0.0
5339567134,足立区,35.815625,139.7671875,701,324,134.0,34.0,28.0,20.0,323.0,193.0,120.0,0.0,201.0,121.0,0.0
5339567141,足立区,35.813541666666666,139.7703125,942,456,210.0,39.0,37.0,39.0,450.0,230.0,188.0,0.0,164.0,286.0,78.0
5339567142,足立区,35.813541666666666,139.7734375,866,381,133.0,10.0,43.0,31.0,381.0,235.0,135.0,0.0,251.0,117.0,0.0
5339567143,足立区,35.815625,139.7703125,1147,588,307.0,84.0,31.0,46.0,588.0,280.0,275.0,17.0,212.0,375.0,0.0
5339567211,足立区,35.809374999999996,139.7765625,961,422,132.0,19.0,42.0,24.0,419.0,343.0,70.0,0.0,295.0,123.0,0.0
5339567213,足立区,35.81145833333333,139.7765625,494,205,60.0,5.0,25.0,25.0,204.0,159.0,41.0,0.0,165.0,39.0,0.0
5339567512,足立区,35.809374999999996,139.81718750000002,544,225,59.0,3.0,40.0,16.0,223.0,148.0,23.0,46.0,149.0,73.0,0.0
5339567521,足立区,35.809374999999996,139.8203125,353,162,52.0,4.0,34.0,14.0,161.0,77.0,16.0,61.0,89.0,72.0,0.0
5339567524,足立区,35.81145833333333,139.8234375,596,296,104.0,1.0,56.0,15.0,295.0,16.0,10.0,267.0,17.0,278.0,0.0
5339567542,足立区,35.813541666666666,139.8234375,423,158,67.0,3.0,35.0,10.0,161.0,14.0,19.0,128.0,14.0,147.0,0.0
5339570011,葛飾区,35.751041666666666,139.8765625,1533,643,208.0,34.0,66.0,38.0,641.0,481.0,142.0,0.0,250.0,381.0,0.0
5339570012,葛飾区,35.751041666666666,139.87968750000002,737,353,164.0,25.0,72.0,28.0,351.0,141.0,192.0,0.0,140.0,197.0,0.0
5339570013,葛飾区,35.753125,139.8765625,1145,530,210.0,45.0,71.0,31.0,529.0,328.0,176.0,17.0,242.0,262.0,0.0
5339570014,葛飾区,35.753125,139.87968750000002,1103,505,175.0,19.0,60.0,45.0,505.0,297.0,200.0,0.0,198.0,291.0,0.0
5339570021,葛飾区,35.751041666666666,139.8828125,1358,578,180.0,21.0,74.0,47.0,578.0,279.0,255.0,27.0,272.0,291.0,0.0
5339570022,葛飾区,35.751041666666666,139.8859375,259,101,20.0,3.0,11.0,11.0,101.0,90.0,10.0,0.0,82.0,12.0,0.0
5339570023,葛飾区,35.753125,139.8828125,629,278,115.0,31.0,36.0,27.0,275.0,143.0,116.0,0.0,142.0,127.0,0.0
5339570024,葛飾区,35.753125,139.8859375,1,0,,,,,,,,,,,
5339570031,葛飾区,35.755208333333336,139.8765625,1111,562,295.0,59.0,73.0,27.0,561.0,277.0,247.0,19.0,265.0,272.0,0.0
5339570032,葛飾区,35.755208333333336,139.87968750000002,1037,491,203.0,29.0,63.0,22.0,489.0,244.0,200.0,17.0,216.0,254.0,0.0
5339570033,葛飾区,35.75729166666667,139.8765625,908,452,206.0,33.0,67.0,28.0,451.0,223.0,205.0,11.0,159.0,280.0,0.0
5339570034,葛飾区,35.75729166666667,139.87968750000002,639,282,109.0,25.0,25.0,21.0,278.0,166.0,97.0,0.0,142.0,122.0,0.0
5339570041,葛飾区,35.755208333333336,139.8828125,218,92,28.0,8.0,11.0,7.0,92.0,39.0,42.0,0.0,34.0,58.0,0.0
5339571011,葛飾区,35.759375,139.8765625,437,216,111.0,15.0,55.0,17.0,216.0,98.0,87.0,21.0,77.0,137.0,0.0
5339571012,葛飾区,35.759375,139.87968750000002,655,299,123.0,18.0,42.0,23.0,297.0,165.0,120.0,0.0,133.0,160.0,0.0
5339571014,葛飾区,35.76145833333333,139.87968750000002,66,28,5.0,0.0,2.0,0.0,28.0,27.0,1.0,0.0,28.0,0.0,0.0
5339571033,葛飾区,35.765625,139.8765625,601,300,146.0,42.0,52.0,18.0,299.0,182.0,114.0,0.0,183.0,116.0,0.0
5339571034,葛飾区,35.765625,139.87968750000002,22,10,3.0,1.0,0.0,0.0,10.0,0.0,10.0,0.0,0.0,10.0,0.0
5339572011,葛飾区,35.76770833333333,139.8765625,1004,555,295.0,90.0,74.0,25.0,553.0,293.0,224.0,13.0,198.0,355.0,0.0
5339572013,葛飾区,35.76979166666666,139.8765625,1078,636,392.0,105.0,105.0,18.0,636.0,238.0,321.0,44.0,169.0,460.0,0.0
5339572014,葛飾区,35.76979166666666,139.87968750000002,37,19,7.0,1.0,2.0,0.0,19.0,15.0,4.0,0.0,14.0,4.0,0.0
5339572031,葛飾区,35.771875,139.8765625,1100,568,260.0,52.0,76.0,22.0,565.0,338.0,209.0,0.0,165.0,394.0,0.0
5339572032,葛飾区,35.771875,139.87968750000002,218,106,49.0,17.0,8.0,12.0,106.0,52.0,53.0,0.0,53.0,51.0,0.0
5339572033,葛飾区,35.77395833333333,139.8765625,957,469,201.0,40.0,64.0,30.0,469.0,241.0,210.0,0.0,188.0,273.0,0.0
5339572034,葛飾区,35.77395833333333,139.87968750000002,845,362,103.0,15.0,44.0,32.0,360.0,267.0,77.0,0.0,150.0,209.0,0.0
5339573011,葛飾区,35.776041666666664,139.8765625,966,453,196.0,43.0,48.0,27.0,452.0,224.0,215.0,0.0,227.0,217.0,0.0
5339573012,葛飾区,35.776041666666664,139.87968750000002,941,459,205.0,50.0,51.0,35.0,458.0,211.0,233.0,0.0,211.0,240.0,0.0
5339573013,葛飾区,35.778124999999996,139.8765625,862,387,150.0,14.0,69.0,13.0,387.0,189.0,156.0,38.0,191.0,194.0,0.0
5339573014,葛飾区,35.778124999999996,139.87968750000002,1143,513,201.0,25.0,66.0,39.0,513.0,298.0,179.0,27.0,255.0,238.0,0.0
5339573021,葛飾区,35.776041666666664,139.8828125,339,135,39.0,6.0,14.0,26.0,135.0,73.0,57.0,0.0,77.0,58.0,0.0
5339573023,葛飾区,35.778124999999996,139.8828125,570,278,120.0,23.0,25.0,19.0,278.0,130.0,142.0,0.0,117.0,161.0,0.0
5339573024,葛飾区,35.778124999999996,139.8859375,402,65,21.0,1.0,8.0,11.0,65.0,49.0,13.0,0.0,51.0,12.0,0.0
5339573031,葛飾区,35.780208333333334,139.8765625,430,156,36.0,2.0,23.0,21.0,156.0,143.0,9.0,0.0,150.0,6.0,0.0
5339573032,葛飾区,35.780208333333334,139.87968750000002,309,117,40.0,6.0,19.0,21.0,116.0,72.0,32.0,11.0,73.0,35.0,0.0
5339573041,葛飾区,35.780208333333334,139.8828125,190,76,18.0,3.0,4.0,14.0,75.0,46.0,28.0,0.0,46.0,29.0,0.0
5339573042,葛飾区,35.780208333333334,139.8859375,472,167,38.0,6.0,10.0,25.0,167.0,134.0,26.0,0.0,135.0,31.0,0.0
5339573113,葛飾区,35.778124999999996,139.8890625,1,0,,,,,,,,,,,
5339573131,葛飾区,35.780208333333334,139.8890625,200,74,20.0,1.0,9.0,4.0,74.0,60.0,13.0,0.0,61.0,6.0,0.0
