order_id,order_date,customer_id,gender,age_group,product_id,product_name,category,unit_price,quantity,amount
O00001,2024-01-01,C016,female,40s,P02,Knit Sweater,Tops,6900,1,6900
O00001,2024-01-01,C016,female,40s,P05,Skinny Denim,Bottoms,7900,1,7900
O00001,2024-01-01,C016,female,40s,P18,Shoulder Bag,Bags,9800,1,9800
O00002,2024-01-01,C075,female,20s,P19,Scarf,Accessories,2900,1,2900
O00003,2024-01-02,C071,female,40s,P05,Skinny Denim,Bottoms,7900,1,7900
O00003,2024-01-02,C071,female,40s,P14,Sneakers,Shoes,8900,1,8900
O00004,2024-01-02,C073,male,20s,P08,Chino Pants,Bottoms,5900,1,5900
O00005,2024-01-02,C112,female,50+,P14,Sneakers,Shoes,8900,1,8900
O00006,2024-01-03,C012,female,10s,P03,Blouse,Tops,4900,1,4900
O00006,2024-01-03,C012,female,10s,P04,Hoodie,Tops,5900,1,5900
O00006,2024-01-03,C012,female,10s,P20,Cap,Accessories,2400,1,2400
O00007,2024-01-03,C125,female,30s,P14,Sneakers,Shoes,8900,1,8900
O00008,2024-01-05,C028,female,20s,P19,Scarf,Accessories,2900,1,2900
O00009,2024-01-05,C040,female,40s,P09,Trench Coat,Outerwear,24800,1,24800
O00010,2024-01-06,C005,female,20s,P02,Knit Sweater,Tops,6900,1,6900
O00010,2024-01-06,C005,female,20s,P15,Loafers,Shoes,11800,1,11800
O00011,2024-01-06,C106,male,30s,P05,Skinny Denim,Bottoms,7900,1,7900
O00011,2024-01-06,C106,male,30s,P09,Trench Coat,Outerwear,24800,1,24800
O00012,2024-01-06,C121,female,50+,P10,Down Jacket,Outerwear,19800,1,19800
O00013,2024-01-06,C128,female,40s,P12,Shirt Dress,Dresses,8900,1,8900
O00013,2024-01-06,C128,female,40s,P15,Loafers,Shoes,11800,1,11800
O00014,2024-01-07,C007,male,50+,P18,Shoulder Bag,Bags,9800,1,9800
O00015,2024-01-07,C041,female,20s,P19,Scarf,Accessories,2900,1,2900
O00015,2024-01-07,C041,female,20s,P20,Cap,Accessories,2400,1,2400
O00016,2024-01-07,C057,female,40s,P10,Down Jacket,Outerwear,19800,1,19800
O00017,2024-01-07,C106,male,30s,P04,Hoodie,Tops,5900,2,11800
O00018,2024-01-08,C013,female,20s,P07,Pleated Skirt,Bottoms,5900,2,11800
O00018,2024-01-08,C013,female,20s,P17,Tote Bag,Bags,6900,1,6900
O00019,2024-01-08,C025,female,20s,P09,Trench Coat,Outerwear,24800,1,24800
O00019,2024-01-08,C025,female,20s,P19,Scarf,Accessories,2900,2,5800
O00020,2024-01-08,C026,male,30s,P04,Hoodie,Tops,5900,1,5900
O00021,2024-01-09,C006,male,40s,P09,Trench Coat,Outerwear,24800,1,24800
O00021,2024-01-09,C006,male,40s,P17,Tote Bag,Bags,6900,1,6900
O00022,2024-01-09,C035,female,40s,P04,Hoodie,Tops,5900,1,5900
O00022,2024-01-09,C035,female,40s,P07,Pleated Skirt,Bottoms,5900,1,5900
O00023,2024-01-09,C146,female,30s,P16,Ankle Boots,Shoes,13800,1,13800
O00024,2024-01-10,C124,male,40s,P06,Wide Pants,Bottoms,6900,1,6900
O00024,2024-01-10,C124,male,40s,P15,Loafers,Shoes,11800,1,11800
O00025,2024-01-11,C134,female,50+,P16,Ankle Boots,Shoes,13800,2,27600
O00026,2024-01-11,C145,female,50+,P05,Skinny Denim,Bottoms,7900,1,7900
O00026,2024-01-11,C145,female,50+,P06,Wide Pants,Bottoms,6900,1,6900
O00026,2024-01-11,C145,female,50+,P08,Chino Pants,Bottoms,5900,1,5900
O00027,2024-01-12,C003,female,40s,P01,T-shirt,Tops,2900,1,2900
O00028,2024-01-12,C006,male,40s,P06,Wide Pants,Bottoms,6900,2,13800
O00028,2024-01-12,C006,male,40s,P17,Tote Bag,Bags,6900,1,6900
O00029,2024-01-12,C016,female,40s,P06,Wide Pants,Bottoms,6900,1,6900
O00030,2024-01-12,C048,male,20s,P06,Wide Pants,Bottoms,6900,1,6900
O00030,2024-01-12,C048,male,20s,P07,Pleated Skirt,Bottoms,5900,1,5900
O00031,2024-01-12,C076,male,40s,P06,Wide Pants,Bottoms,6900,1,6900
O00032,2024-01-12,C098,female,20s,P02,Knit Sweater,Tops,6900,2,13800
O00033,2024-01-12,C111,male,20s,P04,Hoodie,Tops,5900,1,5900
O00033,2024-01-12,C111,male,20s,P07,Pleated Skirt,Bottoms,5900,1,5900
O00034,2024-01-13,C023,female,20s,P06,Wide Pants,Bottoms,6900,1,6900
O00034,2024-01-13,C023,female,20s,P08,Chino Pants,Bottoms,5900,1,5900
O00035,2024-01-13,C122,male,30s,P15,Loafers,Shoes,11800,1,11800
O00035,2024-01-13,C122,male,30s,P16,Ankle Boots,Shoes,13800,1,13800
O00036,2024-01-13,C144,female,40s,P19,Scarf,Accessories,2900,1,2900
O00037,2024-01-14,C001,male,10s,P02,Knit Sweater,Tops,6900,1,6900
O00037,2024-01-14,C001,male,10s,P06,Wide Pants,Bottoms,6900,1,6900
O00038,2024-01-14,C012,female,10s,P16,Ankle Boots,Shoes,13800,1,13800
O00039,2024-01-14,C039,female,20s,P01,T-shirt,Tops,2900,1,2900
O00039,2024-01-14,C039,female,20s,P10,Down Jacket,Outerwear,19800,1,19800
O00040,2024-01-14,C043,female,20s,P08,Chino Pants,Bottoms,5900,2,11800
O00041,2024-01-15,C010,female,10s,P06,Wide Pants,Bottoms,6900,2,13800
O00041,2024-01-15,C010,female,10s,P20,Cap,Accessories,2400,1,2400
O00042,2024-01-15,C132,female,20s,P11,Denim Jacket,Outerwear,9800,1,9800
O00043,2024-01-16,C017,female,40s,P13,Knit Dress,Dresses,9900,1,9900
O00044,2024-01-16,C033,male,40s,P18,Shoulder Bag,Bags,9800,2,19600
O00044,2024-01-16,C033,male,40s,P19,Scarf,Accessories,2900,1,2900
O00045,2024-01-16,C046,female,30s,P01,T-shirt,Tops,2900,1,2900
O00046,2024-01-17,C047,female,20s,P04,Hoodie,Tops,5900,1,5900
O00046,2024-01-17,C047,female,20s,P08,Chino Pants,Bottoms,5900,1,5900
O00046,2024-01-17,C047,female,20s,P10,Down Jacket,Outerwear,19800,1,19800
O00047,2024-01-17,C057,female,40s,P19,Scarf,Accessories,2900,1,2900
O00048,2024-01-17,C149,male,40s,P04,Hoodie,Tops,5900,1,5900
O00049,2024-01-18,C030,female,10s,P03,Blouse,Tops,4900,2,9800
O00049,2024-01-18,C030,female,10s,P20,Cap,Accessories,2400,1,2400
O00050,2024-01-18,C031,female,20s,P09,Trench Coat,Outerwear,24800,1,24800
O00050,2024-01-18,C031,female,20s,P16,Ankle Boots,Shoes,13800,2,27600
O00051,2024-01-18,C133,male,40s,P17,Tote Bag,Bags,6900,1,6900
O00052,2024-01-19,C005,female,20s,P14,Sneakers,Shoes,8900,1,8900
O00053,2024-01-19,C099,female,30s,P01,T-shirt,Tops,2900,1,2900
O00054,2024-01-20,C002,male,50+,P02,Knit Sweater,Tops,6900,1,6900
O00054,2024-01-20,C002,male,50+,P19,Scarf,Accessories,2900,1,2900
O00054,2024-01-20,C002,male,50+,P21,Socks Set,Accessories,1500,1,1500
O00055,2024-01-20,C006,male,40s,P11,Denim Jacket,Outerwear,9800,1,9800
O00055,2024-01-20,C006,male,40s,P21,Socks Set,Accessories,1500,1,1500
O00056,2024-01-20,C008,male,30s,P04,Hoodie,Tops,5900,1,5900
O00056,2024-01-20,C008,male,30s,P18,Shoulder Bag,Bags,9800,1,9800
O00057,2024-01-20,C025,female,20s,P12,Shirt Dress,Dresses,8900,1,8900
O00058,2024-01-20,C033,male,40s,P05,Skinny Denim,Bottoms,7900,1,7900
O00059,2024-01-20,C052,female,30s,P03,Blouse,Tops,4900,1,4900
O00059,2024-01-20,C052,female,30s,P10,Down Jacket,Outerwear,19800,1,19800
O00060,2024-01-20,C058,male,30s,P01,T-shirt,Tops,2900,1,2900
O00060,2024-01-20,C058,male,30s,P07,Pleated Skirt,Bottoms,5900,1,5900
O00060,2024-01-20,C058,male,30s,P08,Chino Pants,Bottoms,5900,1,5900
O00061,2024-01-20,C100,female,40s,P04,Hoodie,Tops,5900,1,5900
O00061,2024-01-20,C100,female,40s,P18,Shoulder Bag,Bags,9800,1,9800
O00062,2024-01-20,C107,female,30s,P05,Skinny Denim,Bottoms,7900,1,7900
O00063,2024-01-22,C004,female,30s,P05,Skinny Denim,Bottoms,7900,1,7900
O00063,2024-01-22,C004,female,30s,P12,Shirt Dress,Dresses,8900,1,8900
O00063,2024-01-22,C004,female,30s,P18,Shoulder Bag,Bags,9800,1,9800
O00064,2024-01-22,C028,female,20s,P02,Knit Sweater,Tops,6900,1,6900
O00064,2024-01-22,C028,female,20s,P08,Chino Pants,Bottoms,5900,1,5900
O00064,2024-01-22,C028,female,20s,P13,Knit Dress,Dresses,9900,1,9900
O00065,2024-01-22,C035,female,40s,P02,Knit Sweater,Tops,6900,1,6900
O00066,2024-01-22,C103,female,20s,P04,Hoodie,Tops,5900,1,5900
O00066,2024-01-22,C103,female,20s,P11,Denim Jacket,Outerwear,9800,1,9800
O00067,2024-01-22,C108,female,50+,P10,Down Jacket,Outerwear,19800,1,19800
O00068,2024-01-23,C022,male,20s,P01,T-shirt,Tops,2900,1,2900
O00068,2024-01-23,C022,male,20s,P11,Denim Jacket,Outerwear,9800,1,9800
O00069,2024-01-23,C026,male,30s,P06,Wide Pants,Bottoms,6900,1,6900
O00070,2024-01-23,C031,female,20s,P03,Blouse,Tops,4900,1,4900
O00071,2024-01-23,C032,male,50+,P04,Hoodie,Tops,5900,1,5900
O00071,2024-01-23,C032,male,50+,P16,Ankle Boots,Shoes,13800,1,13800
O00072,2024-01-23,C140,female,20s,P02,Knit Sweater,Tops,6900,1,6900
O00072,2024-01-23,C140,female,20s,P11,Denim Jacket,Outerwear,9800,1,9800
O00072,2024-01-23,C140,female,20s,P19,Scarf,Accessories,2900,1,2900
O00073,2024-01-24,C101,female,20s,P16,Ankle Boots,Shoes,13800,1,13800
O00073,2024-01-24,C101,female,20s,P18,Shoulder Bag,Bags,9800,1,9800
O00074,2024-01-25,C040,female,40s,P10,Down Jacket,Outerwear,19800,1,19800
O00074,2024-01-25,C040,female,40s,P14,Sneakers,Shoes,8900,2,17800
O00075,2024-01-26,C017,female,40s,P01,T-shirt,Tops,2900,2,5800
O00075,2024-01-26,C017,female,40s,P09,Trench Coat,Outerwear,24800,1,24800
O00076,2024-01-27,C023,female,20s,P09,Trench Coat,Outerwear,24800,1,24800
O00076,2024-01-27,C023,female,20s,P21,Socks Set,Accessories,1500,2,3000
O00077,2024-01-27,C052,female,30s,P15,Loafers,Shoes,11800,1,11800
O00078,2024-01-28,C001,male,10s,P12,Shirt Dress,Dresses,8900,1,8900
O00078,2024-01-28,C001,male,10s,P14,Sneakers,Shoes,8900,1,8900
O00079,2024-01-28,C026,male,30s,P09,Trench Coat,Outerwear,24800,1,24800
O00080,2024-01-28,C141,female,30s,P12,Shirt Dress,Dresses,8900,1,8900
O00080,2024-01-28,C141,female,30s,P20,Cap,Accessories,2400,1,2400
O00081,2024-01-29,C029,female,30s,P03,Blouse,Tops,4900,2,9800
O00081,2024-01-29,C029,female,30s,P14,Sneakers,Shoes,8900,2,17800
O00082,2024-01-29,C131,female,40s,P10,Down Jacket,Outerwear,19800,1,19800
O00082,2024-01-29,C131,female,40s,P13,Knit Dress,Dresses,9900,1,9900
O00083,2024-01-30,C006,male,40s,P08,Chino Pants,Bottoms,5900,1,5900
O00083,2024-01-30,C006,male,40s,P21,Socks Set,Accessories,1500,1,1500
O00084,2024-01-30,C033,male,40s,P03,Blouse,Tops,4900,1,4900
O00084,2024-01-30,C033,male,40s,P14,Sneakers,Shoes,8900,1,8900
O00085,2024-01-30,C054,male,10s,P21,Socks Set,Accessories,1500,2,3000
O00086,2024-01-30,C060,female,30s,P11,Denim Jacket,Outerwear,9800,1,9800
O00086,2024-01-30,C060,female,30s,P19,Scarf,Accessories,2900,1,2900
O00087,2024-01-30,C068,female,20s,P11,Denim Jacket,Outerwear,9800,1,9800
O00088,2024-01-30,C106,male,30s,P04,Hoodie,Tops,5900,1,5900
O00088,2024-01-30,C106,male,30s,P07,Pleated Skirt,Bottoms,5900,1,5900
O00088,2024-01-30,C106,male,30s,P14,Sneakers,Shoes,8900,1,8900
O00089,2024-01-30,C130,female,20s,P05,Skinny Denim,Bottoms,7900,1,7900
O00089,2024-01-30,C130,female,20s,P19,Scarf,Accessories,2900,1,2900
O00090,2024-01-31,C103,female,20s,P06,Wide Pants,Bottoms,6900,1,6900
O00090,2024-01-31,C103,female,20s,P18,Shoulder Bag,Bags,9800,1,9800
O00091,2024-01-31,C120,female,40s,P02,Knit Sweater,Tops,6900,1,6900
O00091,2024-01-31,C120,female,40s,P17,Tote Bag,Bags,6900,2,13800
O00092,2024-01-31,C125,female,30s,P06,Wide Pants,Bottoms,6900,1,6900
O00093,2024-02-03,C022,male,20s,P21,Socks Set,Accessories,1500,1,1500
O00094,2024-02-03,C060,female,30s,P15,Loafers,Shoes,11800,1,11800
O00094,2024-02-03,C060,female,30s,P20,Cap,Accessories,2400,1,2400
O00095,2024-02-03,C129,male,40s,P15,Loafers,Shoes,11800,1,11800
O00096,2024-02-04,C132,female,20s,P04,Hoodie,Tops,5900,1,5900
O00096,2024-02-04,C132,female,20s,P15,Loafers,Shoes,11800,1,11800
O00097,2024-02-05,C103,female,20s,P14,Sneakers,Shoes,8900,1,8900
O00097,2024-02-05,C103,female,20s,P18,Shoulder Bag,Bags,9800,1,9800
O00097,2024-02-05,C103,female,20s,P20,Cap,Accessories,2400,1,2400
O00098,2024-02-05,C126,female,30s,P07,Pleated Skirt,Bottoms,5900,1,5900
O00098,2024-02-05,C126,female,30s,P16,Ankle Boots,Shoes,13800,1,13800
O00099,2024-02-06,C026,male,30s,P05,Skinny Denim,Bottoms,7900,1,7900
O00099,2024-02-06,C026,male,30s,P06,Wide Pants,Bottoms,6900,1,6900
O00100,2024-02-06,C071,female,40s,P10,Down Jacket,Outerwear,19800,1,19800
O00101,2024-02-06,C097,male,30s,P09,Trench Coat,Outerwear,24800,1,24800
O00101,2024-02-06,C097,male,30s,P21,Socks Set,Accessories,1500,1,1500
O00102,2024-02-06,C098,female,20s,P18,Shoulder Bag,Bags,9800,1,9800
O00102,2024-02-06,C098,female,20s,P21,Socks Set,Accessories,1500,1,1500
O00103,2024-02-06,C133,male,40s,P16,Ankle Boots,Shoes,13800,1,13800
O00104,2024-02-07,C001,male,10s,P02,Knit Sweater,Tops,6900,1,6900
O00104,2024-02-07,C001,male,10s,P08,Chino Pants,Bottoms,5900,2,11800
O00105,2024-02-07,C020,female,20s,P01,T-shirt,Tops,2900,1,2900
O00105,2024-02-07,C020,female,20s,P18,Shoulder Bag,Bags,9800,1,9800
O00105,2024-02-07,C020,female,20s,P19,Scarf,Accessories,2900,1,2900
O00106,2024-02-07,C059,male,30s,P04,Hoodie,Tops,5900,1,5900
O00106,2024-02-07,C059,male,30s,P14,Sneakers,Shoes,8900,1,8900
O00107,2024-02-08,C009,female,50+,P05,Skinny Denim,Bottoms,7900,1,7900
O00108,2024-02-08,C020,female,20s,P02,Knit Sweater,Tops,6900,1,6900
O00108,2024-02-08,C020,female,20s,P06,Wide Pants,Bottoms,6900,2,13800
O00108,2024-02-08,C020,female,20s,P13,Knit Dress,Dresses,9900,1,9900
O00109,2024-02-08,C139,female,20s,P16,Ankle Boots,Shoes,13800,1,13800
O00109,2024-02-08,C139,female,20s,P17,Tote Bag,Bags,6900,1,6900
O00110,2024-02-09,C016,female,40s,P12,Shirt Dress,Dresses,8900,1,8900
O00110,2024-02-09,C016,female,40s,P14,Sneakers,Shoes,8900,1,8900
O00111,2024-02-09,C032,male,50+,P19,Scarf,Accessories,2900,1,2900
O00111,2024-02-09,C032,male,50+,P21,Socks Set,Accessories,1500,1,1500
O00112,2024-02-09,C044,female,20s,P15,Loafers,Shoes,11800,1,11800
O00113,2024-02-09,C118,female,20s,P02,Knit Sweater,Tops,6900,2,13800
O00113,2024-02-09,C118,female,20s,P10,Down Jacket,Outerwear,19800,2,39600
O00114,2024-02-10,C008,male,30s,P02,Knit Sweater,Tops,6900,1,6900
O00115,2024-02-10,C020,female,20s,P04,Hoodie,Tops,5900,1,5900
O00115,2024-02-10,C020,female,20s,P09,Trench Coat,Outerwear,24800,1,24800
O00116,2024-02-10,C150,female,30s,P07,Pleated Skirt,Bottoms,5900,2,11800
O00117,2024-02-11,C019,female,40s,P03,Blouse,Tops,4900,1,4900
O00117,2024-02-11,C019,female,40s,P05,Skinny Denim,Bottoms,7900,1,7900
O00117,2024-02-11,C019,female,40s,P17,Tote Bag,Bags,6900,2,13800
O00118,2024-02-11,C147,male,40s,P03,Blouse,Tops,4900,1,4900
O00118,2024-02-11,C147,male,40s,P15,Loafers,Shoes,11800,1,11800
O00119,2024-02-12,C020,female,20s,P02,Knit Sweater,Tops,6900,1,6900
O00119,2024-02-12,C020,female,20s,P15,Loafers,Shoes,11800,1,11800
O00120,2024-02-12,C073,male,20s,P09,Trench Coat,Outerwear,24800,1,24800
O00121,2024-02-12,C118,female,20s,P16,Ankle Boots,Shoes,13800,1,13800
O00122,2024-02-12,C130,female,20s,P16,Ankle Boots,Shoes,13800,1,13800
O00123,2024-02-13,C008,male,30s,P04,Hoodie,Tops,5900,1,5900
O00124,2024-02-13,C132,female,20s,P05,Skinny Denim,Bottoms,7900,1,7900
O00124,2024-02-13,C132,female,20s,P14,Sneakers,Shoes,8900,1,8900
O00124,2024-02-13,C132,female,20s,P19,Scarf,Accessories,2900,1,2900
O00125,2024-02-14,C005,female,20s,P05,Skinny Denim,Bottoms,7900,1,7900
O00125,2024-02-14,C005,female,20s,P13,Knit Dress,Dresses,9900,1,9900
O00126,2024-02-14,C048,male,20s,P14,Sneakers,Shoes,8900,2,17800
O00127,2024-02-14,C061,female,20s,P08,Chino Pants,Bottoms,5900,2,11800
O00127,2024-02-14,C061,female,20s,P10,Down Jacket,Outerwear,19800,1,19800
O00128,2024-02-14,C112,female,50+,P03,Blouse,Tops,4900,1,4900
O00128,2024-02-14,C112,female,50+,P17,Tote Bag,Bags,6900,2,13800
O00129,2024-02-15,C004,female,30s,P09,Trench Coat,Outerwear,24800,2,49600
O00129,2024-02-15,C004,female,30s,P13,Knit Dress,Dresses,9900,1,9900
O00129,2024-02-15,C004,female,30s,P19,Scarf,Accessories,2900,2,5800
O00130,2024-02-15,C025,female,20s,P02,Knit Sweater,Tops,6900,1,6900
O00130,2024-02-15,C025,female,20s,P06,Wide Pants,Bottoms,6900,1,6900
O00131,2024-02-15,C031,female,20s,P13,Knit Dress,Dresses,9900,1,9900
O00132,2024-02-16,C143,male,30s,P07,Pleated Skirt,Bottoms,5900,1,5900
O00133,2024-02-17,C004,female,30s,P05,Skinny Denim,Bottoms,7900,1,7900
O00133,2024-02-17,C004,female,30s,P15,Loafers,Shoes,11800,1,11800
O00134,2024-02-17,C004,female,30s,P04,Hoodie,Tops,5900,1,5900
O00134,2024-02-17,C004,female,30s,P17,Tote Bag,Bags,6900,1,6900
O00135,2024-02-17,C031,female,20s,P01,T-shirt,Tops,2900,1,2900
O00135,2024-02-17,C031,female,20s,P02,Knit Sweater,Tops,6900,1,6900
O00135,2024-02-17,C031,female,20s,P16,Ankle Boots,Shoes,13800,1,13800
O00136,2024-02-18,C015,female,30s,P09,Trench Coat,Outerwear,24800,1,24800
O00137,2024-02-18,C028,female,20s,P10,Down Jacket,Outerwear,19800,2,39600
O00137,2024-02-18,C028,female,20s,P19,Scarf,Accessories,2900,1,2900
O00138,2024-02-18,C042,female,20s,P04,Hoodie,Tops,5900,2,11800
O00138,2024-02-18,C042,female,20s,P06,Wide Pants,Bottoms,6900,1,6900
O00139,2024-02-18,C058,male,30s,P16,Ankle Boots,Shoes,13800,2,27600
O00140,2024-02-19,C036,female,30s,P07,Pleated Skirt,Bottoms,5900,1,5900
O00141,2024-02-20,C134,female,50+,P13,Knit Dress,Dresses,9900,1,9900
O00142,2024-02-21,C015,female,30s,P04,Hoodie,Tops,5900,1,5900
O00142,2024-02-21,C015,female,30s,P15,Loafers,Shoes,11800,1,11800
O00143,2024-02-21,C101,female,20s,P04,Hoodie,Tops,5900,1,5900
O00144,2024-02-21,C124,male,40s,P03,Blouse,Tops,4900,1,4900
O00145,2024-02-22,C012,female,10s,P02,Knit Sweater,Tops,6900,1,6900
O00146,2024-02-22,C020,female,20s,P01,T-shirt,Tops,2900,1,2900
O00146,2024-02-22,C020,female,20s,P02,Knit Sweater,Tops,6900,1,6900
O00146,2024-02-22,C020,female,20s,P19,Scarf,Accessories,2900,1,2900
O00147,2024-02-23,C007,male,50+,P04,Hoodie,Tops,5900,1,5900
O00147,2024-02-23,C007,male,50+,P10,Down Jacket,Outerwear,19800,1,19800
O00148,2024-02-23,C143,male,30s,P04,Hoodie,Tops,5900,1,5900
O00148,2024-02-23,C143,male,30s,P05,Skinny Denim,Bottoms,7900,1,7900
O00149,2024-02-24,C097,male,30s,P12,Shirt Dress,Dresses,8900,1,8900
O00150,2024-02-25,C006,male,40s,P13,Knit Dress,Dresses,9900,1,9900
O00151,2024-02-25,C016,female,40s,P14,Sneakers,Shoes,8900,1,8900
O00152,2024-02-25,C019,female,40s,P03,Blouse,Tops,4900,1,4900
O00152,2024-02-25,C019,female,40s,P16,Ankle Boots,Shoes,13800,1,13800
O00153,2024-02-25,C027,female,40s,P10,Down Jacket,Outerwear,19800,1,19800
O00153,2024-02-25,C027,female,40s,P21,Socks Set,Accessories,1500,2,3000
O00154,2024-02-25,C060,female,30s,P05,Skinny Denim,Bottoms,7900,1,7900
O00154,2024-02-25,C060,female,30s,P08,Chino Pants,Bottoms,5900,1,5900
O00154,2024-02-25,C060,female,30s,P10,Down Jacket,Outerwear,19800,1,19800
O00155,2024-02-26,C109,female,20s,P19,Scarf,Accessories,2900,1,2900
O00156,2024-02-27,C126,female,30s,P11,Denim Jacket,Outerwear,9800,1,9800
O00156,2024-02-27,C126,female,30s,P20,Cap,Accessories,2400,1,2400
O00157,2024-02-27,C141,female,30s,P09,Trench Coat,Outerwear,24800,1,24800
O00158,2024-02-28,C010,female,10s,P02,Knit Sweater,Tops,6900,1,6900
O00158,2024-02-28,C010,female,10s,P17,Tote Bag,Bags,6900,1,6900
O00159,2024-02-28,C027,female,40s,P17,Tote Bag,Bags,6900,1,6900
O00160,2024-02-29,C007,male,50+,P12,Shirt Dress,Dresses,8900,2,17800
O00160,2024-02-29,C007,male,50+,P13,Knit Dress,Dresses,9900,1,9900
O00161,2024-02-29,C104,male,10s,P10,Down Jacket,Outerwear,19800,1,19800
O00162,2024-03-01,C014,female,10s,P05,Skinny Denim,Bottoms,7900,1,7900
O00162,2024-03-01,C014,female,10s,P06,Wide Pants,Bottoms,6900,1,6900
O00163,2024-03-02,C005,female,20s,P03,Blouse,Tops,4900,1,4900
O00163,2024-03-02,C005,female,20s,P05,Skinny Denim,Bottoms,7900,1,7900
O00164,2024-03-02,C019,female,40s,P01,T-shirt,Tops,2900,1,2900
O00164,2024-03-02,C019,female,40s,P05,Skinny Denim,Bottoms,7900,1,7900
O00165,2024-03-02,C073,male,20s,P07,Pleated Skirt,Bottoms,5900,1,5900
O00166,2024-03-02,C145,female,50+,P07,Pleated Skirt,Bottoms,5900,1,5900
O00167,2024-03-03,C006,male,40s,P03,Blouse,Tops,4900,1,4900
O00167,2024-03-03,C006,male,40s,P18,Shoulder Bag,Bags,9800,1,9800
O00167,2024-03-03,C006,male,40s,P21,Socks Set,Accessories,1500,1,1500
O00168,2024-03-03,C040,female,40s,P03,Blouse,Tops,4900,2,9800
O00168,2024-03-03,C040,female,40s,P14,Sneakers,Shoes,8900,1,8900
O00169,2024-03-03,C099,female,30s,P06,Wide Pants,Bottoms,6900,2,13800
O00170,2024-03-04,C017,female,40s,P07,Pleated Skirt,Bottoms,5900,1,5900
O00171,2024-03-04,C108,female,50+,P03,Blouse,Tops,4900,1,4900
O00171,2024-03-04,C108,female,50+,P13,Knit Dress,Dresses,9900,1,9900
O00171,2024-03-04,C108,female,50+,P18,Shoulder Bag,Bags,9800,1,9800
O00172,2024-03-04,C108,female,50+,P15,Loafers,Shoes,11800,2,23600
O00173,2024-03-04,C135,female,30s,P09,Trench Coat,Outerwear,24800,1,24800
O00173,2024-03-04,C135,female,30s,P19,Scarf,Accessories,2900,2,5800
O00174,2024-03-05,C040,female,40s,P07,Pleated Skirt,Bottoms,5900,1,5900
O00175,2024-03-05,C051,male,40s,P09,Trench Coat,Outerwear,24800,1,24800
O00175,2024-03-05,C051,male,40s,P14,Sneakers,Shoes,8900,1,8900
O00176,2024-03-06,C034,female,50+,P02,Knit Sweater,Tops,6900,1,6900
O00177,2024-03-06,C047,female,20s,P08,Chino Pants,Bottoms,5900,1,5900
O00177,2024-03-06,C047,female,20s,P10,Down Jacket,Outerwear,19800,1,19800
O00177,2024-03-06,C047,female,20s,P14,Sneakers,Shoes,8900,1,8900
O00178,2024-03-06,C099,female,30s,P04,Hoodie,Tops,5900,1,5900
O00178,2024-03-06,C099,female,30s,P12,Shirt Dress,Dresses,8900,1,8900
O00179,2024-03-07,C005,female,20s,P05,Skinny Denim,Bottoms,7900,1,7900
O00180,2024-03-07,C010,female,10s,P06,Wide Pants,Bottoms,6900,1,6900
O00181,2024-03-07,C018,female,40s,P02,Knit Sweater,Tops,6900,1,6900
O00181,2024-03-07,C018,female,40s,P14,Sneakers,Shoes,8900,1,8900
O00182,2024-03-07,C075,female,20s,P12,Shirt Dress,Dresses,8900,1,8900
O00182,2024-03-07,C075,female,20s,P19,Scarf,Accessories,2900,1,2900
O00183,2024-03-08,C034,female,50+,P03,Blouse,Tops,4900,1,4900
O00184,2024-03-08,C145,female,50+,P01,T-shirt,Tops,2900,2,5800
O00185,2024-03-09,C030,female,10s,P15,Loafers,Shoes,11800,1,11800
O00186,2024-03-10,C035,female,40s,P02,Knit Sweater,Tops,6900,1,6900
O00186,2024-03-10,C035,female,40s,P11,Denim Jacket,Outerwear,9800,1,9800
O00187,2024-03-11,C098,female,20s,P07,Pleated Skirt,Bottoms,5900,1,5900
O00187,2024-03-11,C098,female,20s,P08,Chino Pants,Bottoms,5900,1,5900
O00188,2024-03-12,C004,female,30s,P17,Tote Bag,Bags,6900,1,6900
O00189,2024-03-12,C016,female,40s,P01,T-shirt,Tops,2900,1,2900
O00189,2024-03-12,C016,female,40s,P03,Blouse,Tops,4900,1,4900
O00189,2024-03-12,C016,female,40s,P04,Hoodie,Tops,5900,1,5900
O00190,2024-03-12,C020,female,20s,P02,Knit Sweater,Tops,6900,1,6900
O00191,2024-03-12,C021,female,30s,P05,Skinny Denim,Bottoms,7900,1,7900
O00191,2024-03-12,C021,female,30s,P14,Sneakers,Shoes,8900,1,8900
O00191,2024-03-12,C021,female,30s,P17,Tote Bag,Bags,6900,1,6900
O00192,2024-03-12,C031,female,20s,P01,T-shirt,Tops,2900,1,2900
O00193,2024-03-12,C110,male,40s,P08,Chino Pants,Bottoms,5900,1,5900
O00193,2024-03-12,C110,male,40s,P10,Down Jacket,Outerwear,19800,1,19800
O00194,2024-03-13,C070,female,20s,P08,Chino Pants,Bottoms,5900,1,5900
O00194,2024-03-13,C070,female,20s,P11,Denim Jacket,Outerwear,9800,1,9800
O00194,2024-03-13,C070,female,20s,P12,Shirt Dress,Dresses,8900,1,8900
O00195,2024-03-14,C005,female,20s,P15,Loafers,Shoes,11800,1,11800
O00196,2024-03-14,C008,male,30s,P05,Skinny Denim,Bottoms,7900,1,7900
O00196,2024-03-14,C008,male,30s,P08,Chino Pants,Bottoms,5900,1,5900
O00196,2024-03-14,C008,male,30s,P11,Denim Jacket,Outerwear,9800,1,9800
O00197,2024-03-14,C021,female,30s,P16,Ankle Boots,Shoes,13800,1,13800
O00197,2024-03-14,C021,female,30s,P21,Socks Set,Accessories,1500,1,1500
O00198,2024-03-14,C025,female,20s,P01,T-shirt,Tops,2900,1,2900
O00198,2024-03-14,C025,female,20s,P05,Skinny Denim,Bottoms,7900,1,7900
O00199,2024-03-14,C029,female,30s,P17,Tote Bag,Bags,6900,1,6900
O00199,2024-03-14,C029,female,30s,P21,Socks Set,Accessories,1500,1,1500
O00200,2024-03-14,C032,male,50+,P06,Wide Pants,Bottoms,6900,1,6900
O00201,2024-03-14,C045,female,20s,P05,Skinny Denim,Bottoms,7900,1,7900
O00201,2024-03-14,C045,female,20s,P16,Ankle Boots,Shoes,13800,1,13800
O00202,2024-03-15,C032,male,50+,P01,T-shirt,Tops,2900,1,2900
O00202,2024-03-15,C032,male,50+,P07,Pleated Skirt,Bottoms,5900,2,11800
O00202,2024-03-15,C032,male,50+,P19,Scarf,Accessories,2900,1,2900
O00203,2024-03-15,C140,female,20s,P03,Blouse,Tops,4900,1,4900
O00203,2024-03-15,C140,female,20s,P05,Skinny Denim,Bottoms,7900,1,7900
O00203,2024-03-15,C140,female,20s,P11,Denim Jacket,Outerwear,9800,1,9800
O00204,2024-03-16,C047,female,20s,P01,T-shirt,Tops,2900,1,2900
O00204,2024-03-16,C047,female,20s,P08,Chino Pants,Bottoms,5900,1,5900
O00205,2024-03-16,C122,male,30s,P02,Knit Sweater,Tops,6900,1,6900
O00205,2024-03-16,C122,male,30s,P10,Down Jacket,Outerwear,19800,1,19800
O00206,2024-03-16,C141,female,30s,P01,T-shirt,Tops,2900,1,2900
O00207,2024-03-17,C031,female,20s,P03,Blouse,Tops,4900,1,4900
O00207,2024-03-17,C031,female,20s,P05,Skinny Denim,Bottoms,7900,1,7900
O00207,2024-03-17,C031,female,20s,P20,Cap,Accessories,2400,1,2400
O00208,2024-03-17,C101,female,20s,P01,T-shirt,Tops,2900,1,2900
O00209,2024-03-18,C004,female,30s,P05,Skinny Denim,Bottoms,7900,1,7900
O00210,2024-03-18,C005,female,20s,P08,Chino Pants,Bottoms,5900,1,5900
O00210,2024-03-18,C005,female,20s,P11,Denim Jacket,Outerwear,9800,1,9800
O00210,2024-03-18,C005,female,20s,P18,Shoulder Bag,Bags,9800,1,9800
O00211,2024-03-18,C005,female,20s,P19,Scarf,Accessories,2900,1,2900
O00212,2024-03-18,C045,female,20s,P06,Wide Pants,Bottoms,6900,1,6900
O00212,2024-03-18,C045,female,20s,P12,Shirt Dress,Dresses,8900,1,8900
O00213,2024-03-18,C097,male,30s,P09,Trench Coat,Outerwear,24800,1,24800
O00213,2024-03-18,C097,male,30s,P14,Sneakers,Shoes,8900,1,8900
O00214,2024-03-19,C003,female,40s,P03,Blouse,Tops,4900,1,4900
O00214,2024-03-19,C003,female,40s,P11,Denim Jacket,Outerwear,9800,1,9800
O00215,2024-03-19,C025,female,20s,P08,Chino Pants,Bottoms,5900,1,5900
O00215,2024-03-19,C025,female,20s,P14,Sneakers,Shoes,8900,1,8900
O00216,2024-03-20,C003,female,40s,P01,T-shirt,Tops,2900,1,2900
O00216,2024-03-20,C003,female,40s,P02,Knit Sweater,Tops,6900,1,6900
O00216,2024-03-20,C003,female,40s,P04,Hoodie,Tops,5900,1,5900
O00217,2024-03-20,C023,female,20s,P17,Tote Bag,Bags,6900,1,6900
O00218,2024-03-20,C103,female,20s,P05,Skinny Denim,Bottoms,7900,1,7900
O00218,2024-03-20,C103,female,20s,P15,Loafers,Shoes,11800,1,11800
O00219,2024-03-21,C035,female,40s,P05,Skinny Denim,Bottoms,7900,1,7900
O00219,2024-03-21,C035,female,40s,P07,Pleated Skirt,Bottoms,5900,1,5900
O00220,2024-03-22,C014,female,10s,P03,Blouse,Tops,4900,1,4900
O00220,2024-03-22,C014,female,10s,P06,Wide Pants,Bottoms,6900,1,6900
O00221,2024-03-22,C027,female,40s,P05,Skinny Denim,Bottoms,7900,1,7900
O00221,2024-03-22,C027,female,40s,P21,Socks Set,Accessories,1500,1,1500
O00222,2024-03-22,C056,female,20s,P04,Hoodie,Tops,5900,1,5900
O00222,2024-03-22,C056,female,20s,P09,Trench Coat,Outerwear,24800,1,24800
O00222,2024-03-22,C056,female,20s,P18,Shoulder Bag,Bags,9800,1,9800
O00223,2024-03-23,C001,male,10s,P04,Hoodie,Tops,5900,1,5900
O00223,2024-03-23,C001,male,10s,P06,Wide Pants,Bottoms,6900,1,6900
O00223,2024-03-23,C001,male,10s,P16,Ankle Boots,Shoes,13800,1,13800
O00224,2024-03-23,C133,male,40s,P13,Knit Dress,Dresses,9900,1,9900
O00224,2024-03-23,C133,male,40s,P14,Sneakers,Shoes,8900,1,8900
O00225,2024-03-24,C053,female,30s,P04,Hoodie,Tops,5900,1,5900
O00226,2024-03-24,C118,female,20s,P15,Loafers,Shoes,11800,1,11800
O00227,2024-03-25,C051,male,40s,P14,Sneakers,Shoes,8900,1,8900
O00228,2024-03-25,C059,male,30s,P09,Trench Coat,Outerwear,24800,1,24800
O00229,2024-03-25,C097,male,30s,P01,T-shirt,Tops,2900,1,2900
O00230,2024-03-27,C036,female,30s,P03,Blouse,Tops,4900,1,4900
O00230,2024-03-27,C036,female,30s,P12,Shirt Dress,Dresses,8900,1,8900
O00230,2024-03-27,C036,female,30s,P19,Scarf,Accessories,2900,1,2900
O00231,2024-03-27,C103,female,20s,P11,Denim Jacket,Outerwear,9800,1,9800
O00232,2024-03-27,C137,female,30s,P08,Chino Pants,Bottoms,5900,1,5900
O00233,2024-03-28,C004,female,30s,P09,Trench Coat,Outerwear,24800,1,24800
O00233,2024-03-28,C004,female,30s,P12,Shirt Dress,Dresses,8900,1,8900
O00234,2024-03-29,C004,female,30s,P05,Skinny Denim,Bottoms,7900,1,7900
O00234,2024-03-29,C004,female,30s,P17,Tote Bag,Bags,6900,2,13800
O00235,2024-03-29,C136,male,30s,P21,Socks Set,Accessories,1500,1,1500
O00236,2024-03-30,C046,female,30s,P17,Tote Bag,Bags,6900,1,6900
O00237,2024-03-31,C010,female,10s,P01,T-shirt,Tops,2900,1,2900
O00237,2024-03-31,C010,female,10s,P04,Hoodie,Tops,5900,1,5900
O00237,2024-03-31,C010,female,10s,P11,Denim Jacket,Outerwear,9800,1,9800
O00238,2024-03-31,C016,female,40s,P03,Blouse,Tops,4900,1,4900
O00238,2024-03-31,C016,female,40s,P11,Denim Jacket,Outerwear,9800,1,9800
O00238,2024-03-31,C016,female,40s,P14,Sneakers,Shoes,8900,1,8900
O00239,2024-03-31,C142,male,30s,P05,Skinny Denim,Bottoms,7900,1,7900
O00239,2024-03-31,C142,male,30s,P17,Tote Bag,Bags,6900,1,6900
O00239,2024-03-31,C142,male,30s,P21,Socks Set,Accessories,1500,1,1500
O00240,2024-04-01,C008,male,30s,P12,Shirt Dress,Dresses,8900,1,8900
O00241,2024-04-02,C026,male,30s,P05,Skinny Denim,Bottoms,7900,1,7900
O00241,2024-04-02,C026,male,30s,P09,Trench Coat,Outerwear,24800,1,24800
O00242,2024-04-02,C063,female,50+,P19,Scarf,Accessories,2900,1,2900
O00243,2024-04-03,C136,male,30s,P17,Tote Bag,Bags,6900,1,6900
O00244,2024-04-04,C025,female,20s,P02,Knit Sweater,Tops,6900,1,6900
O00244,2024-04-04,C025,female,20s,P15,Loafers,Shoes,11800,1,11800
O00245,2024-04-04,C070,female,20s,P02,Knit Sweater,Tops,6900,1,6900
O00246,2024-04-04,C105,female,30s,P15,Loafers,Shoes,11800,1,11800
O00247,2024-04-04,C138,female,50+,P11,Denim Jacket,Outerwear,9800,1,9800
O00247,2024-04-04,C138,female,50+,P14,Sneakers,Shoes,8900,1,8900
O00247,2024-04-04,C138,female,50+,P17,Tote Bag,Bags,6900,1,6900
O00248,2024-04-05,C025,female,20s,P01,T-shirt,Tops,2900,1,2900
O00248,2024-04-05,C025,female,20s,P02,Knit Sweater,Tops,6900,1,6900
O00248,2024-04-05,C025,female,20s,P03,Blouse,Tops,4900,1,4900
O00249,2024-04-05,C026,male,30s,P08,Chino Pants,Bottoms,5900,1,5900
O00250,2024-04-06,C053,female,30s,P01,T-shirt,Tops,2900,1,2900
O00251,2024-04-06,C056,female,20s,P04,Hoodie,Tops,5900,1,5900
O00252,2024-04-06,C075,female,20s,P20,Cap,Accessories,2400,1,2400
O00253,2024-04-07,C010,female,10s,P12,Shirt Dress,Dresses,8900,1,8900
O00254,2024-04-07,C096,female,10s,P21,Socks Set,Accessories,1500,1,1500
O00255,2024-04-08,C011,female,40s,P08,Chino Pants,Bottoms,5900,1,5900
O00255,2024-04-08,C011,female,40s,P11,Denim Jacket,Outerwear,9800,1,9800
O00255,2024-04-08,C011,female,40s,P12,Shirt Dress,Dresses,8900,1,8900
O00256,2024-04-08,C013,female,20s,P03,Blouse,Tops,4900,2,9800
O00256,2024-04-08,C013,female,20s,P14,Sneakers,Shoes,8900,1,8900
O00256,2024-04-08,C013,female,20s,P20,Cap,Accessories,2400,1,2400
O00257,2024-04-08,C059,male,30s,P09,Trench Coat,Outerwear,24800,1,24800
O00258,2024-04-09,C031,female,20s,P04,Hoodie,Tops,5900,1,5900
O00259,2024-04-10,C008,male,30s,P09,Trench Coat,Outerwear,24800,2,49600
O00259,2024-04-10,C008,male,30s,P15,Loafers,Shoes,11800,1,11800
O00260,2024-04-10,C027,female,40s,P06,Wide Pants,Bottoms,6900,1,6900
O00261,2024-04-10,C101,female,20s,P11,Denim Jacket,Outerwear,9800,2,19600
O00262,2024-04-10,C107,female,30s,P12,Shirt Dress,Dresses,8900,1,8900
O00263,2024-04-10,C129,male,40s,P02,Knit Sweater,Tops,6900,1,6900
O00263,2024-04-10,C129,male,40s,P14,Sneakers,Shoes,8900,1,8900
O00263,2024-04-10,C129,male,40s,P18,Shoulder Bag,Bags,9800,1,9800
O00264,2024-04-11,C114,male,20s,P07,Pleated Skirt,Bottoms,5900,1,5900
O00264,2024-04-11,C114,male,20s,P08,Chino Pants,Bottoms,5900,1,5900
O00264,2024-04-11,C114,male,20s,P20,Cap,Accessories,2400,1,2400
O00265,2024-04-12,C016,female,40s,P03,Blouse,Tops,4900,2,9800
O00265,2024-04-12,C016,female,40s,P06,Wide Pants,Bottoms,6900,1,6900
O00265,2024-04-12,C016,female,40s,P21,Socks Set,Accessories,1500,1,1500
O00266,2024-04-12,C103,female,20s,P20,Cap,Accessories,2400,2,4800
O00267,2024-04-12,C126,female,30s,P21,Socks Set,Accessories,1500,1,1500
O00268,2024-04-14,C053,female,30s,P06,Wide Pants,Bottoms,6900,1,6900
O00268,2024-04-14,C053,female,30s,P21,Socks Set,Accessories,1500,1,1500
O00269,2024-04-14,C056,female,20s,P21,Socks Set,Accessories,1500,2,3000
O00270,2024-04-14,C130,female,20s,P07,Pleated Skirt,Bottoms,5900,1,5900
O00271,2024-04-15,C028,female,20s,P19,Scarf,Accessories,2900,1,2900
O00272,2024-04-15,C072,female,40s,P03,Blouse,Tops,4900,1,4900
O00272,2024-04-15,C072,female,40s,P08,Chino Pants,Bottoms,5900,1,5900
O00272,2024-04-15,C072,female,40s,P09,Trench Coat,Outerwear,24800,1,24800
O00273,2024-04-15,C107,female,30s,P06,Wide Pants,Bottoms,6900,1,6900
O00273,2024-04-15,C107,female,30s,P20,Cap,Accessories,2400,1,2400
O00274,2024-04-16,C030,female,10s,P19,Scarf,Accessories,2900,1,2900
O00275,2024-04-17,C026,male,30s,P03,Blouse,Tops,4900,2,9800
O00275,2024-04-17,C026,male,30s,P04,Hoodie,Tops,5900,1,5900
O00276,2024-04-17,C060,female,30s,P07,Pleated Skirt,Bottoms,5900,2,11800
O00276,2024-04-17,C060,female,30s,P16,Ankle Boots,Shoes,13800,1,13800
O00276,2024-04-17,C060,female,30s,P19,Scarf,Accessories,2900,1,2900
O00277,2024-04-17,C099,female,30s,P06,Wide Pants,Bottoms,6900,1,6900
O00278,2024-04-18,C010,female,10s,P03,Blouse,Tops,4900,1,4900
O00279,2024-04-18,C014,female,10s,P04,Hoodie,Tops,5900,2,11800
O00279,2024-04-18,C014,female,10s,P05,Skinny Denim,Bottoms,7900,1,7900
O00279,2024-04-18,C014,female,10s,P18,Shoulder Bag,Bags,9800,2,19600
O00280,2024-04-18,C058,male,30s,P04,Hoodie,Tops,5900,1,5900
O00280,2024-04-18,C058,male,30s,P08,Chino Pants,Bottoms,5900,1,5900
O00280,2024-04-18,C058,male,30s,P11,Denim Jacket,Outerwear,9800,1,9800
O00281,2024-04-20,C003,female,40s,P05,Skinny Denim,Bottoms,7900,1,7900
O00282,2024-04-20,C008,male,30s,P05,Skinny Denim,Bottoms,7900,1,7900
O00282,2024-04-20,C008,male,30s,P11,Denim Jacket,Outerwear,9800,1,9800
O00282,2024-04-20,C008,male,30s,P18,Shoulder Bag,Bags,9800,1,9800
O00283,2024-04-20,C017,female,40s,P06,Wide Pants,Bottoms,6900,1,6900
O00284,2024-04-20,C025,female,20s,P03,Blouse,Tops,4900,1,4900
O00284,2024-04-20,C025,female,20s,P18,Shoulder Bag,Bags,9800,1,9800
O00285,2024-04-20,C026,male,30s,P09,Trench Coat,Outerwear,24800,1,24800
O00286,2024-04-20,C032,male,50+,P05,Skinny Denim,Bottoms,7900,2,15800
O00286,2024-04-20,C032,male,50+,P08,Chino Pants,Bottoms,5900,1,5900
O00287,2024-04-20,C037,female,40s,P08,Chino Pants,Bottoms,5900,1,5900
O00287,2024-04-20,C037,female,40s,P21,Socks Set,Accessories,1500,1,1500
O00288,2024-04-20,C075,female,20s,P06,Wide Pants,Bottoms,6900,1,6900
O00288,2024-04-20,C075,female,20s,P12,Shirt Dress,Dresses,8900,1,8900
O00289,2024-04-20,C115,female,30s,P03,Blouse,Tops,4900,1,4900
O00289,2024-04-20,C115,female,30s,P05,Skinny Denim,Bottoms,7900,1,7900
O00290,2024-04-21,C004,female,30s,P05,Skinny Denim,Bottoms,7900,1,7900
O00291,2024-04-21,C057,female,40s,P12,Shirt Dress,Dresses,8900,2,17800
O00292,2024-04-22,C001,male,10s,P08,Chino Pants,Bottoms,5900,1,5900
O00292,2024-04-22,C001,male,10s,P15,Loafers,Shoes,11800,1,11800
O00293,2024-04-22,C076,male,40s,P11,Denim Jacket,Outerwear,9800,2,19600
O00294,2024-04-23,C008,male,30s,P11,Denim Jacket,Outerwear,9800,2,19600
O00295,2024-04-26,C034,female,50+,P15,Loafers,Shoes,11800,1,11800
O00295,2024-04-26,C034,female,50+,P20,Cap,Accessories,2400,1,2400
O00296,2024-04-26,C097,male,30s,P12,Shirt Dress,Dresses,8900,1,8900
O00296,2024-04-26,C097,male,30s,P15,Loafers,Shoes,11800,1,11800
O00297,2024-04-26,C148,female,20s,P04,Hoodie,Tops,5900,1,5900
O00297,2024-04-26,C148,female,20s,P09,Trench Coat,Outerwear,24800,1,24800
O00298,2024-04-27,C002,male,50+,P17,Tote Bag,Bags,6900,1,6900
O00298,2024-04-27,C002,male,50+,P18,Shoulder Bag,Bags,9800,1,9800
O00299,2024-04-27,C018,female,40s,P20,Cap,Accessories,2400,1,2400
O00300,2024-04-27,C068,female,20s,P09,Trench Coat,Outerwear,24800,1,24800
O00300,2024-04-27,C068,female,20s,P14,Sneakers,Shoes,8900,1,8900
O00301,2024-04-27,C135,female,30s,P07,Pleated Skirt,Bottoms,5900,1,5900
O00302,2024-04-28,C062,female,20s,P03,Blouse,Tops,4900,2,9800
O00302,2024-04-28,C062,female,20s,P05,Skinny Denim,Bottoms,7900,2,15800
O00302,2024-04-28,C062,female,20s,P17,Tote Bag,Bags,6900,1,6900
O00303,2024-04-29,C046,female,30s,P13,Knit Dress,Dresses,9900,2,19800
O00304,2024-04-29,C054,male,10s,P09,Trench Coat,Outerwear,24800,1,24800
O00304,2024-04-29,C054,male,10s,P17,Tote Bag,Bags,6900,1,6900
O00305,2024-04-30,C025,female,20s,P03,Blouse,Tops,4900,1,4900
O00305,2024-04-30,C025,female,20s,P11,Denim Jacket,Outerwear,9800,1,9800
O00306,2024-04-30,C070,female,20s,P03,Blouse,Tops,4900,1,4900
O00307,2024-05-01,C021,female,30s,P05,Skinny Denim,Bottoms,7900,1,7900
O00307,2024-05-01,C021,female,30s,P06,Wide Pants,Bottoms,6900,2,13800
O00307,2024-05-01,C021,female,30s,P17,Tote Bag,Bags,6900,1,6900
O00308,2024-05-01,C051,male,40s,P05,Skinny Denim,Bottoms,7900,1,7900
O00309,2024-05-02,C006,male,40s,P05,Skinny Denim,Bottoms,7900,1,7900
O00310,2024-05-03,C063,female,50+,P20,Cap,Accessories,2400,1,2400
O00311,2024-05-04,C060,female,30s,P01,T-shirt,Tops,2900,1,2900
O00311,2024-05-04,C060,female,30s,P14,Sneakers,Shoes,8900,1,8900
O00312,2024-05-05,C101,female,20s,P03,Blouse,Tops,4900,1,4900
O00312,2024-05-05,C101,female,20s,P14,Sneakers,Shoes,8900,1,8900
O00312,2024-05-05,C101,female,20s,P16,Ankle Boots,Shoes,13800,1,13800
O00313,2024-05-07,C023,female,20s,P01,T-shirt,Tops,2900,1,2900
O00313,2024-05-07,C023,female,20s,P02,Knit Sweater,Tops,6900,1,6900
O00313,2024-05-07,C023,female,20s,P16,Ankle Boots,Shoes,13800,1,13800
O00314,2024-05-07,C061,female,20s,P15,Loafers,Shoes,11800,1,11800
O00315,2024-05-08,C006,male,40s,P04,Hoodie,Tops,5900,1,5900
O00316,2024-05-08,C099,female,30s,P06,Wide Pants,Bottoms,6900,1,6900
O00316,2024-05-08,C099,female,30s,P11,Denim Jacket,Outerwear,9800,1,9800
O00317,2024-05-08,C102,male,30s,P04,Hoodie,Tops,5900,1,5900
O00317,2024-05-08,C102,male,30s,P08,Chino Pants,Bottoms,5900,1,5900
O00318,2024-05-08,C117,female,10s,P01,T-shirt,Tops,2900,1,2900
O00318,2024-05-08,C117,female,10s,P05,Skinny Denim,Bottoms,7900,1,7900
O00318,2024-05-08,C117,female,10s,P10,Down Jacket,Outerwear,19800,1,19800
O00319,2024-05-09,C034,female,50+,P09,Trench Coat,Outerwear,24800,1,24800
O00320,2024-05-11,C033,male,40s,P14,Sneakers,Shoes,8900,1,8900
O00321,2024-05-12,C010,female,10s,P01,T-shirt,Tops,2900,1,2900
O00321,2024-05-12,C010,female,10s,P05,Skinny Denim,Bottoms,7900,1,7900
O00321,2024-05-12,C010,female,10s,P18,Shoulder Bag,Bags,9800,1,9800
O00322,2024-05-12,C074,male,20s,P14,Sneakers,Shoes,8900,1,8900
O00323,2024-05-12,C103,female,20s,P05,Skinny Denim,Bottoms,7900,1,7900
O00323,2024-05-12,C103,female,20s,P16,Ankle Boots,Shoes,13800,1,13800
O00323,2024-05-12,C103,female,20s,P19,Scarf,Accessories,2900,1,2900
O00324,2024-05-13,C030,female,10s,P06,Wide Pants,Bottoms,6900,1,6900
O00324,2024-05-13,C030,female,10s,P08,Chino Pants,Bottoms,5900,1,5900
O00324,2024-05-13,C030,female,10s,P17,Tote Bag,Bags,6900,1,6900
O00325,2024-05-14,C103,female,20s,P14,Sneakers,Shoes,8900,1,8900
O00326,2024-05-14,C105,female,30s,P01,T-shirt,Tops,2900,1,2900
O00326,2024-05-14,C105,female,30s,P19,Scarf,Accessories,2900,1,2900
O00327,2024-05-14,C136,male,30s,P04,Hoodie,Tops,5900,1,5900
O00328,2024-05-15,C031,female,20s,P21,Socks Set,Accessories,1500,1,1500
O00329,2024-05-15,C038,female,20s,P08,Chino Pants,Bottoms,5900,1,5900
O00330,2024-05-16,C045,female,20s,P04,Hoodie,Tops,5900,1,5900
O00330,2024-05-16,C045,female,20s,P13,Knit Dress,Dresses,9900,1,9900
O00331,2024-05-17,C100,female,40s,P05,Skinny Denim,Bottoms,7900,1,7900
O00332,2024-05-17,C109,female,20s,P05,Skinny Denim,Bottoms,7900,1,7900
O00333,2024-05-18,C004,female,30s,P05,Skinny Denim,Bottoms,7900,1,7900
O00333,2024-05-18,C004,female,30s,P21,Socks Set,Accessories,1500,2,3000
O00334,2024-05-18,C025,female,20s,P15,Loafers,Shoes,11800,1,11800
O00335,2024-05-19,C027,female,40s,P12,Shirt Dress,Dresses,8900,1,8900
O00336,2024-05-19,C043,female,20s,P03,Blouse,Tops,4900,2,9800
O00336,2024-05-19,C043,female,20s,P05,Skinny Denim,Bottoms,7900,1,7900
O00336,2024-05-19,C043,female,20s,P20,Cap,Accessories,2400,1,2400
O00337,2024-05-20,C006,male,40s,P06,Wide Pants,Bottoms,6900,1,6900
O00337,2024-05-20,C006,male,40s,P17,Tote Bag,Bags,6900,1,6900
O00338,2024-05-21,C025,female,20s,P07,Pleated Skirt,Bottoms,5900,1,5900
O00339,2024-05-21,C067,female,20s,P04,Hoodie,Tops,5900,1,5900
O00340,2024-05-22,C061,female,20s,P03,Blouse,Tops,4900,1,4900
O00341,2024-05-22,C073,male,20s,P11,Denim Jacket,Outerwear,9800,1,9800
O00341,2024-05-22,C073,male,20s,P15,Loafers,Shoes,11800,1,11800
O00342,2024-05-23,C026,male,30s,P16,Ankle Boots,Shoes,13800,1,13800
O00343,2024-05-24,C122,male,30s,P14,Sneakers,Shoes,8900,1,8900
O00344,2024-05-25,C069,female,40s,P09,Trench Coat,Outerwear,24800,1,24800
O00344,2024-05-25,C069,female,40s,P10,Down Jacket,Outerwear,19800,1,19800
O00344,2024-05-25,C069,female,40s,P21,Socks Set,Accessories,1500,1,1500
O00345,2024-05-26,C012,female,10s,P01,T-shirt,Tops,2900,1,2900
O00345,2024-05-26,C012,female,10s,P04,Hoodie,Tops,5900,1,5900
O00345,2024-05-26,C012,female,10s,P17,Tote Bag,Bags,6900,1,6900
O00346,2024-05-26,C101,female,20s,P06,Wide Pants,Bottoms,6900,1,6900
O00346,2024-05-26,C101,female,20s,P16,Ankle Boots,Shoes,13800,1,13800
O00347,2024-05-27,C058,male,30s,P07,Pleated Skirt,Bottoms,5900,1,5900
O00348,2024-05-28,C027,female,40s,P04,Hoodie,Tops,5900,1,5900
O00348,2024-05-28,C027,female,40s,P06,Wide Pants,Bottoms,6900,1,6900
O00348,2024-05-28,C027,female,40s,P18,Shoulder Bag,Bags,9800,1,9800
O00349,2024-05-28,C036,female,30s,P14,Sneakers,Shoes,8900,1,8900
O00350,2024-05-28,C099,female,30s,P04,Hoodie,Tops,5900,1,5900
O00350,2024-05-28,C099,female,30s,P07,Pleated Skirt,Bottoms,5900,1,5900
O00350,2024-05-28,C099,female,30s,P17,Tote Bag,Bags,6900,1,6900
O00351,2024-05-28,C112,female,50+,P10,Down Jacket,Outerwear,19800,1,19800
O00352,2024-05-29,C008,male,30s,P19,Scarf,Accessories,2900,1,2900
O00353,2024-05-29,C040,female,40s,P01,T-shirt,Tops,2900,1,2900
O00354,2024-05-29,C105,female,30s,P14,Sneakers,Shoes,8900,2,17800
O00355,2024-05-30,C001,male,10s,P14,Sneakers,Shoes,8900,1,8900
O00355,2024-05-30,C001,male,10s,P18,Shoulder Bag,Bags,9800,1,9800
O00356,2024-05-31,C018,female,40s,P06,Wide Pants,Bottoms,6900,1,6900
O00356,2024-05-31,C018,female,40s,P12,Shirt Dress,Dresses,8900,1,8900
O00357,2024-05-31,C037,female,40s,P05,Skinny Denim,Bottoms,7900,2,15800
O00358,2024-05-31,C061,female,20s,P05,Skinny Denim,Bottoms,7900,1,7900
O00359,2024-06-01,C069,female,40s,P03,Blouse,Tops,4900,1,4900
O00360,2024-06-02,C032,male,50+,P01,T-shirt,Tops,2900,1,2900
O00361,2024-06-02,C116,female,40s,P01,T-shirt,Tops,2900,2,5800
O00361,2024-06-02,C116,female,40s,P03,Blouse,Tops,4900,1,4900
O00362,2024-06-03,C138,female,50+,P01,T-shirt,Tops,2900,1,2900
O00362,2024-06-03,C138,female,50+,P14,Sneakers,Shoes,8900,1,8900
O00363,2024-06-04,C048,male,20s,P05,Skinny Denim,Bottoms,7900,1,7900
O00364,2024-06-05,C004,female,30s,P14,Sneakers,Shoes,8900,2,17800
O00364,2024-06-05,C004,female,30s,P20,Cap,Accessories,2400,2,4800
O00364,2024-06-05,C004,female,30s,P21,Socks Set,Accessories,1500,1,1500
O00365,2024-06-05,C044,female,20s,P11,Denim Jacket,Outerwear,9800,1,9800
O00366,2024-06-05,C074,male,20s,P01,T-shirt,Tops,2900,1,2900
O00366,2024-06-05,C074,male,20s,P17,Tote Bag,Bags,6900,2,13800
O00367,2024-06-06,C027,female,40s,P21,Socks Set,Accessories,1500,1,1500
O00368,2024-06-07,C053,female,30s,P05,Skinny Denim,Bottoms,7900,1,7900
O00368,2024-06-07,C053,female,30s,P19,Scarf,Accessories,2900,2,5800
O00369,2024-06-07,C098,female,20s,P11,Denim Jacket,Outerwear,9800,1,9800
O00369,2024-06-07,C098,female,20s,P13,Knit Dress,Dresses,9900,1,9900
O00369,2024-06-07,C098,female,20s,P14,Sneakers,Shoes,8900,1,8900
O00370,2024-06-08,C035,female,40s,P01,T-shirt,Tops,2900,1,2900
O00370,2024-06-08,C035,female,40s,P05,Skinny Denim,Bottoms,7900,1,7900
O00370,2024-06-08,C035,female,40s,P12,Shirt Dress,Dresses,8900,1,8900
O00371,2024-06-09,C051,male,40s,P04,Hoodie,Tops,5900,1,5900
O00371,2024-06-09,C051,male,40s,P07,Pleated Skirt,Bottoms,5900,1,5900
O00372,2024-06-09,C096,female,10s,P06,Wide Pants,Bottoms,6900,1,6900
O00372,2024-06-09,C096,female,10s,P08,Chino Pants,Bottoms,5900,1,5900
O00372,2024-06-09,C096,female,10s,P09,Trench Coat,Outerwear,24800,1,24800
O00373,2024-06-09,C116,female,40s,P17,Tote Bag,Bags,6900,1,6900
O00374,2024-06-10,C011,female,40s,P01,T-shirt,Tops,2900,1,2900
O00374,2024-06-10,C011,female,40s,P06,Wide Pants,Bottoms,6900,1,6900
O00375,2024-06-10,C019,female,40s,P13,Knit Dress,Dresses,9900,2,19800
O00375,2024-06-10,C019,female,40s,P18,Shoulder Bag,Bags,9800,1,9800
O00376,2024-06-10,C021,female,30s,P01,T-shirt,Tops,2900,1,2900
O00376,2024-06-10,C021,female,30s,P21,Socks Set,Accessories,1500,1,1500
O00377,2024-06-10,C035,female,40s,P08,Chino Pants,Bottoms,5900,1,5900
O00377,2024-06-10,C035,female,40s,P18,Shoulder Bag,Bags,9800,1,9800
O00378,2024-06-11,C009,female,50+,P12,Shirt Dress,Dresses,8900,1,8900
O00378,2024-06-11,C009,female,50+,P13,Knit Dress,Dresses,9900,1,9900
O00378,2024-06-11,C009,female,50+,P20,Cap,Accessories,2400,1,2400
O00379,2024-06-11,C024,female,30s,P19,Scarf,Accessories,2900,1,2900
O00380,2024-06-11,C103,female,20s,P03,Blouse,Tops,4900,1,4900
O00380,2024-06-11,C103,female,20s,P08,Chino Pants,Bottoms,5900,1,5900
O00381,2024-06-11,C113,female,20s,P01,T-shirt,Tops,2900,2,5800
O00381,2024-06-11,C113,female,20s,P07,Pleated Skirt,Bottoms,5900,1,5900
O00381,2024-06-11,C113,female,20s,P12,Shirt Dress,Dresses,8900,1,8900
O00382,2024-06-13,C123,female,10s,P19,Scarf,Accessories,2900,1,2900
O00383,2024-06-13,C147,male,40s,P13,Knit Dress,Dresses,9900,1,9900
O00384,2024-06-14,C013,female,20s,P14,Sneakers,Shoes,8900,1,8900
O00385,2024-06-15,C023,female,20s,P11,Denim Jacket,Outerwear,9800,1,9800
O00385,2024-06-15,C023,female,20s,P13,Knit Dress,Dresses,9900,1,9900
O00386,2024-06-15,C051,male,40s,P05,Skinny Denim,Bottoms,7900,1,7900
O00387,2024-06-16,C002,male,50+,P01,T-shirt,Tops,2900,1,2900
O00387,2024-06-16,C002,male,50+,P17,Tote Bag,Bags,6900,1,6900
O00388,2024-06-16,C049,female,30s,P20,Cap,Accessories,2400,1,2400
O00389,2024-06-16,C059,male,30s,P04,Hoodie,Tops,5900,1,5900
O00390,2024-06-16,C135,female,30s,P08,Chino Pants,Bottoms,5900,1,5900
O00391,2024-06-17,C008,male,30s,P06,Wide Pants,Bottoms,6900,1,6900
O00391,2024-06-17,C008,male,30s,P20,Cap,Accessories,2400,1,2400
O00392,2024-06-17,C044,female,20s,P01,T-shirt,Tops,2900,1,2900
O00392,2024-06-17,C044,female,20s,P20,Cap,Accessories,2400,1,2400
O00393,2024-06-17,C056,female,20s,P11,Denim Jacket,Outerwear,9800,1,9800
O00394,2024-06-18,C010,female,10s,P05,Skinny Denim,Bottoms,7900,1,7900
O00394,2024-06-18,C010,female,10s,P19,Scarf,Accessories,2900,1,2900
O00395,2024-06-18,C060,female,30s,P20,Cap,Accessories,2400,2,4800
O00396,2024-06-18,C119,female,20s,P01,T-shirt,Tops,2900,1,2900
O00397,2024-06-19,C146,female,30s,P01,T-shirt,Tops,2900,1,2900
O00397,2024-06-19,C146,female,30s,P11,Denim Jacket,Outerwear,9800,1,9800
O00398,2024-06-21,C057,female,40s,P03,Blouse,Tops,4900,1,4900
O00398,2024-06-21,C057,female,40s,P13,Knit Dress,Dresses,9900,2,19800
O00398,2024-06-21,C057,female,40s,P21,Socks Set,Accessories,1500,2,3000
O00399,2024-06-22,C045,female,20s,P04,Hoodie,Tops,5900,1,5900
O00399,2024-06-22,C045,female,20s,P07,Pleated Skirt,Bottoms,5900,1,5900
O00400,2024-06-22,C052,female,30s,P11,Denim Jacket,Outerwear,9800,1,9800
O00400,2024-06-22,C052,female,30s,P14,Sneakers,Shoes,8900,1,8900
O00400,2024-06-22,C052,female,30s,P17,Tote Bag,Bags,6900,1,6900
O00401,2024-06-23,C058,male,30s,P01,T-shirt,Tops,2900,1,2900
O00402,2024-06-23,C111,male,20s,P04,Hoodie,Tops,5900,1,5900
O00403,2024-06-24,C007,male,50+,P19,Scarf,Accessories,2900,1,2900
O00404,2024-06-24,C038,female,20s,P04,Hoodie,Tops,5900,1,5900
O00405,2024-06-26,C008,male,30s,P08,Chino Pants,Bottoms,5900,1,5900
O00405,2024-06-26,C008,male,30s,P11,Denim Jacket,Outerwear,9800,1,9800
O00406,2024-06-26,C019,female,40s,P01,T-shirt,Tops,2900,1,2900
O00406,2024-06-26,C019,female,40s,P13,Knit Dress,Dresses,9900,1,9900
O00406,2024-06-26,C019,female,40s,P19,Scarf,Accessories,2900,1,2900
O00407,2024-06-27,C032,male,50+,P06,Wide Pants,Bottoms,6900,1,6900
O00408,2024-06-28,C043,female,20s,P19,Scarf,Accessories,2900,1,2900
O00409,2024-06-28,C065,male,20s,P05,Skinny Denim,Bottoms,7900,1,7900
O00409,2024-06-28,C065,male,20s,P11,Denim Jacket,Outerwear,9800,1,9800
O00410,2024-06-29,C016,female,40s,P01,T-shirt,Tops,2900,1,2900
O00411,2024-06-29,C019,female,40s,P19,Scarf,Accessories,2900,1,2900
O00412,2024-06-29,C096,female,10s,P06,Wide Pants,Bottoms,6900,1,6900
O00412,2024-06-29,C096,female,10s,P15,Loafers,Shoes,11800,1,11800
O00412,2024-06-29,C096,female,10s,P21,Socks Set,Accessories,1500,1,1500
O00413,2024-07-01,C025,female,20s,P01,T-shirt,Tops,2900,1,2900
O00414,2024-07-01,C027,female,40s,P01,T-shirt,Tops,2900,1,2900
O00414,2024-07-01,C027,female,40s,P05,Skinny Denim,Bottoms,7900,1,7900
O00415,2024-07-01,C028,female,20s,P17,Tote Bag,Bags,6900,1,6900
O00416,2024-07-01,C055,female,30s,P01,T-shirt,Tops,2900,1,2900
O00416,2024-07-01,C055,female,30s,P12,Shirt Dress,Dresses,8900,1,8900
O00417,2024-07-01,C062,female,20s,P06,Wide Pants,Bottoms,6900,1,6900
O00418,2024-07-02,C001,male,10s,P06,Wide Pants,Bottoms,6900,1,6900
O00418,2024-07-02,C001,male,10s,P14,Sneakers,Shoes,8900,1,8900
O00419,2024-07-02,C021,female,30s,P14,Sneakers,Shoes,8900,1,8900
O00420,2024-07-02,C022,male,20s,P14,Sneakers,Shoes,8900,1,8900
O00421,2024-07-03,C103,female,20s,P01,T-shirt,Tops,2900,1,2900
O00422,2024-07-04,C032,male,50+,P11,Denim Jacket,Outerwear,9800,1,9800
O00422,2024-07-04,C032,male,50+,P14,Sneakers,Shoes,8900,1,8900
O00422,2024-07-04,C032,male,50+,P20,Cap,Accessories,2400,1,2400
O00423,2024-07-04,C062,female,20s,P01,T-shirt,Tops,2900,1,2900
O00424,2024-07-05,C045,female,20s,P04,Hoodie,Tops,5900,2,11800
O00424,2024-07-05,C045,female,20s,P11,Denim Jacket,Outerwear,9800,1,9800
O00425,2024-07-05,C121,female,50+,P08,Chino Pants,Bottoms,5900,1,5900
O00426,2024-07-06,C041,female,20s,P06,Wide Pants,Bottoms,6900,1,6900
O00426,2024-07-06,C041,female,20s,P18,Shoulder Bag,Bags,9800,2,19600
O00427,2024-07-07,C015,female,30s,P13,Knit Dress,Dresses,9900,1,9900
O00427,2024-07-07,C015,female,30s,P21,Socks Set,Accessories,1500,1,1500
O00428,2024-07-07,C042,female,20s,P21,Socks Set,Accessories,1500,1,1500
O00429,2024-07-08,C004,female,30s,P08,Chino Pants,Bottoms,5900,1,5900
O00429,2024-07-08,C004,female,30s,P17,Tote Bag,Bags,6900,1,6900
O00430,2024-07-08,C075,female,20s,P12,Shirt Dress,Dresses,8900,1,8900
O00430,2024-07-08,C075,female,20s,P20,Cap,Accessories,2400,1,2400
O00431,2024-07-08,C100,female,40s,P01,T-shirt,Tops,2900,1,2900
O00431,2024-07-08,C100,female,40s,P06,Wide Pants,Bottoms,6900,1,6900
O00432,2024-07-08,C110,male,40s,P01,T-shirt,Tops,2900,1,2900
O00432,2024-07-08,C110,male,40s,P20,Cap,Accessories,2400,1,2400
O00433,2024-07-09,C018,female,40s,P01,T-shirt,Tops,2900,1,2900
O00433,2024-07-09,C018,female,40s,P06,Wide Pants,Bottoms,6900,1,6900
O00433,2024-07-09,C018,female,40s,P14,Sneakers,Shoes,8900,2,17800
O00434,2024-07-09,C028,female,20s,P01,T-shirt,Tops,2900,2,5800
O00435,2024-07-10,C076,male,40s,P21,Socks Set,Accessories,1500,1,1500
O00436,2024-07-10,C101,female,20s,P05,Skinny Denim,Bottoms,7900,1,7900
O00436,2024-07-10,C101,female,20s,P06,Wide Pants,Bottoms,6900,1,6900
O00437,2024-07-11,C018,female,40s,P07,Pleated Skirt,Bottoms,5900,1,5900
O00437,2024-07-11,C018,female,40s,P15,Loafers,Shoes,11800,1,11800
O00438,2024-07-11,C025,female,20s,P07,Pleated Skirt,Bottoms,5900,1,5900
O00439,2024-07-11,C027,female,40s,P06,Wide Pants,Bottoms,6900,1,6900
O00440,2024-07-11,C064,female,40s,P18,Shoulder Bag,Bags,9800,1,9800
O00441,2024-07-12,C027,female,40s,P01,T-shirt,Tops,2900,1,2900
O00441,2024-07-12,C027,female,40s,P05,Skinny Denim,Bottoms,7900,1,7900
O00442,2024-07-12,C103,female,20s,P11,Denim Jacket,Outerwear,9800,1,9800
O00442,2024-07-12,C103,female,20s,P14,Sneakers,Shoes,8900,1,8900
O00443,2024-07-13,C053,female,30s,P05,Skinny Denim,Bottoms,7900,1,7900
O00444,2024-07-13,C076,male,40s,P08,Chino Pants,Bottoms,5900,1,5900
O00445,2024-07-14,C076,male,40s,P14,Sneakers,Shoes,8900,1,8900
O00446,2024-07-14,C076,male,40s,P21,Socks Set,Accessories,1500,1,1500
O00447,2024-07-15,C032,male,50+,P01,T-shirt,Tops,2900,1,2900
O00447,2024-07-15,C032,male,50+,P03,Blouse,Tops,4900,1,4900
O00447,2024-07-15,C032,male,50+,P06,Wide Pants,Bottoms,6900,1,6900
O00448,2024-07-16,C124,male,40s,P14,Sneakers,Shoes,8900,1,8900
O00449,2024-07-17,C022,male,20s,P11,Denim Jacket,Outerwear,9800,1,9800
O00450,2024-07-18,C007,male,50+,P03,Blouse,Tops,4900,1,4900
O00450,2024-07-18,C007,male,50+,P07,Pleated Skirt,Bottoms,5900,1,5900
O00451,2024-07-18,C076,male,40s,P01,T-shirt,Tops,2900,1,2900
O00451,2024-07-18,C076,male,40s,P14,Sneakers,Shoes,8900,1,8900
O00452,2024-07-19,C055,female,30s,P01,T-shirt,Tops,2900,1,2900
O00453,2024-07-19,C057,female,40s,P03,Blouse,Tops,4900,2,9800
O00454,2024-07-19,C098,female,20s,P15,Loafers,Shoes,11800,2,23600
O00454,2024-07-19,C098,female,20s,P17,Tote Bag,Bags,6900,1,6900
O00455,2024-07-20,C011,female,40s,P01,T-shirt,Tops,2900,1,2900
O00456,2024-07-20,C047,female,20s,P21,Socks Set,Accessories,1500,1,1500
O00457,2024-07-20,C131,female,40s,P08,Chino Pants,Bottoms,5900,1,5900
O00458,2024-07-21,C099,female,30s,P01,T-shirt,Tops,2900,1,2900
O00458,2024-07-21,C099,female,30s,P04,Hoodie,Tops,5900,1,5900
O00459,2024-07-22,C070,female,20s,P20,Cap,Accessories,2400,1,2400
O00460,2024-07-22,C102,male,30s,P15,Loafers,Shoes,11800,1,11800
O00461,2024-07-23,C003,female,40s,P03,Blouse,Tops,4900,1,4900
O00462,2024-07-23,C010,female,10s,P06,Wide Pants,Bottoms,6900,1,6900
O00462,2024-07-23,C010,female,10s,P18,Shoulder Bag,Bags,9800,1,9800
O00463,2024-07-23,C014,female,10s,P04,Hoodie,Tops,5900,1,5900
O00464,2024-07-23,C102,male,30s,P06,Wide Pants,Bottoms,6900,1,6900
O00464,2024-07-23,C102,male,30s,P16,Ankle Boots,Shoes,13800,1,13800
O00465,2024-07-24,C024,female,30s,P01,T-shirt,Tops,2900,1,2900
O00465,2024-07-24,C024,female,30s,P08,Chino Pants,Bottoms,5900,1,5900
O00465,2024-07-24,C024,female,30s,P14,Sneakers,Shoes,8900,1,8900
O00466,2024-07-24,C049,female,30s,P01,T-shirt,Tops,2900,1,2900
O00467,2024-07-24,C057,female,40s,P05,Skinny Denim,Bottoms,7900,1,7900
O00468,2024-07-24,C068,female,20s,P17,Tote Bag,Bags,6900,1,6900
O00469,2024-07-27,C014,female,10s,P05,Skinny Denim,Bottoms,7900,1,7900
O00469,2024-07-27,C014,female,10s,P06,Wide Pants,Bottoms,6900,1,6900
O00470,2024-07-27,C074,male,20s,P14,Sneakers,Shoes,8900,1,8900
O00471,2024-07-28,C074,male,20s,P11,Denim Jacket,Outerwear,9800,1,9800
O00472,2024-07-29,C031,female,20s,P01,T-shirt,Tops,2900,1,2900
O00472,2024-07-29,C031,female,20s,P17,Tote Bag,Bags,6900,1,6900
O00472,2024-07-29,C031,female,20s,P20,Cap,Accessories,2400,1,2400
O00473,2024-07-29,C074,male,20s,P04,Hoodie,Tops,5900,1,5900
O00474,2024-07-29,C103,female,20s,P01,T-shirt,Tops,2900,1,2900
O00474,2024-07-29,C103,female,20s,P14,Sneakers,Shoes,8900,1,8900
O00475,2024-07-29,C109,female,20s,P05,Skinny Denim,Bottoms,7900,1,7900
O00476,2024-07-30,C041,female,20s,P01,T-shirt,Tops,2900,1,2900
O00477,2024-07-30,C127,male,30s,P01,T-shirt,Tops,2900,1,2900
O00477,2024-07-30,C127,male,30s,P05,Skinny Denim,Bottoms,7900,1,7900
O00478,2024-07-31,C150,female,30s,P06,Wide Pants,Bottoms,6900,2,13800
O00479,2024-08-01,C002,male,50+,P09,Trench Coat,Outerwear,24800,1,24800
O00480,2024-08-03,C039,female,20s,P03,Blouse,Tops,4900,1,4900
O00481,2024-08-04,C012,female,10s,P05,Skinny Denim,Bottoms,7900,1,7900
O00481,2024-08-04,C012,female,10s,P08,Chino Pants,Bottoms,5900,1,5900
O00481,2024-08-04,C012,female,10s,P20,Cap,Accessories,2400,1,2400
O00482,2024-08-04,C096,female,10s,P01,T-shirt,Tops,2900,1,2900
O00482,2024-08-04,C096,female,10s,P05,Skinny Denim,Bottoms,7900,1,7900
O00482,2024-08-04,C096,female,10s,P06,Wide Pants,Bottoms,6900,1,6900
O00483,2024-08-05,C051,male,40s,P20,Cap,Accessories,2400,1,2400
O00484,2024-08-06,C074,male,20s,P07,Pleated Skirt,Bottoms,5900,1,5900
O00485,2024-08-06,C103,female,20s,P20,Cap,Accessories,2400,1,2400
O00486,2024-08-06,C113,female,20s,P01,T-shirt,Tops,2900,1,2900
O00487,2024-08-09,C014,female,10s,P01,T-shirt,Tops,2900,1,2900
O00487,2024-08-09,C014,female,10s,P03,Blouse,Tops,4900,1,4900
O00487,2024-08-09,C014,female,10s,P19,Scarf,Accessories,2900,1,2900
O00488,2024-08-11,C016,female,40s,P03,Blouse,Tops,4900,1,4900
O00488,2024-08-11,C016,female,40s,P05,Skinny Denim,Bottoms,7900,1,7900
O00488,2024-08-11,C016,female,40s,P08,Chino Pants,Bottoms,5900,2,11800
O00489,2024-08-13,C033,male,40s,P06,Wide Pants,Bottoms,6900,1,6900
O00489,2024-08-13,C033,male,40s,P12,Shirt Dress,Dresses,8900,1,8900
O00490,2024-08-15,C021,female,30s,P04,Hoodie,Tops,5900,1,5900
O00490,2024-08-15,C021,female,30s,P18,Shoulder Bag,Bags,9800,1,9800
O00491,2024-08-16,C074,male,20s,P17,Tote Bag,Bags,6900,2,13800
O00492,2024-08-17,C042,female,20s,P01,T-shirt,Tops,2900,1,2900
O00492,2024-08-17,C042,female,20s,P18,Shoulder Bag,Bags,9800,1,9800
O00493,2024-08-17,C068,female,20s,P01,T-shirt,Tops,2900,1,2900
O00494,2024-08-18,C021,female,30s,P01,T-shirt,Tops,2900,2,5800
O00494,2024-08-18,C021,female,30s,P18,Shoulder Bag,Bags,9800,1,9800
O00495,2024-08-18,C032,male,50+,P01,T-shirt,Tops,2900,1,2900
O00495,2024-08-18,C032,male,50+,P11,Denim Jacket,Outerwear,9800,1,9800
O00496,2024-08-18,C043,female,20s,P12,Shirt Dress,Dresses,8900,1,8900
O00497,2024-08-18,C072,female,40s,P13,Knit Dress,Dresses,9900,1,9900
O00497,2024-08-18,C072,female,40s,P21,Socks Set,Accessories,1500,1,1500
O00498,2024-08-19,C021,female,30s,P05,Skinny Denim,Bottoms,7900,1,7900
O00499,2024-08-20,C033,male,40s,P19,Scarf,Accessories,2900,1,2900
O00499,2024-08-20,C033,male,40s,P20,Cap,Accessories,2400,1,2400
O00500,2024-08-21,C033,male,40s,P18,Shoulder Bag,Bags,9800,1,9800
O00501,2024-08-22,C036,female,30s,P05,Skinny Denim,Bottoms,7900,1,7900
O00502,2024-08-24,C018,female,40s,P18,Shoulder Bag,Bags,9800,1,9800
O00503,2024-08-24,C064,female,40s,P01,T-shirt,Tops,2900,1,2900
O00503,2024-08-24,C064,female,40s,P18,Shoulder Bag,Bags,9800,1,9800
O00504,2024-08-25,C036,female,30s,P01,T-shirt,Tops,2900,1,2900
O00504,2024-08-25,C036,female,30s,P17,Tote Bag,Bags,6900,1,6900
O00505,2024-08-30,C024,female,30s,P17,Tote Bag,Bags,6900,1,6900
O00505,2024-08-30,C024,female,30s,P20,Cap,Accessories,2400,1,2400
O00506,2024-08-30,C127,male,30s,P01,T-shirt,Tops,2900,1,2900
O00506,2024-08-30,C127,male,30s,P05,Skinny Denim,Bottoms,7900,1,7900
O00506,2024-08-30,C127,male,30s,P15,Loafers,Shoes,11800,1,11800
O00507,2024-08-30,C137,female,30s,P06,Wide Pants,Bottoms,6900,1,6900
O00508,2024-09-01,C010,female,10s,P03,Blouse,Tops,4900,1,4900
O00508,2024-09-01,C010,female,10s,P04,Hoodie,Tops,5900,1,5900
O00508,2024-09-01,C010,female,10s,P15,Loafers,Shoes,11800,1,11800
O00509,2024-09-01,C100,female,40s,P06,Wide Pants,Bottoms,6900,1,6900
O00510,2024-09-02,C012,female,10s,P20,Cap,Accessories,2400,2,4800
O00511,2024-09-02,C026,male,30s,P01,T-shirt,Tops,2900,1,2900
O00512,2024-09-02,C073,male,20s,P01,T-shirt,Tops,2900,1,2900
O00512,2024-09-02,C073,male,20s,P03,Blouse,Tops,4900,1,4900
O00513,2024-09-03,C013,female,20s,P07,Pleated Skirt,Bottoms,5900,1,5900
O00513,2024-09-03,C013,female,20s,P21,Socks Set,Accessories,1500,1,1500
O00514,2024-09-03,C021,female,30s,P04,Hoodie,Tops,5900,1,5900
O00514,2024-09-03,C021,female,30s,P14,Sneakers,Shoes,8900,1,8900
O00515,2024-09-03,C028,female,20s,P07,Pleated Skirt,Bottoms,5900,1,5900
O00516,2024-09-03,C032,male,50+,P10,Down Jacket,Outerwear,19800,1,19800
O00516,2024-09-03,C032,male,50+,P15,Loafers,Shoes,11800,1,11800
O00517,2024-09-03,C054,male,10s,P05,Skinny Denim,Bottoms,7900,2,15800
O00517,2024-09-03,C054,male,10s,P10,Down Jacket,Outerwear,19800,2,39600
O00518,2024-09-04,C063,female,50+,P14,Sneakers,Shoes,8900,1,8900
O00518,2024-09-04,C063,female,50+,P17,Tote Bag,Bags,6900,2,13800
O00519,2024-09-06,C070,female,20s,P04,Hoodie,Tops,5900,1,5900
O00519,2024-09-06,C070,female,20s,P14,Sneakers,Shoes,8900,1,8900
O00520,2024-09-07,C098,female,20s,P03,Blouse,Tops,4900,1,4900
O00521,2024-09-08,C009,female,50+,P09,Trench Coat,Outerwear,24800,1,24800
O00522,2024-09-09,C026,male,30s,P05,Skinny Denim,Bottoms,7900,1,7900
O00522,2024-09-09,C026,male,30s,P08,Chino Pants,Bottoms,5900,2,11800
O00523,2024-09-10,C100,female,40s,P08,Chino Pants,Bottoms,5900,1,5900
O00523,2024-09-10,C100,female,40s,P19,Scarf,Accessories,2900,1,2900
O00524,2024-09-11,C099,female,30s,P11,Denim Jacket,Outerwear,9800,1,9800
O00525,2024-09-13,C018,female,40s,P07,Pleated Skirt,Bottoms,5900,1,5900
O00525,2024-09-13,C018,female,40s,P16,Ankle Boots,Shoes,13800,1,13800
O00526,2024-09-14,C001,male,10s,P06,Wide Pants,Bottoms,6900,1,6900
O00526,2024-09-14,C001,male,10s,P21,Socks Set,Accessories,1500,1,1500
O00527,2024-09-15,C005,female,20s,P01,T-shirt,Tops,2900,1,2900
O00527,2024-09-15,C005,female,20s,P19,Scarf,Accessories,2900,1,2900
O00528,2024-09-15,C030,female,10s,P19,Scarf,Accessories,2900,1,2900
O00529,2024-09-15,C036,female,30s,P08,Chino Pants,Bottoms,5900,1,5900
O00529,2024-09-15,C036,female,30s,P10,Down Jacket,Outerwear,19800,1,19800
O00529,2024-09-15,C036,female,30s,P14,Sneakers,Shoes,8900,1,8900
O00530,2024-09-15,C098,female,20s,P07,Pleated Skirt,Bottoms,5900,1,5900
O00530,2024-09-15,C098,female,20s,P19,Scarf,Accessories,2900,1,2900
O00530,2024-09-15,C098,female,20s,P20,Cap,Accessories,2400,1,2400
O00531,2024-09-15,C103,female,20s,P08,Chino Pants,Bottoms,5900,1,5900
O00531,2024-09-15,C103,female,20s,P09,Trench Coat,Outerwear,24800,1,24800
O00531,2024-09-15,C103,female,20s,P20,Cap,Accessories,2400,1,2400
O00532,2024-09-16,C127,male,30s,P05,Skinny Denim,Bottoms,7900,1,7900
O00532,2024-09-16,C127,male,30s,P14,Sneakers,Shoes,8900,1,8900
O00533,2024-09-17,C004,female,30s,P03,Blouse,Tops,4900,1,4900
O00533,2024-09-17,C004,female,30s,P14,Sneakers,Shoes,8900,1,8900
O00534,2024-09-17,C023,female,20s,P08,Chino Pants,Bottoms,5900,1,5900
O00535,2024-09-17,C037,female,40s,P14,Sneakers,Shoes,8900,1,8900
O00536,2024-09-17,C046,female,30s,P03,Blouse,Tops,4900,1,4900
O00536,2024-09-17,C046,female,30s,P06,Wide Pants,Bottoms,6900,1,6900
O00536,2024-09-17,C046,female,30s,P15,Loafers,Shoes,11800,1,11800
O00537,2024-09-18,C098,female,20s,P15,Loafers,Shoes,11800,2,23600
O00537,2024-09-18,C098,female,20s,P18,Shoulder Bag,Bags,9800,1,9800
O00537,2024-09-18,C098,female,20s,P20,Cap,Accessories,2400,1,2400
O00538,2024-09-19,C100,female,40s,P07,Pleated Skirt,Bottoms,5900,1,5900
O00538,2024-09-19,C100,female,40s,P15,Loafers,Shoes,11800,1,11800
O00538,2024-09-19,C100,female,40s,P20,Cap,Accessories,2400,1,2400
O00539,2024-09-19,C104,male,10s,P01,T-shirt,Tops,2900,1,2900
O00539,2024-09-19,C104,male,10s,P08,Chino Pants,Bottoms,5900,1,5900
O00539,2024-09-19,C104,male,10s,P20,Cap,Accessories,2400,1,2400
O00540,2024-09-20,C003,female,40s,P05,Skinny Denim,Bottoms,7900,1,7900
O00540,2024-09-20,C003,female,40s,P07,Pleated Skirt,Bottoms,5900,1,5900
O00541,2024-09-20,C028,female,20s,P12,Shirt Dress,Dresses,8900,1,8900
O00541,2024-09-20,C028,female,20s,P15,Loafers,Shoes,11800,1,11800
O00541,2024-09-20,C028,female,20s,P20,Cap,Accessories,2400,1,2400
O00542,2024-09-20,C048,male,20s,P04,Hoodie,Tops,5900,1,5900
O00542,2024-09-20,C048,male,20s,P07,Pleated Skirt,Bottoms,5900,1,5900
O00542,2024-09-20,C048,male,20s,P17,Tote Bag,Bags,6900,1,6900
O00543,2024-09-21,C014,female,10s,P04,Hoodie,Tops,5900,1,5900
O00543,2024-09-21,C014,female,10s,P14,Sneakers,Shoes,8900,1,8900
O00544,2024-09-21,C043,female,20s,P16,Ankle Boots,Shoes,13800,1,13800
O00544,2024-09-21,C043,female,20s,P20,Cap,Accessories,2400,2,4800
O00545,2024-09-21,C101,female,20s,P12,Shirt Dress,Dresses,8900,1,8900
O00546,2024-09-21,C102,male,30s,P05,Skinny Denim,Bottoms,7900,1,7900
O00546,2024-09-21,C102,male,30s,P11,Denim Jacket,Outerwear,9800,1,9800
O00546,2024-09-21,C102,male,30s,P17,Tote Bag,Bags,6900,2,13800
O00547,2024-09-22,C131,female,40s,P08,Chino Pants,Bottoms,5900,1,5900
O00547,2024-09-22,C131,female,40s,P14,Sneakers,Shoes,8900,1,8900
O00548,2024-09-23,C025,female,20s,P05,Skinny Denim,Bottoms,7900,1,7900
O00548,2024-09-23,C025,female,20s,P20,Cap,Accessories,2400,1,2400
O00548,2024-09-23,C025,female,20s,P21,Socks Set,Accessories,1500,1,1500
O00549,2024-09-23,C053,female,30s,P05,Skinny Denim,Bottoms,7900,1,7900
O00549,2024-09-23,C053,female,30s,P17,Tote Bag,Bags,6900,1,6900
O00550,2024-09-24,C003,female,40s,P06,Wide Pants,Bottoms,6900,1,6900
O00550,2024-09-24,C003,female,40s,P15,Loafers,Shoes,11800,1,11800
O00550,2024-09-24,C003,female,40s,P20,Cap,Accessories,2400,1,2400
O00551,2024-09-24,C016,female,40s,P06,Wide Pants,Bottoms,6900,2,13800
O00551,2024-09-24,C016,female,40s,P07,Pleated Skirt,Bottoms,5900,1,5900
O00552,2024-09-25,C119,female,20s,P01,T-shirt,Tops,2900,1,2900
O00552,2024-09-25,C119,female,20s,P07,Pleated Skirt,Bottoms,5900,1,5900
O00553,2024-09-26,C015,female,30s,P09,Trench Coat,Outerwear,24800,1,24800
O00553,2024-09-26,C015,female,30s,P17,Tote Bag,Bags,6900,1,6900
O00554,2024-09-26,C022,male,20s,P09,Trench Coat,Outerwear,24800,1,24800
O00555,2024-09-26,C032,male,50+,P12,Shirt Dress,Dresses,8900,1,8900
O00555,2024-09-26,C032,male,50+,P17,Tote Bag,Bags,6900,1,6900
O00556,2024-09-28,C014,female,10s,P04,Hoodie,Tops,5900,1,5900
O00557,2024-09-29,C001,male,10s,P04,Hoodie,Tops,5900,1,5900
O00557,2024-09-29,C001,male,10s,P05,Skinny Denim,Bottoms,7900,1,7900
O00557,2024-09-29,C001,male,10s,P08,Chino Pants,Bottoms,5900,1,5900
O00558,2024-09-29,C001,male,10s,P09,Trench Coat,Outerwear,24800,1,24800
O00559,2024-09-29,C019,female,40s,P04,Hoodie,Tops,5900,1,5900
O00559,2024-09-29,C019,female,40s,P05,Skinny Denim,Bottoms,7900,1,7900
O00559,2024-09-29,C019,female,40s,P06,Wide Pants,Bottoms,6900,1,6900
O00560,2024-09-29,C043,female,20s,P17,Tote Bag,Bags,6900,2,13800
O00561,2024-09-29,C070,female,20s,P05,Skinny Denim,Bottoms,7900,1,7900
O00561,2024-09-29,C070,female,20s,P13,Knit Dress,Dresses,9900,1,9900
O00562,2024-09-29,C103,female,20s,P03,Blouse,Tops,4900,1,4900
O00563,2024-09-30,C017,female,40s,P07,Pleated Skirt,Bottoms,5900,1,5900
O00563,2024-09-30,C017,female,40s,P19,Scarf,Accessories,2900,1,2900
O00564,2024-10-01,C009,female,50+,P04,Hoodie,Tops,5900,1,5900
O00564,2024-10-01,C009,female,50+,P19,Scarf,Accessories,2900,1,2900
O00565,2024-10-01,C015,female,30s,P07,Pleated Skirt,Bottoms,5900,1,5900
O00565,2024-10-01,C015,female,30s,P10,Down Jacket,Outerwear,19800,1,19800
O00565,2024-10-01,C015,female,30s,P21,Socks Set,Accessories,1500,1,1500
O00566,2024-10-02,C013,female,20s,P02,Knit Sweater,Tops,6900,1,6900
O00566,2024-10-02,C013,female,20s,P13,Knit Dress,Dresses,9900,1,9900
O00566,2024-10-02,C013,female,20s,P20,Cap,Accessories,2400,1,2400
O00567,2024-10-02,C051,male,40s,P10,Down Jacket,Outerwear,19800,1,19800
O00568,2024-10-03,C008,male,30s,P05,Skinny Denim,Bottoms,7900,1,7900
O00568,2024-10-03,C008,male,30s,P10,Down Jacket,Outerwear,19800,1,19800
O00569,2024-10-03,C017,female,40s,P10,Down Jacket,Outerwear,19800,1,19800
O00570,2024-10-03,C019,female,40s,P08,Chino Pants,Bottoms,5900,1,5900
O00570,2024-10-03,C019,female,40s,P09,Trench Coat,Outerwear,24800,1,24800
O00570,2024-10-03,C019,female,40s,P16,Ankle Boots,Shoes,13800,1,13800
O00571,2024-10-03,C038,female,20s,P14,Sneakers,Shoes,8900,2,17800
O00571,2024-10-03,C038,female,20s,P21,Socks Set,Accessories,1500,2,3000
O00572,2024-10-04,C019,female,40s,P05,Skinny Denim,Bottoms,7900,1,7900
O00572,2024-10-04,C019,female,40s,P14,Sneakers,Shoes,8900,1,8900
O00572,2024-10-04,C019,female,40s,P15,Loafers,Shoes,11800,1,11800
O00573,2024-10-04,C030,female,10s,P04,Hoodie,Tops,5900,1,5900
O00573,2024-10-04,C030,female,10s,P14,Sneakers,Shoes,8900,1,8900
O00573,2024-10-04,C030,female,10s,P15,Loafers,Shoes,11800,1,11800
O00574,2024-10-04,C053,female,30s,P14,Sneakers,Shoes,8900,1,8900
O00575,2024-10-06,C014,female,10s,P01,T-shirt,Tops,2900,1,2900
O00575,2024-10-06,C014,female,10s,P04,Hoodie,Tops,5900,1,5900
O00575,2024-10-06,C014,female,10s,P15,Loafers,Shoes,11800,1,11800
O00576,2024-10-06,C029,female,30s,P12,Shirt Dress,Dresses,8900,2,17800
O00577,2024-10-06,C046,female,30s,P10,Down Jacket,Outerwear,19800,1,19800
O00578,2024-10-06,C055,female,30s,P08,Chino Pants,Bottoms,5900,1,5900
O00578,2024-10-06,C055,female,30s,P16,Ankle Boots,Shoes,13800,1,13800
O00579,2024-10-07,C029,female,30s,P05,Skinny Denim,Bottoms,7900,1,7900
O00579,2024-10-07,C029,female,30s,P08,Chino Pants,Bottoms,5900,1,5900
O00579,2024-10-07,C029,female,30s,P09,Trench Coat,Outerwear,24800,1,24800
O00580,2024-10-07,C072,female,40s,P02,Knit Sweater,Tops,6900,1,6900
O00581,2024-10-07,C099,female,30s,P09,Trench Coat,Outerwear,24800,1,24800
O00581,2024-10-07,C099,female,30s,P10,Down Jacket,Outerwear,19800,1,19800
O00582,2024-10-07,C102,male,30s,P05,Skinny Denim,Bottoms,7900,1,7900
O00582,2024-10-07,C102,male,30s,P06,Wide Pants,Bottoms,6900,2,13800
O00582,2024-10-07,C102,male,30s,P14,Sneakers,Shoes,8900,1,8900
O00583,2024-10-08,C040,female,40s,P05,Skinny Denim,Bottoms,7900,1,7900
O00584,2024-10-09,C013,female,20s,P06,Wide Pants,Bottoms,6900,1,6900
O00584,2024-10-09,C013,female,20s,P11,Denim Jacket,Outerwear,9800,1,9800
O00584,2024-10-09,C013,female,20s,P14,Sneakers,Shoes,8900,1,8900
O00585,2024-10-09,C027,female,40s,P13,Knit Dress,Dresses,9900,1,9900
O00586,2024-10-09,C032,male,50+,P05,Skinny Denim,Bottoms,7900,1,7900
O00586,2024-10-09,C032,male,50+,P10,Down Jacket,Outerwear,19800,2,39600
O00586,2024-10-09,C032,male,50+,P14,Sneakers,Shoes,8900,1,8900
O00587,2024-10-10,C015,female,30s,P07,Pleated Skirt,Bottoms,5900,1,5900
O00587,2024-10-10,C015,female,30s,P10,Down Jacket,Outerwear,19800,1,19800
O00588,2024-10-10,C046,female,30s,P15,Loafers,Shoes,11800,1,11800
O00589,2024-10-10,C054,male,10s,P04,Hoodie,Tops,5900,1,5900
O00589,2024-10-10,C054,male,10s,P09,Trench Coat,Outerwear,24800,1,24800
O00589,2024-10-10,C054,male,10s,P14,Sneakers,Shoes,8900,1,8900
O00590,2024-10-11,C019,female,40s,P04,Hoodie,Tops,5900,1,5900
O00590,2024-10-11,C019,female,40s,P08,Chino Pants,Bottoms,5900,1,5900
O00591,2024-10-11,C039,female,20s,P03,Blouse,Tops,4900,1,4900
O00591,2024-10-11,C039,female,20s,P05,Skinny Denim,Bottoms,7900,2,15800
O00591,2024-10-11,C039,female,20s,P21,Socks Set,Accessories,1500,1,1500
O00592,2024-10-11,C064,female,40s,P02,Knit Sweater,Tops,6900,1,6900
O00593,2024-10-11,C098,female,20s,P04,Hoodie,Tops,5900,1,5900
O00594,2024-10-11,C100,female,40s,P09,Trench Coat,Outerwear,24800,1,24800
O00594,2024-10-11,C100,female,40s,P10,Down Jacket,Outerwear,19800,1,19800
O00594,2024-10-11,C100,female,40s,P12,Shirt Dress,Dresses,8900,2,17800
O00595,2024-10-12,C019,female,40s,P07,Pleated Skirt,Bottoms,5900,1,5900
O00595,2024-10-12,C019,female,40s,P17,Tote Bag,Bags,6900,1,6900
O00596,2024-10-12,C022,male,20s,P11,Denim Jacket,Outerwear,9800,1,9800
O00596,2024-10-12,C022,male,20s,P19,Scarf,Accessories,2900,1,2900
O00597,2024-10-12,C065,male,20s,P06,Wide Pants,Bottoms,6900,1,6900
O00597,2024-10-12,C065,male,20s,P08,Chino Pants,Bottoms,5900,1,5900
O00598,2024-10-13,C020,female,20s,P02,Knit Sweater,Tops,6900,1,6900
O00598,2024-10-13,C020,female,20s,P19,Scarf,Accessories,2900,1,2900
O00599,2024-10-13,C028,female,20s,P15,Loafers,Shoes,11800,1,11800
O00600,2024-10-13,C055,female,30s,P04,Hoodie,Tops,5900,1,5900
O00600,2024-10-13,C055,female,30s,P06,Wide Pants,Bottoms,6900,2,13800
O00600,2024-10-13,C055,female,30s,P14,Sneakers,Shoes,8900,1,8900
O00601,2024-10-14,C013,female,20s,P02,Knit Sweater,Tops,6900,1,6900
O00601,2024-10-14,C013,female,20s,P17,Tote Bag,Bags,6900,1,6900
O00602,2024-10-14,C033,male,40s,P02,Knit Sweater,Tops,6900,1,6900
O00602,2024-10-14,C033,male,40s,P20,Cap,Accessories,2400,1,2400
O00602,2024-10-14,C033,male,40s,P21,Socks Set,Accessories,1500,1,1500
O00603,2024-10-14,C052,female,30s,P05,Skinny Denim,Bottoms,7900,1,7900
O00604,2024-10-14,C101,female,20s,P04,Hoodie,Tops,5900,1,5900
O00605,2024-10-14,C102,male,30s,P04,Hoodie,Tops,5900,1,5900
O00605,2024-10-14,C102,male,30s,P21,Socks Set,Accessories,1500,1,1500
O00606,2024-10-15,C013,female,20s,P07,Pleated Skirt,Bottoms,5900,1,5900
O00606,2024-10-15,C013,female,20s,P09,Trench Coat,Outerwear,24800,1,24800
O00607,2024-10-15,C026,male,30s,P02,Knit Sweater,Tops,6900,1,6900
O00607,2024-10-15,C026,male,30s,P12,Shirt Dress,Dresses,8900,1,8900
O00607,2024-10-15,C026,male,30s,P21,Socks Set,Accessories,1500,1,1500
O00608,2024-10-15,C100,female,40s,P01,T-shirt,Tops,2900,1,2900
O00608,2024-10-15,C100,female,40s,P09,Trench Coat,Outerwear,24800,1,24800
O00608,2024-10-15,C100,female,40s,P15,Loafers,Shoes,11800,1,11800
O00609,2024-10-16,C021,female,30s,P05,Skinny Denim,Bottoms,7900,1,7900
O00609,2024-10-16,C021,female,30s,P19,Scarf,Accessories,2900,1,2900
O00610,2024-10-16,C065,male,20s,P02,Knit Sweater,Tops,6900,1,6900
O00610,2024-10-16,C065,male,20s,P13,Knit Dress,Dresses,9900,1,9900
O00610,2024-10-16,C065,male,20s,P21,Socks Set,Accessories,1500,1,1500
O00611,2024-10-17,C018,female,40s,P04,Hoodie,Tops,5900,1,5900
O00611,2024-10-17,C018,female,40s,P07,Pleated Skirt,Bottoms,5900,2,11800
O00611,2024-10-17,C018,female,40s,P08,Chino Pants,Bottoms,5900,2,11800
O00612,2024-10-17,C019,female,40s,P01,T-shirt,Tops,2900,1,2900
O00612,2024-10-17,C019,female,40s,P04,Hoodie,Tops,5900,1,5900
O00613,2024-10-17,C028,female,20s,P11,Denim Jacket,Outerwear,9800,1,9800
O00613,2024-10-17,C028,female,20s,P16,Ankle Boots,Shoes,13800,1,13800
O00613,2024-10-17,C028,female,20s,P18,Shoulder Bag,Bags,9800,1,9800
O00614,2024-10-17,C029,female,30s,P02,Knit Sweater,Tops,6900,1,6900
O00614,2024-10-17,C029,female,30s,P06,Wide Pants,Bottoms,6900,1,6900
O00614,2024-10-17,C029,female,30s,P09,Trench Coat,Outerwear,24800,1,24800
O00615,2024-10-17,C030,female,10s,P02,Knit Sweater,Tops,6900,1,6900
O00616,2024-10-18,C030,female,10s,P03,Blouse,Tops,4900,1,4900
O00616,2024-10-18,C030,female,10s,P17,Tote Bag,Bags,6900,1,6900
O00617,2024-10-18,C030,female,10s,P11,Denim Jacket,Outerwear,9800,1,9800
O00618,2024-10-19,C012,female,10s,P02,Knit Sweater,Tops,6900,1,6900
O00618,2024-10-19,C012,female,10s,P05,Skinny Denim,Bottoms,7900,1,7900
O00619,2024-10-19,C063,female,50+,P09,Trench Coat,Outerwear,24800,1,24800
O00620,2024-10-19,C099,female,30s,P03,Blouse,Tops,4900,1,4900
O00620,2024-10-19,C099,female,30s,P16,Ankle Boots,Shoes,13800,1,13800
O00621,2024-10-20,C022,male,20s,P04,Hoodie,Tops,5900,1,5900
O00621,2024-10-20,C022,male,20s,P10,Down Jacket,Outerwear,19800,1,19800
O00622,2024-10-21,C004,female,30s,P12,Shirt Dress,Dresses,8900,2,17800
O00622,2024-10-21,C004,female,30s,P15,Loafers,Shoes,11800,1,11800
O00622,2024-10-21,C004,female,30s,P17,Tote Bag,Bags,6900,1,6900
O00623,2024-10-21,C026,male,30s,P11,Denim Jacket,Outerwear,9800,1,9800
O00624,2024-10-21,C056,female,20s,P10,Down Jacket,Outerwear,19800,1,19800
O00625,2024-10-22,C006,male,40s,P03,Blouse,Tops,4900,1,4900
O00626,2024-10-22,C017,female,40s,P11,Denim Jacket,Outerwear,9800,1,9800
O00626,2024-10-22,C017,female,40s,P14,Sneakers,Shoes,8900,1,8900
O00626,2024-10-22,C017,female,40s,P18,Shoulder Bag,Bags,9800,1,9800
O00627,2024-10-22,C023,female,20s,P15,Loafers,Shoes,11800,1,11800
O00628,2024-10-22,C059,male,30s,P09,Trench Coat,Outerwear,24800,1,24800
O00629,2024-10-24,C013,female,20s,P02,Knit Sweater,Tops,6900,1,6900
O00630,2024-10-24,C121,female,50+,P05,Skinny Denim,Bottoms,7900,1,7900
O00630,2024-10-24,C121,female,50+,P14,Sneakers,Shoes,8900,1,8900
O00631,2024-10-25,C047,female,20s,P02,Knit Sweater,Tops,6900,1,6900
O00632,2024-10-26,C055,female,30s,P02,Knit Sweater,Tops,6900,1,6900
O00633,2024-10-26,C058,male,30s,P16,Ankle Boots,Shoes,13800,1,13800
O00634,2024-10-26,C102,male,30s,P10,Down Jacket,Outerwear,19800,1,19800
O00634,2024-10-26,C102,male,30s,P14,Sneakers,Shoes,8900,1,8900
O00635,2024-10-27,C023,female,20s,P04,Hoodie,Tops,5900,1,5900
O00635,2024-10-27,C023,female,20s,P08,Chino Pants,Bottoms,5900,1,5900
O00636,2024-10-28,C005,female,20s,P05,Skinny Denim,Bottoms,7900,1,7900
O00636,2024-10-28,C005,female,20s,P21,Socks Set,Accessories,1500,1,1500
O00637,2024-10-28,C026,male,30s,P04,Hoodie,Tops,5900,1,5900
O00637,2024-10-28,C026,male,30s,P07,Pleated Skirt,Bottoms,5900,1,5900
O00637,2024-10-28,C026,male,30s,P12,Shirt Dress,Dresses,8900,1,8900
O00638,2024-10-28,C034,female,50+,P02,Knit Sweater,Tops,6900,1,6900
O00638,2024-10-28,C034,female,50+,P18,Shoulder Bag,Bags,9800,1,9800
O00639,2024-10-28,C035,female,40s,P10,Down Jacket,Outerwear,19800,1,19800
O00640,2024-10-28,C054,male,10s,P16,Ankle Boots,Shoes,13800,1,13800
O00641,2024-10-29,C015,female,30s,P09,Trench Coat,Outerwear,24800,1,24800
O00641,2024-10-29,C015,female,30s,P12,Shirt Dress,Dresses,8900,1,8900
O00642,2024-10-29,C024,female,30s,P02,Knit Sweater,Tops,6900,1,6900
O00642,2024-10-29,C024,female,30s,P15,Loafers,Shoes,11800,1,11800
O00643,2024-10-29,C147,male,40s,P13,Knit Dress,Dresses,9900,2,19800
O00644,2024-10-30,C026,male,30s,P04,Hoodie,Tops,5900,1,5900
O00645,2024-10-30,C028,female,20s,P05,Skinny Denim,Bottoms,7900,1,7900
O00645,2024-10-30,C028,female,20s,P08,Chino Pants,Bottoms,5900,1,5900
O00645,2024-10-30,C028,female,20s,P12,Shirt Dress,Dresses,8900,1,8900
O00646,2024-10-31,C006,male,40s,P02,Knit Sweater,Tops,6900,1,6900
O00646,2024-10-31,C006,male,40s,P06,Wide Pants,Bottoms,6900,1,6900
O00646,2024-10-31,C006,male,40s,P21,Socks Set,Accessories,1500,1,1500
O00647,2024-10-31,C010,female,10s,P15,Loafers,Shoes,11800,1,11800
O00647,2024-10-31,C010,female,10s,P16,Ankle Boots,Shoes,13800,1,13800
O00647,2024-10-31,C010,female,10s,P21,Socks Set,Accessories,1500,2,3000
O00648,2024-10-31,C021,female,30s,P03,Blouse,Tops,4900,1,4900
O00648,2024-10-31,C021,female,30s,P06,Wide Pants,Bottoms,6900,1,6900
O00648,2024-10-31,C021,female,30s,P08,Chino Pants,Bottoms,5900,1,5900
O00649,2024-10-31,C039,female,20s,P09,Trench Coat,Outerwear,24800,1,24800
O00649,2024-10-31,C039,female,20s,P20,Cap,Accessories,2400,1,2400
O00650,2024-11-01,C017,female,40s,P06,Wide Pants,Bottoms,6900,1,6900
O00650,2024-11-01,C017,female,40s,P21,Socks Set,Accessories,1500,2,3000
O00651,2024-11-02,C069,female,40s,P04,Hoodie,Tops,5900,1,5900
O00652,2024-11-02,C069,female,40s,P06,Wide Pants,Bottoms,6900,1,6900
O00652,2024-11-02,C069,female,40s,P19,Scarf,Accessories,2900,1,2900
O00653,2024-11-03,C005,female,20s,P03,Blouse,Tops,4900,1,4900
O00654,2024-11-03,C031,female,20s,P20,Cap,Accessories,2400,1,2400
O00655,2024-11-04,C003,female,40s,P01,T-shirt,Tops,2900,1,2900
O00656,2024-11-04,C005,female,20s,P03,Blouse,Tops,4900,1,4900
O00656,2024-11-04,C005,female,20s,P13,Knit Dress,Dresses,9900,1,9900
O00657,2024-11-04,C011,female,40s,P06,Wide Pants,Bottoms,6900,1,6900
O00657,2024-11-04,C011,female,40s,P10,Down Jacket,Outerwear,19800,1,19800
O00658,2024-11-04,C015,female,30s,P02,Knit Sweater,Tops,6900,1,6900
O00658,2024-11-04,C015,female,30s,P17,Tote Bag,Bags,6900,1,6900
O00659,2024-11-04,C019,female,40s,P04,Hoodie,Tops,5900,1,5900
O00660,2024-11-04,C024,female,30s,P14,Sneakers,Shoes,8900,1,8900
O00661,2024-11-04,C029,female,30s,P03,Blouse,Tops,4900,1,4900
O00662,2024-11-04,C033,male,40s,P05,Skinny Denim,Bottoms,7900,1,7900
O00663,2024-11-04,C069,female,40s,P04,Hoodie,Tops,5900,2,11800
O00663,2024-11-04,C069,female,40s,P18,Shoulder Bag,Bags,9800,1,9800
O00664,2024-11-04,C102,male,30s,P10,Down Jacket,Outerwear,19800,1,19800
O00664,2024-11-04,C102,male,30s,P13,Knit Dress,Dresses,9900,1,9900
O00665,2024-11-04,C104,male,10s,P01,T-shirt,Tops,2900,1,2900
O00666,2024-11-05,C012,female,10s,P04,Hoodie,Tops,5900,1,5900
O00666,2024-11-05,C012,female,10s,P05,Skinny Denim,Bottoms,7900,1,7900
O00666,2024-11-05,C012,female,10s,P17,Tote Bag,Bags,6900,1,6900
O00667,2024-11-05,C012,female,10s,P09,Trench Coat,Outerwear,24800,1,24800
O00667,2024-11-05,C012,female,10s,P17,Tote Bag,Bags,6900,1,6900
O00668,2024-11-05,C021,female,30s,P02,Knit Sweater,Tops,6900,1,6900
O00668,2024-11-05,C021,female,30s,P09,Trench Coat,Outerwear,24800,1,24800
O00668,2024-11-05,C021,female,30s,P11,Denim Jacket,Outerwear,9800,1,9800
O00669,2024-11-05,C102,male,30s,P04,Hoodie,Tops,5900,1,5900
O00670,2024-11-06,C026,male,30s,P06,Wide Pants,Bottoms,6900,1,6900
O00670,2024-11-06,C026,male,30s,P16,Ankle Boots,Shoes,13800,1,13800
O00671,2024-11-06,C067,female,20s,P14,Sneakers,Shoes,8900,1,8900
O00672,2024-11-06,C103,female,20s,P04,Hoodie,Tops,5900,1,5900
O00673,2024-11-07,C009,female,50+,P16,Ankle Boots,Shoes,13800,1,13800
O00673,2024-11-07,C009,female,50+,P19,Scarf,Accessories,2900,1,2900
O00674,2024-11-07,C033,male,40s,P03,Blouse,Tops,4900,1,4900
O00674,2024-11-07,C033,male,40s,P07,Pleated Skirt,Bottoms,5900,1,5900
O00675,2024-11-08,C020,female,20s,P13,Knit Dress,Dresses,9900,1,9900
O00676,2024-11-09,C003,female,40s,P02,Knit Sweater,Tops,6900,1,6900
O00676,2024-11-09,C003,female,40s,P16,Ankle Boots,Shoes,13800,1,13800
O00677,2024-11-09,C008,male,30s,P03,Blouse,Tops,4900,1,4900
O00677,2024-11-09,C008,male,30s,P04,Hoodie,Tops,5900,1,5900
O00678,2024-11-09,C010,female,10s,P07,Pleated Skirt,Bottoms,5900,1,5900
O00678,2024-11-09,C010,female,10s,P08,Chino Pants,Bottoms,5900,1,5900
O00678,2024-11-09,C010,female,10s,P10,Down Jacket,Outerwear,19800,1,19800
O00679,2024-11-09,C027,female,40s,P08,Chino Pants,Bottoms,5900,1,5900
O00679,2024-11-09,C027,female,40s,P16,Ankle Boots,Shoes,13800,1,13800
O00680,2024-11-09,C045,female,20s,P06,Wide Pants,Bottoms,6900,1,6900
O00681,2024-11-09,C048,male,20s,P07,Pleated Skirt,Bottoms,5900,1,5900
O00681,2024-11-09,C048,male,20s,P12,Shirt Dress,Dresses,8900,1,8900
O00681,2024-11-09,C048,male,20s,P14,Sneakers,Shoes,8900,1,8900
O00682,2024-11-09,C069,female,40s,P04,Hoodie,Tops,5900,1,5900
O00682,2024-11-09,C069,female,40s,P09,Trench Coat,Outerwear,24800,1,24800
O00682,2024-11-09,C069,female,40s,P21,Socks Set,Accessories,1500,1,1500
O00683,2024-11-09,C076,male,40s,P10,Down Jacket,Outerwear,19800,1,19800
O00684,2024-11-10,C007,male,50+,P04,Hoodie,Tops,5900,1,5900
O00684,2024-11-10,C007,male,50+,P14,Sneakers,Shoes,8900,1,8900
O00685,2024-11-10,C029,female,30s,P16,Ankle Boots,Shoes,13800,1,13800
O00685,2024-11-10,C029,female,30s,P18,Shoulder Bag,Bags,9800,1,9800
O00686,2024-11-10,C029,female,30s,P02,Knit Sweater,Tops,6900,1,6900
O00686,2024-11-10,C029,female,30s,P08,Chino Pants,Bottoms,5900,1,5900
O00687,2024-11-10,C057,female,40s,P12,Shirt Dress,Dresses,8900,1,8900
O00688,2024-11-10,C102,male,30s,P06,Wide Pants,Bottoms,6900,1,6900
O00688,2024-11-10,C102,male,30s,P21,Socks Set,Accessories,1500,1,1500
O00689,2024-11-11,C018,female,40s,P04,Hoodie,Tops,5900,1,5900
O00689,2024-11-11,C018,female,40s,P05,Skinny Denim,Bottoms,7900,2,15800
O00689,2024-11-11,C018,female,40s,P07,Pleated Skirt,Bottoms,5900,1,5900
O00690,2024-11-12,C019,female,40s,P06,Wide Pants,Bottoms,6900,1,6900
O00691,2024-11-12,C025,female,20s,P06,Wide Pants,Bottoms,6900,1,6900
O00691,2024-11-12,C025,female,20s,P07,Pleated Skirt,Bottoms,5900,2,11800
O00691,2024-11-12,C025,female,20s,P16,Ankle Boots,Shoes,13800,2,27600
O00692,2024-11-12,C032,male,50+,P02,Knit Sweater,Tops,6900,1,6900
O00692,2024-11-12,C032,male,50+,P19,Scarf,Accessories,2900,1,2900
O00693,2024-11-12,C054,male,10s,P02,Knit Sweater,Tops,6900,1,6900
O00693,2024-11-12,C054,male,10s,P16,Ankle Boots,Shoes,13800,1,13800
O00694,2024-11-12,C074,male,20s,P02,Knit Sweater,Tops,6900,1,6900
O00694,2024-11-12,C074,male,20s,P04,Hoodie,Tops,5900,1,5900
O00694,2024-11-12,C074,male,20s,P10,Down Jacket,Outerwear,19800,1,19800
O00695,2024-11-12,C096,female,10s,P04,Hoodie,Tops,5900,1,5900
O00695,2024-11-12,C096,female,10s,P06,Wide Pants,Bottoms,6900,1,6900
O00696,2024-11-12,C101,female,20s,P03,Blouse,Tops,4900,1,4900
O00696,2024-11-12,C101,female,20s,P12,Shirt Dress,Dresses,8900,1,8900
O00697,2024-11-13,C007,male,50+,P04,Hoodie,Tops,5900,1,5900
O00697,2024-11-13,C007,male,50+,P05,Skinny Denim,Bottoms,7900,1,7900
O00697,2024-11-13,C007,male,50+,P06,Wide Pants,Bottoms,6900,1,6900
O00698,2024-11-13,C015,female,30s,P02,Knit Sweater,Tops,6900,2,13800
O00698,2024-11-13,C015,female,30s,P11,Denim Jacket,Outerwear,9800,1,9800
O00698,2024-11-13,C015,female,30s,P17,Tote Bag,Bags,6900,1,6900
O00699,2024-11-13,C024,female,30s,P15,Loafers,Shoes,11800,1,11800
O00700,2024-11-13,C038,female,20s,P06,Wide Pants,Bottoms,6900,1,6900
O00700,2024-11-13,C038,female,20s,P14,Sneakers,Shoes,8900,1,8900
O00701,2024-11-13,C039,female,20s,P02,Knit Sweater,Tops,6900,1,6900
O00702,2024-11-13,C043,female,20s,P02,Knit Sweater,Tops,6900,1,6900
O00703,2024-11-14,C012,female,10s,P05,Skinny Denim,Bottoms,7900,1,7900
O00704,2024-11-14,C057,female,40s,P09,Trench Coat,Outerwear,24800,1,24800
O00705,2024-11-14,C061,female,20s,P11,Denim Jacket,Outerwear,9800,2,19600
O00705,2024-11-14,C061,female,20s,P14,Sneakers,Shoes,8900,1,8900
O00706,2024-11-14,C103,female,20s,P16,Ankle Boots,Shoes,13800,1,13800
O00707,2024-11-16,C067,female,20s,P10,Down Jacket,Outerwear,19800,1,19800
O00708,2024-11-17,C043,female,20s,P08,Chino Pants,Bottoms,5900,1,5900
O00708,2024-11-17,C043,female,20s,P10,Down Jacket,Outerwear,19800,1,19800
O00709,2024-11-18,C009,female,50+,P09,Trench Coat,Outerwear,24800,1,24800
O00709,2024-11-18,C009,female,50+,P21,Socks Set,Accessories,1500,1,1500
O00710,2024-11-18,C017,female,40s,P04,Hoodie,Tops,5900,1,5900
O00710,2024-11-18,C017,female,40s,P19,Scarf,Accessories,2900,1,2900
O00710,2024-11-18,C017,female,40s,P21,Socks Set,Accessories,1500,1,1500
O00711,2024-11-18,C021,female,30s,P09,Trench Coat,Outerwear,24800,1,24800
O00711,2024-11-18,C021,female,30s,P12,Shirt Dress,Dresses,8900,1,8900
O00712,2024-11-18,C035,female,40s,P05,Skinny Denim,Bottoms,7900,1,7900
O00712,2024-11-18,C035,female,40s,P08,Chino Pants,Bottoms,5900,1,5900
O00712,2024-11-18,C035,female,40s,P20,Cap,Accessories,2400,1,2400
O00713,2024-11-18,C070,female,20s,P03,Blouse,Tops,4900,1,4900
O00713,2024-11-18,C070,female,20s,P04,Hoodie,Tops,5900,1,5900
O00714,2024-11-19,C013,female,20s,P19,Scarf,Accessories,2900,1,2900
O00715,2024-11-19,C033,male,40s,P04,Hoodie,Tops,5900,1,5900
O00715,2024-11-19,C033,male,40s,P09,Trench Coat,Outerwear,24800,1,24800
O00716,2024-11-19,C043,female,20s,P02,Knit Sweater,Tops,6900,1,6900
O00716,2024-11-19,C043,female,20s,P11,Denim Jacket,Outerwear,9800,1,9800
O00716,2024-11-19,C043,female,20s,P21,Socks Set,Accessories,1500,1,1500
O00717,2024-11-19,C062,female,20s,P01,T-shirt,Tops,2900,1,2900
O00718,2024-11-20,C007,male,50+,P14,Sneakers,Shoes,8900,1,8900
O00719,2024-11-20,C104,male,10s,P03,Blouse,Tops,4900,1,4900
O00719,2024-11-20,C104,male,10s,P04,Hoodie,Tops,5900,1,5900
O00720,2024-11-21,C010,female,10s,P04,Hoodie,Tops,5900,1,5900
O00721,2024-11-21,C013,female,20s,P09,Trench Coat,Outerwear,24800,1,24800
O00721,2024-11-21,C013,female,20s,P11,Denim Jacket,Outerwear,9800,1,9800
O00721,2024-11-21,C013,female,20s,P16,Ankle Boots,Shoes,13800,1,13800
O00722,2024-11-21,C016,female,40s,P09,Trench Coat,Outerwear,24800,1,24800
O00722,2024-11-21,C016,female,40s,P19,Scarf,Accessories,2900,1,2900
O00723,2024-11-22,C103,female,20s,P03,Blouse,Tops,4900,1,4900
O00723,2024-11-22,C103,female,20s,P14,Sneakers,Shoes,8900,1,8900
O00724,2024-11-22,C104,male,10s,P14,Sneakers,Shoes,8900,1,8900
O00724,2024-11-22,C104,male,10s,P20,Cap,Accessories,2400,1,2400
O00724,2024-11-22,C104,male,10s,P21,Socks Set,Accessories,1500,1,1500
O00725,2024-11-23,C007,male,50+,P13,Knit Dress,Dresses,9900,1,9900
O00725,2024-11-23,C007,male,50+,P21,Socks Set,Accessories,1500,2,3000
O00726,2024-11-23,C007,male,50+,P09,Trench Coat,Outerwear,24800,1,24800
O00727,2024-11-23,C026,male,30s,P02,Knit Sweater,Tops,6900,1,6900
O00727,2024-11-23,C026,male,30s,P19,Scarf,Accessories,2900,1,2900
O00728,2024-11-23,C063,female,50+,P19,Scarf,Accessories,2900,1,2900
O00729,2024-11-23,C076,male,40s,P05,Skinny Denim,Bottoms,7900,1,7900
O00730,2024-11-24,C104,male,10s,P03,Blouse,Tops,4900,1,4900
O00731,2024-11-25,C013,female,20s,P15,Loafers,Shoes,11800,1,11800
O00731,2024-11-25,C013,female,20s,P21,Socks Set,Accessories,1500,1,1500
O00732,2024-11-25,C024,female,30s,P04,Hoodie,Tops,5900,1,5900
O00732,2024-11-25,C024,female,30s,P07,Pleated Skirt,Bottoms,5900,1,5900
O00733,2024-11-25,C031,female,20s,P06,Wide Pants,Bottoms,6900,2,13800
O00733,2024-11-25,C031,female,20s,P15,Loafers,Shoes,11800,1,11800
O00734,2024-11-25,C067,female,20s,P02,Knit Sweater,Tops,6900,1,6900
O00735,2024-11-25,C070,female,20s,P02,Knit Sweater,Tops,6900,1,6900
O00736,2024-11-26,C005,female,20s,P12,Shirt Dress,Dresses,8900,1,8900
O00737,2024-11-26,C012,female,10s,P05,Skinny Denim,Bottoms,7900,1,7900
O00738,2024-11-26,C019,female,40s,P11,Denim Jacket,Outerwear,9800,1,9800
O00738,2024-11-26,C019,female,40s,P14,Sneakers,Shoes,8900,1,8900
O00738,2024-11-26,C019,female,40s,P21,Socks Set,Accessories,1500,2,3000
O00739,2024-11-26,C019,female,40s,P05,Skinny Denim,Bottoms,7900,1,7900
O00740,2024-11-26,C023,female,20s,P06,Wide Pants,Bottoms,6900,1,6900
O00740,2024-11-26,C023,female,20s,P19,Scarf,Accessories,2900,1,2900
O00741,2024-11-26,C051,male,40s,P16,Ankle Boots,Shoes,13800,1,13800
O00741,2024-11-26,C051,male,40s,P19,Scarf,Accessories,2900,1,2900
O00742,2024-11-26,C103,female,20s,P02,Knit Sweater,Tops,6900,1,6900
O00742,2024-11-26,C103,female,20s,P16,Ankle Boots,Shoes,13800,2,27600
O00742,2024-11-26,C103,female,20s,P17,Tote Bag,Bags,6900,1,6900
O00743,2024-11-27,C001,male,10s,P02,Knit Sweater,Tops,6900,2,13800
O00743,2024-11-27,C001,male,10s,P13,Knit Dress,Dresses,9900,1,9900
O00744,2024-11-27,C009,female,50+,P02,Knit Sweater,Tops,6900,1,6900
O00744,2024-11-27,C009,female,50+,P15,Loafers,Shoes,11800,1,11800
O00744,2024-11-27,C009,female,50+,P16,Ankle Boots,Shoes,13800,1,13800
O00745,2024-11-27,C010,female,10s,P08,Chino Pants,Bottoms,5900,1,5900
O00746,2024-11-27,C014,female,10s,P02,Knit Sweater,Tops,6900,2,13800
O00746,2024-11-27,C014,female,10s,P04,Hoodie,Tops,5900,1,5900
O00746,2024-11-27,C014,female,10s,P10,Down Jacket,Outerwear,19800,1,19800
O00747,2024-11-27,C020,female,20s,P03,Blouse,Tops,4900,1,4900
O00747,2024-11-27,C020,female,20s,P11,Denim Jacket,Outerwear,9800,1,9800
O00747,2024-11-27,C020,female,20s,P20,Cap,Accessories,2400,1,2400
O00748,2024-11-27,C047,female,20s,P03,Blouse,Tops,4900,1,4900
O00748,2024-11-27,C047,female,20s,P09,Trench Coat,Outerwear,24800,1,24800
O00749,2024-11-27,C073,male,20s,P06,Wide Pants,Bottoms,6900,1,6900
O00750,2024-11-28,C012,female,10s,P03,Blouse,Tops,4900,1,4900
O00750,2024-11-28,C012,female,10s,P13,Knit Dress,Dresses,9900,2,19800
O00751,2024-11-28,C016,female,40s,P05,Skinny Denim,Bottoms,7900,1,7900
O00751,2024-11-28,C016,female,40s,P10,Down Jacket,Outerwear,19800,1,19800
O00752,2024-11-28,C022,male,20s,P02,Knit Sweater,Tops,6900,2,13800
O00752,2024-11-28,C022,male,20s,P05,Skinny Denim,Bottoms,7900,1,7900
O00752,2024-11-28,C022,male,20s,P16,Ankle Boots,Shoes,13800,1,13800
O00753,2024-11-28,C047,female,20s,P21,Socks Set,Accessories,1500,1,1500
O00754,2024-11-28,C049,female,30s,P04,Hoodie,Tops,5900,1,5900
O00754,2024-11-28,C049,female,30s,P16,Ankle Boots,Shoes,13800,2,27600
O00755,2024-11-28,C051,male,40s,P08,Chino Pants,Bottoms,5900,1,5900
O00755,2024-11-28,C051,male,40s,P10,Down Jacket,Outerwear,19800,2,39600
O00756,2024-11-28,C068,female,20s,P05,Skinny Denim,Bottoms,7900,2,15800
O00757,2024-11-28,C102,male,30s,P04,Hoodie,Tops,5900,1,5900
O00758,2024-11-29,C016,female,40s,P10,Down Jacket,Outerwear,19800,1,19800
O00758,2024-11-29,C016,female,40s,P14,Sneakers,Shoes,8900,1,8900
O00759,2024-11-29,C025,female,20s,P02,Knit Sweater,Tops,6900,1,6900
O00759,2024-11-29,C025,female,20s,P14,Sneakers,Shoes,8900,1,8900
O00760,2024-11-29,C027,female,40s,P14,Sneakers,Shoes,8900,1,8900
O00761,2024-11-29,C036,female,30s,P13,Knit Dress,Dresses,9900,1,9900
O00762,2024-11-29,C037,female,40s,P15,Loafers,Shoes,11800,1,11800
O00763,2024-11-29,C046,female,30s,P21,Socks Set,Accessories,1500,1,1500
O00764,2024-11-29,C050,female,50+,P19,Scarf,Accessories,2900,2,5800
O00765,2024-11-29,C068,female,20s,P10,Down Jacket,Outerwear,19800,1,19800
O00765,2024-11-29,C068,female,20s,P17,Tote Bag,Bags,6900,1,6900
O00766,2024-11-29,C099,female,30s,P01,T-shirt,Tops,2900,1,2900
O00766,2024-11-29,C099,female,30s,P10,Down Jacket,Outerwear,19800,1,19800
O00767,2024-11-29,C101,female,20s,P05,Skinny Denim,Bottoms,7900,1,7900
O00768,2024-11-30,C008,male,30s,P10,Down Jacket,Outerwear,19800,1,19800
O00768,2024-11-30,C008,male,30s,P17,Tote Bag,Bags,6900,1,6900
O00768,2024-11-30,C008,male,30s,P20,Cap,Accessories,2400,1,2400
O00769,2024-11-30,C099,female,30s,P14,Sneakers,Shoes,8900,1,8900
O00770,2024-11-30,C099,female,30s,P04,Hoodie,Tops,5900,1,5900
O00770,2024-11-30,C099,female,30s,P06,Wide Pants,Bottoms,6900,1,6900
O00770,2024-11-30,C099,female,30s,P12,Shirt Dress,Dresses,8900,1,8900
O00771,2024-12-01,C006,male,40s,P16,Ankle Boots,Shoes,13800,1,13800
O00772,2024-12-01,C007,male,50+,P19,Scarf,Accessories,2900,1,2900
O00772,2024-12-01,C007,male,50+,P21,Socks Set,Accessories,1500,1,1500
O00773,2024-12-02,C002,male,50+,P12,Shirt Dress,Dresses,8900,1,8900
O00773,2024-12-02,C002,male,50+,P14,Sneakers,Shoes,8900,1,8900
O00773,2024-12-02,C002,male,50+,P18,Shoulder Bag,Bags,9800,1,9800
O00774,2024-12-02,C005,female,20s,P06,Wide Pants,Bottoms,6900,1,6900
O00775,2024-12-02,C036,female,30s,P18,Shoulder Bag,Bags,9800,1,9800
O00776,2024-12-02,C052,female,30s,P02,Knit Sweater,Tops,6900,1,6900
O00776,2024-12-02,C052,female,30s,P11,Denim Jacket,Outerwear,9800,1,9800
O00776,2024-12-02,C052,female,30s,P14,Sneakers,Shoes,8900,1,8900
O00777,2024-12-03,C005,female,20s,P21,Socks Set,Accessories,1500,1,1500
O00778,2024-12-03,C010,female,10s,P04,Hoodie,Tops,5900,1,5900
O00778,2024-12-03,C010,female,10s,P18,Shoulder Bag,Bags,9800,1,9800
O00778,2024-12-03,C010,female,10s,P21,Socks Set,Accessories,1500,1,1500
O00779,2024-12-03,C016,female,40s,P02,Knit Sweater,Tops,6900,1,6900
O00779,2024-12-03,C016,female,40s,P08,Chino Pants,Bottoms,5900,1,5900
O00779,2024-12-03,C016,female,40s,P19,Scarf,Accessories,2900,1,2900
O00780,2024-12-03,C031,female,20s,P02,Knit Sweater,Tops,6900,1,6900
O00780,2024-12-03,C031,female,20s,P19,Scarf,Accessories,2900,1,2900
O00781,2024-12-03,C043,female,20s,P03,Blouse,Tops,4900,1,4900
O00781,2024-12-03,C043,female,20s,P05,Skinny Denim,Bottoms,7900,1,7900
O00782,2024-12-03,C051,male,40s,P16,Ankle Boots,Shoes,13800,1,13800
O00783,2024-12-03,C058,male,30s,P11,Denim Jacket,Outerwear,9800,1,9800
O00784,2024-12-03,C073,male,20s,P06,Wide Pants,Bottoms,6900,1,6900
O00784,2024-12-03,C073,male,20s,P14,Sneakers,Shoes,8900,2,17800
O00785,2024-12-03,C074,male,20s,P02,Knit Sweater,Tops,6900,1,6900
O00786,2024-12-04,C008,male,30s,P14,Sneakers,Shoes,8900,1,8900
O00787,2024-12-04,C018,female,40s,P04,Hoodie,Tops,5900,1,5900
O00787,2024-12-04,C018,female,40s,P17,Tote Bag,Bags,6900,1,6900
O00788,2024-12-04,C026,male,30s,P14,Sneakers,Shoes,8900,1,8900
O00789,2024-12-04,C104,male,10s,P19,Scarf,Accessories,2900,2,5800
O00789,2024-12-04,C104,male,10s,P20,Cap,Accessories,2400,1,2400
O00790,2024-12-05,C030,female,10s,P05,Skinny Denim,Bottoms,7900,1,7900
O00790,2024-12-05,C030,female,10s,P10,Down Jacket,Outerwear,19800,2,39600
O00791,2024-12-05,C039,female,20s,P13,Knit Dress,Dresses,9900,1,9900
O00791,2024-12-05,C039,female,20s,P16,Ankle Boots,Shoes,13800,1,13800
O00792,2024-12-06,C011,female,40s,P14,Sneakers,Shoes,8900,1,8900
O00792,2024-12-06,C011,female,40s,P19,Scarf,Accessories,2900,1,2900
O00793,2024-12-06,C043,female,20s,P18,Shoulder Bag,Bags,9800,1,9800
O00794,2024-12-06,C045,female,20s,P20,Cap,Accessories,2400,1,2400
O00795,2024-12-07,C007,male,50+,P16,Ankle Boots,Shoes,13800,1,13800
O00796,2024-12-07,C011,female,40s,P10,Down Jacket,Outerwear,19800,1,19800
O00797,2024-12-07,C015,female,30s,P04,Hoodie,Tops,5900,1,5900
O00797,2024-12-07,C015,female,30s,P15,Loafers,Shoes,11800,1,11800
O00798,2024-12-07,C068,female,20s,P16,Ankle Boots,Shoes,13800,1,13800
O00798,2024-12-07,C068,female,20s,P19,Scarf,Accessories,2900,1,2900
O00799,2024-12-08,C026,male,30s,P05,Skinny Denim,Bottoms,7900,1,7900
O00799,2024-12-08,C026,male,30s,P07,Pleated Skirt,Bottoms,5900,1,5900
O00799,2024-12-08,C026,male,30s,P10,Down Jacket,Outerwear,19800,1,19800
O00800,2024-12-08,C033,male,40s,P05,Skinny Denim,Bottoms,7900,1,7900
O00800,2024-12-08,C033,male,40s,P14,Sneakers,Shoes,8900,1,8900
O00800,2024-12-08,C033,male,40s,P19,Scarf,Accessories,2900,1,2900
O00801,2024-12-08,C099,female,30s,P09,Trench Coat,Outerwear,24800,1,24800
O00802,2024-12-08,C101,female,20s,P04,Hoodie,Tops,5900,1,5900
O00803,2024-12-08,C102,male,30s,P04,Hoodie,Tops,5900,2,11800
O00803,2024-12-08,C102,male,30s,P06,Wide Pants,Bottoms,6900,2,13800
O00804,2024-12-09,C017,female,40s,P01,T-shirt,Tops,2900,1,2900
O00804,2024-12-09,C017,female,40s,P19,Scarf,Accessories,2900,1,2900
O00805,2024-12-09,C031,female,20s,P16,Ankle Boots,Shoes,13800,1,13800
O00806,2024-12-09,C032,male,50+,P04,Hoodie,Tops,5900,1,5900
O00806,2024-12-09,C032,male,50+,P17,Tote Bag,Bags,6900,1,6900
O00807,2024-12-10,C013,female,20s,P07,Pleated Skirt,Bottoms,5900,1,5900
O00807,2024-12-10,C013,female,20s,P09,Trench Coat,Outerwear,24800,1,24800
O00807,2024-12-10,C013,female,20s,P11,Denim Jacket,Outerwear,9800,1,9800
O00808,2024-12-10,C019,female,40s,P03,Blouse,Tops,4900,1,4900
O00808,2024-12-10,C019,female,40s,P08,Chino Pants,Bottoms,5900,1,5900
O00809,2024-12-10,C021,female,30s,P08,Chino Pants,Bottoms,5900,1,5900
O00809,2024-12-10,C021,female,30s,P21,Socks Set,Accessories,1500,1,1500
O00810,2024-12-10,C038,female,20s,P02,Knit Sweater,Tops,6900,1,6900
O00810,2024-12-10,C038,female,20s,P08,Chino Pants,Bottoms,5900,1,5900
O00811,2024-12-10,C051,male,40s,P03,Blouse,Tops,4900,1,4900
O00812,2024-12-12,C012,female,10s,P17,Tote Bag,Bags,6900,1,6900
O00813,2024-12-12,C064,female,40s,P01,T-shirt,Tops,2900,1,2900
O00813,2024-12-12,C064,female,40s,P05,Skinny Denim,Bottoms,7900,1,7900
O00814,2024-12-13,C068,female,20s,P12,Shirt Dress,Dresses,8900,1,8900
O00815,2024-12-14,C045,female,20s,P08,Chino Pants,Bottoms,5900,1,5900
O00816,2024-12-14,C060,female,30s,P13,Knit Dress,Dresses,9900,2,19800
O00816,2024-12-14,C060,female,30s,P20,Cap,Accessories,2400,2,4800
O00817,2024-12-15,C021,female,30s,P09,Trench Coat,Outerwear,24800,1,24800
O00818,2024-12-15,C057,female,40s,P04,Hoodie,Tops,5900,1,5900
O00819,2024-12-15,C059,male,30s,P12,Shirt Dress,Dresses,8900,1,8900
O00820,2024-12-15,C062,female,20s,P02,Knit Sweater,Tops,6900,1,6900
O00821,2024-12-15,C100,female,40s,P10,Down Jacket,Outerwear,19800,1,19800
O00821,2024-12-15,C100,female,40s,P11,Denim Jacket,Outerwear,9800,1,9800
O00822,2024-12-16,C002,male,50+,P14,Sneakers,Shoes,8900,1,8900
O00822,2024-12-16,C002,male,50+,P19,Scarf,Accessories,2900,1,2900
O00823,2024-12-16,C004,female,30s,P03,Blouse,Tops,4900,1,4900
O00823,2024-12-16,C004,female,30s,P10,Down Jacket,Outerwear,19800,2,39600
O00824,2024-12-16,C026,male,30s,P19,Scarf,Accessories,2900,1,2900
O00824,2024-12-16,C026,male,30s,P21,Socks Set,Accessories,1500,1,1500
O00825,2024-12-16,C038,female,20s,P06,Wide Pants,Bottoms,6900,1,6900
O00826,2024-12-16,C048,male,20s,P14,Sneakers,Shoes,8900,1,8900
O00827,2024-12-16,C068,female,20s,P07,Pleated Skirt,Bottoms,5900,1,5900
O00827,2024-12-16,C068,female,20s,P17,Tote Bag,Bags,6900,1,6900
O00828,2024-12-17,C011,female,40s,P16,Ankle Boots,Shoes,13800,1,13800
O00829,2024-12-17,C027,female,40s,P06,Wide Pants,Bottoms,6900,1,6900
O00830,2024-12-17,C074,male,20s,P17,Tote Bag,Bags,6900,1,6900
O00830,2024-12-17,C074,male,20s,P19,Scarf,Accessories,2900,1,2900
O00831,2024-12-17,C076,male,40s,P08,Chino Pants,Bottoms,5900,1,5900
O00832,2024-12-17,C100,female,40s,P09,Trench Coat,Outerwear,24800,1,24800
O00832,2024-12-17,C100,female,40s,P13,Knit Dress,Dresses,9900,2,19800
O00833,2024-12-19,C051,male,40s,P08,Chino Pants,Bottoms,5900,1,5900
O00833,2024-12-19,C051,male,40s,P10,Down Jacket,Outerwear,19800,1,19800
O00834,2024-12-19,C057,female,40s,P15,Loafers,Shoes,11800,2,23600
O00834,2024-12-19,C057,female,40s,P16,Ankle Boots,Shoes,13800,2,27600
O00835,2024-12-20,C002,male,50+,P07,Pleated Skirt,Bottoms,5900,1,5900
O00835,2024-12-20,C002,male,50+,P16,Ankle Boots,Shoes,13800,1,13800
O00836,2024-12-20,C018,female,40s,P04,Hoodie,Tops,5900,1,5900
O00836,2024-12-20,C018,female,40s,P12,Shirt Dress,Dresses,8900,1,8900
O00836,2024-12-20,C018,female,40s,P16,Ankle Boots,Shoes,13800,1,13800
O00837,2024-12-20,C061,female,20s,P01,T-shirt,Tops,2900,1,2900
O00837,2024-12-20,C061,female,20s,P03,Blouse,Tops,4900,2,9800
O00838,2024-12-21,C019,female,40s,P03,Blouse,Tops,4900,1,4900
O00838,2024-12-21,C019,female,40s,P13,Knit Dress,Dresses,9900,1,9900
O00839,2024-12-21,C069,female,40s,P15,Loafers,Shoes,11800,1,11800
O00840,2024-12-21,C074,male,20s,P02,Knit Sweater,Tops,6900,1,6900
O00840,2024-12-21,C074,male,20s,P07,Pleated Skirt,Bottoms,5900,2,11800
O00841,2024-12-22,C040,female,40s,P09,Trench Coat,Outerwear,24800,1,24800
O00841,2024-12-22,C040,female,40s,P19,Scarf,Accessories,2900,1,2900
O00842,2024-12-22,C045,female,20s,P01,T-shirt,Tops,2900,1,2900
O00842,2024-12-22,C045,female,20s,P20,Cap,Accessories,2400,1,2400
O00843,2024-12-22,C059,male,30s,P04,Hoodie,Tops,5900,1,5900
O00843,2024-12-22,C059,male,30s,P09,Trench Coat,Outerwear,24800,2,49600
O00844,2024-12-22,C062,female,20s,P04,Hoodie,Tops,5900,1,5900
O00845,2024-12-23,C013,female,20s,P05,Skinny Denim,Bottoms,7900,1,7900
O00845,2024-12-23,C013,female,20s,P18,Shoulder Bag,Bags,9800,1,9800
O00846,2024-12-24,C028,female,20s,P04,Hoodie,Tops,5900,1,5900
O00846,2024-12-24,C028,female,20s,P08,Chino Pants,Bottoms,5900,2,11800
O00847,2024-12-24,C061,female,20s,P12,Shirt Dress,Dresses,8900,1,8900
O00848,2024-12-24,C097,male,30s,P07,Pleated Skirt,Bottoms,5900,2,11800
O00848,2024-12-24,C097,male,30s,P16,Ankle Boots,Shoes,13800,1,13800
O00849,2024-12-25,C010,female,10s,P14,Sneakers,Shoes,8900,1,8900
O00850,2024-12-25,C029,female,30s,P02,Knit Sweater,Tops,6900,1,6900
O00850,2024-12-25,C029,female,30s,P06,Wide Pants,Bottoms,6900,2,13800
O00851,2024-12-25,C043,female,20s,P21,Socks Set,Accessories,1500,1,1500
O00852,2024-12-25,C048,male,20s,P12,Shirt Dress,Dresses,8900,1,8900
O00852,2024-12-25,C048,male,20s,P21,Socks Set,Accessories,1500,1,1500
O00853,2024-12-25,C059,male,30s,P08,Chino Pants,Bottoms,5900,2,11800
O00854,2024-12-26,C018,female,40s,P20,Cap,Accessories,2400,2,4800
O00855,2024-12-27,C045,female,20s,P05,Skinny Denim,Bottoms,7900,1,7900
O00855,2024-12-27,C045,female,20s,P20,Cap,Accessories,2400,1,2400
O00856,2024-12-27,C098,female,20s,P14,Sneakers,Shoes,8900,1,8900
O00857,2024-12-27,C104,male,10s,P15,Loafers,Shoes,11800,1,11800
O00857,2024-12-27,C104,male,10s,P16,Ankle Boots,Shoes,13800,1,13800
O00858,2024-12-28,C025,female,20s,P07,Pleated Skirt,Bottoms,5900,1,5900
O00858,2024-12-28,C025,female,20s,P09,Trench Coat,Outerwear,24800,1,24800
O00859,2024-12-28,C053,female,30s,P14,Sneakers,Shoes,8900,1,8900
O00860,2024-12-28,C076,male,40s,P08,Chino Pants,Bottoms,5900,1,5900
O00860,2024-12-28,C076,male,40s,P09,Trench Coat,Outerwear,24800,1,24800
O00860,2024-12-28,C076,male,40s,P14,Sneakers,Shoes,8900,2,17800
O00861,2024-12-29,C024,female,30s,P13,Knit Dress,Dresses,9900,1,9900
O00862,2024-12-29,C042,female,20s,P12,Shirt Dress,Dresses,8900,2,17800
O00862,2024-12-29,C042,female,20s,P19,Scarf,Accessories,2900,1,2900
O00863,2024-12-29,C100,female,40s,P02,Knit Sweater,Tops,6900,2,13800
O00863,2024-12-29,C100,female,40s,P16,Ankle Boots,Shoes,13800,1,13800
O00864,2024-12-30,C018,female,40s,P06,Wide Pants,Bottoms,6900,1,6900
O00864,2024-12-30,C018,female,40s,P10,Down Jacket,Outerwear,19800,1,19800
O00864,2024-12-30,C018,female,40s,P17,Tote Bag,Bags,6900,1,6900
O00865,2024-12-30,C021,female,30s,P02,Knit Sweater,Tops,6900,2,13800
O00865,2024-12-30,C021,female,30s,P03,Blouse,Tops,4900,1,4900
O00865,2024-12-30,C021,female,30s,P07,Pleated Skirt,Bottoms,5900,1,5900
O00866,2024-12-30,C021,female,30s,P03,Blouse,Tops,4900,1,4900
O00866,2024-12-30,C021,female,30s,P05,Skinny Denim,Bottoms,7900,1,7900
O00867,2024-12-30,C037,female,40s,P16,Ankle Boots,Shoes,13800,1,13800
O00868,2024-12-30,C076,male,40s,P02,Knit Sweater,Tops,6900,1,6900
O00868,2024-12-30,C076,male,40s,P14,Sneakers,Shoes,8900,1,8900
O00869,2024-12-31,C058,male,30s,P10,Down Jacket,Outerwear,19800,1,19800
O00869,2024-12-31,C058,male,30s,P13,Knit Dress,Dresses,9900,1,9900
O00870,2025-01-01,C003,female,40s,P14,Sneakers,Shoes,8900,2,17800
O00871,2025-01-01,C021,female,30s,P04,Hoodie,Tops,5900,1,5900
O00872,2025-01-01,C029,female,30s,P05,Skinny Denim,Bottoms,7900,1,7900
O00872,2025-01-01,C029,female,30s,P09,Trench Coat,Outerwear,24800,1,24800
O00873,2025-01-01,C104,male,10s,P12,Shirt Dress,Dresses,8900,1,8900
O00873,2025-01-01,C104,male,10s,P16,Ankle Boots,Shoes,13800,1,13800
O00874,2025-01-02,C004,female,30s,P08,Chino Pants,Bottoms,5900,1,5900
O00875,2025-01-02,C017,female,40s,P04,Hoodie,Tops,5900,1,5900
O00875,2025-01-02,C017,female,40s,P08,Chino Pants,Bottoms,5900,1,5900
O00876,2025-01-02,C103,female,20s,P06,Wide Pants,Bottoms,6900,2,13800
O00876,2025-01-02,C103,female,20s,P19,Scarf,Accessories,2900,1,2900
O00877,2025-01-03,C004,female,30s,P02,Knit Sweater,Tops,6900,1,6900
O00877,2025-01-03,C004,female,30s,P19,Scarf,Accessories,2900,1,2900
O00878,2025-01-03,C072,female,40s,P05,Skinny Denim,Bottoms,7900,1,7900
O00878,2025-01-03,C072,female,40s,P11,Denim Jacket,Outerwear,9800,1,9800
O00878,2025-01-03,C072,female,40s,P14,Sneakers,Shoes,8900,2,17800
O00879,2025-01-05,C020,female,20s,P04,Hoodie,Tops,5900,1,5900
O00879,2025-01-05,C020,female,20s,P09,Trench Coat,Outerwear,24800,1,24800
O00879,2025-01-05,C020,female,20s,P16,Ankle Boots,Shoes,13800,2,27600
O00880,2025-01-05,C025,female,20s,P03,Blouse,Tops,4900,1,4900
O00880,2025-01-05,C025,female,20s,P16,Ankle Boots,Shoes,13800,1,13800
O00881,2025-01-06,C029,female,30s,P03,Blouse,Tops,4900,1,4900
O00881,2025-01-06,C029,female,30s,P08,Chino Pants,Bottoms,5900,1,5900
O00881,2025-01-06,C029,female,30s,P10,Down Jacket,Outerwear,19800,1,19800
O00882,2025-01-06,C075,female,20s,P13,Knit Dress,Dresses,9900,1,9900
O00883,2025-01-07,C052,female,30s,P04,Hoodie,Tops,5900,1,5900
O00884,2025-01-07,C071,female,40s,P06,Wide Pants,Bottoms,6900,1,6900
O00885,2025-01-07,C097,male,30s,P09,Trench Coat,Outerwear,24800,1,24800
O00886,2025-01-08,C069,female,40s,P21,Socks Set,Accessories,1500,1,1500
O00887,2025-01-09,C007,male,50+,P04,Hoodie,Tops,5900,2,11800
O00887,2025-01-09,C007,male,50+,P05,Skinny Denim,Bottoms,7900,1,7900
O00888,2025-01-09,C017,female,40s,P14,Sneakers,Shoes,8900,1,8900
O00889,2025-01-09,C030,female,10s,P19,Scarf,Accessories,2900,1,2900
O00890,2025-01-09,C032,male,50+,P09,Trench Coat,Outerwear,24800,1,24800
O00891,2025-01-09,C056,female,20s,P16,Ankle Boots,Shoes,13800,1,13800
O00892,2025-01-09,C099,female,30s,P07,Pleated Skirt,Bottoms,5900,1,5900
O00892,2025-01-09,C099,female,30s,P14,Sneakers,Shoes,8900,1,8900
O00892,2025-01-09,C099,female,30s,P16,Ankle Boots,Shoes,13800,1,13800
O00893,2025-01-10,C024,female,30s,P07,Pleated Skirt,Bottoms,5900,1,5900
O00893,2025-01-10,C024,female,30s,P18,Shoulder Bag,Bags,9800,1,9800
O00894,2025-01-11,C045,female,20s,P05,Skinny Denim,Bottoms,7900,1,7900
O00894,2025-01-11,C045,female,20s,P10,Down Jacket,Outerwear,19800,1,19800
O00895,2025-01-11,C101,female,20s,P09,Trench Coat,Outerwear,24800,1,24800
O00895,2025-01-11,C101,female,20s,P15,Loafers,Shoes,11800,1,11800
O00895,2025-01-11,C101,female,20s,P17,Tote Bag,Bags,6900,1,6900
O00896,2025-01-12,C097,male,30s,P09,Trench Coat,Outerwear,24800,1,24800
O00896,2025-01-12,C097,male,30s,P16,Ankle Boots,Shoes,13800,2,27600
O00896,2025-01-12,C097,male,30s,P19,Scarf,Accessories,2900,1,2900
O00897,2025-01-13,C001,male,10s,P04,Hoodie,Tops,5900,1,5900
O00897,2025-01-13,C001,male,10s,P06,Wide Pants,Bottoms,6900,1,6900
O00897,2025-01-13,C001,male,10s,P19,Scarf,Accessories,2900,1,2900
O00898,2025-01-14,C068,female,20s,P13,Knit Dress,Dresses,9900,1,9900
O00898,2025-01-14,C068,female,20s,P16,Ankle Boots,Shoes,13800,1,13800
O00899,2025-01-15,C017,female,40s,P18,Shoulder Bag,Bags,9800,2,19600
O00900,2025-01-17,C015,female,30s,P02,Knit Sweater,Tops,6900,1,6900
O00900,2025-01-17,C015,female,30s,P06,Wide Pants,Bottoms,6900,1,6900
O00900,2025-01-17,C015,female,30s,P13,Knit Dress,Dresses,9900,2,19800
O00901,2025-01-17,C030,female,10s,P13,Knit Dress,Dresses,9900,1,9900
O00902,2025-01-18,C020,female,20s,P07,Pleated Skirt,Bottoms,5900,1,5900
O00903,2025-01-18,C065,male,20s,P10,Down Jacket,Outerwear,19800,1,19800
O00904,2025-01-19,C019,female,40s,P02,Knit Sweater,Tops,6900,1,6900
O00905,2025-01-19,C035,female,40s,P11,Denim Jacket,Outerwear,9800,2,19600
O00905,2025-01-19,C035,female,40s,P16,Ankle Boots,Shoes,13800,1,13800
O00906,2025-01-20,C032,male,50+,P14,Sneakers,Shoes,8900,1,8900
O00906,2025-01-20,C032,male,50+,P16,Ankle Boots,Shoes,13800,1,13800
O00907,2025-01-20,C034,female,50+,P04,Hoodie,Tops,5900,2,11800
O00907,2025-01-20,C034,female,50+,P16,Ankle Boots,Shoes,13800,1,13800
O00907,2025-01-20,C034,female,50+,P19,Scarf,Accessories,2900,1,2900
O00908,2025-01-20,C049,female,30s,P03,Blouse,Tops,4900,1,4900
O00908,2025-01-20,C049,female,30s,P07,Pleated Skirt,Bottoms,5900,1,5900
O00908,2025-01-20,C049,female,30s,P18,Shoulder Bag,Bags,9800,1,9800
O00909,2025-01-20,C073,male,20s,P11,Denim Jacket,Outerwear,9800,1,9800
O00909,2025-01-20,C073,male,20s,P16,Ankle Boots,Shoes,13800,1,13800
O00910,2025-01-21,C033,male,40s,P02,Knit Sweater,Tops,6900,1,6900
O00910,2025-01-21,C033,male,40s,P08,Chino Pants,Bottoms,5900,2,11800
O00910,2025-01-21,C033,male,40s,P16,Ankle Boots,Shoes,13800,1,13800
O00911,2025-01-21,C047,female,20s,P07,Pleated Skirt,Bottoms,5900,1,5900
O00911,2025-01-21,C047,female,20s,P19,Scarf,Accessories,2900,1,2900
O00912,2025-01-21,C098,female,20s,P19,Scarf,Accessories,2900,1,2900
O00912,2025-01-21,C098,female,20s,P21,Socks Set,Accessories,1500,1,1500
O00913,2025-01-22,C037,female,40s,P04,Hoodie,Tops,5900,1,5900
O00914,2025-01-22,C099,female,30s,P01,T-shirt,Tops,2900,1,2900
O00915,2025-01-24,C018,female,40s,P06,Wide Pants,Bottoms,6900,2,13800
O00915,2025-01-24,C018,female,40s,P19,Scarf,Accessories,2900,1,2900
O00916,2025-01-24,C027,female,40s,P06,Wide Pants,Bottoms,6900,1,6900
O00916,2025-01-24,C027,female,40s,P13,Knit Dress,Dresses,9900,1,9900
O00917,2025-01-24,C042,female,20s,P07,Pleated Skirt,Bottoms,5900,1,5900
O00918,2025-01-25,C075,female,20s,P02,Knit Sweater,Tops,6900,2,13800
O00918,2025-01-25,C075,female,20s,P05,Skinny Denim,Bottoms,7900,1,7900
O00919,2025-01-26,C007,male,50+,P04,Hoodie,Tops,5900,1,5900
O00919,2025-01-26,C007,male,50+,P09,Trench Coat,Outerwear,24800,1,24800
O00919,2025-01-26,C007,male,50+,P20,Cap,Accessories,2400,1,2400
O00920,2025-01-26,C028,female,20s,P10,Down Jacket,Outerwear,19800,1,19800
O00921,2025-01-26,C040,female,40s,P11,Denim Jacket,Outerwear,9800,2,19600
O00922,2025-01-26,C071,female,40s,P14,Sneakers,Shoes,8900,1,8900
O00922,2025-01-26,C071,female,40s,P16,Ankle Boots,Shoes,13800,1,13800
O00923,2025-01-27,C018,female,40s,P16,Ankle Boots,Shoes,13800,1,13800
O00924,2025-01-28,C020,female,20s,P14,Sneakers,Shoes,8900,2,17800
O00925,2025-01-28,C054,male,10s,P02,Knit Sweater,Tops,6900,1,6900
O00926,2025-01-28,C056,female,20s,P19,Scarf,Accessories,2900,1,2900
O00927,2025-01-30,C018,female,40s,P02,Knit Sweater,Tops,6900,2,13800
O00927,2025-01-30,C018,female,40s,P19,Scarf,Accessories,2900,1,2900
O00928,2025-01-30,C054,male,10s,P14,Sneakers,Shoes,8900,1,8900
O00929,2025-01-31,C005,female,20s,P02,Knit Sweater,Tops,6900,1,6900
O00929,2025-01-31,C005,female,20s,P10,Down Jacket,Outerwear,19800,1,19800
O00930,2025-01-31,C025,female,20s,P05,Skinny Denim,Bottoms,7900,1,7900
O00930,2025-01-31,C025,female,20s,P07,Pleated Skirt,Bottoms,5900,1,5900
O00930,2025-01-31,C025,female,20s,P09,Trench Coat,Outerwear,24800,1,24800
O00931,2025-01-31,C029,female,30s,P05,Skinny Denim,Bottoms,7900,1,7900
O00932,2025-01-31,C041,female,20s,P18,Shoulder Bag,Bags,9800,1,9800
O00933,2025-02-01,C097,male,30s,P08,Chino Pants,Bottoms,5900,1,5900
O00933,2025-02-01,C097,male,30s,P19,Scarf,Accessories,2900,1,2900
O00934,2025-02-02,C006,male,40s,P05,Skinny Denim,Bottoms,7900,1,7900
O00935,2025-02-02,C019,female,40s,P09,Trench Coat,Outerwear,24800,1,24800
O00935,2025-02-02,C019,female,40s,P12,Shirt Dress,Dresses,8900,1,8900
O00935,2025-02-02,C019,female,40s,P19,Scarf,Accessories,2900,1,2900
O00936,2025-02-02,C067,female,20s,P05,Skinny Denim,Bottoms,7900,1,7900
O00936,2025-02-02,C067,female,20s,P19,Scarf,Accessories,2900,1,2900
O00937,2025-02-03,C014,female,10s,P01,T-shirt,Tops,2900,2,5800
O00937,2025-02-03,C014,female,10s,P05,Skinny Denim,Bottoms,7900,1,7900
O00937,2025-02-03,C014,female,10s,P16,Ankle Boots,Shoes,13800,1,13800
O00938,2025-02-03,C067,female,20s,P09,Trench Coat,Outerwear,24800,1,24800
O00939,2025-02-04,C020,female,20s,P04,Hoodie,Tops,5900,1,5900
O00939,2025-02-04,C020,female,20s,P12,Shirt Dress,Dresses,8900,1,8900
O00939,2025-02-04,C020,female,20s,P18,Shoulder Bag,Bags,9800,1,9800
O00940,2025-02-04,C023,female,20s,P06,Wide Pants,Bottoms,6900,1,6900
O00941,2025-02-05,C015,female,30s,P07,Pleated Skirt,Bottoms,5900,1,5900
O00942,2025-02-06,C029,female,30s,P03,Blouse,Tops,4900,1,4900
O00942,2025-02-06,C029,female,30s,P08,Chino Pants,Bottoms,5900,1,5900
O00943,2025-02-06,C036,female,30s,P04,Hoodie,Tops,5900,1,5900
O00944,2025-02-06,C098,female,20s,P05,Skinny Denim,Bottoms,7900,1,7900
O00944,2025-02-06,C098,female,20s,P21,Socks Set,Accessories,1500,1,1500
O00945,2025-02-07,C035,female,40s,P09,Trench Coat,Outerwear,24800,1,24800
O00945,2025-02-07,C035,female,40s,P16,Ankle Boots,Shoes,13800,1,13800
O00946,2025-02-07,C041,female,20s,P06,Wide Pants,Bottoms,6900,1,6900
O00947,2025-02-08,C015,female,30s,P12,Shirt Dress,Dresses,8900,2,17800
O00948,2025-02-08,C018,female,40s,P02,Knit Sweater,Tops,6900,2,13800
O00948,2025-02-08,C018,female,40s,P08,Chino Pants,Bottoms,5900,1,5900
O00949,2025-02-08,C050,female,50+,P14,Sneakers,Shoes,8900,1,8900
O00950,2025-02-08,C060,female,30s,P16,Ankle Boots,Shoes,13800,1,13800
O00950,2025-02-08,C060,female,30s,P19,Scarf,Accessories,2900,1,2900
O00951,2025-02-09,C027,female,40s,P05,Skinny Denim,Bottoms,7900,1,7900
O00952,2025-02-09,C063,female,50+,P14,Sneakers,Shoes,8900,1,8900
O00953,2025-02-10,C028,female,20s,P07,Pleated Skirt,Bottoms,5900,1,5900
O00954,2025-02-11,C037,female,40s,P04,Hoodie,Tops,5900,1,5900
O00954,2025-02-11,C037,female,40s,P05,Skinny Denim,Bottoms,7900,1,7900
O00955,2025-02-11,C052,female,30s,P01,T-shirt,Tops,2900,2,5800
O00955,2025-02-11,C052,female,30s,P04,Hoodie,Tops,5900,1,5900
O00955,2025-02-11,C052,female,30s,P09,Trench Coat,Outerwear,24800,1,24800
O00956,2025-02-11,C074,male,20s,P04,Hoodie,Tops,5900,1,5900
O00957,2025-02-11,C075,female,20s,P07,Pleated Skirt,Bottoms,5900,1,5900
O00957,2025-02-11,C075,female,20s,P13,Knit Dress,Dresses,9900,1,9900
O00957,2025-02-11,C075,female,20s,P16,Ankle Boots,Shoes,13800,1,13800
O00958,2025-02-12,C020,female,20s,P14,Sneakers,Shoes,8900,1,8900
O00959,2025-02-12,C053,female,30s,P04,Hoodie,Tops,5900,1,5900
O00959,2025-02-12,C053,female,30s,P12,Shirt Dress,Dresses,8900,2,17800
O00960,2025-02-13,C035,female,40s,P06,Wide Pants,Bottoms,6900,1,6900
O00960,2025-02-13,C035,female,40s,P15,Loafers,Shoes,11800,1,11800
O00961,2025-02-14,C025,female,20s,P01,T-shirt,Tops,2900,1,2900
O00962,2025-02-14,C030,female,10s,P02,Knit Sweater,Tops,6900,1,6900
O00962,2025-02-14,C030,female,10s,P04,Hoodie,Tops,5900,1,5900
O00962,2025-02-14,C030,female,10s,P21,Socks Set,Accessories,1500,1,1500
O00963,2025-02-15,C098,female,20s,P04,Hoodie,Tops,5900,1,5900
O00964,2025-02-17,C012,female,10s,P13,Knit Dress,Dresses,9900,1,9900
O00965,2025-02-18,C004,female,30s,P09,Trench Coat,Outerwear,24800,1,24800
O00965,2025-02-18,C004,female,30s,P20,Cap,Accessories,2400,1,2400
O00966,2025-02-18,C027,female,40s,P06,Wide Pants,Bottoms,6900,1,6900
O00966,2025-02-18,C027,female,40s,P08,Chino Pants,Bottoms,5900,1,5900
O00967,2025-02-18,C042,female,20s,P16,Ankle Boots,Shoes,13800,1,13800
O00968,2025-02-19,C065,male,20s,P05,Skinny Denim,Bottoms,7900,1,7900
O00968,2025-02-19,C065,male,20s,P09,Trench Coat,Outerwear,24800,1,24800
O00969,2025-02-20,C021,female,30s,P01,T-shirt,Tops,2900,1,2900
O00970,2025-02-21,C011,female,40s,P12,Shirt Dress,Dresses,8900,1,8900
O00970,2025-02-21,C011,female,40s,P19,Scarf,Accessories,2900,1,2900
O00971,2025-02-21,C016,female,40s,P04,Hoodie,Tops,5900,1,5900
O00971,2025-02-21,C016,female,40s,P16,Ankle Boots,Shoes,13800,2,27600
O00971,2025-02-21,C016,female,40s,P20,Cap,Accessories,2400,2,4800
O00972,2025-02-21,C025,female,20s,P12,Shirt Dress,Dresses,8900,1,8900
O00973,2025-02-21,C061,female,20s,P05,Skinny Denim,Bottoms,7900,1,7900
O00974,2025-02-21,C076,male,40s,P15,Loafers,Shoes,11800,1,11800
O00975,2025-02-22,C062,female,20s,P08,Chino Pants,Bottoms,5900,2,11800
O00975,2025-02-22,C062,female,20s,P10,Down Jacket,Outerwear,19800,1,19800
O00976,2025-02-22,C098,female,20s,P02,Knit Sweater,Tops,6900,1,6900
O00976,2025-02-22,C098,female,20s,P04,Hoodie,Tops,5900,1,5900
O00976,2025-02-22,C098,female,20s,P21,Socks Set,Accessories,1500,1,1500
O00977,2025-02-23,C031,female,20s,P03,Blouse,Tops,4900,2,9800
O00977,2025-02-23,C031,female,20s,P08,Chino Pants,Bottoms,5900,1,5900
O00978,2025-02-23,C097,male,30s,P09,Trench Coat,Outerwear,24800,1,24800
O00978,2025-02-23,C097,male,30s,P18,Shoulder Bag,Bags,9800,2,19600
O00979,2025-02-24,C009,female,50+,P21,Socks Set,Accessories,1500,1,1500
O00980,2025-02-24,C011,female,40s,P02,Knit Sweater,Tops,6900,1,6900
O00980,2025-02-24,C011,female,40s,P21,Socks Set,Accessories,1500,1,1500
O00981,2025-02-25,C058,male,30s,P02,Knit Sweater,Tops,6900,1,6900
O00982,2025-02-27,C011,female,40s,P08,Chino Pants,Bottoms,5900,1,5900
O00982,2025-02-27,C011,female,40s,P14,Sneakers,Shoes,8900,1,8900
O00982,2025-02-27,C011,female,40s,P19,Scarf,Accessories,2900,1,2900
O00983,2025-02-27,C011,female,40s,P04,Hoodie,Tops,5900,1,5900
O00984,2025-02-28,C008,male,30s,P03,Blouse,Tops,4900,2,9800
O00985,2025-02-28,C033,male,40s,P07,Pleated Skirt,Bottoms,5900,1,5900
O00985,2025-02-28,C033,male,40s,P13,Knit Dress,Dresses,9900,1,9900
O00986,2025-02-28,C045,female,20s,P12,Shirt Dress,Dresses,8900,1,8900
O00986,2025-02-28,C045,female,20s,P20,Cap,Accessories,2400,1,2400
O00986,2025-02-28,C045,female,20s,P21,Socks Set,Accessories,1500,1,1500
O00987,2025-03-01,C006,male,40s,P03,Blouse,Tops,4900,1,4900
O00987,2025-03-01,C006,male,40s,P11,Denim Jacket,Outerwear,9800,2,19600
O00987,2025-03-01,C006,male,40s,P19,Scarf,Accessories,2900,1,2900
O00988,2025-03-01,C006,male,40s,P14,Sneakers,Shoes,8900,1,8900
O00988,2025-03-01,C006,male,40s,P15,Loafers,Shoes,11800,2,23600
O00989,2025-03-01,C022,male,20s,P03,Blouse,Tops,4900,1,4900
O00989,2025-03-01,C022,male,20s,P11,Denim Jacket,Outerwear,9800,1,9800
O00989,2025-03-01,C022,male,20s,P21,Socks Set,Accessories,1500,1,1500
O00990,2025-03-01,C054,male,10s,P05,Skinny Denim,Bottoms,7900,2,15800
O00990,2025-03-01,C054,male,10s,P15,Loafers,Shoes,11800,2,23600
O00991,2025-03-02,C011,female,40s,P07,Pleated Skirt,Bottoms,5900,1,5900
O00992,2025-03-02,C023,female,20s,P06,Wide Pants,Bottoms,6900,1,6900
O00993,2025-03-03,C005,female,20s,P01,T-shirt,Tops,2900,1,2900
O00993,2025-03-03,C005,female,20s,P08,Chino Pants,Bottoms,5900,1,5900
O00994,2025-03-03,C025,female,20s,P13,Knit Dress,Dresses,9900,1,9900
O00995,2025-03-03,C052,female,30s,P06,Wide Pants,Bottoms,6900,1,6900
O00995,2025-03-03,C052,female,30s,P16,Ankle Boots,Shoes,13800,1,13800
O00996,2025-03-04,C001,male,10s,P01,T-shirt,Tops,2900,1,2900
O00996,2025-03-04,C001,male,10s,P19,Scarf,Accessories,2900,1,2900
O00996,2025-03-04,C001,male,10s,P20,Cap,Accessories,2400,1,2400
O00997,2025-03-04,C036,female,30s,P03,Blouse,Tops,4900,1,4900
O00997,2025-03-04,C036,female,30s,P09,Trench Coat,Outerwear,24800,2,49600
O00997,2025-03-04,C036,female,30s,P19,Scarf,Accessories,2900,1,2900
O00998,2025-03-06,C013,female,20s,P02,Knit Sweater,Tops,6900,2,13800
O00998,2025-03-06,C013,female,20s,P05,Skinny Denim,Bottoms,7900,2,15800
O00999,2025-03-06,C026,male,30s,P05,Skinny Denim,Bottoms,7900,1,7900
O01000,2025-03-06,C036,female,30s,P02,Knit Sweater,Tops,6900,1,6900
O01000,2025-03-06,C036,female,30s,P14,Sneakers,Shoes,8900,1,8900
O01001,2025-03-06,C055,female,30s,P02,Knit Sweater,Tops,6900,1,6900
O01001,2025-03-06,C055,female,30s,P03,Blouse,Tops,4900,1,4900
O01002,2025-03-06,C069,female,40s,P08,Chino Pants,Bottoms,5900,1,5900
O01002,2025-03-06,C069,female,40s,P14,Sneakers,Shoes,8900,1,8900
O01003,2025-03-07,C034,female,50+,P09,Trench Coat,Outerwear,24800,1,24800
O01003,2025-03-07,C034,female,50+,P20,Cap,Accessories,2400,1,2400
O01004,2025-03-09,C004,female,30s,P07,Pleated Skirt,Bottoms,5900,1,5900
O01004,2025-03-09,C004,female,30s,P11,Denim Jacket,Outerwear,9800,1,9800
O01004,2025-03-09,C004,female,30s,P15,Loafers,Shoes,11800,1,11800
O01005,2025-03-09,C058,male,30s,P03,Blouse,Tops,4900,1,4900
O01005,2025-03-09,C058,male,30s,P11,Denim Jacket,Outerwear,9800,1,9800
O01005,2025-03-09,C058,male,30s,P12,Shirt Dress,Dresses,8900,1,8900
O01006,2025-03-12,C003,female,40s,P05,Skinny Denim,Bottoms,7900,1,7900
O01007,2025-03-13,C025,female,20s,P08,Chino Pants,Bottoms,5900,1,5900
O01007,2025-03-13,C025,female,20s,P14,Sneakers,Shoes,8900,1,8900
O01008,2025-03-13,C074,male,20s,P01,T-shirt,Tops,2900,1,2900
O01009,2025-03-14,C001,male,10s,P01,T-shirt,Tops,2900,2,5800
O01010,2025-03-14,C003,female,40s,P15,Loafers,Shoes,11800,1,11800
O01011,2025-03-14,C005,female,20s,P11,Denim Jacket,Outerwear,9800,1,9800
O01012,2025-03-14,C027,female,40s,P04,Hoodie,Tops,5900,2,11800
O01012,2025-03-14,C027,female,40s,P08,Chino Pants,Bottoms,5900,1,5900
O01012,2025-03-14,C027,female,40s,P21,Socks Set,Accessories,1500,1,1500
O01013,2025-03-15,C006,male,40s,P01,T-shirt,Tops,2900,1,2900
O01013,2025-03-15,C006,male,40s,P18,Shoulder Bag,Bags,9800,1,9800
O01014,2025-03-15,C051,male,40s,P04,Hoodie,Tops,5900,1,5900
O01015,2025-03-17,C028,female,20s,P08,Chino Pants,Bottoms,5900,1,5900
O01015,2025-03-17,C028,female,20s,P14,Sneakers,Shoes,8900,1,8900
O01015,2025-03-17,C028,female,20s,P18,Shoulder Bag,Bags,9800,1,9800
O01016,2025-03-18,C001,male,10s,P02,Knit Sweater,Tops,6900,1,6900
O01016,2025-03-18,C001,male,10s,P04,Hoodie,Tops,5900,1,5900
O01017,2025-03-18,C018,female,40s,P09,Trench Coat,Outerwear,24800,1,24800
O01017,2025-03-18,C018,female,40s,P14,Sneakers,Shoes,8900,1,8900
O01017,2025-03-18,C018,female,40s,P16,Ankle Boots,Shoes,13800,1,13800
O01018,2025-03-18,C055,female,30s,P20,Cap,Accessories,2400,1,2400
O01019,2025-03-19,C015,female,30s,P03,Blouse,Tops,4900,1,4900
O01019,2025-03-19,C015,female,30s,P07,Pleated Skirt,Bottoms,5900,1,5900
O01020,2025-03-19,C036,female,30s,P01,T-shirt,Tops,2900,1,2900
O01021,2025-03-20,C075,female,20s,P01,T-shirt,Tops,2900,1,2900
O01021,2025-03-20,C075,female,20s,P05,Skinny Denim,Bottoms,7900,1,7900
O01022,2025-03-21,C012,female,10s,P03,Blouse,Tops,4900,1,4900
O01022,2025-03-21,C012,female,10s,P16,Ankle Boots,Shoes,13800,1,13800
O01023,2025-03-22,C055,female,30s,P09,Trench Coat,Outerwear,24800,1,24800
O01024,2025-03-23,C028,female,20s,P01,T-shirt,Tops,2900,1,2900
O01024,2025-03-23,C028,female,20s,P11,Denim Jacket,Outerwear,9800,2,19600
O01024,2025-03-23,C028,female,20s,P19,Scarf,Accessories,2900,1,2900
O01025,2025-03-24,C011,female,40s,P04,Hoodie,Tops,5900,2,11800
O01025,2025-03-24,C011,female,40s,P14,Sneakers,Shoes,8900,1,8900
O01025,2025-03-24,C011,female,40s,P19,Scarf,Accessories,2900,2,5800
O01026,2025-03-24,C033,male,40s,P02,Knit Sweater,Tops,6900,1,6900
O01026,2025-03-24,C033,male,40s,P13,Knit Dress,Dresses,9900,1,9900
O01026,2025-03-24,C033,male,40s,P19,Scarf,Accessories,2900,1,2900
O01027,2025-03-24,C075,female,20s,P14,Sneakers,Shoes,8900,1,8900
O01028,2025-03-25,C025,female,20s,P02,Knit Sweater,Tops,6900,1,6900
O01028,2025-03-25,C025,female,20s,P09,Trench Coat,Outerwear,24800,1,24800
O01028,2025-03-25,C025,female,20s,P11,Denim Jacket,Outerwear,9800,1,9800
O01029,2025-03-25,C035,female,40s,P14,Sneakers,Shoes,8900,1,8900
O01029,2025-03-25,C035,female,40s,P18,Shoulder Bag,Bags,9800,1,9800
O01030,2025-03-27,C011,female,40s,P02,Knit Sweater,Tops,6900,1,6900
O01030,2025-03-27,C011,female,40s,P20,Cap,Accessories,2400,1,2400
O01031,2025-03-27,C037,female,40s,P04,Hoodie,Tops,5900,1,5900
O01032,2025-03-28,C003,female,40s,P08,Chino Pants,Bottoms,5900,1,5900
O01032,2025-03-28,C003,female,40s,P18,Shoulder Bag,Bags,9800,1,9800
O01032,2025-03-28,C003,female,40s,P20,Cap,Accessories,2400,1,2400
O01033,2025-03-28,C050,female,50+,P01,T-shirt,Tops,2900,1,2900
O01033,2025-03-28,C050,female,50+,P08,Chino Pants,Bottoms,5900,1,5900
O01034,2025-03-29,C015,female,30s,P01,T-shirt,Tops,2900,2,5800
O01035,2025-03-29,C048,male,20s,P01,T-shirt,Tops,2900,1,2900
O01036,2025-03-30,C073,male,20s,P09,Trench Coat,Outerwear,24800,1,24800
O01037,2025-03-31,C005,female,20s,P03,Blouse,Tops,4900,1,4900
O01037,2025-03-31,C005,female,20s,P05,Skinny Denim,Bottoms,7900,1,7900
O01037,2025-03-31,C005,female,20s,P16,Ankle Boots,Shoes,13800,1,13800
O01038,2025-03-31,C020,female,20s,P08,Chino Pants,Bottoms,5900,1,5900
O01038,2025-03-31,C020,female,20s,P15,Loafers,Shoes,11800,1,11800
O01038,2025-03-31,C020,female,20s,P20,Cap,Accessories,2400,1,2400
O01039,2025-04-01,C048,male,20s,P11,Denim Jacket,Outerwear,9800,1,9800
O01040,2025-04-03,C011,female,40s,P03,Blouse,Tops,4900,1,4900
O01040,2025-04-03,C011,female,40s,P06,Wide Pants,Bottoms,6900,1,6900
O01041,2025-04-04,C002,male,50+,P01,T-shirt,Tops,2900,1,2900
O01042,2025-04-04,C026,male,30s,P04,Hoodie,Tops,5900,1,5900
O01042,2025-04-04,C026,male,30s,P06,Wide Pants,Bottoms,6900,1,6900
O01042,2025-04-04,C026,male,30s,P08,Chino Pants,Bottoms,5900,2,11800
O01043,2025-04-04,C076,male,40s,P10,Down Jacket,Outerwear,19800,1,19800
O01044,2025-04-05,C059,male,30s,P05,Skinny Denim,Bottoms,7900,1,7900
O01044,2025-04-05,C059,male,30s,P12,Shirt Dress,Dresses,8900,1,8900
O01045,2025-04-05,C073,male,20s,P11,Denim Jacket,Outerwear,9800,1,9800
O01045,2025-04-05,C073,male,20s,P16,Ankle Boots,Shoes,13800,1,13800
O01046,2025-04-06,C002,male,50+,P08,Chino Pants,Bottoms,5900,2,11800
O01046,2025-04-06,C002,male,50+,P09,Trench Coat,Outerwear,24800,1,24800
O01046,2025-04-06,C002,male,50+,P16,Ankle Boots,Shoes,13800,1,13800
O01047,2025-04-06,C026,male,30s,P05,Skinny Denim,Bottoms,7900,1,7900
O01047,2025-04-06,C026,male,30s,P10,Down Jacket,Outerwear,19800,1,19800
O01048,2025-04-06,C027,female,40s,P01,T-shirt,Tops,2900,1,2900
O01048,2025-04-06,C027,female,40s,P10,Down Jacket,Outerwear,19800,1,19800
O01049,2025-04-06,C039,female,20s,P04,Hoodie,Tops,5900,1,5900
O01049,2025-04-06,C039,female,20s,P17,Tote Bag,Bags,6900,1,6900
O01050,2025-04-06,C040,female,40s,P05,Skinny Denim,Bottoms,7900,1,7900
O01050,2025-04-06,C040,female,40s,P09,Trench Coat,Outerwear,24800,2,49600
O01050,2025-04-06,C040,female,40s,P14,Sneakers,Shoes,8900,1,8900
O01051,2025-04-07,C010,female,10s,P01,T-shirt,Tops,2900,1,2900
O01051,2025-04-07,C010,female,10s,P02,Knit Sweater,Tops,6900,1,6900
O01051,2025-04-07,C010,female,10s,P14,Sneakers,Shoes,8900,1,8900
O01052,2025-04-08,C008,male,30s,P01,T-shirt,Tops,2900,1,2900
O01052,2025-04-08,C008,male,30s,P05,Skinny Denim,Bottoms,7900,1,7900
O01053,2025-04-08,C013,female,20s,P04,Hoodie,Tops,5900,1,5900
O01053,2025-04-08,C013,female,20s,P05,Skinny Denim,Bottoms,7900,2,15800
O01053,2025-04-08,C013,female,20s,P13,Knit Dress,Dresses,9900,1,9900
O01054,2025-04-08,C017,female,40s,P07,Pleated Skirt,Bottoms,5900,2,11800
O01054,2025-04-08,C017,female,40s,P14,Sneakers,Shoes,8900,1,8900
O01055,2025-04-09,C008,male,30s,P09,Trench Coat,Outerwear,24800,1,24800
O01055,2025-04-09,C008,male,30s,P15,Loafers,Shoes,11800,1,11800
O01056,2025-04-09,C018,female,40s,P05,Skinny Denim,Bottoms,7900,1,7900
O01057,2025-04-09,C074,male,20s,P01,T-shirt,Tops,2900,1,2900
O01057,2025-04-09,C074,male,20s,P02,Knit Sweater,Tops,6900,1,6900
O01057,2025-04-09,C074,male,20s,P13,Knit Dress,Dresses,9900,1,9900
O01058,2025-04-10,C024,female,30s,P14,Sneakers,Shoes,8900,1,8900
O01059,2025-04-10,C069,female,40s,P21,Socks Set,Accessories,1500,1,1500
O01060,2025-04-12,C051,male,40s,P03,Blouse,Tops,4900,1,4900
O01061,2025-04-13,C009,female,50+,P03,Blouse,Tops,4900,1,4900
O01061,2025-04-13,C009,female,50+,P18,Shoulder Bag,Bags,9800,1,9800
O01062,2025-04-14,C021,female,30s,P20,Cap,Accessories,2400,1,2400
O01063,2025-04-14,C063,female,50+,P17,Tote Bag,Bags,6900,1,6900
O01063,2025-04-14,C063,female,50+,P19,Scarf,Accessories,2900,1,2900
O01064,2025-04-16,C012,female,10s,P11,Denim Jacket,Outerwear,9800,1,9800
O01064,2025-04-16,C012,female,10s,P19,Scarf,Accessories,2900,1,2900
O01064,2025-04-16,C012,female,10s,P21,Socks Set,Accessories,1500,1,1500
O01065,2025-04-17,C001,male,10s,P05,Skinny Denim,Bottoms,7900,1,7900
O01066,2025-04-17,C015,female,30s,P02,Knit Sweater,Tops,6900,1,6900
O01066,2025-04-17,C015,female,30s,P06,Wide Pants,Bottoms,6900,1,6900
O01066,2025-04-17,C015,female,30s,P08,Chino Pants,Bottoms,5900,1,5900
O01067,2025-04-17,C034,female,50+,P03,Blouse,Tops,4900,2,9800
O01067,2025-04-17,C034,female,50+,P05,Skinny Denim,Bottoms,7900,1,7900
O01067,2025-04-17,C034,female,50+,P18,Shoulder Bag,Bags,9800,1,9800
O01068,2025-04-17,C058,male,30s,P07,Pleated Skirt,Bottoms,5900,1,5900
O01069,2025-04-18,C016,female,40s,P12,Shirt Dress,Dresses,8900,1,8900
O01070,2025-04-18,C047,female,20s,P07,Pleated Skirt,Bottoms,5900,1,5900
O01070,2025-04-18,C047,female,20s,P12,Shirt Dress,Dresses,8900,2,17800
O01071,2025-04-18,C049,female,30s,P12,Shirt Dress,Dresses,8900,1,8900
O01072,2025-04-18,C074,male,20s,P11,Denim Jacket,Outerwear,9800,1,9800
O01073,2025-04-19,C035,female,40s,P15,Loafers,Shoes,11800,1,11800
O01074,2025-04-19,C053,female,30s,P03,Blouse,Tops,4900,1,4900
O01074,2025-04-19,C053,female,30s,P14,Sneakers,Shoes,8900,1,8900
O01075,2025-04-20,C031,female,20s,P02,Knit Sweater,Tops,6900,1,6900
O01076,2025-04-20,C036,female,30s,P01,T-shirt,Tops,2900,1,2900
O01076,2025-04-20,C036,female,30s,P07,Pleated Skirt,Bottoms,5900,1,5900
O01077,2025-04-21,C035,female,40s,P07,Pleated Skirt,Bottoms,5900,1,5900
O01077,2025-04-21,C035,female,40s,P17,Tote Bag,Bags,6900,1,6900
O01077,2025-04-21,C035,female,40s,P18,Shoulder Bag,Bags,9800,1,9800
O01078,2025-04-21,C036,female,30s,P06,Wide Pants,Bottoms,6900,1,6900
O01078,2025-04-21,C036,female,30s,P20,Cap,Accessories,2400,1,2400
O01079,2025-04-24,C007,male,50+,P05,Skinny Denim,Bottoms,7900,1,7900
O01080,2025-04-24,C038,female,20s,P01,T-shirt,Tops,2900,1,2900
O01081,2025-04-26,C004,female,30s,P05,Skinny Denim,Bottoms,7900,1,7900
O01081,2025-04-26,C004,female,30s,P06,Wide Pants,Bottoms,6900,1,6900
O01081,2025-04-26,C004,female,30s,P19,Scarf,Accessories,2900,1,2900
O01082,2025-04-26,C009,female,50+,P03,Blouse,Tops,4900,1,4900
O01082,2025-04-26,C009,female,50+,P14,Sneakers,Shoes,8900,1,8900
O01082,2025-04-26,C009,female,50+,P15,Loafers,Shoes,11800,1,11800
O01083,2025-04-26,C018,female,40s,P03,Blouse,Tops,4900,1,4900
O01083,2025-04-26,C018,female,40s,P08,Chino Pants,Bottoms,5900,1,5900
O01083,2025-04-26,C018,female,40s,P13,Knit Dress,Dresses,9900,1,9900
O01084,2025-04-27,C067,female,20s,P14,Sneakers,Shoes,8900,1,8900
O01084,2025-04-27,C067,female,20s,P16,Ankle Boots,Shoes,13800,1,13800
O01085,2025-04-28,C006,male,40s,P16,Ankle Boots,Shoes,13800,1,13800
O01086,2025-04-28,C014,female,10s,P07,Pleated Skirt,Bottoms,5900,1,5900
O01087,2025-04-28,C014,female,10s,P03,Blouse,Tops,4900,1,4900
O01087,2025-04-28,C014,female,10s,P17,Tote Bag,Bags,6900,1,6900
O01088,2025-04-28,C021,female,30s,P03,Blouse,Tops,4900,1,4900
O01088,2025-04-28,C021,female,30s,P14,Sneakers,Shoes,8900,2,17800
O01089,2025-04-29,C058,male,30s,P08,Chino Pants,Bottoms,5900,2,11800
O01090,2025-04-30,C018,female,40s,P20,Cap,Accessories,2400,1,2400
O01091,2025-04-30,C043,female,20s,P02,Knit Sweater,Tops,6900,2,13800
O01091,2025-04-30,C043,female,20s,P07,Pleated Skirt,Bottoms,5900,1,5900
O01091,2025-04-30,C043,female,20s,P14,Sneakers,Shoes,8900,1,8900
O01092,2025-05-01,C020,female,20s,P01,T-shirt,Tops,2900,1,2900
O01093,2025-05-01,C046,female,30s,P07,Pleated Skirt,Bottoms,5900,1,5900
O01094,2025-05-03,C036,female,30s,P01,T-shirt,Tops,2900,1,2900
O01094,2025-05-03,C036,female,30s,P06,Wide Pants,Bottoms,6900,1,6900
O01095,2025-05-04,C005,female,20s,P02,Knit Sweater,Tops,6900,1,6900
O01095,2025-05-04,C005,female,20s,P03,Blouse,Tops,4900,1,4900
O01095,2025-05-04,C005,female,20s,P21,Socks Set,Accessories,1500,1,1500
O01096,2025-05-04,C023,female,20s,P05,Skinny Denim,Bottoms,7900,1,7900
O01096,2025-05-04,C023,female,20s,P21,Socks Set,Accessories,1500,2,3000
O01097,2025-05-05,C016,female,40s,P05,Skinny Denim,Bottoms,7900,1,7900
O01097,2025-05-05,C016,female,40s,P15,Loafers,Shoes,11800,1,11800
O01097,2025-05-05,C016,female,40s,P21,Socks Set,Accessories,1500,1,1500
O01098,2025-05-05,C056,female,20s,P01,T-shirt,Tops,2900,1,2900
O01098,2025-05-05,C056,female,20s,P06,Wide Pants,Bottoms,6900,1,6900
O01099,2025-05-07,C033,male,40s,P12,Shirt Dress,Dresses,8900,1,8900
O01100,2025-05-08,C009,female,50+,P01,T-shirt,Tops,2900,1,2900
O01100,2025-05-08,C009,female,50+,P17,Tote Bag,Bags,6900,1,6900
O01100,2025-05-08,C009,female,50+,P19,Scarf,Accessories,2900,1,2900
O01101,2025-05-09,C071,female,40s,P20,Cap,Accessories,2400,1,2400
O01102,2025-05-10,C011,female,40s,P21,Socks Set,Accessories,1500,1,1500
O01103,2025-05-10,C034,female,50+,P19,Scarf,Accessories,2900,1,2900
O01104,2025-05-11,C026,male,30s,P03,Blouse,Tops,4900,1,4900
O01104,2025-05-11,C026,male,30s,P07,Pleated Skirt,Bottoms,5900,1,5900
O01104,2025-05-11,C026,male,30s,P19,Scarf,Accessories,2900,1,2900
O01105,2025-05-11,C050,female,50+,P01,T-shirt,Tops,2900,1,2900
O01106,2025-05-12,C001,male,10s,P17,Tote Bag,Bags,6900,2,13800
O01107,2025-05-12,C008,male,30s,P01,T-shirt,Tops,2900,1,2900
O01107,2025-05-12,C008,male,30s,P11,Denim Jacket,Outerwear,9800,1,9800
O01108,2025-05-17,C003,female,40s,P10,Down Jacket,Outerwear,19800,1,19800
O01108,2025-05-17,C003,female,40s,P11,Denim Jacket,Outerwear,9800,1,9800
O01109,2025-05-17,C023,female,20s,P04,Hoodie,Tops,5900,1,5900
O01109,2025-05-17,C023,female,20s,P05,Skinny Denim,Bottoms,7900,1,7900
O01110,2025-05-18,C017,female,40s,P01,T-shirt,Tops,2900,2,5800
O01110,2025-05-18,C017,female,40s,P04,Hoodie,Tops,5900,1,5900
O01110,2025-05-18,C017,female,40s,P14,Sneakers,Shoes,8900,1,8900
O01111,2025-05-18,C022,male,20s,P05,Skinny Denim,Bottoms,7900,1,7900
O01111,2025-05-18,C022,male,20s,P11,Denim Jacket,Outerwear,9800,1,9800
O01112,2025-05-20,C045,female,20s,P04,Hoodie,Tops,5900,1,5900
O01112,2025-05-20,C045,female,20s,P05,Skinny Denim,Bottoms,7900,1,7900
O01112,2025-05-20,C045,female,20s,P18,Shoulder Bag,Bags,9800,1,9800
O01113,2025-05-21,C015,female,30s,P05,Skinny Denim,Bottoms,7900,1,7900
O01113,2025-05-21,C015,female,30s,P08,Chino Pants,Bottoms,5900,1,5900
O01113,2025-05-21,C015,female,30s,P15,Loafers,Shoes,11800,1,11800
O01114,2025-05-21,C036,female,30s,P09,Trench Coat,Outerwear,24800,1,24800
O01115,2025-05-22,C002,male,50+,P05,Skinny Denim,Bottoms,7900,1,7900
O01115,2025-05-22,C002,male,50+,P07,Pleated Skirt,Bottoms,5900,2,11800
O01116,2025-05-23,C038,female,20s,P02,Knit Sweater,Tops,6900,1,6900
O01117,2025-05-24,C003,female,40s,P09,Trench Coat,Outerwear,24800,1,24800
O01118,2025-05-28,C010,female,10s,P01,T-shirt,Tops,2900,2,5800
O01118,2025-05-28,C010,female,10s,P04,Hoodie,Tops,5900,1,5900
O01119,2025-05-28,C059,male,30s,P01,T-shirt,Tops,2900,1,2900
O01119,2025-05-28,C059,male,30s,P06,Wide Pants,Bottoms,6900,1,6900
O01119,2025-05-28,C059,male,30s,P17,Tote Bag,Bags,6900,2,13800
O01120,2025-05-28,C066,female,20s,P02,Knit Sweater,Tops,6900,1,6900
O01121,2025-05-29,C037,female,40s,P01,T-shirt,Tops,2900,1,2900
O01121,2025-05-29,C037,female,40s,P15,Loafers,Shoes,11800,1,11800
O01122,2025-05-29,C052,female,30s,P03,Blouse,Tops,4900,1,4900
O01122,2025-05-29,C052,female,30s,P08,Chino Pants,Bottoms,5900,1,5900
O01122,2025-05-29,C052,female,30s,P10,Down Jacket,Outerwear,19800,1,19800
O01123,2025-05-29,C063,female,50+,P04,Hoodie,Tops,5900,1,5900
O01123,2025-05-29,C063,female,50+,P05,Skinny Denim,Bottoms,7900,1,7900
O01124,2025-05-30,C008,male,30s,P03,Blouse,Tops,4900,1,4900
O01124,2025-05-30,C008,male,30s,P08,Chino Pants,Bottoms,5900,1,5900
O01125,2025-05-31,C066,female,20s,P04,Hoodie,Tops,5900,1,5900
O01125,2025-05-31,C066,female,20s,P14,Sneakers,Shoes,8900,1,8900
O01126,2025-06-01,C001,male,10s,P01,T-shirt,Tops,2900,1,2900
O01126,2025-06-01,C001,male,10s,P14,Sneakers,Shoes,8900,1,8900
O01126,2025-06-01,C001,male,10s,P17,Tote Bag,Bags,6900,1,6900
O01127,2025-06-01,C013,female,20s,P20,Cap,Accessories,2400,1,2400
O01128,2025-06-01,C029,female,30s,P04,Hoodie,Tops,5900,1,5900
O01128,2025-06-01,C029,female,30s,P08,Chino Pants,Bottoms,5900,1,5900
O01129,2025-06-01,C047,female,20s,P04,Hoodie,Tops,5900,1,5900
O01130,2025-06-02,C002,male,50+,P01,T-shirt,Tops,2900,1,2900
O01130,2025-06-02,C002,male,50+,P04,Hoodie,Tops,5900,1,5900
O01130,2025-06-02,C002,male,50+,P11,Denim Jacket,Outerwear,9800,1,9800
O01131,2025-06-03,C008,male,30s,P01,T-shirt,Tops,2900,1,2900
O01132,2025-06-03,C046,female,30s,P01,T-shirt,Tops,2900,2,5800
O01132,2025-06-03,C046,female,30s,P03,Blouse,Tops,4900,1,4900
O01132,2025-06-03,C046,female,30s,P12,Shirt Dress,Dresses,8900,1,8900
O01133,2025-06-04,C086,male,20s,P15,Loafers,Shoes,11800,1,11800
O01134,2025-06-04,C088,female,30s,P01,T-shirt,Tops,2900,1,2900
O01135,2025-06-05,C031,female,20s,P03,Blouse,Tops,4900,1,4900
O01135,2025-06-05,C031,female,20s,P05,Skinny Denim,Bottoms,7900,1,7900
O01135,2025-06-05,C031,female,20s,P08,Chino Pants,Bottoms,5900,1,5900
O01136,2025-06-06,C006,male,40s,P01,T-shirt,Tops,2900,1,2900
O01136,2025-06-06,C006,male,40s,P10,Down Jacket,Outerwear,19800,1,19800
O01136,2025-06-06,C006,male,40s,P17,Tote Bag,Bags,6900,1,6900
O01137,2025-06-06,C024,female,30s,P17,Tote Bag,Bags,6900,1,6900
O01138,2025-06-10,C014,female,10s,P12,Shirt Dress,Dresses,8900,2,17800
O01138,2025-06-10,C014,female,10s,P20,Cap,Accessories,2400,1,2400
O01139,2025-06-10,C030,female,10s,P07,Pleated Skirt,Bottoms,5900,1,5900
O01139,2025-06-10,C030,female,10s,P14,Sneakers,Shoes,8900,1,8900
O01140,2025-06-10,C047,female,20s,P04,Hoodie,Tops,5900,1,5900
O01140,2025-06-10,C047,female,20s,P18,Shoulder Bag,Bags,9800,1,9800
O01141,2025-06-10,C053,female,30s,P03,Blouse,Tops,4900,1,4900
O01141,2025-06-10,C053,female,30s,P12,Shirt Dress,Dresses,8900,1,8900
O01142,2025-06-11,C083,female,20s,P01,T-shirt,Tops,2900,1,2900
O01142,2025-06-11,C083,female,20s,P07,Pleated Skirt,Bottoms,5900,1,5900
O01143,2025-06-12,C009,female,50+,P01,T-shirt,Tops,2900,2,5800
O01143,2025-06-12,C009,female,50+,P04,Hoodie,Tops,5900,1,5900
O01143,2025-06-12,C009,female,50+,P12,Shirt Dress,Dresses,8900,1,8900
O01144,2025-06-12,C029,female,30s,P14,Sneakers,Shoes,8900,1,8900
O01145,2025-06-12,C032,male,50+,P04,Hoodie,Tops,5900,1,5900
O01145,2025-06-12,C032,male,50+,P08,Chino Pants,Bottoms,5900,1,5900
O01146,2025-06-12,C047,female,20s,P17,Tote Bag,Bags,6900,1,6900
O01146,2025-06-12,C047,female,20s,P18,Shoulder Bag,Bags,9800,1,9800
O01147,2025-06-12,C083,female,20s,P01,T-shirt,Tops,2900,1,2900
O01147,2025-06-12,C083,female,20s,P11,Denim Jacket,Outerwear,9800,1,9800
O01147,2025-06-12,C083,female,20s,P13,Knit Dress,Dresses,9900,1,9900
O01148,2025-06-13,C013,female,20s,P01,T-shirt,Tops,2900,1,2900
O01148,2025-06-13,C013,female,20s,P20,Cap,Accessories,2400,1,2400
O01149,2025-06-13,C030,female,10s,P06,Wide Pants,Bottoms,6900,1,6900
O01149,2025-06-13,C030,female,10s,P07,Pleated Skirt,Bottoms,5900,1,5900
O01150,2025-06-13,C062,female,20s,P14,Sneakers,Shoes,8900,1,8900
O01151,2025-06-13,C079,male,40s,P07,Pleated Skirt,Bottoms,5900,1,5900
O01152,2025-06-14,C001,male,10s,P12,Shirt Dress,Dresses,8900,1,8900
O01152,2025-06-14,C001,male,10s,P14,Sneakers,Shoes,8900,1,8900
O01153,2025-06-14,C020,female,20s,P01,T-shirt,Tops,2900,1,2900
O01154,2025-06-15,C018,female,40s,P01,T-shirt,Tops,2900,1,2900
O01154,2025-06-15,C018,female,40s,P03,Blouse,Tops,4900,1,4900
O01154,2025-06-15,C018,female,40s,P11,Denim Jacket,Outerwear,9800,1,9800
O01155,2025-06-15,C027,female,40s,P01,T-shirt,Tops,2900,1,2900
O01155,2025-06-15,C027,female,40s,P04,Hoodie,Tops,5900,1,5900
O01156,2025-06-16,C001,male,10s,P04,Hoodie,Tops,5900,1,5900
O01156,2025-06-16,C001,male,10s,P15,Loafers,Shoes,11800,1,11800
O01156,2025-06-16,C001,male,10s,P20,Cap,Accessories,2400,1,2400
O01157,2025-06-17,C070,female,20s,P08,Chino Pants,Bottoms,5900,1,5900
O01158,2025-06-18,C048,male,20s,P03,Blouse,Tops,4900,1,4900
O01159,2025-06-19,C013,female,20s,P17,Tote Bag,Bags,6900,1,6900
O01160,2025-06-19,C016,female,40s,P01,T-shirt,Tops,2900,1,2900
O01160,2025-06-19,C016,female,40s,P07,Pleated Skirt,Bottoms,5900,1,5900
O01160,2025-06-19,C016,female,40s,P13,Knit Dress,Dresses,9900,1,9900
O01161,2025-06-19,C031,female,20s,P02,Knit Sweater,Tops,6900,1,6900
O01161,2025-06-19,C031,female,20s,P14,Sneakers,Shoes,8900,1,8900
O01162,2025-06-19,C034,female,50+,P07,Pleated Skirt,Bottoms,5900,1,5900
O01162,2025-06-19,C034,female,50+,P19,Scarf,Accessories,2900,1,2900
O01163,2025-06-19,C053,female,30s,P17,Tote Bag,Bags,6900,1,6900
O01163,2025-06-19,C053,female,30s,P21,Socks Set,Accessories,1500,1,1500
O01164,2025-06-20,C011,female,40s,P03,Blouse,Tops,4900,1,4900
O01164,2025-06-20,C011,female,40s,P20,Cap,Accessories,2400,1,2400
O01165,2025-06-20,C031,female,20s,P04,Hoodie,Tops,5900,1,5900
O01165,2025-06-20,C031,female,20s,P19,Scarf,Accessories,2900,1,2900
O01166,2025-06-20,C065,male,20s,P04,Hoodie,Tops,5900,1,5900
O01167,2025-06-21,C088,female,30s,P05,Skinny Denim,Bottoms,7900,2,15800
O01167,2025-06-21,C088,female,30s,P19,Scarf,Accessories,2900,1,2900
O01168,2025-06-22,C011,female,40s,P06,Wide Pants,Bottoms,6900,1,6900
O01168,2025-06-22,C011,female,40s,P07,Pleated Skirt,Bottoms,5900,1,5900
O01168,2025-06-22,C011,female,40s,P14,Sneakers,Shoes,8900,1,8900
O01169,2025-06-22,C019,female,40s,P06,Wide Pants,Bottoms,6900,1,6900
O01169,2025-06-22,C019,female,40s,P07,Pleated Skirt,Bottoms,5900,1,5900
O01170,2025-06-24,C009,female,50+,P04,Hoodie,Tops,5900,1,5900
O01170,2025-06-24,C009,female,50+,P07,Pleated Skirt,Bottoms,5900,1,5900
O01170,2025-06-24,C009,female,50+,P14,Sneakers,Shoes,8900,1,8900
O01171,2025-06-24,C018,female,40s,P07,Pleated Skirt,Bottoms,5900,1,5900
O01171,2025-06-24,C018,female,40s,P18,Shoulder Bag,Bags,9800,1,9800
O01172,2025-06-24,C069,female,40s,P15,Loafers,Shoes,11800,1,11800
O01173,2025-06-25,C040,female,40s,P12,Shirt Dress,Dresses,8900,1,8900
O01174,2025-06-26,C005,female,20s,P01,T-shirt,Tops,2900,2,5800
O01174,2025-06-26,C005,female,20s,P12,Shirt Dress,Dresses,8900,1,8900
O01174,2025-06-26,C005,female,20s,P21,Socks Set,Accessories,1500,1,1500
O01175,2025-06-27,C010,female,10s,P12,Shirt Dress,Dresses,8900,1,8900
O01175,2025-06-27,C010,female,10s,P14,Sneakers,Shoes,8900,1,8900
O01176,2025-06-27,C051,male,40s,P11,Denim Jacket,Outerwear,9800,1,9800
O01177,2025-06-27,C052,female,30s,P01,T-shirt,Tops,2900,1,2900
O01178,2025-06-27,C081,male,30s,P01,T-shirt,Tops,2900,1,2900
O01179,2025-06-28,C001,male,10s,P01,T-shirt,Tops,2900,2,5800
O01179,2025-06-28,C001,male,10s,P05,Skinny Denim,Bottoms,7900,2,15800
O01180,2025-06-30,C007,male,50+,P01,T-shirt,Tops,2900,1,2900
O01180,2025-06-30,C007,male,50+,P05,Skinny Denim,Bottoms,7900,1,7900
O01181,2025-06-30,C013,female,20s,P06,Wide Pants,Bottoms,6900,1,6900
O01181,2025-06-30,C013,female,20s,P07,Pleated Skirt,Bottoms,5900,1,5900
O01182,2025-06-30,C043,female,20s,P01,T-shirt,Tops,2900,1,2900
O01183,2025-07-01,C026,male,30s,P21,Socks Set,Accessories,1500,1,1500
O01184,2025-07-03,C003,female,40s,P01,T-shirt,Tops,2900,1,2900
O01184,2025-07-03,C003,female,40s,P05,Skinny Denim,Bottoms,7900,1,7900
O01184,2025-07-03,C003,female,40s,P12,Shirt Dress,Dresses,8900,1,8900
O01185,2025-07-04,C041,female,20s,P05,Skinny Denim,Bottoms,7900,1,7900
O01186,2025-07-04,C058,male,30s,P03,Blouse,Tops,4900,1,4900
O01187,2025-07-05,C064,female,40s,P19,Scarf,Accessories,2900,1,2900
O01188,2025-07-05,C067,female,20s,P04,Hoodie,Tops,5900,2,11800
O01189,2025-07-06,C014,female,10s,P18,Shoulder Bag,Bags,9800,2,19600
O01190,2025-07-07,C015,female,30s,P06,Wide Pants,Bottoms,6900,1,6900
O01190,2025-07-07,C015,female,30s,P15,Loafers,Shoes,11800,1,11800
O01191,2025-07-07,C021,female,30s,P19,Scarf,Accessories,2900,1,2900
O01191,2025-07-07,C021,female,30s,P20,Cap,Accessories,2400,1,2400
O01192,2025-07-09,C030,female,10s,P07,Pleated Skirt,Bottoms,5900,1,5900
O01193,2025-07-09,C056,female,20s,P13,Knit Dress,Dresses,9900,1,9900
O01194,2025-07-10,C028,female,20s,P01,T-shirt,Tops,2900,1,2900
O01194,2025-07-10,C028,female,20s,P05,Skinny Denim,Bottoms,7900,1,7900
O01195,2025-07-10,C035,female,40s,P05,Skinny Denim,Bottoms,7900,1,7900
O01195,2025-07-10,C035,female,40s,P14,Sneakers,Shoes,8900,2,17800
O01196,2025-07-10,C061,female,20s,P05,Skinny Denim,Bottoms,7900,1,7900
O01197,2025-07-11,C029,female,30s,P14,Sneakers,Shoes,8900,1,8900
O01198,2025-07-11,C035,female,40s,P01,T-shirt,Tops,2900,1,2900
O01198,2025-07-11,C035,female,40s,P07,Pleated Skirt,Bottoms,5900,1,5900
O01198,2025-07-11,C035,female,40s,P08,Chino Pants,Bottoms,5900,1,5900
O01199,2025-07-11,C060,female,30s,P20,Cap,Accessories,2400,1,2400
O01200,2025-07-12,C013,female,20s,P07,Pleated Skirt,Bottoms,5900,1,5900
O01200,2025-07-12,C013,female,20s,P12,Shirt Dress,Dresses,8900,1,8900
O01201,2025-07-12,C044,female,20s,P04,Hoodie,Tops,5900,1,5900
O01202,2025-07-13,C019,female,40s,P03,Blouse,Tops,4900,1,4900
O01203,2025-07-13,C065,male,20s,P01,T-shirt,Tops,2900,1,2900
O01203,2025-07-13,C065,male,20s,P14,Sneakers,Shoes,8900,1,8900
O01203,2025-07-13,C065,male,20s,P15,Loafers,Shoes,11800,1,11800
O01204,2025-07-14,C039,female,20s,P05,Skinny Denim,Bottoms,7900,2,15800
O01204,2025-07-14,C039,female,20s,P11,Denim Jacket,Outerwear,9800,1,9800
O01205,2025-07-16,C062,female,20s,P15,Loafers,Shoes,11800,1,11800
O01206,2025-07-17,C020,female,20s,P01,T-shirt,Tops,2900,1,2900
O01206,2025-07-17,C020,female,20s,P17,Tote Bag,Bags,6900,1,6900
O01207,2025-07-17,C051,male,40s,P01,T-shirt,Tops,2900,1,2900
O01207,2025-07-17,C051,male,40s,P12,Shirt Dress,Dresses,8900,1,8900
O01208,2025-07-17,C074,male,20s,P05,Skinny Denim,Bottoms,7900,1,7900
O01208,2025-07-17,C074,male,20s,P06,Wide Pants,Bottoms,6900,1,6900
O01209,2025-07-19,C038,female,20s,P12,Shirt Dress,Dresses,8900,1,8900
O01209,2025-07-19,C038,female,20s,P15,Loafers,Shoes,11800,1,11800
O01210,2025-07-19,C039,female,20s,P07,Pleated Skirt,Bottoms,5900,2,11800
O01210,2025-07-19,C039,female,20s,P18,Shoulder Bag,Bags,9800,1,9800
O01211,2025-07-20,C023,female,20s,P14,Sneakers,Shoes,8900,1,8900
O01211,2025-07-20,C023,female,20s,P17,Tote Bag,Bags,6900,2,13800
O01212,2025-07-20,C034,female,50+,P01,T-shirt,Tops,2900,1,2900
O01213,2025-07-21,C022,male,20s,P01,T-shirt,Tops,2900,1,2900
O01213,2025-07-21,C022,male,20s,P05,Skinny Denim,Bottoms,7900,2,15800
O01213,2025-07-21,C022,male,20s,P20,Cap,Accessories,2400,1,2400
O01214,2025-07-21,C053,female,30s,P14,Sneakers,Shoes,8900,1,8900
O01215,2025-07-21,C075,female,20s,P08,Chino Pants,Bottoms,5900,1,5900
O01215,2025-07-21,C075,female,20s,P13,Knit Dress,Dresses,9900,2,19800
O01216,2025-07-22,C005,female,20s,P01,T-shirt,Tops,2900,1,2900
O01217,2025-07-22,C011,female,40s,P01,T-shirt,Tops,2900,1,2900
O01217,2025-07-22,C011,female,40s,P14,Sneakers,Shoes,8900,1,8900
O01218,2025-07-23,C033,male,40s,P01,T-shirt,Tops,2900,1,2900
O01218,2025-07-23,C033,male,40s,P08,Chino Pants,Bottoms,5900,1,5900
O01218,2025-07-23,C033,male,40s,P20,Cap,Accessories,2400,1,2400
O01219,2025-07-24,C002,male,50+,P06,Wide Pants,Bottoms,6900,1,6900
O01219,2025-07-24,C002,male,50+,P14,Sneakers,Shoes,8900,1,8900
O01220,2025-07-24,C016,female,40s,P01,T-shirt,Tops,2900,1,2900
O01220,2025-07-24,C016,female,40s,P03,Blouse,Tops,4900,1,4900
O01220,2025-07-24,C016,female,40s,P04,Hoodie,Tops,5900,1,5900
O01221,2025-07-25,C002,male,50+,P19,Scarf,Accessories,2900,1,2900
O01221,2025-07-25,C002,male,50+,P20,Cap,Accessories,2400,1,2400
O01222,2025-07-26,C006,male,40s,P01,T-shirt,Tops,2900,1,2900
O01222,2025-07-26,C006,male,40s,P18,Shoulder Bag,Bags,9800,1,9800
O01223,2025-07-26,C008,male,30s,P16,Ankle Boots,Shoes,13800,1,13800
O01224,2025-07-26,C020,female,20s,P01,T-shirt,Tops,2900,1,2900
O01225,2025-07-26,C051,male,40s,P05,Skinny Denim,Bottoms,7900,1,7900
O01225,2025-07-26,C051,male,40s,P14,Sneakers,Shoes,8900,1,8900
O01226,2025-07-28,C004,female,30s,P14,Sneakers,Shoes,8900,1,8900
O01227,2025-07-28,C008,male,30s,P07,Pleated Skirt,Bottoms,5900,1,5900
O01227,2025-07-28,C008,male,30s,P08,Chino Pants,Bottoms,5900,1,5900
O01227,2025-07-28,C008,male,30s,P20,Cap,Accessories,2400,1,2400
O01228,2025-07-28,C027,female,40s,P19,Scarf,Accessories,2900,1,2900
O01229,2025-07-28,C036,female,30s,P07,Pleated Skirt,Bottoms,5900,1,5900
O01229,2025-07-28,C036,female,30s,P11,Denim Jacket,Outerwear,9800,1,9800
O01230,2025-07-29,C072,female,40s,P09,Trench Coat,Outerwear,24800,1,24800
O01231,2025-08-02,C010,female,10s,P01,T-shirt,Tops,2900,1,2900
O01232,2025-08-04,C072,female,40s,P04,Hoodie,Tops,5900,1,5900
O01232,2025-08-04,C072,female,40s,P14,Sneakers,Shoes,8900,1,8900
O01233,2025-08-06,C021,female,30s,P14,Sneakers,Shoes,8900,1,8900
O01233,2025-08-06,C021,female,30s,P15,Loafers,Shoes,11800,1,11800
O01233,2025-08-06,C021,female,30s,P17,Tote Bag,Bags,6900,1,6900
O01234,2025-08-06,C082,male,20s,P14,Sneakers,Shoes,8900,2,17800
O01234,2025-08-06,C082,male,20s,P20,Cap,Accessories,2400,1,2400
O01235,2025-08-08,C030,female,10s,P14,Sneakers,Shoes,8900,1,8900
O01235,2025-08-08,C030,female,10s,P15,Loafers,Shoes,11800,1,11800
O01236,2025-08-08,C051,male,40s,P07,Pleated Skirt,Bottoms,5900,1,5900
O01236,2025-08-08,C051,male,40s,P13,Knit Dress,Dresses,9900,1,9900
O01237,2025-08-09,C050,female,50+,P01,T-shirt,Tops,2900,1,2900
O01237,2025-08-09,C050,female,50+,P11,Denim Jacket,Outerwear,9800,1,9800
O01238,2025-08-10,C012,female,10s,P07,Pleated Skirt,Bottoms,5900,1,5900
O01238,2025-08-10,C012,female,10s,P20,Cap,Accessories,2400,1,2400
O01239,2025-08-10,C032,male,50+,P06,Wide Pants,Bottoms,6900,1,6900
O01240,2025-08-11,C024,female,30s,P15,Loafers,Shoes,11800,1,11800
O01241,2025-08-13,C087,female,50+,P07,Pleated Skirt,Bottoms,5900,1,5900
O01241,2025-08-13,C087,female,50+,P08,Chino Pants,Bottoms,5900,2,11800
O01242,2025-08-14,C017,female,40s,P05,Skinny Denim,Bottoms,7900,1,7900
O01242,2025-08-14,C017,female,40s,P07,Pleated Skirt,Bottoms,5900,1,5900
O01242,2025-08-14,C017,female,40s,P14,Sneakers,Shoes,8900,1,8900
O01243,2025-08-15,C068,female,20s,P12,Shirt Dress,Dresses,8900,2,17800
O01244,2025-08-17,C009,female,50+,P14,Sneakers,Shoes,8900,1,8900
O01245,2025-08-17,C016,female,40s,P01,T-shirt,Tops,2900,1,2900
O01245,2025-08-17,C016,female,40s,P05,Skinny Denim,Bottoms,7900,1,7900
O01245,2025-08-17,C016,female,40s,P14,Sneakers,Shoes,8900,1,8900
O01246,2025-08-23,C031,female,20s,P08,Chino Pants,Bottoms,5900,1,5900
O01247,2025-08-23,C068,female,20s,P07,Pleated Skirt,Bottoms,5900,1,5900
O01247,2025-08-23,C068,female,20s,P17,Tote Bag,Bags,6900,1,6900
O01248,2025-08-24,C017,female,40s,P06,Wide Pants,Bottoms,6900,1,6900
O01249,2025-08-25,C027,female,40s,P06,Wide Pants,Bottoms,6900,1,6900
O01250,2025-08-26,C004,female,30s,P05,Skinny Denim,Bottoms,7900,1,7900
O01250,2025-08-26,C004,female,30s,P21,Socks Set,Accessories,1500,1,1500
O01251,2025-08-26,C009,female,50+,P05,Skinny Denim,Bottoms,7900,1,7900
O01252,2025-08-26,C025,female,20s,P06,Wide Pants,Bottoms,6900,1,6900
O01253,2025-08-28,C016,female,40s,P01,T-shirt,Tops,2900,2,5800
O01253,2025-08-28,C016,female,40s,P14,Sneakers,Shoes,8900,1,8900
O01254,2025-08-28,C020,female,20s,P05,Skinny Denim,Bottoms,7900,1,7900
O01254,2025-08-28,C020,female,20s,P21,Socks Set,Accessories,1500,1,1500
O01255,2025-08-28,C028,female,20s,P04,Hoodie,Tops,5900,1,5900
O01255,2025-08-28,C028,female,20s,P11,Denim Jacket,Outerwear,9800,1,9800
O01256,2025-08-28,C044,female,20s,P01,T-shirt,Tops,2900,1,2900
O01257,2025-08-29,C033,male,40s,P01,T-shirt,Tops,2900,1,2900
O01257,2025-08-29,C033,male,40s,P08,Chino Pants,Bottoms,5900,1,5900
O01257,2025-08-29,C033,male,40s,P12,Shirt Dress,Dresses,8900,1,8900
O01258,2025-08-29,C074,male,20s,P05,Skinny Denim,Bottoms,7900,1,7900
O01259,2025-08-31,C015,female,30s,P07,Pleated Skirt,Bottoms,5900,1,5900
O01260,2025-09-01,C072,female,40s,P08,Chino Pants,Bottoms,5900,1,5900
O01261,2025-09-01,C074,male,20s,P15,Loafers,Shoes,11800,1,11800
O01262,2025-09-02,C020,female,20s,P07,Pleated Skirt,Bottoms,5900,1,5900
O01263,2025-09-02,C064,female,40s,P02,Knit Sweater,Tops,6900,1,6900
O01263,2025-09-02,C064,female,40s,P20,Cap,Accessories,2400,1,2400
O01264,2025-09-03,C020,female,20s,P01,T-shirt,Tops,2900,2,5800
O01264,2025-09-03,C020,female,20s,P13,Knit Dress,Dresses,9900,1,9900
O01264,2025-09-03,C020,female,20s,P20,Cap,Accessories,2400,1,2400
O01265,2025-09-03,C049,female,30s,P06,Wide Pants,Bottoms,6900,1,6900
O01266,2025-09-05,C006,male,40s,P19,Scarf,Accessories,2900,1,2900
O01267,2025-09-05,C042,female,20s,P05,Skinny Denim,Bottoms,7900,1,7900
O01268,2025-09-05,C060,female,30s,P05,Skinny Denim,Bottoms,7900,1,7900
O01269,2025-09-06,C019,female,40s,P01,T-shirt,Tops,2900,1,2900
O01269,2025-09-06,C019,female,40s,P06,Wide Pants,Bottoms,6900,1,6900
O01270,2025-09-07,C052,female,30s,P07,Pleated Skirt,Bottoms,5900,1,5900
O01270,2025-09-07,C052,female,30s,P11,Denim Jacket,Outerwear,9800,1,9800
O01271,2025-09-08,C013,female,20s,P01,T-shirt,Tops,2900,1,2900
O01271,2025-09-08,C013,female,20s,P15,Loafers,Shoes,11800,1,11800
O01272,2025-09-09,C005,female,20s,P09,Trench Coat,Outerwear,24800,1,24800
O01272,2025-09-09,C005,female,20s,P16,Ankle Boots,Shoes,13800,1,13800
O01272,2025-09-09,C005,female,20s,P20,Cap,Accessories,2400,1,2400
O01273,2025-09-09,C034,female,50+,P18,Shoulder Bag,Bags,9800,1,9800
O01274,2025-09-09,C059,male,30s,P02,Knit Sweater,Tops,6900,1,6900
O01274,2025-09-09,C059,male,30s,P21,Socks Set,Accessories,1500,1,1500
O01275,2025-09-10,C035,female,40s,P05,Skinny Denim,Bottoms,7900,1,7900
O01275,2025-09-10,C035,female,40s,P15,Loafers,Shoes,11800,1,11800
O01275,2025-09-10,C035,female,40s,P21,Socks Set,Accessories,1500,1,1500
O01276,2025-09-11,C025,female,20s,P02,Knit Sweater,Tops,6900,1,6900
O01276,2025-09-11,C025,female,20s,P08,Chino Pants,Bottoms,5900,1,5900
O01276,2025-09-11,C025,female,20s,P18,Shoulder Bag,Bags,9800,1,9800
O01277,2025-09-11,C056,female,20s,P08,Chino Pants,Bottoms,5900,1,5900
O01277,2025-09-11,C056,female,20s,P12,Shirt Dress,Dresses,8900,1,8900
O01278,2025-09-12,C016,female,40s,P01,T-shirt,Tops,2900,1,2900
O01278,2025-09-12,C016,female,40s,P18,Shoulder Bag,Bags,9800,1,9800
O01279,2025-09-13,C020,female,20s,P15,Loafers,Shoes,11800,1,11800
O01279,2025-09-13,C020,female,20s,P18,Shoulder Bag,Bags,9800,1,9800
O01280,2025-09-13,C072,female,40s,P11,Denim Jacket,Outerwear,9800,1,9800
O01281,2025-09-14,C080,female,10s,P01,T-shirt,Tops,2900,1,2900
O01281,2025-09-14,C080,female,10s,P07,Pleated Skirt,Bottoms,5900,1,5900
O01282,2025-09-15,C066,female,20s,P07,Pleated Skirt,Bottoms,5900,2,11800
O01282,2025-09-15,C066,female,20s,P13,Knit Dress,Dresses,9900,1,9900
O01283,2025-09-16,C009,female,50+,P19,Scarf,Accessories,2900,1,2900
O01284,2025-09-16,C061,female,20s,P03,Blouse,Tops,4900,1,4900
O01284,2025-09-16,C061,female,20s,P08,Chino Pants,Bottoms,5900,1,5900
O01285,2025-09-17,C005,female,20s,P11,Denim Jacket,Outerwear,9800,1,9800
O01285,2025-09-17,C005,female,20s,P14,Sneakers,Shoes,8900,1,8900
O01286,2025-09-17,C028,female,20s,P04,Hoodie,Tops,5900,2,11800
O01287,2025-09-17,C074,male,20s,P03,Blouse,Tops,4900,1,4900
O01287,2025-09-17,C074,male,20s,P08,Chino Pants,Bottoms,5900,1,5900
O01287,2025-09-17,C074,male,20s,P17,Tote Bag,Bags,6900,1,6900
O01288,2025-09-18,C009,female,50+,P04,Hoodie,Tops,5900,1,5900
O01288,2025-09-18,C009,female,50+,P16,Ankle Boots,Shoes,13800,2,27600
O01289,2025-09-18,C018,female,40s,P05,Skinny Denim,Bottoms,7900,1,7900
O01289,2025-09-18,C018,female,40s,P17,Tote Bag,Bags,6900,1,6900
O01290,2025-09-18,C057,female,40s,P01,T-shirt,Tops,2900,2,5800
O01291,2025-09-19,C030,female,10s,P17,Tote Bag,Bags,6900,1,6900
O01291,2025-09-19,C030,female,10s,P20,Cap,Accessories,2400,1,2400
O01292,2025-09-20,C025,female,20s,P11,Denim Jacket,Outerwear,9800,1,9800
O01292,2025-09-20,C025,female,20s,P14,Sneakers,Shoes,8900,1,8900
O01293,2025-09-20,C067,female,20s,P10,Down Jacket,Outerwear,19800,1,19800
O01293,2025-09-20,C067,female,20s,P14,Sneakers,Shoes,8900,1,8900
O01294,2025-09-21,C021,female,30s,P05,Skinny Denim,Bottoms,7900,1,7900
O01294,2025-09-21,C021,female,30s,P15,Loafers,Shoes,11800,1,11800
O01294,2025-09-21,C021,female,30s,P18,Shoulder Bag,Bags,9800,1,9800
O01295,2025-09-21,C029,female,30s,P20,Cap,Accessories,2400,1,2400
O01296,2025-09-23,C027,female,40s,P01,T-shirt,Tops,2900,2,5800
O01297,2025-09-25,C049,female,30s,P18,Shoulder Bag,Bags,9800,1,9800
O01298,2025-09-25,C076,male,40s,P16,Ankle Boots,Shoes,13800,1,13800
O01298,2025-09-25,C076,male,40s,P20,Cap,Accessories,2400,1,2400
O01299,2025-09-27,C015,female,30s,P02,Knit Sweater,Tops,6900,1,6900
O01300,2025-09-27,C029,female,30s,P01,T-shirt,Tops,2900,1,2900
O01300,2025-09-27,C029,female,30s,P20,Cap,Accessories,2400,1,2400
O01301,2025-09-27,C066,female,20s,P16,Ankle Boots,Shoes,13800,1,13800
O01301,2025-09-27,C066,female,20s,P17,Tote Bag,Bags,6900,1,6900
O01302,2025-09-28,C076,male,40s,P16,Ankle Boots,Shoes,13800,1,13800
O01303,2025-09-29,C005,female,20s,P17,Tote Bag,Bags,6900,1,6900
O01303,2025-09-29,C005,female,20s,P18,Shoulder Bag,Bags,9800,1,9800
O01304,2025-09-29,C078,male,20s,P06,Wide Pants,Bottoms,6900,1,6900
O01304,2025-09-29,C078,male,20s,P20,Cap,Accessories,2400,1,2400
O01305,2025-09-30,C008,male,30s,P05,Skinny Denim,Bottoms,7900,1,7900
O01305,2025-09-30,C008,male,30s,P07,Pleated Skirt,Bottoms,5900,1,5900
O01305,2025-09-30,C008,male,30s,P12,Shirt Dress,Dresses,8900,1,8900
O01306,2025-09-30,C030,female,10s,P05,Skinny Denim,Bottoms,7900,1,7900
O01306,2025-09-30,C030,female,10s,P14,Sneakers,Shoes,8900,1,8900
O01306,2025-09-30,C030,female,10s,P21,Socks Set,Accessories,1500,1,1500
O01307,2025-10-01,C014,female,10s,P04,Hoodie,Tops,5900,1,5900
O01307,2025-10-01,C014,female,10s,P09,Trench Coat,Outerwear,24800,1,24800
O01308,2025-10-01,C019,female,40s,P16,Ankle Boots,Shoes,13800,1,13800
O01308,2025-10-01,C019,female,40s,P19,Scarf,Accessories,2900,1,2900
O01309,2025-10-01,C076,male,40s,P02,Knit Sweater,Tops,6900,1,6900
O01309,2025-10-01,C076,male,40s,P06,Wide Pants,Bottoms,6900,2,13800
O01309,2025-10-01,C076,male,40s,P13,Knit Dress,Dresses,9900,2,19800
O01310,2025-10-02,C007,male,50+,P09,Trench Coat,Outerwear,24800,1,24800
O01310,2025-10-02,C007,male,50+,P15,Loafers,Shoes,11800,1,11800
O01310,2025-10-02,C007,male,50+,P18,Shoulder Bag,Bags,9800,1,9800
O01311,2025-10-02,C012,female,10s,P03,Blouse,Tops,4900,1,4900
O01311,2025-10-02,C012,female,10s,P10,Down Jacket,Outerwear,19800,1,19800
O01311,2025-10-02,C012,female,10s,P16,Ankle Boots,Shoes,13800,1,13800
O01312,2025-10-02,C015,female,30s,P01,T-shirt,Tops,2900,1,2900
O01312,2025-10-02,C015,female,30s,P15,Loafers,Shoes,11800,1,11800
O01312,2025-10-02,C015,female,30s,P19,Scarf,Accessories,2900,1,2900
O01313,2025-10-02,C017,female,40s,P18,Shoulder Bag,Bags,9800,1,9800
O01314,2025-10-02,C031,female,20s,P11,Denim Jacket,Outerwear,9800,1,9800
O01315,2025-10-02,C062,female,20s,P03,Blouse,Tops,4900,1,4900
O01315,2025-10-02,C062,female,20s,P09,Trench Coat,Outerwear,24800,1,24800
O01316,2025-10-03,C025,female,20s,P02,Knit Sweater,Tops,6900,1,6900
O01316,2025-10-03,C025,female,20s,P20,Cap,Accessories,2400,1,2400
O01317,2025-10-03,C030,female,10s,P04,Hoodie,Tops,5900,1,5900
O01317,2025-10-03,C030,female,10s,P07,Pleated Skirt,Bottoms,5900,1,5900
O01317,2025-10-03,C030,female,10s,P14,Sneakers,Shoes,8900,1,8900
O01318,2025-10-03,C031,female,20s,P02,Knit Sweater,Tops,6900,1,6900
O01319,2025-10-03,C031,female,20s,P05,Skinny Denim,Bottoms,7900,1,7900
O01319,2025-10-03,C031,female,20s,P17,Tote Bag,Bags,6900,1,6900
O01320,2025-10-03,C031,female,20s,P01,T-shirt,Tops,2900,1,2900
O01320,2025-10-03,C031,female,20s,P02,Knit Sweater,Tops,6900,1,6900
O01320,2025-10-03,C031,female,20s,P20,Cap,Accessories,2400,1,2400
O01321,2025-10-03,C048,male,20s,P09,Trench Coat,Outerwear,24800,1,24800
O01321,2025-10-03,C048,male,20s,P21,Socks Set,Accessories,1500,1,1500
O01322,2025-10-03,C051,male,40s,P20,Cap,Accessories,2400,1,2400
O01323,2025-10-03,C060,female,30s,P05,Skinny Denim,Bottoms,7900,1,7900
O01323,2025-10-03,C060,female,30s,P09,Trench Coat,Outerwear,24800,1,24800
O01323,2025-10-03,C060,female,30s,P17,Tote Bag,Bags,6900,1,6900
O01324,2025-10-03,C061,female,20s,P10,Down Jacket,Outerwear,19800,1,19800
O01325,2025-10-04,C003,female,40s,P08,Chino Pants,Bottoms,5900,1,5900
O01326,2025-10-04,C003,female,40s,P14,Sneakers,Shoes,8900,1,8900
O01326,2025-10-04,C003,female,40s,P16,Ankle Boots,Shoes,13800,1,13800
O01327,2025-10-04,C009,female,50+,P17,Tote Bag,Bags,6900,1,6900
O01327,2025-10-04,C009,female,50+,P19,Scarf,Accessories,2900,1,2900
O01328,2025-10-04,C013,female,20s,P01,T-shirt,Tops,2900,1,2900
O01328,2025-10-04,C013,female,20s,P14,Sneakers,Shoes,8900,1,8900
O01329,2025-10-04,C027,female,40s,P04,Hoodie,Tops,5900,1,5900
O01329,2025-10-04,C027,female,40s,P10,Down Jacket,Outerwear,19800,2,39600
O01330,2025-10-04,C027,female,40s,P02,Knit Sweater,Tops,6900,1,6900
O01330,2025-10-04,C027,female,40s,P19,Scarf,Accessories,2900,1,2900
O01331,2025-10-05,C054,male,10s,P06,Wide Pants,Bottoms,6900,1,6900
O01331,2025-10-05,C054,male,10s,P16,Ankle Boots,Shoes,13800,2,27600
O01332,2025-10-05,C056,female,20s,P13,Knit Dress,Dresses,9900,1,9900
O01332,2025-10-05,C056,female,20s,P17,Tote Bag,Bags,6900,1,6900
O01333,2025-10-06,C020,female,20s,P02,Knit Sweater,Tops,6900,2,13800
O01334,2025-10-06,C059,male,30s,P19,Scarf,Accessories,2900,1,2900
O01335,2025-10-06,C085,female,40s,P11,Denim Jacket,Outerwear,9800,1,9800
O01335,2025-10-06,C085,female,40s,P16,Ankle Boots,Shoes,13800,1,13800
O01336,2025-10-07,C013,female,20s,P06,Wide Pants,Bottoms,6900,1,6900
O01337,2025-10-07,C014,female,10s,P07,Pleated Skirt,Bottoms,5900,1,5900
O01337,2025-10-07,C014,female,10s,P13,Knit Dress,Dresses,9900,1,9900
O01337,2025-10-07,C014,female,10s,P20,Cap,Accessories,2400,1,2400
O01338,2025-10-07,C019,female,40s,P04,Hoodie,Tops,5900,1,5900
O01338,2025-10-07,C019,female,40s,P14,Sneakers,Shoes,8900,1,8900
O01338,2025-10-07,C019,female,40s,P20,Cap,Accessories,2400,1,2400
O01339,2025-10-07,C021,female,30s,P09,Trench Coat,Outerwear,24800,1,24800
O01339,2025-10-07,C021,female,30s,P12,Shirt Dress,Dresses,8900,1,8900
O01340,2025-10-07,C033,male,40s,P10,Down Jacket,Outerwear,19800,1,19800
O01340,2025-10-07,C033,male,40s,P14,Sneakers,Shoes,8900,1,8900
O01340,2025-10-07,C033,male,40s,P19,Scarf,Accessories,2900,1,2900
O01341,2025-10-08,C047,female,20s,P20,Cap,Accessories,2400,1,2400
O01342,2025-10-08,C079,male,40s,P12,Shirt Dress,Dresses,8900,1,8900
O01343,2025-10-09,C028,female,20s,P06,Wide Pants,Bottoms,6900,1,6900
O01343,2025-10-09,C028,female,20s,P08,Chino Pants,Bottoms,5900,2,11800
O01344,2025-10-09,C050,female,50+,P20,Cap,Accessories,2400,2,4800
O01345,2025-10-10,C018,female,40s,P02,Knit Sweater,Tops,6900,1,6900
O01345,2025-10-10,C018,female,40s,P06,Wide Pants,Bottoms,6900,1,6900
O01346,2025-10-10,C050,female,50+,P05,Skinny Denim,Bottoms,7900,1,7900
O01347,2025-10-10,C082,male,20s,P02,Knit Sweater,Tops,6900,1,6900
O01347,2025-10-10,C082,male,20s,P19,Scarf,Accessories,2900,1,2900
O01348,2025-10-11,C008,male,30s,P18,Shoulder Bag,Bags,9800,1,9800
O01349,2025-10-11,C012,female,10s,P14,Sneakers,Shoes,8900,1,8900
O01349,2025-10-11,C012,female,10s,P20,Cap,Accessories,2400,1,2400
O01350,2025-10-12,C012,female,10s,P02,Knit Sweater,Tops,6900,1,6900
O01351,2025-10-12,C042,female,20s,P04,Hoodie,Tops,5900,1,5900
O01352,2025-10-12,C078,male,20s,P19,Scarf,Accessories,2900,1,2900
O01353,2025-10-13,C012,female,10s,P06,Wide Pants,Bottoms,6900,1,6900
O01353,2025-10-13,C012,female,10s,P10,Down Jacket,Outerwear,19800,1,19800
O01354,2025-10-14,C016,female,40s,P09,Trench Coat,Outerwear,24800,2,49600
O01354,2025-10-14,C016,female,40s,P14,Sneakers,Shoes,8900,1,8900
O01355,2025-10-14,C020,female,20s,P02,Knit Sweater,Tops,6900,1,6900
O01355,2025-10-14,C020,female,20s,P04,Hoodie,Tops,5900,1,5900
O01355,2025-10-14,C020,female,20s,P16,Ankle Boots,Shoes,13800,1,13800
O01356,2025-10-14,C065,male,20s,P08,Chino Pants,Bottoms,5900,1,5900
O01357,2025-10-14,C065,male,20s,P06,Wide Pants,Bottoms,6900,1,6900
O01358,2025-10-15,C036,female,30s,P02,Knit Sweater,Tops,6900,1,6900
O01359,2025-10-15,C039,female,20s,P10,Down Jacket,Outerwear,19800,1,19800
O01359,2025-10-15,C039,female,20s,P17,Tote Bag,Bags,6900,1,6900
O01359,2025-10-15,C039,female,20s,P19,Scarf,Accessories,2900,1,2900
O01360,2025-10-16,C011,female,40s,P07,Pleated Skirt,Bottoms,5900,1,5900
O01360,2025-10-16,C011,female,40s,P11,Denim Jacket,Outerwear,9800,1,9800
O01360,2025-10-16,C011,female,40s,P14,Sneakers,Shoes,8900,1,8900
O01361,2025-10-16,C013,female,20s,P04,Hoodie,Tops,5900,1,5900
O01361,2025-10-16,C013,female,20s,P05,Skinny Denim,Bottoms,7900,1,7900
O01362,2025-10-16,C014,female,10s,P07,Pleated Skirt,Bottoms,5900,1,5900
O01363,2025-10-16,C036,female,30s,P06,Wide Pants,Bottoms,6900,1,6900
O01363,2025-10-16,C036,female,30s,P14,Sneakers,Shoes,8900,1,8900
O01364,2025-10-17,C021,female,30s,P10,Down Jacket,Outerwear,19800,1,19800
O01364,2025-10-17,C021,female,30s,P14,Sneakers,Shoes,8900,1,8900
O01365,2025-10-17,C029,female,30s,P06,Wide Pants,Bottoms,6900,1,6900
O01365,2025-10-17,C029,female,30s,P11,Denim Jacket,Outerwear,9800,1,9800
O01366,2025-10-17,C045,female,20s,P13,Knit Dress,Dresses,9900,1,9900
O01367,2025-10-17,C047,female,20s,P19,Scarf,Accessories,2900,1,2900
O01368,2025-10-17,C067,female,20s,P05,Skinny Denim,Bottoms,7900,1,7900
O01369,2025-10-18,C013,female,20s,P03,Blouse,Tops,4900,1,4900
O01370,2025-10-18,C020,female,20s,P04,Hoodie,Tops,5900,2,11800
O01370,2025-10-18,C020,female,20s,P08,Chino Pants,Bottoms,5900,1,5900
O01371,2025-10-18,C043,female,20s,P09,Trench Coat,Outerwear,24800,1,24800
O01371,2025-10-18,C043,female,20s,P15,Loafers,Shoes,11800,1,11800
O01372,2025-10-19,C002,male,50+,P04,Hoodie,Tops,5900,1,5900
O01372,2025-10-19,C002,male,50+,P10,Down Jacket,Outerwear,19800,2,39600
O01373,2025-10-19,C016,female,40s,P07,Pleated Skirt,Bottoms,5900,1,5900
O01373,2025-10-19,C016,female,40s,P16,Ankle Boots,Shoes,13800,1,13800
O01374,2025-10-19,C018,female,40s,P02,Knit Sweater,Tops,6900,1,6900
O01375,2025-10-19,C053,female,30s,P01,T-shirt,Tops,2900,1,2900
O01375,2025-10-19,C053,female,30s,P02,Knit Sweater,Tops,6900,1,6900
O01376,2025-10-20,C018,female,40s,P21,Socks Set,Accessories,1500,1,1500
O01377,2025-10-20,C019,female,40s,P08,Chino Pants,Bottoms,5900,1,5900
O01378,2025-10-20,C030,female,10s,P09,Trench Coat,Outerwear,24800,1,24800
O01378,2025-10-20,C030,female,10s,P10,Down Jacket,Outerwear,19800,1,19800
O01378,2025-10-20,C030,female,10s,P16,Ankle Boots,Shoes,13800,1,13800
O01379,2025-10-21,C001,male,10s,P13,Knit Dress,Dresses,9900,1,9900
O01379,2025-10-21,C001,male,10s,P16,Ankle Boots,Shoes,13800,1,13800
O01380,2025-10-21,C062,female,20s,P08,Chino Pants,Bottoms,5900,1,5900
O01380,2025-10-21,C062,female,20s,P15,Loafers,Shoes,11800,1,11800
O01380,2025-10-21,C062,female,20s,P20,Cap,Accessories,2400,1,2400
O01381,2025-10-22,C049,female,30s,P09,Trench Coat,Outerwear,24800,1,24800
O01382,2025-10-23,C017,female,40s,P14,Sneakers,Shoes,8900,1,8900
O01382,2025-10-23,C017,female,40s,P18,Shoulder Bag,Bags,9800,1,9800
O01383,2025-10-23,C030,female,10s,P09,Trench Coat,Outerwear,24800,1,24800
O01383,2025-10-23,C030,female,10s,P11,Denim Jacket,Outerwear,9800,1,9800
O01384,2025-10-23,C044,female,20s,P04,Hoodie,Tops,5900,1,5900
O01384,2025-10-23,C044,female,20s,P15,Loafers,Shoes,11800,1,11800
O01385,2025-10-24,C012,female,10s,P02,Knit Sweater,Tops,6900,1,6900
O01386,2025-10-24,C027,female,40s,P18,Shoulder Bag,Bags,9800,1,9800
O01386,2025-10-24,C027,female,40s,P21,Socks Set,Accessories,1500,2,3000
O01387,2025-10-25,C009,female,50+,P04,Hoodie,Tops,5900,1,5900
O01387,2025-10-25,C009,female,50+,P07,Pleated Skirt,Bottoms,5900,1,5900
O01387,2025-10-25,C009,female,50+,P17,Tote Bag,Bags,6900,1,6900
O01388,2025-10-25,C011,female,40s,P01,T-shirt,Tops,2900,1,2900
O01388,2025-10-25,C011,female,40s,P07,Pleated Skirt,Bottoms,5900,1,5900
O01389,2025-10-25,C012,female,10s,P16,Ankle Boots,Shoes,13800,1,13800
O01389,2025-10-25,C012,female,10s,P19,Scarf,Accessories,2900,1,2900
O01390,2025-10-26,C030,female,10s,P02,Knit Sweater,Tops,6900,1,6900
O01390,2025-10-26,C030,female,10s,P14,Sneakers,Shoes,8900,1,8900
O01390,2025-10-26,C030,female,10s,P15,Loafers,Shoes,11800,1,11800
O01391,2025-10-26,C041,female,20s,P09,Trench Coat,Outerwear,24800,2,49600
O01392,2025-10-26,C047,female,20s,P10,Down Jacket,Outerwear,19800,1,19800
O01392,2025-10-26,C047,female,20s,P19,Scarf,Accessories,2900,1,2900
O01393,2025-10-26,C053,female,30s,P04,Hoodie,Tops,5900,1,5900
O01393,2025-10-26,C053,female,30s,P09,Trench Coat,Outerwear,24800,1,24800
O01394,2025-10-27,C001,male,10s,P21,Socks Set,Accessories,1500,1,1500
O01395,2025-10-27,C010,female,10s,P11,Denim Jacket,Outerwear,9800,1,9800
O01395,2025-10-27,C010,female,10s,P16,Ankle Boots,Shoes,13800,1,13800
O01396,2025-10-27,C018,female,40s,P06,Wide Pants,Bottoms,6900,1,6900
O01396,2025-10-27,C018,female,40s,P10,Down Jacket,Outerwear,19800,1,19800
O01396,2025-10-27,C018,female,40s,P18,Shoulder Bag,Bags,9800,1,9800
O01397,2025-10-27,C038,female,20s,P02,Knit Sweater,Tops,6900,1,6900
O01397,2025-10-27,C038,female,20s,P04,Hoodie,Tops,5900,2,11800
O01398,2025-10-27,C068,female,20s,P09,Trench Coat,Outerwear,24800,1,24800
O01399,2025-10-28,C002,male,50+,P14,Sneakers,Shoes,8900,2,17800
O01399,2025-10-28,C002,male,50+,P20,Cap,Accessories,2400,2,4800
O01400,2025-10-28,C021,female,30s,P09,Trench Coat,Outerwear,24800,1,24800
O01401,2025-10-29,C016,female,40s,P02,Knit Sweater,Tops,6900,1,6900
O01401,2025-10-29,C016,female,40s,P16,Ankle Boots,Shoes,13800,1,13800
O01401,2025-10-29,C016,female,40s,P20,Cap,Accessories,2400,1,2400
O01402,2025-10-29,C019,female,40s,P04,Hoodie,Tops,5900,1,5900
O01403,2025-10-29,C040,female,40s,P03,Blouse,Tops,4900,1,4900
O01404,2025-10-29,C040,female,40s,P11,Denim Jacket,Outerwear,9800,1,9800
O01404,2025-10-29,C040,female,40s,P14,Sneakers,Shoes,8900,1,8900
O01405,2025-10-30,C017,female,40s,P16,Ankle Boots,Shoes,13800,2,27600
O01406,2025-10-30,C055,female,30s,P17,Tote Bag,Bags,6900,1,6900
O01407,2025-10-30,C081,male,30s,P13,Knit Dress,Dresses,9900,1,9900
O01407,2025-10-30,C081,male,30s,P18,Shoulder Bag,Bags,9800,1,9800
O01408,2025-10-31,C010,female,10s,P04,Hoodie,Tops,5900,1,5900
O01408,2025-10-31,C010,female,10s,P14,Sneakers,Shoes,8900,1,8900
O01409,2025-10-31,C079,male,40s,P09,Trench Coat,Outerwear,24800,1,24800
O01410,2025-11-01,C069,female,40s,P09,Trench Coat,Outerwear,24800,1,24800
O01411,2025-11-02,C005,female,20s,P18,Shoulder Bag,Bags,9800,1,9800
O01412,2025-11-02,C011,female,40s,P20,Cap,Accessories,2400,1,2400
O01413,2025-11-02,C015,female,30s,P05,Skinny Denim,Bottoms,7900,2,15800
O01413,2025-11-02,C015,female,30s,P15,Loafers,Shoes,11800,1,11800
O01414,2025-11-02,C071,female,40s,P04,Hoodie,Tops,5900,1,5900
O01414,2025-11-02,C071,female,40s,P15,Loafers,Shoes,11800,1,11800
O01415,2025-11-03,C012,female,10s,P01,T-shirt,Tops,2900,1,2900
O01415,2025-11-03,C012,female,10s,P04,Hoodie,Tops,5900,1,5900
O01416,2025-11-03,C013,female,20s,P04,Hoodie,Tops,5900,1,5900
O01416,2025-11-03,C013,female,20s,P12,Shirt Dress,Dresses,8900,1,8900
O01416,2025-11-03,C013,female,20s,P21,Socks Set,Accessories,1500,1,1500
O01417,2025-11-03,C019,female,40s,P03,Blouse,Tops,4900,1,4900
O01417,2025-11-03,C019,female,40s,P10,Down Jacket,Outerwear,19800,1,19800
O01417,2025-11-03,C019,female,40s,P13,Knit Dress,Dresses,9900,1,9900
O01418,2025-11-03,C021,female,30s,P07,Pleated Skirt,Bottoms,5900,1,5900
O01418,2025-11-03,C021,female,30s,P21,Socks Set,Accessories,1500,1,1500
O01419,2025-11-03,C027,female,40s,P15,Loafers,Shoes,11800,1,11800
O01420,2025-11-03,C049,female,30s,P05,Skinny Denim,Bottoms,7900,1,7900
O01421,2025-11-03,C055,female,30s,P08,Chino Pants,Bottoms,5900,1,5900
O01421,2025-11-03,C055,female,30s,P18,Shoulder Bag,Bags,9800,1,9800
O01421,2025-11-03,C055,female,30s,P19,Scarf,Accessories,2900,1,2900
O01422,2025-11-03,C074,male,20s,P05,Skinny Denim,Bottoms,7900,1,7900
O01422,2025-11-03,C074,male,20s,P09,Trench Coat,Outerwear,24800,1,24800
O01423,2025-11-03,C094,female,30s,P04,Hoodie,Tops,5900,2,11800
O01423,2025-11-03,C094,female,30s,P05,Skinny Denim,Bottoms,7900,1,7900
O01424,2025-11-04,C031,female,20s,P10,Down Jacket,Outerwear,19800,1,19800
O01424,2025-11-04,C031,female,20s,P19,Scarf,Accessories,2900,1,2900
O01425,2025-11-05,C014,female,10s,P03,Blouse,Tops,4900,1,4900
O01425,2025-11-05,C014,female,10s,P04,Hoodie,Tops,5900,1,5900
O01426,2025-11-05,C040,female,40s,P11,Denim Jacket,Outerwear,9800,1,9800
O01427,2025-11-05,C040,female,40s,P19,Scarf,Accessories,2900,2,5800
O01428,2025-11-05,C045,female,20s,P13,Knit Dress,Dresses,9900,1,9900
O01429,2025-11-05,C060,female,30s,P04,Hoodie,Tops,5900,1,5900
O01429,2025-11-05,C060,female,30s,P06,Wide Pants,Bottoms,6900,1,6900
O01429,2025-11-05,C060,female,30s,P10,Down Jacket,Outerwear,19800,1,19800
O01430,2025-11-06,C015,female,30s,P08,Chino Pants,Bottoms,5900,1,5900
O01431,2025-11-07,C002,male,50+,P09,Trench Coat,Outerwear,24800,1,24800
O01431,2025-11-07,C002,male,50+,P12,Shirt Dress,Dresses,8900,1,8900
O01432,2025-11-07,C031,female,20s,P05,Skinny Denim,Bottoms,7900,1,7900
O01433,2025-11-07,C040,female,40s,P18,Shoulder Bag,Bags,9800,1,9800
O01434,2025-11-07,C055,female,30s,P17,Tote Bag,Bags,6900,2,13800
O01434,2025-11-07,C055,female,30s,P19,Scarf,Accessories,2900,1,2900
O01435,2025-11-08,C015,female,30s,P04,Hoodie,Tops,5900,2,11800
O01435,2025-11-08,C015,female,30s,P17,Tote Bag,Bags,6900,1,6900
O01436,2025-11-08,C026,male,30s,P08,Chino Pants,Bottoms,5900,1,5900
O01437,2025-11-08,C059,male,30s,P09,Trench Coat,Outerwear,24800,2,49600
O01438,2025-11-08,C060,female,30s,P17,Tote Bag,Bags,6900,1,6900
O01439,2025-11-09,C010,female,10s,P14,Sneakers,Shoes,8900,1,8900
O01440,2025-11-09,C018,female,40s,P02,Knit Sweater,Tops,6900,1,6900
O01441,2025-11-09,C031,female,20s,P04,Hoodie,Tops,5900,1,5900
O01441,2025-11-09,C031,female,20s,P15,Loafers,Shoes,11800,1,11800
O01442,2025-11-09,C035,female,40s,P19,Scarf,Accessories,2900,2,5800
O01443,2025-11-09,C039,female,20s,P04,Hoodie,Tops,5900,1,5900
O01443,2025-11-09,C039,female,20s,P05,Skinny Denim,Bottoms,7900,1,7900
O01443,2025-11-09,C039,female,20s,P06,Wide Pants,Bottoms,6900,1,6900
O01444,2025-11-09,C067,female,20s,P19,Scarf,Accessories,2900,1,2900
O01444,2025-11-09,C067,female,20s,P21,Socks Set,Accessories,1500,1,1500
O01445,2025-11-10,C023,female,20s,P02,Knit Sweater,Tops,6900,1,6900
O01445,2025-11-10,C023,female,20s,P10,Down Jacket,Outerwear,19800,1,19800
O01446,2025-11-10,C025,female,20s,P11,Denim Jacket,Outerwear,9800,1,9800
O01446,2025-11-10,C025,female,20s,P19,Scarf,Accessories,2900,1,2900
O01447,2025-11-10,C028,female,20s,P14,Sneakers,Shoes,8900,1,8900
O01447,2025-11-10,C028,female,20s,P17,Tote Bag,Bags,6900,1,6900
O01448,2025-11-10,C045,female,20s,P18,Shoulder Bag,Bags,9800,1,9800
O01449,2025-11-10,C050,female,50+,P14,Sneakers,Shoes,8900,1,8900
O01449,2025-11-10,C050,female,50+,P15,Loafers,Shoes,11800,1,11800
O01450,2025-11-10,C054,male,10s,P05,Skinny Denim,Bottoms,7900,1,7900
O01451,2025-11-11,C093,male,10s,P03,Blouse,Tops,4900,1,4900
O01451,2025-11-11,C093,male,10s,P10,Down Jacket,Outerwear,19800,1,19800
O01452,2025-11-12,C003,female,40s,P08,Chino Pants,Bottoms,5900,1,5900
O01453,2025-11-12,C007,male,50+,P04,Hoodie,Tops,5900,1,5900
O01453,2025-11-12,C007,male,50+,P05,Skinny Denim,Bottoms,7900,1,7900
O01453,2025-11-12,C007,male,50+,P12,Shirt Dress,Dresses,8900,1,8900
O01454,2025-11-12,C007,male,50+,P01,T-shirt,Tops,2900,1,2900
O01455,2025-11-12,C033,male,40s,P11,Denim Jacket,Outerwear,9800,2,19600
O01455,2025-11-12,C033,male,40s,P15,Loafers,Shoes,11800,1,11800
O01456,2025-11-12,C038,female,20s,P01,T-shirt,Tops,2900,1,2900
O01456,2025-11-12,C038,female,20s,P06,Wide Pants,Bottoms,6900,1,6900
O01456,2025-11-12,C038,female,20s,P11,Denim Jacket,Outerwear,9800,1,9800
O01457,2025-11-14,C002,male,50+,P02,Knit Sweater,Tops,6900,1,6900
O01457,2025-11-14,C002,male,50+,P04,Hoodie,Tops,5900,1,5900
O01458,2025-11-15,C024,female,30s,P09,Trench Coat,Outerwear,24800,1,24800
O01458,2025-11-15,C024,female,30s,P20,Cap,Accessories,2400,1,2400
O01459,2025-11-15,C029,female,30s,P02,Knit Sweater,Tops,6900,1,6900
O01459,2025-11-15,C029,female,30s,P09,Trench Coat,Outerwear,24800,2,49600
O01459,2025-11-15,C029,female,30s,P14,Sneakers,Shoes,8900,1,8900
O01460,2025-11-15,C030,female,10s,P12,Shirt Dress,Dresses,8900,1,8900
O01460,2025-11-15,C030,female,10s,P16,Ankle Boots,Shoes,13800,1,13800
O01461,2025-11-15,C039,female,20s,P12,Shirt Dress,Dresses,8900,1,8900
O01461,2025-11-15,C039,female,20s,P14,Sneakers,Shoes,8900,1,8900
O01461,2025-11-15,C039,female,20s,P19,Scarf,Accessories,2900,1,2900
O01462,2025-11-15,C062,female,20s,P06,Wide Pants,Bottoms,6900,1,6900
O01462,2025-11-15,C062,female,20s,P07,Pleated Skirt,Bottoms,5900,1,5900
O01463,2025-11-15,C082,male,20s,P17,Tote Bag,Bags,6900,1,6900
O01464,2025-11-16,C022,male,20s,P03,Blouse,Tops,4900,1,4900
O01464,2025-11-16,C022,male,20s,P04,Hoodie,Tops,5900,1,5900
O01465,2025-11-16,C026,male,30s,P08,Chino Pants,Bottoms,5900,2,11800
O01465,2025-11-16,C026,male,30s,P09,Trench Coat,Outerwear,24800,2,49600
O01465,2025-11-16,C026,male,30s,P16,Ankle Boots,Shoes,13800,1,13800
O01466,2025-11-16,C027,female,40s,P01,T-shirt,Tops,2900,1,2900
O01466,2025-11-16,C027,female,40s,P17,Tote Bag,Bags,6900,1,6900
O01467,2025-11-17,C001,male,10s,P09,Trench Coat,Outerwear,24800,2,49600
O01467,2025-11-17,C001,male,10s,P16,Ankle Boots,Shoes,13800,1,13800
O01468,2025-11-17,C005,female,20s,P05,Skinny Denim,Bottoms,7900,1,7900
O01468,2025-11-17,C005,female,20s,P08,Chino Pants,Bottoms,5900,1,5900
O01469,2025-11-17,C006,male,40s,P09,Trench Coat,Outerwear,24800,1,24800
O01469,2025-11-17,C006,male,40s,P13,Knit Dress,Dresses,9900,1,9900
O01470,2025-11-17,C016,female,40s,P17,Tote Bag,Bags,6900,1,6900
O01470,2025-11-17,C016,female,40s,P18,Shoulder Bag,Bags,9800,1,9800
O01471,2025-11-17,C020,female,20s,P06,Wide Pants,Bottoms,6900,1,6900
O01472,2025-11-17,C050,female,50+,P09,Trench Coat,Outerwear,24800,1,24800
O01472,2025-11-17,C050,female,50+,P14,Sneakers,Shoes,8900,1,8900
O01472,2025-11-17,C050,female,50+,P17,Tote Bag,Bags,6900,1,6900
O01473,2025-11-19,C008,male,30s,P05,Skinny Denim,Bottoms,7900,1,7900
O01473,2025-11-19,C008,male,30s,P07,Pleated Skirt,Bottoms,5900,1,5900
O01474,2025-11-19,C042,female,20s,P12,Shirt Dress,Dresses,8900,1,8900
O01475,2025-11-19,C067,female,20s,P04,Hoodie,Tops,5900,1,5900
O01476,2025-11-20,C005,female,20s,P14,Sneakers,Shoes,8900,1,8900
O01477,2025-11-20,C021,female,30s,P18,Shoulder Bag,Bags,9800,1,9800
O01477,2025-11-20,C021,female,30s,P21,Socks Set,Accessories,1500,1,1500
O01478,2025-11-20,C029,female,30s,P03,Blouse,Tops,4900,1,4900
O01478,2025-11-20,C029,female,30s,P07,Pleated Skirt,Bottoms,5900,1,5900
O01478,2025-11-20,C029,female,30s,P14,Sneakers,Shoes,8900,1,8900
O01479,2025-11-21,C003,female,40s,P15,Loafers,Shoes,11800,2,23600
O01480,2025-11-21,C026,male,30s,P04,Hoodie,Tops,5900,1,5900
O01481,2025-11-21,C043,female,20s,P09,Trench Coat,Outerwear,24800,2,49600
O01482,2025-11-21,C058,male,30s,P04,Hoodie,Tops,5900,1,5900
O01483,2025-11-21,C061,female,20s,P10,Down Jacket,Outerwear,19800,1,19800
O01483,2025-11-21,C061,female,20s,P19,Scarf,Accessories,2900,1,2900
O01484,2025-11-21,C077,female,40s,P11,Denim Jacket,Outerwear,9800,1,9800
O01485,2025-11-22,C017,female,40s,P03,Blouse,Tops,4900,1,4900
O01486,2025-11-22,C028,female,20s,P04,Hoodie,Tops,5900,2,11800
O01486,2025-11-22,C028,female,20s,P13,Knit Dress,Dresses,9900,1,9900
O01487,2025-11-22,C078,male,20s,P14,Sneakers,Shoes,8900,1,8900
O01488,2025-11-23,C027,female,40s,P04,Hoodie,Tops,5900,1,5900
O01489,2025-11-23,C030,female,10s,P09,Trench Coat,Outerwear,24800,2,49600
O01489,2025-11-23,C030,female,10s,P12,Shirt Dress,Dresses,8900,2,17800
O01490,2025-11-23,C036,female,30s,P02,Knit Sweater,Tops,6900,1,6900
O01490,2025-11-23,C036,female,30s,P06,Wide Pants,Bottoms,6900,1,6900
O01490,2025-11-23,C036,female,30s,P09,Trench Coat,Outerwear,24800,1,24800
O01491,2025-11-23,C047,female,20s,P05,Skinny Denim,Bottoms,7900,1,7900
O01491,2025-11-23,C047,female,20s,P15,Loafers,Shoes,11800,1,11800
O01491,2025-11-23,C047,female,20s,P19,Scarf,Accessories,2900,1,2900
O01492,2025-11-24,C045,female,20s,P18,Shoulder Bag,Bags,9800,1,9800
O01493,2025-11-24,C066,female,20s,P02,Knit Sweater,Tops,6900,1,6900
O01493,2025-11-24,C066,female,20s,P03,Blouse,Tops,4900,1,4900
O01493,2025-11-24,C066,female,20s,P19,Scarf,Accessories,2900,1,2900
O01494,2025-11-25,C003,female,40s,P08,Chino Pants,Bottoms,5900,1,5900
O01495,2025-11-25,C022,male,20s,P06,Wide Pants,Bottoms,6900,1,6900
O01496,2025-11-25,C024,female,30s,P01,T-shirt,Tops,2900,1,2900
O01496,2025-11-25,C024,female,30s,P04,Hoodie,Tops,5900,1,5900
O01496,2025-11-25,C024,female,30s,P14,Sneakers,Shoes,8900,1,8900
O01497,2025-11-25,C027,female,40s,P02,Knit Sweater,Tops,6900,1,6900
O01497,2025-11-25,C027,female,40s,P07,Pleated Skirt,Bottoms,5900,1,5900
O01498,2025-11-25,C028,female,20s,P05,Skinny Denim,Bottoms,7900,1,7900
O01498,2025-11-25,C028,female,20s,P12,Shirt Dress,Dresses,8900,1,8900
O01498,2025-11-25,C028,female,20s,P15,Loafers,Shoes,11800,1,11800
O01499,2025-11-25,C067,female,20s,P16,Ankle Boots,Shoes,13800,2,27600
O01500,2025-11-26,C015,female,30s,P02,Knit Sweater,Tops,6900,1,6900
O01500,2025-11-26,C015,female,30s,P11,Denim Jacket,Outerwear,9800,1,9800
O01501,2025-11-26,C016,female,40s,P16,Ankle Boots,Shoes,13800,1,13800
O01501,2025-11-26,C016,female,40s,P17,Tote Bag,Bags,6900,1,6900
O01502,2025-11-26,C023,female,20s,P07,Pleated Skirt,Bottoms,5900,1,5900
O01502,2025-11-26,C023,female,20s,P19,Scarf,Accessories,2900,1,2900
O01503,2025-11-26,C025,female,20s,P15,Loafers,Shoes,11800,1,11800
O01503,2025-11-26,C025,female,20s,P19,Scarf,Accessories,2900,1,2900
O01504,2025-11-26,C035,female,40s,P01,T-shirt,Tops,2900,2,5800
O01504,2025-11-26,C035,female,40s,P09,Trench Coat,Outerwear,24800,2,49600
O01504,2025-11-26,C035,female,40s,P19,Scarf,Accessories,2900,1,2900
O01505,2025-11-26,C058,male,30s,P08,Chino Pants,Bottoms,5900,1,5900
O01505,2025-11-26,C058,male,30s,P16,Ankle Boots,Shoes,13800,1,13800
O01506,2025-11-26,C066,female,20s,P03,Blouse,Tops,4900,1,4900
O01506,2025-11-26,C066,female,20s,P10,Down Jacket,Outerwear,19800,1,19800
O01507,2025-11-26,C080,female,10s,P09,Trench Coat,Outerwear,24800,1,24800
O01507,2025-11-26,C080,female,10s,P20,Cap,Accessories,2400,2,4800
O01508,2025-11-27,C022,male,20s,P10,Down Jacket,Outerwear,19800,1,19800
O01509,2025-11-27,C045,female,20s,P16,Ankle Boots,Shoes,13800,1,13800
O01510,2025-11-27,C095,female,40s,P03,Blouse,Tops,4900,2,9800
O01510,2025-11-27,C095,female,40s,P06,Wide Pants,Bottoms,6900,1,6900
O01510,2025-11-27,C095,female,40s,P21,Socks Set,Accessories,1500,1,1500
O01511,2025-11-28,C018,female,40s,P17,Tote Bag,Bags,6900,1,6900
O01512,2025-11-28,C033,male,40s,P19,Scarf,Accessories,2900,1,2900
O01513,2025-11-28,C077,female,40s,P02,Knit Sweater,Tops,6900,1,6900
O01514,2025-11-29,C013,female,20s,P02,Knit Sweater,Tops,6900,1,6900
O01514,2025-11-29,C013,female,20s,P08,Chino Pants,Bottoms,5900,1,5900
O01514,2025-11-29,C013,female,20s,P17,Tote Bag,Bags,6900,1,6900
O01515,2025-11-29,C019,female,40s,P05,Skinny Denim,Bottoms,7900,1,7900
O01515,2025-11-29,C019,female,40s,P08,Chino Pants,Bottoms,5900,2,11800
O01516,2025-11-29,C026,male,30s,P09,Trench Coat,Outerwear,24800,1,24800
O01516,2025-11-29,C026,male,30s,P14,Sneakers,Shoes,8900,2,17800
O01517,2025-11-29,C031,female,20s,P02,Knit Sweater,Tops,6900,1,6900
O01517,2025-11-29,C031,female,20s,P05,Skinny Denim,Bottoms,7900,1,7900
O01518,2025-11-29,C033,male,40s,P06,Wide Pants,Bottoms,6900,1,6900
O01518,2025-11-29,C033,male,40s,P14,Sneakers,Shoes,8900,1,8900
O01518,2025-11-29,C033,male,40s,P17,Tote Bag,Bags,6900,1,6900
O01519,2025-11-29,C091,male,30s,P06,Wide Pants,Bottoms,6900,1,6900
O01520,2025-11-30,C010,female,10s,P07,Pleated Skirt,Bottoms,5900,1,5900
O01521,2025-11-30,C018,female,40s,P04,Hoodie,Tops,5900,1,5900
O01522,2025-11-30,C027,female,40s,P05,Skinny Denim,Bottoms,7900,1,7900
O01522,2025-11-30,C027,female,40s,P09,Trench Coat,Outerwear,24800,1,24800
O01523,2025-11-30,C030,female,10s,P14,Sneakers,Shoes,8900,1,8900
O01523,2025-11-30,C030,female,10s,P15,Loafers,Shoes,11800,1,11800
O01524,2025-11-30,C045,female,20s,P03,Blouse,Tops,4900,1,4900
O01525,2025-11-30,C053,female,30s,P02,Knit Sweater,Tops,6900,1,6900
O01525,2025-11-30,C053,female,30s,P04,Hoodie,Tops,5900,1,5900
O01525,2025-11-30,C053,female,30s,P17,Tote Bag,Bags,6900,1,6900
O01526,2025-11-30,C056,female,20s,P09,Trench Coat,Outerwear,24800,1,24800
O01526,2025-11-30,C056,female,20s,P19,Scarf,Accessories,2900,1,2900
O01527,2025-11-30,C081,male,30s,P02,Knit Sweater,Tops,6900,2,13800
O01527,2025-11-30,C081,male,30s,P10,Down Jacket,Outerwear,19800,1,19800
O01527,2025-11-30,C081,male,30s,P18,Shoulder Bag,Bags,9800,1,9800
O01528,2025-12-01,C009,female,50+,P04,Hoodie,Tops,5900,1,5900
O01528,2025-12-01,C009,female,50+,P16,Ankle Boots,Shoes,13800,1,13800
O01529,2025-12-01,C010,female,10s,P01,T-shirt,Tops,2900,1,2900
O01529,2025-12-01,C010,female,10s,P03,Blouse,Tops,4900,1,4900
O01529,2025-12-01,C010,female,10s,P08,Chino Pants,Bottoms,5900,1,5900
O01530,2025-12-01,C065,male,20s,P10,Down Jacket,Outerwear,19800,1,19800
O01531,2025-12-01,C089,male,50+,P02,Knit Sweater,Tops,6900,1,6900
O01532,2025-12-02,C009,female,50+,P15,Loafers,Shoes,11800,1,11800
O01532,2025-12-02,C009,female,50+,P17,Tote Bag,Bags,6900,1,6900
O01532,2025-12-02,C009,female,50+,P20,Cap,Accessories,2400,1,2400
O01533,2025-12-02,C061,female,20s,P01,T-shirt,Tops,2900,1,2900
O01534,2025-12-03,C016,female,40s,P03,Blouse,Tops,4900,1,4900
O01535,2025-12-03,C075,female,20s,P11,Denim Jacket,Outerwear,9800,1,9800
O01535,2025-12-03,C075,female,20s,P14,Sneakers,Shoes,8900,1,8900
O01536,2025-12-04,C011,female,40s,P14,Sneakers,Shoes,8900,1,8900
O01537,2025-12-04,C035,female,40s,P04,Hoodie,Tops,5900,1,5900
O01537,2025-12-04,C035,female,40s,P20,Cap,Accessories,2400,1,2400
O01538,2025-12-05,C035,female,40s,P04,Hoodie,Tops,5900,1,5900
O01538,2025-12-05,C035,female,40s,P09,Trench Coat,Outerwear,24800,1,24800
O01538,2025-12-05,C035,female,40s,P16,Ankle Boots,Shoes,13800,2,27600
O01539,2025-12-06,C015,female,30s,P04,Hoodie,Tops,5900,1,5900
O01540,2025-12-06,C015,female,30s,P01,T-shirt,Tops,2900,1,2900
O01540,2025-12-06,C015,female,30s,P09,Trench Coat,Outerwear,24800,1,24800
O01541,2025-12-06,C025,female,20s,P14,Sneakers,Shoes,8900,1,8900
O01542,2025-12-06,C028,female,20s,P09,Trench Coat,Outerwear,24800,1,24800
O01543,2025-12-07,C007,male,50+,P02,Knit Sweater,Tops,6900,1,6900
O01543,2025-12-07,C007,male,50+,P05,Skinny Denim,Bottoms,7900,1,7900
O01543,2025-12-07,C007,male,50+,P19,Scarf,Accessories,2900,1,2900
O01544,2025-12-08,C048,male,20s,P19,Scarf,Accessories,2900,1,2900
O01545,2025-12-08,C057,female,40s,P02,Knit Sweater,Tops,6900,1,6900
O01545,2025-12-08,C057,female,40s,P10,Down Jacket,Outerwear,19800,1,19800
O01546,2025-12-09,C020,female,20s,P05,Skinny Denim,Bottoms,7900,1,7900
O01547,2025-12-09,C063,female,50+,P07,Pleated Skirt,Bottoms,5900,1,5900
O01547,2025-12-09,C063,female,50+,P09,Trench Coat,Outerwear,24800,1,24800
O01548,2025-12-10,C007,male,50+,P07,Pleated Skirt,Bottoms,5900,1,5900
O01549,2025-12-10,C030,female,10s,P03,Blouse,Tops,4900,1,4900
O01549,2025-12-10,C030,female,10s,P06,Wide Pants,Bottoms,6900,1,6900
O01549,2025-12-10,C030,female,10s,P15,Loafers,Shoes,11800,1,11800
O01550,2025-12-10,C047,female,20s,P09,Trench Coat,Outerwear,24800,1,24800
O01550,2025-12-10,C047,female,20s,P10,Down Jacket,Outerwear,19800,1,19800
O01551,2025-12-10,C092,female,20s,P12,Shirt Dress,Dresses,8900,1,8900
O01552,2025-12-11,C032,male,50+,P03,Blouse,Tops,4900,1,4900
O01552,2025-12-11,C032,male,50+,P19,Scarf,Accessories,2900,1,2900
O01553,2025-12-11,C038,female,20s,P10,Down Jacket,Outerwear,19800,1,19800
O01553,2025-12-11,C038,female,20s,P18,Shoulder Bag,Bags,9800,1,9800
O01554,2025-12-11,C059,male,30s,P04,Hoodie,Tops,5900,1,5900
O01554,2025-12-11,C059,male,30s,P09,Trench Coat,Outerwear,24800,1,24800
O01554,2025-12-11,C059,male,30s,P18,Shoulder Bag,Bags,9800,1,9800
O01555,2025-12-12,C085,female,40s,P02,Knit Sweater,Tops,6900,1,6900
O01555,2025-12-12,C085,female,40s,P10,Down Jacket,Outerwear,19800,1,19800
O01556,2025-12-13,C010,female,10s,P09,Trench Coat,Outerwear,24800,1,24800
O01557,2025-12-13,C018,female,40s,P10,Down Jacket,Outerwear,19800,1,19800
O01557,2025-12-13,C018,female,40s,P21,Socks Set,Accessories,1500,1,1500
O01558,2025-12-13,C074,male,20s,P07,Pleated Skirt,Bottoms,5900,1,5900
O01558,2025-12-13,C074,male,20s,P19,Scarf,Accessories,2900,1,2900
O01559,2025-12-14,C004,female,30s,P18,Shoulder Bag,Bags,9800,1,9800
O01560,2025-12-14,C006,male,40s,P02,Knit Sweater,Tops,6900,1,6900
O01560,2025-12-14,C006,male,40s,P06,Wide Pants,Bottoms,6900,1,6900
O01560,2025-12-14,C006,male,40s,P14,Sneakers,Shoes,8900,2,17800
O01561,2025-12-14,C011,female,40s,P05,Skinny Denim,Bottoms,7900,1,7900
O01562,2025-12-15,C016,female,40s,P06,Wide Pants,Bottoms,6900,1,6900
O01562,2025-12-15,C016,female,40s,P19,Scarf,Accessories,2900,1,2900
O01563,2025-12-15,C042,female,20s,P08,Chino Pants,Bottoms,5900,1,5900
O01564,2025-12-15,C086,male,20s,P01,T-shirt,Tops,2900,1,2900
O01564,2025-12-15,C086,male,20s,P17,Tote Bag,Bags,6900,1,6900
O01565,2025-12-16,C009,female,50+,P09,Trench Coat,Outerwear,24800,1,24800
O01565,2025-12-16,C009,female,50+,P17,Tote Bag,Bags,6900,1,6900
O01565,2025-12-16,C009,female,50+,P18,Shoulder Bag,Bags,9800,1,9800
O01566,2025-12-16,C058,male,30s,P04,Hoodie,Tops,5900,1,5900
O01566,2025-12-16,C058,male,30s,P09,Trench Coat,Outerwear,24800,1,24800
O01566,2025-12-16,C058,male,30s,P15,Loafers,Shoes,11800,1,11800
O01567,2025-12-17,C011,female,40s,P02,Knit Sweater,Tops,6900,1,6900
O01567,2025-12-17,C011,female,40s,P15,Loafers,Shoes,11800,1,11800
O01568,2025-12-17,C019,female,40s,P09,Trench Coat,Outerwear,24800,1,24800
O01569,2025-12-17,C042,female,20s,P06,Wide Pants,Bottoms,6900,1,6900
O01569,2025-12-17,C042,female,20s,P13,Knit Dress,Dresses,9900,1,9900
O01570,2025-12-17,C088,female,30s,P15,Loafers,Shoes,11800,1,11800
O01571,2025-12-18,C016,female,40s,P04,Hoodie,Tops,5900,1,5900
O01571,2025-12-18,C016,female,40s,P19,Scarf,Accessories,2900,1,2900
O01572,2025-12-18,C035,female,40s,P12,Shirt Dress,Dresses,8900,1,8900
O01573,2025-12-18,C057,female,40s,P07,Pleated Skirt,Bottoms,5900,1,5900
O01573,2025-12-18,C057,female,40s,P09,Trench Coat,Outerwear,24800,1,24800
O01573,2025-12-18,C057,female,40s,P11,Denim Jacket,Outerwear,9800,1,9800
O01574,2025-12-18,C090,male,50+,P21,Socks Set,Accessories,1500,2,3000
O01575,2025-12-19,C015,female,30s,P04,Hoodie,Tops,5900,1,5900
O01576,2025-12-19,C045,female,20s,P14,Sneakers,Shoes,8900,1,8900
O01577,2025-12-19,C051,male,40s,P09,Trench Coat,Outerwear,24800,1,24800
O01578,2025-12-19,C052,female,30s,P05,Skinny Denim,Bottoms,7900,1,7900
O01578,2025-12-19,C052,female,30s,P09,Trench Coat,Outerwear,24800,1,24800
O01579,2025-12-20,C040,female,40s,P20,Cap,Accessories,2400,1,2400
O01580,2025-12-20,C070,female,20s,P05,Skinny Denim,Bottoms,7900,1,7900
O01580,2025-12-20,C070,female,20s,P16,Ankle Boots,Shoes,13800,1,13800
O01581,2025-12-21,C001,male,10s,P07,Pleated Skirt,Bottoms,5900,1,5900
O01581,2025-12-21,C001,male,10s,P08,Chino Pants,Bottoms,5900,1,5900
O01582,2025-12-21,C003,female,40s,P14,Sneakers,Shoes,8900,1,8900
O01582,2025-12-21,C003,female,40s,P15,Loafers,Shoes,11800,1,11800
O01583,2025-12-21,C027,female,40s,P02,Knit Sweater,Tops,6900,1,6900
O01583,2025-12-21,C027,female,40s,P17,Tote Bag,Bags,6900,1,6900
O01584,2025-12-21,C028,female,20s,P08,Chino Pants,Bottoms,5900,2,11800
O01584,2025-12-21,C028,female,20s,P16,Ankle Boots,Shoes,13800,1,13800
O01585,2025-12-21,C034,female,50+,P04,Hoodie,Tops,5900,1,5900
O01585,2025-12-21,C034,female,50+,P10,Down Jacket,Outerwear,19800,1,19800
O01585,2025-12-21,C034,female,50+,P12,Shirt Dress,Dresses,8900,1,8900
O01586,2025-12-21,C051,male,40s,P02,Knit Sweater,Tops,6900,1,6900
O01586,2025-12-21,C051,male,40s,P04,Hoodie,Tops,5900,1,5900
O01587,2025-12-21,C074,male,20s,P04,Hoodie,Tops,5900,1,5900
O01587,2025-12-21,C074,male,20s,P16,Ankle Boots,Shoes,13800,1,13800
O01588,2025-12-22,C007,male,50+,P07,Pleated Skirt,Bottoms,5900,1,5900
O01588,2025-12-22,C007,male,50+,P21,Socks Set,Accessories,1500,1,1500
O01589,2025-12-22,C017,female,40s,P02,Knit Sweater,Tops,6900,1,6900
O01589,2025-12-22,C017,female,40s,P06,Wide Pants,Bottoms,6900,2,13800
O01589,2025-12-22,C017,female,40s,P11,Denim Jacket,Outerwear,9800,1,9800
O01590,2025-12-22,C027,female,40s,P07,Pleated Skirt,Bottoms,5900,1,5900
O01590,2025-12-22,C027,female,40s,P14,Sneakers,Shoes,8900,1,8900
O01590,2025-12-22,C027,female,40s,P16,Ankle Boots,Shoes,13800,2,27600
O01591,2025-12-22,C031,female,20s,P07,Pleated Skirt,Bottoms,5900,1,5900
O01591,2025-12-22,C031,female,20s,P14,Sneakers,Shoes,8900,1,8900
O01592,2025-12-23,C064,female,40s,P01,T-shirt,Tops,2900,1,2900
O01592,2025-12-23,C064,female,40s,P02,Knit Sweater,Tops,6900,2,13800
O01592,2025-12-23,C064,female,40s,P19,Scarf,Accessories,2900,1,2900
O01593,2025-12-23,C066,female,20s,P21,Socks Set,Accessories,1500,1,1500
O01594,2025-12-23,C077,female,40s,P05,Skinny Denim,Bottoms,7900,1,7900
O01594,2025-12-23,C077,female,40s,P10,Down Jacket,Outerwear,19800,1,19800
O01595,2025-12-23,C084,female,40s,P06,Wide Pants,Bottoms,6900,1,6900
O01596,2025-12-23,C084,female,40s,P10,Down Jacket,Outerwear,19800,1,19800
O01597,2025-12-24,C001,male,10s,P08,Chino Pants,Bottoms,5900,2,11800
O01597,2025-12-24,C001,male,10s,P14,Sneakers,Shoes,8900,1,8900
O01598,2025-12-25,C009,female,50+,P02,Knit Sweater,Tops,6900,1,6900
O01598,2025-12-25,C009,female,50+,P05,Skinny Denim,Bottoms,7900,1,7900
O01599,2025-12-25,C010,female,10s,P05,Skinny Denim,Bottoms,7900,2,15800
O01599,2025-12-25,C010,female,10s,P10,Down Jacket,Outerwear,19800,1,19800
O01600,2025-12-25,C017,female,40s,P19,Scarf,Accessories,2900,1,2900
O01601,2025-12-25,C027,female,40s,P01,T-shirt,Tops,2900,1,2900
O01601,2025-12-25,C027,female,40s,P02,Knit Sweater,Tops,6900,1,6900
O01602,2025-12-25,C028,female,20s,P08,Chino Pants,Bottoms,5900,1,5900
O01602,2025-12-25,C028,female,20s,P16,Ankle Boots,Shoes,13800,2,27600
O01603,2025-12-25,C044,female,20s,P02,Knit Sweater,Tops,6900,1,6900
O01603,2025-12-25,C044,female,20s,P14,Sneakers,Shoes,8900,1,8900
O01603,2025-12-25,C044,female,20s,P18,Shoulder Bag,Bags,9800,1,9800
O01604,2025-12-25,C087,female,50+,P04,Hoodie,Tops,5900,1,5900
O01605,2025-12-26,C029,female,30s,P02,Knit Sweater,Tops,6900,2,13800
O01606,2025-12-26,C031,female,20s,P11,Denim Jacket,Outerwear,9800,1,9800
O01607,2025-12-26,C075,female,20s,P01,T-shirt,Tops,2900,1,2900
O01608,2025-12-27,C016,female,40s,P06,Wide Pants,Bottoms,6900,1,6900
O01609,2025-12-27,C048,male,20s,P03,Blouse,Tops,4900,1,4900
O01609,2025-12-27,C048,male,20s,P04,Hoodie,Tops,5900,1,5900
O01610,2025-12-28,C009,female,50+,P08,Chino Pants,Bottoms,5900,1,5900
O01610,2025-12-28,C009,female,50+,P17,Tote Bag,Bags,6900,1,6900
O01610,2025-12-28,C009,female,50+,P19,Scarf,Accessories,2900,1,2900
O01611,2025-12-28,C030,female,10s,P07,Pleated Skirt,Bottoms,5900,1,5900
O01611,2025-12-28,C030,female,10s,P16,Ankle Boots,Shoes,13800,1,13800
O01612,2025-12-28,C032,male,50+,P02,Knit Sweater,Tops,6900,1,6900
O01612,2025-12-28,C032,male,50+,P09,Trench Coat,Outerwear,24800,1,24800
O01613,2025-12-28,C035,female,40s,P06,Wide Pants,Bottoms,6900,1,6900
O01613,2025-12-28,C035,female,40s,P14,Sneakers,Shoes,8900,1,8900
O01614,2025-12-29,C001,male,10s,P02,Knit Sweater,Tops,6900,1,6900
O01614,2025-12-29,C001,male,10s,P08,Chino Pants,Bottoms,5900,2,11800
O01614,2025-12-29,C001,male,10s,P16,Ankle Boots,Shoes,13800,1,13800
O01615,2025-12-29,C014,female,10s,P04,Hoodie,Tops,5900,1,5900
O01616,2025-12-29,C019,female,40s,P10,Down Jacket,Outerwear,19800,2,39600
O01616,2025-12-29,C019,female,40s,P16,Ankle Boots,Shoes,13800,1,13800
O01617,2025-12-29,C031,female,20s,P20,Cap,Accessories,2400,1,2400
O01618,2025-12-30,C034,female,50+,P03,Blouse,Tops,4900,1,4900
O01619,2025-12-30,C042,female,20s,P04,Hoodie,Tops,5900,1,5900
O01619,2025-12-30,C042,female,20s,P15,Loafers,Shoes,11800,1,11800
O01620,2025-12-31,C017,female,40s,P15,Loafers,Shoes,11800,1,11800
O01620,2025-12-31,C017,female,40s,P19,Scarf,Accessories,2900,1,2900
O01621,2025-12-31,C064,female,40s,P06,Wide Pants,Bottoms,6900,2,13800
O01621,2025-12-31,C064,female,40s,P16,Ankle Boots,Shoes,13800,1,13800
O01621,2025-12-31,C064,female,40s,P19,Scarf,Accessories,2900,1,2900
